arm,update,role,length,words,prefix_exact_count,state_correct_count,token_correct_count,token_denominator,E,E_low95,E_high95,A,A_low95,A_high95,M,state_ce
embedding_head,500,dev,1,4096,4096,4096,4096,4096,1.0,0.9990630225926348,0.9999999999999999,1.0,0.9990630225926348,0.9999999999999999,1.0,0.003093122497460854
embedding_head,500,dev,2,4096,4096,4096,8192,8192,1.0,0.9990630225926348,0.9999999999999999,1.0,0.9990630225926348,0.9999999999999999,1.0,0.012517930691231527
embedding_head,500,dev,3,4096,242,242,8434,12288,0.05908203125,0.05226615660466587,0.06672416624577433,0.05908203125,0.05226615660466587,0.06672416624577433,0.6863606770833334,3.9414377910213716
embedding_head,500,dev,4,4096,4,68,8502,16384,0.0009765625,0.000379829567061715,0.0025084428063047127,0.0166015625,0.013117213150496153,0.020991778678890113,0.5189208984375,4.093564562436995
embedding_head,500,dev,5,4096,1,72,8574,20480,0.000244140625,4.309811523941186e-05,0.0013817030336260863,0.017578125,0.013982290939508705,0.022077995855878798,0.41865234375,4.099347936164122
embedding_head,500,dev,6,4096,0,77,8651,24576,0.0,0.0,0.0009369774073651883,0.018798828125,0.01506804743850219,0.023431358064386867,0.3520100911458333,4.097536542976741
embedding_head,500,dev,7,4096,0,76,8727,28672,0.0,0.0,0.0009369774073651883,0.0185546875,0.014850524581988338,0.02316105717940041,0.3043736049107143,4.095391323091462
embedding_head,500,dev,8,4096,0,68,8795,32768,0.0,0.0,0.0009369774073651883,0.0166015625,0.013117213150496153,0.020991778678890113,0.268402099609375,4.09838994796155
embedding_head,500,dev,9,4096,0,66,8861,36864,0.0,0.0,0.0009369774073651883,0.01611328125,0.01268594169611479,0.020447402650270854,0.24037000868055555,4.096993722545449
embedding_head,500,dev,10,4096,0,69,8930,40960,0.0,0.0,0.0009369774073651883,0.016845703125,0.013333172427690648,0.02126364314319593,0.218017578125,4.097483629826456
embedding_head,500,dev,11,4096,0,68,8998,45056,0.0,0.0,0.0009369774073651883,0.0166015625,0.013117213150496153,0.020991778678890113,0.19970703125,4.0961692421115
embedding_head,500,dev,12,4096,0,68,9066,49152,0.0,0.0,0.0009369774073651883,0.0166015625,0.013117213150496153,0.020991778678890113,0.1844482421875,4.097021956462413
embedding_head,500,ood_dev,1,4096,4096,4096,4096,4096,1.0,0.9990630225926348,0.9999999999999999,1.0,0.9990630225926348,0.9999999999999999,1.0,0.0030856556256537715
embedding_head,500,ood_dev,2,4096,4096,4096,8192,8192,1.0,0.9990630225926348,0.9999999999999999,1.0,0.9990630225926348,0.9999999999999999,1.0,0.012679425763323593
embedding_head,500,ood_dev,3,4096,214,214,8406,12288,0.05224609375,0.04584127596794985,0.05948998212048167,0.05224609375,0.04584127596794985,0.05948998212048167,0.68408203125,3.964241476031816
embedding_head,500,ood_dev,4,4096,1,49,8455,16384,0.000244140625,4.309811523941186e-05,0.0013817030336260863,0.011962890625,0.009061008054248611,0.015779332686631765,0.51605224609375,4.098927526560146
embedding_head,500,ood_dev,5,4096,0,67,8522,20480,0.0,0.0,0.0009369774073651883,0.016357421875,0.012901468019013623,0.020719700068872332,0.41611328125,4.097247718775179
embedding_head,500,ood_dev,6,4096,0,65,8587,24576,0.0,0.0,0.0009369774073651883,0.015869140625,0.012470639018872916,0.020174881586012418,0.3494059244791667,4.097002348629758
embedding_head,500,ood_dev,7,4096,0,67,8654,28672,0.0,0.0,0.0009369774073651883,0.016357421875,0.012901468019013623,0.020719700068872332,0.3018275669642857,4.0977748404257
embedding_head,500,ood_dev,8,4096,0,62,8716,32768,0.0,0.0,0.0009369774073651883,0.01513671875,0.011826124044008677,0.01935592533637573,0.2659912109375,4.098042059864383
embedding_head,500,ood_dev,9,4096,0,61,8777,36864,0.0,0.0,0.0009369774073651883,0.014892578125,0.011611768142410793,0.019082457496473304,0.2380913628472222,4.098813324118964
embedding_head,500,ood_dev,10,4096,0,74,8851,40960,0.0,0.0,0.0009369774073651883,0.01806640625,0.014416028944668636,0.02261990533371949,0.2160888671875,4.097159362572711
embedding_head,500,ood_dev,11,4096,0,59,8910,45056,0.0,0.0,0.0009369774073651883,0.014404296875,0.011183814817094736,0.01853476333878874,0.19775390625,4.0986089238431305
embedding_head,500,ood_dev,12,4096,0,63,8973,49152,0.0,0.0,0.0009369774073651883,0.015380859375,0.012040724876904885,0.019629148244979834,0.18255615234375,4.097460657591
embedding_head,500,ood_dev,13,4096,0,71,9044,53248,0.0,0.0,0.0009369774073651883,0.017333984375,0.01376571558724534,0.02180674746664186,0.16984675480769232,4.097805157129187
embedding_head,500,ood_dev,14,4096,0,72,9116,57344,0.0,0.0,0.0009369774073651883,0.017578125,0.013982290939508705,0.022077995855878798,0.15897042410714285,4.096813268377446
embedding_head,500,ood_dev,15,4096,0,68,9184,61440,0.0,0.0,0.0009369774073651883,0.0166015625,0.013117213150496153,0.020991778678890113,0.14947916666666666,4.096903505502269
embedding_head,500,ood_dev,16,4096,0,75,9259,65536,0.0,0.0,0.0009369774073651883,0.018310546875,0.014633183903943853,0.022890574115944584,0.1412811279296875,4.098372795735486
embedding_head,500,ood_dev,17,4096,0,74,9333,69632,0.0,0.0,0.0009369774073651883,0.01806640625,0.014416028944668636,0.02261990533371949,0.134033203125,4.098646040190943
embedding_head,500,ood_dev,18,4096,0,74,9407,73728,0.0,0.0,0.0009369774073651883,0.01806640625,0.014416028944668636,0.02261990533371949,0.1275906032986111,4.096791594056413
embedding_head,500,ood_dev,19,4096,0,67,9474,77824,0.0,0.0,0.0009369774073651883,0.016357421875,0.012901468019013623,0.020719700068872332,0.12173622532894737,4.096731075842399
embedding_head,500,ood_dev,20,4096,0,71,9545,81920,0.0,0.0,0.0009369774073651883,0.017333984375,0.01376571558724534,0.02180674746664186,0.11651611328125,4.096620264695957
embedding_head,500,ood_dev,21,4096,0,69,9614,86016,0.0,0.0,0.0009369774073651883,0.016845703125,0.013333172427690648,0.02126364314319593,0.11176990327380952,4.094702330068685
embedding_head,500,ood_dev,22,4096,0,68,9682,90112,0.0,0.0,0.0009369774073651883,0.0166015625,0.013117213150496153,0.020991778678890113,0.10744406960227272,4.0955218862509355
embedding_head,500,ood_dev,23,4096,0,69,9751,94208,0.0,0.0,0.0009369774073651883,0.016845703125,0.013333172427690648,0.02126364314319593,0.10350501019021739,4.0961072715581395
embedding_head,500,ood_dev,24,4096,0,67,9818,98304,0.0,0.0,0.0009369774073651883,0.016357421875,0.012901468019013623,0.020719700068872332,0.09987386067708333,4.095611083030235
embedding_head,500,ood_dev,25,4096,0,70,9888,102400,0.0,0.0,0.0009369774073651883,0.01708984375,0.0135493413532538,0.021535297959133087,0.0965625,4.097055087040644
embedding_head,500,ood_dev,26,4096,0,66,9954,106496,0.0,0.0,0.0009369774073651883,0.01611328125,0.01268594169611479,0.020447402650270854,0.09346829927884616,4.096975953492802
embedding_head,500,ood_dev,27,4096,0,67,10021,110592,0.0,0.0,0.0009369774073651883,0.016357421875,0.012901468019013623,0.020719700068872332,0.09061234085648148,4.096537180768792
embedding_head,500,ood_dev,28,4096,0,77,10098,114688,0.0,0.0,0.0009369774073651883,0.018798828125,0.01506804743850219,0.023431358064386867,0.08804757254464286,4.097108620393556
embedding_head,500,ood_dev,29,4096,0,63,10161,118784,0.0,0.0,0.0009369774073651883,0.015380859375,0.012040724876904885,0.019629148244979834,0.08554182381465517,4.099876311956905
embedding_head,500,ood_dev,30,4096,0,66,10227,122880,0.0,0.0,0.0009369774073651883,0.01611328125,0.01268594169611479,0.020447402650270854,0.0832275390625,4.09583657188341
embedding_head,500,ood_dev,31,4096,0,54,10281,126976,0.0,0.0,0.0009369774073651883,0.01318359375,0.010118659410882703,0.017160800037499223,0.08096805695564516,4.096836249809712
embedding_head,500,ood_dev,32,4096,0,91,10372,131072,0.0,0.0,0.0009369774073651883,0.022216796875,0.018130754347330184,0.02719818353656321,0.079132080078125,4.096222646010574
embedding_head,500,ood_dev,33,4096,0,66,10438,135168,0.0,0.0,0.0009369774073651883,0.01611328125,0.01268594169611479,0.020447402650270854,0.07722241950757576,4.098746479605325
embedding_head,500,ood_dev,34,4096,0,77,10515,139264,0.0,0.0,0.0009369774073651883,0.018798828125,0.01506804743850219,0.023431358064386867,0.07550407858455882,4.096270493173506
embedding_head,500,ood_dev,35,4096,0,70,10585,143360,0.0,0.0,0.0009369774073651883,0.01708984375,0.0135493413532538,0.021535297959133087,0.07383510044642858,4.099487732397392
embedding_head,500,ood_dev,36,4096,0,66,10651,147456,0.0,0.0,0.0009369774073651883,0.01611328125,0.01268594169611479,0.020447402650270854,0.0722317165798611,4.097505632787943
embedding_head,1000,dev,1,102400,102400,102400,102400,102400,1.0,0.9999624871609701,1.0,1.0,0.9999624871609701,1.0,1.0,0.002677148524637687
embedding_head,1000,dev,2,102400,102400,102400,204800,204800,1.0,0.9999624871609701,1.0,1.0,0.9999624871609701,1.0,1.0,0.005622093215521886
embedding_head,1000,dev,3,102400,102388,102388,307188,307200,0.9998828125,0.9997951608462756,0.9999329601067661,0.9998828125,0.9997951608462756,0.9999329601067661,0.9999609375,0.00860899155672442
embedding_head,1000,dev,4,102400,102316,102327,409515,409600,0.9991796875,0.9989846165727584,0.9993373071327131,0.999287109375,0.9991038370362532,0.9994329223598194,0.99979248046875,0.012319151556109773
embedding_head,1000,dev,5,102400,102103,102167,511682,512000,0.997099609375,0.9967510616932448,0.9974108618214984,0.997724609375,0.9974135160969273,0.9979983605267673,0.99937890625,0.018668738716052076
embedding_head,1000,dev,6,102400,101627,101831,613513,614400,0.992451171875,0.9919022445137523,0.9929631527531663,0.994443359375,0.9939691458034293,0.9948804769982712,0.9985563151041666,0.028750135243289208
embedding_head,1000,dev,7,102400,100800,101295,714808,716800,0.984375,0.9835970206234906,0.985116638813699,0.989208984375,0.9885575686266752,0.9898236968875591,0.9972209821428571,0.04330160323166126
embedding_head,1000,dev,8,102400,99585,100532,815340,819200,0.972509765625,0.9714904407320017,0.9734936401524423,0.9817578125,0.9809198871056207,0.9825595936878359,0.9952880859375,0.06256863570142542
embedding_head,1000,dev,9,102400,97971,99565,914905,921600,0.956748046875,0.955484870953863,0.9579769549642176,0.972314453125,0.9712916859227203,0.9733017846151764,0.9927354600694445,0.08637051080901387
embedding_head,1000,dev,10,102400,95994,98416,1013321,1024000,0.93744140625,0.9359416859843265,0.9389083071775582,0.96109375,0.9598919700411741,0.9622609360875829,0.9895712890625,0.11564057926129777
embedding_head,1000,dev,11,102400,93731,97106,1110427,1126400,0.915341796875,0.9136211774103089,0.9170312550397539,0.94830078125,0.946927718432803,0.9496402099971087,0.9858194247159091,0.14811704963403854
embedding_head,1000,dev,12,102400,91203,95657,1206084,1228800,0.890654296875,0.8887282133024609,0.8925510713440291,0.934150390625,0.932614956969247,0.9356532518533165,0.981513671875,0.18572340029079698
embedding_head,1000,ood_dev,1,102400,102400,102400,102400,102400,1.0,0.9999624871609701,1.0,1.0,0.9999624871609701,1.0,1.0,0.002676659655451772
embedding_head,1000,ood_dev,2,102400,102400,102400,204800,204800,1.0,0.9999624871609701,1.0,1.0,0.9999624871609701,1.0,1.0,0.005552837144326333
embedding_head,1000,ood_dev,3,102400,102392,102392,307192,307200,0.999921875,0.9998458314166382,0.9999604116057129,0.999921875,0.9998458314166382,0.9999604116057129,0.9999739583333334,0.008520374871161068
embedding_head,1000,ood_dev,4,102400,102324,102330,409522,409600,0.9992578125,0.9990712397794851,0.9994069280646055,0.99931640625,0.9991365021061623,0.9994588488418922,0.9998095703125,0.01229269621338304
embedding_head,1000,ood_dev,5,102400,102114,102176,511698,512000,0.99720703125,0.996864608934393,0.9975121502709513,0.9978125,0.997507070409162,0.9980805808704789,0.99941015625,0.018495169033889595
embedding_head,1000,ood_dev,6,102400,101651,101852,613550,614400,0.992685546875,0.9921448383527705,0.9931892913300049,0.9946484375,0.9941826433316359,0.9950771203339395,0.9986165364583334,0.0277442567181663
embedding_head,1000,ood_dev,7,102400,100890,101387,714937,716800,0.98525390625,0.9844972301588184,0.985974175837834,0.990107421875,0.9894825997577779,0.9906954733505737,0.9974009486607143,0.041989060268191734
embedding_head,1000,ood_dev,8,102400,99673,100591,815528,819200,0.973369140625,0.9723651224575092,0.9743376439517428,0.982333984375,0.9815088451374347,0.983122936178336,0.995517578125,0.06069553719648667
embedding_head,1000,ood_dev,9,102400,98104,99618,915146,921600,0.958046875,0.9568016650634333,0.9592577196591866,0.97283203125,0.971818415432261,0.9738101725239859,0.9929969618055555,0.08482323181581307
embedding_head,1000,ood_dev,10,102400,96150,98455,1013601,1024000,0.93896484375,0.9374820458196825,0.9404147080452706,0.961474609375,0.960278392013018,0.9626362042915062,0.9898447265625,0.11338203409251235
embedding_head,1000,ood_dev,11,102400,93853,97178,1110779,1126400,0.916533203125,0.9148234763271457,0.9182116792368553,0.94900390625,0.9476395703496577,0.9503345553278243,0.986131924715909,0.14615027204619707
embedding_head,1000,ood_dev,12,102400,91427,95773,1206552,1228800,0.892841796875,0.8909325233430261,0.894721597184793,0.935283203125,0.9337599358824278,0.9367738129501098,0.98189453125,0.18331510817224
embedding_head,1000,ood_dev,13,102400,88747,94261,1300813,1331200,0.866669921875,0.8645741207920016,0.8687382132984857,0.920517578125,0.9188450370523183,0.9221585695812468,0.9771732271634616,0.2232590725302691
embedding_head,1000,ood_dev,14,102400,85975,92879,1393692,1433600,0.839599609375,0.8373391833744598,0.8418345566845781,0.907021484375,0.9052275021058775,0.9087849295812722,0.9721623883928572,0.2642414288801038
embedding_head,1000,ood_dev,15,102400,83153,91144,1484836,1536000,0.812041015625,0.8096364588906286,0.8144221612705915,0.890078125,0.8881476541523688,0.8919793299718067,0.9666901041666667,0.3120045283609227
embedding_head,1000,ood_dev,16,102400,80240,89517,1574353,1638400,0.78359375,0.7810609424306789,0.7861052807559337,0.874189453125,0.8721441743315866,0.8762066581009696,0.9609088134765625,0.3589491948490013
embedding_head,1000,ood_dev,17,102400,77188,87885,1662238,1740800,0.7537890625,0.7511409553827207,0.7564181289207811,0.858251953125,0.8561022029515918,0.8603748252027087,0.9548701746323529,0.40810055229225867
embedding_head,1000,ood_dev,18,102400,74170,86087,1748325,1843200,0.72431640625,0.7215710744154414,0.7270449085940799,0.840693359375,0.8384391098048904,0.8429220481948119,0.9485270182291666,0.46114849028598515
embedding_head,1000,ood_dev,19,102400,71331,84801,1833126,1945600,0.696591796875,0.6937686708575199,0.6994001734596185,0.828134765625,0.8258117718384342,0.8304331408782798,0.942190583881579,0.5092541781934438
embedding_head,1000,ood_dev,20,102400,68451,83153,1916279,2048000,0.668466796875,0.665577146581217,0.6713438078331169,0.812041015625,0.8096364588906286,0.8144221612705915,0.93568310546875,0.5625654560452901
embedding_head,1000,ood_dev,21,102400,65681,81701,1997980,2150400,0.641416015625,0.6384733585366427,0.6443480628808964,0.797861328125,0.7953904504320959,0.8003098585697936,0.9291201636904762,0.6155345335664083
embedding_head,1000,ood_dev,22,102400,62884,79991,2077971,2252800,0.6141015625,0.6111156983891985,0.6170788660637072,0.781162109375,0.7786192014085459,0.7836839229635534,0.9223947975852272,0.6720561152157805
embedding_head,1000,ood_dev,23,102400,60211,78530,2156501,2355200,0.587998046875,0.584980158927346,0.5910093327095194,0.76689453125,0.7642948919822554,0.7694741465745669,0.9156339164402174,0.7247167789666088
embedding_head,1000,ood_dev,24,102400,57603,77046,2233547,2457600,0.562529296875,0.5594886057323686,0.5655652967147348,0.75240234375,0.7497493037648305,0.7550364470781857,0.9088326009114583,0.7814048927998443
embedding_head,1000,ood_dev,25,102400,55125,75844,2309391,2560000,0.538330078125,0.5352752653756424,0.5413820151342562,0.7406640625,0.7379707137418723,0.743339355273654,0.902105859375,0.835048356408538
embedding_head,1000,ood_dev,26,102400,52710,74345,2383736,2662400,0.51474609375,0.511684486352218,0.5178065948120997,0.726025390625,0.72328527392164,0.7287485496201698,0.8953335336538462,0.8941936165291509
embedding_head,1000,ood_dev,27,102400,50452,73061,2456797,2764800,0.4926953125,0.48963352704834845,0.49575764599078426,0.713486328125,0.7107091007541294,0.7162475385393464,0.8885984519675926,0.9455426944450153
embedding_head,1000,ood_dev,28,102400,48220,71782,2528579,2867200,0.4708984375,0.46784233417853327,0.4739567241859258,0.70099609375,0.6981844908164627,0.7037926168153164,0.8818983677455358,1.0036582561093719
embedding_head,1000,ood_dev,29,102400,46063,70473,2599052,2969600,0.449833984375,0.446788932146972,0.45288280034236583,0.688212890625,0.6853686835355229,0.6910429769147383,0.8752195581896551,1.0605836685076933
embedding_head,1000,ood_dev,30,102400,44018,69286,2668338,3072000,0.42986328125,0.4268338032674983,0.43289802128738286,0.67662109375,0.6737495004361235,0.6794794359465582,0.868599609375,1.112242616417169
embedding_head,1000,ood_dev,31,102400,42066,68123,2736461,3174400,0.41080078125,0.407790865009821,0.4138173897220482,0.665263671875,0.6623671965163228,0.6681477482146362,0.8620403855846774,1.164854260136173
embedding_head,1000,ood_dev,32,102400,40086,67013,2803474,3276800,0.39146484375,0.38847954578222926,0.39445828464146176,0.654423828125,0.6515053586111985,0.6573307118863878,0.8555523681640625,1.2176595371888572
embedding_head,1000,ood_dev,33,102400,38223,65787,2869261,3379200,0.373271484375,0.37031384540588136,0.37623863123693296,0.642451171875,0.6395103528393009,0.6453813034149387,0.849094756155303,1.2743692457163769
embedding_head,1000,ood_dev,34,102400,36404,64611,2933872,3481600,0.3555078125,0.3525815018601928,0.35844496376414875,0.630966796875,0.6280064140343892,0.6339173538428721,0.8426792279411764,1.3289332767272106
embedding_head,1000,ood_dev,35,102400,34709,63601,2997473,3584000,0.338955078125,0.3360619240991119,0.3418603146553499,0.621103515625,0.6181277667392686,0.6240701786373561,0.8363484933035714,1.3816089800560696
embedding_head,1000,ood_dev,36,102400,33174,62562,3060035,3686400,0.32396484375,0.32110512714483014,0.32683776751212995,0.61095703125,0.6079668365925307,0.6139389012809643,0.8300876193576389,1.4330650579939281
embedding_head,1500,dev,1,4096,4096,4096,4096,4096,1.0,0.9990630225926348,0.9999999999999999,1.0,0.9990630225926348,0.9999999999999999,1.0,0.0021436332975000028
embedding_head,1500,dev,2,4096,4096,4096,8192,8192,1.0,0.9990630225926348,0.9999999999999999,1.0,0.9990630225926348,0.9999999999999999,1.0,0.0016582741012012292
embedding_head,1500,dev,3,4096,4096,4096,12288,12288,1.0,0.9990630225926348,0.9999999999999999,1.0,0.9990630225926348,0.9999999999999999,1.0,0.0014793214691692924
embedding_head,1500,dev,4,4096,4096,4096,16384,16384,1.0,0.9990630225926348,0.9999999999999999,1.0,0.9990630225926348,0.9999999999999999,1.0,0.0020010908061074417
embedding_head,1500,dev,5,4096,4095,4095,20479,20480,0.999755859375,0.9986182969663738,0.9999569018847606,0.999755859375,0.9986182969663738,0.9999569018847606,0.999951171875,0.003406520549287251
embedding_head,1500,dev,6,4096,4091,4091,24570,24576,0.998779296875,0.997145424476127,0.9994784794090062,0.998779296875,0.997145424476127,0.9994784794090062,0.999755859375,0.0064629541461709294
embedding_head,1500,dev,7,4096,4085,4090,28660,28672,0.997314453125,0.9951972177470491,0.9984997436890822,0.99853515625,0.9968075986857966,0.9993284814578364,0.9995814732142857,0.007736933830845061
embedding_head,1500,dev,8,4096,4071,4080,32740,32768,0.993896484375,0.9910051126562461,0.995862316398881,0.99609375,0.9936637657680687,0.9975940769605611,0.9991455078125,0.015585808202324358
embedding_head,1500,dev,9,4096,4058,4071,36811,36864,0.99072265625,0.987292434466316,0.993233285949307,0.993896484375,0.9910051126562461,0.995862316398881,0.9985622829861112,0.023688929831614303
embedding_head,1500,dev,10,4096,4027,4044,40855,40960,0.983154296875,0.978736356856804,0.9866668275723093,0.9873046875,0.9833908284717333,0.9903053595628853,0.9974365234375,0.03565853282457532
embedding_head,1500,dev,11,4096,3989,4033,44888,45056,0.973876953125,0.9685304473439507,0.978335434908151,0.984619140625,0.9803708517550201,0.9879592751230951,0.9962713068181818,0.04977040405698219
embedding_head,1500,dev,12,4096,3942,4000,48888,49152,0.96240234375,0.9561303013811572,0.9678078650204299,0.9765625,0.9714635423988935,0.9807684010097115,0.99462890625,0.06886979497151202
embedding_head,1500,ood_dev,1,4096,4096,4096,4096,4096,1.0,0.9990630225926348,0.9999999999999999,1.0,0.9990630225926348,0.9999999999999999,1.0,0.002179629032255548
embedding_head,1500,ood_dev,2,4096,4096,4096,8192,8192,1.0,0.9990630225926348,0.9999999999999999,1.0,0.9990630225926348,0.9999999999999999,1.0,0.001575505103968311
embedding_head,1500,ood_dev,3,4096,4096,4096,12288,12288,1.0,0.9990630225926348,0.9999999999999999,1.0,0.9990630225926348,0.9999999999999999,1.0,0.0014633004543878059
embedding_head,1500,ood_dev,4,4096,4096,4096,16384,16384,1.0,0.9990630225926348,0.9999999999999999,1.0,0.9990630225926348,0.9999999999999999,1.0,0.0018368626613245453
embedding_head,1500,ood_dev,5,4096,4095,4095,20479,20480,0.999755859375,0.9986182969663738,0.9999569018847606,0.999755859375,0.9986182969663738,0.9999569018847606,0.999951171875,0.003281920895954471
embedding_head,1500,ood_dev,6,4096,4093,4094,24573,24576,0.999267578125,0.9978486714629491,0.9997508799051849,0.99951171875,0.9982212896544476,0.9998660854551866,0.9998779296875,0.004875493753999649
embedding_head,1500,ood_dev,7,4096,4086,4088,28661,28672,0.99755859375,0.9955114747539533,0.9986733104236785,0.998046875,0.9961504506055915,0.9990099820550408,0.9996163504464286,0.008995060158895285
embedding_head,1500,ood_dev,8,4096,4073,4079,32740,32768,0.994384765625,0.991587789433178,0.9962552871049496,0.995849609375,0.9933629968413301,0.9974070221457995,0.9991455078125,0.01534716850234119
embedding_head,1500,ood_dev,9,4096,4052,4065,36805,36864,0.9892578125,0.9856107816089336,0.9919879963576875,0.992431640625,0.9892775496501616,0.9946629369559636,0.9983995225694444,0.02544873019860816
embedding_head,1500,ood_dev,10,4096,4028,4050,40855,40960,0.9833984375,0.9790082213211099,0.9868827868495039,0.98876953125,0.9850536128857085,0.9915695175979121,0.9974365234375,0.035960199686769556
embedding_head,1500,ood_dev,11,4096,4001,4035,44890,45056,0.976806640625,0.9717309295309884,0.9809888376191169,0.985107421875,0.9809175425035267,0.9883882318575893,0.9963156960227273,0.05022803604200732
embedding_head,1500,ood_dev,12,4096,3957,4000,48890,49152,0.966064453125,0.9600682201539498,0.971187302370142,0.9765625,0.9714635423988935,0.9807684010097115,0.9946695963541666,0.06709675479211263
embedding_head,1500,ood_dev,13,4096,3880,3950,52840,53248,0.947265625,0.9399922864751624,0.9537008079534055,0.96435546875,0.9582285450750817,0.9696122112585078,0.9923377403846154,0.09361264599562524
embedding_head,1500,ood_dev,14,4096,3800,3897,56737,57344,0.927734375,0.9193976865076721,0.9352695086008709,0.951416015625,0.9443984033341,0.9575876946999731,0.9894147600446429,0.12548548240453172
embedding_head,1500,ood_dev,15,4096,3739,3877,60614,61440,0.912841796875,0.9038122249393785,0.9210977219376457,0.946533203125,0.9392159931236856,0.9530136300803813,0.9865559895833333,0.15313093520779475
embedding_head,1500,ood_dev,16,4096,3669,3821,64435,65536,0.895751953125,0.886019902303846,0.9047423826681564,0.932861328125,0.9247844761276197,0.9401270175524298,0.9832000732421875,0.18617805332020154
embedding_head,1500,ood_dev,17,4096,3602,3801,68236,69632,0.87939453125,0.8690639784398397,0.889014115851642,0.927978515625,0.9196539294518923,0.9355010893981511,0.9799517463235294,0.2117839414429774
embedding_head,1500,ood_dev,18,4096,3518,3745,71981,73728,0.85888671875,0.8478886002014501,0.8692122998040055,0.914306640625,0.9053415639344976,0.9224953253915283,0.9763047960069444,0.2533796312602927
embedding_head,1500,ood_dev,19,4096,3446,3727,75708,77824,0.84130859375,0.8297996636799222,0.852177926937511,0.909912109375,0.9007557173331231,0.9183003446458973,0.9728104440789473,0.27511213981804516
embedding_head,1500,ood_dev,20,4096,3351,3661,79369,81920,0.818115234375,0.8060055796471756,0.8296287555277283,0.893798828125,0.8839918197239874,0.9028678753160125,0.96885986328125,0.316502420994059
embedding_head,1500,ood_dev,21,4096,3274,3636,83005,86016,0.79931640625,0.7867730457201327,0.8112988613592473,0.8876953125,0.8776603686981093,0.897003732804383,0.9649948846726191,0.3622340305012841
embedding_head,1500,ood_dev,22,4096,3205,3611,86616,90112,0.782470703125,0.7695745952342299,0.7948374736816288,0.881591796875,0.8713379539693884,0.891130553995596,0.9612038352272727,0.3877078334862496
embedding_head,1500,ood_dev,23,4096,3124,3557,90173,94208,0.7626953125,0.7494243802406566,0.7754739656136769,0.868408203125,0.8577096260573646,0.8784163998666031,0.957169242527174,0.4339775171542861
embedding_head,1500,ood_dev,24,4096,3049,3506,93679,98304,0.744384765625,0.7308015013871723,0.7575100638546379,0.85595703125,0.8448701134327965,0.8663769016746554,0.9529520670572916,0.47214080870632813
embedding_head,1500,ood_dev,25,4096,2978,3479,97158,102400,0.72705078125,0.7132003531241211,0.7404757264711672,0.849365234375,0.8380839959122175,0.8599917781747259,0.94880859375,0.5116684675055154
embedding_head,1500,ood_dev,26,4096,2883,3394,100552,106496,0.703857421875,0.6896899292754451,0.7176428948773136,0.82861328125,0.8167659643224631,0.8398447917369541,0.9441856971153846,0.575532885372759
embedding_head,1500,ood_dev,27,4096,2799,3376,103928,110592,0.683349609375,0.6689378914291774,0.6974177384375554,0.82421875,0.8122597665518021,0.8355701621606095,0.9397424768518519,0.6277188890603611
embedding_head,1500,ood_dev,28,4096,2705,3315,107243,114688,0.660400390625,0.6457531988169075,0.6747469993487961,0.809326171875,0.7970082130290749,0.8210644674518178,0.9350847516741071,0.6593216723855946
embedding_head,1500,ood_dev,29,4096,2621,3285,110528,118784,0.639892578125,0.6250671170485063,0.6544558868311714,0.802001953125,0.7895178681650951,0.8139201000707884,0.9304956896551724,0.7154618575847138
embedding_head,1500,ood_dev,30,4096,2553,3237,113765,122880,0.623291015625,0.6083425918334464,0.6380083976242101,0.790283203125,0.7775466826908525,0.802475745953016,0.9258219401041666,0.7782543269494049
embedding_head,1500,ood_dev,31,4096,2461,3173,116938,126976,0.600830078125,0.5857446952125362,0.6157265100270917,0.774658203125,0.7616091504468746,0.7871925587409742,0.9209456905241935,0.8377853670716746
embedding_head,1500,ood_dev,32,4096,2383,3115,120053,131072,0.581787109375,0.5666113820416036,0.5968095713610003,0.760498046875,0.7471879276851954,0.7733200044956354,0.9159317016601562,0.904310519002955
embedding_head,1500,ood_dev,33,4096,2305,3088,123141,135168,0.562744140625,0.5475011784326126,0.577869523132967,0.75390625,0.7404814000940155,0.7668552910663068,0.9110218394886364,0.9300730298704138
embedding_head,1500,ood_dev,34,4096,2232,3036,126177,139264,0.544921875,0.5296365783010027,0.5601229901350543,0.7412109375,0.7275767389654605,0.7543931176368458,0.9060274011948529,1.0051022106322414
embedding_head,1500,ood_dev,35,4096,2163,2990,129167,143360,0.528076171875,0.5127689472525907,0.543330783019945,0.72998046875,0.7161733267469002,0.7433566377463918,0.9009974888392858,1.0670671484316436
embedding_head,1500,ood_dev,36,4096,2082,2908,132075,147456,0.50830078125,0.49299006755364055,0.52359593965737,0.7099609375,0.6958725667105253,0.7236558509797412,0.89569091796875,1.1297483769801744
embedding_head,2000,dev,1,4096,4096,4096,4096,4096,1.0,0.9990630225926348,0.9999999999999999,1.0,0.9990630225926348,0.9999999999999999,1.0,0.0016708683174471162
embedding_head,2000,dev,2,4096,4096,4096,8192,8192,1.0,0.9990630225926348,0.9999999999999999,1.0,0.9990630225926348,0.9999999999999999,1.0,0.0008403444869244936
embedding_head,2000,dev,3,4096,4096,4096,12288,12288,1.0,0.9990630225926348,0.9999999999999999,1.0,0.9990630225926348,0.9999999999999999,1.0,0.0007967014604020051
embedding_head,2000,dev,4,4096,4096,4096,16384,16384,1.0,0.9990630225926348,0.9999999999999999,1.0,0.9990630225926348,0.9999999999999999,1.0,0.0008442432157593771
embedding_head,2000,dev,5,4096,4096,4096,20480,20480,1.0,0.9990630225926348,0.9999999999999999,1.0,0.9990630225926348,0.9999999999999999,1.0,0.0010843892196454874
embedding_head,2000,dev,6,4096,4096,4096,24576,24576,1.0,0.9990630225926348,0.9999999999999999,1.0,0.9990630225926348,0.9999999999999999,1.0,0.0015083502228474543
embedding_head,2000,dev,7,4096,4095,4095,28671,28672,0.999755859375,0.9986182969663738,0.9999569018847606,0.999755859375,0.9986182969663738,0.9999569018847606,0.9999651227678571,0.0022231202628688607
embedding_head,2000,dev,8,4096,4093,4094,32765,32768,0.999267578125,0.9978486714629491,0.9997508799051849,0.99951171875,0.9982212896544476,0.9998660854551866,0.999908447265625,0.0033295859694959518
embedding_head,2000,dev,9,4096,4086,4088,36853,36864,0.99755859375,0.9955114747539533,0.9986733104236785,0.998046875,0.9961504506055915,0.9990099820550408,0.9997016059027778,0.007174265715679695
embedding_head,2000,dev,10,4096,4081,4086,40939,40960,0.996337890625,0.9939662587473084,0.9977794077228217,0.99755859375,0.9955114747539533,0.9986733104236785,0.9994873046875,0.009842668410154687
embedding_head,2000,dev,11,4096,4073,4085,45024,45056,0.994384765625,0.991587789433178,0.9962552871049496,0.997314453125,0.9951972177470491,0.9984997436890822,0.9992897727272727,0.011894479721934914
embedding_head,2000,dev,12,4096,4059,4073,49097,49152,0.990966796875,0.9875743543279273,0.993439189829196,0.994384765625,0.991587789433178,0.9962552871049496,0.9988810221354166,0.018409500005425627
embedding_head,2000,ood_dev,1,4096,4096,4096,4096,4096,1.0,0.9990630225926348,0.9999999999999999,1.0,0.9990630225926348,0.9999999999999999,1.0,0.0016680642690189984
embedding_head,2000,ood_dev,2,4096,4096,4096,8192,8192,1.0,0.9990630225926348,0.9999999999999999,1.0,0.9990630225926348,0.9999999999999999,1.0,0.0008332303253659745
embedding_head,2000,ood_dev,3,4096,4096,4096,12288,12288,1.0,0.9990630225926348,0.9999999999999999,1.0,0.9990630225926348,0.9999999999999999,1.0,0.0007829704286272943
embedding_head,2000,ood_dev,4,4096,4096,4096,16384,16384,1.0,0.9990630225926348,0.9999999999999999,1.0,0.9990630225926348,0.9999999999999999,1.0,0.0008426114578874433
embedding_head,2000,ood_dev,5,4096,4096,4096,20480,20480,1.0,0.9990630225926348,0.9999999999999999,1.0,0.9990630225926348,0.9999999999999999,1.0,0.00102677639687343
embedding_head,2000,ood_dev,6,4096,4096,4096,24576,24576,1.0,0.9990630225926348,0.9999999999999999,1.0,0.9990630225926348,0.9999999999999999,1.0,0.001396890165260345
embedding_head,2000,ood_dev,7,4096,4096,4096,28672,28672,1.0,0.9990630225926348,0.9999999999999999,1.0,0.9990630225926348,0.9999999999999999,1.0,0.001790185152351853
embedding_head,2000,ood_dev,8,4096,4094,4094,32766,32768,0.99951171875,0.9982212896544476,0.9998660854551866,0.99951171875,0.9982212896544476,0.9998660854551866,0.99993896484375,0.00317075354612939
embedding_head,2000,ood_dev,9,4096,4087,4089,36855,36864,0.997802734375,0.9958290482073086,0.9988435607118235,0.998291015625,0.9964763422189936,0.9991719141831389,0.999755859375,0.006692731189104961
embedding_head,2000,ood_dev,10,4096,4082,4088,40943,40960,0.99658203125,0.9942706398960515,0.9979628503155791,0.998046875,0.9961504506055915,0.9990099820550408,0.9995849609375,0.008568172988770328
embedding_head,2000,ood_dev,11,4096,4075,4087,45030,45056,0.994873046875,0.9921745882319427,0.9966441357891856,0.997802734375,0.9958290482073086,0.9988435607118235,0.9994229403409091,0.01021673590770078
embedding_head,2000,ood_dev,12,4096,4062,4074,49104,49152,0.99169921875,0.9884233098915096,0.9940537054901146,0.99462890625,0.9918806406223304,0.9964502596572975,0.9990234375,0.016340554520930084
embedding_head,2000,ood_dev,13,4096,4049,4072,53176,53248,0.988525390625,0.9847756016627256,0.9913597050793945,0.994140625,0.9912959670744264,0.996059285722201,0.9986478365384616,0.020103610203580757
embedding_head,2000,ood_dev,14,4096,4024,4053,57229,57344,0.982421875,0.9779220041441211,0.9860177090604912,0.989501953125,0.9858899643168433,0.9921966373912783,0.9979945591517857,0.03169522495193711
embedding_head,2000,ood_dev,15,4096,3995,4035,61264,61440,0.975341796875,0.9701285156377056,0.9796643090633977,0.985107421875,0.9809175425035267,0.9883882318575893,0.9971354166666667,0.037772603082837364
embedding_head,2000,ood_dev,16,4096,3969,4027,65291,65536,0.968994140625,0.9632307842127183,0.973878623209377,0.983154296875,0.978736356856804,0.9866668275723093,0.9962615966796875,0.052067682726672615
embedding_head,2000,ood_dev,17,4096,3944,4017,69308,69632,0.962890625,0.9566544557025598,0.9682593581820278,0.980712890625,0.9760285730987803,0.9844963739153301,0.9953469669117647,0.06023585150156663
embedding_head,2000,ood_dev,18,4096,3904,3991,73299,73728,0.953125,0.9462164298287505,0.9591844343958247,0.974365234375,0.9690626764666648,0.9787788532684374,0.9941813151041666,0.08378481724646747
embedding_head,2000,ood_dev,19,4096,3858,3967,77266,77824,0.94189453125,0.9343075174163912,0.9486534546991697,0.968505859375,0.9627028673707351,0.9734308925683598,0.9928299753289473,0.09059722302671958
embedding_head,2000,ood_dev,20,4096,3821,3941,81207,81920,0.932861328125,0.9247844761276197,0.9401270175524298,0.962158203125,0.9558683230202784,0.9675820196398083,0.99129638671875,0.11261331899936522
embedding_head,2000,ood_dev,21,4096,3768,3900,85107,86016,0.919921875,0.911211096651605,0.9278457387289282,0.9521484375,0.9451772774654191,0.9582722917931549,0.9894321986607143,0.1376456807567017
embedding_head,2000,ood_dev,22,4096,3706,3855,88962,90112,0.90478515625,0.8954134685370875,0.9133982948704263,0.941162109375,0.9335337022688429,0.9479637986222172,0.9872381036931818,0.16239678491086096
embedding_head,2000,ood_dev,23,4096,3659,3845,92807,94208,0.893310546875,0.8834849554963446,0.9023990920606546,0.938720703125,0.930956550506342,0.945662712969715,0.9851286514945652,0.18255702824269093
embedding_head,2000,ood_dev,24,4096,3610,3842,96649,98304,0.88134765625,0.8710852365562697,0.8908954476672145,0.93798828125,0.9301840545949541,0.9449717376566019,0.9831644694010416,0.19781139536658543
embedding_head,2000,ood_dev,25,4096,3558,3811,100460,102400,0.86865234375,0.8579616760370784,0.8786521736283895,0.930419921875,0.922217824599,0.9378154316660463,0.9810546875,0.21832142823107858
embedding_head,2000,ood_dev,26,4096,3494,3759,104219,106496,0.85302734375,0.841853140376231,0.8635399898332172,0.917724609375,0.9089129525352261,0.9257534691718042,0.9786189152644231,0.2471032195092242
embedding_head,2000,ood_dev,27,4096,3436,3738,107957,110592,0.8388671875,0.8272912957344869,0.8498080574679434,0.91259765625,0.9035574064163541,0.9208647167191697,0.9761736834490741,0.2816777925753584
embedding_head,2000,ood_dev,28,4096,3387,3715,111672,114688,0.826904296875,0.8150132311381779,0.8381827587307371,0.906982421875,0.8977019985342092,0.9155001785468075,0.9737025669642857,0.2993325094113466
embedding_head,2000,ood_dev,29,4096,3341,3698,115370,118784,0.815673828125,0.803505304014572,0.8272507937453287,0.90283203125,0.8933804434366174,0.911528730038894,0.971258755387931,0.3207617566453109
embedding_head,2000,ood_dev,30,4096,3286,3652,119022,122880,0.80224609375,0.7897674404539782,0.8141583515234055,0.8916015625,0.8817114150371916,0.9007578663293054,0.968603515625,0.3528834348547072
embedding_head,2000,ood_dev,31,4096,3229,3626,122648,126976,0.788330078125,0.7755530237135057,0.8005668149983604,0.88525390625,0.875130353941446,0.894655510146043,0.9659148185483871,0.38646825474967983
embedding_head,2000,ood_dev,32,4096,3178,3610,126258,131072,0.77587890625,0.7628533235793794,0.7883875043159708,0.88134765625,0.8710852365562697,0.8908954476672145,0.9632720947265625,0.41153375319519014
embedding_head,2000,ood_dev,33,4096,3114,3580,129838,135168,0.76025390625,0.7469394623351187,0.7730806461042117,0.8740234375,0.863509812795288,0.8838361591831867,0.9605675899621212,0.44179944496080026
embedding_head,2000,ood_dev,34,4096,3047,3518,133356,139264,0.743896484375,0.7303053240053347,0.757030593753475,0.85888671875,0.8478886002014501,0.8692122998040055,0.9575769761029411,0.48750524234102954
embedding_head,2000,ood_dev,35,4096,2986,3496,136852,143360,0.72900390625,0.7151822526290004,0.7423964168982904,0.853515625,0.8423558657102518,0.864012911982197,0.9546037946428572,0.5048885043380462
embedding_head,2000,ood_dev,36,4096,2931,3451,140303,147456,0.715576171875,0.7015632832672241,0.7291850804775497,0.842529296875,0.8310541964535841,0.8533625128713508,0.9514906141493056,0.5428123739638266
embedding_head,2500,dev,1,4096,4096,4096,4096,4096,1.0,0.9990630225926348,0.9999999999999999,1.0,0.9990630225926348,0.9999999999999999,1.0,0.0007660746692899068
embedding_head,2500,dev,2,4096,4096,4096,8192,8192,1.0,0.9990630225926348,0.9999999999999999,1.0,0.9990630225926348,0.9999999999999999,1.0,0.0005254417678850487
embedding_head,2500,dev,3,4096,4096,4096,12288,12288,1.0,0.9990630225926348,0.9999999999999999,1.0,0.9990630225926348,0.9999999999999999,1.0,0.0005544197244198301
embedding_head,2500,dev,4,4096,4096,4096,16384,16384,1.0,0.9990630225926348,0.9999999999999999,1.0,0.9990630225926348,0.9999999999999999,1.0,0.0009161097734189383
embedding_head,2500,dev,5,4096,4096,4096,20480,20480,1.0,0.9990630225926348,0.9999999999999999,1.0,0.9990630225926348,0.9999999999999999,1.0,0.0011847630466359504
embedding_head,2500,dev,6,4096,4096,4096,24576,24576,1.0,0.9990630225926348,0.9999999999999999,1.0,0.9990630225926348,0.9999999999999999,1.0,0.0017837745689703866
embedding_head,2500,dev,7,4096,4092,4092,28668,28672,0.9990234375,0.9974915571936952,0.9996201704329383,0.9990234375,0.9974915571936952,0.9996201704329383,0.9998604910714286,0.0037147275503475186
embedding_head,2500,dev,8,4096,4088,4090,32758,32768,0.998046875,0.9961504506055915,0.9990099820550408,0.99853515625,0.9968075986857966,0.9993284814578364,0.99969482421875,0.006787667712282008
embedding_head,2500,dev,9,4096,4077,4081,36839,36864,0.995361328125,0.9927660832938955,0.9970282882102334,0.996337890625,0.9939662587473084,0.9977794077228217,0.9993218315972222,0.012203364003269712
embedding_head,2500,dev,10,4096,4058,4069,40908,40960,0.99072265625,0.987292434466316,0.993233285949307,0.993408203125,0.9904260923610462,0.9954656892110803,0.99873046875,0.018904848286411813
embedding_head,2500,dev,11,4096,4031,4055,44963,45056,0.984130859375,0.9798251184139876,0.987529360981127,0.989990234375,0.9864495949105299,0.9926126542805922,0.9979359019886364,0.028751091614798163
embedding_head,2500,dev,12,4096,4009,4050,49013,49152,0.978759765625,0.9738749487182478,0.98274740836386,0.98876953125,0.9850536128857085,0.9915695175979121,0.9971720377604166,0.036341519583044324
embedding_head,2500,ood_dev,1,4096,4096,4096,4096,4096,1.0,0.9990630225926348,0.9999999999999999,1.0,0.9990630225926348,0.9999999999999999,1.0,0.000767400226745707
embedding_head,2500,ood_dev,2,4096,4096,4096,8192,8192,1.0,0.9990630225926348,0.9999999999999999,1.0,0.9990630225926348,0.9999999999999999,1.0,0.0005200134807896717
embedding_head,2500,ood_dev,3,4096,4096,4096,12288,12288,1.0,0.9990630225926348,0.9999999999999999,1.0,0.9990630225926348,0.9999999999999999,1.0,0.0005192997333711702
embedding_head,2500,ood_dev,4,4096,4095,4095,16383,16384,0.999755859375,0.9986182969663738,0.9999569018847606,0.999755859375,0.9986182969663738,0.9999569018847606,0.99993896484375,0.0008244446594591892
embedding_head,2500,ood_dev,5,4096,4093,4094,20477,20480,0.999267578125,0.9978486714629491,0.9997508799051849,0.99951171875,0.9982212896544476,0.9998660854551866,0.999853515625,0.001599842386646344
embedding_head,2500,ood_dev,6,4096,4092,4094,24571,24576,0.9990234375,0.9974915571936952,0.9996201704329383,0.99951171875,0.9982212896544476,0.9998660854551866,0.9997965494791666,0.002533796145371525
embedding_head,2500,ood_dev,7,4096,4086,4089,28660,28672,0.99755859375,0.9955114747539533,0.9986733104236785,0.998291015625,0.9964763422189936,0.9991719141831389,0.9995814732142857,0.004268707936839533
embedding_head,2500,ood_dev,8,4096,4082,4091,32751,32768,0.99658203125,0.9942706398960515,0.9979628503155791,0.998779296875,0.997145424476127,0.9994784794090062,0.999481201171875,0.006241913058358861
embedding_head,2500,ood_dev,9,4096,4076,4087,36838,36864,0.9951171875,0.9924697076331114,0.9968368401295172,0.997802734375,0.9958290482073086,0.9988435607118235,0.9992947048611112,0.009776375069172616
embedding_head,2500,ood_dev,10,4096,4054,4070,40908,40960,0.98974609375,0.9861695639225535,0.9924048615270683,0.99365234375,0.99071517109395,0.9956644342196767,0.99873046875,0.020874140864608925
embedding_head,2500,ood_dev,11,4096,4042,4062,44970,45056,0.98681640625,0.9828391999625007,0.9898813405891173,0.99169921875,0.9884233098915096,0.9940537054901146,0.9980912642045454,0.02670614363568191
embedding_head,2500,ood_dev,12,4096,4009,4035,49005,49152,0.978759765625,0.9738749487182478,0.98274740836386,0.985107421875,0.9809175425035267,0.9883882318575893,0.99700927734375,0.041818458107306
embedding_head,2500,ood_dev,13,4096,3971,4017,53022,53248,0.969482421875,0.963759047527144,0.974326007377952,0.980712890625,0.9760285730987803,0.9844963739153301,0.9957557091346154,0.05252088866675386
embedding_head,2500,ood_dev,14,4096,3933,4000,57022,57344,0.960205078125,0.9537747892075905,0.9657729635204937,0.9765625,0.9714635423988935,0.9807684010097115,0.994384765625,0.07521646038204466
embedding_head,2500,ood_dev,15,4096,3904,3990,61012,61440,0.953125,0.9462164298287505,0.9591844343958247,0.97412109375,0.9687965056840521,0.9785572003095498,0.9930338541666667,0.08309863685787633
embedding_head,2500,ood_dev,16,4096,3862,3961,64973,65536,0.94287109375,0.9353397677479732,0.9495724993335891,0.967041015625,0.9611211199926455,0.9720856974974474,0.9914093017578125,0.10661005958009984
embedding_head,2500,ood_dev,17,4096,3809,3939,68912,69632,0.929931640625,0.9217048293210383,0.9373527794610076,0.961669921875,0.9553445608690955,0.9671301343079907,0.9896599264705882,0.12183663909870202
embedding_head,2500,ood_dev,18,4096,3740,3899,72811,73728,0.9130859375,0.9040670637073458,0.9213307069111787,0.951904296875,0.9449176066361316,0.9580441388809422,0.9875623914930556,0.14561874537419417
embedding_head,2500,ood_dev,19,4096,3688,3873,76684,77824,0.900390625,0.8908407331020064,0.9091902029585018,0.945556640625,0.9381814914524192,0.9520968367856465,0.9853515625,0.18017108271000204
embedding_head,2500,ood_dev,20,4096,3611,3818,80502,81920,0.881591796875,0.8713379539693884,0.891130553995596,0.93212890625,0.9240141831674432,0.9394338392881053,0.9826904296875,0.21076417289709504
embedding_head,2500,ood_dev,21,4096,3536,3774,84276,86016,0.86328125,0.8524192551723534,0.8734624721801078,0.92138671875,0.9127442108350373,0.9292395669944976,0.9797712053571429,0.23989310180904688
embedding_head,2500,ood_dev,22,4096,3475,3769,88045,90112,0.848388671875,0.8370792714105819,0.8590452077103603,0.920166015625,0.9114665583356981,0.9280781007863353,0.9770618785511364,0.2694166337517574
embedding_head,2500,ood_dev,23,4096,3404,3708,91753,94208,0.8310546875,0.819270593124671,0.8422184003497494,0.9052734375,0.8959219033341888,0.9138655075563258,0.9739406419836957,0.31246299515353737
embedding_head,2500,ood_dev,24,4096,3342,3662,95415,98304,0.81591796875,0.8037552962359975,0.8274886252654037,0.89404296875,0.8842452751338212,0.903102243647679,0.970611572265625,0.35625173598902826
embedding_head,2500,ood_dev,25,4096,3271,3633,99048,102400,0.798583984375,0.7860246071640873,0.8105838286907918,0.886962890625,0.8769012144234478,0.8962994158545434,0.967265625,0.40340259035623127
embedding_head,2500,ood_dev,26,4096,3202,3588,102636,106496,0.78173828125,0.7688275565901648,0.794121041101193,0.8759765625,0.8655287943450488,0.8857197675654286,0.9637545072115384,0.4385195228432188
embedding_head,2500,ood_dev,27,4096,3142,3565,106201,110592,0.76708984375,0.7538987273722374,0.7797804458291017,0.870361328125,0.8597263579958655,0.8803022578601046,0.9602955005787037,0.47975536729757184
embedding_head,2500,ood_dev,28,4096,3081,3540,109741,114688,0.752197265625,0.7387433535776213,0.7651785713921988,0.8642578125,0.853426556028023,0.8744064662904394,0.9568655831473214,0.5114410629502437
embedding_head,2500,ood_dev,29,4096,3015,3518,113259,118784,0.736083984375,0.7223694383988991,0.7493561196319006,0.85888671875,0.8478886002014501,0.8692122998040055,0.9534870016163793,0.5398669606679363
embedding_head,2500,ood_dev,30,4096,2957,3491,116750,122880,0.721923828125,0.7079994303716108,0.7354323506521709,0.852294921875,0.8410991292063144,0.862830529778633,0.9501139322916666,0.586212854400709
embedding_head,2500,ood_dev,31,4096,2876,3409,120159,126976,0.7021484375,0.6879593292954486,0.715958728666808,0.832275390625,0.8205232310717371,0.8434048811101847,0.9463126890120968,0.6591287210450831
embedding_head,2500,ood_dev,32,4096,2799,3394,123553,131072,0.683349609375,0.6689378914291774,0.6974177384375554,0.82861328125,0.8167659643224631,0.8398447917369541,0.9426345825195312,0.6787187624312594
embedding_head,2500,ood_dev,33,4096,2722,3364,126917,135168,0.66455078125,0.6499433097721118,0.6788498919990972,0.8212890625,0.8092571256308778,0.8327189181835302,0.9389574455492424,0.7299376971263971
embedding_head,2500,ood_dev,34,4096,2639,3313,130230,139264,0.644287109375,0.629497363006071,0.6588064682206123,0.808837890625,0.7965086496170335,0.8205883833808585,0.9351303998161765,0.7841422363496182
embedding_head,2500,ood_dev,35,4096,2573,3268,133498,143360,0.628173828125,0.6132596247615937,0.6428478395260689,0.7978515625,0.7852762321354745,0.8098687324949037,0.9312081473214285,0.8205871922341927
embedding_head,2500,ood_dev,36,4096,2503,3251,136749,147456,0.611083984375,0.5960569922791523,0.6259028101034887,0.793701171875,0.7810366279687184,0.8058153330561544,0.9273885091145834,0.8583441898883786
embedding_head,3000,dev,1,4096,4096,4096,4096,4096,1.0,0.9990630225926348,0.9999999999999999,1.0,0.9990630225926348,0.9999999999999999,1.0,0.0005270626301765446
embedding_head,3000,dev,2,4096,4096,4096,8192,8192,1.0,0.9990630225926348,0.9999999999999999,1.0,0.9990630225926348,0.9999999999999999,1.0,0.00027537219643658517
embedding_head,3000,dev,3,4096,4096,4096,12288,12288,1.0,0.9990630225926348,0.9999999999999999,1.0,0.9990630225926348,0.9999999999999999,1.0,0.00031272447005292747
embedding_head,3000,dev,4,4096,4096,4096,16384,16384,1.0,0.9990630225926348,0.9999999999999999,1.0,0.9990630225926348,0.9999999999999999,1.0,0.00041285584786177054
embedding_head,3000,dev,5,4096,4096,4096,20480,20480,1.0,0.9990630225926348,0.9999999999999999,1.0,0.9990630225926348,0.9999999999999999,1.0,0.000607403031053444
embedding_head,3000,dev,6,4096,4095,4095,24575,24576,0.999755859375,0.9986182969663738,0.9999569018847606,0.999755859375,0.9986182969663738,0.9999569018847606,0.9999593098958334,0.0014023418715849445
embedding_head,3000,dev,7,4096,4094,4095,28670,28672,0.99951171875,0.9982212896544476,0.9998660854551866,0.999755859375,0.9986182969663738,0.9999569018847606,0.9999302455357143,0.0014342057163263533
embedding_head,3000,dev,8,4096,4090,4091,32761,32768,0.99853515625,0.9968075986857966,0.9993284814578364,0.998779296875,0.997145424476127,0.9994784794090062,0.999786376953125,0.0040682061773216205
embedding_head,3000,dev,9,4096,4086,4088,36849,36864,0.99755859375,0.9955114747539533,0.9986733104236785,0.998046875,0.9961504506055915,0.9990099820550408,0.9995930989583334,0.0075493996920599216
embedding_head,3000,dev,10,4096,4077,4083,40932,40960,0.995361328125,0.9927660832938955,0.9970282882102334,0.996826171875,0.9945771012522003,0.9981442127009305,0.99931640625,0.011143089183066834
embedding_head,3000,dev,11,4096,4060,4071,45003,45056,0.9912109375,0.9878567926156614,0.9936445752829621,0.993896484375,0.9910051126562461,0.995862316398881,0.9988236860795454,0.017860239258268962
embedding_head,3000,dev,12,4096,4041,4063,49066,49152,0.986572265625,0.9825638389733109,0.9896688778368068,0.991943359375,0.9887074354065306,0.9942574037165939,0.9982503255208334,0.021881447238867757
embedding_head,3000,ood_dev,1,4096,4096,4096,4096,4096,1.0,0.9990630225926348,0.9999999999999999,1.0,0.9990630225926348,0.9999999999999999,1.0,0.0005273168435131481
embedding_head,3000,ood_dev,2,4096,4096,4096,8192,8192,1.0,0.9990630225926348,0.9999999999999999,1.0,0.9990630225926348,0.9999999999999999,1.0,0.00027393518356344515
embedding_head,3000,ood_dev,3,4096,4096,4096,12288,12288,1.0,0.9990630225926348,0.9999999999999999,1.0,0.9990630225926348,0.9999999999999999,1.0,0.00029959242847166223
embedding_head,3000,ood_dev,4,4096,4096,4096,16384,16384,1.0,0.9990630225926348,0.9999999999999999,1.0,0.9990630225926348,0.9999999999999999,1.0,0.00038831745656775496
embedding_head,3000,ood_dev,5,4096,4096,4096,20480,20480,1.0,0.9990630225926348,0.9999999999999999,1.0,0.9990630225926348,0.9999999999999999,1.0,0.0006445200763733894
embedding_head,3000,ood_dev,6,4096,4096,4096,24576,24576,1.0,0.9990630225926348,0.9999999999999999,1.0,0.9990630225926348,0.9999999999999999,1.0,0.001058152847666527
embedding_head,3000,ood_dev,7,4096,4094,4094,28670,28672,0.99951171875,0.9982212896544476,0.9998660854551866,0.99951171875,0.9982212896544476,0.9998660854551866,0.9999302455357143,0.0024364084028540844
embedding_head,3000,ood_dev,8,4096,4091,4092,32762,32768,0.998779296875,0.997145424476127,0.9994784794090062,0.9990234375,0.9974915571936952,0.9996201704329383,0.99981689453125,0.0036715109400127233
embedding_head,3000,ood_dev,9,4096,4086,4088,36850,36864,0.99755859375,0.9955114747539533,0.9986733104236785,0.998046875,0.9961504506055915,0.9990099820550408,0.9996202256944444,0.006120882147161666
embedding_head,3000,ood_dev,10,4096,4081,4085,40935,40960,0.996337890625,0.9939662587473084,0.9977794077228217,0.997314453125,0.9951972177470491,0.9984997436890822,0.9993896484375,0.010385826060456793
embedding_head,3000,ood_dev,11,4096,4066,4072,45007,45056,0.99267578125,0.9895635962243474,0.994864714123278,0.994140625,0.9912959670744264,0.996059285722201,0.9989124644886364,0.01824417581898441
embedding_head,3000,ood_dev,12,4096,4047,4063,49070,49152,0.988037109375,0.9842206673133682,0.9909389919457514,0.991943359375,0.9887074354065306,0.9942574037165939,0.9983317057291666,0.025085147557312837
embedding_head,3000,ood_dev,13,4096,4031,4057,53127,53248,0.984130859375,0.9798251184139876,0.987529360981127,0.990478515625,0.9870110133784079,0.9930268832957149,0.9977276141826923,0.028780602001226896
embedding_head,3000,ood_dev,14,4096,3995,4029,57156,57344,0.975341796875,0.9701285156377056,0.9796643090633977,0.983642578125,0.9792802999311276,0.9870985319809864,0.9967215401785714,0.04557234554584699
embedding_head,3000,ood_dev,15,4096,3962,4018,61174,61440,0.96728515625,0.9613845411819059,0.9723101000496873,0.98095703125,0.9762985198015777,0.984714250954033,0.9956705729166667,0.051799935837267164
embedding_head,3000,ood_dev,16,4096,3932,4005,65179,65536,0.9599609375,0.95351337564485,0.965546553341734,0.977783203125,0.9728018164634368,0.9818692456526698,0.9945526123046875,0.06867400872113638
embedding_head,3000,ood_dev,17,4096,3889,3976,69155,69632,0.949462890625,0.9423233877337558,0.9557601203683148,0.970703125,0.9650812750446061,0.9754428985679915,0.9931497012867647,0.0926472865418626
embedding_head,3000,ood_dev,18,4096,3843,3934,73089,73728,0.938232421875,0.9304415206592828,0.9452020953337735,0.96044921875,0.9540362633072799,0.9659993131623048,0.9913330078125,0.11833664773792041
embedding_head,3000,ood_dev,19,4096,3787,3905,76994,77824,0.924560546875,0.9160688647806251,0.932256621688414,0.953369140625,0.9464763369080933,0.9594123510579824,0.9893349095394737,0.14068492943538313
embedding_head,3000,ood_dev,20,4096,3731,3875,80869,81920,0.910888671875,0.9017742372571839,0.9192331196878377,0.946044921875,0.9386986636872588,0.9525553120338074,0.98717041015625,0.16456762272699965
embedding_head,3000,ood_dev,21,4096,3685,3844,84713,86016,0.899658203125,0.8900791525649845,0.908488312271023,0.9384765625,0.9306990192363365,0.9454324204982203,0.9848516555059523,0.20004960620284518
embedding_head,3000,ood_dev,22,4096,3613,3793,88506,90112,0.882080078125,0.8718434292869487,0.8916007261610365,0.926025390625,0.9176047113945596,0.9336477175234812,0.982177734375,0.22595909398827807
embedding_head,3000,ood_dev,23,4096,3554,3763,92269,94208,0.86767578125,0.8569535466679127,0.877709008031554,0.918701171875,0.9099341270902004,0.9266835895828311,0.9794178838315217,0.2575742823531737
embedding_head,3000,ood_dev,24,4096,3493,3735,96004,98304,0.852783203125,0.8416017930965025,0.8633035133714453,0.911865234375,0.9027930715550466,0.9201655803559762,0.9766031901041666,0.2901625480505752
embedding_head,3000,ood_dev,25,4096,3421,3689,99693,102400,0.835205078125,0.8235304560358756,0.8462515410440499,0.900634765625,0.8910946270548497,0.909424132747159,0.973564453125,0.33502875241542274
embedding_head,3000,ood_dev,26,4096,3367,3674,103367,106496,0.822021484375,0.8100076756789758,0.8334318393599329,0.89697265625,0.8872879701414506,0.9059134335380535,0.9706186147836539,0.35875641486884025
embedding_head,3000,ood_dev,27,4096,3309,3655,107022,110592,0.807861328125,0.795509612570209,0.8196361254616817,0.892333984375,0.882471412102709,0.9014613404882891,0.9677191840277778,0.3839208677098931
embedding_head,3000,ood_dev,28,4096,3254,3640,110662,114688,0.79443359375,0.7817846478047714,0.8065307844446024,0.888671875,0.8786727768447774,0.897942619623716,0.9648960658482143,0.4063819445448651
embedding_head,3000,ood_dev,29,4096,3182,3582,114244,118784,0.77685546875,0.7638487750916183,0.7893433477697331,0.87451171875,0.864014482855838,0.8843071366056374,0.9617793642241379,0.4567960900252661
embedding_head,3000,ood_dev,30,4096,3119,3553,117797,122880,0.761474609375,0.7481818477391287,0.7742773794077034,0.867431640625,0.856701543629456,0.8774731873285104,0.9586344401041667,0.5062672756901438
embedding_head,3000,ood_dev,31,4096,3060,3549,121346,126976,0.7470703125,0.7335308704894538,0.7601467559088598,0.866455078125,0.8556936478716541,0.8765297881203111,0.9556609122983871,0.5138609246642991
embedding_head,3000,ood_dev,32,4096,2980,3478,124824,131072,0.7275390625,0.7136957969964176,0.7409559300818712,0.84912109375,0.8378327999200615,0.8597551504253816,0.95233154296875,0.5646828614213408
embedding_head,3000,ood_dev,33,4096,2916,3457,128281,135168,0.7119140625,0.6978516515689882,0.7255793560532807,0.843994140625,0.8325599467789287,0.8547837049950079,0.9490485913825758,0.5822036840191762
embedding_head,3000,ood_dev,34,4096,2857,3412,131693,139264,0.697509765625,0.6832631597644251,0.7113862471093256,0.8330078125,0.8212749184517544,0.8441166649546684,0.9456356272977942,0.6364241310250218
embedding_head,3000,ood_dev,35,4096,2792,3366,135059,143360,0.681640625,0.6672100207199817,0.6957308429562489,0.82177734375,0.8097574842118065,0.833194207085602,0.9420968191964286,0.6858425226388736
embedding_head,3000,ood_dev,36,4096,2731,3307,138366,147456,0.666748046875,0.6521621095631669,0.6810215058815448,0.807373046875,0.7950101387615238,0.8191599517873664,0.9383544921875,0.7379994495091386
embedding_head,3500,dev,1,4096,4096,4096,4096,4096,1.0,0.9990630225926348,0.9999999999999999,1.0,0.9990630225926348,0.9999999999999999,1.0,0.0002867145943188376
embedding_head,3500,dev,2,4096,4096,4096,8192,8192,1.0,0.9990630225926348,0.9999999999999999,1.0,0.9990630225926348,0.9999999999999999,1.0,0.0001524270301214159
embedding_head,3500,dev,3,4096,4096,4096,12288,12288,1.0,0.9990630225926348,0.9999999999999999,1.0,0.9990630225926348,0.9999999999999999,1.0,0.00017071629164222557
embedding_head,3500,dev,4,4096,4096,4096,16384,16384,1.0,0.9990630225926348,0.9999999999999999,1.0,0.9990630225926348,0.9999999999999999,1.0,0.00024578229619143244
embedding_head,3500,dev,5,4096,4096,4096,20480,20480,1.0,0.9990630225926348,0.9999999999999999,1.0,0.9990630225926348,0.9999999999999999,1.0,0.0003387615122369958
embedding_head,3500,dev,6,4096,4096,4096,24576,24576,1.0,0.9990630225926348,0.9999999999999999,1.0,0.9990630225926348,0.9999999999999999,1.0,0.0007543629853721256
embedding_head,3500,dev,7,4096,4094,4094,28670,28672,0.99951171875,0.9982212896544476,0.9998660854551866,0.99951171875,0.9982212896544476,0.9998660854551866,0.9999302455357143,0.002352500786665157
embedding_head,3500,dev,8,4096,4090,4091,32761,32768,0.99853515625,0.9968075986857966,0.9993284814578364,0.998779296875,0.997145424476127,0.9994784794090062,0.999786376953125,0.0045667392729336065
embedding_head,3500,dev,9,4096,4083,4084,36845,36864,0.996826171875,0.9945771012522003,0.9981442127009305,0.9970703125,0.9948858699188933,0.9983232677757378,0.9994845920138888,0.008182641140284108
embedding_head,3500,dev,10,4096,4075,4081,40926,40960,0.994873046875,0.9921745882319427,0.9966441357891856,0.996337890625,0.9939662587473084,0.9977794077228217,0.999169921875,0.010854665515973139
embedding_head,3500,dev,11,4096,4063,4068,44994,45056,0.991943359375,0.9887074354065306,0.9942574037165939,0.9931640625,0.9901378308615215,0.9952661269691047,0.9986239346590909,0.021113922048631828
embedding_head,3500,dev,12,4096,4046,4058,49052,49152,0.98779296875,0.983943722660208,0.9907281128574114,0.99072265625,0.987292434466316,0.993233285949307,0.9979654947916666,0.028925802219050833
embedding_head,3500,ood_dev,1,4096,4096,4096,4096,4096,1.0,0.9990630225926348,0.9999999999999999,1.0,0.9990630225926348,0.9999999999999999,1.0,0.0002918887196337039
embedding_head,3500,ood_dev,2,4096,4096,4096,8192,8192,1.0,0.9990630225926348,0.9999999999999999,1.0,0.9990630225926348,0.9999999999999999,1.0,0.00015406712008303458
embedding_head,3500,ood_dev,3,4096,4096,4096,12288,12288,1.0,0.9990630225926348,0.9999999999999999,1.0,0.9990630225926348,0.9999999999999999,1.0,0.00017054057881304985
embedding_head,3500,ood_dev,4,4096,4096,4096,16384,16384,1.0,0.9990630225926348,0.9999999999999999,1.0,0.9990630225926348,0.9999999999999999,1.0,0.0002420264140834405
embedding_head,3500,ood_dev,5,4096,4096,4096,20480,20480,1.0,0.9990630225926348,0.9999999999999999,1.0,0.9990630225926348,0.9999999999999999,1.0,0.00038490425846138265
embedding_head,3500,ood_dev,6,4096,4095,4095,24575,24576,0.999755859375,0.9986182969663738,0.9999569018847606,0.999755859375,0.9986182969663738,0.9999569018847606,0.9999593098958334,0.0010056016701205372
embedding_head,3500,ood_dev,7,4096,4091,4092,28667,28672,0.998779296875,0.997145424476127,0.9994784794090062,0.9990234375,0.9974915571936952,0.9996201704329383,0.9998256138392857,0.002932266331865385
embedding_head,3500,ood_dev,8,4096,4088,4091,32758,32768,0.998046875,0.9961504506055915,0.9990099820550408,0.998779296875,0.997145424476127,0.9994784794090062,0.99969482421875,0.003944263575322626
embedding_head,3500,ood_dev,9,4096,4081,4087,36845,36864,0.996337890625,0.9939662587473084,0.9977794077228217,0.997802734375,0.9958290482073086,0.9988435607118235,0.9994845920138888,0.006478779477512742
embedding_head,3500,ood_dev,10,4096,4073,4081,40926,40960,0.994384765625,0.991587789433178,0.9962552871049496,0.996337890625,0.9939662587473084,0.9977794077228217,0.999169921875,0.01194122166883993
embedding_head,3500,ood_dev,11,4096,4054,4068,44994,45056,0.98974609375,0.9861695639225535,0.9924048615270683,0.9931640625,0.9901378308615215,0.9952661269691047,0.9986239346590909,0.02070594548328719
embedding_head,3500,ood_dev,12,4096,4036,4059,49053,49152,0.9853515625,0.9811912611355577,0.9886023369670586,0.990966796875,0.9875743543279273,0.993439189829196,0.99798583984375,0.025322327397725886
embedding_head,3500,ood_dev,13,4096,4008,4044,53097,53248,0.978515625,0.973606447163245,0.9825280861773625,0.9873046875,0.9833908284717333,0.9903053595628853,0.9971642127403846,0.037662104704963895
embedding_head,3500,ood_dev,14,4096,3973,4022,57119,57344,0.969970703125,0.964287665331574,0.9747730370565226,0.98193359375,0.9773800946662805,0.9855839710553314,0.9960763113839286,0.04913592290792712
embedding_head,3500,ood_dev,15,4096,3940,4009,61128,61440,0.9619140625,0.9556064097149912,0.9673561092035952,0.978759765625,0.9738749487182478,0.98274740836386,0.994921875,0.06360884584596471
embedding_head,3500,ood_dev,16,4096,3899,3980,65108,65536,0.951904296875,0.9449176066361316,0.9580441388809422,0.9716796875,0.9661407428071721,0.9763347257714267,0.99346923828125,0.08379918415331922
embedding_head,3500,ood_dev,17,4096,3851,3946,69054,69632,0.940185546875,0.9325024349976097,0.9470437709274493,0.96337890625,0.9571788776441608,0.9687105837234276,0.99169921875,0.11637509199392237
embedding_head,3500,ood_dev,18,4096,3808,3929,72983,73728,0.9296875,0.9214483726818027,0.9371214123587429,0.959228515625,0.9527294929498811,0.9648669648122019,0.9898952907986112,0.1314440656967455
embedding_head,3500,ood_dev,19,4096,3758,3895,76878,77824,0.91748046875,0.9086577138505371,0.925520884114993,0.950927734375,0.9438793823249059,0.9571310682261667,0.9878443667763158,0.15552621253721632
embedding_head,3500,ood_dev,20,4096,3709,3873,80751,81920,0.905517578125,0.8961761478487502,0.9140990867832646,0.945556640625,0.9381814914524192,0.9520968367856465,0.98572998046875,0.1915230670944421
embedding_head,3500,ood_dev,21,4096,3666,3846,84597,86016,0.89501953125,0.8852592531857103,0.9040395605617911,0.93896484375,0.9312141146512992,0.945892972566258,0.9835030691964286,0.2100250750145931
embedding_head,3500,ood_dev,22,4096,3613,3812,88409,90112,0.882080078125,0.8718434292869487,0.8916007261610365,0.9306640625,0.9224743635028184,0.9380467165037284,0.9811012961647727,0.24544364918294503
embedding_head,3500,ood_dev,23,4096,3544,3781,92190,94208,0.865234375,0.8544340380494773,0.8753502792349863,0.923095703125,0.9145339056289837,0.9308646383910534,0.9785793138586957,0.26377025091760187
embedding_head,3500,ood_dev,24,4096,3483,3743,95933,98304,0.850341796875,0.8390888795213388,0.8609381895316061,0.913818359375,0.9048317022533956,0.9220295395896299,0.9758809407552084,0.30864236353712515
embedding_head,3500,ood_dev,25,4096,3416,3707,99640,102400,0.833984375,0.8222772911934153,0.8450655871790087,0.905029296875,0.895667676917727,0.9136319102312873,0.973046875,0.33565049272797776
embedding_head,3500,ood_dev,26,4096,3354,3673,103313,106496,0.81884765625,0.8067558164391705,0.8303419899602343,0.896728515625,0.8870343244109669,0.9056792555270368,0.9701115534855769,0.38046607917585096
embedding_head,3500,ood_dev,27,4096,3275,3618,106931,110592,0.799560546875,0.7870225394008806,0.8115371914199997,0.88330078125,0.8731073554786435,0.8927759186768431,0.9668963396990741,0.4323038616599644
embedding_head,3500,ood_dev,28,4096,3215,3601,110532,114688,0.784912109375,0.7720651467791039,0.7972251595517578,0.879150390625,0.8688113807969721,0.8887788897530092,0.9637625558035714,0.46870800964182635
embedding_head,3500,ood_dev,29,4096,3140,3542,114074,118784,0.7666015625,0.7534014818913896,0.779302043826949,0.86474609375,0.8539302742900043,0.8748783955114587,0.9603481950431034,0.517341534190157
embedding_head,3500,ood_dev,30,4096,3067,3515,117589,122880,0.748779296875,0.7352680906621605,0.7618243019266553,0.858154296875,0.8471338344820533,0.8685035942989013,0.9569417317708333,0.5435223449624527
embedding_head,3500,ood_dev,31,4096,2978,3456,121045,126976,0.72705078125,0.7132003531241211,0.7404757264711672,0.84375,0.8323089646819845,0.8545468633504519,0.9532903855846774,0.594084992718146
embedding_head,3500,ood_dev,32,4096,2915,3426,124471,131072,0.711669921875,0.6976042488336931,0.7253389350470756,0.83642578125,0.8247838437321071,0.84743727205532,0.9496383666992188,0.6436482706043183
embedding_head,3500,ood_dev,33,4096,2849,3392,127863,135168,0.695556640625,0.6812863342058514,0.7094604827358969,0.828125,0.8162651410976517,0.8393699674787648,0.9459561434659091,0.6850037181038067
embedding_head,3500,ood_dev,34,4096,2775,3361,131224,139264,0.677490234375,0.6630146808323167,0.6916331792384085,0.820556640625,0.8085066484482795,0.8320059241416276,0.9422679227941176,0.7497317485991348
embedding_head,3500,ood_dev,35,4096,2699,3317,134541,143360,0.658935546875,0.6442746327038724,0.6732986230128293,0.809814453125,0.7975078064837412,0.8215405214801522,0.9384835379464286,0.7848668029637986
embedding_head,3500,ood_dev,36,4096,2628,3271,137812,147456,0.6416015625,0.6267898312913645,0.6561479387788154,0.798583984375,0.7860246071640873,0.8105838286907918,0.9345974392361112,0.8424868355768131
embedding_head,4000,dev,1,4096,4096,4096,4096,4096,1.0,0.9990630225926348,0.9999999999999999,1.0,0.9990630225926348,0.9999999999999999,1.0,0.00016028454453387297
embedding_head,4000,dev,2,4096,4096,4096,8192,8192,1.0,0.9990630225926348,0.9999999999999999,1.0,0.9990630225926348,0.9999999999999999,1.0,0.00013023803435086023
embedding_head,4000,dev,3,4096,4096,4096,12288,12288,1.0,0.9990630225926348,0.9999999999999999,1.0,0.9990630225926348,0.9999999999999999,1.0,0.00016998084365349442
embedding_head,4000,dev,4,4096,4096,4096,16384,16384,1.0,0.9990630225926348,0.9999999999999999,1.0,0.9990630225926348,0.9999999999999999,1.0,0.00027854870835541945
embedding_head,4000,dev,5,4096,4096,4096,20480,20480,1.0,0.9990630225926348,0.9999999999999999,1.0,0.9990630225926348,0.9999999999999999,1.0,0.00042845379646827553
embedding_head,4000,dev,6,4096,4096,4096,24576,24576,1.0,0.9990630225926348,0.9999999999999999,1.0,0.9990630225926348,0.9999999999999999,1.0,0.000794353619984367
embedding_head,4000,dev,7,4096,4094,4094,28670,28672,0.99951171875,0.9982212896544476,0.9998660854551866,0.99951171875,0.9982212896544476,0.9998660854551866,0.9999302455357143,0.0018658981662862395
embedding_head,4000,dev,8,4096,4089,4090,32760,32768,0.998291015625,0.9964763422189936,0.9991719141831389,0.99853515625,0.9968075986857966,0.9993284814578364,0.999755859375,0.004400691152760761
embedding_head,4000,dev,9,4096,4085,4088,36848,36864,0.997314453125,0.9951972177470491,0.9984997436890822,0.998046875,0.9961504506055915,0.9990099820550408,0.9995659722222222,0.006368269677854865
embedding_head,4000,dev,10,4096,4077,4081,40929,40960,0.995361328125,0.9927660832938955,0.9970282882102334,0.996337890625,0.9939662587473084,0.9977794077228217,0.9992431640625,0.012484115297156873
embedding_head,4000,dev,11,4096,4058,4065,44994,45056,0.99072265625,0.987292434466316,0.993233285949307,0.992431640625,0.9892775496501616,0.9946629369559636,0.9986239346590909,0.020391968094690682
embedding_head,4000,dev,12,4096,4030,4047,49041,49152,0.98388671875,0.9795525973497291,0.9873140583038852,0.988037109375,0.9842206673133682,0.9909389919457514,0.99774169921875,0.0338600908719946
embedding_head,4000,ood_dev,1,4096,4096,4096,4096,4096,1.0,0.9990630225926348,0.9999999999999999,1.0,0.9990630225926348,0.9999999999999999,1.0,0.00016237601588819928
embedding_head,4000,ood_dev,2,4096,4096,4096,8192,8192,1.0,0.9990630225926348,0.9999999999999999,1.0,0.9990630225926348,0.9999999999999999,1.0,0.000122190197667571
embedding_head,4000,ood_dev,3,4096,4096,4096,12288,12288,1.0,0.9990630225926348,0.9999999999999999,1.0,0.9990630225926348,0.9999999999999999,1.0,0.00015684475962496336
embedding_head,4000,ood_dev,4,4096,4096,4096,16384,16384,1.0,0.9990630225926348,0.9999999999999999,1.0,0.9990630225926348,0.9999999999999999,1.0,0.000203964973384263
embedding_head,4000,ood_dev,5,4096,4096,4096,20480,20480,1.0,0.9990630225926348,0.9999999999999999,1.0,0.9990630225926348,0.9999999999999999,1.0,0.0003844636369718657
embedding_head,4000,ood_dev,6,4096,4096,4096,24576,24576,1.0,0.9990630225926348,0.9999999999999999,1.0,0.9990630225926348,0.9999999999999999,1.0,0.000578445002516581
embedding_head,4000,ood_dev,7,4096,4095,4095,28671,28672,0.999755859375,0.9986182969663738,0.9999569018847606,0.999755859375,0.9986182969663738,0.9999569018847606,0.9999651227678571,0.0017731556756270805
embedding_head,4000,ood_dev,8,4096,4088,4089,32760,32768,0.998046875,0.9961504506055915,0.9990099820550408,0.998291015625,0.9964763422189936,0.9991719141831389,0.999755859375,0.004705262278337674
embedding_head,4000,ood_dev,9,4096,4083,4089,36849,36864,0.996826171875,0.9945771012522003,0.9981442127009305,0.998291015625,0.9964763422189936,0.9991719141831389,0.9995930989583334,0.007207696912362671
embedding_head,4000,ood_dev,10,4096,4063,4070,40919,40960,0.991943359375,0.9887074354065306,0.9942574037165939,0.99365234375,0.99071517109395,0.9956644342196767,0.9989990234375,0.015762695946982763
embedding_head,4000,ood_dev,11,4096,4045,4064,44983,45056,0.987548828125,0.9836671128801424,0.9905168988959765,0.9921875,0.9889921727170213,0.9944604901476036,0.9983797940340909,0.022923172461627006
embedding_head,4000,ood_dev,12,4096,4020,4045,49028,49152,0.9814453125,0.9768389428205996,0.9851494754180116,0.987548828125,0.9836671128801424,0.9905168988959765,0.9974772135416666,0.03556850508431886
embedding_head,4000,ood_dev,13,4096,3989,4028,53056,53248,0.973876953125,0.9685304473439507,0.978335434908151,0.9833984375,0.9790082213211099,0.9868827868495039,0.9963942307692307,0.04249673077621052
embedding_head,4000,ood_dev,14,4096,3963,4018,57074,57344,0.967529296875,0.9616480425458757,0.972534422427218,0.98095703125,0.9762985198015777,0.984714250954033,0.9952915736607143,0.05553975542021794
embedding_head,4000,ood_dev,15,4096,3925,3990,61064,61440,0.958251953125,0.9516851324633817,0.9639600303327001,0.97412109375,0.9687965056840521,0.9785572003095498,0.9938802083333333,0.0741357073451443
embedding_head,4000,ood_dev,16,4096,3885,3965,65029,65536,0.948486328125,0.941286924101402,0.9548452890346674,0.968017578125,0.96217528928926,0.9729828231668342,0.9922637939453125,0.09136027577417583
embedding_head,4000,ood_dev,17,4096,3846,3952,68981,69632,0.93896484375,0.9312141146512992,0.945892972566258,0.96484375,0.9587538013451912,0.9700626024713991,0.9906508501838235,0.11722339883148036
embedding_head,4000,ood_dev,18,4096,3791,3899,72880,73728,0.925537109375,0.917092662444004,0.9331841189910363,0.951904296875,0.9449176066361316,0.9580441388809422,0.9884982638888888,0.13929477891375042
embedding_head,4000,ood_dev,19,4096,3741,3882,76762,77824,0.913330078125,0.9043219227972369,0.9215636715627878,0.94775390625,0.9405100178795183,0.9541587240320502,0.9863538240131579,0.16773702922833378
embedding_head,4000,ood_dev,20,4096,3695,3852,80614,81920,0.902099609375,0.8926183492901923,0.9108273529608181,0.9404296875,0.9327602003167239,0.9472738293498353,0.9840576171875,0.18509140688444914
embedding_head,4000,ood_dev,21,4096,3642,3834,84448,86016,0.88916015625,0.8791790684271216,0.8984119755243726,0.93603515625,0.9281254754775315,0.9431277268420221,0.9817708333333334,0.21637985903463663
embedding_head,4000,ood_dev,22,4096,3595,3799,88247,90112,0.877685546875,0.8672960695593817,0.8873672585415979,0.927490234375,0.9191414697140886,0.9350379016529541,0.9793035333806818,0.2545426838425744
embedding_head,4000,ood_dev,23,4096,3538,3766,92013,94208,0.86376953125,0.8529228830570302,0.8739344917784316,0.91943359375,0.9107002413356831,0.9273809465618494,0.976700492527174,0.27801747917753605
embedding_head,4000,ood_dev,24,4096,3468,3719,95732,98304,0.8466796875,0.835321382605431,0.857388330325009,0.907958984375,0.8987196023793654,0.9164338696676525,0.9738362630208334,0.31800913415888177
embedding_head,4000,ood_dev,25,4096,3410,3699,99431,102400,0.83251953125,0.8207737847837412,0.8436421511396809,0.903076171875,0.8936345097261459,0.9117624874908657,0.971005859375,0.34952608770155447
embedding_head,4000,ood_dev,26,4096,3349,3657,103088,106496,0.817626953125,0.8055054614633155,0.8291532262285877,0.892822265625,0.8829781530794668,0.901930246994532,0.9679987980769231,0.38761253542233254
embedding_head,4000,ood_dev,27,4096,3293,3637,106725,110592,0.803955078125,0.7915146488016144,0.8158259093662715,0.887939453125,0.8779134489616865,0.8972384762823059,0.9650336371527778,0.4426452991629555
embedding_head,4000,ood_dev,28,4096,3219,3556,110281,114688,0.785888671875,0.7730615507648547,0.7981800505320081,0.8681640625,0.8574575878543693,0.8781806143280981,0.9615740094866071,0.47061499170111665
embedding_head,4000,ood_dev,29,4096,3158,3535,113816,118784,0.77099609375,0.7578775641497512,0.783606788915593,0.863037109375,0.8521674580739187,0.8732264455370422,0.9581761853448276,0.5188292839709474
embedding_head,4000,ood_dev,30,4096,3080,3504,117320,122880,0.751953125,0.7384950839029597,0.7649390173253602,0.85546875,0.8443671805043688,0.8659041871200824,0.9547526041666666,0.571653117098541
embedding_head,4000,ood_dev,31,4096,3017,3461,120781,126976,0.736572265625,0.722865270007684,0.7498359355061163,0.844970703125,0.8335639706090243,0.8557309761309135,0.9512112525201613,0.6037158561192628
embedding_head,4000,ood_dev,32,4096,2953,3439,124220,131072,0.720947265625,0.7070090328249948,0.7344714532327857,0.839599609375,0.8280437091779879,0.8505191152489432,0.947723388671875,0.6558396819166825
embedding_head,4000,ood_dev,33,4096,2894,3415,127635,135168,0.70654296875,0.6924099179165777,0.7202889673926844,0.833740234375,0.8220266847937266,0.8448283698371971,0.9442693536931818,0.6796957525110381
embedding_head,4000,ood_dev,34,4096,2835,3386,131021,139264,0.692138671875,0.6778276085147122,0.7060896760460317,0.82666015625,0.8147628744218799,0.8379452917055349,0.9408102596507353,0.732308363600358
embedding_head,4000,ood_dev,35,4096,2769,3346,134367,143360,0.676025390625,0.6615342811163601,0.6901866365053634,0.81689453125,0.8047553434565755,0.8284398730108269,0.9372698102678572,0.7717098004518337
embedding_head,4000,ood_dev,36,4096,2699,3282,137649,147456,0.658935546875,0.6442746327038724,0.6732986230128293,0.80126953125,0.7887691944326741,0.8132053025787084,0.9334920247395834,0.8458430049114369
embedding_head,4500,dev,1,4096,4096,4096,4096,4096,1.0,0.9990630225926348,0.9999999999999999,1.0,0.9990630225926348,0.9999999999999999,1.0,0.00016141562958793543
embedding_head,4500,dev,2,4096,4096,4096,8192,8192,1.0,0.9990630225926348,0.9999999999999999,1.0,0.9990630225926348,0.9999999999999999,1.0,0.0001170687228180256
embedding_head,4500,dev,3,4096,4096,4096,12288,12288,1.0,0.9990630225926348,0.9999999999999999,1.0,0.9990630225926348,0.9999999999999999,1.0,0.000141149183024325
embedding_head,4500,dev,4,4096,4096,4096,16384,16384,1.0,0.9990630225926348,0.9999999999999999,1.0,0.9990630225926348,0.9999999999999999,1.0,0.00019838950832617996
embedding_head,4500,dev,5,4096,4096,4096,20480,20480,1.0,0.9990630225926348,0.9999999999999999,1.0,0.9990630225926348,0.9999999999999999,1.0,0.00039806372946493696
embedding_head,4500,dev,6,4096,4096,4096,24576,24576,1.0,0.9990630225926348,0.9999999999999999,1.0,0.9990630225926348,0.9999999999999999,1.0,0.0010344375909676629
embedding_head,4500,dev,7,4096,4093,4093,28669,28672,0.999267578125,0.9978486714629491,0.9997508799051849,0.999267578125,0.9978486714629491,0.9997508799051849,0.9998953683035714,0.0023388084266158238
embedding_head,4500,dev,8,4096,4088,4091,32760,32768,0.998046875,0.9961504506055915,0.9990099820550408,0.998779296875,0.997145424476127,0.9994784794090062,0.999755859375,0.00408027937442057
embedding_head,4500,dev,9,4096,4082,4088,36848,36864,0.99658203125,0.9942706398960515,0.9979628503155791,0.998046875,0.9961504506055915,0.9990099820550408,0.9995659722222222,0.006730069902707747
embedding_head,4500,dev,10,4096,4071,4079,40927,40960,0.993896484375,0.9910051126562461,0.995862316398881,0.995849609375,0.9933629968413301,0.9974070221457995,0.9991943359375,0.012439251850428157
embedding_head,4500,dev,11,4096,4055,4068,44995,45056,0.989990234375,0.9864495949105299,0.9926126542805922,0.9931640625,0.9901378308615215,0.9952661269691047,0.9986461292613636,0.017634200810626055
embedding_head,4500,dev,12,4096,4029,4049,49044,49152,0.983642578125,0.9792802999311276,0.9870985319809864,0.988525390625,0.9847756016627256,0.9913597050793945,0.997802734375,0.03090447522994566
embedding_head,4500,ood_dev,1,4096,4096,4096,4096,4096,1.0,0.9990630225926348,0.9999999999999999,1.0,0.9990630225926348,0.9999999999999999,1.0,0.00016315235287400753
embedding_head,4500,ood_dev,2,4096,4096,4096,8192,8192,1.0,0.9990630225926348,0.9999999999999999,1.0,0.9990630225926348,0.9999999999999999,1.0,0.00011682829943460149
embedding_head,4500,ood_dev,3,4096,4096,4096,12288,12288,1.0,0.9990630225926348,0.9999999999999999,1.0,0.9990630225926348,0.9999999999999999,1.0,0.00014063910103701005
embedding_head,4500,ood_dev,4,4096,4096,4096,16384,16384,1.0,0.9990630225926348,0.9999999999999999,1.0,0.9990630225926348,0.9999999999999999,1.0,0.0002185238969119041
embedding_head,4500,ood_dev,5,4096,4096,4096,20480,20480,1.0,0.9990630225926348,0.9999999999999999,1.0,0.9990630225926348,0.9999999999999999,1.0,0.0004244842100851187
embedding_head,4500,ood_dev,6,4096,4096,4096,24576,24576,1.0,0.9990630225926348,0.9999999999999999,1.0,0.9990630225926348,0.9999999999999999,1.0,0.0010371911338258322
embedding_head,4500,ood_dev,7,4096,4090,4090,28666,28672,0.99853515625,0.9968075986857966,0.9993284814578364,0.99853515625,0.9968075986857966,0.9993284814578364,0.9997907366071429,0.003954123475290672
embedding_head,4500,ood_dev,8,4096,4084,4089,32755,32768,0.9970703125,0.9948858699188933,0.9983232677757378,0.998291015625,0.9964763422189936,0.9991719141831389,0.999603271484375,0.0062769706701928385
embedding_head,4500,ood_dev,9,4096,4071,4076,36831,36864,0.993896484375,0.9910051126562461,0.995862316398881,0.9951171875,0.9924697076331114,0.9968368401295172,0.9991048177083334,0.013361514813530206
embedding_head,4500,ood_dev,10,4096,4058,4070,40901,40960,0.99072265625,0.987292434466316,0.993233285949307,0.99365234375,0.99071517109395,0.9956644342196767,0.9985595703125,0.019913820680298677
embedding_head,4500,ood_dev,11,4096,4037,4060,44961,45056,0.985595703125,0.9814652366612112,0.9888161851829053,0.9912109375,0.9878567926156614,0.9936445752829621,0.9978915127840909,0.026417924342940324
embedding_head,4500,ood_dev,12,4096,4008,4037,48998,49152,0.978515625,0.973606447163245,0.9825280861773625,0.985595703125,0.9814652366612112,0.9888161851829053,0.9968668619791666,0.04325976133524456
embedding_head,4500,ood_dev,13,4096,3981,4023,53021,53248,0.971923828125,0.9664058535023272,0.976557438817772,0.982177734375,0.9776509528256319,0.9858009366374803,0.9957369290865384,0.06020682179749848
embedding_head,4500,ood_dev,14,4096,3952,4001,57022,57344,0.96484375,0.9587538013451912,0.9700626024713991,0.976806640625,0.9717309295309884,0.9809888376191169,0.994384765625,0.07376486097262358
embedding_head,4500,ood_dev,15,4096,3914,3981,61003,61440,0.95556640625,0.9488177185640135,0.9614613830755648,0.971923828125,0.9664058535023272,0.976557438817772,0.9928873697916667,0.08626083711416399
embedding_head,4500,ood_dev,16,4096,3866,3944,64947,65536,0.94384765625,0.9363725983801838,0.9504909636673797,0.962890625,0.9566544557025598,0.9682593581820278,0.9910125732421875,0.1106578530261837
embedding_head,4500,ood_dev,17,4096,3814,3912,68859,69632,0.93115234375,0.9229875245115166,0.9385092029780308,0.955078125,0.9482970594777964,0.9610063946787812,0.9888987821691176,0.13937787558422698
embedding_head,4500,ood_dev,18,4096,3764,3898,72757,73728,0.9189453125,0.9101894761317266,0.9269160642828052,0.95166015625,0.9446579820358394,0.9578159397397341,0.9868299696180556,0.15676856618931545
embedding_head,4500,ood_dev,19,4096,3723,3871,76628,77824,0.908935546875,0.8997375071958539,0.9173672598171653,0.945068359375,0.9376644744381794,0.9516382063168857,0.984631990131579,0.19775961716116264
embedding_head,4500,ood_dev,20,4096,3651,3814,80442,81920,0.891357421875,0.8814581130076249,0.9005233446173719,0.93115234375,0.9229875245115166,0.9385092029780308,0.9819580078125,0.21930847482043303
embedding_head,4500,ood_dev,21,4096,3583,3787,84229,86016,0.874755859375,0.8642668366393406,0.8845426065636351,0.924560546875,0.9160688647806251,0.932256621688414,0.9792247953869048,0.2547142173110877
embedding_head,4500,ood_dev,22,4096,3510,3753,87982,90112,0.85693359375,0.8458761055974846,0.8673222044759685,0.916259765625,0.9073818457534903,0.924357633504538,0.9763627485795454,0.2744400256665127
embedding_head,4500,ood_dev,23,4096,3453,3728,91710,94208,0.843017578125,0.83155607536569,0.8538362814422454,0.91015625,0.9010103180945493,0.9185335676259713,0.9734842051630435,0.3212831956771609
embedding_head,4500,ood_dev,24,4096,3392,3693,95403,98304,0.828125,0.8162651410976517,0.8393699674787648,0.901611328125,0.8921103732139267,0.9103596815540832,0.970489501953125,0.3584900907745303
embedding_head,4500,ood_dev,25,4096,3325,3668,99071,102400,0.811767578125,0.7995064825045964,0.8234444353912994,0.8955078125,0.8857663367312384,0.9045081244992638,0.967490234375,0.40249138022061626
embedding_head,4500,ood_dev,26,4096,3263,3649,102720,106496,0.796630859375,0.7840290808947422,0.8086767650281345,0.890869140625,0.8809515541684672,0.9000542559735292,0.9645432692307693,0.424090530561247
embedding_head,4500,ood_dev,27,4096,3207,3605,106325,110592,0.782958984375,0.7700726534090917,0.7953150629897675,0.880126953125,0.8698218505154235,0.889719715000559,0.9614167390046297,0.4684204350181691
embedding_head,4500,ood_dev,28,4096,3124,3531,109856,114688,0.7626953125,0.7494243802406566,0.7754739656136769,0.862060546875,0.8511603813863905,0.8722822272585692,0.9578683035714286,0.5338226002279525
embedding_head,4500,ood_dev,29,4096,3062,3517,113373,118784,0.74755859375,0.734027191302923,0.7606260825783913,0.858642578125,0.8476370008754903,0.868976075388465,0.9544467268318966,0.5747742659544404
embedding_head,4500,ood_dev,30,4096,2996,3477,116850,122880,0.7314453125,0.7176600941754051,0.7447968127668888,0.848876953125,0.8375816138522119,0.8595185127517311,0.950927734375,0.6361029768775426
embedding_head,4500,ood_dev,31,4096,2931,3436,120286,126976,0.715576171875,0.7015632832672241,0.7291850804775497,0.8388671875,0.8272912957344869,0.8498080574679434,0.9473128780241935,0.6923060095459794
embedding_head,4500,ood_dev,32,4096,2860,3395,123681,131072,0.6982421875,0.6840045468241523,0.7121083312740993,0.828857421875,0.8170163886865339,0.8400821911143835,0.9436111450195312,0.7347485608804307
embedding_head,4500,ood_dev,33,4096,2778,3336,127017,135168,0.67822265625,0.663754940876595,0.6923563904186312,0.814453125,0.8022554598097227,0.8260615192426766,0.939697265625,0.7828387969130377
embedding_head,4500,ood_dev,34,4096,2712,3331,130348,139264,0.662109375,0.6474783878401992,0.6764365765160066,0.813232421875,0.8010058093555606,0.8248720509893369,0.9359777113970589,0.8408829717366579
embedding_head,4500,ood_dev,35,4096,2647,3286,133634,143360,0.646240234375,0.6314667924598022,0.6607396286988835,0.80224609375,0.7897674404539782,0.8141583515234055,0.9321568080357143,0.8896307247859019
embedding_head,4500,ood_dev,36,4096,2587,3261,136895,147456,0.631591796875,0.6167025077528295,0.6462344889158375,0.796142578125,0.7835302693441882,0.8081999290956877,0.9283786349826388,0.9433151756201106
embedding_head,5000,dev,1,102400,102400,102400,102400,102400,1.0,0.9999624871609701,1.0,1.0,0.9999624871609701,1.0,1.0,0.00011971802228284645
embedding_head,5000,dev,2,102400,102400,102400,204800,204800,1.0,0.9999624871609701,1.0,1.0,0.9999624871609701,1.0,1.0,8.628703067930843e-05
embedding_head,5000,dev,3,102400,102400,102400,307200,307200,1.0,0.9999624871609701,1.0,1.0,0.9999624871609701,1.0,1.0,0.00010481063731464956
embedding_head,5000,dev,4,102400,102399,102399,409599,409600,0.999990234375,0.9999446805183295,0.9999982761253133,0.999990234375,0.9999446805183295,0.9999982761253133,0.99999755859375,0.0001575070826470082
embedding_head,5000,dev,5,102400,102396,102397,511996,512000,0.9999609375,0.9998995558365923,0.9999848092550684,0.999970703125,0.9999138592392058,0.9999900363697822,0.9999921875,0.0002962677833571625
embedding_head,5000,dev,6,102400,102390,102392,614388,614400,0.99990234375,0.9998202295599984,0.9999469524276979,0.999921875,0.9998458314166382,0.9999604116057129,0.99998046875,0.0005897804088357539
embedding_head,5000,dev,7,102400,102353,102358,716746,716800,0.999541015625,0.9993897582662231,0.9996547945803608,0.99958984375,0.9994456792698375,0.9996965261633833,0.9999246651785715,0.0014716061244022072
embedding_head,5000,dev,8,102400,102296,102320,819066,819200,0.998984375,0.9987696703064923,0.9991616430524322,0.99921875,0.999027875525462,0.999372170249319,0.99983642578125,0.0027588791450411064
embedding_head,5000,dev,9,102400,102176,102229,921295,921600,0.9978125,0.997507070409162,0.9980805808704789,0.998330078125,0.9980606088358721,0.9985621598621188,0.9996690538194445,0.005260762535616763
embedding_head,5000,dev,10,102400,101995,102097,1023392,1024000,0.996044921875,0.9956414428449318,0.9964111847984565,0.997041015625,0.9966891749034408,0.9973555655073385,0.99940625,0.008943643777303424
embedding_head,5000,dev,11,102400,101708,101893,1125285,1126400,0.9932421875,0.9927215551667282,0.993725814003707,0.995048828125,0.9945999577861572,0.9954605570898399,0.9990101207386364,0.014347246130672335
embedding_head,5000,dev,12,102400,101330,101657,1226942,1228800,0.98955078125,0.9889093427936444,0.9901554908270476,0.992744140625,0.992205507765993,0.9932458050207467,0.9984879557291667,0.02111389421524244
embedding_head,5000,ood_dev,1,102400,102400,102400,102400,102400,1.0,0.9999624871609701,1.0,1.0,0.9999624871609701,1.0,1.0,0.00011986305886736659
embedding_head,5000,ood_dev,2,102400,102400,102400,204800,204800,1.0,0.9999624871609701,1.0,1.0,0.9999624871609701,1.0,1.0,8.630058925666261e-05
embedding_head,5000,ood_dev,3,102400,102400,102400,307200,307200,1.0,0.9999624871609701,1.0,1.0,0.9999624871609701,1.0,1.0,0.00010535350015778988
embedding_head,5000,ood_dev,4,102400,102400,102400,409600,409600,1.0,0.9999624871609701,1.0,1.0,0.9999624871609701,1.0,1.0,0.00014930841987633058
embedding_head,5000,ood_dev,5,102400,102400,102400,512000,512000,1.0,0.9999624871609701,1.0,1.0,0.9999624871609701,1.0,1.0,0.0002472481139450622
embedding_head,5000,ood_dev,6,102400,102385,102385,614385,614400,0.999853515625,0.9997583066269857,0.9999112227740738,0.999853515625,0.9997583066269857,0.9999112227740738,0.9999755859375,0.0005708139992234073
embedding_head,5000,ood_dev,7,102400,102363,102375,716760,716800,0.999638671875,0.9995020271813618,0.9997378308384958,0.999755859375,0.9996396050278641,0.999834619199922,0.9999441964285715,0.0012310977021234848
embedding_head,5000,ood_dev,8,102400,102301,102320,819080,819200,0.999033203125,0.9988232169890363,0.9992057489565249,0.99921875,0.999027875525462,0.999372170249319,0.999853515625,0.002894335811643032
embedding_head,5000,ood_dev,9,102400,102186,102234,921314,921600,0.99791015625,0.9976111551888337,0.9981718012640807,0.99837890625,0.9981131018141284,0.9986073194704995,0.9996896701388889,0.005112332811679927
embedding_head,5000,ood_dev,10,102400,102002,102117,1023431,1024000,0.99611328125,0.9957131191690871,0.9964762220955925,0.997236328125,0.9968955968409154,0.9975397539164108,0.9994443359375,0.008402236794834171
embedding_head,5000,ood_dev,11,102400,101729,101943,1125374,1126400,0.993447265625,0.9929342415453063,0.9939232684890033,0.995537109375,0.995109846796383,0.9959271939459822,0.9990891335227273,0.013356216001909439
embedding_head,5000,ood_dev,12,102400,101371,101698,1227072,1228800,0.989951171875,0.9893216378774491,0.9905439469536649,0.99314453125,0.9926203173456852,0.9936317466514762,0.99859375,0.020725510960683362
embedding_head,5000,ood_dev,13,102400,100861,101346,1328418,1331200,0.984970703125,0.984207091705481,0.9856979292886778,0.98970703125,0.9890702099465627,0.9903071119513671,0.99791015625,0.02983672777498395
embedding_head,5000,ood_dev,14,102400,100295,101022,1429440,1433600,0.979443359375,0.9785561161251727,0.9802946320616991,0.98654296875,0.9858187771268597,0.9872306571570045,0.9970982142857143,0.04055592186653849
embedding_head,5000,ood_dev,15,102400,99543,100548,1529988,1536000,0.972099609375,0.971073070894879,0.9730907282618156,0.9819140625,0.9810795831740573,0.9827123858966371,0.9960859375,0.0535570563944934
embedding_head,5000,ood_dev,16,102400,98739,100100,1630088,1638400,0.964248046875,0.9630933051150528,0.9653679581104424,0.9775390625,0.9766134210256427,0.9784288762823932,0.9949267578125,0.06723808920134941
embedding_head,5000,ood_dev,17,102400,97799,99535,1729623,1740800,0.955068359375,0.9537824023686006,0.9563201745691738,0.972021484375,0.9709935784516439,0.9730139765664321,0.9935793887867647,0.08580586000239789
embedding_head,5000,ood_dev,18,102400,96768,98895,1828518,1843200,0.945,0.9435868797488117,0.9463797338244516,0.965771484375,0.9646402954981897,0.966867728430374,0.9920345052083334,0.1042859108545253
embedding_head,5000,ood_dev,19,102400,95675,98333,1926851,1945600,0.934326171875,0.9327926175919551,0.9358271405425008,0.960283203125,0.959069686500147,0.961462186690439,0.9903633840460526,0.12515064904741924
embedding_head,5000,ood_dev,20,102400,94488,97558,2024409,2048000,0.922734375,0.9210830496233937,0.9243539844434827,0.95271484375,0.9513977786594806,0.9539979436023994,0.98848095703125,0.15240981382566646
embedding_head,5000,ood_dev,21,102400,93199,96828,2121237,2150400,0.910146484375,0.9083795189013875,0.9118826783305185,0.9455859375,0.9441798217278395,0.9469586228850656,0.9864383370535714,0.17781025093995756
embedding_head,5000,ood_dev,22,102400,91905,96112,2217349,2252800,0.897509765625,0.8956372000477393,0.8993525077625593,0.93859375,0.9371068064455863,0.940047787760927,0.9842635830965909,0.20646224264650104
embedding_head,5000,ood_dev,23,102400,90517,95294,2312643,2355200,0.883955078125,0.8819789873064141,0.885902362453505,0.93060546875,0.9290327809220261,0.9321458501107046,0.9819306216032608,0.23794902566071963
embedding_head,5000,ood_dev,24,102400,89128,94545,2407188,2457600,0.870390625,0.8683195369081635,0.8724339242840486,0.923291015625,0.9216450790139126,0.9249051945406235,0.9794873046875,0.2709418149784249
embedding_head,5000,ood_dev,25,102400,87778,93782,2500970,2560000,0.85720703125,0.8550507667930098,0.8593364960072629,0.91583984375,0.9141237654110957,0.9175247234226628,0.97694140625,0.30328653220217516
embedding_head,5000,ood_dev,26,102400,86277,92840,2593810,2662400,0.842548828125,0.8403051420662119,0.8447668142256893,0.906640625,0.9048433923579883,0.9084073491533943,0.9742375300480769,0.33966465319197536
embedding_head,5000,ood_dev,27,102400,84765,91983,2685793,2764800,0.827783203125,0.8254583515459895,0.8300834625469393,0.898271484375,0.8964050204196554,0.9001080677421776,0.971423972800926,0.3789069110853965
embedding_head,5000,ood_dev,28,102400,83236,91214,2777007,2867200,0.8128515625,0.8104509487587892,0.8152287043406021,0.89076171875,0.8888364549901039,0.892657665346987,0.9685431780133928,0.4156743764194664
embedding_head,5000,ood_dev,29,102400,81718,90326,2867333,2969600,0.79802734375,0.7955572142811627,0.8004751135152921,0.88208984375,0.880100208860219,0.8840508120901738,0.9655620285560345,0.4573720106340922
embedding_head,5000,ood_dev,30,102400,80171,89409,2956742,3072000,0.782919921875,0.7803843024820533,0.7854343150089714,0.873134765625,0.8710822615081548,0.8751592750530466,0.9624811197916666,0.497195698368883
embedding_head,5000,ood_dev,31,102400,78624,88507,3045249,3174400,0.7678125,0.7652163837447825,0.7703885234408121,0.864326171875,0.8622150818112285,0.8664099281206917,0.9593148311491936,0.5416954704671769
embedding_head,5000,ood_dev,32,102400,77141,87724,3132973,3276800,0.753330078125,0.7506803342309842,0.7559608157581315,0.8566796875,0.8545201503045772,0.8588124645600179,0.9561074829101562,0.5823791344356943
embedding_head,5000,ood_dev,33,102400,75623,86790,3219763,3379200,0.738505859375,0.7358053755567506,0.7411884491294285,0.84755859375,0.8453439786273227,0.8497471330535156,0.9528181226325757,0.6267071475927607
embedding_head,5000,ood_dev,34,102400,74134,85993,3305756,3481600,0.72396484375,0.7212184453131519,0.7266944390725841,0.839775390625,0.8375159547575655,0.8420093346133648,0.9494933363970588,0.6668261369911274
embedding_head,5000,ood_dev,35,102400,72609,85052,3390808,3584000,0.709072265625,0.7062825996595635,0.7118462458019444,0.8305859375,0.8282759950798105,0.8328710774860714,0.9460959821428572,0.7158522268450317
embedding_head,5000,ood_dev,36,102400,71128,84354,3475162,3686400,0.694609375,0.6917811623025589,0.6974229869971249,0.82376953125,0.821423716993876,0.8260910544775067,0.9426980251736111,0.7577092279436822
embedding_head,5500,dev,1,4096,4096,4096,4096,4096,1.0,0.9990630225926348,0.9999999999999999,1.0,0.9990630225926348,0.9999999999999999,1.0,7.163299148427171e-05
embedding_head,5500,dev,2,4096,4096,4096,8192,8192,1.0,0.9990630225926348,0.9999999999999999,1.0,0.9990630225926348,0.9999999999999999,1.0,5.2342002404781596e-05
embedding_head,5500,dev,3,4096,4096,4096,12288,12288,1.0,0.9990630225926348,0.9999999999999999,1.0,0.9990630225926348,0.9999999999999999,1.0,6.53961915164647e-05
embedding_head,5500,dev,4,4096,4096,4096,16384,16384,1.0,0.9990630225926348,0.9999999999999999,1.0,0.9990630225926348,0.9999999999999999,1.0,8.519211095703305e-05
embedding_head,5500,dev,5,4096,4096,4096,20480,20480,1.0,0.9990630225926348,0.9999999999999999,1.0,0.9990630225926348,0.9999999999999999,1.0,0.00023766312778206178
embedding_head,5500,dev,6,4096,4095,4095,24575,24576,0.999755859375,0.9986182969663738,0.9999569018847606,0.999755859375,0.9986182969663738,0.9999569018847606,0.9999593098958334,0.0006415716334136068
embedding_head,5500,dev,7,4096,4094,4094,28669,28672,0.99951171875,0.9982212896544476,0.9998660854551866,0.99951171875,0.9982212896544476,0.9998660854551866,0.9998953683035714,0.0025504954474653285
embedding_head,5500,dev,8,4096,4093,4095,32764,32768,0.999267578125,0.9978486714629491,0.9997508799051849,0.999755859375,0.9986182969663738,0.9999569018847606,0.9998779296875,0.0014240676698245025
embedding_head,5500,dev,9,4096,4090,4091,36855,36864,0.99853515625,0.9968075986857966,0.9993284814578364,0.998779296875,0.997145424476127,0.9994784794090062,0.999755859375,0.0046218206533650275
embedding_head,5500,dev,10,4096,4085,4088,40943,40960,0.997314453125,0.9951972177470491,0.9984997436890822,0.998046875,0.9961504506055915,0.9990099820550408,0.9995849609375,0.006658008413379601
embedding_head,5500,dev,11,4096,4077,4085,45028,45056,0.995361328125,0.9927660832938955,0.9970282882102334,0.997314453125,0.9951972177470491,0.9984997436890822,0.9993785511363636,0.009126355247611961
embedding_head,5500,dev,12,4096,4062,4073,49101,49152,0.99169921875,0.9884233098915096,0.9940537054901146,0.994384765625,0.991587789433178,0.9962552871049496,0.99896240234375,0.017259130786531518
embedding_head,5500,ood_dev,1,4096,4096,4096,4096,4096,1.0,0.9990630225926348,0.9999999999999999,1.0,0.9990630225926348,0.9999999999999999,1.0,7.127987536570402e-05
embedding_head,5500,ood_dev,2,4096,4096,4096,8192,8192,1.0,0.9990630225926348,0.9999999999999999,1.0,0.9990630225926348,0.9999999999999999,1.0,5.286658651115772e-05
embedding_head,5500,ood_dev,3,4096,4096,4096,12288,12288,1.0,0.9990630225926348,0.9999999999999999,1.0,0.9990630225926348,0.9999999999999999,1.0,6.521852582186405e-05
embedding_head,5500,ood_dev,4,4096,4096,4096,16384,16384,1.0,0.9990630225926348,0.9999999999999999,1.0,0.9990630225926348,0.9999999999999999,1.0,8.762816957919028e-05
embedding_head,5500,ood_dev,5,4096,4096,4096,20480,20480,1.0,0.9990630225926348,0.9999999999999999,1.0,0.9990630225926348,0.9999999999999999,1.0,0.00015556593684573627
embedding_head,5500,ood_dev,6,4096,4096,4096,24576,24576,1.0,0.9990630225926348,0.9999999999999999,1.0,0.9990630225926348,0.9999999999999999,1.0,0.0002529562580879663
embedding_head,5500,ood_dev,7,4096,4095,4095,28671,28672,0.999755859375,0.9986182969663738,0.9999569018847606,0.999755859375,0.9986182969663738,0.9999569018847606,0.9999651227678571,0.0012092249667612354
embedding_head,5500,ood_dev,8,4096,4093,4093,32764,32768,0.999267578125,0.9978486714629491,0.9997508799051849,0.999267578125,0.9978486714629491,0.9997508799051849,0.9998779296875,0.0027242065561674522
embedding_head,5500,ood_dev,9,4096,4092,4093,36857,36864,0.9990234375,0.9974915571936952,0.9996201704329383,0.999267578125,0.9978486714629491,0.9997508799051849,0.9998101128472222,0.004063491384699969
embedding_head,5500,ood_dev,10,4096,4087,4088,40945,40960,0.997802734375,0.9958290482073086,0.9988435607118235,0.998046875,0.9961504506055915,0.9990099820550408,0.9996337890625,0.0070115699960848765
embedding_head,5500,ood_dev,11,4096,4076,4079,45024,45056,0.9951171875,0.9924697076331114,0.9968368401295172,0.995849609375,0.9933629968413301,0.9974070221457995,0.9992897727272727,0.012290369466063877
embedding_head,5500,ood_dev,12,4096,4064,4071,49095,49152,0.9921875,0.9889921727170213,0.9944604901476036,0.993896484375,0.9910051126562461,0.995862316398881,0.99884033203125,0.01674966572511094
embedding_head,5500,ood_dev,13,4096,4052,4068,53163,53248,0.9892578125,0.9856107816089336,0.9919879963576875,0.9931640625,0.9901378308615215,0.9952661269691047,0.9984036959134616,0.021724948336637295
embedding_head,5500,ood_dev,14,4096,4029,4047,57210,57344,0.983642578125,0.9792802999311276,0.9870985319809864,0.988037109375,0.9842206673133682,0.9909389919457514,0.9976632254464286,0.034811713854652426
embedding_head,5500,ood_dev,15,4096,4011,4042,61252,61440,0.979248046875,0.974412403486461,0.9831856010786475,0.98681640625,0.9828391999625007,0.9898813405891173,0.9969401041666667,0.04532203597847273
embedding_head,5500,ood_dev,16,4096,3986,4028,65280,65536,0.97314453125,0.9677329319802243,0.9776694790473764,0.9833984375,0.9790082213211099,0.9868827868495039,0.99609375,0.05336015145995887
embedding_head,5500,ood_dev,17,4096,3957,4001,69281,69632,0.966064453125,0.9600682201539498,0.971187302370142,0.976806640625,0.9717309295309884,0.9809888376191169,0.9949592141544118,0.07491781327469571
embedding_head,5500,ood_dev,18,4096,3923,3984,73265,73728,0.957763671875,0.951163293350015,0.9635062219630662,0.97265625,0.9672017903723954,0.9772249731722046,0.9937201605902778,0.09388579700548805
embedding_head,5500,ood_dev,19,4096,3891,3963,77228,77824,0.949951171875,0.9428418769954561,0.9562172785896152,0.967529296875,0.9616480425458757,0.972534422427218,0.9923416940789473,0.11129338088052965
embedding_head,5500,ood_dev,20,4096,3857,3953,81181,81920,0.941650390625,0.9340495438956447,0.948423604478416,0.965087890625,0.9590165375678266,0.9702876899902639,0.99097900390625,0.13115669245559514
embedding_head,5500,ood_dev,21,4096,3811,3915,85096,86016,0.930419921875,0.922217824599,0.9378154316660463,0.955810546875,0.9490781255019948,0.9616887998790838,0.9893043154761905,0.15615830141990816
embedding_head,5500,ood_dev,22,4096,3762,3884,88980,90112,0.91845703125,0.9096788003001948,0.9264510926313365,0.9482421875,0.9410279137807931,0.954616475613776,0.9874378551136364,0.1842183945988034
embedding_head,5500,ood_dev,23,4096,3703,3836,92816,94208,0.904052734375,0.8946509509932163,0.9126973411897967,0.9365234375,0.9286399311008992,0.943588918701655,0.9852241847826086,0.21692747215165342
embedding_head,5500,ood_dev,24,4096,3652,3812,96628,98304,0.8916015625,0.8817114150371916,0.9007578663293054,0.9306640625,0.9224743635028184,0.9380467165037284,0.9829508463541666,0.23430130340313204
embedding_head,5500,ood_dev,25,4096,3600,3792,100420,102400,0.87890625,0.8685587962878935,0.8885436505205876,0.92578125,0.9173486743153114,0.9334159308612291,0.9806640625,0.2666614736500883
embedding_head,5500,ood_dev,26,4096,3531,3756,104176,106496,0.862060546875,0.8511603813863905,0.8722822272585692,0.9169921875,0.9081473018069585,0.9250556486755709,0.9782151442307693,0.30245502516052225
embedding_head,5500,ood_dev,27,4096,3483,3727,107903,110592,0.850341796875,0.8390888795213388,0.8609381895316061,0.909912109375,0.9007557173331231,0.9183003446458973,0.9756854021990741,0.3321658068075748
embedding_head,5500,ood_dev,28,4096,3433,3700,111603,114688,0.838134765625,0.8265389647215343,0.849096917256395,0.9033203125,0.8938885935671609,0.9119962273913512,0.9731009347098214,0.3763858067934218
embedding_head,5500,ood_dev,29,4096,3378,3654,115257,118784,0.82470703125,0.8127603216503622,0.8360452545450502,0.89208984375,0.8822180645396832,0.9012268643098146,0.9703074488146551,0.4124763711334465
embedding_head,5500,ood_dev,30,4096,3325,3627,118884,122880,0.811767578125,0.7995064825045964,0.8234444353912994,0.885498046875,0.8753832915554963,0.894890396273493,0.96748046875,0.4504660974750019
embedding_head,5500,ood_dev,31,4096,3268,3599,122483,126976,0.7978515625,0.7852762321354745,0.8098687324949037,0.878662109375,0.868306224878436,0.8883083981885448,0.9646153603830645,0.49091230409303255
embedding_head,5500,ood_dev,32,4096,3207,3555,126038,131072,0.782958984375,0.7700726534090917,0.7953150629897675,0.867919921875,0.8572055614004055,0.8779448170405617,0.9615936279296875,0.5319279580152465
embedding_head,5500,ood_dev,33,4096,3155,3500,129538,135168,0.770263671875,0.7571314133895528,0.7828894684512904,0.8544921875,0.8433614400717089,0.8649586325867411,0.9583481297348485,0.5733834474929607
embedding_head,5500,ood_dev,34,4096,3105,3510,133048,139264,0.758056640625,0.7447035368445035,0.7709261579213241,0.85693359375,0.8458761055974846,0.8673222044759685,0.9553653492647058,0.6086654936634113
embedding_head,5500,ood_dev,35,4096,3034,3440,136488,143360,0.74072265625,0.7270807032767356,0.75391350584257,0.83984375,0.8282945320556974,0.8507561161127342,0.9520647321428571,0.6666943758993187
embedding_head,5500,ood_dev,36,4096,2982,3415,139903,147456,0.72802734375,0.7141912615147941,0.7414361130464955,0.833740234375,0.8220266847937266,0.8448283698371971,0.9487779405381944,0.7006396236676458
embedding_head,6000,dev,1,4096,4096,4096,4096,4096,1.0,0.9990630225926348,0.9999999999999999,1.0,0.9990630225926348,0.9999999999999999,1.0,5.2771207322610536e-05
embedding_head,6000,dev,2,4096,4096,4096,8192,8192,1.0,0.9990630225926348,0.9999999999999999,1.0,0.9990630225926348,0.9999999999999999,1.0,4.436815534814009e-05
embedding_head,6000,dev,3,4096,4096,4096,12288,12288,1.0,0.9990630225926348,0.9999999999999999,1.0,0.9990630225926348,0.9999999999999999,1.0,5.4547776647817514e-05
embedding_head,6000,dev,4,4096,4096,4096,16384,16384,1.0,0.9990630225926348,0.9999999999999999,1.0,0.9990630225926348,0.9999999999999999,1.0,0.00012129096825552743
embedding_head,6000,dev,5,4096,4096,4096,20480,20480,1.0,0.9990630225926348,0.9999999999999999,1.0,0.9990630225926348,0.9999999999999999,1.0,0.0001294539516751847
embedding_head,6000,dev,6,4096,4096,4096,24576,24576,1.0,0.9990630225926348,0.9999999999999999,1.0,0.9990630225926348,0.9999999999999999,1.0,0.00018350921763454764
embedding_head,6000,dev,7,4096,4094,4094,28670,28672,0.99951171875,0.9982212896544476,0.9998660854551866,0.99951171875,0.9982212896544476,0.9998660854551866,0.9999302455357143,0.0008132353243206492
embedding_head,6000,dev,8,4096,4094,4095,32765,32768,0.99951171875,0.9982212896544476,0.9998660854551866,0.999755859375,0.9986182969663738,0.9999569018847606,0.999908447265625,0.0018494185088175907
embedding_head,6000,dev,9,4096,4093,4094,36859,36864,0.999267578125,0.9978486714629491,0.9997508799051849,0.99951171875,0.9982212896544476,0.9998660854551866,0.9998643663194444,0.0032256554450966757
embedding_head,6000,dev,10,4096,4088,4089,40948,40960,0.998046875,0.9961504506055915,0.9990099820550408,0.998291015625,0.9964763422189936,0.9991719141831389,0.99970703125,0.006309851424572077
embedding_head,6000,dev,11,4096,4078,4081,45029,45056,0.99560546875,0.9930638103960733,0.9972183848495558,0.996337890625,0.9939662587473084,0.9977794077228217,0.9994007457386364,0.011686429845367385
embedding_head,6000,dev,12,4096,4071,4080,49109,49152,0.993896484375,0.9910051126562461,0.995862316398881,0.99609375,0.9936637657680687,0.9975940769605611,0.9991251627604166,0.013191080259501442
embedding_head,6000,ood_dev,1,4096,4096,4096,4096,4096,1.0,0.9990630225926348,0.9999999999999999,1.0,0.9990630225926348,0.9999999999999999,1.0,5.281720622818398e-05
embedding_head,6000,ood_dev,2,4096,4096,4096,8192,8192,1.0,0.9990630225926348,0.9999999999999999,1.0,0.9990630225926348,0.9999999999999999,1.0,4.4847540764836324e-05
embedding_head,6000,ood_dev,3,4096,4096,4096,12288,12288,1.0,0.9990630225926348,0.9999999999999999,1.0,0.9990630225926348,0.9999999999999999,1.0,5.297651164837269e-05
embedding_head,6000,ood_dev,4,4096,4096,4096,16384,16384,1.0,0.9990630225926348,0.9999999999999999,1.0,0.9990630225926348,0.9999999999999999,1.0,8.316369189986794e-05
embedding_head,6000,ood_dev,5,4096,4096,4096,20480,20480,1.0,0.9990630225926348,0.9999999999999999,1.0,0.9990630225926348,0.9999999999999999,1.0,0.000133017592220952
embedding_head,6000,ood_dev,6,4096,4095,4095,24575,24576,0.999755859375,0.9986182969663738,0.9999569018847606,0.999755859375,0.9986182969663738,0.9999569018847606,0.9999593098958334,0.000603325992218906
embedding_head,6000,ood_dev,7,4096,4094,4094,28669,28672,0.99951171875,0.9982212896544476,0.9998660854551866,0.99951171875,0.9982212896544476,0.9998660854551866,0.9998953683035714,0.001739490562026047
embedding_head,6000,ood_dev,8,4096,4093,4093,32762,32768,0.999267578125,0.9978486714629491,0.9997508799051849,0.999267578125,0.9978486714629491,0.9997508799051849,0.99981689453125,0.0024118487133342192
embedding_head,6000,ood_dev,9,4096,4090,4091,36853,36864,0.99853515625,0.9968075986857966,0.9993284814578364,0.998779296875,0.997145424476127,0.9994784794090062,0.9997016059027778,0.004159863048295964
embedding_head,6000,ood_dev,10,4096,4083,4087,40940,40960,0.996826171875,0.9945771012522003,0.9981442127009305,0.997802734375,0.9958290482073086,0.9988435607118235,0.99951171875,0.006341124332482462
embedding_head,6000,ood_dev,11,4096,4078,4085,45025,45056,0.99560546875,0.9930638103960733,0.9972183848495558,0.997314453125,0.9951972177470491,0.9984997436890822,0.9993119673295454,0.007667172173366765
embedding_head,6000,ood_dev,12,4096,4062,4071,49096,49152,0.99169921875,0.9884233098915096,0.9940537054901146,0.993896484375,0.9910051126562461,0.995862316398881,0.9988606770833334,0.01734409652647484
embedding_head,6000,ood_dev,13,4096,4050,4067,53163,53248,0.98876953125,0.9850536128857085,0.9915695175979121,0.992919921875,0.9898503448988859,0.9950657891902398,0.9984036959134616,0.01949547616065317
embedding_head,6000,ood_dev,14,4096,4033,4055,57218,57344,0.984619140625,0.9803708517550201,0.9879592751230951,0.989990234375,0.9864495949105299,0.9926126542805922,0.997802734375,0.0316412185806314
embedding_head,6000,ood_dev,15,4096,4018,4043,61261,61440,0.98095703125,0.9762985198015777,0.984714250954033,0.987060546875,0.983114860378963,0.9900935039141554,0.9970865885416667,0.0377704261272398
embedding_head,6000,ood_dev,16,4096,3996,4046,65307,65536,0.9755859375,0.970395272680658,0.9798853757619459,0.98779296875,0.983943722660208,0.9907281128574114,0.9965057373046875,0.04820904531601533
embedding_head,6000,ood_dev,17,4096,3960,4012,69319,69632,0.966796875,0.9608577781251862,0.9718612156234064,0.9794921875,0.9746813618391824,0.9834044664674263,0.9955049402573529,0.06072436270691095
embedding_head,6000,ood_dev,18,4096,3925,3997,73316,73728,0.958251953125,0.9516851324633817,0.9639600303327001,0.975830078125,0.9706621520616038,0.9801063201225003,0.9944118923611112,0.075305707386631
embedding_head,6000,ood_dev,19,4096,3895,3984,77300,77824,0.950927734375,0.9438793823249059,0.9571310682261667,0.97265625,0.9672017903723954,0.9772249731722046,0.9932668585526315,0.0864584556195902
embedding_head,6000,ood_dev,20,4096,3863,3956,81256,81920,0.943115234375,0.935597920457735,0.9498021703653275,0.9658203125,0.9598051873478303,0.9709625114347612,0.99189453125,0.11372449604312296
embedding_head,6000,ood_dev,21,4096,3817,3923,85179,86016,0.931884765625,0.9237574760767748,0.9392027226372734,0.957763671875,0.951163293350015,0.9635062219630662,0.9902692522321429,0.13593691763438076
embedding_head,6000,ood_dev,22,4096,3777,3908,89087,90112,0.922119140625,0.913511081106035,0.9299361679480009,0.9541015625,0.947256349406498,0.9600958097840784,0.9886252663352273,0.15383764493599328
embedding_head,6000,ood_dev,23,4096,3730,3883,92970,94208,0.91064453125,0.9015195779849158,0.9189999552186056,0.947998046875,0.9407689451321072,0.9543876205209615,0.9868588654891305,0.1734584468021534
embedding_head,6000,ood_dev,24,4096,3681,3849,96819,98304,0.898681640625,0.8890639462329901,0.9075522236370159,0.939697265625,0.9319870061829958,0.9465835522590624,0.984893798828125,0.21021808930994323
embedding_head,6000,ood_dev,25,4096,3647,3858,100677,102400,0.890380859375,0.8804450553276408,0.8995851073313548,0.94189453125,0.9343075174163912,0.9486534546991697,0.983173828125,0.21490297992655627
embedding_head,6000,ood_dev,26,4096,3596,3818,104495,106496,0.8779296875,0.8675485889086534,0.8876025629338264,0.93212890625,0.9240141831674432,0.9394338392881053,0.9812105618990384,0.23838047966792675
embedding_head,6000,ood_dev,27,4096,3543,3785,108280,110592,0.864990234375,0.8541821504695758,0.8751143430733875,0.924072265625,0.9155571142869631,0.9317927246990753,0.9790943287037037,0.279443319154727
embedding_head,6000,ood_dev,28,4096,3477,3749,112029,114688,0.848876953125,0.8375816138522119,0.8595185127517311,0.915283203125,0.9063615365223625,0.9234266477696647,0.9768153599330357,0.31531699201446184
embedding_head,6000,ood_dev,29,4096,3424,3718,115747,118784,0.8359375,0.8242824617838188,0.8469630065206076,0.90771484375,0.8984651733694144,0.9162004749361032,0.974432583512931,0.33814361940910276
embedding_head,6000,ood_dev,30,4096,3358,3679,119426,122880,0.81982421875,0.8077562437830561,0.8312928575823499,0.898193359375,0.8885564425517519,0.9070840798352536,0.9718912760416667,0.37979957367420103
embedding_head,6000,ood_dev,31,4096,3306,3647,123073,126976,0.80712890625,0.7947604129980961,0.8189218538092939,0.890380859375,0.8804450553276408,0.8995851073313548,0.9692619077620968,0.4064903697670823
embedding_head,6000,ood_dev,32,4096,3255,3632,126705,131072,0.794677734375,0.782034001537703,0.806769254453171,0.88671875,0.8766481917015035,0.8960646148349874,0.9666824340820312,0.45438528560449587
embedding_head,6000,ood_dev,33,4096,3202,3588,130293,135168,0.78173828125,0.7688275565901648,0.794121041101193,0.8759765625,0.8655287943450488,0.8857197675654286,0.9639337713068182,0.4955994826027901
embedding_head,6000,ood_dev,34,4096,3145,3559,133852,139264,0.767822265625,0.754644640841801,0.780498003584039,0.868896484375,0.8582137378213254,0.878887935585643,0.9611385569852942,0.5332996564617292
embedding_head,6000,ood_dev,35,4096,3088,3515,137367,143360,0.75390625,0.7404814000940155,0.7668552910663068,0.858154296875,0.8471338344820533,0.8685035942989013,0.9581961495535715,0.5659287282534193
embedding_head,6000,ood_dev,36,4096,3030,3492,140859,147456,0.73974609375,0.7260886968045347,0.7529542173487697,0.8525390625,0.8413504560468544,0.8630670266795931,0.95526123046875,0.6073676569848319
embedding_head,6500,dev,1,4096,4096,4096,4096,4096,1.0,0.9990630225926348,0.9999999999999999,1.0,0.9990630225926348,0.9999999999999999,1.0,4.693840225811208e-05
embedding_head,6500,dev,2,4096,4096,4096,8192,8192,1.0,0.9990630225926348,0.9999999999999999,1.0,0.9990630225926348,0.9999999999999999,1.0,3.730160804304994e-05
embedding_head,6500,dev,3,4096,4096,4096,12288,12288,1.0,0.9990630225926348,0.9999999999999999,1.0,0.9990630225926348,0.9999999999999999,1.0,4.7347447100110074e-05
embedding_head,6500,dev,4,4096,4096,4096,16384,16384,1.0,0.9990630225926348,0.9999999999999999,1.0,0.9990630225926348,0.9999999999999999,1.0,7.668657086989938e-05
embedding_head,6500,dev,5,4096,4096,4096,20480,20480,1.0,0.9990630225926348,0.9999999999999999,1.0,0.9990630225926348,0.9999999999999999,1.0,0.00011588748625768197
embedding_head,6500,dev,6,4096,4096,4096,24576,24576,1.0,0.9990630225926348,0.9999999999999999,1.0,0.9990630225926348,0.9999999999999999,1.0,0.00024100202095689305
embedding_head,6500,dev,7,4096,4095,4095,28671,28672,0.999755859375,0.9986182969663738,0.9999569018847606,0.999755859375,0.9986182969663738,0.9999569018847606,0.9999651227678571,0.0006533213836321661
embedding_head,6500,dev,8,4096,4093,4094,32765,32768,0.999267578125,0.9978486714629491,0.9997508799051849,0.99951171875,0.9982212896544476,0.9998660854551866,0.999908447265625,0.0012147454743354213
embedding_head,6500,dev,9,4096,4090,4092,36857,36864,0.99853515625,0.9968075986857966,0.9993284814578364,0.9990234375,0.9974915571936952,0.9996201704329383,0.9998101128472222,0.003200938454943403
embedding_head,6500,dev,10,4096,4085,4089,40946,40960,0.997314453125,0.9951972177470491,0.9984997436890822,0.998291015625,0.9964763422189936,0.9991719141831389,0.999658203125,0.004439524937257078
embedding_head,6500,dev,11,4096,4078,4084,45030,45056,0.99560546875,0.9930638103960733,0.9972183848495558,0.9970703125,0.9948858699188933,0.9983232677757378,0.9994229403409091,0.009788692591720327
embedding_head,6500,dev,12,4096,4067,4077,49107,49152,0.992919921875,0.9898503448988859,0.9950657891902398,0.995361328125,0.9927660832938955,0.9970282882102334,0.99908447265625,0.01509255917622454
embedding_head,6500,ood_dev,1,4096,4096,4096,4096,4096,1.0,0.9990630225926348,0.9999999999999999,1.0,0.9990630225926348,0.9999999999999999,1.0,4.6533176513152696e-05
embedding_head,6500,ood_dev,2,4096,4096,4096,8192,8192,1.0,0.9990630225926348,0.9999999999999999,1.0,0.9990630225926348,0.9999999999999999,1.0,3.7046077329128124e-05
embedding_head,6500,ood_dev,3,4096,4096,4096,12288,12288,1.0,0.9990630225926348,0.9999999999999999,1.0,0.9990630225926348,0.9999999999999999,1.0,4.4300508578398734e-05
embedding_head,6500,ood_dev,4,4096,4096,4096,16384,16384,1.0,0.9990630225926348,0.9999999999999999,1.0,0.9990630225926348,0.9999999999999999,1.0,5.8355308456992105e-05
embedding_head,6500,ood_dev,5,4096,4096,4096,20480,20480,1.0,0.9990630225926348,0.9999999999999999,1.0,0.9990630225926348,0.9999999999999999,1.0,8.4785392317821e-05
embedding_head,6500,ood_dev,6,4096,4096,4096,24576,24576,1.0,0.9990630225926348,0.9999999999999999,1.0,0.9990630225926348,0.9999999999999999,1.0,0.00015425098385679625
embedding_head,6500,ood_dev,7,4096,4095,4095,28671,28672,0.999755859375,0.9986182969663738,0.9999569018847606,0.999755859375,0.9986182969663738,0.9999569018847606,0.9999651227678571,0.0008796538803930165
embedding_head,6500,ood_dev,8,4096,4095,4096,32767,32768,0.999755859375,0.9986182969663738,0.9999569018847606,1.0,0.9990630225926348,0.9999999999999999,0.999969482421875,0.000716327286049534
embedding_head,6500,ood_dev,9,4096,4092,4092,36859,36864,0.9990234375,0.9974915571936952,0.9996201704329383,0.9990234375,0.9974915571936952,0.9996201704329383,0.9998643663194444,0.002972353043696696
embedding_head,6500,ood_dev,10,4096,4086,4088,40947,40960,0.99755859375,0.9955114747539533,0.9986733104236785,0.998046875,0.9961504506055915,0.9990099820550408,0.9996826171875,0.006012071073771663
embedding_head,6500,ood_dev,11,4096,4077,4083,45030,45056,0.995361328125,0.9927660832938955,0.9970282882102334,0.996826171875,0.9945771012522003,0.9981442127009305,0.9994229403409091,0.009493584747227723
embedding_head,6500,ood_dev,12,4096,4066,4075,49105,49152,0.99267578125,0.9895635962243474,0.994864714123278,0.994873046875,0.9921745882319427,0.9966441357891856,0.9990437825520834,0.015995525679842748
embedding_head,6500,ood_dev,13,4096,4053,4069,53174,53248,0.989501953125,0.9858899643168433,0.9921966373912783,0.993408203125,0.9904260923610462,0.9954656892110803,0.9986102764423077,0.021640916688717704
embedding_head,6500,ood_dev,14,4096,4035,4056,57230,57344,0.985107421875,0.9809175425035267,0.9883882318575893,0.990234375,0.9867300726317991,0.9928200003008232,0.9980119977678571,0.030056477987451924
embedding_head,6500,ood_dev,15,4096,4006,4033,61263,61440,0.97802734375,0.9730698833974413,0.9820890024601655,0.984619140625,0.9803708517550201,0.9879592751230951,0.997119140625,0.046769272982607246
embedding_head,6500,ood_dev,16,4096,3972,4013,65276,65536,0.9697265625,0.964023311604608,0.9745495670419884,0.979736328125,0.9749504777230061,0.9836231743251028,0.99603271484375,0.05586199896950106
embedding_head,6500,ood_dev,17,4096,3940,4002,69278,69632,0.9619140625,0.9556064097149912,0.9673561092035952,0.97705078125,0.971998448439275,0.9812091424523306,0.9949161305147058,0.0691277589067627
embedding_head,6500,ood_dev,18,4096,3912,3982,73260,73728,0.955078125,0.9482970594777964,0.9610063946787812,0.97216796875,0.9666710641443907,0.9767800519172087,0.99365234375,0.0826682715996625
embedding_head,6500,ood_dev,19,4096,3862,3951,77211,77824,0.94287109375,0.9353397677479732,0.9495724993335891,0.964599609375,0.958491137419128,0.9698374426559618,0.9921232524671053,0.10112184320362716
embedding_head,6500,ood_dev,20,4096,3830,3943,81154,81920,0.93505859375,0.9270969345308054,0.942204972822747,0.962646484375,0.9563923454033983,0.968033644739689,0.9906494140625,0.1172963568008687
embedding_head,6500,ood_dev,21,4096,3796,3926,85080,86016,0.9267578125,0.9183729750294912,0.9343429251130505,0.95849609375,0.9519461365874095,0.9641868499501726,0.9891183035714286,0.15064734781488154
embedding_head,6500,ood_dev,22,4096,3745,3888,88968,90112,0.914306640625,0.9053415639344976,0.9224953253915283,0.94921875,0.9420642079017939,0.9555314764587765,0.9873046875,0.17075513611141968
embedding_head,6500,ood_dev,23,4096,3703,3858,92826,94208,0.904052734375,0.8946509509932163,0.9126973411897967,0.94189453125,0.9343075174163912,0.9486534546991697,0.9853303328804348,0.20266064336780043
embedding_head,6500,ood_dev,24,4096,3650,3842,96668,98304,0.89111328125,0.8812048260661931,0.9002888078173035,0.93798828125,0.9301840545949541,0.9449717376566019,0.9833577473958334,0.22513628456600165
embedding_head,6500,ood_dev,25,4096,3605,3815,100483,102400,0.880126953125,0.8698218505154235,0.889719715000559,0.931396484375,0.9232441468884733,0.9387404043425744,0.981279296875,0.26368818388564974
embedding_head,6500,ood_dev,26,4096,3551,3771,104254,106496,0.866943359375,0.8561975725255366,0.8770015109494291,0.920654296875,0.9119775502306317,0.9285427563744023,0.9789475661057693,0.29699464431870437
embedding_head,6500,ood_dev,27,4096,3490,3731,107985,110592,0.85205078125,0.8408478125539957,0.8625940226894514,0.910888671875,0.9017742372571839,0.9192331196878377,0.9764268663194444,0.3376914742212076
embedding_head,6500,ood_dev,28,4096,3434,3716,111701,114688,0.83837890625,0.8267897325948298,0.8493339731245998,0.9072265625,0.8979563715130343,0.9157336293094827,0.9739554268973214,0.36887055167670546
embedding_head,6500,ood_dev,29,4096,3376,3673,115374,118784,0.82421875,0.8122597665518021,0.8355701621606095,0.896728515625,0.8870343244109669,0.9056792555270368,0.9712924299568966,0.4060779785099551
embedding_head,6500,ood_dev,30,4096,3329,3639,119013,122880,0.812744140625,0.8005060030957817,0.8243962097661154,0.888427734375,0.8784196529935242,0.897707919733469,0.9685302734375,0.4331342342544775
embedding_head,6500,ood_dev,31,4096,3275,3626,122639,126976,0.799560546875,0.7870225394008806,0.8115371914199997,0.88525390625,0.875130353941446,0.894655510146043,0.9658439390120968,0.48281958342425657
embedding_head,6500,ood_dev,32,4096,3215,3586,126225,131072,0.784912109375,0.7720651467791039,0.7972251595517578,0.87548828125,0.865023973378623,0.8852489410488537,0.9630203247070312,0.5300499962107297
embedding_head,6500,ood_dev,33,4096,3159,3553,129778,135168,0.771240234375,0.7581262933381835,0.7838458834686609,0.867431640625,0.856701543629456,0.8774731873285104,0.9601236979166666,0.5549900662570002
embedding_head,6500,ood_dev,34,4096,3091,3505,133283,139264,0.754638671875,0.7412263625519112,0.7675737998329121,0.855712890625,0.8446186417242619,0.8661405496416897,0.9570527918198529,0.6081275818600989
embedding_head,6500,ood_dev,35,4096,3034,3469,136752,143360,0.74072265625,0.7270807032767356,0.75391350584257,0.846923828125,0.835572480233076,0.8576250564388646,0.95390625,0.6575819421219171
embedding_head,6500,ood_dev,36,4096,2973,3433,140185,147456,0.725830078125,0.7119618335434069,0.7392751273443797,0.838134765625,0.8265389647215343,0.849096917256395,0.9506903754340278,0.721680174357443
embedding_head,7000,dev,1,4096,4096,4096,4096,4096,1.0,0.9990630225926348,0.9999999999999999,1.0,0.9990630225926348,0.9999999999999999,1.0,4.844387792779514e-05
embedding_head,7000,dev,2,4096,4096,4096,8192,8192,1.0,0.9990630225926348,0.9999999999999999,1.0,0.9990630225926348,0.9999999999999999,1.0,3.920281302516315e-05
embedding_head,7000,dev,3,4096,4096,4096,12288,12288,1.0,0.9990630225926348,0.9999999999999999,1.0,0.9990630225926348,0.9999999999999999,1.0,4.6061377311890084e-05
embedding_head,7000,dev,4,4096,4096,4096,16384,16384,1.0,0.9990630225926348,0.9999999999999999,1.0,0.9990630225926348,0.9999999999999999,1.0,6.0177014975737464e-05
embedding_head,7000,dev,5,4096,4096,4096,20480,20480,1.0,0.9990630225926348,0.9999999999999999,1.0,0.9990630225926348,0.9999999999999999,1.0,7.753389080078499e-05
embedding_head,7000,dev,6,4096,4096,4096,24576,24576,1.0,0.9990630225926348,0.9999999999999999,1.0,0.9990630225926348,0.9999999999999999,1.0,0.00018890258111037284
embedding_head,7000,dev,7,4096,4096,4096,28672,28672,1.0,0.9990630225926348,0.9999999999999999,1.0,0.9990630225926348,0.9999999999999999,1.0,0.0002593714775460665
embedding_head,7000,dev,8,4096,4095,4095,32767,32768,0.999755859375,0.9986182969663738,0.9999569018847606,0.999755859375,0.9986182969663738,0.9999569018847606,0.999969482421875,0.0008766047014068246
embedding_head,7000,dev,9,4096,4093,4093,36860,36864,0.999267578125,0.9978486714629491,0.9997508799051849,0.999267578125,0.9978486714629491,0.9997508799051849,0.9998914930555556,0.0016515718893674869
embedding_head,7000,dev,10,4096,4091,4092,40952,40960,0.998779296875,0.997145424476127,0.9994784794090062,0.9990234375,0.9974915571936952,0.9996201704329383,0.9998046875,0.002847144610444996
embedding_head,7000,dev,11,4096,4086,4089,45041,45056,0.99755859375,0.9955114747539533,0.9986733104236785,0.998291015625,0.9964763422189936,0.9991719141831389,0.9996670809659091,0.004777790949406002
embedding_head,7000,dev,12,4096,4081,4087,49128,49152,0.996337890625,0.9939662587473084,0.9977794077228217,0.997802734375,0.9958290482073086,0.9988435607118235,0.99951171875,0.0076388643804583545
embedding_head,7000,ood_dev,1,4096,4096,4096,4096,4096,1.0,0.9990630225926348,0.9999999999999999,1.0,0.9990630225926348,0.9999999999999999,1.0,4.744858171168431e-05
embedding_head,7000,ood_dev,2,4096,4096,4096,8192,8192,1.0,0.9990630225926348,0.9999999999999999,1.0,0.9990630225926348,0.9999999999999999,1.0,3.9368842680520544e-05
embedding_head,7000,ood_dev,3,4096,4096,4096,12288,12288,1.0,0.9990630225926348,0.9999999999999999,1.0,0.9990630225926348,0.9999999999999999,1.0,4.5912349339705116e-05
embedding_head,7000,ood_dev,4,4096,4096,4096,16384,16384,1.0,0.9990630225926348,0.9999999999999999,1.0,0.9990630225926348,0.9999999999999999,1.0,6.49192027535328e-05
embedding_head,7000,ood_dev,5,4096,4096,4096,20480,20480,1.0,0.9990630225926348,0.9999999999999999,1.0,0.9990630225926348,0.9999999999999999,1.0,8.281959899125724e-05
embedding_head,7000,ood_dev,6,4096,4096,4096,24576,24576,1.0,0.9990630225926348,0.9999999999999999,1.0,0.9990630225926348,0.9999999999999999,1.0,0.0002096661121930854
embedding_head,7000,ood_dev,7,4096,4096,4096,28672,28672,1.0,0.9990630225926348,0.9999999999999999,1.0,0.9990630225926348,0.9999999999999999,1.0,0.0003552427298016969
embedding_head,7000,ood_dev,8,4096,4095,4095,32767,32768,0.999755859375,0.9986182969663738,0.9999569018847606,0.999755859375,0.9986182969663738,0.9999569018847606,0.999969482421875,0.0006355283868515471
embedding_head,7000,ood_dev,9,4096,4095,4095,36862,36864,0.999755859375,0.9986182969663738,0.9999569018847606,0.999755859375,0.9986182969663738,0.9999569018847606,0.9999457465277778,0.0010235289880959897
embedding_head,7000,ood_dev,10,4096,4093,4093,40955,40960,0.999267578125,0.9978486714629491,0.9997508799051849,0.999267578125,0.9978486714629491,0.9997508799051849,0.9998779296875,0.0024118902771341766
embedding_head,7000,ood_dev,11,4096,4086,4087,45042,45056,0.99755859375,0.9955114747539533,0.9986733104236785,0.997802734375,0.9958290482073086,0.9988435607118235,0.9996892755681818,0.005948598039284603
embedding_head,7000,ood_dev,12,4096,4081,4086,49128,49152,0.996337890625,0.9939662587473084,0.9977794077228217,0.99755859375,0.9955114747539533,0.9986733104236785,0.99951171875,0.007588658503791645
embedding_head,7000,ood_dev,13,4096,4067,4075,53203,53248,0.992919921875,0.9898503448988859,0.9950657891902398,0.994873046875,0.9921745882319427,0.9966441357891856,0.9991548978365384,0.013878776684302263
embedding_head,7000,ood_dev,14,4096,4049,4058,57261,57344,0.988525390625,0.9847756016627256,0.9913597050793945,0.99072265625,0.987292434466316,0.993233285949307,0.9985525948660714,0.022038604569516895
embedding_head,7000,ood_dev,15,4096,4032,4054,61315,61440,0.984375,0.9800978681444444,0.9877444349921706,0.98974609375,0.9861695639225535,0.9924048615270683,0.9979654947916666,0.029882198278290195
embedding_head,7000,ood_dev,16,4096,4016,4045,65360,65536,0.98046875,0.9757587986106162,0.9842783246619937,0.987548828125,0.9836671128801424,0.9905168988959765,0.997314453125,0.035425325188738865
embedding_head,7000,ood_dev,17,4096,3999,4031,69391,69632,0.976318359375,0.9711962850581976,0.9805478346089073,0.984130859375,0.9798251184139876,0.987529360981127,0.9965389476102942,0.04441908404355366
embedding_head,7000,ood_dev,18,4096,3976,4025,73416,73728,0.970703125,0.9650812750446061,0.9754428985679915,0.982666015625,0.9781932525333582,0.9862342844127546,0.9957682291666666,0.06025864645947254
embedding_head,7000,ood_dev,19,4096,3946,4003,77419,77824,0.96337890625,0.9571788776441608,0.9687105837234276,0.977294921875,0.9722661011607102,0.9814293134723958,0.9947959498355263,0.07073921148453532
embedding_head,7000,ood_dev,20,4096,3908,3972,81391,81920,0.9541015625,0.947256349406498,0.9600958097840784,0.9697265625,0.964023311604608,0.9745495670419884,0.99354248046875,0.09230730604811899
embedding_head,7000,ood_dev,21,4096,3886,3977,85368,86016,0.94873046875,0.9415459763729898,0.9550740605045799,0.970947265625,0.9653459981138298,0.975665999240268,0.9924665178571429,0.10150007965456864
embedding_head,7000,ood_dev,22,4096,3846,3933,89301,90112,0.93896484375,0.9312141146512992,0.945892972566258,0.960205078125,0.9537747892075905,0.9657729635204937,0.9910000887784091,0.12023220139295243
embedding_head,7000,ood_dev,23,4096,3804,3914,93215,94208,0.9287109375,0.920422816416333,0.9361956736582114,0.95556640625,0.9488177185640135,0.9614613830755648,0.9894594938858695,0.13742273038088215
embedding_head,7000,ood_dev,24,4096,3762,3899,97114,98304,0.91845703125,0.9096788003001948,0.9264510926313365,0.951904296875,0.9449176066361316,0.9580441388809422,0.9878946940104166,0.1560924686848506
embedding_head,7000,ood_dev,25,4096,3726,3888,101002,102400,0.90966796875,0.9005011359327806,0.9180671023047395,0.94921875,0.9420642079017939,0.9555314764587765,0.98634765625,0.17081350585455302
embedding_head,7000,ood_dev,26,4096,3692,3879,104881,106496,0.9013671875,0.8918564110099307,0.9101258200165789,0.947021484375,0.9397334817874256,0.9534717888996419,0.9848351111778846,0.19145729603141604
embedding_head,7000,ood_dev,27,4096,3656,3853,108734,110592,0.892578125,0.8827247749340756,0.9016958013984229,0.940673828125,0.9330179998365595,0.9475038535714999,0.9831995081018519,0.219232978687538
embedding_head,7000,ood_dev,28,4096,3615,3824,112558,114688,0.882568359375,0.8723489588346361,0.8920708440963495,0.93359375,0.92555502965908,0.9408199352454705,0.9814278738839286,0.2448063696733005
embedding_head,7000,ood_dev,29,4096,3565,3789,116347,118784,0.870361328125,0.8597263579958655,0.8803022578601046,0.925048828125,0.916580713871883,0.9327204200801565,0.9794837688577587,0.2636462649609397
embedding_head,7000,ood_dev,30,4096,3513,3770,120117,122880,0.857666015625,0.8466307109457992,0.8680310703521549,0.92041015625,0.9117220428301692,0.9283104400333645,0.9775146484375,0.29000749451694796
embedding_head,7000,ood_dev,31,4096,3458,3729,123846,126976,0.84423828125,0.8328109384018381,0.855020537113599,0.910400390625,0.9012649382880058,0.9187667711740153,0.9753496723790323,0.326590005101139
embedding_head,7000,ood_dev,32,4096,3412,3705,127551,131072,0.8330078125,0.8212749184517544,0.8441166649546684,0.904541015625,0.8951592781303872,0.9131646615356264,0.9731369018554688,0.3574400280068879
embedding_head,7000,ood_dev,33,4096,3373,3683,131234,135168,0.823486328125,0.8115089957822146,0.8348574617056961,0.899169921875,0.8895715160954258,0.9080203012575809,0.970895478219697,0.37710705321327054
embedding_head,7000,ood_dev,34,4096,3317,3653,134887,139264,0.809814453125,0.7975078064837412,0.8215405214801522,0.891845703125,0.8819647321995695,0.900992372908428,0.9685704848345589,0.40898511690841466
embedding_head,7000,ood_dev,35,4096,3270,3621,138508,143360,0.79833984375,0.7857751417753802,0.8103454703379986,0.884033203125,0.8738658758000654,0.8934808695799222,0.9661551339285714,0.45303082824874585
embedding_head,7000,ood_dev,36,4096,3221,3584,142092,147456,0.786376953125,0.7735597923101467,0.7986574564697169,0.875,0.8645192029666569,0.8847780639778193,0.963623046875,0.4982763414509097
embedding_head,7500,dev,1,4096,4096,4096,4096,4096,1.0,0.9990630225926348,0.9999999999999999,1.0,0.9990630225926348,0.9999999999999999,1.0,4.157600138121609e-05
embedding_head,7500,dev,2,4096,4096,4096,8192,8192,1.0,0.9990630225926348,0.9999999999999999,1.0,0.9990630225926348,0.9999999999999999,1.0,3.952511623062094e-05
embedding_head,7500,dev,3,4096,4096,4096,12288,12288,1.0,0.9990630225926348,0.9999999999999999,1.0,0.9990630225926348,0.9999999999999999,1.0,4.6637519700354346e-05
embedding_head,7500,dev,4,4096,4096,4096,16384,16384,1.0,0.9990630225926348,0.9999999999999999,1.0,0.9990630225926348,0.9999999999999999,1.0,0.00012161590044845738
embedding_head,7500,dev,5,4096,4096,4096,20480,20480,1.0,0.9990630225926348,0.9999999999999999,1.0,0.9990630225926348,0.9999999999999999,1.0,0.00025108203882462377
embedding_head,7500,dev,6,4096,4095,4095,24575,24576,0.999755859375,0.9986182969663738,0.9999569018847606,0.999755859375,0.9986182969663738,0.9999569018847606,0.9999593098958334,0.0007439954537027393
embedding_head,7500,dev,7,4096,4095,4095,28670,28672,0.999755859375,0.9986182969663738,0.9999569018847606,0.999755859375,0.9986182969663738,0.9999569018847606,0.9999302455357143,0.0006967145419911613
embedding_head,7500,dev,8,4096,4094,4094,32764,32768,0.99951171875,0.9982212896544476,0.9998660854551866,0.99951171875,0.9982212896544476,0.9998660854551866,0.9998779296875,0.0014401512112243164
embedding_head,7500,dev,9,4096,4092,4094,36858,36864,0.9990234375,0.9974915571936952,0.9996201704329383,0.99951171875,0.9982212896544476,0.9998660854551866,0.9998372395833334,0.0019876570368380087
embedding_head,7500,dev,10,4096,4088,4090,40948,40960,0.998046875,0.9961504506055915,0.9990099820550408,0.99853515625,0.9968075986857966,0.9993284814578364,0.99970703125,0.005133553575747296
embedding_head,7500,dev,11,4096,4077,4080,45028,45056,0.995361328125,0.9927660832938955,0.9970282882102334,0.99609375,0.9936637657680687,0.9975940769605611,0.9993785511363636,0.009536659175900963
embedding_head,7500,dev,12,4096,4069,4079,49107,49152,0.993408203125,0.9904260923610462,0.9954656892110803,0.995849609375,0.9933629968413301,0.9974070221457995,0.99908447265625,0.013224218139865629
embedding_head,7500,ood_dev,1,4096,4096,4096,4096,4096,1.0,0.9990630225926348,0.9999999999999999,1.0,0.9990630225926348,0.9999999999999999,1.0,4.150322493545744e-05
embedding_head,7500,ood_dev,2,4096,4096,4096,8192,8192,1.0,0.9990630225926348,0.9999999999999999,1.0,0.9990630225926348,0.9999999999999999,1.0,3.5323795924524504e-05
embedding_head,7500,ood_dev,3,4096,4096,4096,12288,12288,1.0,0.9990630225926348,0.9999999999999999,1.0,0.9990630225926348,0.9999999999999999,1.0,4.3998181339821585e-05
embedding_head,7500,ood_dev,4,4096,4096,4096,16384,16384,1.0,0.9990630225926348,0.9999999999999999,1.0,0.9990630225926348,0.9999999999999999,1.0,6.569390602062519e-05
embedding_head,7500,ood_dev,5,4096,4096,4096,20480,20480,1.0,0.9990630225926348,0.9999999999999999,1.0,0.9990630225926348,0.9999999999999999,1.0,9.120902653059204e-05
embedding_head,7500,ood_dev,6,4096,4096,4096,24576,24576,1.0,0.9990630225926348,0.9999999999999999,1.0,0.9990630225926348,0.9999999999999999,1.0,0.0002822685391457025
embedding_head,7500,ood_dev,7,4096,4096,4096,28672,28672,1.0,0.9990630225926348,0.9999999999999999,1.0,0.9990630225926348,0.9999999999999999,1.0,0.0006443373367905902
embedding_head,7500,ood_dev,8,4096,4096,4096,32768,32768,1.0,0.9990630225926348,0.9999999999999999,1.0,0.9990630225926348,0.9999999999999999,1.0,0.0006292419129145799
embedding_head,7500,ood_dev,9,4096,4093,4093,36861,36864,0.999267578125,0.9978486714629491,0.9997508799051849,0.999267578125,0.9978486714629491,0.9997508799051849,0.9999186197916666,0.0032314376970439262
embedding_head,7500,ood_dev,10,4096,4087,4087,40948,40960,0.997802734375,0.9958290482073086,0.9988435607118235,0.997802734375,0.9958290482073086,0.9988435607118235,0.99970703125,0.00811803457205551
embedding_head,7500,ood_dev,11,4096,4079,4083,45031,45056,0.995849609375,0.9933629968413301,0.9974070221457995,0.996826171875,0.9945771012522003,0.9981442127009305,0.9994451349431818,0.01168255700753762
embedding_head,7500,ood_dev,12,4096,4068,4074,49105,49152,0.9931640625,0.9901378308615215,0.9952661269691047,0.99462890625,0.9918806406223304,0.9964502596572975,0.9990437825520834,0.015774909481246935
embedding_head,7500,ood_dev,13,4096,4050,4062,53167,53248,0.98876953125,0.9850536128857085,0.9915695175979121,0.99169921875,0.9884233098915096,0.9940537054901146,0.9984788161057693,0.024266369375166574
embedding_head,7500,ood_dev,14,4096,4031,4054,57221,57344,0.984130859375,0.9798251184139876,0.987529360981127,0.98974609375,0.9861695639225535,0.9924048615270683,0.9978550502232143,0.02950485706019501
embedding_head,7500,ood_dev,15,4096,4009,4030,61251,61440,0.978759765625,0.9738749487182478,0.98274740836386,0.98388671875,0.9795525973497291,0.9873140583038852,0.996923828125,0.04777413974745315
embedding_head,7500,ood_dev,16,4096,3980,4017,65268,65536,0.9716796875,0.9661407428071721,0.9763347257714267,0.980712890625,0.9760285730987803,0.9844963739153301,0.99591064453125,0.06234494468150098
embedding_head,7500,ood_dev,17,4096,3938,3982,69250,69632,0.96142578125,0.9550827758957496,0.9669040955398363,0.97216796875,0.9666710641443907,0.9767800519172087,0.9945140165441176,0.0839645323617848
embedding_head,7500,ood_dev,18,4096,3908,3968,73218,73728,0.9541015625,0.947256349406498,0.9600958097840784,0.96875,0.9629667829716362,0.9736548007089589,0.9930826822916666,0.09870420408972924
embedding_head,7500,ood_dev,19,4096,3873,3946,77164,77824,0.945556640625,0.9381814914524192,0.9520968367856465,0.96337890625,0.9571788776441608,0.9687105837234276,0.9915193256578947,0.12083015117841711
embedding_head,7500,ood_dev,20,4096,3831,3919,81083,81920,0.935302734375,0.9273540238865371,0.9424357072085155,0.956787109375,0.9501202787839275,0.9625979415631524,0.98978271484375,0.142037029526205
embedding_head,7500,ood_dev,21,4096,3782,3884,84967,86016,0.92333984375,0.9147896715191604,0.931096696242377,0.9482421875,0.9410279137807931,0.954616475613776,0.9878045944940477,0.17227886359321798
embedding_head,7500,ood_dev,22,4096,3723,3861,88828,90112,0.908935546875,0.8997375071958539,0.9173672598171653,0.942626953125,0.9350816513041342,0.9493427920359276,0.9857510653409091,0.19893203845941443
embedding_head,7500,ood_dev,23,4096,3667,3824,92652,94208,0.895263671875,0.885512787041495,0.9042738504475069,0.93359375,0.92555502965908,0.9408199352454705,0.9834833559782609,0.24491283819704912
embedding_head,7500,ood_dev,24,4096,3613,3791,96443,98304,0.882080078125,0.8718434292869487,0.8916007261610365,0.925537109375,0.917092662444004,0.9331841189910363,0.9810689290364584,0.27519079037228855
embedding_head,7500,ood_dev,25,4096,3552,3747,100190,102400,0.8671875,0.856449552257726,0.8772373549587402,0.914794921875,0.9058515084760029,0.9229610283330237,0.97841796875,0.3136844352927448
embedding_head,7500,ood_dev,26,4096,3500,3730,103920,106496,0.8544921875,0.8433614400717089,0.8649586325867411,0.91064453125,0.9015195779849158,0.9189999552186056,0.9758112980769231,0.3377351622782363
embedding_head,7500,ood_dev,27,4096,3449,3697,107617,110592,0.842041015625,0.8305523552137561,0.8528887066281781,0.902587890625,0.893126394639718,0.9112949550942931,0.9730993200231481,0.37989371087010926
embedding_head,7500,ood_dev,28,4096,3387,3637,111254,114688,0.826904296875,0.8150132311381779,0.8381827587307371,0.887939453125,0.8779134489616865,0.8972384762823059,0.9700578962053571,0.43352113107643087
embedding_head,7500,ood_dev,29,4096,3352,3649,114903,118784,0.818359375,0.8062556506299262,0.8298665082864779,0.890869140625,0.8809515541684672,0.9000542559735292,0.9673272494612069,0.4513403658206434
embedding_head,7500,ood_dev,30,4096,3294,3614,118517,122880,0.80419921875,0.79176427901958,0.8160641028898061,0.88232421875,0.8720961872638064,0.891835791925679,0.9644938151041667,0.49116699932026164
embedding_head,7500,ood_dev,31,4096,3240,3576,122093,126976,0.791015625,0.7782944159308303,0.8031914839375391,0.873046875,0.8625006218334564,0.8828940551790171,0.9615439138104839,0.5337263851536884
embedding_head,7500,ood_dev,32,4096,3184,3543,125636,131072,0.77734375,0.7643465386773899,0.7898212316669623,0.864990234375,0.8541821504695758,0.8751143430733875,0.958526611328125,0.5627498650310594
embedding_head,7500,ood_dev,33,4096,3135,3501,129137,135168,0.765380859375,0.7521584733854958,0.7781059336253411,0.854736328125,0.8436128595565577,0.8651950368433927,0.9553814512310606,0.6270416173431979
embedding_head,7500,ood_dev,34,4096,3080,3483,132620,139264,0.751953125,0.7384950839029597,0.7649390173253602,0.850341796875,0.8390888795213388,0.8609381895316061,0.9522920496323529,0.6523467267793117
embedding_head,7500,ood_dev,35,4096,3027,3424,136044,143360,0.739013671875,0.7253447485870509,0.7522346943417525,0.8359375,0.8242824617838188,0.8469630065206076,0.9489676339285714,0.7077649441805032
embedding_head,7500,ood_dev,36,4096,2967,3393,139437,147456,0.724365234375,0.7104757793380017,0.7378342391007833,0.828369140625,0.8165155484642912,0.8396073838536258,0.94561767578125,0.7629763812069179
embedding_head,8000,dev,1,4096,4096,4096,4096,4096,1.0,0.9990630225926348,0.9999999999999999,1.0,0.9990630225926348,0.9999999999999999,1.0,3.301777322439747e-05
embedding_head,8000,dev,2,4096,4096,4096,8192,8192,1.0,0.9990630225926348,0.9999999999999999,1.0,0.9990630225926348,0.9999999999999999,1.0,3.23519212244161e-05
embedding_head,8000,dev,3,4096,4096,4096,12288,12288,1.0,0.9990630225926348,0.9999999999999999,1.0,0.9990630225926348,0.9999999999999999,1.0,4.6040927135226895e-05
embedding_head,8000,dev,4,4096,4096,4096,16384,16384,1.0,0.9990630225926348,0.9999999999999999,1.0,0.9990630225926348,0.9999999999999999,1.0,6.995407985188606e-05
embedding_head,8000,dev,5,4096,4096,4096,20480,20480,1.0,0.9990630225926348,0.9999999999999999,1.0,0.9990630225926348,0.9999999999999999,1.0,0.00023785975630175038
embedding_head,8000,dev,6,4096,4093,4093,24573,24576,0.999267578125,0.9978486714629491,0.9997508799051849,0.999267578125,0.9978486714629491,0.9997508799051849,0.9998779296875,0.0017540463643166415
embedding_head,8000,dev,7,4096,4089,4090,28663,28672,0.998291015625,0.9964763422189936,0.9991719141831389,0.99853515625,0.9968075986857966,0.9993284814578364,0.9996861049107143,0.003073207049977711
embedding_head,8000,dev,8,4096,4082,4087,32750,32768,0.99658203125,0.9942706398960515,0.9979628503155791,0.997802734375,0.9958290482073086,0.9988435607118235,0.99945068359375,0.006503554592911298
embedding_head,8000,dev,9,4096,4067,4071,36821,36864,0.992919921875,0.9898503448988859,0.9950657891902398,0.993896484375,0.9910051126562461,0.995862316398881,0.9988335503472222,0.0152760661593625
embedding_head,8000,dev,10,4096,4048,4059,40880,40960,0.98828125,0.9844979568178159,0.9911495261828039,0.990966796875,0.9875743543279273,0.993439189829196,0.998046875,0.02843279451947711
embedding_head,8000,dev,11,4096,4027,4043,44923,45056,0.983154296875,0.978736356856804,0.9866668275723093,0.987060546875,0.983114860378963,0.9900935039141554,0.9970481178977273,0.04046523857128026
embedding_head,8000,dev,12,4096,3990,4028,48951,49152,0.97412109375,0.9687965056840521,0.9785572003095498,0.9833984375,0.9790082213211099,0.9868827868495039,0.99591064453125,0.052027691764863215
embedding_head,8000,ood_dev,1,4096,4096,4096,4096,4096,1.0,0.9990630225926348,0.9999999999999999,1.0,0.9990630225926348,0.9999999999999999,1.0,3.3071324558431314e-05
embedding_head,8000,ood_dev,2,4096,4096,4096,8192,8192,1.0,0.9990630225926348,0.9999999999999999,1.0,0.9990630225926348,0.9999999999999999,1.0,3.164335204286495e-05
embedding_head,8000,ood_dev,3,4096,4096,4096,12288,12288,1.0,0.9990630225926348,0.9999999999999999,1.0,0.9990630225926348,0.9999999999999999,1.0,4.845628952043768e-05
embedding_head,8000,ood_dev,4,4096,4096,4096,16384,16384,1.0,0.9990630225926348,0.9999999999999999,1.0,0.9990630225926348,0.9999999999999999,1.0,0.00010514621536916735
embedding_head,8000,ood_dev,5,4096,4096,4096,20480,20480,1.0,0.9990630225926348,0.9999999999999999,1.0,0.9990630225926348,0.9999999999999999,1.0,0.0002488116896972592
embedding_head,8000,ood_dev,6,4096,4096,4096,24576,24576,1.0,0.9990630225926348,0.9999999999999999,1.0,0.9990630225926348,0.9999999999999999,1.0,0.0004918904550086367
embedding_head,8000,ood_dev,7,4096,4096,4096,28672,28672,1.0,0.9990630225926348,0.9999999999999999,1.0,0.9990630225926348,0.9999999999999999,1.0,0.0007677691658509733
embedding_head,8000,ood_dev,8,4096,4092,4092,32764,32768,0.9990234375,0.9974915571936952,0.9996201704329383,0.9990234375,0.9974915571936952,0.9996201704329383,0.9998779296875,0.0029033508065701152
embedding_head,8000,ood_dev,9,4096,4082,4083,36847,36864,0.99658203125,0.9942706398960515,0.9979628503155791,0.996826171875,0.9945771012522003,0.9981442127009305,0.9995388454861112,0.010897932591660275
embedding_head,8000,ood_dev,10,4096,4065,4068,40915,40960,0.992431640625,0.9892775496501616,0.9946629369559636,0.9931640625,0.9901378308615215,0.9952661269691047,0.9989013671875,0.020759287068744525
embedding_head,8000,ood_dev,11,4096,4038,4051,44966,45056,0.98583984375,0.9817394754367362,0.9890297701488805,0.989013671875,0.9853320021138738,0.991778952111247,0.9980024857954546,0.03213333469218571
embedding_head,8000,ood_dev,12,4096,4010,4031,48997,49152,0.97900390625,0.9741435999816663,0.9829665808419419,0.984130859375,0.9798251184139876,0.987529360981127,0.9968465169270834,0.049794462276362195
embedding_head,8000,ood_dev,13,4096,3974,4010,53007,53248,0.97021484375,0.9645521097608273,0.9749964163687698,0.97900390625,0.9741435999816663,0.9829665808419419,0.9954740084134616,0.06527368467610395
embedding_head,8000,ood_dev,14,4096,3928,3982,56989,57344,0.958984375,0.9524683163451881,0.9646403176753946,0.97216796875,0.9666710641443907,0.9767800519172087,0.9938092912946429,0.08901571937792041
embedding_head,8000,ood_dev,15,4096,3887,3948,60937,61440,0.948974609375,0.9418050708778951,0.955302789741175,0.9638671875,0.957703572334836,0.9691615365157528,0.9918131510416667,0.12139046202841874
embedding_head,8000,ood_dev,16,4096,3837,3911,64848,65536,0.936767578125,0.9288972057773469,0.9438194677667077,0.954833984375,0.9480368065317946,0.9607788238832828,0.989501953125,0.15306385706989412
embedding_head,8000,ood_dev,17,4096,3783,3890,68738,69632,0.923583984375,0.915045461521617,0.9313287299814208,0.94970703125,0.9425826106663004,0.9559887211772704,0.9871610753676471,0.1805808182974602
embedding_head,8000,ood_dev,18,4096,3723,3859,72597,73728,0.908935546875,0.8997375071958539,0.9173672598171653,0.942138671875,0.9345655263512737,0.9488832695057877,0.9846598307291666,0.21282787927154678
embedding_head,8000,ood_dev,19,4096,3660,3822,76419,77824,0.8935546875,0.8837383798604915,0.9026334914380082,0.93310546875,0.9250412981572879,0.9403580192642621,0.981946443256579,0.25665594678862624
embedding_head,8000,ood_dev,20,4096,3597,3772,80191,81920,0.878173828125,0.8678011212225616,0.8878378543614185,0.9208984375,0.9122330806334249,0.9287750497131095,0.97889404296875,0.31583955554598075
embedding_head,8000,ood_dev,21,4096,3531,3726,83917,86016,0.862060546875,0.8511603813863905,0.8722822272585692,0.90966796875,0.9005011359327806,0.9180671023047395,0.9755975632440477,0.3660371086967047
embedding_head,8000,ood_dev,22,4096,3454,3670,87587,90112,0.84326171875,0.83180702899342,0.8540731515560159,0.89599609375,0.8862734838085056,0.9049766249049971,0.9719793146306818,0.39828700625513513
embedding_head,8000,ood_dev,23,4096,3381,3631,91218,94208,0.825439453125,0.8135112164475633,0.8367578309723498,0.886474609375,0.8763951832636987,0.895829799531292,0.96826171875,0.45983297663795497
embedding_head,8000,ood_dev,24,4096,3311,3597,94815,98304,0.808349609375,0.7960091161598218,0.8201122693550696,0.878173828125,0.8678011212225616,0.8878378543614185,0.964508056640625,0.508593405514409
embedding_head,8000,ood_dev,25,4096,3239,3552,98367,102400,0.790771484375,0.7780451647539933,0.8029529113728758,0.8671875,0.856449552257726,0.8772373549587402,0.960615234375,0.5663162172490988
embedding_head,8000,ood_dev,26,4096,3171,3513,101880,106496,0.774169921875,0.7611115249547282,0.7867145367501198,0.857666015625,0.8466307109457992,0.8680310703521549,0.9566556490384616,0.6102236551433264
embedding_head,8000,ood_dev,27,4096,3111,3474,105354,110592,0.759521484375,0.7461941013790548,0.7723625358357747,0.84814453125,0.8368281149975741,0.8588085403818678,0.95263671875,0.6806031552095526
embedding_head,8000,ood_dev,28,4096,3037,3438,108792,114688,0.741455078125,0.7278247649403586,0.7546329154034479,0.83935546875,0.8277928955098375,0.8502821051755933,0.9485909598214286,0.7483358835858274
embedding_head,8000,ood_dev,29,4096,2962,3384,112176,118784,0.72314453125,0.7092375412894816,0.7366333584418017,0.826171875,0.8142621861524666,0.8374703324919475,0.9443696120689655,0.8093008954849976
embedding_head,8000,ood_dev,30,4096,2888,3331,115507,122880,0.705078125,0.6909262156652627,0.7188457271949977,0.813232421875,0.8010058093555606,0.8248720509893369,0.9399983723958333,0.8931136640061845
embedding_head,8000,ood_dev,31,4096,2812,3274,118781,126976,0.6865234375,0.6721473833392579,0.7005499551669789,0.79931640625,0.7867730457201327,0.8112988613592473,0.9354602444556451,0.9510195519010771
embedding_head,8000,ood_dev,32,4096,2756,3258,122039,131072,0.6728515625,0.6583272966214855,0.6870519123607339,0.79541015625,0.7827821042268083,0.8074846229885667,0.9310836791992188,1.0155809963172984
embedding_head,8000,ood_dev,33,4096,2691,3219,125258,135168,0.656982421875,0.6423034506232651,0.6713672151614342,0.785888671875,0.7730615507648547,0.7981800505320081,0.9266838304924242,1.070893978901268
embedding_head,8000,ood_dev,34,4096,2622,3184,128442,139264,0.64013671875,0.6253132067107798,0.6546976209103981,0.77734375,0.7643465386773899,0.7898212316669623,0.9222914751838235,1.1383413007467351
embedding_head,8000,ood_dev,35,4096,2555,3146,131588,143360,0.623779296875,0.6088342228320661,0.6384924141085909,0.76806640625,0.7548932907576695,0.7807371774096707,0.9178850446428571,1.203989927141763
embedding_head,8000,ood_dev,36,4096,2473,3095,134683,147456,0.603759765625,0.5886903634791395,0.6186347266584923,0.755615234375,0.7422197258900992,0.7685317314607253,0.9133775499131944,1.2948065812937126
embedding_head,8500,dev,1,4096,4096,4096,4096,4096,1.0,0.9990630225926348,0.9999999999999999,1.0,0.9990630225926348,0.9999999999999999,1.0,2.7148511153818333e-05
embedding_head,8500,dev,2,4096,4096,4096,8192,8192,1.0,0.9990630225926348,0.9999999999999999,1.0,0.9990630225926348,0.9999999999999999,1.0,2.577176075990728e-05
embedding_head,8500,dev,3,4096,4096,4096,12288,12288,1.0,0.9990630225926348,0.9999999999999999,1.0,0.9990630225926348,0.9999999999999999,1.0,2.907364633053522e-05
embedding_head,8500,dev,4,4096,4096,4096,16384,16384,1.0,0.9990630225926348,0.9999999999999999,1.0,0.9990630225926348,0.9999999999999999,1.0,3.9063906853709085e-05
embedding_head,8500,dev,5,4096,4096,4096,20480,20480,1.0,0.9990630225926348,0.9999999999999999,1.0,0.9990630225926348,0.9999999999999999,1.0,6.018316419675873e-05
embedding_head,8500,dev,6,4096,4096,4096,24576,24576,1.0,0.9990630225926348,0.9999999999999999,1.0,0.9990630225926348,0.9999999999999999,1.0,8.174784250269962e-05
embedding_head,8500,dev,7,4096,4096,4096,28672,28672,1.0,0.9990630225926348,0.9999999999999999,1.0,0.9990630225926348,0.9999999999999999,1.0,0.00017402212936878936
embedding_head,8500,dev,8,4096,4096,4096,32768,32768,1.0,0.9990630225926348,0.9999999999999999,1.0,0.9990630225926348,0.9999999999999999,1.0,0.00021303557782947902
embedding_head,8500,dev,9,4096,4094,4094,36862,36864,0.99951171875,0.9982212896544476,0.9998660854551866,0.99951171875,0.9982212896544476,0.9998660854551866,0.9999457465277778,0.0013672864693243802
embedding_head,8500,dev,10,4096,4091,4091,40953,40960,0.998779296875,0.997145424476127,0.9994784794090062,0.998779296875,0.997145424476127,0.9994784794090062,0.9998291015625,0.003889089930538492
embedding_head,8500,dev,11,4096,4090,4091,45044,45056,0.99853515625,0.9968075986857966,0.9993284814578364,0.998779296875,0.997145424476127,0.9994784794090062,0.9997336647727273,0.0049988293014620044
embedding_head,8500,dev,12,4096,4087,4088,49132,49152,0.997802734375,0.9958290482073086,0.9988435607118235,0.998046875,0.9961504506055915,0.9990099820550408,0.9995930989583334,0.00748715979531378
embedding_head,8500,ood_dev,1,4096,4096,4096,4096,4096,1.0,0.9990630225926348,0.9999999999999999,1.0,0.9990630225926348,0.9999999999999999,1.0,2.707476252239438e-05
embedding_head,8500,ood_dev,2,4096,4096,4096,8192,8192,1.0,0.9990630225926348,0.9999999999999999,1.0,0.9990630225926348,0.9999999999999999,1.0,2.584580431608252e-05
embedding_head,8500,ood_dev,3,4096,4096,4096,12288,12288,1.0,0.9990630225926348,0.9999999999999999,1.0,0.9990630225926348,0.9999999999999999,1.0,2.9495834575010704e-05
embedding_head,8500,ood_dev,4,4096,4096,4096,16384,16384,1.0,0.9990630225926348,0.9999999999999999,1.0,0.9990630225926348,0.9999999999999999,1.0,3.731223839076314e-05
embedding_head,8500,ood_dev,5,4096,4096,4096,20480,20480,1.0,0.9990630225926348,0.9999999999999999,1.0,0.9990630225926348,0.9999999999999999,1.0,7.481090425909276e-05
embedding_head,8500,ood_dev,6,4096,4096,4096,24576,24576,1.0,0.9990630225926348,0.9999999999999999,1.0,0.9990630225926348,0.9999999999999999,1.0,0.0001211231224587106
embedding_head,8500,ood_dev,7,4096,4096,4096,28672,28672,1.0,0.9990630225926348,0.9999999999999999,1.0,0.9990630225926348,0.9999999999999999,1.0,0.0001426066059198039
embedding_head,8500,ood_dev,8,4096,4096,4096,32768,32768,1.0,0.9990630225926348,0.9999999999999999,1.0,0.9990630225926348,0.9999999999999999,1.0,0.00021517617926558597
embedding_head,8500,ood_dev,9,4096,4095,4095,36863,36864,0.999755859375,0.9986182969663738,0.9999569018847606,0.999755859375,0.9986182969663738,0.9999569018847606,0.9999728732638888,0.000483510045562241
embedding_head,8500,ood_dev,10,4096,4095,4096,40959,40960,0.999755859375,0.9986182969663738,0.9999569018847606,1.0,0.9990630225926348,0.9999999999999999,0.9999755859375,0.0005600072203501005
embedding_head,8500,ood_dev,11,4096,4093,4093,45052,45056,0.999267578125,0.9978486714629491,0.9997508799051849,0.999267578125,0.9978486714629491,0.9997508799051849,0.9999112215909091,0.002325725673326229
embedding_head,8500,ood_dev,12,4096,4088,4090,49142,49152,0.998046875,0.9961504506055915,0.9990099820550408,0.99853515625,0.9968075986857966,0.9993284814578364,0.9997965494791666,0.00474847323618266
embedding_head,8500,ood_dev,13,4096,4082,4085,53227,53248,0.99658203125,0.9942706398960515,0.9979628503155791,0.997314453125,0.9951972177470491,0.9984997436890822,0.9996056189903846,0.006673755814967541
embedding_head,8500,ood_dev,14,4096,4077,4086,57313,57344,0.995361328125,0.9927660832938955,0.9970282882102334,0.99755859375,0.9955114747539533,0.9986733104236785,0.9994594029017857,0.008450080507750979
embedding_head,8500,ood_dev,15,4096,4064,4075,61388,61440,0.9921875,0.9889921727170213,0.9944604901476036,0.994873046875,0.9921745882319427,0.9966441357891856,0.9991536458333333,0.012329601299803539
embedding_head,8500,ood_dev,16,4096,4050,4067,65455,65536,0.98876953125,0.9850536128857085,0.9915695175979121,0.992919921875,0.9898503448988859,0.9950657891902398,0.9987640380859375,0.018820382733301777
embedding_head,8500,ood_dev,17,4096,4037,4064,69519,69632,0.985595703125,0.9814652366612112,0.9888161851829053,0.9921875,0.9889921727170213,0.9944604901476036,0.9983771829044118,0.025892075340160137
embedding_head,8500,ood_dev,18,4096,4011,4042,73561,73728,0.979248046875,0.974412403486461,0.9831856010786475,0.98681640625,0.9828391999625007,0.9898813405891173,0.9977349175347222,0.03746594612114418
embedding_head,8500,ood_dev,19,4096,3985,4032,77593,77824,0.972900390625,0.9674673085801575,0.977447278705943,0.984375,0.9800978681444444,0.9877444349921706,0.9970317639802632,0.04800087929371277
embedding_head,8500,ood_dev,20,4096,3955,4013,81606,81920,0.965576171875,0.9595422298231,0.970737645217991,0.979736328125,0.9749504777230061,0.9836231743251028,0.9961669921875,0.057426071619102625
embedding_head,8500,ood_dev,21,4096,3928,4003,85609,86016,0.958984375,0.9524683163451881,0.9646403176753946,0.977294921875,0.9722661011607102,0.9814293134723958,0.9952683221726191,0.06496921507121911
embedding_head,8500,ood_dev,22,4096,3884,3965,89574,90112,0.9482421875,0.9410279137807931,0.954616475613776,0.968017578125,0.96217528928926,0.9729828231668342,0.9940296519886364,0.08556528312562373
embedding_head,8500,ood_dev,23,4096,3847,3945,93519,94208,0.939208984375,0.9314717118550057,0.9461231991040518,0.963134765625,0.9569166329042106,0.9684850047218775,0.9926863960597826,0.10961201221937
embedding_head,8500,ood_dev,24,4096,3813,3928,97447,98304,0.930908203125,0.9227309300951754,0.9382779736528717,0.958984375,0.9524683163451881,0.9646403176753946,0.9912821451822916,0.13132577330241824
embedding_head,8500,ood_dev,25,4096,3786,3912,101359,102400,0.92431640625,0.9158129772637488,0.93202468546379,0.955078125,0.9482970594777964,0.9610063946787812,0.989833984375,0.14733438753967332
embedding_head,8500,ood_dev,26,4096,3741,3879,105238,106496,0.913330078125,0.9043219227972369,0.9215636715627878,0.947021484375,0.9397334817874256,0.9534717888996419,0.9881873497596154,0.1822228682318736
embedding_head,8500,ood_dev,27,4096,3707,3869,109107,110592,0.905029296875,0.895667676917727,0.9136319102312873,0.944580078125,0.9371476107069147,0.9511794225651499,0.986572265625,0.20469255097293737
embedding_head,8500,ood_dev,28,4096,3654,3824,112931,114688,0.89208984375,0.8822180645396832,0.9012268643098146,0.93359375,0.92555502965908,0.9408199352454705,0.98468017578125,0.22915112016925065
embedding_head,8500,ood_dev,29,4096,3617,3821,116752,118784,0.883056640625,0.8728545429050968,0.8925409075088896,0.932861328125,0.9247844761276197,0.9401270175524298,0.9828933189655172,0.25173189938497575
embedding_head,8500,ood_dev,30,4096,3568,3777,120529,122880,0.87109375,0.8604828297370326,0.8810092573434385,0.922119140625,0.913511081106035,0.9299361679480009,0.9808675130208333,0.28908530411041355
embedding_head,8500,ood_dev,31,4096,3516,3760,124289,126976,0.8583984375,0.8473854123100891,0.8687398402123659,0.91796875,0.9091682131124504,0.9259860323360801,0.9788385206653226,0.3207117515425453
embedding_head,8500,ood_dev,32,4096,3473,3738,128027,131072,0.847900390625,0.8365769684304168,0.8585718632075249,0.91259765625,0.9035574064163541,0.9208647167191697,0.9767684936523438,0.33548181519878284
embedding_head,8500,ood_dev,33,4096,3421,3695,131722,135168,0.835205078125,0.8235304560358756,0.8462515410440499,0.902099609375,0.8926183492901923,0.9108273529608181,0.9745058001893939,0.36942437099522296
embedding_head,8500,ood_dev,34,4096,3378,3677,135399,139264,0.82470703125,0.8127603216503622,0.8360452545450502,0.897705078125,0.8880490046308186,0.9066158702731862,0.9722469554227942,0.3971807845925186
embedding_head,8500,ood_dev,35,4096,3331,3641,139040,143360,0.813232421875,0.8010058093555606,0.8248720509893369,0.888916015625,0.878925915308623,0.8981773049013707,0.9698660714285714,0.4352430517846795
embedding_head,8500,ood_dev,36,4096,3283,3606,142646,147456,0.801513671875,0.7890187451644203,0.8134435755884625,0.88037109375,0.8700745010385601,0.8899548882189229,0.9673800998263888,0.49302325518169354
embedding_head,9000,dev,1,4096,4096,4096,4096,4096,1.0,0.9990630225926348,0.9999999999999999,1.0,0.9990630225926348,0.9999999999999999,1.0,2.467780848069978e-05
embedding_head,9000,dev,2,4096,4096,4096,8192,8192,1.0,0.9990630225926348,0.9999999999999999,1.0,0.9990630225926348,0.9999999999999999,1.0,2.2345904173048936e-05
embedding_head,9000,dev,3,4096,4096,4096,12288,12288,1.0,0.9990630225926348,0.9999999999999999,1.0,0.9990630225926348,0.9999999999999999,1.0,2.851670866910183e-05
embedding_head,9000,dev,4,4096,4096,4096,16384,16384,1.0,0.9990630225926348,0.9999999999999999,1.0,0.9990630225926348,0.9999999999999999,1.0,3.969326260910844e-05
embedding_head,9000,dev,5,4096,4096,4096,20480,20480,1.0,0.9990630225926348,0.9999999999999999,1.0,0.9990630225926348,0.9999999999999999,1.0,5.9617168499448425e-05
embedding_head,9000,dev,6,4096,4096,4096,24576,24576,1.0,0.9990630225926348,0.9999999999999999,1.0,0.9990630225926348,0.9999999999999999,1.0,0.00015569440884011243
embedding_head,9000,dev,7,4096,4096,4096,28672,28672,1.0,0.9990630225926348,0.9999999999999999,1.0,0.9990630225926348,0.9999999999999999,1.0,0.00030537226350291213
embedding_head,9000,dev,8,4096,4094,4094,32766,32768,0.99951171875,0.9982212896544476,0.9998660854551866,0.99951171875,0.9982212896544476,0.9998660854551866,0.99993896484375,0.0012257311828971496
embedding_head,9000,dev,9,4096,4094,4095,36861,36864,0.99951171875,0.9982212896544476,0.9998660854551866,0.999755859375,0.9986182969663738,0.9999569018847606,0.9999186197916666,0.0019548363789744228
embedding_head,9000,dev,10,4096,4092,4093,40954,40960,0.9990234375,0.9974915571936952,0.9996201704329383,0.999267578125,0.9978486714629491,0.9997508799051849,0.999853515625,0.0025593594415196375
embedding_head,9000,dev,11,4096,4085,4088,45042,45056,0.997314453125,0.9951972177470491,0.9984997436890822,0.998046875,0.9961504506055915,0.9990099820550408,0.9996892755681818,0.006021349967612277
embedding_head,9000,dev,12,4096,4079,4083,49125,49152,0.995849609375,0.9933629968413301,0.9974070221457995,0.996826171875,0.9945771012522003,0.9981442127009305,0.99945068359375,0.009983957553722278
embedding_head,9000,ood_dev,1,4096,4096,4096,4096,4096,1.0,0.9990630225926348,0.9999999999999999,1.0,0.9990630225926348,0.9999999999999999,1.0,2.448896006534973e-05
embedding_head,9000,ood_dev,2,4096,4096,4096,8192,8192,1.0,0.9990630225926348,0.9999999999999999,1.0,0.9990630225926348,0.9999999999999999,1.0,2.2263690849899653e-05
embedding_head,9000,ood_dev,3,4096,4096,4096,12288,12288,1.0,0.9990630225926348,0.9999999999999999,1.0,0.9990630225926348,0.9999999999999999,1.0,2.8068623729726738e-05
embedding_head,9000,ood_dev,4,4096,4096,4096,16384,16384,1.0,0.9990630225926348,0.9999999999999999,1.0,0.9990630225926348,0.9999999999999999,1.0,3.9980956153429226e-05
embedding_head,9000,ood_dev,5,4096,4096,4096,20480,20480,1.0,0.9990630225926348,0.9999999999999999,1.0,0.9990630225926348,0.9999999999999999,1.0,7.375529354614052e-05
embedding_head,9000,ood_dev,6,4096,4096,4096,24576,24576,1.0,0.9990630225926348,0.9999999999999999,1.0,0.9990630225926348,0.9999999999999999,1.0,9.279758569480379e-05
embedding_head,9000,ood_dev,7,4096,4096,4096,28672,28672,1.0,0.9990630225926348,0.9999999999999999,1.0,0.9990630225926348,0.9999999999999999,1.0,0.00023844544578488502
embedding_head,9000,ood_dev,8,4096,4096,4096,32768,32768,1.0,0.9990630225926348,0.9999999999999999,1.0,0.9990630225926348,0.9999999999999999,1.0,0.0004119656019830886
embedding_head,9000,ood_dev,9,4096,4095,4095,36863,36864,0.999755859375,0.9986182969663738,0.9999569018847606,0.999755859375,0.9986182969663738,0.9999569018847606,0.9999728732638888,0.0011063987313491008
embedding_head,9000,ood_dev,10,4096,4089,4089,40952,40960,0.998291015625,0.9964763422189936,0.9991719141831389,0.998291015625,0.9964763422189936,0.9991719141831389,0.9998046875,0.0044221637824195525
embedding_head,9000,ood_dev,11,4096,4079,4081,45033,45056,0.995849609375,0.9933629968413301,0.9974070221457995,0.996337890625,0.9939662587473084,0.9977794077228217,0.9994895241477273,0.0067139547708232605
embedding_head,9000,ood_dev,12,4096,4074,4082,49115,49152,0.99462890625,0.9918806406223304,0.9964502596572975,0.99658203125,0.9942706398960515,0.9979628503155791,0.9992472330729166,0.010267404110385958
embedding_head,9000,ood_dev,13,4096,4063,4075,53190,53248,0.991943359375,0.9887074354065306,0.9942574037165939,0.994873046875,0.9921745882319427,0.9966441357891856,0.9989107572115384,0.013290458745879974
embedding_head,9000,ood_dev,14,4096,4052,4070,57260,57344,0.9892578125,0.9856107816089336,0.9919879963576875,0.99365234375,0.99071517109395,0.9956644342196767,0.99853515625,0.020576967880719055
embedding_head,9000,ood_dev,15,4096,4033,4052,61312,61440,0.984619140625,0.9803708517550201,0.9879592751230951,0.9892578125,0.9856107816089336,0.9919879963576875,0.9979166666666667,0.029171988016227002
embedding_head,9000,ood_dev,16,4096,4010,4043,65355,65536,0.97900390625,0.9741435999816663,0.9829665808419419,0.987060546875,0.983114860378963,0.9900935039141554,0.9972381591796875,0.04230006358050997
embedding_head,9000,ood_dev,17,4096,3982,4026,69381,69632,0.97216796875,0.9666710641443907,0.9767800519172087,0.98291015625,0.9784647020408669,0.9864506586467462,0.9963953354779411,0.055089043931299875
embedding_head,9000,ood_dev,18,4096,3945,3995,73376,73728,0.963134765625,0.9569166329042106,0.9684850047218775,0.975341796875,0.9701285156377056,0.9796643090633977,0.9952256944444444,0.08111164494348022
embedding_head,9000,ood_dev,19,4096,3911,3980,77356,77824,0.954833984375,0.9480368065317946,0.9607788238832828,0.9716796875,0.9661407428071721,0.9763347257714267,0.9939864309210527,0.09622581236862326
embedding_head,9000,ood_dev,20,4096,3878,3953,81309,81920,0.94677734375,0.9394747174237471,0.9532427295218201,0.965087890625,0.9590165375678266,0.9702876899902639,0.99254150390625,0.11284527864908378
embedding_head,9000,ood_dev,21,4096,3838,3931,85240,86016,0.93701171875,0.9291545119210666,0.9440499853644883,0.959716796875,0.9532520220922961,0.9653200831527876,0.9909784226190477,0.1350782645028239
embedding_head,9000,ood_dev,22,4096,3803,3911,89151,90112,0.928466796875,0.9201664942823952,0.9359641720506487,0.954833984375,0.9480368065317946,0.9607788238832828,0.9893354936079546,0.15710504739365438
embedding_head,9000,ood_dev,23,4096,3756,3881,93032,94208,0.9169921875,0.9081473018069585,0.9250556486755709,0.947509765625,0.9402511317503777,0.9539297864196905,0.9875169836956522,0.18558722886060985
embedding_head,9000,ood_dev,24,4096,3710,3860,96892,98304,0.90576171875,0.8964304105240852,0.9143326478494298,0.9423828125,0.9348235709099155,0.9491130486886461,0.9856363932291666,0.2138164070842733
embedding_head,9000,ood_dev,25,4096,3664,3826,100718,102400,0.89453125,0.8847522327817962,0.9035709334827048,0.93408203125,0.9260688787441457,0.9412817336434055,0.98357421875,0.24909575768364045
embedding_head,9000,ood_dev,26,4096,3622,3809,104527,106496,0.88427734375,0.8741187435662403,0.8937158255552475,0.929931640625,0.9217048293210383,0.9373527794610076,0.9815110426682693,0.28231146826459286
embedding_head,9000,ood_dev,27,4096,3587,3804,108331,110592,0.875732421875,0.8652763775266004,0.8854843606423766,0.9287109375,0.920422816416333,0.9361956736582114,0.9795554832175926,0.29940311519841134
embedding_head,9000,ood_dev,28,4096,3534,3764,112095,114688,0.86279296875,0.851915672171129,0.8729904076983317,0.9189453125,0.9101894761317266,0.9269160642828052,0.9773908342633929,0.3225155570565299
embedding_head,9000,ood_dev,29,4096,3485,3729,115824,118784,0.850830078125,0.8395913813906563,0.8614113351452891,0.910400390625,0.9012649382880058,0.9187667711740153,0.9750808189655172,0.3610920260132613
embedding_head,9000,ood_dev,30,4096,3439,3706,119530,122880,0.839599609375,0.8280437091779879,0.8505191152489432,0.90478515625,0.8954134685370875,0.9133982948704263,0.9727376302083334,0.39372820668346065
embedding_head,9000,ood_dev,31,4096,3380,3680,123210,126976,0.8251953125,0.8132609098770637,0.8365203138013492,0.8984375,0.888810186146144,0.9073181599823618,0.9703408518145161,0.4218543266021588
embedding_head,9000,ood_dev,32,4096,3334,3653,126863,131072,0.81396484375,0.8017555764603912,0.8255857551090073,0.891845703125,0.8819647321995695,0.900992372908428,0.9678878784179688,0.4453294565653665
embedding_head,9000,ood_dev,33,4096,3280,3627,130490,135168,0.80078125,0.7882701144567107,0.8127287350716711,0.885498046875,0.8753832915554963,0.894890396273493,0.9653912168560606,0.4862258712347334
embedding_head,9000,ood_dev,34,4096,3222,3578,134068,139264,0.78662109375,0.7738089229996127,0.7988961495217511,0.87353515625,0.8630051925365302,0.8833651319589441,0.9626895680147058,0.533552252203993
embedding_head,9000,ood_dev,35,4096,3175,3550,137618,143360,0.775146484375,0.7621068009163776,0.7876705557544716,0.86669921875,0.8559456044058259,0.8767656553276396,0.9599469866071428,0.575666590296382
embedding_head,9000,ood_dev,36,4096,3116,3532,141150,147456,0.7607421875,0.7474363988944884,0.7735593570278426,0.8623046875,0.8514121338522789,0.8725182985341811,0.9572347005208334,0.6007738502416177
embedding_head,9500,dev,1,4096,4096,4096,4096,4096,1.0,0.9990630225926348,0.9999999999999999,1.0,0.9990630225926348,0.9999999999999999,1.0,2.1437333005192016e-05
embedding_head,9500,dev,2,4096,4096,4096,8192,8192,1.0,0.9990630225926348,0.9999999999999999,1.0,0.9990630225926348,0.9999999999999999,1.0,1.9229230765138716e-05
embedding_head,9500,dev,3,4096,4096,4096,12288,12288,1.0,0.9990630225926348,0.9999999999999999,1.0,0.9990630225926348,0.9999999999999999,1.0,2.355310529600363e-05
embedding_head,9500,dev,4,4096,4096,4096,16384,16384,1.0,0.9990630225926348,0.9999999999999999,1.0,0.9990630225926348,0.9999999999999999,1.0,3.1231300761769276e-05
embedding_head,9500,dev,5,4096,4096,4096,20480,20480,1.0,0.9990630225926348,0.9999999999999999,1.0,0.9990630225926348,0.9999999999999999,1.0,5.0985651919854824e-05
embedding_head,9500,dev,6,4096,4096,4096,24576,24576,1.0,0.9990630225926348,0.9999999999999999,1.0,0.9990630225926348,0.9999999999999999,1.0,0.00010317340592924662
embedding_head,9500,dev,7,4096,4096,4096,28672,28672,1.0,0.9990630225926348,0.9999999999999999,1.0,0.9990630225926348,0.9999999999999999,1.0,0.00040847348318773236
embedding_head,9500,dev,8,4096,4096,4096,32768,32768,1.0,0.9990630225926348,0.9999999999999999,1.0,0.9990630225926348,0.9999999999999999,1.0,0.0006502632495688498
embedding_head,9500,dev,9,4096,4095,4095,36863,36864,0.999755859375,0.9986182969663738,0.9999569018847606,0.999755859375,0.9986182969663738,0.9999569018847606,0.9999728732638888,0.0011637332381715382
embedding_head,9500,dev,10,4096,4091,4092,40955,40960,0.998779296875,0.997145424476127,0.9994784794090062,0.9990234375,0.9974915571936952,0.9996201704329383,0.9998779296875,0.003018052328689569
embedding_head,9500,dev,11,4096,4087,4089,45044,45056,0.997802734375,0.9958290482073086,0.9988435607118235,0.998291015625,0.9964763422189936,0.9991719141831389,0.9997336647727273,0.005243555288148238
embedding_head,9500,dev,12,4096,4079,4084,49128,49152,0.995849609375,0.9933629968413301,0.9974070221457995,0.9970703125,0.9948858699188933,0.9983232677757378,0.99951171875,0.007151127243620881
embedding_head,9500,ood_dev,1,4096,4096,4096,4096,4096,1.0,0.9990630225926348,0.9999999999999999,1.0,0.9990630225926348,0.9999999999999999,1.0,2.1370627589112345e-05
embedding_head,9500,ood_dev,2,4096,4096,4096,8192,8192,1.0,0.9990630225926348,0.9999999999999999,1.0,0.9990630225926348,0.9999999999999999,1.0,1.9209637713180072e-05
embedding_head,9500,ood_dev,3,4096,4096,4096,12288,12288,1.0,0.9990630225926348,0.9999999999999999,1.0,0.9990630225926348,0.9999999999999999,1.0,2.3184413229460077e-05
embedding_head,9500,ood_dev,4,4096,4096,4096,16384,16384,1.0,0.9990630225926348,0.9999999999999999,1.0,0.9990630225926348,0.9999999999999999,1.0,3.187562737960725e-05
embedding_head,9500,ood_dev,5,4096,4096,4096,20480,20480,1.0,0.9990630225926348,0.9999999999999999,1.0,0.9990630225926348,0.9999999999999999,1.0,4.3937036156904696e-05
embedding_head,9500,ood_dev,6,4096,4096,4096,24576,24576,1.0,0.9990630225926348,0.9999999999999999,1.0,0.9990630225926348,0.9999999999999999,1.0,0.0001523342597057331
embedding_head,9500,ood_dev,7,4096,4095,4095,28671,28672,0.999755859375,0.9986182969663738,0.9999569018847606,0.999755859375,0.9986182969663738,0.9999569018847606,0.9999651227678571,0.000627049793494372
embedding_head,9500,ood_dev,8,4096,4094,4094,32765,32768,0.99951171875,0.9982212896544476,0.9998660854551866,0.99951171875,0.9982212896544476,0.9998660854551866,0.999908447265625,0.0013594699200474292
embedding_head,9500,ood_dev,9,4096,4092,4093,36858,36864,0.9990234375,0.9974915571936952,0.9996201704329383,0.999267578125,0.9978486714629491,0.9997508799051849,0.9998372395833334,0.002088111311480234
embedding_head,9500,ood_dev,10,4096,4091,4092,40950,40960,0.998779296875,0.997145424476127,0.9994784794090062,0.9990234375,0.9974915571936952,0.9996201704329383,0.999755859375,0.0036848633676994647
embedding_head,9500,ood_dev,11,4096,4086,4088,45038,45056,0.99755859375,0.9955114747539533,0.9986733104236785,0.998046875,0.9961504506055915,0.9990099820550408,0.9996004971590909,0.005763901282804129
embedding_head,9500,ood_dev,12,4096,4080,4086,49124,49152,0.99609375,0.9936637657680687,0.9975940769605611,0.99755859375,0.9955114747539533,0.9986733104236785,0.9994303385416666,0.007551361789641997
embedding_head,9500,ood_dev,13,4096,4069,4080,53204,53248,0.993408203125,0.9904260923610462,0.9954656892110803,0.99609375,0.9936637657680687,0.9975940769605611,0.9991736778846154,0.012085780314614714
embedding_head,9500,ood_dev,14,4096,4056,4068,57272,57344,0.990234375,0.9867300726317991,0.9928200003008232,0.9931640625,0.9901378308615215,0.9952661269691047,0.9987444196428571,0.022629819048978317
embedding_head,9500,ood_dev,15,4096,4044,4057,61329,61440,0.9873046875,0.9833908284717333,0.9903053595628853,0.990478515625,0.9870110133784079,0.9930268832957149,0.998193359375,0.0351980458318607
embedding_head,9500,ood_dev,16,4096,4022,4044,65373,65536,0.98193359375,0.9773800946662805,0.9855839710553314,0.9873046875,0.9833908284717333,0.9903053595628853,0.9975128173828125,0.04180836092299145
embedding_head,9500,ood_dev,17,4096,3989,4024,69397,69632,0.973876953125,0.9685304473439507,0.978335434908151,0.982421875,0.9779220041441211,0.9860177090604912,0.9966251148897058,0.06142747783079683
embedding_head,9500,ood_dev,18,4096,3962,4006,73403,73728,0.96728515625,0.9613845411819059,0.9723101000496873,0.97802734375,0.9730698833974413,0.9820890024601655,0.9955919053819444,0.0763515959770068
embedding_head,9500,ood_dev,19,4096,3924,3972,77375,77824,0.9580078125,0.9514241848736409,0.9637331541809406,0.9697265625,0.964023311604608,0.9745495670419884,0.9942305715460527,0.10138950899985977
embedding_head,9500,ood_dev,20,4096,3893,3958,81333,81920,0.950439453125,0.9433605410456114,0.9566742620224604,0.96630859375,0.960331329020896,0.971412017244696,0.99283447265625,0.1152876182451279
embedding_head,9500,ood_dev,21,4096,3859,3924,85257,86016,0.942138671875,0.9345655263512737,0.9488832695057877,0.9580078125,0.9514241848736409,0.9637331541809406,0.9911760602678571,0.14307182907760374
embedding_head,9500,ood_dev,22,4096,3816,3899,89156,90112,0.931640625,0.9235007973638772,0.9389715776086708,0.951904296875,0.9449176066361316,0.9580441388809422,0.9893909801136364,0.16398217601416498
embedding_head,9500,ood_dev,23,4096,3783,3885,93041,94208,0.923583984375,0.915045461521617,0.9313287299814208,0.948486328125,0.941286924101402,0.9548452890346674,0.9876125169836957,0.19172653413287433
embedding_head,9500,ood_dev,24,4096,3740,3868,96909,98304,0.9130859375,0.9040670637073458,0.9213307069111787,0.9443359375,0.9368892357284203,0.9509499738021437,0.985809326171875,0.22096268181292023
embedding_head,9500,ood_dev,25,4096,3681,3825,100734,102400,0.898681640625,0.8890639462329901,0.9075522236370159,0.933837890625,0.925811939428527,0.9410508492175237,0.98373046875,0.25297840666142335
embedding_head,9500,ood_dev,26,4096,3627,3786,104520,106496,0.885498046875,0.8753832915554963,0.894890396273493,0.92431640625,0.9158129772637488,0.93202468546379,0.9814453125,0.2844976768621731
embedding_head,9500,ood_dev,27,4096,3576,3768,108288,110592,0.873046875,0.8625006218334564,0.8828940551790171,0.919921875,0.911211096651605,0.9278457387289282,0.9791666666666666,0.31365660713079746
embedding_head,9500,ood_dev,28,4096,3533,3741,112029,114688,0.862548828125,0.8516638974389052,0.8727543586890549,0.913330078125,0.9043219227972369,0.9215636715627878,0.9768153599330357,0.3526576762670487
embedding_head,9500,ood_dev,29,4096,3477,3708,115737,118784,0.848876953125,0.8375816138522119,0.8595185127517311,0.9052734375,0.8959219033341888,0.9138655075563258,0.9743483970905172,0.38474311219580837
embedding_head,9500,ood_dev,30,4096,3421,3663,119400,122880,0.835205078125,0.8235304560358756,0.8462515410440499,0.894287109375,0.8844987461372489,0.9033365963857516,0.9716796875,0.4258175507748848
embedding_head,9500,ood_dev,31,4096,3361,3641,123041,126976,0.820556640625,0.8085066484482795,0.8320059241416276,0.888916015625,0.878925915308623,0.8981773049013707,0.9690098916330645,0.46341345571842985
embedding_head,9500,ood_dev,32,4096,3311,3603,126644,131072,0.808349609375,0.7960091161598218,0.8201122693550696,0.879638671875,0.8693165892508347,0.8892493287821474,0.966217041015625,0.5074028238244737
embedding_head,9500,ood_dev,33,4096,3270,3585,130229,135168,0.79833984375,0.7857751417753802,0.8103454703379986,0.875244140625,0.864771581869222,0.8850135088167544,0.9634602864583334,0.5576799267968995
embedding_head,9500,ood_dev,34,4096,3218,3553,133782,139264,0.78564453125,0.7728124398925837,0.7979413376627789,0.867431640625,0.856701543629456,0.8774731873285104,0.9606359145220589,0.5933339521993193
embedding_head,9500,ood_dev,35,4096,3163,3526,137308,143360,0.772216796875,0.7591212716179107,0.784802200154935,0.86083984375,0.8499017850055347,0.8711017049319235,0.9577845982142857,0.6329910449856808
embedding_head,9500,ood_dev,36,4096,3105,3477,140785,147456,0.758056640625,0.7447035368445035,0.7709261579213241,0.848876953125,0.8375816138522119,0.8595185127517311,0.9547593858506944,0.6774288577639587
embedding_head,10000,dev,1,102400,102400,102400,102400,102400,1.0,0.9999624871609701,1.0,1.0,0.9999624871609701,1.0,1.0,1.9453812892749056e-05
embedding_head,10000,dev,2,102400,102400,102400,204800,204800,1.0,0.9999624871609701,1.0,1.0,0.9999624871609701,1.0,1.0,1.757297865796481e-05
embedding_head,10000,dev,3,102400,102400,102400,307200,307200,1.0,0.9999624871609701,1.0,1.0,0.9999624871609701,1.0,1.0,2.1145177823433948e-05
embedding_head,10000,dev,4,102400,102400,102400,409600,409600,1.0,0.9999624871609701,1.0,1.0,0.9999624871609701,1.0,1.0,2.9154172434302516e-05
embedding_head,10000,dev,5,102400,102399,102399,511999,512000,0.999990234375,0.9999446805183295,0.9999982761253133,0.999990234375,0.9999446805183295,0.9999982761253133,0.999998046875,7.121084498590502e-05
embedding_head,10000,dev,6,102400,102397,102397,614396,614400,0.999970703125,0.9999138592392058,0.9999900363697822,0.999970703125,0.9999138592392058,0.9999900363697822,0.9999934895833333,0.00013530581711438395
embedding_head,10000,dev,7,102400,102390,102391,716787,716800,0.99990234375,0.9998202295599984,0.9999469524276979,0.999912109375,0.9998329541276058,0.999953758377418,0.9999818638392857,0.000376761044335443
embedding_head,10000,dev,8,102400,102376,102381,819168,819200,0.999765625,0.9996512662615883,0.999842488483525,0.999814453125,0.999710201380565,0.999881205951185,0.9999609375,0.0007035612360125044
embedding_head,10000,dev,9,102400,102341,102350,921518,921600,0.999423828125,0.9992569299552471,0.9995532566834086,0.99951171875,0.9993563827385776,0.9996295785560243,0.9999110243055556,0.0016146024987741025
embedding_head,10000,dev,10,102400,102275,102296,1023814,1024000,0.998779296875,0.9985459092135275,0.9989752632815222,0.998984375,0.9987696703064923,0.9991616430524322,0.999818359375,0.003137456438855204
embedding_head,10000,dev,11,102400,102151,102206,1126020,1126400,0.997568359375,0.9972474619374707,0.997851926408986,0.99810546875,0.9978197932403128,0.9983537735591488,0.9996626420454545,0.005466639654921073
embedding_head,10000,dev,12,102400,101994,102112,1228132,1228800,0.99603515625,0.9956312057415272,0.9964018913845337,0.9971875,0.9968439552812008,0.9974937428894887,0.9994563802083334,0.008276522411104098
embedding_head,10000,ood_dev,1,102400,102400,102400,102400,102400,1.0,0.9999624871609701,1.0,1.0,0.9999624871609701,1.0,1.0,1.9461385392522957e-05
embedding_head,10000,ood_dev,2,102400,102400,102400,204800,204800,1.0,0.9999624871609701,1.0,1.0,0.9999624871609701,1.0,1.0,1.756698310943605e-05
embedding_head,10000,ood_dev,3,102400,102400,102400,307200,307200,1.0,0.9999624871609701,1.0,1.0,0.9999624871609701,1.0,1.0,2.114037532087387e-05
embedding_head,10000,ood_dev,4,102400,102400,102400,409600,409600,1.0,0.9999624871609701,1.0,1.0,0.9999624871609701,1.0,1.0,2.8719910007262152e-05
embedding_head,10000,ood_dev,5,102400,102400,102400,512000,512000,1.0,0.9999624871609701,1.0,1.0,0.9999624871609701,1.0,1.0,5.0386839929084104e-05
embedding_head,10000,ood_dev,6,102400,102398,102398,614398,614400,0.99998046875,0.9999287823158808,0.9999946438104347,0.99998046875,0.9999287823158808,0.9999946438104347,0.9999967447916667,0.00013244659502815282
embedding_head,10000,ood_dev,7,102400,102394,102395,716793,716800,0.99994140625,0.9998721583660714,0.9999731456909345,0.999951171875,0.9998856912053655,0.9999791433689678,0.999990234375,0.00028129526340482604
embedding_head,10000,ood_dev,8,102400,102371,102374,819167,819200,0.999716796875,0.9995933030510014,0.9998027991074752,0.99974609375,0.9996279799998077,0.999826713710651,0.999959716796875,0.0009348330128144733
embedding_head,10000,ood_dev,9,102400,102344,102359,921526,921600,0.999453125,0.9992899777075444,0.9995788004830934,0.999599609375,0.9994569122761486,0.9997048236743996,0.9999197048611111,0.0015166283770979795
embedding_head,10000,ood_dev,10,102400,102277,102313,1023839,1024000,0.998798828125,0.9985671487903861,0.9989930847393184,0.999150390625,0.9989522370091191,0.9993110951443704,0.9998427734375,0.0028087725972174614
embedding_head,10000,ood_dev,11,102400,102163,102228,1126067,1126400,0.997685546875,0.9973719716708869,0.9979617828834981,0.9983203125,0.9980501166976571,0.9985531214830065,0.9997043678977273,0.005050218208079768
embedding_head,10000,ood_dev,12,102400,101981,102107,1228174,1228800,0.995908203125,0.9954981759851387,0.9962810244156663,0.997138671875,0.9967923381805535,0.9974477074034993,0.9994905598958334,0.007973212226508819
embedding_head,10000,ood_dev,13,102400,101754,101969,1330143,1331200,0.99369140625,0.9931875996672119,0.9941581733002818,0.995791015625,0.9953754633232506,0.9961693708696262,0.9992059795673077,0.01250280240792598
embedding_head,10000,ood_dev,14,102400,101463,101761,1431904,1433600,0.990849609375,0.9902477107900931,0.9914146816351381,0.993759765625,0.9932585723767877,0.9942239142119975,0.9988169642857143,0.01904130752565663
embedding_head,10000,ood_dev,15,102400,101065,101495,1533399,1536000,0.986962890625,0.986249629187965,0.9876396173409758,0.991162109375,0.9905701482832487,0.9917172206964582,0.998306640625,0.026816964878475746
embedding_head,10000,ood_dev,16,102400,100627,101253,1634652,1638400,0.982685546875,0.9818683178463157,0.9834665620932403,0.988798828125,0.9881356528593763,0.9894253309271086,0.99771240234375,0.03515896249583898
embedding_head,10000,ood_dev,17,102400,100058,100874,1735526,1740800,0.97712890625,0.9761952253174078,0.978026790262879,0.98509765625,0.9843371452321616,0.9858217724872529,0.9969703584558823,0.04566483026112726
embedding_head,10000,ood_dev,18,102400,99452,100552,1836078,1843200,0.9712109375,0.9701689657192457,0.9722175563606591,0.981953125,0.981119509649597,0.9827505814904067,0.9961360677083333,0.05726380471167577
embedding_head,10000,ood_dev,19,102400,98771,100086,1936164,1945600,0.964560546875,0.9634105900808698,0.965675649699101,0.97740234375,0.9764740137677823,0.9782948562976705,0.9951500822368421,0.07218845222169315
embedding_head,10000,ood_dev,20,102400,98025,99709,2035873,2048000,0.957275390625,0.9560194714131675,0.9584970024405909,0.973720703125,0.9727230241497788,0.9746828408832582,0.99407861328125,0.08623654739685956
embedding_head,10000,ood_dev,21,102400,97203,99244,2135117,2150400,0.949248046875,0.9478867577099913,0.9505756309006747,0.9691796875,0.9681033927315187,0.9702207817442948,0.9928929501488095,0.10361234714015585
embedding_head,10000,ood_dev,22,102400,96303,98711,2233828,2252800,0.940458984375,0.9389930348787697,0.9418918881372699,0.963974609375,0.9628156999365443,0.9650987088037848,0.9915784801136364,0.12187683751410823
embedding_head,10000,ood_dev,23,102400,95460,98254,2332082,2355200,0.9322265625,0.9306707603544794,0.9337499365545937,0.95951171875,0.9582871565648524,0.9607018057568718,0.9901842730978261,0.14247035476752778
embedding_head,10000,ood_dev,24,102400,94435,97680,2429762,2457600,0.922216796875,0.9205604832534693,0.9238414333950569,0.95390625,0.9526048176474068,0.9551736277284112,0.9886726888020834,0.16410831576319163
embedding_head,10000,ood_dev,25,102400,93395,97086,2526848,2560000,0.912060546875,0.9103104430478247,0.9137797355802443,0.94810546875,0.9467299942196802,0.9494473238636846,0.98705,0.18741428685572661
embedding_head,10000,ood_dev,26,102400,92304,96503,2623351,2662400,0.90140625,0.8995652386279736,0.9032171455959426,0.942412109375,0.940968574408552,0.9438224520729602,0.9853331580528846,0.21401033367025138
embedding_head,10000,ood_dev,27,102400,91118,95745,2719096,2764800,0.88982421875,0.8878918198056375,0.8917273708680266,0.935009765625,0.9334835497044103,0.9365033446429611,0.9834693287037037,0.24189897646952152
embedding_head,10000,ood_dev,28,102400,89980,95161,2814257,2867200,0.8787109375,0.8766971694876563,0.8806962924674689,0.929306640625,0.927720601199029,0.9308604710291625,0.9815349469866071,0.26818972108715994
embedding_head,10000,ood_dev,29,102400,88804,94523,2908780,2969600,0.8672265625,0.8651344238375809,0.869291149740566,0.923076171875,0.9214281524209917,0.9246924497523423,0.9795191271551724,0.2997023955257448
embedding_head,10000,ood_dev,30,102400,87588,93789,3002569,3072000,0.8553515625,0.8531838266001621,0.8574926379079117,0.915908203125,0.9141927494597232,0.9175924529953267,0.9773987630208333,0.3306632748108151
embedding_head,10000,ood_dev,31,102400,86397,93121,3095690,3174400,0.843720703125,0.8414837448672926,0.8459318735038922,0.909384765625,0.9076111570091355,0.9111276598712362,0.9752047631048387,0.3627168085462828
embedding_head,10000,ood_dev,32,102400,85165,92428,3188118,3276800,0.831689453125,0.8293854431326543,0.8339685778912197,0.9026171875,0.9007861590321032,0.9044180093404061,0.9729364013671875,0.3979879653240478
embedding_head,10000,ood_dev,33,102400,83880,91675,3279793,3379200,0.819140625,0.8167711878114831,0.8214861184467298,0.895263671875,0.8933732985346825,0.8971243902903225,0.9705826822916667,0.43308815033477627
embedding_head,10000,ood_dev,34,102400,82630,90908,3370701,3481600,0.80693359375,0.804504576102551,0.8093395834964584,0.8877734375,0.885825582501165,0.8896921995337529,0.9681471162683823,0.46932993231341746
embedding_head,10000,ood_dev,35,102400,81344,90304,3461005,3584000,0.794375,0.7918885591917825,0.7968393551242386,0.881875,0.879883815321541,0.8838375342476498,0.9656821986607143,0.5046550540183685
embedding_head,10000,ood_dev,36,102400,80112,89584,3550589,3686400,0.78234375,0.7798057341645508,0.7848605828041595,0.87484375,0.8728029770198245,0.8768564000736654,0.9631589084201388,0.5423499633982695
baseline,500,dev,1,4096,4096,4096,4096,4096,1.0,0.9990630225926348,0.9999999999999999,1.0,0.9990630225926348,0.9999999999999999,1.0,0.00216769913285475
baseline,500,dev,2,4096,4096,4096,8192,8192,1.0,0.9990630225926348,0.9999999999999999,1.0,0.9990630225926348,0.9999999999999999,1.0,0.012094602502415341
baseline,500,dev,3,4096,231,231,8423,12288,0.056396484375,0.04973859724567345,0.06388566444826334,0.056396484375,0.04973859724567345,0.06388566444826334,0.6854654947916666,3.9425821769714275
baseline,500,dev,4,4096,4,77,8500,16384,0.0009765625,0.000379829567061715,0.0025084428063047127,0.018798828125,0.01506804743850219,0.023431358064386867,0.518798828125,4.093704838311851
baseline,500,dev,5,4096,0,55,8555,20480,0.0,0.0,0.0009369774073651883,0.013427734375,0.010331122163193216,0.017436161026689018,0.417724609375,4.09960120159667
baseline,500,dev,6,4096,0,72,8627,24576,0.0,0.0,0.0009369774073651883,0.017578125,0.013982290939508705,0.022077995855878798,0.3510335286458333,4.09794074553065
baseline,500,dev,7,4096,0,66,8693,28672,0.0,0.0,0.0009369774073651883,0.01611328125,0.01268594169611479,0.020447402650270854,0.30318777901785715,4.095422029786278
baseline,500,dev,8,4096,0,56,8749,32768,0.0,0.0,0.0009369774073651883,0.013671875,0.01054387645975476,0.017711230471627787,0.266998291015625,4.098524092056323
baseline,500,dev,9,4096,0,80,8829,36864,0.0,0.0,0.0009369774073651883,0.01953125,0.015721675338006252,0.02424120138938373,0.239501953125,4.09707376168808
baseline,500,dev,10,4096,0,74,8903,40960,0.0,0.0,0.0009369774073651883,0.01806640625,0.014416028944668636,0.02261990533371949,0.2173583984375,4.097326650691684
baseline,500,dev,11,4096,0,67,8970,45056,0.0,0.0,0.0009369774073651883,0.016357421875,0.012901468019013623,0.020719700068872332,0.19908558238636365,4.0963929338613525
baseline,500,dev,12,4096,0,68,9038,49152,0.0,0.0,0.0009369774073651883,0.0166015625,0.013117213150496153,0.020991778678890113,0.18387858072916666,4.097268775571138
baseline,500,ood_dev,1,4096,4096,4096,4096,4096,1.0,0.9990630225926348,0.9999999999999999,1.0,0.9990630225926348,0.9999999999999999,1.0,0.002180558113053621
baseline,500,ood_dev,2,4096,4096,4096,8192,8192,1.0,0.9990630225926348,0.9999999999999999,1.0,0.9990630225926348,0.9999999999999999,1.0,0.012084806911929036
baseline,500,ood_dev,3,4096,211,211,8403,12288,0.051513671875,0.04515471096533265,0.058713075898597936,0.051513671875,0.04515471096533265,0.058713075898597936,0.683837890625,3.968975547376459
baseline,500,ood_dev,4,4096,2,55,8458,16384,0.00048828125,0.00013391454481334652,0.0017787103455524616,0.013427734375,0.010331122163193216,0.017436161026689018,0.5162353515625,4.098955072404351
baseline,500,ood_dev,5,4096,0,72,8530,20480,0.0,0.0,0.0009369774073651883,0.017578125,0.013982290939508705,0.022077995855878798,0.41650390625,4.096750756434631
baseline,500,ood_dev,6,4096,0,58,8588,24576,0.0,0.0,0.0009369774073651883,0.01416015625,0.010970229851119503,0.018260524563263665,0.3494466145833333,4.096938020200469
baseline,500,ood_dev,7,4096,0,68,8656,28672,0.0,0.0,0.0009369774073651883,0.0166015625,0.013117213150496153,0.020991778678890113,0.30189732142857145,4.098028941603843
baseline,500,ood_dev,8,4096,0,66,8722,32768,0.0,0.0,0.0009369774073651883,0.01611328125,0.01268594169611479,0.020447402650270854,0.26617431640625,4.098170407640282
baseline,500,ood_dev,9,4096,0,72,8794,36864,0.0,0.0,0.0009369774073651883,0.017578125,0.013982290939508705,0.022077995855878798,0.2385525173611111,4.098733241378795
baseline,500,ood_dev,10,4096,0,59,8853,40960,0.0,0.0,0.0009369774073651883,0.014404296875,0.011183814817094736,0.01853476333878874,0.2161376953125,4.09748196171131
baseline,500,ood_dev,11,4096,0,68,8921,45056,0.0,0.0,0.0009369774073651883,0.0166015625,0.013117213150496153,0.020991778678890113,0.197998046875,4.098426647717133
baseline,500,ood_dev,12,4096,0,60,8981,49152,0.0,0.0,0.0009369774073651883,0.0146484375,0.01139766303294143,0.018808738864442356,0.18271891276041666,4.097480184980668
baseline,500,ood_dev,13,4096,0,67,9048,53248,0.0,0.0,0.0009369774073651883,0.016357421875,0.012901468019013623,0.020719700068872332,0.169921875,4.097892888356
baseline,500,ood_dev,14,4096,0,75,9123,57344,0.0,0.0,0.0009369774073651883,0.018310546875,0.014633183903943853,0.022890574115944584,0.15909249441964285,4.096841491875239
baseline,500,ood_dev,15,4096,0,63,9186,61440,0.0,0.0,0.0009369774073651883,0.015380859375,0.012040724876904885,0.019629148244979834,0.14951171875,4.0969287232728675
baseline,500,ood_dev,16,4096,0,76,9262,65536,0.0,0.0,0.0009369774073651883,0.0185546875,0.014850524581988338,0.02316105717940041,0.141326904296875,4.098507378948852
baseline,500,ood_dev,17,4096,0,57,9319,69632,0.0,0.0,0.0009369774073651883,0.013916015625,0.01075691476118927,0.017986015911693586,0.13383214613970587,4.098581868689507
baseline,500,ood_dev,18,4096,0,74,9393,73728,0.0,0.0,0.0009369774073651883,0.01806640625,0.014416028944668636,0.02261990533371949,0.12740071614583334,4.096801450534258
baseline,500,ood_dev,19,4096,0,72,9465,77824,0.0,0.0,0.0009369774073651883,0.017578125,0.013982290939508705,0.022077995855878798,0.12162057976973684,4.096865248051472
baseline,500,ood_dev,20,4096,0,59,9524,81920,0.0,0.0,0.0009369774073651883,0.014404296875,0.011183814817094736,0.01853476333878874,0.116259765625,4.096613084198907
baseline,500,ood_dev,21,4096,0,63,9587,86016,0.0,0.0,0.0009369774073651883,0.015380859375,0.012040724876904885,0.019629148244979834,0.11145600818452381,4.094757262675557
baseline,500,ood_dev,22,4096,0,82,9669,90112,0.0,0.0,0.0009369774073651883,0.02001953125,0.01615827811132198,0.024780246099068624,0.1072998046875,4.095126694592182
baseline,500,ood_dev,23,4096,0,72,9741,94208,0.0,0.0,0.0009369774073651883,0.017578125,0.013982290939508705,0.022077995855878798,0.10339886209239131,4.096276361960918
baseline,500,ood_dev,24,4096,0,68,9809,98304,0.0,0.0,0.0009369774073651883,0.0166015625,0.013117213150496153,0.020991778678890113,0.09978230794270833,4.095638171595056
baseline,500,ood_dev,25,4096,0,70,9879,102400,0.0,0.0,0.0009369774073651883,0.01708984375,0.0135493413532538,0.021535297959133087,0.096474609375,4.097073215001728
baseline,500,ood_dev,26,4096,0,52,9931,106496,0.0,0.0,0.0009369774073651883,0.0126953125,0.009694640437114613,0.016609171528266693,0.09325232872596154,4.096828189154621
baseline,500,ood_dev,27,4096,0,54,9985,110592,0.0,0.0,0.0009369774073651883,0.01318359375,0.010118659410882703,0.017160800037499223,0.09028682002314815,4.0967557996627875
baseline,500,ood_dev,28,4096,0,65,10050,114688,0.0,0.0,0.0009369774073651883,0.015869140625,0.012470639018872916,0.020174881586012418,0.08762904575892858,4.09723376884358
baseline,500,ood_dev,29,4096,0,64,10114,118784,0.0,0.0,0.0009369774073651883,0.015625,0.012255565007829483,0.01990213185555554,0.08514614762931035,4.09957955632126
baseline,500,ood_dev,30,4096,0,77,10191,122880,0.0,0.0,0.0009369774073651883,0.018798828125,0.01506804743850219,0.023431358064386867,0.0829345703125,4.095961248152889
baseline,500,ood_dev,31,4096,0,54,10245,126976,0.0,0.0,0.0009369774073651883,0.01318359375,0.010118659410882703,0.017160800037499223,0.08068453881048387,4.096717660955619
baseline,500,ood_dev,32,4096,0,82,10327,131072,0.0,0.0,0.0009369774073651883,0.02001953125,0.01615827811132198,0.024780246099068624,0.07878875732421875,4.096194814366754
baseline,500,ood_dev,33,4096,0,60,10387,135168,0.0,0.0,0.0009369774073651883,0.0146484375,0.01139766303294143,0.018808738864442356,0.07684511126893939,4.098831303825136
baseline,500,ood_dev,34,4096,0,68,10455,139264,0.0,0.0,0.0009369774073651883,0.0166015625,0.013117213150496153,0.020991778678890113,0.0750732421875,4.09637738764286
baseline,500,ood_dev,35,4096,0,58,10513,143360,0.0,0.0,0.0009369774073651883,0.01416015625,0.010970229851119503,0.018260524563263665,0.07333286830357143,4.099622309557162
baseline,500,ood_dev,36,4096,0,74,10587,147456,0.0,0.0,0.0009369774073651883,0.01806640625,0.014416028944668636,0.02261990533371949,0.07179768880208333,4.097259794711135
baseline,1000,dev,1,102400,102400,102400,102400,102400,1.0,0.9999624871609701,1.0,1.0,0.9999624871609701,1.0,1.0,0.0022346321422472217
baseline,1000,dev,2,102400,102400,102400,204800,204800,1.0,0.9999624871609701,1.0,1.0,0.9999624871609701,1.0,1.0,0.008247190304025195
baseline,1000,dev,3,102400,102343,102343,307143,307200,0.999443359375,0.9992789510277558,0.9995702966455544,0.999443359375,0.9992789510277558,0.9995702966455544,0.999814453125,0.015147819321256577
baseline,1000,dev,4,102400,102015,102063,409206,409600,0.996240234375,0.9958463114681899,0.9965969265217454,0.996708984375,0.9963390734108176,0.9970416294108312,0.9990380859375,0.025622060852162745
baseline,1000,dev,5,102400,101083,101364,510570,512000,0.987138671875,0.9864300402382796,0.9878107556025538,0.9898828125,0.989251228937778,0.9904776422720443,0.99720703125,0.04371854988256757
baseline,1000,dev,6,102400,99472,100315,610885,614400,0.97140625,0.970367647575484,0.9724094848509682,0.979638671875,0.9787554725010302,0.9804858860323885,0.9942789713541667,0.06995479060443102
baseline,1000,dev,7,102400,97096,98897,709782,716800,0.948203125,0.9468288556556211,0.9495437676010173,0.965791015625,0.9646601324663432,0.9668869524968754,0.9902092633928572,0.10414768613855131
baseline,1000,dev,8,102400,94161,97242,807024,819200,0.919541015625,0.9178592499302636,0.9211913049705653,0.94962890625,0.9482723872439763,0.9509516915424568,0.98513671875,0.14439062439547798
baseline,1000,dev,9,102400,90673,95363,902387,921600,0.885478515625,0.8835136071198111,0.8874145033431766,0.931279296875,0.9297135975602097,0.9328126391681092,0.9791525607638889,0.19324742880707418
baseline,1000,dev,10,102400,86885,93314,995701,1024000,0.848486328125,0.8462771863314117,0.8506693244955262,0.91126953125,0.9095124295624785,0.9129957771620741,0.9723642578125,0.24655371464984113
baseline,1000,dev,11,102400,82927,91214,1086915,1126400,0.809833984375,0.8074187765573492,0.8122259466878871,0.89076171875,0.8888364549901039,0.892657665346987,0.9649458451704546,0.30418568640842464
baseline,1000,dev,12,102400,78874,89124,1176039,1228800,0.77025390625,0.7676672433139972,0.7728202932034381,0.8703515625,0.8682802120838697,0.8723951270390331,0.95706298828125,0.3662251254403759
baseline,1000,ood_dev,1,102400,102400,102400,102400,102400,1.0,0.9999624871609701,1.0,1.0,0.9999624871609701,1.0,1.0,0.0022362349159904225
baseline,1000,ood_dev,2,102400,102400,102400,204800,204800,1.0,0.9999624871609701,1.0,1.0,0.9999624871609701,1.0,1.0,0.008163510978694149
baseline,1000,ood_dev,3,102400,102352,102352,307152,307200,0.99953125,0.9993786192504616,0.9996464030787949,0.99953125,0.9993786192504616,0.9996464030787949,0.99984375,0.015075445252018937
baseline,1000,ood_dev,4,102400,102061,102103,409255,409600,0.996689453125,0.9963185084727131,0.9970231333142809,0.997099609375,0.9967510616932448,0.9974108618214984,0.99915771484375,0.025094188093375464
baseline,1000,ood_dev,5,102400,101205,101438,510693,512000,0.988330078125,0.9876537331027182,0.9889697858520534,0.99060546875,0.9899959273109751,0.991178202181072,0.997447265625,0.04270058709909307
baseline,1000,ood_dev,6,102400,99622,100446,611139,614400,0.97287109375,0.9718581724423478,0.9738485375832087,0.98091796875,0.9800617829924082,0.9817380733108952,0.9946923828125,0.06745343667837118
baseline,1000,ood_dev,7,102400,97301,99000,710139,716800,0.950205078125,0.9488558159304278,0.9515205633783198,0.966796875,0.9656818696236528,0.9678768586242842,0.9907073102678572,0.10176064083755477
baseline,1000,ood_dev,8,102400,94285,97216,807355,819200,0.920751953125,0.9190816368926554,0.9223907021567664,0.949375,0.9480152985436977,0.9507009867922241,0.985540771484375,0.14446491480905393
baseline,1000,ood_dev,9,102400,90787,95427,902782,921600,0.886591796875,0.8846351295400908,0.8885194598982163,0.931904296875,0.9303451180266996,0.9334310718105704,0.9795811631944444,0.19107303571683076
baseline,1000,ood_dev,10,102400,87103,93438,996220,1024000,0.850615234375,0.848418760860162,0.8527854027441409,0.91248046875,0.9107340969400276,0.914195893933118,0.97287109375,0.24482224488559864
baseline,1000,ood_dev,11,102400,83071,91246,1087466,1126400,0.811240234375,0.8088317987193085,0.813625319021068,0.89107421875,0.8891513432118184,0.8929677536797481,0.9654350142045455,0.3036840185879754
baseline,1000,ood_dev,12,102400,79032,89113,1176579,1228800,0.771796875,0.7692162496981934,0.7743571085569654,0.870244140625,0.868172069134784,0.872288434297518,0.95750244140625,0.368571374445321
baseline,1000,ood_dev,13,102400,74909,86973,1263552,1331200,0.731533203125,0.7288102385596801,0.7342387967547622,0.849345703125,0.8471416568644854,0.8515235394872605,0.9491826923076923,0.42972845265522436
baseline,1000,ood_dev,14,102400,70938,84938,1348490,1433600,0.69275390625,0.6899209884271299,0.695572362580355,0.82947265625,0.8271567646948655,0.8317638288956971,0.9406319754464286,0.4981255611794023
baseline,1000,ood_dev,15,102400,66959,82737,1431227,1536000,0.653896484375,0.650976987854046,0.6568044347078629,0.807978515625,0.805554448909167,0.8103794760438703,0.9317884114583334,0.5641166660045138
baseline,1000,ood_dev,16,102400,63213,80860,1512087,1638400,0.617314453125,0.6143331492563563,0.6202869553972518,0.7896484375,0.7871413463097618,0.7921337976198157,0.9229046630859375,0.6324150299617969
baseline,1000,ood_dev,17,102400,59510,78532,1590619,1740800,0.58115234375,0.5781275168073841,0.584171082183,0.7669140625,0.7643144980119899,0.7694936015794874,0.9137287454044117,0.7116217818814937
baseline,1000,ood_dev,18,102400,56067,76723,1667342,1843200,0.547529296875,0.5444789945779465,0.5505760332543277,0.749248046875,0.74658392240477,0.7518934713415081,0.9045909288194445,0.7798835468234063
baseline,1000,ood_dev,19,102400,52732,74812,1742154,1945600,0.5149609375,0.5118993611491772,0.5180213913963426,0.7305859375,0.7278599852957041,0.733294589837984,0.895432771381579,0.8530968486148851
baseline,1000,ood_dev,20,102400,49604,73129,1815283,2048000,0.4844140625,0.481353749032322,0.48747554531320725,0.714150390625,0.7113750623704391,0.7169096521012974,0.88636865234375,0.9218161127304478
baseline,1000,ood_dev,21,102400,46703,71416,1886699,2150400,0.456083984375,0.45303508026653017,0.45913618331231976,0.697421875,0.6946008972478072,0.700228041042157,0.8773711867559524,0.9899915103910223
baseline,1000,ood_dev,22,102400,43846,69700,1956399,2252800,0.42818359375,0.4251556540352407,0.431216921539334,0.6806640625,0.6778017896559405,0.6835127809002695,0.8684299538352273,1.06321847964016
baseline,1000,ood_dev,23,102400,41127,68036,2024435,2355200,0.401630859375,0.3986320120797835,0.404637086881692,0.6644140625,0.661515801963031,0.6672999877604475,0.8595596976902173,1.1383121295880552
baseline,1000,ood_dev,24,102400,38636,66497,2090932,2457600,0.3773046875,0.3743405349520862,0.3802780453469289,0.649384765625,0.6464566437134236,0.6523016798432437,0.8508024088541667,1.2070153362477465
baseline,1000,ood_dev,25,102400,36301,65104,2156036,2560000,0.354501953125,0.35157754689174353,0.3574372754478797,0.63578125,0.6328288477807391,0.6387234651389118,0.8422015625,1.2740862745915758
baseline,1000,ood_dev,26,102400,34034,63630,2219666,2662400,0.33236328125,0.3294844249138137,0.33525471464467826,0.62138671875,0.6184113927762197,0.6243529376028986,0.8337086838942308,1.342578905811282
baseline,1000,ood_dev,27,102400,31876,62281,2281947,2764800,0.3112890625,0.3084602361760565,0.3141320469899867,0.608212890625,0.6052190236034365,0.6111986389010695,0.8253569878472222,1.4107072048686182
baseline,1000,ood_dev,28,102400,29843,60827,2342774,2867200,0.291435546875,0.2886601181141063,0.2942266233254086,0.594013671875,0.5910023781558333,0.5970179121546872,0.8170947265625,1.4739484152924955
baseline,1000,ood_dev,29,102400,27930,59735,2402509,2969600,0.27275390625,0.27003459477710323,0.2754902670151669,0.583349609375,0.5803269443296377,0.5863660210594028,0.8090345501077586,1.5386631870332605
baseline,1000,ood_dev,30,102400,26114,58391,2460900,3072000,0.25501953125,0.25235908728452777,0.25769835504125155,0.570224609375,0.5671899423510942,0.5732540077499708,0.80107421875,1.6066165166582027
baseline,1000,ood_dev,31,102400,24433,57238,2518138,3174400,0.238603515625,0.23600274209047978,0.24122390060800297,0.55896484375,0.5559216142133973,0.5620036494092188,0.7932642389112903,1.6682261033886663
baseline,1000,ood_dev,32,102400,22861,56019,2574157,3276800,0.223251953125,0.2207117997573802,0.22581286970248837,0.547060546875,0.5440099893830158,0.550107573617545,0.7855703735351562,1.7304624766777572
baseline,1000,ood_dev,33,102400,21366,54987,2629144,3379200,0.20865234375,0.2061744761787959,0.21115206987666543,0.536982421875,0.5339270362964429,0.5400350328222797,0.7780374053030303,1.7910577592153414
baseline,1000,ood_dev,34,102400,19969,53941,2683085,3481600,0.195009765625,0.1925944944407173,0.19744791890841834,0.526767578125,0.5237085791156791,0.529824568878622,0.7706471162683823,1.8525737320634812
baseline,1000,ood_dev,35,102400,18674,52932,2736017,3584000,0.18236328125,0.18001012468187735,0.18474026872832358,0.5169140625,0.5138527943651566,0.5199740616458356,0.7633976004464286,1.9133678115386397
baseline,1000,ood_dev,36,102400,17444,51887,2787904,3686400,0.1703515625,0.16806134000090361,0.17266651709664121,0.506708984375,0.5036466220980905,0.5097708433058076,0.7562673611111111,1.970443449069104
baseline,1500,dev,1,4096,4096,4096,4096,4096,1.0,0.9990630225926348,0.9999999999999999,1.0,0.9990630225926348,0.9999999999999999,1.0,0.0026026012887285788
baseline,1500,dev,2,4096,4096,4096,8192,8192,1.0,0.9990630225926348,0.9999999999999999,1.0,0.9990630225926348,0.9999999999999999,1.0,0.0021956769649857932
baseline,1500,dev,3,4096,4095,4095,12287,12288,0.999755859375,0.9986182969663738,0.9999569018847606,0.999755859375,0.9986182969663738,0.9999569018847606,0.9999186197916666,0.0022296414069877812
baseline,1500,dev,4,4096,4095,4096,16383,16384,0.999755859375,0.9986182969663738,0.9999569018847606,1.0,0.9990630225926348,0.9999999999999999,0.99993896484375,0.0027390043503423556
baseline,1500,dev,5,4096,4093,4094,20477,20480,0.999267578125,0.9978486714629491,0.9997508799051849,0.99951171875,0.9982212896544476,0.9998660854551866,0.999853515625,0.004750785451712147
baseline,1500,dev,6,4096,4091,4094,24571,24576,0.998779296875,0.997145424476127,0.9994784794090062,0.99951171875,0.9982212896544476,0.9998660854551866,0.9997965494791666,0.006378901211480326
baseline,1500,dev,7,4096,4079,4083,28654,28672,0.995849609375,0.9933629968413301,0.9974070221457995,0.996826171875,0.9945771012522003,0.9981442127009305,0.9993722098214286,0.011755002862381403
baseline,1500,dev,8,4096,4056,4066,32720,32768,0.990234375,0.9867300726317991,0.9928200003008232,0.99267578125,0.9895635962243474,0.994864714123278,0.99853515625,0.023411125611499273
baseline,1500,dev,9,4096,4021,4047,36767,36864,0.981689453125,0.9771094258840555,0.9853668160960561,0.988037109375,0.9842206673133682,0.9909389919457514,0.9973687065972222,0.033408458373811456
baseline,1500,dev,10,4096,3978,4020,40787,40960,0.97119140625,0.9656108163160309,0.9758890047795674,0.9814453125,0.9768389428205996,0.9851494754180116,0.9957763671875,0.05164940965415177
baseline,1500,dev,11,4096,3927,3984,44771,45056,0.958740234375,0.9522071977207031,0.9644136125583794,0.97265625,0.9672017903723954,0.9772249731722046,0.9936745383522727,0.0747815506954268
baseline,1500,dev,12,4096,3862,3952,48723,49152,0.94287109375,0.9353397677479732,0.9495724993335891,0.96484375,0.9587538013451912,0.9700626024713991,0.99127197265625,0.09395784460530088
baseline,1500,ood_dev,1,4096,4096,4096,4096,4096,1.0,0.9990630225926348,0.9999999999999999,1.0,0.9990630225926348,0.9999999999999999,1.0,0.002590349382707302
baseline,1500,ood_dev,2,4096,4096,4096,8192,8192,1.0,0.9990630225926348,0.9999999999999999,1.0,0.9990630225926348,0.9999999999999999,1.0,0.002247581540641974
baseline,1500,ood_dev,3,4096,4096,4096,12288,12288,1.0,0.9990630225926348,0.9999999999999999,1.0,0.9990630225926348,0.9999999999999999,1.0,0.0022204604448656795
baseline,1500,ood_dev,4,4096,4096,4096,16384,16384,1.0,0.9990630225926348,0.9999999999999999,1.0,0.9990630225926348,0.9999999999999999,1.0,0.0024273865355777247
baseline,1500,ood_dev,5,4096,4096,4096,20480,20480,1.0,0.9990630225926348,0.9999999999999999,1.0,0.9990630225926348,0.9999999999999999,1.0,0.004172162906129984
baseline,1500,ood_dev,6,4096,4094,4094,24574,24576,0.99951171875,0.9982212896544476,0.9998660854551866,0.99951171875,0.9982212896544476,0.9998660854551866,0.9999186197916666,0.007397457795324414
baseline,1500,ood_dev,7,4096,4085,4087,28661,28672,0.997314453125,0.9951972177470491,0.9984997436890822,0.997802734375,0.9958290482073086,0.9988435607118235,0.9996163504464286,0.01186381190587582
baseline,1500,ood_dev,8,4096,4053,4059,32720,32768,0.989501953125,0.9858899643168433,0.9921966373912783,0.990966796875,0.9875743543279273,0.993439189829196,0.99853515625,0.025635388862619735
baseline,1500,ood_dev,9,4096,4016,4041,36761,36864,0.98046875,0.9757587986106162,0.9842783246619937,0.986572265625,0.9825638389733109,0.9896688778368068,0.9972059461805556,0.03811274376478835
baseline,1500,ood_dev,10,4096,3987,4026,40787,40960,0.973388671875,0.9679986619577605,0.9778915728113404,0.98291015625,0.9784647020408669,0.9864506586467462,0.9957763671875,0.05408903045832325
baseline,1500,ood_dev,11,4096,3934,3988,44775,45056,0.96044921875,0.9540362633072799,0.9659993131623048,0.9736328125,0.9682644999293395,0.9781135585812619,0.9937633167613636,0.07442432283153444
baseline,1500,ood_dev,12,4096,3883,3962,48737,49152,0.947998046875,0.9407689451321072,0.9543876205209615,0.96728515625,0.9613845411819059,0.9723101000496873,0.9915568033854166,0.0947190082499958
baseline,1500,ood_dev,13,4096,3809,3919,52656,53248,0.929931640625,0.9217048293210383,0.9373527794610076,0.956787109375,0.9501202787839275,0.9625979415631524,0.9888822115384616,0.11919617207684219
baseline,1500,ood_dev,14,4096,3737,3880,56536,57344,0.912353515625,0.9033026080618216,0.9206316913322019,0.947265625,0.9399922864751624,0.9537008079534055,0.9859095982142857,0.1588174297513092
baseline,1500,ood_dev,15,4096,3654,3835,60371,61440,0.89208984375,0.8822180645396832,0.9012268643098146,0.936279296875,0.9283826877232538,0.9433583383378,0.9826009114583333,0.19453013765057925
baseline,1500,ood_dev,16,4096,3580,3795,64166,65536,0.8740234375,0.863509812795288,0.8838361591831867,0.926513671875,0.9181168616357552,0.9341112147652862,0.979095458984375,0.23488743538677426
baseline,1500,ood_dev,17,4096,3487,3736,67902,69632,0.851318359375,0.8400939235187832,0.8618844405001629,0.912109375,0.9030478297998547,0.9203986458526686,0.9751551011029411,0.26655073603312296
baseline,1500,ood_dev,18,4096,3408,3715,71617,73728,0.83203125,0.8202726860874253,0.8431676023529963,0.906982421875,0.8977019985342092,0.9155001785468075,0.9713677300347222,0.30263746726669893
baseline,1500,ood_dev,19,4096,3303,3617,75234,77824,0.806396484375,0.79401128014302,0.818207515439869,0.883056640625,0.8728545429050968,0.8925409075088896,0.9667197779605263,0.35147365364521654
baseline,1500,ood_dev,20,4096,3228,3618,78852,81920,0.7880859375,0.7753038464937227,0.800328168476643,0.88330078125,0.8731073554786435,0.8927759186768431,0.962548828125,0.3757329777328273
baseline,1500,ood_dev,21,4096,3137,3564,82416,86016,0.765869140625,0.7526556587868746,0.778584395706963,0.8701171875,0.8594742247930802,0.8800665673213897,0.9581473214285714,0.42065412697071025
baseline,1500,ood_dev,22,4096,3043,3481,85897,90112,0.742919921875,0.7293130349326771,0.7560715878601314,0.849853515625,0.8385864177487751,0.8604650038211691,0.9532248757102273,0.4819186286887387
baseline,1500,ood_dev,23,4096,2965,3466,89363,94208,0.723876953125,0.7099804688296832,0.737353902126101,0.84619140625,0.8348192165226498,0.8569148489247898,0.9485712466032609,0.5266545289573994
baseline,1500,ood_dev,24,4096,2879,3402,92765,98304,0.702880859375,0.6887009863532034,0.7166805428335541,0.83056640625,0.8187695986178146,0.841743747373605,0.9436543782552084,0.567460316359309
baseline,1500,ood_dev,25,4096,2786,3349,96114,102400,0.68017578125,0.6657291644882781,0.6942847567389505,0.817626953125,0.8055054614633155,0.8291532262285877,0.93861328125,0.639448701065934
baseline,1500,ood_dev,26,4096,2666,3274,99388,106496,0.65087890625,0.6361452584636264,0.6653298137835651,0.79931640625,0.7867730457201327,0.8112988613592473,0.9332557091346154,0.6980902467966814
baseline,1500,ood_dev,27,4096,2588,3233,102621,110592,0.6318359375,0.616948458359397,0.6464763620507704,0.789306640625,0.7765497994844441,0.8015213341934231,0.9279242621527778,0.7495148261532485
baseline,1500,ood_dev,28,4096,2493,3175,105796,114688,0.608642578125,0.5936010578111863,0.6234805071564515,0.775146484375,0.7621068009163776,0.7876705557544716,0.9224679129464286,0.810336384935912
baseline,1500,ood_dev,29,4096,2433,3162,108958,118784,0.593994140625,0.5788736383673609,0.6089385021102585,0.77197265625,0.7588725178051996,0.7845631302261458,0.9172784213362069,0.8447146938362167
baseline,1500,ood_dev,30,4096,2341,3093,112051,122880,0.571533203125,0.556318428079215,0.5866139281803757,0.755126953125,0.7417230327645127,0.7680527771033113,0.9118733723958333,0.9141360235148497
baseline,1500,ood_dev,31,4096,2246,3033,115084,126976,0.54833984375,0.5330611354834872,0.5635279653335742,0.740478515625,0.7268326935529587,0.7536736918248467,0.9063445060483871,0.9553967952924367
baseline,1500,ood_dev,32,4096,2172,3035,118119,131072,0.5302734375,0.5149680816137825,0.5455220623322559,0.740966796875,0.7273287184125798,0.754153314448226,0.9011764526367188,1.0177193069988721
baseline,1500,ood_dev,33,4096,2090,2990,121109,135168,0.51025390625,0.49494247097104555,0.5255461261719676,0.72998046875,0.7161733267469002,0.7433566377463918,0.8959886955492424,1.0597601594349548
baseline,1500,ood_dev,34,4096,2020,2985,124094,139264,0.4931640625,0.47786685340947926,0.5084740818285121,0.728759765625,0.7149344970798438,0.7421563487059467,0.8910701976102942,1.1028658540973382
baseline,1500,ood_dev,35,4096,1955,2915,127009,143360,0.477294921875,0.462026926145551,0.4926054658949201,0.711669921875,0.6976042488336931,0.7253389350470756,0.8859444754464286,1.1589148494631836
baseline,1500,ood_dev,36,4096,1890,2866,129875,147456,0.46142578125,0.446202453147302,0.476721395695649,0.69970703125,0.6854874482150642,0.7135523723321894,0.8807712131076388,1.2108139855089721
baseline,2000,dev,1,4096,4096,4096,4096,4096,1.0,0.9990630225926348,0.9999999999999999,1.0,0.9990630225926348,0.9999999999999999,1.0,0.0018360227979883348
baseline,2000,dev,2,4096,4096,4096,8192,8192,1.0,0.9990630225926348,0.9999999999999999,1.0,0.9990630225926348,0.9999999999999999,1.0,0.0011786647579761222
baseline,2000,dev,3,4096,4096,4096,12288,12288,1.0,0.9990630225926348,0.9999999999999999,1.0,0.9990630225926348,0.9999999999999999,1.0,0.0012077357293467372
baseline,2000,dev,4,4096,4095,4095,16383,16384,0.999755859375,0.9986182969663738,0.9999569018847606,0.999755859375,0.9986182969663738,0.9999569018847606,0.99993896484375,0.0018648675460308795
baseline,2000,dev,5,4096,4093,4094,20477,20480,0.999267578125,0.9978486714629491,0.9997508799051849,0.99951171875,0.9982212896544476,0.9998660854551866,0.999853515625,0.0034257518282085897
baseline,2000,dev,6,4096,4087,4090,24567,24576,0.997802734375,0.9958290482073086,0.9988435607118235,0.99853515625,0.9968075986857966,0.9993284814578364,0.9996337890625,0.006806965900404194
baseline,2000,dev,7,4096,4077,4081,28648,28672,0.995361328125,0.9927660832938955,0.9970282882102334,0.996337890625,0.9939662587473084,0.9977794077228217,0.9991629464285714,0.011804698978080452
baseline,2000,dev,8,4096,4062,4071,32719,32768,0.99169921875,0.9884233098915096,0.9940537054901146,0.993896484375,0.9910051126562461,0.995862316398881,0.998504638671875,0.019749289972979867
baseline,2000,dev,9,4096,4034,4051,36770,36864,0.98486328125,0.9806440746636242,0.9881738759559913,0.989013671875,0.9853320021138738,0.991778952111247,0.9974500868055556,0.03144005755901169
baseline,2000,dev,10,4096,4003,4039,40809,40960,0.977294921875,0.9722661011607102,0.9814293134723958,0.986083984375,0.9820139840883064,0.9892430852388108,0.9963134765625,0.04314357126946078
baseline,2000,dev,11,4096,3967,4014,44823,45056,0.968505859375,0.9627028673707351,0.9734308925683598,0.97998046875,0.9752197539009314,0.983841721888678,0.9948286576704546,0.057671388503175436
baseline,2000,dev,12,4096,3907,3976,48799,49152,0.953857421875,0.9469962963333816,0.9598680391156946,0.970703125,0.9650812750446061,0.9754428985679915,0.9928181966145834,0.0768903908664722
baseline,2000,ood_dev,1,4096,4096,4096,4096,4096,1.0,0.9990630225926348,0.9999999999999999,1.0,0.9990630225926348,0.9999999999999999,1.0,0.0018449478765631966
baseline,2000,ood_dev,2,4096,4096,4096,8192,8192,1.0,0.9990630225926348,0.9999999999999999,1.0,0.9990630225926348,0.9999999999999999,1.0,0.0011033447461983314
baseline,2000,ood_dev,3,4096,4095,4095,12287,12288,0.999755859375,0.9986182969663738,0.9999569018847606,0.999755859375,0.9986182969663738,0.9999569018847606,0.9999186197916666,0.0013724439669555721
baseline,2000,ood_dev,4,4096,4094,4095,16382,16384,0.99951171875,0.9982212896544476,0.9998660854551866,0.999755859375,0.9986182969663738,0.9999569018847606,0.9998779296875,0.0019261520573099489
baseline,2000,ood_dev,5,4096,4093,4094,20476,20480,0.999267578125,0.9978486714629491,0.9997508799051849,0.99951171875,0.9982212896544476,0.9998660854551866,0.9998046875,0.0034790919350626837
baseline,2000,ood_dev,6,4096,4090,4091,24567,24576,0.99853515625,0.9968075986857966,0.9993284814578364,0.998779296875,0.997145424476127,0.9994784794090062,0.9996337890625,0.006669586833689678
baseline,2000,ood_dev,7,4096,4078,4082,28649,28672,0.99560546875,0.9930638103960733,0.9972183848495558,0.99658203125,0.9942706398960515,0.9979628503155791,0.9991978236607143,0.012326036187806366
baseline,2000,ood_dev,8,4096,4063,4074,32723,32768,0.991943359375,0.9887074354065306,0.9942574037165939,0.99462890625,0.9918806406223304,0.9964502596572975,0.998626708984375,0.01995891302467534
baseline,2000,ood_dev,9,4096,4027,4045,36768,36864,0.983154296875,0.978736356856804,0.9866668275723093,0.987548828125,0.9836671128801424,0.9905168988959765,0.9973958333333334,0.031194144978435645
baseline,2000,ood_dev,10,4096,3993,4029,40797,40960,0.974853515625,0.9695953616072256,0.9792218156108773,0.983642578125,0.9792802999311276,0.9870985319809864,0.9960205078125,0.041646012213973904
baseline,2000,ood_dev,11,4096,3961,4020,44817,45056,0.967041015625,0.9611211199926455,0.9720856974974474,0.9814453125,0.9768389428205996,0.9851494754180116,0.9946954900568182,0.059854680985491626
baseline,2000,ood_dev,12,4096,3912,3985,48802,49152,0.955078125,0.9482970594777964,0.9610063946787812,0.972900390625,0.9674673085801575,0.977447278705943,0.9928792317708334,0.0792179750131421
baseline,2000,ood_dev,13,4096,3857,3952,52754,53248,0.941650390625,0.9340495438956447,0.948423604478416,0.96484375,0.9587538013451912,0.9700626024713991,0.99072265625,0.09939359245113977
baseline,2000,ood_dev,14,4096,3790,3905,56659,57344,0.92529296875,0.9168366756670765,0.9329522820264635,0.953369140625,0.9464763369080933,0.9594123510579824,0.9880545479910714,0.1391429471945269
baseline,2000,ood_dev,15,4096,3719,3866,60525,61440,0.907958984375,0.8987196023793654,0.9164338696676525,0.94384765625,0.9363725983801838,0.9504909636673797,0.985107421875,0.17162216522729246
baseline,2000,ood_dev,16,4096,3644,3837,64362,65536,0.8896484375,0.8796854187974655,0.8988812726370291,0.936767578125,0.9288972057773469,0.9438194677667077,0.982086181640625,0.1957812168080828
baseline,2000,ood_dev,17,4096,3559,3789,68151,69632,0.868896484375,0.8582137378213254,0.878887935585643,0.925048828125,0.916580713871883,0.9327204200801565,0.9787310431985294,0.2305682074081865
baseline,2000,ood_dev,18,4096,3490,3764,71915,73728,0.85205078125,0.8408478125539957,0.8625940226894514,0.9189453125,0.9101894761317266,0.9269160642828052,0.9754096137152778,0.26256790354628556
baseline,2000,ood_dev,19,4096,3413,3711,75626,77824,0.833251953125,0.8215254984383661,0.844353908709557,0.906005859375,0.8966846914232689,0.9145661906917466,0.9717567845394737,0.29946792318597737
baseline,2000,ood_dev,20,4096,3323,3649,79275,81920,0.811279296875,0.7990067679900137,0.8229685024228814,0.890869140625,0.8809515541684672,0.9000542559735292,0.96771240234375,0.3448117911144486
baseline,2000,ood_dev,21,4096,3252,3648,82923,86016,0.7939453125,0.7812859610293499,0.8060538237370234,0.890625,0.8806982972702632,0.8998196891302327,0.9640415736607143,0.37184480769004224
baseline,2000,ood_dev,22,4096,3145,3551,86474,90112,0.767822265625,0.754644640841801,0.780498003584039,0.866943359375,0.8561975725255366,0.8770015109494291,0.9596280184659091,0.43634069585117885
baseline,2000,ood_dev,23,4096,3064,3522,89996,94208,0.748046875,0.7345235343408396,0.7611053870234754,0.85986328125,0.8488951055782347,0.8701570893932221,0.9552904211956522,0.4895102553641486
baseline,2000,ood_dev,24,4096,2991,3493,93489,98304,0.730224609375,0.7164211082787988,0.7435966799559934,0.852783203125,0.8416017930965025,0.8633035133714453,0.951019287109375,0.5243424346376511
baseline,2000,ood_dev,25,4096,2910,3426,96915,102400,0.71044921875,0.69636730859962,0.7241367565736472,0.83642578125,0.8247838437321071,0.84743727205532,0.946435546875,0.5868522439816761
baseline,2000,ood_dev,26,4096,2833,3370,100285,106496,0.691650390625,0.6773335791505196,0.7056080579272236,0.82275390625,0.8107582989442972,0.8341446873191125,0.9416785606971154,0.6468435066576426
baseline,2000,ood_dev,27,4096,2746,3349,103634,110592,0.67041015625,0.6558608931079,0.6846400784593163,0.817626953125,0.8055054614633155,0.8291532262285877,0.9370840567129629,0.6926661806093861
baseline,2000,ood_dev,28,4096,2676,3307,106941,114688,0.6533203125,0.6386082180351349,0.6677450916270598,0.807373046875,0.7950101387615238,0.8191599517873664,0.9324515206473214,0.7162886909231059
baseline,2000,ood_dev,29,4096,2565,3231,110172,118784,0.626220703125,0.6112926185540916,0.6409122558015686,0.788818359375,0.776051398203665,0.8010440879912017,0.9274986530172413,0.7801121116971412
baseline,2000,ood_dev,30,4096,2479,3181,113353,122880,0.605224609375,0.5901634077663968,0.6200886248202367,0.776611328125,0.7635999027671785,0.7891043963526727,0.9224690755208333,0.8490330988159585
baseline,2000,ood_dev,31,4096,2392,3127,116480,126976,0.583984375,0.5688178841313124,0.5989934829447942,0.763427734375,0.750169970672314,0.7761918464065205,0.9173387096774194,0.9158594432902394
baseline,2000,ood_dev,32,4096,2293,3070,119550,131072,0.559814453125,0.5445631720959709,0.574953644571605,0.74951171875,0.7360126972300266,0.7625431665832901,0.9120941162109375,0.9476543285716801
baseline,2000,ood_dev,33,4096,2243,3078,122628,135168,0.547607421875,0.5323272408452423,0.5627983887473181,0.75146484375,0.7379985615111244,0.7644598922341947,0.9072265625,0.9868325476098505
baseline,2000,ood_dev,34,4096,2167,3004,125632,139264,0.529052734375,0.5137463036598101,0.5443047215787268,0.7333984375,0.7196427439243488,0.7467167529499475,0.9021139705882353,1.061228895512638
baseline,2000,ood_dev,35,4096,2097,2980,128612,143360,0.511962890625,0.4966510154740532,0.5272523478594621,0.7275390625,0.7136957969964176,0.7409559300818712,0.8971261160714286,1.1150875905748592
baseline,2000,ood_dev,36,4096,2032,2937,131549,147456,0.49609375,0.4807928333637309,0.5114019867722641,0.717041015625,0.7030482477972531,0.7306270583965224,0.8921237521701388,1.189964620108153
baseline,2500,dev,1,4096,4096,4096,4096,4096,1.0,0.9990630225926348,0.9999999999999999,1.0,0.9990630225926348,0.9999999999999999,1.0,0.0006888986802415786
baseline,2500,dev,2,4096,4096,4096,8192,8192,1.0,0.9990630225926348,0.9999999999999999,1.0,0.9990630225926348,0.9999999999999999,1.0,0.0004881006010899469
baseline,2500,dev,3,4096,4096,4096,12288,12288,1.0,0.9990630225926348,0.9999999999999999,1.0,0.9990630225926348,0.9999999999999999,1.0,0.0005420018281281358
baseline,2500,dev,4,4096,4096,4096,16384,16384,1.0,0.9990630225926348,0.9999999999999999,1.0,0.9990630225926348,0.9999999999999999,1.0,0.0007853264594217535
baseline,2500,dev,5,4096,4095,4095,20479,20480,0.999755859375,0.9986182969663738,0.9999569018847606,0.999755859375,0.9986182969663738,0.9999569018847606,0.999951171875,0.0013371996028306299
baseline,2500,dev,6,4096,4094,4095,24574,24576,0.99951171875,0.9982212896544476,0.9998660854551866,0.999755859375,0.9986182969663738,0.9999569018847606,0.9999186197916666,0.0019291418901845603
baseline,2500,dev,7,4096,4088,4090,28664,28672,0.998046875,0.9961504506055915,0.9990099820550408,0.99853515625,0.9968075986857966,0.9993284814578364,0.9997209821428571,0.0044450255712242814
baseline,2500,dev,8,4096,4084,4089,32753,32768,0.9970703125,0.9948858699188933,0.9983232677757378,0.998291015625,0.9964763422189936,0.9991719141831389,0.999542236328125,0.006665576950057428
baseline,2500,dev,9,4096,4071,4079,36832,36864,0.993896484375,0.9910051126562461,0.995862316398881,0.995849609375,0.9933629968413301,0.9974070221457995,0.9991319444444444,0.01435192066358848
baseline,2500,dev,10,4096,4054,4066,40898,40960,0.98974609375,0.9861695639225535,0.9924048615270683,0.99267578125,0.9895635962243474,0.994864714123278,0.998486328125,0.023992360287764747
baseline,2500,dev,11,4096,4031,4054,44952,45056,0.984130859375,0.9798251184139876,0.987529360981127,0.98974609375,0.9861695639225535,0.9924048615270683,0.9976917613636364,0.030823837851021274
baseline,2500,dev,12,4096,3993,4030,48982,49152,0.974853515625,0.9695953616072256,0.9792218156108773,0.98388671875,0.9795525973497291,0.9873140583038852,0.9965413411458334,0.04724400304589338
baseline,2500,ood_dev,1,4096,4096,4096,4096,4096,1.0,0.9990630225926348,0.9999999999999999,1.0,0.9990630225926348,0.9999999999999999,1.0,0.0006928248489472821
baseline,2500,ood_dev,2,4096,4096,4096,8192,8192,1.0,0.9990630225926348,0.9999999999999999,1.0,0.9990630225926348,0.9999999999999999,1.0,0.00047475676271790945
baseline,2500,ood_dev,3,4096,4096,4096,12288,12288,1.0,0.9990630225926348,0.9999999999999999,1.0,0.9990630225926348,0.9999999999999999,1.0,0.0004971289272548418
baseline,2500,ood_dev,4,4096,4096,4096,16384,16384,1.0,0.9990630225926348,0.9999999999999999,1.0,0.9990630225926348,0.9999999999999999,1.0,0.0008073764345004619
baseline,2500,ood_dev,5,4096,4096,4096,20480,20480,1.0,0.9990630225926348,0.9999999999999999,1.0,0.9990630225926348,0.9999999999999999,1.0,0.0015450460286379197
baseline,2500,ood_dev,6,4096,4094,4094,24574,24576,0.99951171875,0.9982212896544476,0.9998660854551866,0.99951171875,0.9982212896544476,0.9998660854551866,0.9999186197916666,0.0028376503573648293
baseline,2500,ood_dev,7,4096,4087,4089,28663,28672,0.997802734375,0.9958290482073086,0.9988435607118235,0.998291015625,0.9964763422189936,0.9991719141831389,0.9996861049107143,0.006630971350006121
baseline,2500,ood_dev,8,4096,4082,4089,32752,32768,0.99658203125,0.9942706398960515,0.9979628503155791,0.998291015625,0.9964763422189936,0.9991719141831389,0.99951171875,0.008827503573568762
baseline,2500,ood_dev,9,4096,4062,4073,36825,36864,0.99169921875,0.9884233098915096,0.9940537054901146,0.994384765625,0.991587789433178,0.9962552871049496,0.9989420572916666,0.016069748362890657
baseline,2500,ood_dev,10,4096,4043,4058,40883,40960,0.987060546875,0.983114860378963,0.9900935039141554,0.99072265625,0.987292434466316,0.993233285949307,0.9981201171875,0.024577226325639856
baseline,2500,ood_dev,11,4096,4018,4045,44928,45056,0.98095703125,0.9762985198015777,0.984714250954033,0.987548828125,0.9836671128801424,0.9905168988959765,0.9971590909090909,0.036833537503856206
baseline,2500,ood_dev,12,4096,3994,4037,48965,49152,0.97509765625,0.969861879182557,0.9794431217770462,0.985595703125,0.9814652366612112,0.9888161851829053,0.9961954752604166,0.048170922250503345
baseline,2500,ood_dev,13,4096,3937,3990,52955,53248,0.961181640625,0.9548210542172663,0.9666779934768192,0.97412109375,0.9687965056840521,0.9785572003095498,0.9944974459134616,0.06689173515406655
baseline,2500,ood_dev,14,4096,3892,3968,56923,57344,0.9501953125,0.9431011870208181,0.9564457923057534,0.96875,0.9629667829716362,0.9736548007089589,0.9926583426339286,0.09043203696510016
baseline,2500,ood_dev,15,4096,3845,3943,60866,61440,0.938720703125,0.930956550506342,0.945662712969715,0.962646484375,0.9563923454033983,0.968033644739689,0.9906575520833333,0.11165655503772953
baseline,2500,ood_dev,16,4096,3797,3933,64799,65536,0.927001953125,0.9186291140947668,0.9345746097892754,0.960205078125,0.9537747892075905,0.9657729635204937,0.9887542724609375,0.1309643417826285
baseline,2500,ood_dev,17,4096,3750,3903,68702,69632,0.91552734375,0.9066165820637565,0.9236594259697711,0.952880859375,0.9459565706946147,0.9589564697884603,0.9866440716911765,0.1517920607080212
baseline,2500,ood_dev,18,4096,3688,3856,72558,73728,0.900390625,0.8908407331020064,0.9091902029585018,0.94140625,0.9337916055815723,0.9481937190509881,0.984130859375,0.1863399530552563
baseline,2500,ood_dev,19,4096,3626,3814,76372,77824,0.88525390625,0.875130353941446,0.894655510146043,0.93115234375,0.9229875245115166,0.9385092029780308,0.9813425164473685,0.22034754815936264
baseline,2500,ood_dev,20,4096,3548,3749,80121,81920,0.8662109375,0.8554417028962036,0.8762939093542614,0.915283203125,0.9063615365223625,0.9234266477696647,0.97803955078125,0.2693788870353808
baseline,2500,ood_dev,21,4096,3483,3741,83862,86016,0.850341796875,0.8390888795213388,0.8609381895316061,0.913330078125,0.9043219227972369,0.9215636715627878,0.9749581473214286,0.2915951090686981
baseline,2500,ood_dev,22,4096,3415,3694,87556,90112,0.833740234375,0.8220266847937266,0.8448283698371971,0.90185546875,0.8923643526216571,0.910593525887853,0.9716352982954546,0.3270536176201473
baseline,2500,ood_dev,23,4096,3346,3668,91224,94208,0.81689453125,0.8047553434565755,0.8284398730108269,0.8955078125,0.8857663367312384,0.9045081244992638,0.9683254076086957,0.35609407782702895
baseline,2500,ood_dev,24,4096,3278,3630,94854,98304,0.80029296875,0.7877710630649415,0.8122521389804398,0.88623046875,0.8761421890699558,0.8955949699835345,0.96490478515625,0.3940052243512522
baseline,2500,ood_dev,25,4096,3205,3603,98457,102400,0.782470703125,0.7695745952342299,0.7948374736816288,0.879638671875,0.8693165892508347,0.8892493287821474,0.961494140625,0.43352886928192635
baseline,2500,ood_dev,26,4096,3113,3533,101990,106496,0.760009765625,0.746691002838137,0.772841281859693,0.862548828125,0.8516638974389052,0.8727543586890549,0.9576885516826923,0.4935409077190984
baseline,2500,ood_dev,27,4096,3052,3522,105512,110592,0.7451171875,0.7315458086324581,0.758229227833853,0.85986328125,0.8488951055782347,0.8701570893932221,0.9540653935185185,0.5318317130033625
baseline,2500,ood_dev,28,4096,2989,3491,109003,114688,0.729736328125,0.7159255504204031,0.7431165903313887,0.852294921875,0.8410991292063144,0.862830529778633,0.9504307338169643,0.591681752440719
baseline,2500,ood_dev,29,4096,2920,3453,112456,118784,0.712890625,0.6988413115951353,0.7265409909931351,0.843017578125,0.83155607536569,0.8538362814422454,0.9467268318965517,0.6095515137911596
baseline,2500,ood_dev,30,4096,2845,3399,115855,122880,0.694580078125,0.6802980337353984,0.7084974882403486,0.829833984375,0.8180181714909365,0.8410317032759822,0.9428304036458334,0.654967215121883
baseline,2500,ood_dev,31,4096,2757,3364,119219,126976,0.673095703125,0.6585739611952076,0.687293071528512,0.8212890625,0.8092571256308778,0.8327189181835302,0.9389097152217742,0.7052928295291139
baseline,2500,ood_dev,32,4096,2683,3335,122554,131072,0.655029296875,0.6403325411191741,0.6694355347335227,0.814208984375,0.802005514265969,0.82582364104493,0.9350128173828125,0.7482579608076243
baseline,2500,ood_dev,33,4096,2622,3319,125873,135168,0.64013671875,0.6253132067107798,0.6546976209103981,0.810302734375,0.798007430069397,0.8220165453774969,0.9312337239583334,0.7858000568233452
baseline,2500,ood_dev,34,4096,2563,3275,129148,139264,0.625732421875,0.6108009072708153,0.6404283196018444,0.799560546875,0.7870225394008806,0.8115371914199997,0.9273609834558824,0.8232867559529806
baseline,2500,ood_dev,35,4096,2489,3210,132358,143360,0.607666015625,0.5926187938471369,0.6225114761544998,0.78369140625,0.7708197894475014,0.7960313981758588,0.9232561383928571,0.8692545069103987
baseline,2500,ood_dev,36,4096,2429,3219,135577,147456,0.593017578125,0.5778923056350741,0.6079685398765441,0.785888671875,0.7730615507648547,0.7981800505320081,0.9194403754340278,0.9133328556644402
baseline,3000,dev,1,4096,4096,4096,4096,4096,1.0,0.9990630225926348,0.9999999999999999,1.0,0.9990630225926348,0.9999999999999999,1.0,0.0003456649494246733
baseline,3000,dev,2,4096,4096,4096,8192,8192,1.0,0.9990630225926348,0.9999999999999999,1.0,0.9990630225926348,0.9999999999999999,1.0,0.00023366460147844492
baseline,3000,dev,3,4096,4096,4096,12288,12288,1.0,0.9990630225926348,0.9999999999999999,1.0,0.9990630225926348,0.9999999999999999,1.0,0.0002812699949781283
baseline,3000,dev,4,4096,4096,4096,16384,16384,1.0,0.9990630225926348,0.9999999999999999,1.0,0.9990630225926348,0.9999999999999999,1.0,0.00039712160218696724
baseline,3000,dev,5,4096,4096,4096,20480,20480,1.0,0.9990630225926348,0.9999999999999999,1.0,0.9990630225926348,0.9999999999999999,1.0,0.0007230393435495586
baseline,3000,dev,6,4096,4095,4095,24575,24576,0.999755859375,0.9986182969663738,0.9999569018847606,0.999755859375,0.9986182969663738,0.9999569018847606,0.9999593098958334,0.0015322154047536785
baseline,3000,dev,7,4096,4092,4093,28668,28672,0.9990234375,0.9974915571936952,0.9996201704329383,0.999267578125,0.9978486714629491,0.9997508799051849,0.9998604910714286,0.0033277660682711208
baseline,3000,dev,8,4096,4083,4085,32753,32768,0.996826171875,0.9945771012522003,0.9981442127009305,0.997314453125,0.9951972177470491,0.9984997436890822,0.999542236328125,0.007347747539021121
baseline,3000,dev,9,4096,4067,4075,36828,36864,0.992919921875,0.9898503448988859,0.9950657891902398,0.994873046875,0.9921745882319427,0.9966441357891856,0.9990234375,0.014632598798664631
baseline,3000,dev,10,4096,4046,4061,40889,40960,0.98779296875,0.983943722660208,0.9907281128574114,0.991455078125,0.9881397703182205,0.9938494213219035,0.9982666015625,0.02383136083627324
baseline,3000,dev,11,4096,4020,4046,44935,45056,0.9814453125,0.9768389428205996,0.9851494754180116,0.98779296875,0.983943722660208,0.9907281128574114,0.997314453125,0.036580044286806945
baseline,3000,dev,12,4096,3992,4027,48962,49152,0.974609375,0.9693289612445153,0.9790003922320873,0.983154296875,0.978736356856804,0.9866668275723093,0.9961344401041666,0.05386727037626304
baseline,3000,ood_dev,1,4096,4096,4096,4096,4096,1.0,0.9990630225926348,0.9999999999999999,1.0,0.9990630225926348,0.9999999999999999,1.0,0.00034555834390914697
baseline,3000,ood_dev,2,4096,4096,4096,8192,8192,1.0,0.9990630225926348,0.9999999999999999,1.0,0.9990630225926348,0.9999999999999999,1.0,0.00022679883888798713
baseline,3000,ood_dev,3,4096,4096,4096,12288,12288,1.0,0.9990630225926348,0.9999999999999999,1.0,0.9990630225926348,0.9999999999999999,1.0,0.000288137207996364
baseline,3000,ood_dev,4,4096,4096,4096,16384,16384,1.0,0.9990630225926348,0.9999999999999999,1.0,0.9990630225926348,0.9999999999999999,1.0,0.0005267792020413609
baseline,3000,ood_dev,5,4096,4096,4096,20480,20480,1.0,0.9990630225926348,0.9999999999999999,1.0,0.9990630225926348,0.9999999999999999,1.0,0.000646737458099178
baseline,3000,ood_dev,6,4096,4096,4096,24576,24576,1.0,0.9990630225926348,0.9999999999999999,1.0,0.9990630225926348,0.9999999999999999,1.0,0.0015261819642984342
baseline,3000,ood_dev,7,4096,4089,4089,28665,28672,0.998291015625,0.9964763422189936,0.9991719141831389,0.998291015625,0.9964763422189936,0.9991719141831389,0.999755859375,0.0058947822524193505
baseline,3000,ood_dev,8,4096,4082,4082,32747,32768,0.99658203125,0.9942706398960515,0.9979628503155791,0.99658203125,0.9942706398960515,0.9979628503155791,0.999359130859375,0.01013378103504392
baseline,3000,ood_dev,9,4096,4067,4071,36818,36864,0.992919921875,0.9898503448988859,0.9950657891902398,0.993896484375,0.9910051126562461,0.995862316398881,0.9987521701388888,0.01721131042617685
baseline,3000,ood_dev,10,4096,4050,4063,40881,40960,0.98876953125,0.9850536128857085,0.9915695175979121,0.991943359375,0.9887074354065306,0.9942574037165939,0.9980712890625,0.023629269298791833
baseline,3000,ood_dev,11,4096,4021,4043,44924,45056,0.981689453125,0.9771094258840555,0.9853668160960561,0.987060546875,0.983114860378963,0.9900935039141554,0.9970703125,0.03773464431264317
baseline,3000,ood_dev,12,4096,3977,4008,48932,49152,0.970947265625,0.9653459981138298,0.975665999240268,0.978515625,0.973606447163245,0.9825280861773625,0.9955240885416666,0.06400757599720652
baseline,3000,ood_dev,13,4096,3937,3988,52920,53248,0.961181640625,0.9548210542172663,0.9666779934768192,0.9736328125,0.9682644999293395,0.9781135585812619,0.9938401442307693,0.07890507962465598
baseline,3000,ood_dev,14,4096,3882,3950,56870,57344,0.94775390625,0.9405100178795183,0.9541587240320502,0.96435546875,0.9582285450750817,0.9696122112585078,0.9917340959821429,0.10476848508907732
baseline,3000,ood_dev,15,4096,3831,3933,60803,61440,0.935302734375,0.9273540238865371,0.9424357072085155,0.960205078125,0.9537747892075905,0.9657729635204937,0.9896321614583333,0.12531153013157503
baseline,3000,ood_dev,16,4096,3767,3887,64690,65536,0.919677734375,0.9109556576829947,0.9276133539560381,0.948974609375,0.9418050708778951,0.955302789741175,0.987091064453125,0.16635980484925827
baseline,3000,ood_dev,17,4096,3698,3839,68529,69632,0.90283203125,0.8933804434366174,0.911528730038894,0.937255859375,0.9294118497021406,0.9442804713249144,0.9841595818014706,0.20046532223265245
baseline,3000,ood_dev,18,4096,3629,3806,72335,73728,0.885986328125,0.8758892090804093,0.8953601262315807,0.92919921875,0.9209355407485826,0.9366585968089622,0.9811062282986112,0.2270448817476769
baseline,3000,ood_dev,19,4096,3575,3802,76137,77824,0.872802734375,0.8622483549890327,0.8826584982819405,0.92822265625,0.9199101986690307,0.935732643922513,0.9783228824013158,0.24245742284520677
baseline,3000,ood_dev,20,4096,3488,3735,79872,81920,0.8515625,0.8403452097309037,0.8621209780295427,0.911865234375,0.9027930715550466,0.9201655803559762,0.975,0.27530553341943254
baseline,3000,ood_dev,21,4096,3424,3719,83591,86016,0.8359375,0.8242824617838188,0.8469630065206076,0.907958984375,0.8987196023793654,0.9164338696676525,0.9718075706845238,0.31874220344421733
baseline,3000,ood_dev,22,4096,3368,3666,87257,90112,0.822265625,0.8102578752813623,0.8336694634990469,0.89501953125,0.8852592531857103,0.9040395605617911,0.9683172052556818,0.36694723243082183
baseline,3000,ood_dev,23,4096,3292,3618,90875,94208,0.8037109375,0.7912650258604237,0.815587708565962,0.88330078125,0.8731073554786435,0.8927759186768431,0.9646208389945652,0.41582927172658213
baseline,3000,ood_dev,24,4096,3213,3562,94437,98304,0.784423828125,0.7715669842082322,0.7967476746396289,0.86962890625,0.8589699942813361,0.879595150350133,0.960662841796875,0.46023141056168004
baseline,3000,ood_dev,25,4096,3131,3521,97958,102400,0.764404296875,0.7511641743532573,0.7771489376915783,0.859619140625,0.8486434629761094,0.8699209082538472,0.95662109375,0.5028868374679965
baseline,3000,ood_dev,26,4096,3057,3494,101452,106496,0.746337890625,0.7327864308470848,0.759427724326728,0.85302734375,0.841853140376231,0.8635399898332172,0.95263671875,0.5704357086793816
baseline,3000,ood_dev,27,4096,2985,3443,104895,110592,0.728759765625,0.7149344970798438,0.7421563487059467,0.840576171875,0.829047056116625,0.8514670632763075,0.948486328125,0.6215032580676589
baseline,3000,ood_dev,28,4096,2911,3423,108318,114688,0.710693359375,0.696614686866384,0.7243772020483835,0.835693359375,0.8240317842605936,0.8467258603023325,0.9444580078125,0.6754401729052226
baseline,3000,ood_dev,29,4096,2838,3355,111673,118784,0.69287109375,0.6785686873071428,0.7068120684781021,0.819091796875,0.8070059112906308,0.8305797188502743,0.9401350350215517,0.7351129403355303
baseline,3000,ood_dev,30,4096,2755,3299,114972,122880,0.672607421875,0.6580806364593884,0.6868107487813307,0.805419921875,0.7930125396219495,0.8172549609949383,0.93564453125,0.8024834198798203
baseline,3000,ood_dev,31,4096,2689,3294,118266,126976,0.656494140625,0.6418106977365562,0.6708843205651426,0.80419921875,0.79176427901958,0.8160641028898061,0.9314043598790323,0.8392190875292798
baseline,3000,ood_dev,32,4096,2629,3250,121516,131072,0.641845703125,0.6270359498398671,0.656389643971813,0.79345703125,0.7807873017807578,0.8055768355026147,0.927093505859375,0.8798632261136632
baseline,3000,ood_dev,33,4096,2558,3192,124708,135168,0.62451171875,0.6095716993938474,0.6392184087713106,0.779296875,0.7663378466019042,0.7917325136744504,0.9226148200757576,0.9619234772572947
baseline,3000,ood_dev,34,4096,2484,3173,127881,139264,0.6064453125,0.5913910519567934,0.6213000993373418,0.774658203125,0.7616091504468746,0.7871925587409742,0.9182631548713235,1.0073649968777847
baseline,3000,ood_dev,35,4096,2416,3137,131018,143360,0.58984375,0.5747033985714631,0.6048157383006509,0.765869140625,0.7526556587868746,0.778584395706963,0.9139090401785714,1.055382760116391
baseline,3000,ood_dev,36,4096,2348,3088,134106,147456,0.5732421875,0.5580334580910074,0.5883136643590856,0.75390625,0.7404814000940155,0.7668552910663068,0.9094645182291666,1.106894377868524
baseline,3500,dev,1,4096,4096,4096,4096,4096,1.0,0.9990630225926348,0.9999999999999999,1.0,0.9990630225926348,0.9999999999999999,1.0,0.0002918469689827674
baseline,3500,dev,2,4096,4096,4096,8192,8192,1.0,0.9990630225926348,0.9999999999999999,1.0,0.9990630225926348,0.9999999999999999,1.0,0.00020554735011391045
baseline,3500,dev,3,4096,4096,4096,12288,12288,1.0,0.9990630225926348,0.9999999999999999,1.0,0.9990630225926348,0.9999999999999999,1.0,0.00023154841591921382
baseline,3500,dev,4,4096,4096,4096,16384,16384,1.0,0.9990630225926348,0.9999999999999999,1.0,0.9990630225926348,0.9999999999999999,1.0,0.0002703440571201199
baseline,3500,dev,5,4096,4096,4096,20480,20480,1.0,0.9990630225926348,0.9999999999999999,1.0,0.9990630225926348,0.9999999999999999,1.0,0.0003592094114104327
baseline,3500,dev,6,4096,4096,4096,24576,24576,1.0,0.9990630225926348,0.9999999999999999,1.0,0.9990630225926348,0.9999999999999999,1.0,0.0005206332901623867
baseline,3500,dev,7,4096,4096,4096,28672,28672,1.0,0.9990630225926348,0.9999999999999999,1.0,0.9990630225926348,0.9999999999999999,1.0,0.0009062637192309708
baseline,3500,dev,8,4096,4093,4093,32765,32768,0.999267578125,0.9978486714629491,0.9997508799051849,0.999267578125,0.9978486714629491,0.9997508799051849,0.999908447265625,0.002777836075946283
baseline,3500,dev,9,4096,4087,4089,36854,36864,0.997802734375,0.9958290482073086,0.9988435607118235,0.998291015625,0.9964763422189936,0.9991719141831389,0.9997287326388888,0.0057759612714987085
baseline,3500,dev,10,4096,4081,4082,40936,40960,0.996337890625,0.9939662587473084,0.9977794077228217,0.99658203125,0.9942706398960515,0.9979628503155791,0.9994140625,0.009863500341982245
baseline,3500,dev,11,4096,4074,4079,45015,45056,0.99462890625,0.9918806406223304,0.9964502596572975,0.995849609375,0.9933629968413301,0.9974070221457995,0.9990900213068182,0.012102258954104883
baseline,3500,dev,12,4096,4064,4073,49088,49152,0.9921875,0.9889921727170213,0.9944604901476036,0.994384765625,0.991587789433178,0.9962552871049496,0.9986979166666666,0.017967544087156284
baseline,3500,ood_dev,1,4096,4096,4096,4096,4096,1.0,0.9990630225926348,0.9999999999999999,1.0,0.9990630225926348,0.9999999999999999,1.0,0.0002981101555867838
baseline,3500,ood_dev,2,4096,4096,4096,8192,8192,1.0,0.9990630225926348,0.9999999999999999,1.0,0.9990630225926348,0.9999999999999999,1.0,0.00020924870424643416
baseline,3500,ood_dev,3,4096,4096,4096,12288,12288,1.0,0.9990630225926348,0.9999999999999999,1.0,0.9990630225926348,0.9999999999999999,1.0,0.00023927864793726883
baseline,3500,ood_dev,4,4096,4096,4096,16384,16384,1.0,0.9990630225926348,0.9999999999999999,1.0,0.9990630225926348,0.9999999999999999,1.0,0.0002967670126681199
baseline,3500,ood_dev,5,4096,4096,4096,20480,20480,1.0,0.9990630225926348,0.9999999999999999,1.0,0.9990630225926348,0.9999999999999999,1.0,0.0003739757586780357
baseline,3500,ood_dev,6,4096,4096,4096,24576,24576,1.0,0.9990630225926348,0.9999999999999999,1.0,0.9990630225926348,0.9999999999999999,1.0,0.0007118213211425584
baseline,3500,ood_dev,7,4096,4093,4093,28669,28672,0.999267578125,0.9978486714629491,0.9997508799051849,0.999267578125,0.9978486714629491,0.9997508799051849,0.9998953683035714,0.0019976143194968543
baseline,3500,ood_dev,8,4096,4089,4092,32761,32768,0.998291015625,0.9964763422189936,0.9991719141831389,0.9990234375,0.9974915571936952,0.9996201704329383,0.999786376953125,0.004095653511267727
baseline,3500,ood_dev,9,4096,4083,4086,36847,36864,0.996826171875,0.9945771012522003,0.9981442127009305,0.99755859375,0.9955114747539533,0.9986733104236785,0.9995388454861112,0.007871192439539598
baseline,3500,ood_dev,10,4096,4075,4080,40927,40960,0.994873046875,0.9921745882319427,0.9966441357891856,0.99609375,0.9936637657680687,0.9975940769605611,0.9991943359375,0.010803227232030643
baseline,3500,ood_dev,11,4096,4059,4064,44991,45056,0.990966796875,0.9875743543279273,0.993439189829196,0.9921875,0.9889921727170213,0.9944604901476036,0.9985573508522727,0.019481705188079346
baseline,3500,ood_dev,12,4096,4047,4061,49052,49152,0.988037109375,0.9842206673133682,0.9909389919457514,0.991455078125,0.9881397703182205,0.9938494213219035,0.9979654947916666,0.026711587495742428
baseline,3500,ood_dev,13,4096,4024,4043,53095,53248,0.982421875,0.9779220041441211,0.9860177090604912,0.987060546875,0.983114860378963,0.9900935039141554,0.9971266526442307,0.03856499397828017
baseline,3500,ood_dev,14,4096,4003,4043,57138,57344,0.977294921875,0.9722661011607102,0.9814293134723958,0.987060546875,0.983114860378963,0.9900935039141554,0.9964076450892857,0.04115152660291699
baseline,3500,ood_dev,15,4096,3974,4017,61155,61440,0.97021484375,0.9645521097608273,0.9749964163687698,0.980712890625,0.9760285730987803,0.9844963739153301,0.995361328125,0.052512217973788466
baseline,3500,ood_dev,16,4096,3937,3993,65148,65536,0.961181640625,0.9548210542172663,0.9666779934768192,0.974853515625,0.9695953616072256,0.9792218156108773,0.99407958984375,0.07767190988887585
baseline,3500,ood_dev,17,4096,3890,3965,69113,69632,0.94970703125,0.9425826106663004,0.9559887211772704,0.968017578125,0.96217528928926,0.9729828231668342,0.9925465303308824,0.09817006890170799
baseline,3500,ood_dev,18,4096,3844,3937,73050,73728,0.9384765625,0.9306990192363365,0.9454324204982203,0.961181640625,0.9548210542172663,0.9666779934768192,0.9908040364583334,0.11994573684402088
baseline,3500,ood_dev,19,4096,3806,3923,76973,77824,0.92919921875,0.9209355407485826,0.9366585968089622,0.957763671875,0.951163293350015,0.9635062219630662,0.9890650699013158,0.13099177073857504
baseline,3500,ood_dev,20,4096,3760,3890,80863,81920,0.91796875,0.9091682131124504,0.9259860323360801,0.94970703125,0.9425826106663004,0.9559887211772704,0.98709716796875,0.15140958806384397
baseline,3500,ood_dev,21,4096,3709,3867,84730,86016,0.905517578125,0.8961761478487502,0.9140990867832646,0.944091796875,0.9366308983630394,0.9507204874260244,0.9850492931547619,0.1868011663001825
baseline,3500,ood_dev,22,4096,3659,3837,88567,90112,0.893310546875,0.8834849554963446,0.9023990920606546,0.936767578125,0.9288972057773469,0.9438194677667077,0.9828546697443182,0.2186999980715285
baseline,3500,ood_dev,23,4096,3606,3794,92361,94208,0.88037109375,0.8700745010385601,0.8899548882189229,0.92626953125,0.9178607737962339,0.9338794788633074,0.9803944463315217,0.24624147155751164
baseline,3500,ood_dev,24,4096,3553,3767,96128,98304,0.867431640625,0.856701543629456,0.8774731873285104,0.919677734375,0.9109556576829947,0.9276133539560381,0.9778645833333334,0.28489866075549486
baseline,3500,ood_dev,25,4096,3500,3742,99870,102400,0.8544921875,0.8433614400717089,0.8649586325867411,0.91357421875,0.9045768022865681,0.9217966158149569,0.97529296875,0.31548170955981103
baseline,3500,ood_dev,26,4096,3431,3688,103558,106496,0.837646484375,0.8260374562848546,0.848622778210074,0.900390625,0.8908407331020064,0.9091902029585018,0.972412109375,0.35418285602782174
baseline,3500,ood_dev,27,4096,3364,3650,107208,110592,0.8212890625,0.8092571256308778,0.8327189181835302,0.89111328125,0.8812048260661931,0.9002888078173035,0.9694010416666666,0.3776141675889031
baseline,3500,ood_dev,28,4096,3293,3625,110833,114688,0.803955078125,0.7915146488016144,0.8158259093662715,0.885009765625,0.8748774303742215,0.8944206099717673,0.9663870675223214,0.41579616900566485
baseline,3500,ood_dev,29,4096,3247,3625,114458,118784,0.792724609375,0.7800393643630118,0.8048613016958598,0.885009765625,0.8748774303742215,0.8944206099717673,0.9635809536637931,0.4439209434167619
baseline,3500,ood_dev,30,4096,3187,3581,118039,122880,0.778076171875,0.7650932315093113,0.7905380100595418,0.874267578125,0.8637621415848652,0.88407165413511,0.9606038411458333,0.47683171678551695
baseline,3500,ood_dev,31,4096,3129,3555,121594,126976,0.763916015625,0.7506670606194392,0.776670403942396,0.867919921875,0.8572055614004055,0.8779448170405617,0.9576140372983871,0.5147373619977991
baseline,3500,ood_dev,32,4096,3064,3505,125099,131072,0.748046875,0.7345235343408396,0.7611053870234754,0.855712890625,0.8446186417242619,0.8661405496416897,0.9544296264648438,0.5641744912575231
baseline,3500,ood_dev,33,4096,3013,3488,128587,135168,0.735595703125,0.7218736280701865,0.7488762824776125,0.8515625,0.8403452097309037,0.8621209780295427,0.9513124408143939,0.5987687484086734
baseline,3500,ood_dev,34,4096,2935,3438,132025,139264,0.716552734375,0.702553239723425,0.73014641898735,0.83935546875,0.8277928955098375,0.8502821051755933,0.9480195886948529,0.6383860096648251
baseline,3500,ood_dev,35,4096,2884,3414,135439,143360,0.7041015625,0.689937176965354,0.7178834709289053,0.83349609375,0.8217760872138762,0.8445911436755471,0.9447474888392857,0.691619748841835
baseline,3500,ood_dev,36,4096,2828,3375,138814,147456,0.6904296875,0.676098586636755,0.7044039317334867,0.823974609375,0.8120095013916573,0.8353326035792541,0.9413926866319444,0.7299169717541316
baseline,4000,dev,1,4096,4096,4096,4096,4096,1.0,0.9990630225926348,0.9999999999999999,1.0,0.9990630225926348,0.9999999999999999,1.0,0.00023933487210925364
baseline,4000,dev,2,4096,4096,4096,8192,8192,1.0,0.9990630225926348,0.9999999999999999,1.0,0.9990630225926348,0.9999999999999999,1.0,0.00016539200655873998
baseline,4000,dev,3,4096,4096,4096,12288,12288,1.0,0.9990630225926348,0.9999999999999999,1.0,0.9990630225926348,0.9999999999999999,1.0,0.00018380707607690283
baseline,4000,dev,4,4096,4096,4096,16384,16384,1.0,0.9990630225926348,0.9999999999999999,1.0,0.9990630225926348,0.9999999999999999,1.0,0.00027721715887807363
baseline,4000,dev,5,4096,4096,4096,20480,20480,1.0,0.9990630225926348,0.9999999999999999,1.0,0.9990630225926348,0.9999999999999999,1.0,0.00048751827032056383
baseline,4000,dev,6,4096,4096,4096,24576,24576,1.0,0.9990630225926348,0.9999999999999999,1.0,0.9990630225926348,0.9999999999999999,1.0,0.0008015238817487003
baseline,4000,dev,7,4096,4095,4095,28671,28672,0.999755859375,0.9986182969663738,0.9999569018847606,0.999755859375,0.9986182969663738,0.9999569018847606,0.9999651227678571,0.0017293738138590697
baseline,4000,dev,8,4096,4092,4093,32764,32768,0.9990234375,0.9974915571936952,0.9996201704329383,0.999267578125,0.9978486714629491,0.9997508799051849,0.9998779296875,0.0035990192833041945
baseline,4000,dev,9,4096,4084,4084,36848,36864,0.9970703125,0.9948858699188933,0.9983232677757378,0.9970703125,0.9948858699188933,0.9983232677757378,0.9995659722222222,0.008490060623614681
baseline,4000,dev,10,4096,4074,4078,40926,40960,0.99462890625,0.9918806406223304,0.9964502596572975,0.99560546875,0.9930638103960733,0.9972183848495558,0.999169921875,0.014659865220348678
baseline,4000,dev,11,4096,4057,4065,44991,45056,0.990478515625,0.9870110133784079,0.9930268832957149,0.992431640625,0.9892775496501616,0.9946629369559636,0.9985573508522727,0.02203312528856749
baseline,4000,dev,12,4096,4036,4051,49042,49152,0.9853515625,0.9811912611355577,0.9886023369670586,0.989013671875,0.9853320021138738,0.991778952111247,0.9977620442708334,0.03252806224007454
baseline,4000,ood_dev,1,4096,4096,4096,4096,4096,1.0,0.9990630225926348,0.9999999999999999,1.0,0.9990630225926348,0.9999999999999999,1.0,0.00024147417972919527
baseline,4000,ood_dev,2,4096,4096,4096,8192,8192,1.0,0.9990630225926348,0.9999999999999999,1.0,0.9990630225926348,0.9999999999999999,1.0,0.00016351240544665302
baseline,4000,ood_dev,3,4096,4096,4096,12288,12288,1.0,0.9990630225926348,0.9999999999999999,1.0,0.9990630225926348,0.9999999999999999,1.0,0.00018353135151105704
baseline,4000,ood_dev,4,4096,4096,4096,16384,16384,1.0,0.9990630225926348,0.9999999999999999,1.0,0.9990630225926348,0.9999999999999999,1.0,0.00024094520826256627
baseline,4000,ood_dev,5,4096,4096,4096,20480,20480,1.0,0.9990630225926348,0.9999999999999999,1.0,0.9990630225926348,0.9999999999999999,1.0,0.0003492571673273659
baseline,4000,ood_dev,6,4096,4095,4095,24575,24576,0.999755859375,0.9986182969663738,0.9999569018847606,0.999755859375,0.9986182969663738,0.9999569018847606,0.9999593098958334,0.000671225655840324
baseline,4000,ood_dev,7,4096,4093,4094,28669,28672,0.999267578125,0.9978486714629491,0.9997508799051849,0.99951171875,0.9982212896544476,0.9998660854551866,0.9998953683035714,0.001527035358306783
baseline,4000,ood_dev,8,4096,4092,4093,32762,32768,0.9990234375,0.9974915571936952,0.9996201704329383,0.999267578125,0.9978486714629491,0.9997508799051849,0.99981689453125,0.003269074207006284
baseline,4000,ood_dev,9,4096,4083,4084,36846,36864,0.996826171875,0.9945771012522003,0.9981442127009305,0.9970703125,0.9948858699188933,0.9983232677757378,0.99951171875,0.007882823466074385
baseline,4000,ood_dev,10,4096,4075,4080,40926,40960,0.994873046875,0.9921745882319427,0.9966441357891856,0.99609375,0.9936637657680687,0.9975940769605611,0.999169921875,0.01253798310234977
baseline,4000,ood_dev,11,4096,4057,4070,44996,45056,0.990478515625,0.9870110133784079,0.9930268832957149,0.99365234375,0.99071517109395,0.9956644342196767,0.9986683238636364,0.017096320096440465
baseline,4000,ood_dev,12,4096,4041,4064,49060,49152,0.986572265625,0.9825638389733109,0.9896688778368068,0.9921875,0.9889921727170213,0.9944604901476036,0.9981282552083334,0.02534333325729765
baseline,4000,ood_dev,13,4096,4019,4049,53109,53248,0.981201171875,0.9765686419356131,0.9849319525614978,0.988525390625,0.9847756016627256,0.9913597050793945,0.9973895733173077,0.030884741084878264
baseline,4000,ood_dev,14,4096,3998,4035,57144,57344,0.97607421875,0.9709291555744165,0.9803271403511878,0.985107421875,0.9809175425035267,0.9883882318575893,0.9965122767857143,0.044191950221445175
baseline,4000,ood_dev,15,4096,3964,4006,61150,61440,0.9677734375,0.9619116249533165,0.9727586637612774,0.97802734375,0.9730698833974413,0.9820890024601655,0.9952799479166666,0.06373013722478404
baseline,4000,ood_dev,16,4096,3918,3979,65129,65536,0.95654296875,0.9498596607971911,0.9623707358083885,0.971435546875,0.9658757308170035,0.976111914020095,0.9937896728515625,0.08278594871272915
baseline,4000,ood_dev,17,4096,3877,3969,69098,69632,0.946533203125,0.9392159931236856,0.9530136300803813,0.968994140625,0.9632307842127183,0.973878623209377,0.9923311121323529,0.09334792265852787
baseline,4000,ood_dev,18,4096,3828,3930,73028,73728,0.9345703125,0.9265828466235786,0.9417434132469731,0.95947265625,0.9529907280310358,0.9650935534725474,0.9905056423611112,0.11030820737794489
baseline,4000,ood_dev,19,4096,3794,3920,76948,77824,0.92626953125,0.9178607737962339,0.9338794788633074,0.95703125,0.9503809505933728,0.9628250934952075,0.9887438322368421,0.13421957816870123
baseline,4000,ood_dev,20,4096,3735,3875,80823,81920,0.911865234375,0.9027930715550466,0.9201655803559762,0.946044921875,0.9386986636872588,0.9525553120338074,0.98660888671875,0.16182399524491586
baseline,4000,ood_dev,21,4096,3692,3859,84682,86016,0.9013671875,0.8918564110099307,0.9101258200165789,0.942138671875,0.9345655263512737,0.9488832695057877,0.9844912574404762,0.18555595908700884
baseline,4000,ood_dev,22,4096,3633,3822,88504,90112,0.886962890625,0.8769012144234478,0.8962994158545434,0.93310546875,0.9250412981572879,0.9403580192642621,0.9821555397727273,0.21463314747128948
baseline,4000,ood_dev,23,4096,3579,3804,92308,94208,0.873779296875,0.863257496456122,0.8836006517808525,0.9287109375,0.920422816416333,0.9361956736582114,0.9798318614130435,0.2474766381722242
baseline,4000,ood_dev,24,4096,3524,3760,96068,98304,0.8603515625,0.8493984234403716,0.8706294190140859,0.91796875,0.9091682131124504,0.9259860323360801,0.9772542317708334,0.2869735797061512
baseline,4000,ood_dev,25,4096,3462,3721,99789,102400,0.84521484375,0.8338150005188198,0.8559677699626185,0.908447265625,0.899228516897034,0.9169006026329847,0.974501953125,0.3185469697284917
baseline,4000,ood_dev,26,4096,3385,3657,103446,106496,0.826416015625,0.8145125260979643,0.83770781628795,0.892822265625,0.8829781530794668,0.901930246994532,0.9713604266826923,0.35902451256275825
baseline,4000,ood_dev,27,4096,3317,3626,107072,110592,0.809814453125,0.7975078064837412,0.8215405214801522,0.88525390625,0.875130353941446,0.894655510146043,0.9681712962962963,0.41618223213435535
baseline,4000,ood_dev,28,4096,3241,3581,110653,114688,0.791259765625,0.7785436738827836,0.8034300497270863,0.874267578125,0.8637621415848652,0.88407165413511,0.9648175920758929,0.4354772108320386
baseline,4000,ood_dev,29,4096,3185,3565,114218,118784,0.777587890625,0.7645954299535052,0.7900601641323473,0.870361328125,0.8597263579958655,0.8803022578601046,0.9615604795258621,0.47383267932772455
baseline,4000,ood_dev,30,4096,3118,3522,117740,122880,0.76123046875,0.7479333589152923,0.7740380444900392,0.85986328125,0.8488951055782347,0.8701570893932221,0.9581705729166666,0.5292700899595362
baseline,4000,ood_dev,31,4096,3047,3472,121212,126976,0.743896484375,0.7303053240053347,0.757030593753475,0.84765625,0.8363258316896912,0.8583351762067503,0.9546055947580645,0.5742381977492537
baseline,4000,ood_dev,32,4096,2982,3432,124644,131072,0.72802734375,0.7141912615147941,0.7414361130464955,0.837890625,0.8262882059570653,0.8488598522793636,0.950958251953125,0.6270856313157394
baseline,4000,ood_dev,33,4096,2920,3414,128058,135168,0.712890625,0.6988413115951353,0.7265409909931351,0.83349609375,0.8217760872138762,0.8445911436755471,0.9473987926136364,0.6668102246575298
baseline,4000,ood_dev,34,4096,2856,3365,131423,139264,0.697265625,0.6830160401504275,0.711145542981823,0.821533203125,0.8095073008667827,0.8329565666891255,0.9436968635110294,0.7282746534690956
baseline,4000,ood_dev,35,4096,2808,3356,134779,143360,0.685546875,0.6711597655185217,0.6995862780217139,0.8193359375,0.807256014123365,0.8308174397590403,0.9401436941964286,0.7468021607493878
baseline,4000,ood_dev,36,4096,2745,3291,138070,147456,0.670166015625,0.6556142769238003,0.6843988709019158,0.803466796875,0.7910154101857612,0.815349500499124,0.9363471137152778,0.8201005266247838
baseline,4500,dev,1,4096,4096,4096,4096,4096,1.0,0.9990630225926348,0.9999999999999999,1.0,0.9990630225926348,0.9999999999999999,1.0,0.00015721245276623108
baseline,4500,dev,2,4096,4096,4096,8192,8192,1.0,0.9990630225926348,0.9999999999999999,1.0,0.9990630225926348,0.9999999999999999,1.0,0.00010005445787220069
baseline,4500,dev,3,4096,4096,4096,12288,12288,1.0,0.9990630225926348,0.9999999999999999,1.0,0.9990630225926348,0.9999999999999999,1.0,0.00012181158368207434
baseline,4500,dev,4,4096,4096,4096,16384,16384,1.0,0.9990630225926348,0.9999999999999999,1.0,0.9990630225926348,0.9999999999999999,1.0,0.00016209370281217161
baseline,4500,dev,5,4096,4096,4096,20480,20480,1.0,0.9990630225926348,0.9999999999999999,1.0,0.9990630225926348,0.9999999999999999,1.0,0.00023251293309112242
baseline,4500,dev,6,4096,4095,4095,24575,24576,0.999755859375,0.9986182969663738,0.9999569018847606,0.999755859375,0.9986182969663738,0.9999569018847606,0.9999593098958334,0.0006500950397421157
baseline,4500,dev,7,4096,4095,4096,28671,28672,0.999755859375,0.9986182969663738,0.9999569018847606,1.0,0.9990630225926348,0.9999999999999999,0.9999651227678571,0.0008033642787150796
baseline,4500,dev,8,4096,4095,4095,32766,32768,0.999755859375,0.9986182969663738,0.9999569018847606,0.999755859375,0.9986182969663738,0.9999569018847606,0.99993896484375,0.0013068221192629181
baseline,4500,dev,9,4096,4093,4094,36860,36864,0.999267578125,0.9978486714629491,0.9997508799051849,0.99951171875,0.9982212896544476,0.9998660854551866,0.9998914930555556,0.0018748747062113935
baseline,4500,dev,10,4096,4090,4092,40952,40960,0.99853515625,0.9968075986857966,0.9993284814578364,0.9990234375,0.9974915571936952,0.9996201704329383,0.9998046875,0.004595237752512915
baseline,4500,dev,11,4096,4090,4094,45046,45056,0.99853515625,0.9968075986857966,0.9993284814578364,0.99951171875,0.9982212896544476,0.9998660854551866,0.9997780539772727,0.003695335714141823
baseline,4500,dev,12,4096,4081,4085,49131,49152,0.996337890625,0.9939662587473084,0.9977794077228217,0.997314453125,0.9951972177470491,0.9984997436890822,0.99957275390625,0.008250623916874922
baseline,4500,ood_dev,1,4096,4096,4096,4096,4096,1.0,0.9990630225926348,0.9999999999999999,1.0,0.9990630225926348,0.9999999999999999,1.0,0.00015711881974667108
baseline,4500,ood_dev,2,4096,4096,4096,8192,8192,1.0,0.9990630225926348,0.9999999999999999,1.0,0.9990630225926348,0.9999999999999999,1.0,0.00010213122455970947
baseline,4500,ood_dev,3,4096,4096,4096,12288,12288,1.0,0.9990630225926348,0.9999999999999999,1.0,0.9990630225926348,0.9999999999999999,1.0,0.00012037968240230512
baseline,4500,ood_dev,4,4096,4096,4096,16384,16384,1.0,0.9990630225926348,0.9999999999999999,1.0,0.9990630225926348,0.9999999999999999,1.0,0.0001990052220994798
baseline,4500,ood_dev,5,4096,4096,4096,20480,20480,1.0,0.9990630225926348,0.9999999999999999,1.0,0.9990630225926348,0.9999999999999999,1.0,0.00021609063002436812
baseline,4500,ood_dev,6,4096,4096,4096,24576,24576,1.0,0.9990630225926348,0.9999999999999999,1.0,0.9990630225926348,0.9999999999999999,1.0,0.0005305665026376083
baseline,4500,ood_dev,7,4096,4093,4093,28669,28672,0.999267578125,0.9978486714629491,0.9997508799051849,0.999267578125,0.9978486714629491,0.9997508799051849,0.9998953683035714,0.0012726550988184648
baseline,4500,ood_dev,8,4096,4089,4091,32760,32768,0.998291015625,0.9964763422189936,0.9991719141831389,0.998779296875,0.997145424476127,0.9994784794090062,0.999755859375,0.0031182416657711265
baseline,4500,ood_dev,9,4096,4086,4090,36850,36864,0.99755859375,0.9955114747539533,0.9986733104236785,0.99853515625,0.9968075986857966,0.9993284814578364,0.9996202256944444,0.004321350988618189
baseline,4500,ood_dev,10,4096,4083,4090,40940,40960,0.996826171875,0.9945771012522003,0.9981442127009305,0.99853515625,0.9968075986857966,0.9993284814578364,0.99951171875,0.0071287600665077555
baseline,4500,ood_dev,11,4096,4072,4080,45020,45056,0.994140625,0.9912959670744264,0.996059285722201,0.99609375,0.9936637657680687,0.9975940769605611,0.9992009943181818,0.010949934513387216
baseline,4500,ood_dev,12,4096,4064,4078,49098,49152,0.9921875,0.9889921727170213,0.9944604901476036,0.99560546875,0.9930638103960733,0.9972183848495558,0.9989013671875,0.012418523615591148
baseline,4500,ood_dev,13,4096,4044,4062,53160,53248,0.9873046875,0.9833908284717333,0.9903053595628853,0.99169921875,0.9884233098915096,0.9940537054901146,0.9983473557692307,0.02410338638816878
baseline,4500,ood_dev,14,4096,4029,4053,57213,57344,0.983642578125,0.9792802999311276,0.9870985319809864,0.989501953125,0.9858899643168433,0.9921966373912783,0.9977155412946429,0.031931330347049425
baseline,4500,ood_dev,15,4096,4008,4039,61252,61440,0.978515625,0.973606447163245,0.9825280861773625,0.986083984375,0.9820139840883064,0.9892430852388108,0.9969401041666667,0.04253326824799375
baseline,4500,ood_dev,16,4096,3981,4024,65276,65536,0.971923828125,0.9664058535023272,0.976557438817772,0.982421875,0.9779220041441211,0.9860177090604912,0.99603271484375,0.04937568305336537
baseline,4500,ood_dev,17,4096,3949,4007,69283,69632,0.964111328125,0.9579660236105576,0.9693869089815317,0.978271484375,0.9733380928544043,0.9823086167447029,0.9949879365808824,0.06218325249229251
baseline,4500,ood_dev,18,4096,3924,3998,73281,73728,0.9580078125,0.9514241848736409,0.9637331541809406,0.97607421875,0.9709291555744165,0.9803271403511878,0.9939371744791666,0.07588128117577497
baseline,4500,ood_dev,19,4096,3895,3991,77272,77824,0.950927734375,0.9438793823249059,0.9571310682261667,0.974365234375,0.9690626764666648,0.9787788532684374,0.992907072368421,0.09186823051321902
baseline,4500,ood_dev,20,4096,3859,3954,81226,81920,0.942138671875,0.9345655263512737,0.9488832695057877,0.96533203125,0.9592793468139419,0.9705127044856489,0.9915283203125,0.11158893281083815
baseline,4500,ood_dev,21,4096,3807,3924,85150,86016,0.929443359375,0.9211919432008939,0.9368900180981512,0.9580078125,0.9514241848736409,0.9637331541809406,0.9899321056547619,0.13265016290086207
baseline,4500,ood_dev,22,4096,3755,3896,89046,90112,0.916748046875,0.9078921282737603,0.9248229984672688,0.951171875,0.9441388702045643,0.9573594040880085,0.9881702769886364,0.1605689195584965
baseline,4500,ood_dev,23,4096,3714,3875,92921,94208,0.90673828125,0.897447644100744,0.9152667092387725,0.946044921875,0.9386986636872588,0.9525553120338074,0.9863387398097826,0.1864155934684324
baseline,4500,ood_dev,24,4096,3660,3840,96761,98304,0.8935546875,0.8837383798604915,0.9026334914380082,0.9375,0.9296692192922852,0.9445109254762704,0.9843037923177084,0.21050009265445402
baseline,4500,ood_dev,25,4096,3615,3809,100570,102400,0.882568359375,0.8723489588346361,0.8920708440963495,0.929931640625,0.9217048293210383,0.9373527794610076,0.98212890625,0.24620921401673135
baseline,4500,ood_dev,26,4096,3568,3789,104359,106496,0.87109375,0.8604828297370326,0.8810092573434385,0.925048828125,0.916580713871883,0.9327204200801565,0.9799335186298077,0.2524164155200306
baseline,4500,ood_dev,27,4096,3509,3753,108112,110592,0.856689453125,0.8456245917120823,0.8670858946198706,0.916259765625,0.9073818457534903,0.924357633504538,0.9775752314814815,0.2910583688387405
baseline,4500,ood_dev,28,4096,3450,3733,111845,114688,0.84228515625,0.8308032711335156,0.8531256144499189,0.911376953125,0.9022836148178496,0.9196993896101727,0.9752110072544643,0.3199025143511829
baseline,4500,ood_dev,29,4096,3398,3723,115568,118784,0.82958984375,0.8177677129585759,0.8407943380668426,0.908935546875,0.8997375071958539,0.9173672598171653,0.9729256465517241,0.34760107102272686
baseline,4500,ood_dev,30,4096,3341,3691,119259,122880,0.815673828125,0.803505304014572,0.8272507937453287,0.901123046875,0.8916024659529467,0.9098919413320625,0.9705322265625,0.3645947910210898
baseline,4500,ood_dev,31,4096,3280,3671,122930,126976,0.80078125,0.7882701144567107,0.8127287350716711,0.896240234375,0.8865270812946906,0.9052108511603125,0.9681357106854839,0.3983831756734575
baseline,4500,ood_dev,32,4096,3227,3632,126562,131072,0.787841796875,0.7750546759462219,0.8000895152826436,0.88671875,0.8766481917015035,0.8960646148349874,0.9655914306640625,0.44137527678080524
baseline,4500,ood_dev,33,4096,3185,3614,130176,135168,0.777587890625,0.7645954299535052,0.7900601641323473,0.88232421875,0.8720961872638064,0.891835791925679,0.9630681818181818,0.4649771247356771
baseline,4500,ood_dev,34,4096,3128,3581,133757,139264,0.763671875,0.7504185126757205,0.7764311281446142,0.874267578125,0.8637621415848652,0.88407165413511,0.9604563993566176,0.5130232390491649
baseline,4500,ood_dev,35,4096,3062,3540,137297,143360,0.74755859375,0.734027191302923,0.7606260825783913,0.8642578125,0.853426556028023,0.8744064662904394,0.9577078683035715,0.5567000577603816
baseline,4500,ood_dev,36,4096,3003,3493,140790,147456,0.733154296875,0.7193948943133442,0.7464767788194518,0.852783203125,0.8416017930965025,0.8633035133714453,0.9547932942708334,0.597242188918587
baseline,5000,dev,1,102400,102400,102400,102400,102400,1.0,0.9999624871609701,1.0,1.0,0.9999624871609701,1.0,1.0,0.00010681743837448465
baseline,5000,dev,2,102400,102400,102400,204800,204800,1.0,0.9999624871609701,1.0,1.0,0.9999624871609701,1.0,1.0,7.203654577350171e-05
baseline,5000,dev,3,102400,102400,102400,307200,307200,1.0,0.9999624871609701,1.0,1.0,0.9999624871609701,1.0,1.0,9.397258799566544e-05
baseline,5000,dev,4,102400,102400,102400,409600,409600,1.0,0.9999624871609701,1.0,1.0,0.9999624871609701,1.0,1.0,0.00013966460255239178
baseline,5000,dev,5,102400,102398,102398,511998,512000,0.99998046875,0.9999287823158808,0.9999946438104347,0.99998046875,0.9999287823158808,0.9999946438104347,0.99999609375,0.000284073231273938
baseline,5000,dev,6,102400,102390,102391,614389,614400,0.99990234375,0.9998202295599984,0.9999469524276979,0.999912109375,0.9998329541276058,0.999953758377418,0.9999820963541667,0.000625684282947807
baseline,5000,dev,7,102400,102369,102375,716764,716800,0.999697265625,0.9995703338469782,0.9997867072768437,0.999755859375,0.9996396050278641,0.999834619199922,0.9999497767857143,0.0013215232563881063
baseline,5000,dev,8,102400,102299,102310,819074,819200,0.999013671875,0.9988017844178726,0.9991881204930338,0.99912109375,0.998919909733904,0.9992848308676036,0.99984619140625,0.0028820046509375973
baseline,5000,dev,9,102400,102180,102231,921305,921600,0.9978515625,0.9975486867001404,0.9981170866488098,0.998349609375,0.9980815995129239,0.9985802302197219,0.9996799045138889,0.005635201524703719
baseline,5000,dev,10,102400,101957,102059,1023364,1024000,0.995673828125,0.995252827917074,0.9960576400678745,0.996669921875,0.9962979466033796,0.9970046341489599,0.99937890625,0.009873450936428637
baseline,5000,dev,11,102400,101649,101851,1125215,1126400,0.992666015625,0.992124617104551,0.9931704515435698,0.994638671875,0.9941724731053734,0.9950677600428746,0.9989479758522727,0.015745558561331165
baseline,5000,dev,12,102400,101234,101573,1226788,1228800,0.98861328125,0.9879448594514364,0.9892450445058287,0.991923828125,0.9913568731546268,0.9924538761766143,0.9983626302083334,0.023758417980066646
baseline,5000,ood_dev,1,102400,102400,102400,102400,102400,1.0,0.9999624871609701,1.0,1.0,0.9999624871609701,1.0,1.0,0.00010709430847576585
baseline,5000,ood_dev,2,102400,102400,102400,204800,204800,1.0,0.9999624871609701,1.0,1.0,0.9999624871609701,1.0,1.0,7.161469411143706e-05
baseline,5000,ood_dev,3,102400,102400,102400,307200,307200,1.0,0.9999624871609701,1.0,1.0,0.9999624871609701,1.0,1.0,9.054569639648236e-05
baseline,5000,ood_dev,4,102400,102399,102399,409599,409600,0.999990234375,0.9999446805183295,0.9999982761253133,0.999990234375,0.9999446805183295,0.9999982761253133,0.99999755859375,0.0001441485881657911
baseline,5000,ood_dev,5,102400,102398,102398,511997,512000,0.99998046875,0.9999287823158808,0.9999946438104347,0.99998046875,0.9999287823158808,0.9999946438104347,0.999994140625,0.0002765905208335795
baseline,5000,ood_dev,6,102400,102391,102393,614390,614400,0.999912109375,0.9998329541276058,0.999953758377418,0.999931640625,0.9998588878252541,0.9999668857144244,0.9999837239583333,0.0005127862115718695
baseline,5000,ood_dev,7,102400,102364,102368,716758,716800,0.9996484375,0.9995133551962606,0.9997460333409244,0.9996875,0.9995588896466933,0.9997786209598011,0.99994140625,0.0012639355578282529
baseline,5000,ood_dev,8,102400,102317,102340,819098,819200,0.999189453125,0.9989954218558749,0.999346032366924,0.9994140625,0.999245935024263,0.9995447210970653,0.99987548828125,0.002486097655250692
baseline,5000,ood_dev,9,102400,102205,102240,921338,921600,0.998095703125,0.9978093454375543,0.9983446908445799,0.9984375,0.9981761670054985,0.9986614373830935,0.9997157118055555,0.005064063010390969
baseline,5000,ood_dev,10,102400,101993,102093,1023431,1024000,0.996025390625,0.9956209692244531,0.9963925973842802,0.997001953125,0.9966479352439517,0.997318683097518,0.9994443359375,0.008709823982050731
baseline,5000,ood_dev,11,102400,101712,101912,1125343,1126400,0.99328125,0.9927620576834453,0.9937634335562993,0.995234375,0.9947935826067935,0.9956380120984236,0.9990616122159091,0.014015669334769418
baseline,5000,ood_dev,12,102400,101272,101629,1226972,1228800,0.988984375,0.9883264914397614,0.9896055721759436,0.992470703125,0.9919224556379752,0.9929820026635982,0.9985123697916667,0.02175132597846358
baseline,5000,ood_dev,13,102400,100730,101297,1328269,1331200,0.98369140625,0.9828972889440596,0.9844492342802146,0.989228515625,0.9885776655702901,0.989842660978599,0.9977982271634616,0.030937283218268528
baseline,5000,ood_dev,14,102400,100042,100811,1429080,1433600,0.97697265625,0.9760359330466525,0.9778735942563962,0.984482421875,0.9837070119313559,0.9852214831964349,0.9968470982142857,0.04418751307515879
baseline,5000,ood_dev,15,102400,99279,100381,1529461,1536000,0.969521484375,0.9684508761830047,0.9705568663992662,0.980283203125,0.9794134971711566,0.9811168755058681,0.9957428385416667,0.05862140315904659
baseline,5000,ood_dev,16,102400,98371,99784,1629245,1638400,0.960654296875,0.9594461366645765,0.9618278961844494,0.974453125,0.9734688021642881,0.9754018516683012,0.9944122314453125,0.07691041245223809
baseline,5000,ood_dev,17,102400,97413,99221,1728466,1740800,0.951298828125,0.9499634780840182,0.9526003191653941,0.968955078125,0.9678750653567252,0.969999907220559,0.9929147518382353,0.09705282839359664
baseline,5000,ood_dev,18,102400,96323,98616,1827082,1843200,0.940654296875,0.939190568657582,0.942084964705005,0.963046875,0.9618739558724344,0.9641850537217952,0.9912554253472222,0.11746312668780591
baseline,5000,ood_dev,19,102400,95097,97910,1924992,1945600,0.928681640625,0.9270892312727093,0.9302418878465311,0.95615234375,0.954881031217364,0.9573894331437475,0.9894078947368421,0.14195601566812896
baseline,5000,ood_dev,20,102400,93842,97165,2022157,2048000,0.91642578125,0.9147150681433645,0.9181052517300357,0.948876953125,0.9475110363128768,0.9502091926393496,0.98738134765625,0.17132629878813652
baseline,5000,ood_dev,21,102400,92483,96416,2118573,2150400,0.903154296875,0.9013277238027088,0.9049506230228056,0.9415625,0.9401091592205206,0.942982712253511,0.9851994977678571,0.19792236375529015
baseline,5000,ood_dev,22,102400,91109,95643,2214216,2252800,0.889736328125,0.8878032625121872,0.8916401535055307,0.934013671875,0.9324767786290544,0.9355180029509258,0.9828728693181819,0.22804020416625978
baseline,5000,ood_dev,23,102400,89696,94881,2309097,2355200,0.8759375,0.8739042995839114,0.8779424954502432,0.926572265625,0.9249586143487611,0.9281539130277687,0.9804250169836957,0.258845465542536
baseline,5000,ood_dev,24,102400,88180,93998,2403095,2457600,0.8611328125,0.859001227424029,0.8632373033418436,0.91794921875,0.9162525718990339,0.9196145086774349,0.9778218587239583,0.29468240653613925
baseline,5000,ood_dev,25,102400,86675,93055,2496150,2560000,0.846435546875,0.8442143440876754,0.8486307581005162,0.908740234375,0.906961033986689,0.9104887687500766,0.97505859375,0.3321328540672598
baseline,5000,ood_dev,26,102400,85098,92157,2588307,2662400,0.83103515625,0.8287276245220027,0.833317851840938,0.899970703125,0.8981179668421821,0.9017934313346119,0.9721705979567308,0.3719118280316585
baseline,5000,ood_dev,27,102400,83511,91300,2679607,2764800,0.815537109375,0.8131496813796794,0.8179008639847368,0.8916015625,0.8896827283073988,0.8934910165198454,0.9691865596064815,0.4133029461481666
baseline,5000,ood_dev,28,102400,81991,90455,2770062,2867200,0.800693359375,0.7982353352442451,0.8031288237825798,0.883349609375,0.8813691044418488,0.8853013532437737,0.9661209542410715,0.4502745989987514
baseline,5000,ood_dev,29,102400,80414,89534,2859596,2969600,0.78529296875,0.7827672961491757,0.7877972370523981,0.87435546875,0.8723113315165416,0.8763715197105801,0.9629566271551724,0.49546455651114857
baseline,5000,ood_dev,30,102400,78815,88667,2948263,3072000,0.769677734375,0.7670888294543495,0.7722464065407714,0.865888671875,0.8637877509083178,0.8679621417959802,0.9597210286458333,0.5366235430129948
baseline,5000,ood_dev,31,102400,77281,87915,3036178,3174400,0.754697265625,0.7520524091326289,0.7573230132823173,0.858544921875,0.8563970051920072,0.8606659384821141,0.956457283266129,0.5811702006760182
baseline,5000,ood_dev,32,102400,75722,87062,3123240,3276800,0.73947265625,0.736775358249274,0.7421519876523142,0.85021484375,0.8480159760533039,0.852387436340577,0.95313720703125,0.6231568617435259
baseline,5000,ood_dev,33,102400,74114,86221,3209461,3379200,0.72376953125,0.7210225411718049,0.726499732867384,0.842001953125,0.8397551423418407,0.8442231049797283,0.949769472064394,0.6658707167427178
baseline,5000,ood_dev,34,102400,72605,85245,3294706,3481600,0.709033203125,0.7062434285111904,0.711807294881008,0.832470703125,0.8301709145883321,0.834745547821731,0.9463195082720588,0.7149785586334755
baseline,5000,ood_dev,35,102400,71076,84383,3379089,3584000,0.6941015625,0.6912720567330908,0.6969165056655702,0.824052734375,0.8217083844733741,0.8263727720005023,0.942826171875,0.762032455500791
baseline,5000,ood_dev,36,102400,69567,83586,3462675,3686400,0.679365234375,0.6764999404663115,0.682217071285359,0.81626953125,0.8138857320788855,0.8186296020850827,0.9393107096354166,0.8118182364864376
baseline,5500,dev,1,4096,4096,4096,4096,4096,1.0,0.9990630225926348,0.9999999999999999,1.0,0.9990630225926348,0.9999999999999999,1.0,6.299971833723106e-05
baseline,5500,dev,2,4096,4096,4096,8192,8192,1.0,0.9990630225926348,0.9999999999999999,1.0,0.9990630225926348,0.9999999999999999,1.0,4.379918050489984e-05
baseline,5500,dev,3,4096,4096,4096,12288,12288,1.0,0.9990630225926348,0.9999999999999999,1.0,0.9990630225926348,0.9999999999999999,1.0,5.1945689274246476e-05
baseline,5500,dev,4,4096,4096,4096,16384,16384,1.0,0.9990630225926348,0.9999999999999999,1.0,0.9990630225926348,0.9999999999999999,1.0,7.372846075304196e-05
baseline,5500,dev,5,4096,4096,4096,20480,20480,1.0,0.9990630225926348,0.9999999999999999,1.0,0.9990630225926348,0.9999999999999999,1.0,0.00019157898648547445
baseline,5500,dev,6,4096,4095,4095,24575,24576,0.999755859375,0.9986182969663738,0.9999569018847606,0.999755859375,0.9986182969663738,0.9999569018847606,0.9999593098958334,0.0006050676497895147
baseline,5500,dev,7,4096,4092,4092,28667,28672,0.9990234375,0.9974915571936952,0.9996201704329383,0.9990234375,0.9974915571936952,0.9996201704329383,0.9998256138392857,0.002172066402953199
baseline,5500,dev,8,4096,4091,4094,32761,32768,0.998779296875,0.997145424476127,0.9994784794090062,0.99951171875,0.9982212896544476,0.9998660854551866,0.999786376953125,0.0018396039151760135
baseline,5500,dev,9,4096,4089,4091,36852,36864,0.998291015625,0.9964763422189936,0.9991719141831389,0.998779296875,0.997145424476127,0.9994784794090062,0.9996744791666666,0.002820850356263893
baseline,5500,dev,10,4096,4085,4089,40941,40960,0.997314453125,0.9951972177470491,0.9984997436890822,0.998291015625,0.9964763422189936,0.9991719141831389,0.9995361328125,0.005366063861395709
baseline,5500,dev,11,4096,4075,4079,45020,45056,0.994873046875,0.9921745882319427,0.9966441357891856,0.995849609375,0.9933629968413301,0.9974070221457995,0.9992009943181818,0.008150705670393776
baseline,5500,dev,12,4096,4069,4077,49097,49152,0.993408203125,0.9904260923610462,0.9954656892110803,0.995361328125,0.9927660832938955,0.9970282882102334,0.9988810221354166,0.014385727271028825
baseline,5500,ood_dev,1,4096,4096,4096,4096,4096,1.0,0.9990630225926348,0.9999999999999999,1.0,0.9990630225926348,0.9999999999999999,1.0,6.368171809878476e-05
baseline,5500,ood_dev,2,4096,4096,4096,8192,8192,1.0,0.9990630225926348,0.9999999999999999,1.0,0.9990630225926348,0.9999999999999999,1.0,4.326981819069431e-05
baseline,5500,ood_dev,3,4096,4096,4096,12288,12288,1.0,0.9990630225926348,0.9999999999999999,1.0,0.9990630225926348,0.9999999999999999,1.0,5.197396473000104e-05
baseline,5500,ood_dev,4,4096,4096,4096,16384,16384,1.0,0.9990630225926348,0.9999999999999999,1.0,0.9990630225926348,0.9999999999999999,1.0,7.30682599747734e-05
baseline,5500,ood_dev,5,4096,4096,4096,20480,20480,1.0,0.9990630225926348,0.9999999999999999,1.0,0.9990630225926348,0.9999999999999999,1.0,0.00012522198693631914
baseline,5500,ood_dev,6,4096,4096,4096,24576,24576,1.0,0.9990630225926348,0.9999999999999999,1.0,0.9990630225926348,0.9999999999999999,1.0,0.00034635275047678604
baseline,5500,ood_dev,7,4096,4096,4096,28672,28672,1.0,0.9990630225926348,0.9999999999999999,1.0,0.9990630225926348,0.9999999999999999,1.0,0.0003781851549689019
baseline,5500,ood_dev,8,4096,4095,4095,32767,32768,0.999755859375,0.9986182969663738,0.9999569018847606,0.999755859375,0.9986182969663738,0.9999569018847606,0.999969482421875,0.0015635774919589007
baseline,5500,ood_dev,9,4096,4094,4095,36862,36864,0.99951171875,0.9982212896544476,0.9998660854551866,0.999755859375,0.9986182969663738,0.9999569018847606,0.9999457465277778,0.0017904675284405869
baseline,5500,ood_dev,10,4096,4090,4092,40954,40960,0.99853515625,0.9968075986857966,0.9993284814578364,0.9990234375,0.9974915571936952,0.9996201704329383,0.999853515625,0.004392176593469577
baseline,5500,ood_dev,11,4096,4079,4083,45037,45056,0.995849609375,0.9933629968413301,0.9974070221457995,0.996826171875,0.9945771012522003,0.9981442127009305,0.9995783025568182,0.010669648871884707
baseline,5500,ood_dev,12,4096,4062,4069,49106,49152,0.99169921875,0.9884233098915096,0.9940537054901146,0.993408203125,0.9904260923610462,0.9954656892110803,0.9990641276041666,0.01891599312829917
baseline,5500,ood_dev,13,4096,4057,4070,53176,53248,0.990478515625,0.9870110133784079,0.9930268832957149,0.99365234375,0.99071517109395,0.9956644342196767,0.9986478365384616,0.02717301335893585
baseline,5500,ood_dev,14,4096,4035,4054,57230,57344,0.985107421875,0.9809175425035267,0.9883882318575893,0.98974609375,0.9861695639225535,0.9924048615270683,0.9980119977678571,0.03626928702123311
baseline,5500,ood_dev,15,4096,4018,4043,61273,61440,0.98095703125,0.9762985198015777,0.984714250954033,0.987060546875,0.983114860378963,0.9900935039141554,0.9972819010416667,0.04470055849609533
baseline,5500,ood_dev,16,4096,3991,4024,65297,65536,0.974365234375,0.9690626764666648,0.9787788532684374,0.982421875,0.9779220041441211,0.9860177090604912,0.9963531494140625,0.06338063803760252
baseline,5500,ood_dev,17,4096,3967,4012,69309,69632,0.968505859375,0.9627028673707351,0.9734308925683598,0.9794921875,0.9746813618391824,0.9834044664674263,0.995361328125,0.07665826235553252
baseline,5500,ood_dev,18,4096,3931,3993,73302,73728,0.959716796875,0.9532520220922961,0.9653200831527876,0.974853515625,0.9695953616072256,0.9792218156108773,0.9942220052083334,0.09239713850494646
baseline,5500,ood_dev,19,4096,3899,3968,77270,77824,0.951904296875,0.9449176066361316,0.9580441388809422,0.96875,0.9629667829716362,0.9736548007089589,0.9928813733552632,0.10787940025489728
baseline,5500,ood_dev,20,4096,3866,3947,81217,81920,0.94384765625,0.9363725983801838,0.9504909636673797,0.963623046875,0.9574411905686989,0.9689360945403896,0.99141845703125,0.13002523793292053
baseline,5500,ood_dev,21,4096,3822,3925,85142,86016,0.93310546875,0.9250412981572879,0.9403580192642621,0.958251953125,0.9516851324633817,0.9639600303327001,0.9898390997023809,0.14200972864744799
baseline,5500,ood_dev,22,4096,3764,3888,89030,90112,0.9189453125,0.9101894761317266,0.9269160642828052,0.94921875,0.9420642079017939,0.9555314764587765,0.9879927201704546,0.16391229898684512
baseline,5500,ood_dev,23,4096,3718,3871,92901,94208,0.90771484375,0.8984651733694144,0.9162004749361032,0.945068359375,0.9376644744381794,0.9516382063168857,0.9861264436141305,0.19208980868208325
baseline,5500,ood_dev,24,4096,3663,3840,96741,98304,0.894287109375,0.8844987461372489,0.9033365963857516,0.9375,0.9296692192922852,0.9445109254762704,0.984100341796875,0.2108874087114807
baseline,5500,ood_dev,25,4096,3605,3810,100551,102400,0.880126953125,0.8698218505154235,0.889719715000559,0.93017578125,0.9219613132494459,0.9375841192741002,0.981943359375,0.24840487255496613
baseline,5500,ood_dev,26,4096,3543,3768,104319,106496,0.864990234375,0.8541821504695758,0.8751143430733875,0.919921875,0.911211096651605,0.9278457387289282,0.9795579176682693,0.28250324947587613
baseline,5500,ood_dev,27,4096,3473,3719,108038,110592,0.847900390625,0.8365769684304168,0.8585718632075249,0.907958984375,0.8987196023793654,0.9164338696676525,0.9769061053240741,0.3209480179807749
baseline,5500,ood_dev,28,4096,3429,3718,111756,114688,0.837158203125,0.8255359841512442,0.8481486028606839,0.90771484375,0.8984651733694144,0.9162004749361032,0.9744349888392857,0.34006641406796767
baseline,5500,ood_dev,29,4096,3366,3674,115430,118784,0.82177734375,0.8097574842118065,0.833194207085602,0.89697265625,0.8872879701414506,0.9059134335380535,0.9717638739224138,0.38099907796679
baseline,5500,ood_dev,30,4096,3291,3632,119062,122880,0.803466796875,0.7910154101857612,0.815349500499124,0.88671875,0.8766481917015035,0.8960646148349874,0.9689290364583333,0.4250073392415261
baseline,5500,ood_dev,31,4096,3245,3607,122669,126976,0.792236328125,0.7795407736168771,0.804384244958994,0.880615234375,0.8703271648689122,0.8901900481300711,0.9660802041330645,0.4518241782342023
baseline,5500,ood_dev,32,4096,3201,3602,126271,131072,0.781494140625,0.7685785566422971,0.7938822173075601,0.87939453125,0.8690639784398397,0.889014115851642,0.9633712768554688,0.48395675228799484
baseline,5500,ood_dev,33,4096,3146,3564,129835,135168,0.76806640625,0.7548932907576695,0.7807371774096707,0.8701171875,0.8594742247930802,0.8800665673213897,0.9605453953598485,0.5082346890051541
baseline,5500,ood_dev,34,4096,3091,3537,133372,139264,0.754638671875,0.7412263625519112,0.7675737998329121,0.863525390625,0.8526710634916235,0.8736984876023381,0.9576918658088235,0.5713674205698398
baseline,5500,ood_dev,35,4096,3031,3495,136867,143360,0.739990234375,0.7263366903217955,0.7531940475730091,0.853271484375,0.8421044979070987,0.8637764560438498,0.9547084263392858,0.5979249401781237
baseline,5500,ood_dev,36,4096,2988,3472,140339,147456,0.7294921875,0.7156777792948699,0.7428765377154214,0.84765625,0.8363258316896912,0.8583351762067503,0.9517347547743056,0.6415825158782933
baseline,6000,dev,1,4096,4096,4096,4096,4096,1.0,0.9990630225926348,0.9999999999999999,1.0,0.9990630225926348,0.9999999999999999,1.0,5.7005858889347394e-05
baseline,6000,dev,2,4096,4096,4096,8192,8192,1.0,0.9990630225926348,0.9999999999999999,1.0,0.9990630225926348,0.9999999999999999,1.0,4.53875466959186e-05
baseline,6000,dev,3,4096,4096,4096,12288,12288,1.0,0.9990630225926348,0.9999999999999999,1.0,0.9990630225926348,0.9999999999999999,1.0,5.671855526734326e-05
baseline,6000,dev,4,4096,4096,4096,16384,16384,1.0,0.9990630225926348,0.9999999999999999,1.0,0.9990630225926348,0.9999999999999999,1.0,8.938227532784282e-05
baseline,6000,dev,5,4096,4096,4096,20480,20480,1.0,0.9990630225926348,0.9999999999999999,1.0,0.9990630225926348,0.9999999999999999,1.0,0.00032194157259968215
baseline,6000,dev,6,4096,4096,4096,24576,24576,1.0,0.9990630225926348,0.9999999999999999,1.0,0.9990630225926348,0.9999999999999999,1.0,0.0003870227447750896
baseline,6000,dev,7,4096,4096,4096,28672,28672,1.0,0.9990630225926348,0.9999999999999999,1.0,0.9990630225926348,0.9999999999999999,1.0,0.0007271721293615752
baseline,6000,dev,8,4096,4094,4094,32766,32768,0.99951171875,0.9982212896544476,0.9998660854551866,0.99951171875,0.9982212896544476,0.9998660854551866,0.99993896484375,0.002148782555295492
baseline,6000,dev,9,4096,4085,4085,36851,36864,0.997314453125,0.9951972177470491,0.9984997436890822,0.997314453125,0.9951972177470491,0.9984997436890822,0.9996473524305556,0.005291533280243899
baseline,6000,dev,10,4096,4079,4083,40934,40960,0.995849609375,0.9933629968413301,0.9974070221457995,0.996826171875,0.9945771012522003,0.9981442127009305,0.999365234375,0.0084035569289167
baseline,6000,dev,11,4096,4071,4076,45010,45056,0.993896484375,0.9910051126562461,0.995862316398881,0.9951171875,0.9924697076331114,0.9968368401295172,0.9989790482954546,0.01382920840584223
baseline,6000,dev,12,4096,4058,4072,49082,49152,0.99072265625,0.987292434466316,0.993233285949307,0.994140625,0.9912959670744264,0.996059285722201,0.9985758463541666,0.016595496564475454
baseline,6000,ood_dev,1,4096,4096,4096,4096,4096,1.0,0.9990630225926348,0.9999999999999999,1.0,0.9990630225926348,0.9999999999999999,1.0,5.729812148036473e-05
baseline,6000,ood_dev,2,4096,4096,4096,8192,8192,1.0,0.9990630225926348,0.9999999999999999,1.0,0.9990630225926348,0.9999999999999999,1.0,4.54914717105126e-05
baseline,6000,ood_dev,3,4096,4096,4096,12288,12288,1.0,0.9990630225926348,0.9999999999999999,1.0,0.9990630225926348,0.9999999999999999,1.0,5.674092066709768e-05
baseline,6000,ood_dev,4,4096,4096,4096,16384,16384,1.0,0.9990630225926348,0.9999999999999999,1.0,0.9990630225926348,0.9999999999999999,1.0,8.627236458735865e-05
baseline,6000,ood_dev,5,4096,4096,4096,20480,20480,1.0,0.9990630225926348,0.9999999999999999,1.0,0.9990630225926348,0.9999999999999999,1.0,0.00012816672748328095
baseline,6000,ood_dev,6,4096,4096,4096,24576,24576,1.0,0.9990630225926348,0.9999999999999999,1.0,0.9990630225926348,0.9999999999999999,1.0,0.0003843099837606001
baseline,6000,ood_dev,7,4096,4095,4095,28671,28672,0.999755859375,0.9986182969663738,0.9999569018847606,0.999755859375,0.9986182969663738,0.9999569018847606,0.9999651227678571,0.000884502734631365
baseline,6000,ood_dev,8,4096,4091,4091,32762,32768,0.998779296875,0.997145424476127,0.9994784794090062,0.998779296875,0.997145424476127,0.9994784794090062,0.99981689453125,0.0031289868247750263
baseline,6000,ood_dev,9,4096,4088,4090,36852,36864,0.998046875,0.9961504506055915,0.9990099820550408,0.99853515625,0.9968075986857966,0.9993284814578364,0.9996744791666666,0.0038005831334697593
baseline,6000,ood_dev,10,4096,4082,4086,40938,40960,0.99658203125,0.9942706398960515,0.9979628503155791,0.99755859375,0.9955114747539533,0.9986733104236785,0.999462890625,0.009239058883655504
baseline,6000,ood_dev,11,4096,4073,4077,45015,45056,0.994384765625,0.991587789433178,0.9962552871049496,0.995361328125,0.9927660832938955,0.9970282882102334,0.9990900213068182,0.015466268951696893
baseline,6000,ood_dev,12,4096,4055,4062,49077,49152,0.989990234375,0.9864495949105299,0.9926126542805922,0.99169921875,0.9884233098915096,0.9940537054901146,0.99847412109375,0.022092117895959884
baseline,6000,ood_dev,13,4096,4035,4050,53127,53248,0.985107421875,0.9809175425035267,0.9883882318575893,0.98876953125,0.9850536128857085,0.9915695175979121,0.9977276141826923,0.03515715358870186
baseline,6000,ood_dev,14,4096,4014,4034,57161,57344,0.97998046875,0.9752197539009314,0.983841721888678,0.98486328125,0.9806440746636242,0.9881738759559913,0.9968087332589286,0.04087071564618405
baseline,6000,ood_dev,15,4096,3986,4023,61184,61440,0.97314453125,0.9677329319802243,0.9776694790473764,0.982177734375,0.9776509528256319,0.9858009366374803,0.9958333333333333,0.0538604951532875
baseline,6000,ood_dev,16,4096,3947,3993,65177,65536,0.963623046875,0.9574411905686989,0.9689360945403896,0.974853515625,0.9695953616072256,0.9792218156108773,0.9945220947265625,0.07009959668058907
baseline,6000,ood_dev,17,4096,3913,3980,69157,69632,0.955322265625,0.9485573633564719,0.9612339145416062,0.9716796875,0.9661407428071721,0.9763347257714267,0.9931784237132353,0.08974513127974704
baseline,6000,ood_dev,18,4096,3874,3960,73117,73728,0.94580078125,0.9384400580444845,0.9523260939350815,0.966796875,0.9608577781251862,0.9718612156234064,0.9917127821180556,0.11246024410522493
baseline,6000,ood_dev,19,4096,3829,3928,77045,77824,0.934814453125,0.9268398754957403,0.9419742081163116,0.958984375,0.9524683163451881,0.9646403176753946,0.989990234375,0.1326419506231986
baseline,6000,ood_dev,20,4096,3783,3906,80951,81920,0.923583984375,0.915045461521617,0.9313287299814208,0.95361328125,0.946736292289229,0.959640219418347,0.98817138671875,0.15509997121417518
baseline,6000,ood_dev,21,4096,3737,3866,84817,86016,0.912353515625,0.9033026080618216,0.9206316913322019,0.94384765625,0.9363725983801838,0.9504909636673797,0.9860607328869048,0.19299405991282947
baseline,6000,ood_dev,22,4096,3683,3835,88652,90112,0.899169921875,0.8895715160954258,0.9080203012575809,0.936279296875,0.9283826877232538,0.9433583383378,0.9837979403409091,0.2293009239678816
baseline,6000,ood_dev,23,4096,3628,3794,92446,94208,0.8857421875,0.8756362432554049,0.8951252683150849,0.92626953125,0.9178607737962339,0.9338794788633074,0.9812967051630435,0.26902926410654304
baseline,6000,ood_dev,24,4096,3581,3781,96227,98304,0.874267578125,0.8637621415848652,0.88407165413511,0.923095703125,0.9145339056289837,0.9308646383910534,0.9788716634114584,0.3021559671835514
baseline,6000,ood_dev,25,4096,3525,3745,99972,102400,0.860595703125,0.8496500987480847,0.870865567447873,0.914306640625,0.9053415639344976,0.9224953253915283,0.9762890625,0.33380016786158384
baseline,6000,ood_dev,26,4096,3459,3710,103682,106496,0.844482421875,0.8330619395689436,0.8552573596879938,0.90576171875,0.8964304105240852,0.9143326478494298,0.9735764723557693,0.37087738867466835
baseline,6000,ood_dev,27,4096,3403,3696,107378,110592,0.830810546875,0.8190200915524753,0.8419810781804445,0.90234375,0.8928723632769541,0.9110611627155568,0.9709382233796297,0.39267408584432073
baseline,6000,ood_dev,28,4096,3346,3662,111040,114688,0.81689453125,0.8047553434565755,0.8284398730108269,0.89404296875,0.8842452751338212,0.903102243647679,0.9681919642857143,0.4224452252554478
baseline,6000,ood_dev,29,4096,3289,3630,114670,118784,0.802978515625,0.7905162005951941,0.8148730626066906,0.88623046875,0.8761421890699558,0.8955949699835345,0.9653657058189655,0.4630414394448463
baseline,6000,ood_dev,30,4096,3229,3608,118278,122880,0.788330078125,0.7755530237135057,0.8005668149983604,0.880859375,0.8705798420416913,0.8904251946987922,0.962548828125,0.4886642413004276
baseline,6000,ood_dev,31,4096,3168,3546,121824,126976,0.7734375,0.7603651334237318,0.7859974570566153,0.86572265625,0.854937847514799,0.8758221172526653,0.9594254032258065,0.5503835839225977
baseline,6000,ood_dev,32,4096,3095,3502,125326,131072,0.755615234375,0.7422197258900992,0.7685317314607253,0.85498046875,0.8438642894424228,0.865431430699028,0.9561614990234375,0.6036467745745975
baseline,6000,ood_dev,33,4096,3034,3473,128799,135168,0.74072265625,0.7270807032767356,0.75391350584257,0.847900390625,0.8365769684304168,0.8585718632075249,0.952880859375,0.652042800881901
baseline,6000,ood_dev,34,4096,2978,3434,132233,139264,0.72705078125,0.7132003531241211,0.7404757264711672,0.83837890625,0.8267897325948298,0.8493339731245998,0.9495131548713235,0.7063111410579948
baseline,6000,ood_dev,35,4096,2919,3391,135624,143360,0.712646484375,0.6985938892184114,0.7263005896283585,0.827880859375,0.8160147422082297,0.8391325426266866,0.9460379464285714,0.7419701759585129
baseline,6000,ood_dev,36,4096,2870,3376,139000,147456,0.70068359375,0.6864761437006929,0.714514971812562,0.82421875,0.8122597665518021,0.8355701621606095,0.9426540798611112,0.7897999382402761
baseline,6500,dev,1,4096,4096,4096,4096,4096,1.0,0.9990630225926348,0.9999999999999999,1.0,0.9990630225926348,0.9999999999999999,1.0,5.684844286824031e-05
baseline,6500,dev,2,4096,4096,4096,8192,8192,1.0,0.9990630225926348,0.9999999999999999,1.0,0.9990630225926348,0.9999999999999999,1.0,4.4562353982424696e-05
baseline,6500,dev,3,4096,4096,4096,12288,12288,1.0,0.9990630225926348,0.9999999999999999,1.0,0.9990630225926348,0.9999999999999999,1.0,5.742677551112685e-05
baseline,6500,dev,4,4096,4096,4096,16384,16384,1.0,0.9990630225926348,0.9999999999999999,1.0,0.9990630225926348,0.9999999999999999,1.0,7.922365664247977e-05
baseline,6500,dev,5,4096,4096,4096,20480,20480,1.0,0.9990630225926348,0.9999999999999999,1.0,0.9990630225926348,0.9999999999999999,1.0,0.0001326374551375853
baseline,6500,dev,6,4096,4095,4095,24575,24576,0.999755859375,0.9986182969663738,0.9999569018847606,0.999755859375,0.9986182969663738,0.9999569018847606,0.9999593098958334,0.0004948670573592384
baseline,6500,dev,7,4096,4094,4095,28670,28672,0.99951171875,0.9982212896544476,0.9998660854551866,0.999755859375,0.9986182969663738,0.9999569018847606,0.9999302455357143,0.0009930865390646026
baseline,6500,dev,8,4096,4093,4095,32765,32768,0.999267578125,0.9978486714629491,0.9997508799051849,0.999755859375,0.9986182969663738,0.9999569018847606,0.999908447265625,0.0014071205712702373
baseline,6500,dev,9,4096,4089,4091,36856,36864,0.998291015625,0.9964763422189936,0.9991719141831389,0.998779296875,0.997145424476127,0.9994784794090062,0.9997829861111112,0.0031821886296461432
baseline,6500,dev,10,4096,4084,4089,40945,40960,0.9970703125,0.9948858699188933,0.9983232677757378,0.998291015625,0.9964763422189936,0.9991719141831389,0.9996337890625,0.006403937598359999
baseline,6500,dev,11,4096,4076,4080,45025,45056,0.9951171875,0.9924697076331114,0.9968368401295172,0.99609375,0.9936637657680687,0.9975940769605611,0.9993119673295454,0.011553893249362401
baseline,6500,dev,12,4096,4066,4073,49098,49152,0.99267578125,0.9895635962243474,0.994864714123278,0.994384765625,0.991587789433178,0.9962552871049496,0.9989013671875,0.019398440366838132
baseline,6500,ood_dev,1,4096,4096,4096,4096,4096,1.0,0.9990630225926348,0.9999999999999999,1.0,0.9990630225926348,0.9999999999999999,1.0,5.701659441204043e-05
baseline,6500,ood_dev,2,4096,4096,4096,8192,8192,1.0,0.9990630225926348,0.9999999999999999,1.0,0.9990630225926348,0.9999999999999999,1.0,4.548923307012842e-05
baseline,6500,ood_dev,3,4096,4096,4096,12288,12288,1.0,0.9990630225926348,0.9999999999999999,1.0,0.9990630225926348,0.9999999999999999,1.0,5.4103780587899664e-05
baseline,6500,ood_dev,4,4096,4096,4096,16384,16384,1.0,0.9990630225926348,0.9999999999999999,1.0,0.9990630225926348,0.9999999999999999,1.0,7.851377904288803e-05
baseline,6500,ood_dev,5,4096,4096,4096,20480,20480,1.0,0.9990630225926348,0.9999999999999999,1.0,0.9990630225926348,0.9999999999999999,1.0,0.00012106408335399443
baseline,6500,ood_dev,6,4096,4095,4095,24575,24576,0.999755859375,0.9986182969663738,0.9999569018847606,0.999755859375,0.9986182969663738,0.9999569018847606,0.9999593098958334,0.0006359202719212753
baseline,6500,ood_dev,7,4096,4095,4095,28670,28672,0.999755859375,0.9986182969663738,0.9999569018847606,0.999755859375,0.9986182969663738,0.9999569018847606,0.9999302455357143,0.0006886181024376992
baseline,6500,ood_dev,8,4096,4095,4095,32765,32768,0.999755859375,0.9986182969663738,0.9999569018847606,0.999755859375,0.9986182969663738,0.9999569018847606,0.999908447265625,0.001314809299702624
baseline,6500,ood_dev,9,4096,4092,4092,36857,36864,0.9990234375,0.9974915571936952,0.9996201704329383,0.9990234375,0.9974915571936952,0.9996201704329383,0.9998101128472222,0.0025745330676143485
baseline,6500,ood_dev,10,4096,4089,4090,40947,40960,0.998291015625,0.9964763422189936,0.9991719141831389,0.99853515625,0.9968075986857966,0.9993284814578364,0.9996826171875,0.004860637672859935
baseline,6500,ood_dev,11,4096,4080,4081,45028,45056,0.99609375,0.9936637657680687,0.9975940769605611,0.996337890625,0.9939662587473084,0.9977794077228217,0.9993785511363636,0.01175118984386847
baseline,6500,ood_dev,12,4096,4070,4076,49104,49152,0.99365234375,0.99071517109395,0.9956644342196767,0.9951171875,0.9924697076331114,0.9968368401295172,0.9990234375,0.018776434607859604
baseline,6500,ood_dev,13,4096,4059,4070,53174,53248,0.990966796875,0.9875743543279273,0.993439189829196,0.99365234375,0.99071517109395,0.9956644342196767,0.9986102764423077,0.023804805866635803
baseline,6500,ood_dev,14,4096,4040,4052,57226,57344,0.986328125,0.9822887695283722,0.9894561235402453,0.9892578125,0.9856107816089336,0.9919879963576875,0.9979422433035714,0.03117967581638359
baseline,6500,ood_dev,15,4096,4021,4042,61268,61440,0.981689453125,0.9771094258840555,0.9853668160960561,0.98681640625,0.9828391999625007,0.9898813405891173,0.9972005208333333,0.040497082621738345
baseline,6500,ood_dev,16,4096,3994,4027,65295,65536,0.97509765625,0.969861879182557,0.9794431217770462,0.983154296875,0.978736356856804,0.9866668275723093,0.9963226318359375,0.051893440653261624
baseline,6500,ood_dev,17,4096,3965,4009,69304,69632,0.968017578125,0.96217528928926,0.9729828231668342,0.978759765625,0.9738749487182478,0.98274740836386,0.9952895220588235,0.06629527848874206
baseline,6500,ood_dev,18,4096,3933,3992,73296,73728,0.960205078125,0.9537747892075905,0.9657729635204937,0.974609375,0.9693289612445153,0.9790003922320873,0.994140625,0.08164408385093713
baseline,6500,ood_dev,19,4096,3899,3960,77256,77824,0.951904296875,0.9449176066361316,0.9580441388809422,0.966796875,0.9608577781251862,0.9718612156234064,0.9927014802631579,0.1039906036307221
baseline,6500,ood_dev,20,4096,3870,3956,81212,81920,0.94482421875,0.9374060235316193,0.9514088334819455,0.9658203125,0.9598051873478303,0.9709625114347612,0.991357421875,0.12013804057810362
baseline,6500,ood_dev,21,4096,3827,3936,85148,86016,0.934326171875,0.9263258477580073,0.9415125883710441,0.9609375,0.9545593952649127,0.9664518286876724,0.9899088541666666,0.14427633160951148
baseline,6500,ood_dev,22,4096,3782,3898,89046,90112,0.92333984375,0.9147896715191604,0.931096696242377,0.95166015625,0.9446579820358394,0.9578159397397341,0.9881702769886364,0.1675593435953402
baseline,6500,ood_dev,23,4096,3730,3870,92916,94208,0.91064453125,0.9015195779849158,0.9189999552186056,0.94482421875,0.9374060235316193,0.9514088334819455,0.9862856657608695,0.18807979894189608
baseline,6500,ood_dev,24,4096,3692,3843,96759,98304,0.9013671875,0.8918564110099307,0.9101258200165789,0.938232421875,0.9304415206592828,0.9452020953337735,0.984283447265625,0.2188377656644016
baseline,6500,ood_dev,25,4096,3647,3810,100569,102400,0.890380859375,0.8804450553276408,0.8995851073313548,0.93017578125,0.9219613132494459,0.9375841192741002,0.982119140625,0.24706951336718186
baseline,6500,ood_dev,26,4096,3600,3779,104348,106496,0.87890625,0.8685587962878935,0.8885436505205876,0.922607421875,0.9140224457668371,0.9304004507701995,0.9798302283653846,0.280084829570743
baseline,6500,ood_dev,27,4096,3564,3772,108120,110592,0.8701171875,0.8594742247930802,0.8800665673213897,0.9208984375,0.9122330806334249,0.9287750497131095,0.9776475694444444,0.30522306161605295
baseline,6500,ood_dev,28,4096,3513,3742,111862,114688,0.857666015625,0.8466307109457992,0.8680310703521549,0.91357421875,0.9045768022865681,0.9217966158149569,0.9753592354910714,0.3473770280634285
baseline,6500,ood_dev,29,4096,3460,3707,115569,118784,0.8447265625,0.8333129502985477,0.8554941726998899,0.905029296875,0.895667676917727,0.9136319102312873,0.9729340651939655,0.3793689602381052
baseline,6500,ood_dev,30,4096,3391,3655,119224,122880,0.827880859375,0.8160147422082297,0.8391325426266866,0.892333984375,0.882471412102709,0.9014613404882891,0.9702473958333333,0.4205309478148185
baseline,6500,ood_dev,31,4096,3330,3618,122842,126976,0.81298828125,0.800755902385727,0.8246341342176703,0.88330078125,0.8731073554786435,0.8927759186768431,0.9674426663306451,0.45508969180798275
baseline,6500,ood_dev,32,4096,3277,3592,126434,131072,0.800048828125,0.787521548063553,0.812013830240328,0.876953125,0.8665385889668974,0.8866612679095812,0.9646148681640625,0.49227863767028057
baseline,6500,ood_dev,33,4096,3226,3578,130012,135168,0.78759765625,0.7748055120625974,0.7998508554247676,0.87353515625,0.8630051925365302,0.8833651319589441,0.9618548768939394,0.5230252692308155
baseline,6500,ood_dev,34,4096,3178,3558,133570,139264,0.77587890625,0.7628533235793794,0.7883875043159708,0.86865234375,0.8579616760370784,0.8786521736283895,0.9591136259191176,0.5637356456878082
baseline,6500,ood_dev,35,4096,3130,3544,137114,143360,0.76416015625,0.7509156145098268,0.7769096737935086,0.865234375,0.8544340380494773,0.8753502792349863,0.9564313616071428,0.591980146118305
baseline,6500,ood_dev,36,4096,3073,3494,140608,147456,0.750244140625,0.7367573541908395,0.7632619808469782,0.85302734375,0.841853140376231,0.8635399898332172,0.9535590277777778,0.6504689399381467
baseline,7000,dev,1,4096,4096,4096,4096,4096,1.0,0.9990630225926348,0.9999999999999999,1.0,0.9990630225926348,0.9999999999999999,1.0,4.09824861238306e-05
baseline,7000,dev,2,4096,4096,4096,8192,8192,1.0,0.9990630225926348,0.9999999999999999,1.0,0.9990630225926348,0.9999999999999999,1.0,3.424073283087026e-05
baseline,7000,dev,3,4096,4096,4096,12288,12288,1.0,0.9990630225926348,0.9999999999999999,1.0,0.9990630225926348,0.9999999999999999,1.0,4.30588690716327e-05
baseline,7000,dev,4,4096,4096,4096,16384,16384,1.0,0.9990630225926348,0.9999999999999999,1.0,0.9990630225926348,0.9999999999999999,1.0,5.684690044227558e-05
baseline,7000,dev,5,4096,4096,4096,20480,20480,1.0,0.9990630225926348,0.9999999999999999,1.0,0.9990630225926348,0.9999999999999999,1.0,9.373796033962378e-05
baseline,7000,dev,6,4096,4096,4096,24576,24576,1.0,0.9990630225926348,0.9999999999999999,1.0,0.9990630225926348,0.9999999999999999,1.0,0.00013008922906410092
baseline,7000,dev,7,4096,4096,4096,28672,28672,1.0,0.9990630225926348,0.9999999999999999,1.0,0.9990630225926348,0.9999999999999999,1.0,0.00041159933631429446
baseline,7000,dev,8,4096,4094,4094,32766,32768,0.99951171875,0.9982212896544476,0.9998660854551866,0.99951171875,0.9982212896544476,0.9998660854551866,0.99993896484375,0.0011275708707567667
baseline,7000,dev,9,4096,4093,4095,36861,36864,0.999267578125,0.9978486714629491,0.9997508799051849,0.999755859375,0.9986182969663738,0.9999569018847606,0.9999186197916666,0.001290110783870535
baseline,7000,dev,10,4096,4092,4094,40955,40960,0.9990234375,0.9974915571936952,0.9996201704329383,0.99951171875,0.9982212896544476,0.9998660854551866,0.9998779296875,0.0033970456813892103
baseline,7000,dev,11,4096,4087,4090,45045,45056,0.997802734375,0.9958290482073086,0.9988435607118235,0.99853515625,0.9968075986857966,0.9993284814578364,0.999755859375,0.005556887259958954
baseline,7000,dev,12,4096,4083,4089,49134,49152,0.996826171875,0.9945771012522003,0.9981442127009305,0.998291015625,0.9964763422189936,0.9991719141831389,0.9996337890625,0.006027331805628089
baseline,7000,ood_dev,1,4096,4096,4096,4096,4096,1.0,0.9990630225926348,0.9999999999999999,1.0,0.9990630225926348,0.9999999999999999,1.0,4.041207059257701e-05
baseline,7000,ood_dev,2,4096,4096,4096,8192,8192,1.0,0.9990630225926348,0.9999999999999999,1.0,0.9990630225926348,0.9999999999999999,1.0,3.365385792153397e-05
baseline,7000,ood_dev,3,4096,4096,4096,12288,12288,1.0,0.9990630225926348,0.9999999999999999,1.0,0.9990630225926348,0.9999999999999999,1.0,4.014015668207804e-05
baseline,7000,ood_dev,4,4096,4096,4096,16384,16384,1.0,0.9990630225926348,0.9999999999999999,1.0,0.9990630225926348,0.9999999999999999,1.0,5.265018135203192e-05
baseline,7000,ood_dev,5,4096,4096,4096,20480,20480,1.0,0.9990630225926348,0.9999999999999999,1.0,0.9990630225926348,0.9999999999999999,1.0,8.431351126869657e-05
baseline,7000,ood_dev,6,4096,4096,4096,24576,24576,1.0,0.9990630225926348,0.9999999999999999,1.0,0.9990630225926348,0.9999999999999999,1.0,0.00023287700749152762
baseline,7000,ood_dev,7,4096,4096,4096,28672,28672,1.0,0.9990630225926348,0.9999999999999999,1.0,0.9990630225926348,0.9999999999999999,1.0,0.00029226882320232406
baseline,7000,ood_dev,8,4096,4096,4096,32768,32768,1.0,0.9990630225926348,0.9999999999999999,1.0,0.9990630225926348,0.9999999999999999,1.0,0.0006002053127847073
baseline,7000,ood_dev,9,4096,4096,4096,36864,36864,1.0,0.9990630225926348,0.9999999999999999,1.0,0.9990630225926348,0.9999999999999999,1.0,0.0010483941483589998
baseline,7000,ood_dev,10,4096,4093,4093,40957,40960,0.999267578125,0.9978486714629491,0.9997508799051849,0.999267578125,0.9978486714629491,0.9997508799051849,0.9999267578125,0.0027977077849759002
baseline,7000,ood_dev,11,4096,4088,4089,45046,45056,0.998046875,0.9961504506055915,0.9990099820550408,0.998291015625,0.9964763422189936,0.9991719141831389,0.9997780539772727,0.005351752531544962
baseline,7000,ood_dev,12,4096,4081,4087,49133,49152,0.996337890625,0.9939662587473084,0.9977794077228217,0.997802734375,0.9958290482073086,0.9988435607118235,0.9996134440104166,0.008168482737882732
baseline,7000,ood_dev,13,4096,4079,4084,53217,53248,0.995849609375,0.9933629968413301,0.9974070221457995,0.9970703125,0.9948858699188933,0.9983232677757378,0.9994178185096154,0.012758972580518169
baseline,7000,ood_dev,14,4096,4067,4075,57292,57344,0.992919921875,0.9898503448988859,0.9950657891902398,0.994873046875,0.9921745882319427,0.9966441357891856,0.9990931919642857,0.018506597913222622
baseline,7000,ood_dev,15,4096,4059,4068,61360,61440,0.990966796875,0.9875743543279273,0.993439189829196,0.9931640625,0.9901378308615215,0.9952661269691047,0.9986979166666666,0.02576662083667136
baseline,7000,ood_dev,16,4096,4042,4055,65415,65536,0.98681640625,0.9828391999625007,0.9898813405891173,0.989990234375,0.9864495949105299,0.9926126542805922,0.9981536865234375,0.03171006115519326
baseline,7000,ood_dev,17,4096,4021,4047,69462,69632,0.981689453125,0.9771094258840555,0.9853668160960561,0.988037109375,0.9842206673133682,0.9909389919457514,0.99755859375,0.03900000708623841
baseline,7000,ood_dev,18,4096,3994,4027,73489,73728,0.97509765625,0.969861879182557,0.9794431217770462,0.983154296875,0.978736356856804,0.9866668275723093,0.9967583550347222,0.05014723654515829
baseline,7000,ood_dev,19,4096,3966,4019,77508,77824,0.96826171875,0.9624390364554394,0.973206899742155,0.981201171875,0.9765686419356131,0.9849319525614978,0.9959395559210527,0.054254076852499056
baseline,7000,ood_dev,20,4096,3938,4009,81517,81920,0.96142578125,0.9550827758957496,0.9669040955398363,0.978759765625,0.9738749487182478,0.98274740836386,0.99508056640625,0.06408296762924648
baseline,7000,ood_dev,21,4096,3911,3997,85514,86016,0.954833984375,0.9480368065317946,0.9607788238832828,0.975830078125,0.9706621520616038,0.9801063201225003,0.9941638764880952,0.0826126844325763
baseline,7000,ood_dev,22,4096,3871,3964,89478,90112,0.945068359375,0.9376644744381794,0.9516382063168857,0.9677734375,0.9619116249533165,0.9727586637612774,0.9929643110795454,0.10138623102421107
baseline,7000,ood_dev,23,4096,3824,3935,93413,94208,0.93359375,0.92555502965908,0.9408199352454705,0.960693359375,0.9542977984787171,0.9662256017323678,0.991561226222826,0.1314168178919113
baseline,7000,ood_dev,24,4096,3779,3900,97313,98304,0.922607421875,0.9140224457668371,0.9304004507701995,0.9521484375,0.9451772774654191,0.9582722917931549,0.9899190266927084,0.14742147731966893
baseline,7000,ood_dev,25,4096,3733,3880,101193,102400,0.911376953125,0.9022836148178496,0.9196993896101727,0.947265625,0.9399922864751624,0.9537008079534055,0.988212890625,0.17072899795654872
baseline,7000,ood_dev,26,4096,3686,3858,105051,106496,0.89990234375,0.8903329959119337,0.908722292665574,0.94189453125,0.9343075174163912,0.9486534546991697,0.9864314152644231,0.19375925580037956
baseline,7000,ood_dev,27,4096,3642,3833,108884,110592,0.88916015625,0.8791790684271216,0.8984119755243726,0.935791015625,0.9278682941984233,0.94289708437963,0.9845558449074074,0.2281094403028714
baseline,7000,ood_dev,28,4096,3605,3824,112708,114688,0.880126953125,0.8698218505154235,0.889719715000559,0.93359375,0.92555502965908,0.9408199352454705,0.9827357700892857,0.2516273914710956
baseline,7000,ood_dev,29,4096,3551,3790,116498,118784,0.866943359375,0.8561975725255366,0.8770015109494291,0.92529296875,0.9168366756670765,0.9329522820264635,0.9807549838362069,0.26990706309085755
baseline,7000,ood_dev,30,4096,3513,3764,120262,122880,0.857666015625,0.8466307109457992,0.8680310703521549,0.9189453125,0.9101894761317266,0.9269160642828052,0.9786946614583333,0.2994874374870946
baseline,7000,ood_dev,31,4096,3462,3728,123990,126976,0.84521484375,0.8338150005188198,0.8559677699626185,0.91015625,0.9010103180945493,0.9185335676259713,0.9764837449596774,0.3319763240333655
baseline,7000,ood_dev,32,4096,3427,3715,127705,131072,0.836669921875,0.8250345481893915,0.8476743913395359,0.906982421875,0.8977019985342092,0.9155001785468075,0.9743118286132812,0.3595339716070862
baseline,7000,ood_dev,33,4096,3376,3695,131400,135168,0.82421875,0.8122597665518021,0.8355701621606095,0.902099609375,0.8926183492901923,0.9108273529608181,0.9721235795454546,0.38105936061429224
baseline,7000,ood_dev,34,4096,3323,3645,135045,139264,0.811279296875,0.7990067679900137,0.8229685024228814,0.889892578125,0.8799386161345828,0.8991158990414121,0.9697050206801471,0.44008286420288534
baseline,7000,ood_dev,35,4096,3279,3633,138678,143360,0.800537109375,0.7880205851927248,0.8124904405941568,0.886962890625,0.8769012144234478,0.8962994158545434,0.9673409598214285,0.46969824827032003
baseline,7000,ood_dev,36,4096,3213,3591,142269,147456,0.784423828125,0.7715669842082322,0.7967476746396289,0.876708984375,0.8662861211444994,0.8864259119904789,0.9648234049479166,0.5048536311347374
baseline,7500,dev,1,4096,4096,4096,4096,4096,1.0,0.9990630225926348,0.9999999999999999,1.0,0.9990630225926348,0.9999999999999999,1.0,3.497389289464081e-05
baseline,7500,dev,2,4096,4096,4096,8192,8192,1.0,0.9990630225926348,0.9999999999999999,1.0,0.9990630225926348,0.9999999999999999,1.0,3.0181337539625375e-05
baseline,7500,dev,3,4096,4096,4096,12288,12288,1.0,0.9990630225926348,0.9999999999999999,1.0,0.9990630225926348,0.9999999999999999,1.0,3.82287545934723e-05
baseline,7500,dev,4,4096,4096,4096,16384,16384,1.0,0.9990630225926348,0.9999999999999999,1.0,0.9990630225926348,0.9999999999999999,1.0,5.4151186474449275e-05
baseline,7500,dev,5,4096,4096,4096,20480,20480,1.0,0.9990630225926348,0.9999999999999999,1.0,0.9990630225926348,0.9999999999999999,1.0,8.896745306197218e-05
baseline,7500,dev,6,4096,4095,4095,24575,24576,0.999755859375,0.9986182969663738,0.9999569018847606,0.999755859375,0.9986182969663738,0.9999569018847606,0.9999593098958334,0.0007934845434547366
baseline,7500,dev,7,4096,4094,4095,28670,28672,0.99951171875,0.9982212896544476,0.9998660854551866,0.999755859375,0.9986182969663738,0.9999569018847606,0.9999302455357143,0.000869856973990002
baseline,7500,dev,8,4096,4092,4094,32764,32768,0.9990234375,0.9974915571936952,0.9996201704329383,0.99951171875,0.9982212896544476,0.9998660854551866,0.9998779296875,0.001986162739150421
baseline,7500,dev,9,4096,4085,4088,36852,36864,0.997314453125,0.9951972177470491,0.9984997436890822,0.998046875,0.9961504506055915,0.9990099820550408,0.9996744791666666,0.005179325097727228
baseline,7500,dev,10,4096,4083,4087,40939,40960,0.996826171875,0.9945771012522003,0.9981442127009305,0.997802734375,0.9958290482073086,0.9988435607118235,0.9994873046875,0.007039079504190582
baseline,7500,dev,11,4096,4072,4076,45015,45056,0.994140625,0.9912959670744264,0.996059285722201,0.9951171875,0.9924697076331114,0.9968368401295172,0.9990900213068182,0.01362733614980427
baseline,7500,dev,12,4096,4060,4070,49085,49152,0.9912109375,0.9878567926156614,0.9936445752829621,0.99365234375,0.99071517109395,0.9956644342196767,0.9986368815104166,0.019923261257527303
baseline,7500,ood_dev,1,4096,4096,4096,4096,4096,1.0,0.9990630225926348,0.9999999999999999,1.0,0.9990630225926348,0.9999999999999999,1.0,3.51621565943816e-05
baseline,7500,ood_dev,2,4096,4096,4096,8192,8192,1.0,0.9990630225926348,0.9999999999999999,1.0,0.9990630225926348,0.9999999999999999,1.0,3.005868613836782e-05
baseline,7500,ood_dev,3,4096,4096,4096,12288,12288,1.0,0.9990630225926348,0.9999999999999999,1.0,0.9990630225926348,0.9999999999999999,1.0,3.7973503796528973e-05
baseline,7500,ood_dev,4,4096,4096,4096,16384,16384,1.0,0.9990630225926348,0.9999999999999999,1.0,0.9990630225926348,0.9999999999999999,1.0,5.294317287862782e-05
baseline,7500,ood_dev,5,4096,4096,4096,20480,20480,1.0,0.9990630225926348,0.9999999999999999,1.0,0.9990630225926348,0.9999999999999999,1.0,9.253321942304105e-05
baseline,7500,ood_dev,6,4096,4096,4096,24576,24576,1.0,0.9990630225926348,0.9999999999999999,1.0,0.9990630225926348,0.9999999999999999,1.0,0.00024400189397244532
baseline,7500,ood_dev,7,4096,4095,4095,28671,28672,0.999755859375,0.9986182969663738,0.9999569018847606,0.999755859375,0.9986182969663738,0.9999569018847606,0.9999651227678571,0.0008202597115820609
baseline,7500,ood_dev,8,4096,4092,4092,32763,32768,0.9990234375,0.9974915571936952,0.9996201704329383,0.9990234375,0.9974915571936952,0.9996201704329383,0.999847412109375,0.002935996625247128
baseline,7500,ood_dev,9,4096,4086,4087,36850,36864,0.99755859375,0.9955114747539533,0.9986733104236785,0.997802734375,0.9958290482073086,0.9988435607118235,0.9996202256944444,0.006489413232758201
baseline,7500,ood_dev,10,4096,4080,4085,40935,40960,0.99609375,0.9936637657680687,0.9975940769605611,0.997314453125,0.9951972177470491,0.9984997436890822,0.9993896484375,0.007622727007178032
baseline,7500,ood_dev,11,4096,4067,4075,45010,45056,0.992919921875,0.9898503448988859,0.9950657891902398,0.994873046875,0.9921745882319427,0.9966441357891856,0.9989790482954546,0.014665127763026753
baseline,7500,ood_dev,12,4096,4055,4066,49076,49152,0.989990234375,0.9864495949105299,0.9926126542805922,0.99267578125,0.9895635962243474,0.994864714123278,0.9984537760416666,0.022133141457581385
baseline,7500,ood_dev,13,4096,4038,4058,53134,53248,0.98583984375,0.9817394754367362,0.9890297701488805,0.99072265625,0.987292434466316,0.993233285949307,0.9978590745192307,0.02978660000477351
baseline,7500,ood_dev,14,4096,4019,4047,57181,57344,0.981201171875,0.9765686419356131,0.9849319525614978,0.988037109375,0.9842206673133682,0.9909389919457514,0.9971575055803571,0.03965338550073838
baseline,7500,ood_dev,15,4096,3990,4026,61207,61440,0.97412109375,0.9687965056840521,0.9785572003095498,0.98291015625,0.9784647020408669,0.9864506586467462,0.9962076822916667,0.0526842349884491
baseline,7500,ood_dev,16,4096,3959,4006,65213,65536,0.966552734375,0.9605945147420692,0.971636655265023,0.97802734375,0.9730698833974413,0.9820890024601655,0.9950714111328125,0.06817741804388344
baseline,7500,ood_dev,17,4096,3918,3979,69192,69632,0.95654296875,0.9498596607971911,0.9623707358083885,0.971435546875,0.9658757308170035,0.976111914020095,0.9936810661764706,0.08305429584748691
baseline,7500,ood_dev,18,4096,3873,3959,73151,73728,0.945556640625,0.9381814914524192,0.9520968367856465,0.966552734375,0.9605945147420692,0.971636655265023,0.9921739366319444,0.10302930643197916
baseline,7500,ood_dev,19,4096,3838,3949,77100,77824,0.93701171875,0.9291545119210666,0.9440499853644883,0.964111328125,0.9579660236105576,0.9693869089815317,0.9906969572368421,0.11578665683601375
baseline,7500,ood_dev,20,4096,3788,3907,81007,81920,0.9248046875,0.9163247769466819,0.9324885332638574,0.953857421875,0.9469962963333816,0.9598680391156946,0.98885498046875,0.1512408200689872
baseline,7500,ood_dev,21,4096,3739,3882,84889,86016,0.912841796875,0.9038122249393785,0.9210977219376457,0.94775390625,0.9405100178795183,0.9541587240320502,0.9868977864583334,0.17104400471577952
baseline,7500,ood_dev,22,4096,3682,3840,88729,90112,0.89892578125,0.889317722865057,0.9077862707464496,0.9375,0.9296692192922852,0.9445109254762704,0.9846524325284091,0.21756949921503255
baseline,7500,ood_dev,23,4096,3626,3822,92551,94208,0.88525390625,0.875130353941446,0.894655510146043,0.93310546875,0.9250412981572879,0.9403580192642621,0.9824112601902174,0.2356516900247987
baseline,7500,ood_dev,24,4096,3572,3794,96345,98304,0.8720703125,0.86149162812159,0.8819517539248823,0.92626953125,0.9178607737962339,0.9338794788633074,0.980072021484375,0.27499723363390527
baseline,7500,ood_dev,25,4096,3512,3760,100105,102400,0.857421875,0.8463791651916867,0.8677947923647672,0.91796875,0.9091682131124504,0.9259860323360801,0.977587890625,0.30879557175215444
baseline,7500,ood_dev,26,4096,3462,3743,103848,106496,0.84521484375,0.8338150005188198,0.8559677699626185,0.913818359375,0.9048317022533956,0.9220295395896299,0.9751352163461539,0.3430338812532796
baseline,7500,ood_dev,27,4096,3399,3700,107548,110592,0.829833984375,0.8180181714909365,0.8410317032759822,0.9033203125,0.8938885935671609,0.9119962273913512,0.9724754050925926,0.3844329571502034
baseline,7500,ood_dev,28,4096,3336,3657,111205,114688,0.814453125,0.8022554598097227,0.8260615192426766,0.892822265625,0.8829781530794668,0.901930246994532,0.9696306501116071,0.42667119473485515
baseline,7500,ood_dev,29,4096,3286,3639,114844,118784,0.80224609375,0.7897674404539782,0.8141583515234055,0.888427734375,0.8784196529935242,0.897707919733469,0.9668305495689655,0.45945628110816794
baseline,7500,ood_dev,30,4096,3225,3600,118444,122880,0.787353515625,0.7745563548344684,0.7996121889113964,0.87890625,0.8685587962878935,0.8885436505205876,0.9638997395833333,0.5047834667773516
baseline,7500,ood_dev,31,4096,3169,3559,122003,126976,0.773681640625,0.7606139243826091,0.7862364898392384,0.868896484375,0.8582137378213254,0.878887935585643,0.9608351184475806,0.5483735850086962
baseline,7500,ood_dev,32,4096,3100,3526,125529,131072,0.7568359375,0.7434615592533041,0.7697290168050218,0.86083984375,0.8499017850055347,0.8711017049319235,0.9577102661132812,0.6012188333587336
baseline,7500,ood_dev,33,4096,3047,3507,129036,135168,0.743896484375,0.7303053240053347,0.757030593753475,0.856201171875,0.845121595652109,0.8666132431968432,0.9546342329545454,0.6475523527184852
baseline,7500,ood_dev,34,4096,2986,3463,132499,139264,0.72900390625,0.7151822526290004,0.7423964168982904,0.845458984375,0.8340660400464522,0.8562045541764863,0.9514231962316176,0.671233064590375
baseline,7500,ood_dev,35,4096,2916,3404,135903,143360,0.7119140625,0.6978516515689882,0.7255793560532807,0.8310546875,0.819270593124671,0.8422184003497494,0.9479840959821428,0.7523928329374503
baseline,7500,ood_dev,36,4096,2860,3383,139286,147456,0.6982421875,0.6840045468241523,0.7121083312740993,0.825927734375,0.8140118545714705,0.8372328403314433,0.9445936414930556,0.8008714081509181
baseline,8000,dev,1,4096,4096,4096,4096,4096,1.0,0.9990630225926348,0.9999999999999999,1.0,0.9990630225926348,0.9999999999999999,1.0,2.6468725539352533e-05
baseline,8000,dev,2,4096,4096,4096,8192,8192,1.0,0.9990630225926348,0.9999999999999999,1.0,0.9990630225926348,0.9999999999999999,1.0,2.3631817701486035e-05
baseline,8000,dev,3,4096,4096,4096,12288,12288,1.0,0.9990630225926348,0.9999999999999999,1.0,0.9990630225926348,0.9999999999999999,1.0,2.984511417569724e-05
baseline,8000,dev,4,4096,4096,4096,16384,16384,1.0,0.9990630225926348,0.9999999999999999,1.0,0.9990630225926348,0.9999999999999999,1.0,4.0499712795183385e-05
baseline,8000,dev,5,4096,4096,4096,20480,20480,1.0,0.9990630225926348,0.9999999999999999,1.0,0.9990630225926348,0.9999999999999999,1.0,6.642359488262528e-05
baseline,8000,dev,6,4096,4096,4096,24576,24576,1.0,0.9990630225926348,0.9999999999999999,1.0,0.9990630225926348,0.9999999999999999,1.0,0.00011911898553829126
baseline,8000,dev,7,4096,4096,4096,28672,28672,1.0,0.9990630225926348,0.9999999999999999,1.0,0.9990630225926348,0.9999999999999999,1.0,0.000420682659710403
baseline,8000,dev,8,4096,4095,4095,32767,32768,0.999755859375,0.9986182969663738,0.9999569018847606,0.999755859375,0.9986182969663738,0.9999569018847606,0.999969482421875,0.0009508133986619871
baseline,8000,dev,9,4096,4093,4094,36861,36864,0.999267578125,0.9978486714629491,0.9997508799051849,0.99951171875,0.9982212896544476,0.9998660854551866,0.9999186197916666,0.0015964517666080535
baseline,8000,dev,10,4096,4088,4089,40950,40960,0.998046875,0.9961504506055915,0.9990099820550408,0.998291015625,0.9964763422189936,0.9991719141831389,0.999755859375,0.0039291337144813365
baseline,8000,dev,11,4096,4085,4088,45038,45056,0.997314453125,0.9951972177470491,0.9984997436890822,0.998046875,0.9961504506055915,0.9990099820550408,0.9996004971590909,0.007132868428306738
baseline,8000,dev,12,4096,4075,4078,49116,49152,0.994873046875,0.9921745882319427,0.9966441357891856,0.99560546875,0.9930638103960733,0.9972183848495558,0.999267578125,0.013463728447743017
baseline,8000,ood_dev,1,4096,4096,4096,4096,4096,1.0,0.9990630225926348,0.9999999999999999,1.0,0.9990630225926348,0.9999999999999999,1.0,2.6547214746930337e-05
baseline,8000,ood_dev,2,4096,4096,4096,8192,8192,1.0,0.9990630225926348,0.9999999999999999,1.0,0.9990630225926348,0.9999999999999999,1.0,2.371921478305783e-05
baseline,8000,ood_dev,3,4096,4096,4096,12288,12288,1.0,0.9990630225926348,0.9999999999999999,1.0,0.9990630225926348,0.9999999999999999,1.0,3.1131761581759676e-05
baseline,8000,ood_dev,4,4096,4096,4096,16384,16384,1.0,0.9990630225926348,0.9999999999999999,1.0,0.9990630225926348,0.9999999999999999,1.0,4.107723033541788e-05
baseline,8000,ood_dev,5,4096,4096,4096,20480,20480,1.0,0.9990630225926348,0.9999999999999999,1.0,0.9990630225926348,0.9999999999999999,1.0,5.6283417017688464e-05
baseline,8000,ood_dev,6,4096,4096,4096,24576,24576,1.0,0.9990630225926348,0.9999999999999999,1.0,0.9990630225926348,0.9999999999999999,1.0,0.00011955683590014754
baseline,8000,ood_dev,7,4096,4095,4095,28671,28672,0.999755859375,0.9986182969663738,0.9999569018847606,0.999755859375,0.9986182969663738,0.9999569018847606,0.9999651227678571,0.00047640609371280007
baseline,8000,ood_dev,8,4096,4094,4095,32766,32768,0.99951171875,0.9982212896544476,0.9998660854551866,0.999755859375,0.9986182969663738,0.9999569018847606,0.99993896484375,0.001357672987924774
baseline,8000,ood_dev,9,4096,4092,4093,36859,36864,0.9990234375,0.9974915571936952,0.9996201704329383,0.999267578125,0.9978486714629491,0.9997508799051849,0.9998643663194444,0.0022677939359108112
baseline,8000,ood_dev,10,4096,4086,4087,40946,40960,0.99755859375,0.9955114747539533,0.9986733104236785,0.997802734375,0.9958290482073086,0.9988435607118235,0.999658203125,0.0041568592169884955
baseline,8000,ood_dev,11,4096,4083,4087,45033,45056,0.996826171875,0.9945771012522003,0.9981442127009305,0.997802734375,0.9958290482073086,0.9988435607118235,0.9994895241477273,0.006210329998631359
baseline,8000,ood_dev,12,4096,4074,4082,49115,49152,0.99462890625,0.9918806406223304,0.9964502596572975,0.99658203125,0.9942706398960515,0.9979628503155791,0.9992472330729166,0.009764401407408974
baseline,8000,ood_dev,13,4096,4064,4074,53189,53248,0.9921875,0.9889921727170213,0.9944604901476036,0.99462890625,0.9918806406223304,0.9964502596572975,0.9988919771634616,0.01825917616728656
baseline,8000,ood_dev,14,4096,4048,4061,57250,57344,0.98828125,0.9844979568178159,0.9911495261828039,0.991455078125,0.9881397703182205,0.9938494213219035,0.9983607700892857,0.02753125306501958
baseline,8000,ood_dev,15,4096,4029,4050,61300,61440,0.983642578125,0.9792802999311276,0.9870985319809864,0.98876953125,0.9850536128857085,0.9915695175979121,0.9977213541666666,0.036840257803235854
baseline,8000,ood_dev,16,4096,4002,4032,65332,65536,0.97705078125,0.971998448439275,0.9812091424523306,0.984375,0.9800978681444444,0.9877444349921706,0.99688720703125,0.046776408209144194
baseline,8000,ood_dev,17,4096,3971,4014,69346,69632,0.969482421875,0.963759047527144,0.974326007377952,0.97998046875,0.9752197539009314,0.983841721888678,0.9958926930147058,0.05684203291215151
baseline,8000,ood_dev,18,4096,3929,3982,73328,73728,0.959228515625,0.9527294929498811,0.9648669648122019,0.97216796875,0.9666710641443907,0.9767800519172087,0.9945746527777778,0.08086074941079247
baseline,8000,ood_dev,19,4096,3901,3970,77298,77824,0.952392578125,0.9454369948583105,0.9585003981417638,0.96923828125,0.9634948720671381,0.9741023590964577,0.9932411595394737,0.09499942243494308
baseline,8000,ood_dev,20,4096,3855,3936,81234,81920,0.941162109375,0.9335337022688429,0.9479637986222172,0.9609375,0.9545593952649127,0.9664518286876724,0.9916259765625,0.12043585420963021
baseline,8000,ood_dev,21,4096,3819,3935,85169,86016,0.932373046875,0.9242709187774049,0.9396649274196441,0.960693359375,0.9542977984787171,0.9662256017323678,0.9901529947916666,0.1316628723707971
baseline,8000,ood_dev,22,4096,3775,3904,89073,90112,0.921630859375,0.9129998108302356,0.9294717907407996,0.953125,0.9462164298287505,0.9591844343958247,0.9884699041193182,0.15200526086486144
baseline,8000,ood_dev,23,4096,3730,3876,92949,94208,0.91064453125,0.9015195779849158,0.9189999552186056,0.9462890625,0.938957308629731,0.9527844908328355,0.9866359544836957,0.1757540264440065
baseline,8000,ood_dev,24,4096,3674,3836,96785,98304,0.89697265625,0.8872879701414506,0.9059134335380535,0.9365234375,0.9286399311008992,0.943588918701655,0.9845479329427084,0.22663690629559197
baseline,8000,ood_dev,25,4096,3623,3804,100589,102400,0.884521484375,0.8743716252251424,0.8939507676378456,0.9287109375,0.920422816416333,0.9361956736582114,0.982314453125,0.2572667357066323
baseline,8000,ood_dev,26,4096,3574,3771,104360,106496,0.87255859375,0.8619961004422974,0.8824229290871757,0.920654296875,0.9119775502306317,0.9285427563744023,0.9799429086538461,0.2978413915403466
baseline,8000,ood_dev,27,4096,3527,3740,108100,110592,0.861083984375,0.8501534822368317,0.8713378314421267,0.9130859375,0.9040670637073458,0.9213307069111787,0.9774667245370371,0.33911092725695235
baseline,8000,ood_dev,28,4096,3456,3710,111810,114688,0.84375,0.8323089646819845,0.8545468633504519,0.90576171875,0.8964304105240852,0.9143326478494298,0.9749058314732143,0.37303800175856394
baseline,8000,ood_dev,29,4096,3407,3687,115497,118784,0.831787109375,0.8200221498156435,0.8429303148832779,0.900146484375,0.8905868560727095,0.9089562562462985,0.9723279229525862,0.40307774084024395
baseline,8000,ood_dev,30,4096,3341,3633,119130,122880,0.815673828125,0.803505304014572,0.8272507937453287,0.886962890625,0.8769012144234478,0.8962994158545434,0.969482421875,0.45328939100921395
baseline,8000,ood_dev,31,4096,3293,3634,122764,126976,0.803955078125,0.7915146488016144,0.8158259093662715,0.88720703125,0.8771542514698228,0.8965342025496686,0.966828377016129,0.48649121546124796
baseline,8000,ood_dev,32,4096,3236,3603,126367,131072,0.7900390625,0.7772974517872059,0.8022371531151623,0.879638671875,0.8693165892508347,0.8892493287821474,0.9641036987304688,0.5167979490916568
baseline,8000,ood_dev,33,4096,3179,3572,129939,135168,0.776123046875,0.7631021770183883,0.7886264746184621,0.8720703125,0.86149162812159,0.8819517539248823,0.9613148082386364,0.5505149846492494
baseline,8000,ood_dev,34,4096,3116,3527,133466,139264,0.7607421875,0.7474363988944884,0.7735593570278426,0.861083984375,0.8501534822368317,0.8713378314421267,0.9583668428308824,0.6031347894106829
baseline,8000,ood_dev,35,4096,3067,3507,136973,143360,0.748779296875,0.7352680906621605,0.7618243019266553,0.856201171875,0.845121595652109,0.8666132431968432,0.9554478236607142,0.633603722943406
baseline,8000,ood_dev,36,4096,3008,3490,140463,147456,0.734375,0.7206341951015064,0.7476765967387912,0.85205078125,0.8408478125539957,0.8625940226894514,0.95257568359375,0.675003828805594
baseline,8500,dev,1,4096,4096,4096,4096,4096,1.0,0.9990630225926348,0.9999999999999999,1.0,0.9990630225926348,0.9999999999999999,1.0,2.4614659175581366e-05
baseline,8500,dev,2,4096,4096,4096,8192,8192,1.0,0.9990630225926348,0.9999999999999999,1.0,0.9990630225926348,0.9999999999999999,1.0,2.180010626640083e-05
baseline,8500,dev,3,4096,4096,4096,12288,12288,1.0,0.9990630225926348,0.9999999999999999,1.0,0.9990630225926348,0.9999999999999999,1.0,2.7213813096893524e-05
baseline,8500,dev,4,4096,4096,4096,16384,16384,1.0,0.9990630225926348,0.9999999999999999,1.0,0.9990630225926348,0.9999999999999999,1.0,5.505170271835613e-05
baseline,8500,dev,5,4096,4096,4096,20480,20480,1.0,0.9990630225926348,0.9999999999999999,1.0,0.9990630225926348,0.9999999999999999,1.0,6.093674891261003e-05
baseline,8500,dev,6,4096,4096,4096,24576,24576,1.0,0.9990630225926348,0.9999999999999999,1.0,0.9990630225926348,0.9999999999999999,1.0,9.142793682226369e-05
baseline,8500,dev,7,4096,4096,4096,28672,28672,1.0,0.9990630225926348,0.9999999999999999,1.0,0.9990630225926348,0.9999999999999999,1.0,0.00030417235845392465
baseline,8500,dev,8,4096,4095,4095,32767,32768,0.999755859375,0.9986182969663738,0.9999569018847606,0.999755859375,0.9986182969663738,0.9999569018847606,0.999969482421875,0.001741806617281516
baseline,8500,dev,9,4096,4093,4093,36860,36864,0.999267578125,0.9978486714629491,0.9997508799051849,0.999267578125,0.9978486714629491,0.9997508799051849,0.9998914930555556,0.0034962765605752733
baseline,8500,dev,10,4096,4093,4094,40954,40960,0.999267578125,0.9978486714629491,0.9997508799051849,0.99951171875,0.9982212896544476,0.9998660854551866,0.999853515625,0.0041072376354612805
baseline,8500,dev,11,4096,4083,4085,45039,45056,0.996826171875,0.9945771012522003,0.9981442127009305,0.997314453125,0.9951972177470491,0.9984997436890822,0.9996226917613636,0.006029494144840775
baseline,8500,dev,12,4096,4075,4082,49121,49152,0.994873046875,0.9921745882319427,0.9966441357891856,0.99658203125,0.9942706398960515,0.9979628503155791,0.9993693033854166,0.00901172638716563
baseline,8500,ood_dev,1,4096,4096,4096,4096,4096,1.0,0.9990630225926348,0.9999999999999999,1.0,0.9990630225926348,0.9999999999999999,1.0,2.5157574499834467e-05
baseline,8500,ood_dev,2,4096,4096,4096,8192,8192,1.0,0.9990630225926348,0.9999999999999999,1.0,0.9990630225926348,0.9999999999999999,1.0,2.246544792128269e-05
baseline,8500,ood_dev,3,4096,4096,4096,12288,12288,1.0,0.9990630225926348,0.9999999999999999,1.0,0.9990630225926348,0.9999999999999999,1.0,3.0286861312234237e-05
baseline,8500,ood_dev,4,4096,4096,4096,16384,16384,1.0,0.9990630225926348,0.9999999999999999,1.0,0.9990630225926348,0.9999999999999999,1.0,4.2842348666138896e-05
baseline,8500,ood_dev,5,4096,4096,4096,20480,20480,1.0,0.9990630225926348,0.9999999999999999,1.0,0.9990630225926348,0.9999999999999999,1.0,6.69725508593011e-05
baseline,8500,ood_dev,6,4096,4096,4096,24576,24576,1.0,0.9990630225926348,0.9999999999999999,1.0,0.9990630225926348,0.9999999999999999,1.0,0.00011888191933995262
baseline,8500,ood_dev,7,4096,4096,4096,28672,28672,1.0,0.9990630225926348,0.9999999999999999,1.0,0.9990630225926348,0.9999999999999999,1.0,0.00027208559975433477
baseline,8500,ood_dev,8,4096,4095,4095,32767,32768,0.999755859375,0.9986182969663738,0.9999569018847606,0.999755859375,0.9986182969663738,0.9999569018847606,0.999969482421875,0.0009256463002320636
baseline,8500,ood_dev,9,4096,4094,4094,36861,36864,0.99951171875,0.9982212896544476,0.9998660854551866,0.99951171875,0.9982212896544476,0.9998660854551866,0.9999186197916666,0.0021093057913048607
baseline,8500,ood_dev,10,4096,4091,4092,40953,40960,0.998779296875,0.997145424476127,0.9994784794090062,0.9990234375,0.9974915571936952,0.9996201704329383,0.9998291015625,0.0032464188201829502
baseline,8500,ood_dev,11,4096,4083,4084,45037,45056,0.996826171875,0.9945771012522003,0.9981442127009305,0.9970703125,0.9948858699188933,0.9983232677757378,0.9995783025568182,0.006122890464919761
baseline,8500,ood_dev,12,4096,4081,4086,49123,49152,0.996337890625,0.9939662587473084,0.9977794077228217,0.99755859375,0.9955114747539533,0.9986733104236785,0.9994099934895834,0.008174112240917797
baseline,8500,ood_dev,13,4096,4071,4078,53201,53248,0.993896484375,0.9910051126562461,0.995862316398881,0.99560546875,0.9930638103960733,0.9972183848495558,0.9991173377403846,0.013775804155190752
baseline,8500,ood_dev,14,4096,4056,4067,57268,57344,0.990234375,0.9867300726317991,0.9928200003008232,0.992919921875,0.9898503448988859,0.9950657891902398,0.9986746651785714,0.021257976262197276
baseline,8500,ood_dev,15,4096,4042,4060,61328,61440,0.98681640625,0.9828391999625007,0.9898813405891173,0.9912109375,0.9878567926156614,0.9936445752829621,0.9981770833333333,0.024184481475392983
baseline,8500,ood_dev,16,4096,4021,4052,65380,65536,0.981689453125,0.9771094258840555,0.9853668160960561,0.9892578125,0.9856107816089336,0.9919879963576875,0.99761962890625,0.031499481801588236
baseline,8500,ood_dev,17,4096,3996,4033,69413,69632,0.9755859375,0.970395272680658,0.9798853757619459,0.984619140625,0.9803708517550201,0.9879592751230951,0.9968548943014706,0.046470811806546
baseline,8500,ood_dev,18,4096,3970,4022,73435,73728,0.96923828125,0.9634948720671381,0.9741023590964577,0.98193359375,0.9773800946662805,0.9855839710553314,0.9960259331597222,0.05836702586300491
baseline,8500,ood_dev,19,4096,3947,4015,77450,77824,0.963623046875,0.9574411905686989,0.9689360945403896,0.980224609375,0.9754891932191522,0.9840601063119575,0.9951942845394737,0.06714761857983653
baseline,8500,ood_dev,20,4096,3913,3983,81433,81920,0.955322265625,0.9485573633564719,0.9612339145416062,0.972412109375,0.9669363760022123,0.9770025638008875,0.99405517578125,0.09152537242524428
baseline,8500,ood_dev,21,4096,3878,3974,85407,86016,0.94677734375,0.9394747174237471,0.9532427295218201,0.97021484375,0.9645521097608273,0.9749964163687698,0.992919921875,0.10522070400035577
baseline,8500,ood_dev,22,4096,3834,3938,89345,90112,0.93603515625,0.9281254754775315,0.9431277268420221,0.96142578125,0.9550827758957496,0.9669040955398363,0.9914883700284091,0.13336295442181845
baseline,8500,ood_dev,23,4096,3790,3909,93254,94208,0.92529296875,0.9168366756670765,0.9329522820264635,0.954345703125,0.947516451879336,0.9603235310527409,0.9898734714673914,0.15900194254388478
baseline,8500,ood_dev,24,4096,3750,3874,97128,98304,0.91552734375,0.9066165820637565,0.9236594259697711,0.94580078125,0.9384400580444845,0.9523260939350815,0.988037109375,0.17942504835846607
baseline,8500,ood_dev,25,4096,3701,3838,100966,102400,0.903564453125,0.894142695018886,0.9122299496811264,0.93701171875,0.9291545119210666,0.9440499853644883,0.98599609375,0.21811510343820117
baseline,8500,ood_dev,26,4096,3650,3818,104784,106496,0.89111328125,0.8812048260661931,0.9002888078173035,0.93212890625,0.9240141831674432,0.9394338392881053,0.9839242788461539,0.24347659331153304
baseline,8500,ood_dev,27,4096,3609,3798,108582,110592,0.881103515625,0.8708325325922874,0.8906603278896965,0.92724609375,0.9188852789498749,0.9348062686756675,0.9818250868055556,0.2861211300036901
baseline,8500,ood_dev,28,4096,3572,3782,112364,114688,0.8720703125,0.86149162812159,0.8819517539248823,0.92333984375,0.9147896715191604,0.931096696242377,0.979736328125,0.30822096455243064
baseline,8500,ood_dev,29,4096,3520,3752,116116,118784,0.859375,0.8483918312283166,0.8696847162601397,0.916015625,0.9071267365958561,0.9241249189206721,0.9775390625,0.3439661558166357
baseline,8500,ood_dev,30,4096,3460,3716,119832,122880,0.8447265625,0.8333129502985477,0.8554941726998899,0.9072265625,0.8979563715130343,0.9157336293094827,0.9751953125,0.37342802837827493
baseline,8500,ood_dev,31,4096,3406,3681,123513,126976,0.83154296875,0.8197716222412833,0.8426930187161376,0.898681640625,0.8890639462329901,0.9075522236370159,0.9727271295362904,0.41708205985278535
baseline,8500,ood_dev,32,4096,3348,3643,127156,131072,0.8173828125,0.8052554142374909,0.828915449712912,0.889404296875,0.8794322362425625,0.8986466314504319,0.970123291015625,0.4511534434731914
baseline,8500,ood_dev,33,4096,3291,3605,130761,135168,0.803466796875,0.7910154101857612,0.815349500499124,0.880126953125,0.8698218505154235,0.889719715000559,0.9673961292613636,0.4988255391278764
baseline,8500,ood_dev,34,4096,3243,3581,134342,139264,0.791748046875,0.7790422101470098,0.8039071609458606,0.874267578125,0.8637621415848652,0.88407165413511,0.9646570542279411,0.5362946949552964
baseline,8500,ood_dev,35,4096,3207,3562,137904,143360,0.782958984375,0.7700726534090917,0.7953150629897675,0.86962890625,0.8589699942813361,0.879595150350133,0.9619419642857143,0.5686043244896725
baseline,8500,ood_dev,36,4096,3152,3528,141432,147456,0.76953125,0.7563853176930732,0.7821720929232691,0.861328125,0.8504051904661915,0.8715739469542673,0.9591471354166666,0.6190751741887061
baseline,9000,dev,1,4096,4096,4096,4096,4096,1.0,0.9990630225926348,0.9999999999999999,1.0,0.9990630225926348,0.9999999999999999,1.0,2.1157180445818824e-05
baseline,9000,dev,2,4096,4096,4096,8192,8192,1.0,0.9990630225926348,0.9999999999999999,1.0,0.9990630225926348,0.9999999999999999,1.0,1.9608538934234865e-05
baseline,9000,dev,3,4096,4096,4096,12288,12288,1.0,0.9990630225926348,0.9999999999999999,1.0,0.9990630225926348,0.9999999999999999,1.0,2.5235735252815417e-05
baseline,9000,dev,4,4096,4096,4096,16384,16384,1.0,0.9990630225926348,0.9999999999999999,1.0,0.9990630225926348,0.9999999999999999,1.0,3.099675606033081e-05
baseline,9000,dev,5,4096,4096,4096,20480,20480,1.0,0.9990630225926348,0.9999999999999999,1.0,0.9990630225926348,0.9999999999999999,1.0,4.932448895089703e-05
baseline,9000,dev,6,4096,4096,4096,24576,24576,1.0,0.9990630225926348,0.9999999999999999,1.0,0.9990630225926348,0.9999999999999999,1.0,7.543650695240878e-05
baseline,9000,dev,7,4096,4096,4096,28672,28672,1.0,0.9990630225926348,0.9999999999999999,1.0,0.9990630225926348,0.9999999999999999,1.0,0.00018803816626589143
baseline,9000,dev,8,4096,4095,4095,32767,32768,0.999755859375,0.9986182969663738,0.9999569018847606,0.999755859375,0.9986182969663738,0.9999569018847606,0.999969482421875,0.000828348516242694
baseline,9000,dev,9,4096,4095,4096,36863,36864,0.999755859375,0.9986182969663738,0.9999569018847606,1.0,0.9990630225926348,0.9999999999999999,0.9999728732638888,0.0009549227401529636
baseline,9000,dev,10,4096,4091,4092,40955,40960,0.998779296875,0.997145424476127,0.9994784794090062,0.9990234375,0.9974915571936952,0.9996201704329383,0.9998779296875,0.0022365086258818723
baseline,9000,dev,11,4096,4084,4085,45040,45056,0.9970703125,0.9948858699188933,0.9983232677757378,0.997314453125,0.9951972177470491,0.9984997436890822,0.9996448863636364,0.006055041166551645
baseline,9000,dev,12,4096,4074,4079,49119,49152,0.99462890625,0.9918806406223304,0.9964502596572975,0.995849609375,0.9933629968413301,0.9974070221457995,0.99932861328125,0.008254789882914615
baseline,9000,ood_dev,1,4096,4096,4096,4096,4096,1.0,0.9990630225926348,0.9999999999999999,1.0,0.9990630225926348,0.9999999999999999,1.0,2.1444367364509276e-05
baseline,9000,ood_dev,2,4096,4096,4096,8192,8192,1.0,0.9990630225926348,0.9999999999999999,1.0,0.9990630225926348,0.9999999999999999,1.0,1.9866066671148097e-05
baseline,9000,ood_dev,3,4096,4096,4096,12288,12288,1.0,0.9990630225926348,0.9999999999999999,1.0,0.9990630225926348,0.9999999999999999,1.0,2.4828335378535016e-05
baseline,9000,ood_dev,4,4096,4096,4096,16384,16384,1.0,0.9990630225926348,0.9999999999999999,1.0,0.9990630225926348,0.9999999999999999,1.0,3.626834646397459e-05
baseline,9000,ood_dev,5,4096,4096,4096,20480,20480,1.0,0.9990630225926348,0.9999999999999999,1.0,0.9990630225926348,0.9999999999999999,1.0,4.478827788656492e-05
baseline,9000,ood_dev,6,4096,4096,4096,24576,24576,1.0,0.9990630225926348,0.9999999999999999,1.0,0.9990630225926348,0.9999999999999999,1.0,0.00010951415124216268
baseline,9000,ood_dev,7,4096,4096,4096,28672,28672,1.0,0.9990630225926348,0.9999999999999999,1.0,0.9990630225926348,0.9999999999999999,1.0,0.00015287606347469396
baseline,9000,ood_dev,8,4096,4096,4096,32768,32768,1.0,0.9990630225926348,0.9999999999999999,1.0,0.9990630225926348,0.9999999999999999,1.0,0.00041672881898247027
baseline,9000,ood_dev,9,4096,4095,4095,36863,36864,0.999755859375,0.9986182969663738,0.9999569018847606,0.999755859375,0.9986182969663738,0.9999569018847606,0.9999728732638888,0.000818203631381853
baseline,9000,ood_dev,10,4096,4094,4095,40958,40960,0.99951171875,0.9982212896544476,0.9998660854551866,0.999755859375,0.9986182969663738,0.9999569018847606,0.999951171875,0.0016170738218479475
baseline,9000,ood_dev,11,4096,4091,4092,45050,45056,0.998779296875,0.997145424476127,0.9994784794090062,0.9990234375,0.9974915571936952,0.9996201704329383,0.9998668323863636,0.0033765269662211495
baseline,9000,ood_dev,12,4096,4088,4091,49141,49152,0.998046875,0.9961504506055915,0.9990099820550408,0.998779296875,0.997145424476127,0.9994784794090062,0.9997762044270834,0.004520744235391394
baseline,9000,ood_dev,13,4096,4081,4084,53225,53248,0.996337890625,0.9939662587473084,0.9977794077228217,0.9970703125,0.9948858699188933,0.9983232677757378,0.9995680588942307,0.00780603917202094
baseline,9000,ood_dev,14,4096,4074,4084,57309,57344,0.99462890625,0.9918806406223304,0.9964502596572975,0.9970703125,0.9948858699188933,0.9983232677757378,0.9993896484375,0.009945869434342391
baseline,9000,ood_dev,15,4096,4063,4076,61385,61440,0.991943359375,0.9887074354065306,0.9942574037165939,0.9951171875,0.9924697076331114,0.9968368401295172,0.9991048177083334,0.016203655427726615
baseline,9000,ood_dev,16,4096,4039,4058,65443,65536,0.986083984375,0.9820139840883064,0.9892430852388108,0.99072265625,0.987292434466316,0.993233285949307,0.9985809326171875,0.026597519287639426
baseline,9000,ood_dev,17,4096,4011,4037,69480,69632,0.979248046875,0.974412403486461,0.9831856010786475,0.985595703125,0.9814652366612112,0.9888161851829053,0.9978170955882353,0.03395116134135889
baseline,9000,ood_dev,18,4096,3986,4022,73502,73728,0.97314453125,0.9677329319802243,0.9776694790473764,0.98193359375,0.9773800946662805,0.9855839710553314,0.9969346788194444,0.04942434258454309
baseline,9000,ood_dev,19,4096,3960,4009,77511,77824,0.966796875,0.9608577781251862,0.9718612156234064,0.978759765625,0.9738749487182478,0.98274740836386,0.9959781044407895,0.06313826440750447
baseline,9000,ood_dev,20,4096,3938,3997,81508,81920,0.96142578125,0.9550827758957496,0.9669040955398363,0.975830078125,0.9706621520616038,0.9801063201225003,0.994970703125,0.07509873777221643
baseline,9000,ood_dev,21,4096,3912,3989,85497,86016,0.955078125,0.9482970594777964,0.9610063946787812,0.973876953125,0.9685304473439507,0.978335434908151,0.9939662388392857,0.09142577942121755
baseline,9000,ood_dev,22,4096,3875,3953,89450,90112,0.946044921875,0.9386986636872588,0.9525553120338074,0.965087890625,0.9590165375678266,0.9702876899902639,0.9926535866477273,0.11568858789399128
baseline,9000,ood_dev,23,4096,3843,3939,93389,94208,0.938232421875,0.9304415206592828,0.9452020953337735,0.961669921875,0.9553445608690955,0.9671301343079907,0.9913064707880435,0.13510522521441892
baseline,9000,ood_dev,24,4096,3810,3924,97313,98304,0.93017578125,0.9219613132494459,0.9375841192741002,0.9580078125,0.9514241848736409,0.9637331541809406,0.9899190266927084,0.15934293336968464
baseline,9000,ood_dev,25,4096,3769,3883,101196,102400,0.920166015625,0.9114665583356981,0.9280781007863353,0.947998046875,0.9407689451321072,0.9543876205209615,0.9882421875,0.191482433670898
baseline,9000,ood_dev,26,4096,3729,3865,105061,106496,0.910400390625,0.9012649382880058,0.9187667711740153,0.943603515625,0.9361143355517366,0.9502614027543265,0.9865253155048077,0.22181957699541077
baseline,9000,ood_dev,27,4096,3695,3840,108901,110592,0.902099609375,0.8926183492901923,0.9108273529608181,0.9375,0.9296692192922852,0.9445109254762704,0.9847095630787037,0.2486883925425344
baseline,9000,ood_dev,28,4096,3647,3813,112714,114688,0.890380859375,0.8804450553276408,0.8995851073313548,0.930908203125,0.9227309300951754,0.9382779736528717,0.9827880859375,0.2791222668760911
baseline,9000,ood_dev,29,4096,3611,3796,116510,118784,0.881591796875,0.8713379539693884,0.891130553995596,0.9267578125,0.9183729750294912,0.9343429251130505,0.9808560075431034,0.2862404156396028
baseline,9000,ood_dev,30,4096,3570,3780,120290,122880,0.87158203125,0.8609872046321483,0.8814805299313235,0.9228515625,0.9142781637462243,0.9306325565323126,0.9789225260416666,0.3160821861832884
baseline,9000,ood_dev,31,4096,3523,3750,124040,126976,0.860107421875,0.8491467590583891,0.8703932596545682,0.91552734375,0.9066165820637565,0.9236594259697711,0.9768775201612904,0.3422472366363597
baseline,9000,ood_dev,32,4096,3463,3702,127742,131072,0.845458984375,0.8340660400464522,0.8562045541764863,0.90380859375,0.8943968141409154,0.9124636543005972,0.9745941162109375,0.37787077285094206
baseline,9000,ood_dev,33,4096,3410,3675,131417,135168,0.83251953125,0.8207737847837412,0.8436421511396809,0.897216796875,0.8875416320542482,0.9061475953667562,0.9722493489583334,0.4109229515273385
baseline,9000,ood_dev,34,4096,3351,3629,135046,139264,0.818115234375,0.8060055796471756,0.8296287555277283,0.885986328125,0.8758892090804093,0.8953601262315807,0.9697122012867647,0.4554846434112837
baseline,9000,ood_dev,35,4096,3291,3608,138654,143360,0.803466796875,0.7910154101857612,0.815349500499124,0.880859375,0.8705798420416913,0.8904251946987922,0.9671735491071428,0.47821950092096377
baseline,9000,ood_dev,36,4096,3236,3555,142209,147456,0.7900390625,0.7772974517872059,0.8022371531151623,0.867919921875,0.8572055614004055,0.8779448170405617,0.96441650390625,0.5245108379231418
baseline,9500,dev,1,4096,4096,4096,4096,4096,1.0,0.9990630225926348,0.9999999999999999,1.0,0.9990630225926348,0.9999999999999999,1.0,1.833560677511059e-05
baseline,9500,dev,2,4096,4096,4096,8192,8192,1.0,0.9990630225926348,0.9999999999999999,1.0,0.9990630225926348,0.9999999999999999,1.0,1.7076002512772526e-05
baseline,9500,dev,3,4096,4096,4096,12288,12288,1.0,0.9990630225926348,0.9999999999999999,1.0,0.9990630225926348,0.9999999999999999,1.0,2.0261958211365005e-05
baseline,9500,dev,4,4096,4096,4096,16384,16384,1.0,0.9990630225926348,0.9999999999999999,1.0,0.9990630225926348,0.9999999999999999,1.0,2.8311602947694858e-05
baseline,9500,dev,5,4096,4096,4096,20480,20480,1.0,0.9990630225926348,0.9999999999999999,1.0,0.9990630225926348,0.9999999999999999,1.0,4.069428932096386e-05
baseline,9500,dev,6,4096,4096,4096,24576,24576,1.0,0.9990630225926348,0.9999999999999999,1.0,0.9990630225926348,0.9999999999999999,1.0,6.16613628517948e-05
baseline,9500,dev,7,4096,4096,4096,28672,28672,1.0,0.9990630225926348,0.9999999999999999,1.0,0.9990630225926348,0.9999999999999999,1.0,9.061953542144341e-05
baseline,9500,dev,8,4096,4096,4096,32768,32768,1.0,0.9990630225926348,0.9999999999999999,1.0,0.9990630225926348,0.9999999999999999,1.0,0.00029995716416741924
baseline,9500,dev,9,4096,4095,4095,36863,36864,0.999755859375,0.9986182969663738,0.9999569018847606,0.999755859375,0.9986182969663738,0.9999569018847606,0.9999728732638888,0.0009364223126960836
baseline,9500,dev,10,4096,4093,4094,40957,40960,0.999267578125,0.9978486714629491,0.9997508799051849,0.99951171875,0.9982212896544476,0.9998660854551866,0.9999267578125,0.0013797449463270883
baseline,9500,dev,11,4096,4091,4094,45051,45056,0.998779296875,0.997145424476127,0.9994784794090062,0.99951171875,0.9982212896544476,0.9998660854551866,0.9998890269886364,0.001276425391415592
baseline,9500,dev,12,4096,4089,4091,49142,49152,0.998291015625,0.9964763422189936,0.9991719141831389,0.998779296875,0.997145424476127,0.9994784794090062,0.9997965494791666,0.0037766224588372532
baseline,9500,ood_dev,1,4096,4096,4096,4096,4096,1.0,0.9990630225926348,0.9999999999999999,1.0,0.9990630225926348,0.9999999999999999,1.0,1.8100714130664386e-05
baseline,9500,ood_dev,2,4096,4096,4096,8192,8192,1.0,0.9990630225926348,0.9999999999999999,1.0,0.9990630225926348,0.9999999999999999,1.0,1.7192441381208567e-05
baseline,9500,ood_dev,3,4096,4096,4096,12288,12288,1.0,0.9990630225926348,0.9999999999999999,1.0,0.9990630225926348,0.9999999999999999,1.0,2.084317209161135e-05
baseline,9500,ood_dev,4,4096,4096,4096,16384,16384,1.0,0.9990630225926348,0.9999999999999999,1.0,0.9990630225926348,0.9999999999999999,1.0,2.8693032957494147e-05
baseline,9500,ood_dev,5,4096,4096,4096,20480,20480,1.0,0.9990630225926348,0.9999999999999999,1.0,0.9990630225926348,0.9999999999999999,1.0,4.108221568099868e-05
baseline,9500,ood_dev,6,4096,4096,4096,24576,24576,1.0,0.9990630225926348,0.9999999999999999,1.0,0.9990630225926348,0.9999999999999999,1.0,7.805907313884752e-05
baseline,9500,ood_dev,7,4096,4096,4096,28672,28672,1.0,0.9990630225926348,0.9999999999999999,1.0,0.9990630225926348,0.9999999999999999,1.0,0.0001096358918805107
baseline,9500,ood_dev,8,4096,4095,4095,32767,32768,0.999755859375,0.9986182969663738,0.9999569018847606,0.999755859375,0.9986182969663738,0.9999569018847606,0.999969482421875,0.0005717909596969495
baseline,9500,ood_dev,9,4096,4094,4095,36862,36864,0.99951171875,0.9982212896544476,0.9998660854551866,0.999755859375,0.9986182969663738,0.9999569018847606,0.9999457465277778,0.0007764217329907508
baseline,9500,ood_dev,10,4096,4092,4094,40956,40960,0.9990234375,0.9974915571936952,0.9996201704329383,0.99951171875,0.9982212896544476,0.9998660854551866,0.99990234375,0.0020087275833644558
baseline,9500,ood_dev,11,4096,4088,4091,45047,45056,0.998046875,0.9961504506055915,0.9990099820550408,0.998779296875,0.997145424476127,0.9994784794090062,0.9998002485795454,0.002572985764183522
baseline,9500,ood_dev,12,4096,4085,4090,49137,49152,0.997314453125,0.9951972177470491,0.9984997436890822,0.99853515625,0.9968075986857966,0.9993284814578364,0.99969482421875,0.005280328802862222
baseline,9500,ood_dev,13,4096,4082,4087,53224,53248,0.99658203125,0.9942706398960515,0.9979628503155791,0.997802734375,0.9958290482073086,0.9988435607118235,0.9995492788461539,0.008038155869154462
baseline,9500,ood_dev,14,4096,4071,4079,57303,57344,0.993896484375,0.9910051126562461,0.995862316398881,0.995849609375,0.9933629968413301,0.9974070221457995,0.9992850167410714,0.010907045920517389
baseline,9500,ood_dev,15,4096,4063,4077,61380,61440,0.991943359375,0.9887074354065306,0.9942574037165939,0.995361328125,0.9927660832938955,0.9970282882102334,0.9990234375,0.010572231353641715
baseline,9500,ood_dev,16,4096,4047,4065,65445,65536,0.988037109375,0.9842206673133682,0.9909389919457514,0.992431640625,0.9892775496501616,0.9946629369559636,0.9986114501953125,0.019712468808722017
baseline,9500,ood_dev,17,4096,4033,4057,69502,69632,0.984619140625,0.9803708517550201,0.9879592751230951,0.990478515625,0.9870110133784079,0.9930268832957149,0.9981330422794118,0.028541562045200308
baseline,9500,ood_dev,18,4096,4016,4044,73546,73728,0.98046875,0.9757587986106162,0.9842783246619937,0.9873046875,0.9833908284717333,0.9903053595628853,0.9975314670138888,0.03487177405038944
baseline,9500,ood_dev,19,4096,3996,4031,77577,77824,0.9755859375,0.970395272680658,0.9798853757619459,0.984130859375,0.9798251184139876,0.987529360981127,0.996826171875,0.04527277401422636
baseline,9500,ood_dev,20,4096,3966,4011,81588,81920,0.96826171875,0.9624390364554394,0.973206899742155,0.979248046875,0.974412403486461,0.9831856010786475,0.995947265625,0.057636330121860424
baseline,9500,ood_dev,21,4096,3942,3990,85578,86016,0.96240234375,0.9561303013811572,0.9678078650204299,0.97412109375,0.9687965056840521,0.9785572003095498,0.9949079241071429,0.07825069024025177
baseline,9500,ood_dev,22,4096,3918,3979,89557,90112,0.95654296875,0.9498596607971911,0.9623707358083885,0.971435546875,0.9658757308170035,0.976111914020095,0.9938409978693182,0.09939903060871524
baseline,9500,ood_dev,23,4096,3878,3958,93515,94208,0.94677734375,0.9394747174237471,0.9532427295218201,0.96630859375,0.960331329020896,0.971412017244696,0.9926439368206522,0.11772735699590797
baseline,9500,ood_dev,24,4096,3845,3935,97450,98304,0.938720703125,0.930956550506342,0.945662712969715,0.960693359375,0.9542977984787171,0.9662256017323678,0.9913126627604166,0.13917120376702374
baseline,9500,ood_dev,25,4096,3815,3922,101372,102400,0.931396484375,0.9232441468884733,0.9387404043425744,0.95751953125,0.9509024574310025,0.9632792341405783,0.9899609375,0.15505553272650296
baseline,9500,ood_dev,26,4096,3781,3899,105271,106496,0.923095703125,0.9145339056289837,0.9308646383910534,0.951904296875,0.9449176066361316,0.9580441388809422,0.9884972205528846,0.1753475371437806
baseline,9500,ood_dev,27,4096,3745,3881,109152,110592,0.914306640625,0.9053415639344976,0.9224953253915283,0.947509765625,0.9402511317503777,0.9539297864196905,0.9869791666666666,0.18897413471447122
baseline,9500,ood_dev,28,4096,3703,3855,113007,114688,0.904052734375,0.8946509509932163,0.9126973411897967,0.941162109375,0.9335337022688429,0.9479637986222172,0.9853428431919643,0.2219409273771611
baseline,9500,ood_dev,29,4096,3662,3828,116835,118784,0.89404296875,0.8842452751338212,0.903102243647679,0.9345703125,0.9265828466235786,0.9417434132469731,0.9835920662715517,0.2389624304724408
baseline,9500,ood_dev,30,4096,3611,3810,120645,122880,0.881591796875,0.8713379539693884,0.891130553995596,0.93017578125,0.9219613132494459,0.9375841192741002,0.9818115234375,0.2621545255014134
baseline,9500,ood_dev,31,4096,3571,3778,124423,126976,0.871826171875,0.8612394102878219,0.8817161480171501,0.92236328125,0.913766751587586,0.9301683212079501,0.9798938382056451,0.2975391486196174
baseline,9500,ood_dev,32,4096,3521,3752,128175,131072,0.859619140625,0.8486434629761094,0.8699209082538472,0.916015625,0.9071267365958561,0.9241249189206721,0.9778976440429688,0.32608544497724834
baseline,9500,ood_dev,33,4096,3470,3722,131897,135168,0.84716796875,0.8358235876102469,0.8578617728031939,0.90869140625,0.8994830025397677,0.9171339407317513,0.9758004853219697,0.3587867964328181
baseline,9500,ood_dev,34,4096,3427,3710,135607,139264,0.836669921875,0.8250345481893915,0.8476743913395359,0.90576171875,0.8964304105240852,0.9143326478494298,0.9737405215992647,0.3866464241054588
baseline,9500,ood_dev,35,4096,3379,3685,139292,143360,0.824951171875,0.8130106116158881,0.8362827883210245,0.899658203125,0.8900791525649845,0.908488312271023,0.9716238839285715,0.42159875176760786
baseline,9500,ood_dev,36,4096,3351,3663,142955,147456,0.818115234375,0.8060055796471756,0.8296287555277283,0.894287109375,0.8844987461372489,0.9033365963857516,0.9694756401909722,0.45723881541256317
baseline,10000,dev,1,102400,102400,102400,102400,102400,1.0,0.9999624871609701,1.0,1.0,0.9999624871609701,1.0,1.0,1.6366215810568186e-05
baseline,10000,dev,2,102400,102400,102400,204800,204800,1.0,0.9999624871609701,1.0,1.0,0.9999624871609701,1.0,1.0,1.5181867494968859e-05
baseline,10000,dev,3,102400,102400,102400,307200,307200,1.0,0.9999624871609701,1.0,1.0,0.9999624871609701,1.0,1.0,1.834759721098145e-05
baseline,10000,dev,4,102400,102400,102400,409600,409600,1.0,0.9999624871609701,1.0,1.0,0.9999624871609701,1.0,1.0,2.358452680408796e-05
baseline,10000,dev,5,102400,102400,102400,512000,512000,1.0,0.9999624871609701,1.0,1.0,0.9999624871609701,1.0,1.0,3.558453500942527e-05
baseline,10000,dev,6,102400,102400,102400,614400,614400,1.0,0.9999624871609701,1.0,1.0,0.9999624871609701,1.0,1.0,7.087297929885273e-05
baseline,10000,dev,7,102400,102396,102396,716796,716800,0.9999609375,0.9998995558365923,0.9999848092550684,0.9999609375,0.9998995558365923,0.9999848092550684,0.9999944196428572,0.0001718007463511273
baseline,10000,dev,8,102400,102391,102394,819190,819200,0.999912109375,0.9998329541276058,0.999953758377418,0.99994140625,0.9998721583660714,0.9999731456909345,0.99998779296875,0.0003375610897848347
baseline,10000,dev,9,102400,102373,102377,921567,921600,0.999736328125,0.9996163891811771,0.9998187740119542,0.999775390625,0.9996629658993142,0.9998503193631264,0.9999641927083334,0.0007351347232817984
baseline,10000,dev,10,102400,102340,102353,1023920,1024000,0.9994140625,0.999245935024263,0.9995447210970653,0.999541015625,0.9993897582662231,0.9996547945803608,0.999921875,0.0014830290651859856
baseline,10000,dev,11,102400,102290,102325,1126245,1126400,0.99892578125,0.998705560783839,0.9991085694711211,0.999267578125,0.9990820982472838,0.999415600114134,0.9998623934659091,0.0024859145383547034
baseline,10000,dev,12,102400,102181,102239,1228484,1228800,0.997861328125,0.997559094402291,0.9981262094639864,0.998427734375,0.9981656503931043,0.9986524234781603,0.9997428385416667,0.004515912619158564
baseline,10000,ood_dev,1,102400,102400,102400,102400,102400,1.0,0.9999624871609701,1.0,1.0,0.9999624871609701,1.0,1.0,1.638210160344489e-05
baseline,10000,ood_dev,2,102400,102400,102400,204800,204800,1.0,0.9999624871609701,1.0,1.0,0.9999624871609701,1.0,1.0,1.515815762853201e-05
baseline,10000,ood_dev,3,102400,102400,102400,307200,307200,1.0,0.9999624871609701,1.0,1.0,0.9999624871609701,1.0,1.0,1.826760974222852e-05
baseline,10000,ood_dev,4,102400,102400,102400,409600,409600,1.0,0.9999624871609701,1.0,1.0,0.9999624871609701,1.0,1.0,2.3964531769524732e-05
baseline,10000,ood_dev,5,102400,102400,102400,512000,512000,1.0,0.9999624871609701,1.0,1.0,0.9999624871609701,1.0,1.0,3.5530393346960845e-05
baseline,10000,ood_dev,6,102400,102399,102399,614399,614400,0.999990234375,0.9999446805183295,0.9999982761253133,0.999990234375,0.9999446805183295,0.9999982761253133,0.9999983723958333,7.87376664856354e-05
baseline,10000,ood_dev,7,102400,102396,102396,716795,716800,0.9999609375,0.9998995558365923,0.9999848092550684,0.9999609375,0.9998995558365923,0.9999848092550684,0.9999930245535714,0.00017231080158131685
baseline,10000,ood_dev,8,102400,102389,102392,819187,819200,0.999892578125,0.9998076372259771,0.9999400142443918,0.999921875,0.9998458314166382,0.9999604116057129,0.999984130859375,0.0003971382699539783
baseline,10000,ood_dev,9,102400,102362,102368,921555,921600,0.99962890625,0.9994907196411001,0.9997296078614301,0.9996875,0.9995588896466933,0.9997786209598011,0.999951171875,0.0009586293352300656
baseline,10000,ood_dev,10,102400,102326,102349,1023904,1024000,0.99927734375,0.9990929639511458,0.9994242649275994,0.999501953125,0.9993452844279009,0.9996211463493736,0.99990625,0.001623874903263487
baseline,10000,ood_dev,11,102400,102259,102299,1126203,1126400,0.998623046875,0.9983764558107984,0.9988322284070137,0.999013671875,0.9988017844178726,0.9991881204930338,0.999825106534091,0.00309919180028531
baseline,10000,ood_dev,12,102400,102156,102229,1228432,1228800,0.9976171875,0.9972993189798128,0.9978977219532806,0.998330078125,0.9980606088358721,0.9985621598621188,0.9997005208333334,0.00498118513353603
baseline,10000,ood_dev,13,102400,102022,102132,1330564,1331200,0.99630859375,0.995918074490277,0.99666187712095,0.9973828125,0.9970506748928116,0.9976776336244253,0.9995222355769231,0.007998239398244482
baseline,10000,ood_dev,14,102400,101796,101970,1432534,1433600,0.9941015625,0.9936136601587766,0.9945523945364665,0.99580078125,0.9953856863833869,0.9961786783268173,0.9992564174107142,0.011704630994005396
baseline,10000,ood_dev,15,102400,101537,101824,1534358,1536000,0.991572265625,0.9909936255026158,0.9921140252048403,0.994375,0.99389801514808,0.9948148940323293,0.9989309895833334,0.01630552625282306
baseline,10000,ood_dev,16,102400,101223,101635,1635993,1638400,0.988505859375,0.9878344203279911,0.9891406479386732,0.992529296875,0.9919830944399674,0.9930385469655704,0.9985308837890625,0.022604670901006027
baseline,10000,ood_dev,17,102400,100841,101406,1737399,1740800,0.984775390625,0.984007036027835,0.9855073746197764,0.99029296875,0.9896737920857632,0.9908753608518082,0.9980463005514706,0.029737904278078063
baseline,10000,ood_dev,18,102400,100363,101094,1838493,1843200,0.980107421875,0.9792340129056113,0.980944810459521,0.98724609375,0.9865403076575678,0.9879153238738667,0.9974462890625,0.039099778853518535
baseline,10000,ood_dev,19,102400,99804,100735,1939228,1945600,0.9746484375,0.9736677112466898,0.9755935529324467,0.983740234375,0.9829472578457985,0.9844969179651126,0.9967249177631579,0.04952415305670105
baseline,10000,ood_dev,20,102400,99221,100386,2039614,2048000,0.968955078125,0.9678750653567252,0.969999907220559,0.98033203125,0.9794633570243412,0.9811646682393205,0.9959052734375,0.06056469911897208
baseline,10000,ood_dev,21,102400,98575,99956,2139570,2150400,0.962646484375,0.9614675800045002,0.9637906783793077,0.9761328125,0.9751799240973168,0.9770499787155787,0.9949637276785714,0.07448057282086117
baseline,10000,ood_dev,22,102400,97851,99622,2239192,2252800,0.955576171875,0.9542970497194693,0.9568211141193278,0.97287109375,0.9718581724423478,0.9738485375832087,0.9939595170454546,0.08784165769586014
baseline,10000,ood_dev,23,102400,97106,99163,2338355,2355200,0.94830078125,0.946927718432803,0.9496402099971087,0.968388671875,0.9672993486529047,0.9694428539193922,0.9928477411684783,0.1036925490375901
baseline,10000,ood_dev,24,102400,96288,98752,2437107,2457600,0.9403125,0.9388448874379517,0.9417470778181775,0.964375,0.9632221992992459,0.9654929606515049,0.991661376953125,0.12050696871387809
baseline,10000,ood_dev,25,102400,95479,98314,2535421,2560000,0.932412109375,0.9308582559289365,0.9339335208093562,0.96009765625,0.9588814720543609,0.9612793213070051,0.990398828125,0.1401123868500975
baseline,10000,ood_dev,26,102400,94552,97718,2633139,2662400,0.923359375,0.9217141018971872,0.9249728852786404,0.95427734375,0.9529808283445794,0.9555397766896784,0.9890095402644231,0.16063141520717183
baseline,10000,ood_dev,27,102400,93651,97227,2730366,2764800,0.914560546875,0.9128328394885565,0.9162571515753173,0.949482421875,0.9481240656930566,0.9508070553334661,0.9875455729166667,0.18173528020385976
baseline,10000,ood_dev,28,102400,92669,96605,2826971,2867200,0.904970703125,0.9031593246504629,0.9067516983979408,0.943408203125,0.9419762760715131,0.94480686317739,0.98596923828125,0.20423502766900042
baseline,10000,ood_dev,29,102400,91710,96168,2923139,2969600,0.89560546875,0.8937177877418395,0.8974634691896234,0.939140625,0.9376597961415073,0.9405885070353383,0.984354458512931,0.2277257316651629
baseline,10000,ood_dev,30,102400,90660,95518,3018657,3072000,0.8853515625,0.883385717958795,0.8872884957789371,0.93279296875,0.9312431257173495,0.9343103411967104,0.9826357421875,0.252999571121904
baseline,10000,ood_dev,31,102400,89608,94917,3113574,3174400,0.875078125,0.8730389704369638,0.8770891390723828,0.926923828125,0.9253136900952187,0.9285019359050962,0.9808385836693548,0.27661603869674106
baseline,10000,ood_dev,32,102400,88541,94308,3207882,3276800,0.864658203125,0.8625492661598383,0.866739781361212,0.9209765625,0.9193083824097205,0.9226131585382308,0.9789678955078125,0.30574455196107025
baseline,10000,ood_dev,33,102400,87437,93693,3301575,3379200,0.853876953125,0.8517001869223412,0.8560271694693008,0.914970703125,0.913246711529495,0.916663561262128,0.9770285866477273,0.3318913078750995
baseline,10000,ood_dev,34,102400,86344,93170,3394745,3481600,0.843203125,0.8409631899059845,0.8454173110468503,0.90986328125,0.9080938414776172,0.9116019707517953,0.9750531364889706,0.35965902070789935
baseline,10000,ood_dev,35,102400,85196,92491,3487236,3584000,0.8319921875,0.8296898111988216,0.8342696558622007,0.903232421875,0.9014064982795996,0.9050280926845334,0.9730011160714286,0.38889615946480377
baseline,10000,ood_dev,36,102400,84047,91886,3579122,3686400,0.820771484375,0.8184103034924444,0.8231085991594382,0.89732421875,0.8954501717149252,0.8991684562661535,0.9708989800347222,0.41948679145059686
