role,update,length,words,prefix_exact_count,state_correct_count,token_correct_count,token_denominator,E,E_low95,E_high95,A,A_low95,A_high95,M,state_ce
dev,5000,1,102400,102400,102400,102400,102400,1.0,0.9999624871609701,1.0,1.0,0.9999624871609701,1.0,1.0,0.00031317287477705235
dev,5000,2,102400,102400,102400,204800,204800,1.0,0.9999624871609701,1.0,1.0,0.9999624871609701,1.0,1.0,0.0007559137987708908
dev,5000,3,102400,102400,102400,307200,307200,1.0,0.9999624871609701,1.0,1.0,0.9999624871609701,1.0,1.0,0.0008315313955938563
dev,5000,4,102400,102400,102400,409600,409600,1.0,0.9999624871609701,1.0,1.0,0.9999624871609701,1.0,1.0,0.0009570348063301726
dev,5000,5,102400,102399,102399,511999,512000,0.999990234375,0.9999446805183295,0.9999982761253133,0.999990234375,0.9999446805183295,0.9999982761253133,0.999998046875,0.0013045120555926727
dev,5000,6,102400,102396,102396,614395,614400,0.9999609375,0.9998995558365923,0.9999848092550684,0.9999609375,0.9998995558365923,0.9999848092550684,0.9999918619791667,0.001945926583182862
dev,5000,7,102400,102382,102385,716780,716800,0.99982421875,0.9997221355543948,0.9998888022946828,0.999853515625,0.9997583066269857,0.9999112227740738,0.9999720982142857,0.0029755026599487078
dev,5000,8,102400,102330,102340,819120,819200,0.99931640625,0.9991365021061623,0.9994588488418922,0.9994140625,0.999245935024263,0.9995447210970653,0.99990234375,0.004881186848855634
dev,5000,9,102400,102205,102234,921354,921600,0.998095703125,0.9978093454375543,0.9983446908445799,0.99837890625,0.9981131018141284,0.9986073194704995,0.9997330729166667,0.008157387151498972
dev,5000,10,102400,101973,102048,1023402,1024000,0.995830078125,0.9954163588006715,0.9962065974615146,0.9965625,0.9961849099982476,0.9969028350634908,0.999416015625,0.013679013456213704
dev,5000,11,102400,101518,101670,1125072,1126400,0.99138671875,0.9908020121884075,0.9919345586898286,0.99287109375,0.9923369877429863,0.9933682217690091,0.9988210227272727,0.023551220360980937
dev,5000,12,102400,100619,100932,1226004,1228800,0.982607421875,0.9817884277475357,0.9833902080534014,0.9856640625,0.9849175554375516,0.9863741322868502,0.997724609375,0.044260858360221214
ood_dev,5000,1,102400,102400,102400,102400,102400,1.0,0.9999624871609701,1.0,1.0,0.9999624871609701,1.0,1.0,0.000313296947644659
ood_dev,5000,2,102400,102400,102400,204800,204800,1.0,0.9999624871609701,1.0,1.0,0.9999624871609701,1.0,1.0,0.0007561791452512523
ood_dev,5000,3,102400,102400,102400,307200,307200,1.0,0.9999624871609701,1.0,1.0,0.9999624871609701,1.0,1.0,0.0008249676231498882
ood_dev,5000,4,102400,102400,102400,409600,409600,1.0,0.9999624871609701,1.0,1.0,0.9999624871609701,1.0,1.0,0.0009558579740848039
ood_dev,5000,5,102400,102400,102400,512000,512000,1.0,0.9999624871609701,1.0,1.0,0.9999624871609701,1.0,1.0,0.0012981786517457206
ood_dev,5000,6,102400,102395,102395,614395,614400,0.999951171875,0.9998856912053655,0.9999791433689678,0.999951171875,0.9998856912053655,0.9999791433689678,0.9999918619791667,0.00197698125445406
ood_dev,5000,7,102400,102376,102378,716773,716800,0.999765625,0.9996512662615883,0.999842488483525,0.99978515625,0.9996747063713258,0.9998581094084422,0.9999623325892857,0.0030821311564081188
ood_dev,5000,8,102400,102331,102341,819114,819200,0.999326171875,0.9991474062701934,0.9994674751951885,0.999423828125,0.9992569299552471,0.9995532566834086,0.99989501953125,0.004814765097401113
ood_dev,5000,9,102400,102216,102255,921369,921600,0.998203125,0.997924370529382,0.9984445014433533,0.998583984375,0.9983342110358201,0.9987963511126822,0.9997493489583333,0.007723514074321543
ood_dev,5000,10,102400,101999,102072,1023441,1024000,0.996083984375,0.9956823971652414,0.9964483525474562,0.996796875,0.9964316543469756,0.9971248231306196,0.9994541015625,0.013457566629171955
ood_dev,5000,11,102400,101533,101685,1125126,1126400,0.991533203125,0.9909532802070109,0.9920762484311358,0.993017578125,0.9924887468795529,0.9935094203923529,0.9988689630681818,0.023142786236791456
ood_dev,5000,12,102400,100609,100915,1226041,1228800,0.982509765625,0.981688570998567,0.9832947596290966,0.985498046875,0.9847474056794521,0.9862122632503842,0.9977547200520833,0.0444195263864532
ood_dev,5000,13,102400,92240,92855,1318896,1331200,0.90078125,0.898935119403059,0.9025973117119059,0.906787109375,0.9049911258064888,0.9085525734648042,0.9907572115384615,0.2903336862445115
ood_dev,5000,14,102400,42437,44497,1363393,1433600,0.414423828125,0.4114098371445662,0.41744423951575454,0.434541015625,0.43150744123271,0.43757950112197785,0.9510274832589286,2.5016642527235473
ood_dev,5000,15,102400,7409,11318,1374711,1536000,0.072353515625,0.07078271752191012,0.07395639819555005,0.11052734375,0.10862150088960075,0.1124624070605202,0.894994140625,5.650420159667033
ood_dev,5000,16,102400,678,3387,1378098,1638400,0.00662109375,0.006142536354359006,0.0071366672326228595,0.033076171875,0.03199822066334979,0.03418915436345762,0.841124267578125,7.786567760232994
ood_dev,5000,17,102400,44,1906,1380004,1740800,0.0004296875,0.00032011930198977835,0.0005767362994441386,0.01861328125,0.017803349916126407,0.019459328948856845,0.7927412683823529,8.72110706531068
ood_dev,5000,18,102400,2,1800,1381804,1843200,1.953125e-05,5.356189565375578e-06,7.121768411930826e-05,0.017578125,0.016791149492307516,0.018401294535975294,0.7496766493055556,9.182559802479227
ood_dev,5000,19,102400,0,1702,1383506,1945600,0.0,3.3881317890172014e-21,3.751283902995844e-05,0.01662109375,0.015855983477047735,0.017422469853153533,0.7110947779605263,9.658091996264593
ood_dev,5000,20,102400,0,1718,1385224,2048000,0.0,3.3881317890172014e-21,3.751283902995844e-05,0.01677734375,0.016008619293442074,0.017582322313996996,0.67637890625,10.1680892631381
ood_dev,5000,21,102400,0,1686,1386910,2150400,0.0,3.3881317890172014e-21,3.751283902995844e-05,0.01646484375,0.015703365535630627,0.017262599517332833,0.6449544270833333,10.767138988705847
ood_dev,5000,22,102400,0,1660,1388570,2252800,0.0,3.3881317890172014e-21,3.751283902995844e-05,0.0162109375,0.015455400153029908,0.017002771449422124,0.6163751775568181,11.479015440456788
ood_dev,5000,23,102400,0,1690,1390260,2355200,0.0,3.3881317890172014e-21,3.751283902995844e-05,0.01650390625,0.015741518331602318,0.017302568790670596,0.5902938179347826,12.436637460330093
ood_dev,5000,24,102400,0,1631,1391891,2457600,0.0,3.3881317890172014e-21,3.751283902995844e-05,0.015927734375,0.015178881208795401,0.01671290539116311,0.5663618977864583,13.704258593388204
ood_dev,5000,25,102400,0,1780,1393671,2560000,0.0,3.3881317890172014e-21,3.751283902995844e-05,0.0173828125,0.016600247462472947,0.018201586219262614,0.544402734375,15.131399729542045
ood_dev,5000,26,102400,0,1725,1395396,2662400,0.0,3.3881317890172014e-21,3.751283902995844e-05,0.016845703125,0.016075403021209946,0.01765225220752066,0.524112079326923,16.657139036371667
ood_dev,5000,27,102400,0,1744,1397140,2764800,0.0,3.3881317890172014e-21,3.751283902995844e-05,0.01703125,0.016256689990451302,0.0178420450674992,0.5053313078703704,18.144848375199967
ood_dev,5000,28,102400,0,1734,1398874,2867200,0.0,3.3881317890172014e-21,3.751283902995844e-05,0.01693359375,0.01616127274001894,0.017742157144657933,0.48788853236607144,19.531236419905813
ood_dev,5000,29,102400,0,1722,1400596,2969600,0.0,3.3881317890172014e-21,3.751283902995844e-05,0.01681640625,0.016046781011694225,0.017622282665054292,0.47164466594827587,20.70492959039576
ood_dev,5000,30,102400,0,1749,1402345,3072000,0.0,3.3881317890172014e-21,3.751283902995844e-05,0.017080078125,0.01630440114519587,0.01789198649939144,0.4564925130208333,21.808624103416047
ood_dev,5000,31,102400,0,1670,1404015,3174400,0.0,3.3881317890172014e-21,3.751283902995844e-05,0.01630859375,0.01555076571978533,0.01710271105594033,0.4422930317540323,22.897578781435858
ood_dev,5000,32,102400,0,1645,1405660,3276800,0.0,3.3881317890172014e-21,3.751283902995844e-05,0.016064453125,0.01531236540613202,0.01685284843640957,0.428973388671875,24.146538902887254
ood_dev,5000,33,102400,0,1724,1407384,3379200,0.0,3.3881317890172014e-21,3.751283902995844e-05,0.0168359375,0.01606586228283863,0.01764226242856461,0.416484375,25.226750092748343
ood_dev,5000,34,102400,0,1722,1409106,3481600,0.0,3.3881317890172014e-21,3.751283902995844e-05,0.01681640625,0.016046781011694225,0.017622282665054292,0.40472943474264705,26.343154791526146
ood_dev,5000,35,102400,0,1663,1410769,3584000,0.0,3.3881317890172014e-21,3.751283902995844e-05,0.016240234375,0.015484009065332125,0.017032754089101997,0.3936297433035714,27.568516772019215
ood_dev,5000,36,102400,0,1722,1412491,3686400,0.0,3.3881317890172014e-21,3.751283902995844e-05,0.01681640625,0.016046781011694225,0.017622282665054292,0.3831627061631944,28.83008731891714
dev,10000,1,102400,102400,102400,102400,102400,1.0,0.9999624871609701,1.0,1.0,0.9999624871609701,1.0,1.0,6.486767415244898e-05
dev,10000,2,102400,102400,102400,204800,204800,1.0,0.9999624871609701,1.0,1.0,0.9999624871609701,1.0,1.0,9.55181346791889e-05
dev,10000,3,102400,102400,102400,307200,307200,1.0,0.9999624871609701,1.0,1.0,0.9999624871609701,1.0,1.0,0.00015314341588442914
dev,10000,4,102400,102400,102400,409600,409600,1.0,0.9999624871609701,1.0,1.0,0.9999624871609701,1.0,1.0,0.00029788370646003146
dev,10000,5,102400,102395,102395,511995,512000,0.999951171875,0.9998856912053655,0.9999791433689678,0.999951171875,0.9998856912053655,0.9999791433689678,0.999990234375,0.0005685550354879099
dev,10000,6,102400,102385,102385,614380,614400,0.999853515625,0.9997583066269857,0.9999112227740738,0.999853515625,0.9997583066269857,0.9999112227740738,0.9999674479166667,0.0009442685004694761
dev,10000,7,102400,102342,102350,716730,716800,0.99943359375,0.999267935201936,0.999561781954047,0.99951171875,0.9993563827385776,0.9996295785560243,0.99990234375,0.001675849040960935
dev,10000,8,102400,102292,102323,819053,819200,0.9989453125,0.9987269136098458,0.9991262776797689,0.999248046875,0.9990603884072679,0.9993982489194954,0.999820556640625,0.0026211840348033867
dev,10000,9,102400,102205,102254,921307,921600,0.998095703125,0.9978093454375543,0.9983446908445799,0.99857421875,0.9983236567113399,0.9987873749198352,0.9996820746527778,0.004207619960625698
dev,10000,10,102400,102092,102179,1023486,1024000,0.9969921875,0.9966376275634656,0.9973094602606767,0.997841796875,0.997538280459542,0.9981079623720809,0.999498046875,0.007057621374539453
dev,10000,11,102400,101907,102026,1125512,1126400,0.995185546875,0.9947426134772077,0.9955913286413727,0.99634765625,0.9959590962250753,0.9966989774554611,0.9992116477272728,0.011946618523487405
dev,10000,12,102400,101565,101755,1227267,1228800,0.991845703125,0.9912761292675759,0.9923783759250463,0.993701171875,0.9931977377396126,0.9941675657452085,0.99875244140625,0.02091434174538247
ood_dev,10000,1,102400,102400,102400,102400,102400,1.0,0.9999624871609701,1.0,1.0,0.9999624871609701,1.0,1.0,6.49069739012198e-05
ood_dev,10000,2,102400,102400,102400,204800,204800,1.0,0.9999624871609701,1.0,1.0,0.9999624871609701,1.0,1.0,9.511368449588887e-05
ood_dev,10000,3,102400,102400,102400,307200,307200,1.0,0.9999624871609701,1.0,1.0,0.9999624871609701,1.0,1.0,0.00014832080991650454
ood_dev,10000,4,102400,102397,102397,409597,409600,0.999970703125,0.9999138592392058,0.9999900363697822,0.999970703125,0.9999138592392058,0.9999900363697822,0.99999267578125,0.00030484709194636525
ood_dev,10000,5,102400,102390,102391,511988,512000,0.99990234375,0.9998202295599984,0.9999469524276979,0.999912109375,0.9998329541276058,0.999953758377418,0.9999765625,0.0005817800497738201
ood_dev,10000,6,102400,102373,102379,614367,614400,0.999736328125,0.9996163891811771,0.9998187740119542,0.999794921875,0.9996864903756401,0.9998658559214554,0.9999462890625,0.0010997667375026421
ood_dev,10000,7,102400,102336,102346,716713,716800,0.999375,0.9992020535530068,0.999510480499012,0.99947265625,0.99931206478972,0.9995957744355726,0.9998786272321428,0.001847881107383308
ood_dev,10000,8,102400,102289,102318,819031,819200,0.998916015625,0.9986948905496533,0.9990997091879794,0.99919921875,0.9990062333665538,0.9993547513735724,0.999793701171875,0.002910367965343114
ood_dev,10000,9,102400,102209,102253,921284,921600,0.998134765625,0.9978511472800239,0.9983810110714199,0.998564453125,0.9983131050785029,0.9987783960353448,0.9996571180555556,0.004803535553428224
ood_dev,10000,10,102400,102100,102171,1023455,1024000,0.9970703125,0.9967201141559111,0.9973832178068501,0.997763671875,0.9974550819919834,0.9980349167010207,0.9994677734375,0.007532742087503152
ood_dev,10000,11,102400,101916,102029,1125484,1126400,0.9952734375,0.9948343659258698,0.9956753508486567,0.996376953125,0.9959898694750091,0.9967267957575092,0.9991867897727272,0.01156337002383285
ood_dev,10000,12,102400,101551,101739,1227223,1228800,0.991708984375,0.9911348582218029,0.9922462197282362,0.993544921875,0.9930355634343955,0.9940172517731878,0.9987166341145833,0.021310333854076765
ood_dev,10000,13,102400,81790,82047,1309270,1331200,0.79873046875,0.7962635154671651,0.8011750095768597,0.801240234375,0.7987847144065059,0.8036731535906512,0.9835261418269231,0.8573277318868339
ood_dev,10000,14,102400,22032,24065,1333335,1433600,0.21515625,0.21265005555205443,0.2176838150434304,0.235009765625,0.23242275340719337,0.23761665891481987,0.9300606863839286,4.818640455251234
ood_dev,10000,15,102400,2878,6572,1339907,1536000,0.02810546875,0.027110749376996868,0.02913559233018293,0.0641796875,0.06269493243805818,0.06569714027639942,0.8723352864583334,7.042144668171185
ood_dev,10000,16,102400,250,2823,1342730,1638400,0.00244140625,0.0021572363750728446,0.002762905795797788,0.027568359375,0.026583100467505286,0.028589062786669565,0.819537353515625,7.626690827085692
ood_dev,10000,17,102400,19,1968,1344698,1740800,0.000185546875,0.0001187940488148779,0.0002897986194349718,0.01921875,0.01839570319194052,0.020077867747339224,0.7724597886029412,7.435241125181274
ood_dev,10000,18,102400,0,1653,1346351,1843200,0.0,3.3881317890172014e-21,3.751283902995844e-05,0.016142578125,0.015388648562805618,0.016932809418354882,0.7304421657986111,7.175669874127489
ood_dev,10000,19,102400,0,1736,1348087,1945600,0.0,3.3881317890172014e-21,3.751283902995844e-05,0.016953125,0.01618035564849098,0.017762135270840616,0.6928901110197369,7.044487907368166
ood_dev,10000,20,102400,0,1743,1349830,2048000,0.0,3.3881317890172014e-21,3.751283902995844e-05,0.017021484375,0.016247147961351464,0.017832056579271675,0.6590966796875,7.028608285252122
ood_dev,10000,21,102400,0,1662,1351492,2150400,0.0,3.3881317890172014e-21,3.751283902995844e-05,0.01623046875,0.015474472688896538,0.017022759948210224,0.6284840029761904,7.091039432793041
ood_dev,10000,22,102400,0,1673,1353165,2252800,0.0,3.3881317890172014e-21,3.751283902995844e-05,0.016337890625,0.01557937679287261,0.017132691534835136,0.6006591796875,7.173542660016101
ood_dev,10000,23,102400,0,1711,1354876,2355200,0.0,3.3881317890172014e-21,3.751283902995844e-05,0.016708984375,0.015941838940128936,0.01751238904601859,0.5752700407608695,7.242056083529605
ood_dev,10000,24,102400,0,1713,1356589,2457600,0.0,3.3881317890172014e-21,3.751283902995844e-05,0.016728515625,0.015960918695559916,0.017532370325242335,0.5519974772135416,7.331082493425347
ood_dev,10000,25,102400,0,1697,1358286,2560000,0.0,3.3881317890172014e-21,3.751283902995844e-05,0.016572265625,0.01580828843853085,0.0173725123050336,0.53058046875,7.369755607581173
ood_dev,10000,26,102400,0,1675,1359961,2662400,0.0,3.3881317890172014e-21,3.751283902995844e-05,0.016357421875,0.015598451199770717,0.01715267816259176,0.5108026592548077,7.455364310970181
ood_dev,10000,27,102400,0,1685,1361646,2764800,0.0,3.3881317890172014e-21,3.751283902995844e-05,0.016455078125,0.015693827513485862,0.01725260702215024,0.49249348958333333,7.470764001853822
ood_dev,10000,28,102400,0,1694,1363340,2867200,0.0,3.3881317890172014e-21,3.751283902995844e-05,0.01654296875,0.015779672256443042,0.017342536935139326,0.47549525669642856,7.523339372592455
ood_dev,10000,29,102400,0,1769,1365109,2969600,0.0,3.3881317890172014e-21,3.751283902995844e-05,0.017275390625,0.016495262462912757,0.018091735528221815,0.45969457165948274,7.5073166196787495
ood_dev,10000,30,102400,0,1786,1366895,3072000,0.0,3.3881317890172014e-21,3.751283902995844e-05,0.01744140625,0.016657515345765293,0.01826150143993444,0.44495279947916666,7.518584223793587
ood_dev,10000,31,102400,0,1703,1368598,3174400,0.0,3.3881317890172014e-21,3.751283902995844e-05,0.016630859375,0.01586552269446015,0.017432461153068485,0.4311359627016129,7.539903777716681
ood_dev,10000,32,102400,0,1666,1370264,3276800,0.0,3.3881317890172014e-21,3.751283902995844e-05,0.01626953125,0.015512618627879053,0.017062736078537158,0.41817138671875,7.553082603764487
ood_dev,10000,33,102400,0,1741,1372005,3379200,0.0,3.3881317890172014e-21,3.751283902995844e-05,0.017001953125,0.016228064105455898,0.017812079400512517,0.4060147372159091,7.557570508139979
ood_dev,10000,34,102400,0,1736,1373741,3481600,0.0,3.3881317890172014e-21,3.751283902995844e-05,0.016953125,0.01618035564849098,0.017762135270840616,0.39457174862132355,7.554000536268577
ood_dev,10000,35,102400,0,1718,1375459,3584000,0.0,3.3881317890172014e-21,3.751283902995844e-05,0.01677734375,0.016008619293442074,0.017582322313996996,0.38377762276785715,7.564403365573671
ood_dev,10000,36,102400,0,1737,1377196,3686400,0.0,3.3881317890172014e-21,3.751283902995844e-05,0.016962890625,0.016189897204480646,0.017772124232178315,0.3735883246527778,7.590205698145728
dev,20000,1,102400,102400,102400,102400,102400,1.0,0.9999624871609701,1.0,1.0,0.9999624871609701,1.0,1.0,4.2978254066259324e-05
dev,20000,2,102400,102400,102400,204800,204800,1.0,0.9999624871609701,1.0,1.0,0.9999624871609701,1.0,1.0,7.040400409216885e-05
dev,20000,3,102400,102390,102390,307190,307200,0.99990234375,0.9998202295599984,0.9999469524276979,0.99990234375,0.9998202295599984,0.9999469524276979,0.9999674479166667,0.00031641439208450304
dev,20000,4,102400,102379,102383,409573,409600,0.999794921875,0.9996864903756401,0.9998658559214554,0.999833984375,0.9997341277518229,0.9998963406145821,0.99993408203125,0.0005309831350205985
dev,20000,5,102400,102367,102374,511947,512000,0.999677734375,0.9995474707523628,0.9997705093368041,0.99974609375,0.9996279799998077,0.999826713710651,0.999896484375,0.0010927922727433765
dev,20000,6,102400,102348,102357,614304,614400,0.9994921875,0.9993341989036343,0.9996127013563129,0.999580078125,0.9994344632702631,0.9996882116456304,0.99984375,0.0018651711908219653
dev,20000,7,102400,102334,102346,716650,716800,0.99935546875,0.9991801685991595,0.9994933044182046,0.99947265625,0.99931206478972,0.9995957744355726,0.9997907366071429,0.0025642999208360805
dev,20000,8,102400,102320,102338,818988,819200,0.99921875,0.999027875525462,0.999372170249319,0.99939453125,0.9992239751088952,0.9995276199777785,0.9997412109375,0.0033152909253345727
dev,20000,9,102400,102301,102324,921312,921600,0.999033203125,0.9988232169890363,0.9992057489565249,0.9992578125,0.9990712397794851,0.9994069280646055,0.9996875,0.004044658649386219
dev,20000,10,102400,102288,102312,1023624,1024000,0.99890625,0.9986842243612543,0.9990908448590511,0.999140625,0.9989414555719652,0.9993023460641969,0.9996328125,0.004713122647604945
dev,20000,11,102400,102268,102303,1125927,1126400,0.9987109375,0.9984716754723407,0.9989127834014174,0.999052734375,0.9988446687417952,0.9992233582384206,0.999580078125,0.005874498128425636
dev,20000,12,102400,102222,102261,1228188,1228800,0.99826171875,0.9979872075303278,0.9984988475463719,0.998642578125,0.998397595090806,0.9988501501616607,0.999501953125,0.007821578269585756
ood_dev,20000,1,102400,102400,102400,102400,102400,1.0,0.9999624871609701,1.0,1.0,0.9999624871609701,1.0,1.0,4.3157434436054134e-05
ood_dev,20000,2,102400,102400,102400,204800,204800,1.0,0.9999624871609701,1.0,1.0,0.9999624871609701,1.0,1.0,5.667193999472242e-05
ood_dev,20000,3,102400,102394,102394,307194,307200,0.99994140625,0.9998721583660714,0.9999731456909345,0.99994140625,0.9998721583660714,0.9999731456909345,0.99998046875,0.0001756506323334267
ood_dev,20000,4,102400,102386,102389,409583,409600,0.99986328125,0.9997705055160856,0.9999185544023014,0.999892578125,0.9998076372259771,0.9999400142443918,0.99995849609375,0.0003947319514960268
ood_dev,20000,5,102400,102375,102380,511963,512000,0.999755859375,0.9996396050278641,0.999834619199922,0.9998046875,0.9996983209212157,0.9998735558932069,0.999927734375,0.0007136712721312294
ood_dev,20000,6,102400,102361,102368,614331,614400,0.999619140625,0.9994794317923406,0.9997213651928625,0.9996875,0.9995588896466933,0.9997786209598011,0.9998876953125,0.0010873935424714058
ood_dev,20000,7,102400,102351,102363,716694,716800,0.999521484375,0.9993674942137358,0.9996379975981935,0.999638671875,0.9995020271813618,0.9997378308384958,0.9998521205357143,0.0017264194437199992
ood_dev,20000,8,102400,102335,102349,819043,819200,0.999365234375,0.9991911066054158,0.9995018969292757,0.999501953125,0.9993452844279009,0.9996211463493736,0.999808349609375,0.0023079689128212544
ood_dev,20000,9,102400,102311,102330,921373,921600,0.999130859375,0.9989306798451842,0.9992935912736505,0.99931640625,0.9991365021061623,0.9994588488418922,0.9997536892361111,0.0030996902778475817
ood_dev,20000,10,102400,102292,102321,1023694,1024000,0.9989453125,0.9987269136098458,0.9991262776797689,0.999228515625,0.9990387064099038,0.9993808698822046,0.999701171875,0.003956372532678199
ood_dev,20000,11,102400,102268,102298,1125992,1126400,0.9987109375,0.9984716754723407,0.9989127834014174,0.99900390625,0.9987910751489584,0.9991792992446207,0.9996377840909091,0.005182685711731586
ood_dev,20000,12,102400,102216,102257,1228249,1228800,0.998203125,0.997924370529382,0.9984445014433533,0.998603515625,0.9983553278708656,0.9988142953122917,0.9995515950520834,0.006943569443182234
ood_dev,20000,13,102400,100497,100550,1328799,1331200,0.981416015625,0.9805706060246645,0.9822253066623344,0.98193359375,0.9810995462883196,0.9827314838170293,0.9981963641826923,0.06270924830775747
ood_dev,20000,14,102400,31709,31910,1360709,1433600,0.309658203125,0.3068335293745755,0.3124971573977982,0.31162109375,0.30879142702405526,0.3144648937311184,0.9491552734375,4.550959995334481
ood_dev,20000,15,102400,4810,8316,1369025,1536000,0.04697265625,0.04569365791027501,0.048285643273369525,0.0812109375,0.07955353828348516,0.08289975664989296,0.8912923177083333,6.97343720997882
ood_dev,20000,16,102400,481,3185,1372210,1638400,0.004697265625,0.0042966498219237145,0.0051350418515677,0.031103515625,0.030057714660702128,0.032184495865978026,0.837530517578125,7.881844345553019
ood_dev,20000,17,102400,38,2006,1374216,1740800,0.00037109375,0.00027039213856987833,0.0005092803588998625,0.01958984375,0.018758866223402695,0.02045686437431683,0.7894163602941177,7.963590986995823
ood_dev,20000,18,102400,1,1703,1375919,1843200,9.765625e-06,1.7238746867777096e-06,5.5319481670543434e-05,0.016630859375,0.01586552269446015,0.017432461153068485,0.7464838324652778,7.731508092224394
ood_dev,20000,19,102400,0,1722,1377641,1945600,0.0,3.3881317890172014e-21,3.751283902995844e-05,0.01681640625,0.016046781011694225,0.017622282665054292,0.7080802837171053,7.564118681512627
ood_dev,20000,20,102400,0,1753,1379394,2048000,0.0,3.3881317890172014e-21,3.751283902995844e-05,0.017119140625,0.016342571276687833,0.017931938437208937,0.6735322265625,7.475319297443057
ood_dev,20000,21,102400,0,1725,1381119,2150400,0.0,3.3881317890172014e-21,3.751283902995844e-05,0.016845703125,0.016075403021209946,0.01765225220752066,0.6422614397321429,7.4766631745055205
ood_dev,20000,22,102400,0,1629,1382748,2252800,0.0,3.3881317890172014e-21,3.751283902995844e-05,0.015908203125,0.015159813223057182,0.016692912342246607,0.6137908380681818,7.516735595244245
ood_dev,20000,23,102400,0,1643,1384391,2355200,0.0,3.3881317890172014e-21,3.751283902995844e-05,0.016044921875,0.015293295349832233,0.016832857458054636,0.5878018851902174,7.555305207378114
ood_dev,20000,24,102400,0,1776,1386167,2457600,0.0,3.3881317890172014e-21,3.751283902995844e-05,0.01734375,0.01656207018012992,0.018161641432296188,0.5640327962239583,7.600842676347965
ood_dev,20000,25,102400,0,1783,1387950,2560000,0.0,3.3881317890172014e-21,3.751283902995844e-05,0.017412109375,0.01662888111071926,0.018231544122998385,0.54216796875,7.649949486920159
ood_dev,20000,26,102400,0,1728,1389678,2662400,0.0,3.3881317890172014e-21,3.751283902995844e-05,0.016875,0.016104025646818412,0.01768222113389429,0.5219643930288461,7.7097095885974705
ood_dev,20000,27,102400,0,1758,1391436,2764800,0.0,3.3881317890172014e-21,3.751283902995844e-05,0.01716796875,0.016390285444758016,0.01798187685577556,0.5032682291666667,7.744363294790092
ood_dev,20000,28,102400,0,1643,1393079,2867200,0.0,3.3881317890172014e-21,3.751283902995844e-05,0.016044921875,0.015293295349832233,0.016832857458054636,0.48586739676339286,7.805074031724434
ood_dev,20000,29,102400,0,1718,1394797,2969600,0.0,3.3881317890172014e-21,3.751283902995844e-05,0.01677734375,0.016008619293442074,0.017582322313996996,0.46969187769396553,7.803242968617415
ood_dev,20000,30,102400,0,1687,1396484,3072000,0.0,3.3881317890172014e-21,3.751283902995844e-05,0.016474609375,0.015712903628576462,0.017272591941714363,0.45458463541666666,7.8410532260914625
ood_dev,20000,31,102400,0,1666,1398150,3174400,0.0,3.3881317890172014e-21,3.751283902995844e-05,0.01626953125,0.015512618627879053,0.017062736078537158,0.4404454385080645,7.870937853734358
ood_dev,20000,32,102400,0,1688,1399838,3276800,0.0,3.3881317890172014e-21,3.751283902995844e-05,0.016484375,0.015722441792261517,0.017282584295356673,0.4271966552734375,7.898342891489592
ood_dev,20000,33,102400,0,1656,1401494,3379200,0.0,3.3881317890172014e-21,3.751283902995844e-05,0.016171875,0.015417255951115785,0.016962793582026795,0.41474135890151514,7.926471291988856
ood_dev,20000,34,102400,0,1730,1403224,3481600,0.0,3.3881317890172014e-21,3.751283902995844e-05,0.01689453125,0.016123107738719566,0.01770220007664786,0.40303998161764704,7.930590083908028
ood_dev,20000,35,102400,0,1683,1404907,3584000,0.0,3.3881317890172014e-21,3.751283902995844e-05,0.016435546875,0.01567475168184742,0.01723262181913395,0.391994140625,7.93846456704603
ood_dev,20000,36,102400,0,1706,1406613,3686400,0.0,3.3881317890172014e-21,3.751283902995844e-05,0.01666015625,0.015894140765027154,0.017462434634483562,0.38156819661458335,7.958878150765668
dev,25000,1,102400,102400,102400,102400,102400,1.0,0.9999624871609701,1.0,1.0,0.9999624871609701,1.0,1.0,3.316076624764186e-05
dev,25000,2,102400,102400,102400,204800,204800,1.0,0.9999624871609701,1.0,1.0,0.9999624871609701,1.0,1.0,5.625048233801888e-05
dev,25000,3,102400,102399,102399,307199,307200,0.999990234375,0.9999446805183295,0.9999982761253133,0.999990234375,0.9999446805183295,0.9999982761253133,0.9999967447916667,0.00013163153112418695
dev,25000,4,102400,102390,102391,409590,409600,0.99990234375,0.9998202295599984,0.9999469524276979,0.999912109375,0.9998329541276058,0.999953758377418,0.9999755859375,0.0003602483587079819
dev,25000,5,102400,102374,102377,511967,512000,0.99974609375,0.9996279799998077,0.999826713710651,0.999775390625,0.9996629658993142,0.9998503193631264,0.999935546875,0.0007417369308573707
dev,25000,6,102400,102360,102366,614333,614400,0.999609375,0.9994681629006475,0.9997131035672281,0.99966796875,0.9995360760544642,0.9997623735173754,0.9998909505208333,0.0011496370829168579
dev,25000,7,102400,102346,102354,716687,716800,0.99947265625,0.99931206478972,0.9995957744355726,0.99955078125,0.9994009117003653,0.999663171663546,0.9998423549107143,0.001872158470945532
dev,25000,8,102400,102332,102348,819035,819200,0.9993359375,0.9991583186202075,0.999476093362502,0.9994921875,0.9993341989036343,0.9996127013563129,0.999798583984375,0.002544931434112241
dev,25000,9,102400,102308,102328,921363,921600,0.9991015625,0.9988983859912574,0.9992672935755954,0.999296875,0.9991147176527119,0.9994415722606881,0.9997428385416667,0.0036018399686178664
dev,25000,10,102400,102287,102315,1023678,1024000,0.998896484375,0.9986735621650938,0.9990819765378843,0.999169921875,0.9989738174076627,0.9993285757804814,0.999685546875,0.004561769596471772
dev,25000,11,102400,102255,102285,1125963,1126400,0.998583984375,0.9983342110358201,0.9987963511126822,0.998876953125,0.9986522495411198,0.9990642281272036,0.9996120383522727,0.006335032818139134
dev,25000,12,102400,102182,102223,1228186,1228800,0.99787109375,0.9975695035759508,0.9981353308076543,0.998271484375,0.9979976872817966,0.9985078983122302,0.9995003255208333,0.008930971819689867
ood_dev,25000,1,102400,102400,102400,102400,102400,1.0,0.9999624871609701,1.0,1.0,0.9999624871609701,1.0,1.0,3.3304398915152686e-05
ood_dev,25000,2,102400,102400,102400,204800,204800,1.0,0.9999624871609701,1.0,1.0,0.9999624871609701,1.0,1.0,5.546637489180772e-05
ood_dev,25000,3,102400,102396,102396,307196,307200,0.9999609375,0.9998995558365923,0.9999848092550684,0.9999609375,0.9998995558365923,0.9999848092550684,0.9999869791666667,0.00018474533310158637
ood_dev,25000,4,102400,102389,102391,409587,409600,0.999892578125,0.9998076372259771,0.9999400142443918,0.999912109375,0.9998329541276058,0.999953758377418,0.99996826171875,0.0003468711652110673
ood_dev,25000,5,102400,102375,102382,511969,512000,0.999755859375,0.9996396050278641,0.999834619199922,0.99982421875,0.9997221355543948,0.9998888022946828,0.999939453125,0.0005800893046241585
ood_dev,25000,6,102400,102368,102377,614346,614400,0.9996875,0.9995588896466933,0.9997786209598011,0.999775390625,0.9996629658993142,0.9998503193631264,0.999912109375,0.0008786732115156012
ood_dev,25000,7,102400,102358,102363,716709,716800,0.99958984375,0.9994456792698375,0.9996965261633833,0.999638671875,0.9995020271813618,0.9997378308384958,0.999873046875,0.0016590713933267284
ood_dev,25000,8,102400,102344,102352,819061,819200,0.999453125,0.9992899777075444,0.9995788004830934,0.99953125,0.9993786192504616,0.9996464030787949,0.999830322265625,0.0024189085032299057
ood_dev,25000,9,102400,102313,102327,921388,921600,0.999150390625,0.9989522370091191,0.9993110951443704,0.999287109375,0.9991038370362532,0.9994329223598194,0.9997699652777777,0.00338200861029561
ood_dev,25000,10,102400,102290,102310,1023698,1024000,0.99892578125,0.998705560783839,0.9991085694711211,0.99912109375,0.998919909733904,0.9992848308676036,0.999705078125,0.004833843970312519
ood_dev,25000,11,102400,102267,102293,1125991,1126400,0.998701171875,0.998461083452209,0.9989038449042218,0.998955078125,0.998737596314964,0.9991351254919781,0.9996368963068182,0.006359618729565949
ood_dev,25000,12,102400,102204,102243,1228234,1228800,0.9980859375,0.9977988993841387,0.9983356063806683,0.998466796875,0.9982077310233255,0.9986884649172485,0.9995393880208333,0.00876937673059623
ood_dev,25000,13,102400,77404,77451,1305685,1331200,0.7558984375,0.7532579045823923,0.7585197714638198,0.756357421875,0.7537185484074036,0.7589770619531946,0.9808330829326923,0.984274717699495
ood_dev,25000,14,102400,22118,24725,1330410,1433600,0.21599609375,0.21348631018319142,0.21852718490244666,0.241455078125,0.2388435671928958,0.24408598656517683,0.9280203683035714,3.864999534564786
ood_dev,25000,15,102400,3376,7254,1337664,1536000,0.03296875,0.03189252188985055,0.03408001744635587,0.07083984375,0.06928450623386831,0.07242737929785065,0.870875,6.130718401862269
ood_dev,25000,16,102400,327,2807,1340471,1638400,0.003193359375,0.0028659371040042135,0.0035580549010733463,0.027412109375,0.02642962136449995,0.028430053612437098,0.8181585693359374,7.495803192275157
ood_dev,25000,17,102400,24,1901,1342372,1740800,0.000234375,0.00015751151647495063,0.00034873373841171247,0.018564453125,0.017755589248149257,0.01940943703019719,0.7711236213235294,7.931702592151814
ood_dev,25000,18,102400,1,1731,1344103,1843200,9.765625e-06,1.7238746867777096e-06,5.5319481670543434e-05,0.016904296875,0.01613264888694426,0.017712189445750523,0.7292225477430555,8.051575586874533
ood_dev,25000,19,102400,0,1719,1345822,1945600,0.0,3.3881317890172014e-21,3.751283902995844e-05,0.016787109375,0.016018159619853447,0.01759231250491299,0.6917259457236842,8.180861941263355
ood_dev,25000,20,102400,0,1720,1347542,2048000,0.0,3.3881317890172014e-21,3.751283902995844e-05,0.016796875,0.016027700015071877,0.017602302627021917,0.6579794921875,8.34742083072102
ood_dev,25000,21,102400,0,1764,1349306,2150400,0.0,3.3881317890172014e-21,3.751283902995844e-05,0.0172265625,0.016447544642647142,0.01804180076185061,0.6274674479166666,8.538739552986808
ood_dev,25000,22,102400,0,1722,1351028,2252800,0.0,3.3881317890172014e-21,3.751283902995844e-05,0.01681640625,0.016046781011694225,0.017622282665054292,0.5997105823863637,8.730686564716452
ood_dev,25000,23,102400,0,1665,1352693,2355200,0.0,3.3881317890172014e-21,3.751283902995844e-05,0.016259765625,0.015503082034887343,0.017052742154201505,0.5743431555706522,8.922078214426874
ood_dev,25000,24,102400,0,1750,1354443,2457600,0.0,3.3881317890172014e-21,3.751283902995844e-05,0.01708984375,0.01631394357759699,0.017901974584317686,0.551124267578125,9.085808962211377
ood_dev,25000,25,102400,0,1672,1356115,2560000,0.0,3.3881317890172014e-21,3.751283902995844e-05,0.016328125,0.01556983969681238,0.017122698113568,0.529732421875,9.207505647816943
ood_dev,25000,26,102400,0,1737,1357852,2662400,0.0,3.3881317890172014e-21,3.751283902995844e-05,0.016962890625,0.016189897204480646,0.017772124232178315,0.5100105168269231,9.347131978840116
ood_dev,25000,27,102400,0,1707,1359559,2764800,0.0,3.3881317890172014e-21,3.751283902995844e-05,0.016669921875,0.01590368026112528,0.0174724256557128,0.49173864293981484,9.454080277531029
ood_dev,25000,28,102400,0,1711,1361270,2867200,0.0,3.3881317890172014e-21,3.751283902995844e-05,0.016708984375,0.015941838940128936,0.01751238904601859,0.47477329799107143,9.56902348582429
ood_dev,25000,29,102400,0,1712,1362982,2969600,0.0,3.3881317890172014e-21,3.751283902995844e-05,0.01671875,0.01595137878323341,0.017522379720241482,0.4589783135775862,9.610426619172795
ood_dev,25000,30,102400,0,1803,1364785,3072000,0.0,3.3881317890172014e-21,3.751283902995844e-05,0.017607421875,0.016819787025322986,0.018431248554941913,0.44426595052083334,9.69623258116917
ood_dev,25000,31,102400,0,1699,1366484,3174400,0.0,3.3881317890172014e-21,3.751283902995844e-05,0.016591796875,0.015827366243986105,0.01739249553423307,0.43047001008064517,9.757724398642894
ood_dev,25000,32,102400,0,1711,1368195,3276800,0.0,3.3881317890172014e-21,3.751283902995844e-05,0.016708984375,0.015941838940128936,0.01751238904601859,0.41753997802734377,9.815068939519914
ood_dev,25000,33,102400,0,1666,1369861,3379200,0.0,3.3881317890172014e-21,3.751283902995844e-05,0.01626953125,0.015512618627879053,0.017062736078537158,0.4053802675189394,9.878312539617037
ood_dev,25000,34,102400,0,1682,1371543,3481600,0.0,3.3881317890172014e-21,3.751283902995844e-05,0.01642578125,0.015665213872477914,0.0172226291111761,0.3939404296875,9.928957783133956
ood_dev,25000,35,102400,0,1757,1373300,3584000,0.0,3.3881317890172014e-21,3.751283902995844e-05,0.017158203125,0.016380742477780357,0.01797188930542586,0.3831752232142857,9.947683713731385
ood_dev,25000,36,102400,0,1654,1374954,3686400,0.0,3.3881317890172014e-21,3.751283902995844e-05,0.01615234375,0.015398184286100883,0.01694280421238697,0.37298014322916667,9.998129179066455
dev,30000,1,102400,102400,102400,102400,102400,1.0,0.9999624871609701,1.0,1.0,0.9999624871609701,1.0,1.0,3.356664326661374e-05
dev,30000,2,102400,102400,102400,204800,204800,1.0,0.9999624871609701,1.0,1.0,0.9999624871609701,1.0,1.0,4.901652879865104e-05
dev,30000,3,102400,102400,102400,307200,307200,1.0,0.9999624871609701,1.0,1.0,0.9999624871609701,1.0,1.0,0.00010720635144769398
dev,30000,4,102400,102391,102391,409591,409600,0.999912109375,0.9998329541276058,0.999953758377418,0.999912109375,0.9998329541276058,0.999953758377418,0.99997802734375,0.0003925864870143059
dev,30000,5,102400,102376,102378,511969,512000,0.999765625,0.9996512662615883,0.999842488483525,0.99978515625,0.9996747063713258,0.9998581094084422,0.999939453125,0.0007987798210863062
dev,30000,6,102400,102367,102372,614341,614400,0.999677734375,0.9995474707523628,0.9997705093368041,0.9997265625,0.99960483075273,0.9998108019230739,0.9999039713541666,0.0013724641730019443
dev,30000,7,102400,102354,102362,716703,716800,0.99955078125,0.9994009117003653,0.999663171663546,0.99962890625,0.9994907196411001,0.9997296078614301,0.9998646763392857,0.0019761807882901303
dev,30000,8,102400,102345,102356,819059,819200,0.999462890625,0.9993010155282553,0.9995872931797098,0.9995703125,0.9994232637005559,0.9996798806980102,0.999827880859375,0.002734913194922314
dev,30000,9,102400,102332,102345,921404,921600,0.9993359375,0.9991583186202075,0.999476093362502,0.999462890625,0.9993010155282553,0.9995872931797098,0.9997873263888889,0.00349917939206802
dev,30000,10,102400,102319,102336,1023740,1024000,0.999208984375,0.9990170512176479,0.9993634640398059,0.999375,0.9992020535530068,0.999510480499012,0.99974609375,0.0043498809778606765
dev,30000,11,102400,102307,102328,1126068,1126400,0.999091796875,0.9988876321827568,0.9992585168667686,0.999296875,0.9991147176527119,0.9994415722606881,0.9997052556818182,0.005090688221289093
dev,30000,12,102400,102291,102314,1228382,1228800,0.998935546875,0.9987162351185682,0.9991174256537193,0.99916015625,0.9989630242542219,0.999319838416595,0.9996598307291666,0.006400262804288863
ood_dev,30000,1,102400,102400,102400,102400,102400,1.0,0.9999624871609701,1.0,1.0,0.9999624871609701,1.0,1.0,3.3557942094795124e-05
ood_dev,30000,2,102400,102400,102400,204800,204800,1.0,0.9999624871609701,1.0,1.0,0.9999624871609701,1.0,1.0,4.804434131525759e-05
ood_dev,30000,3,102400,102400,102400,307200,307200,1.0,0.9999624871609701,1.0,1.0,0.9999624871609701,1.0,1.0,8.628045261659501e-05
ood_dev,30000,4,102400,102397,102397,409597,409600,0.999970703125,0.9999138592392058,0.9999900363697822,0.999970703125,0.9999138592392058,0.9999900363697822,0.99999267578125,0.00022902823431219632
ood_dev,30000,5,102400,102384,102385,511982,512000,0.99984375,0.9997461828910157,0.9999038159927167,0.999853515625,0.9997583066269857,0.9999112227740738,0.99996484375,0.000428937898235357
ood_dev,30000,6,102400,102374,102379,614361,614400,0.99974609375,0.9996279799998077,0.999826713710651,0.999794921875,0.9996864903756401,0.9998658559214554,0.9999365234375,0.0008317179457793266
ood_dev,30000,7,102400,102361,102367,716728,716800,0.999619140625,0.9994794317923406,0.9997213651928625,0.999677734375,0.9995474707523628,0.9997705093368041,0.9998995535714286,0.001657443601189018
ood_dev,30000,8,102400,102357,102367,819095,819200,0.999580078125,0.9994344632702631,0.9996882116456304,0.999677734375,0.9995474707523628,0.9997705093368041,0.999871826171875,0.002012180771151775
ood_dev,30000,9,102400,102353,102363,921458,921600,0.999541015625,0.9993897582662231,0.9996547945803608,0.999638671875,0.9995020271813618,0.9997378308384958,0.9998459201388888,0.002545733740228783
ood_dev,30000,10,102400,102346,102360,1023818,1024000,0.99947265625,0.99931206478972,0.9995957744355726,0.999609375,0.9994681629006475,0.9997131035672281,0.999822265625,0.003029405756380045
ood_dev,30000,11,102400,102338,102361,1126179,1126400,0.99939453125,0.9992239751088952,0.9995276199777785,0.999619140625,0.9994794317923406,0.9997213651928625,0.999803799715909,0.003473882152846096
ood_dev,30000,12,102400,102328,102352,1228531,1228800,0.999296875,0.9991147176527119,0.9994415722606881,0.99953125,0.9993786192504616,0.9996464030787949,0.9997810872395834,0.004286618825676139
ood_dev,30000,13,102400,60694,60711,1289242,1331200,0.59271484375,0.5897020867854182,0.5957206447205633,0.592880859375,0.5898682882272284,0.5958864620733182,0.9684810697115385,1.7614053273164574
ood_dev,30000,14,102400,16758,20424,1309666,1433600,0.16365234375,0.16139900633784046,0.1659309158731336,0.199453125,0.1970169800651607,0.20191181866792499,0.9135505022321428,4.230318860517951
ood_dev,30000,15,102400,2211,5494,1315160,1536000,0.021591796875,0.020719348481873335,0.022500138167955545,0.05365234375,0.05228888876190655,0.05504928627365407,0.8562239583333333,6.741032990591951
ood_dev,30000,16,102400,175,2284,1317444,1638400,0.001708984375,0.0014740062356476504,0.00198134713567078,0.0223046875,0.021417968790845485,0.023227245623880868,0.80410400390625,7.912137530617856
ood_dev,30000,17,102400,11,1866,1319310,1740800,0.000107421875,5.9985755608163145e-05,0.00019236277402278495,0.01822265625,0.01742130642969284,0.019060151742195906,0.7578756893382353,8.101952271089685
ood_dev,30000,18,102400,0,1710,1321020,1843200,0.0,3.3881317890172014e-21,3.751283902995844e-05,0.01669921875,0.01593229916630613,0.01750239830251404,0.71669921875,8.10842738368403
ood_dev,30000,19,102400,0,1742,1322762,1945600,0.0,3.3881317890172014e-21,3.751283902995844e-05,0.01701171875,0.016237605999667323,0.017822068023628457,0.6798735608552632,8.119314255416175
ood_dev,30000,20,102400,0,1692,1324454,2048000,0.0,3.3881317890172014e-21,3.751283902995844e-05,0.0165234375,0.015760595153160015,0.01732255300376763,0.6467060546875,8.17372329401256
ood_dev,30000,21,102400,0,1709,1326163,2150400,0.0,3.3881317890172014e-21,3.751283902995844e-05,0.016689453125,0.0159227594618247,0.017492407489668103,0.6167052641369047,8.286602905365143
ood_dev,30000,22,102400,0,1720,1327883,2252800,0.0,3.3881317890172014e-21,3.751283902995844e-05,0.016796875,0.016027700015071877,0.017602302627021917,0.5894367009943182,8.40234711695819
ood_dev,30000,23,102400,0,1662,1329545,2355200,0.0,3.3881317890172014e-21,3.751283902995844e-05,0.01623046875,0.015474472688896538,0.017022759948210224,0.5645146908967391,8.524723129327613
ood_dev,30000,24,102400,0,1774,1331319,2457600,0.0,3.3881317890172014e-21,3.751283902995844e-05,0.01732421875,0.016542981932213617,0.01814166864555776,0.541715087890625,8.638987963903638
ood_dev,30000,25,102400,0,1694,1333013,2560000,0.0,3.3881317890172014e-21,3.751283902995844e-05,0.01654296875,0.015779672256443042,0.017342536935139326,0.520708203125,8.723097156710137
ood_dev,30000,26,102400,0,1655,1334668,2662400,0.0,3.3881317890172014e-21,3.751283902995844e-05,0.016162109375,0.015407720082225901,0.016952798933589322,0.5013025841346154,8.857937257778321
ood_dev,30000,27,102400,0,1760,1336428,2764800,0.0,3.3881317890172014e-21,3.751283902995844e-05,0.0171875,0.016409371578367776,0.01800185175682053,0.48337239583333336,8.948631920536572
ood_dev,30000,28,102400,0,1656,1338084,2867200,0.0,3.3881317890172014e-21,3.751283902995844e-05,0.016171875,0.015417255951115785,0.016962793582026795,0.4666866629464286,9.047217601122538
ood_dev,30000,29,102400,0,1712,1339796,2969600,0.0,3.3881317890172014e-21,3.751283902995844e-05,0.01671875,0.01595137878323341,0.017522379720241482,0.4511705280172414,9.123091961885729
ood_dev,30000,30,102400,0,1681,1341477,3072000,0.0,3.3881317890172014e-21,3.751283902995844e-05,0.016416015625,0.015655676134157807,0.01721263633216884,0.4366787109375,9.205654724660999
ood_dev,30000,31,102400,0,1743,1343220,3174400,0.0,3.3881317890172014e-21,3.751283902995844e-05,0.017021484375,0.016247147961351464,0.017832056579271675,0.4231413810483871,9.267914247202134
ood_dev,30000,32,102400,0,1700,1344920,3276800,0.0,3.3881317890172014e-21,3.751283902995844e-05,0.0166015625,0.015836905251750164,0.017402487043796374,0.41043701171875,9.34006794154484
ood_dev,30000,33,102400,0,1626,1346546,3379200,0.0,3.3881317890172014e-21,3.751283902995844e-05,0.01587890625,0.015131211803248851,0.016662922210072855,0.39848070549242426,9.43265305033754
ood_dev,30000,34,102400,0,1691,1348237,3481600,0.0,3.3881317890172014e-21,3.751283902995844e-05,0.016513671875,0.01575105670713481,0.01731256093246547,0.3872463809742647,9.492756472031761
ood_dev,30000,35,102400,0,1706,1349943,3584000,0.0,3.3881317890172014e-21,3.751283902995844e-05,0.01666015625,0.015894140765027154,0.017462434634483562,0.376658203125,9.522754108558146
ood_dev,30000,36,102400,0,1695,1351638,3686400,0.0,3.3881317890172014e-21,3.751283902995844e-05,0.016552734375,0.015789210913578336,0.01735252879533139,0.3666552734375,9.585841536950102
dev,40000,1,102400,102400,102400,102400,102400,1.0,0.9999624871609701,1.0,1.0,0.9999624871609701,1.0,1.0,5.657749263527911e-06
dev,40000,2,102400,102400,102400,204800,204800,1.0,0.9999624871609701,1.0,1.0,0.9999624871609701,1.0,1.0,3.5675240853925982e-06
dev,40000,3,102400,102400,102400,307200,307200,1.0,0.9999624871609701,1.0,1.0,0.9999624871609701,1.0,1.0,6.3948549953496415e-06
dev,40000,4,102400,102398,102398,409598,409600,0.99998046875,0.9999287823158808,0.9999946438104347,0.99998046875,0.9999287823158808,0.9999946438104347,0.9999951171875,6.616991144008489e-05
dev,40000,5,102400,102395,102396,511994,512000,0.999951171875,0.9998856912053655,0.9999791433689678,0.9999609375,0.9998995558365923,0.9999848092550684,0.99998828125,0.00022766295084630377
dev,40000,6,102400,102388,102389,614383,614400,0.9998828125,0.9997951608462756,0.9999329601067661,0.999892578125,0.9998076372259771,0.9999400142443918,0.9999723307291667,0.00035422526217517854
dev,40000,7,102400,102382,102387,716770,716800,0.99982421875,0.9997221355543948,0.9998888022946828,0.999873046875,0.9997827872309603,0.9999258032047541,0.9999581473214286,0.0004676564439049257
dev,40000,8,102400,102380,102387,819157,819200,0.9998046875,0.9996983209212157,0.9998735558932069,0.999873046875,0.9997827872309603,0.9999258032047541,0.999947509765625,0.0006609476153961734
dev,40000,9,102400,102377,102386,921543,921600,0.999775390625,0.9996629658993142,0.9998503193631264,0.99986328125,0.9997705055160856,0.9999185544023014,0.9999381510416666,0.0008377990869474222
dev,40000,10,102400,102371,102379,1023922,1024000,0.999716796875,0.9995933030510014,0.9998027991074752,0.999794921875,0.9996864903756401,0.9998658559214554,0.999923828125,0.0011640199036115988
dev,40000,11,102400,102361,102372,1126294,1126400,0.999619140625,0.9994794317923406,0.9997213651928625,0.9997265625,0.99960483075273,0.9998108019230739,0.9999058948863636,0.0017889231663581195
dev,40000,12,102400,102328,102341,1228635,1228800,0.999296875,0.9991147176527119,0.9994415722606881,0.999423828125,0.9992569299552471,0.9995532566834086,0.99986572265625,0.003526995574388924
ood_dev,40000,1,102400,102400,102400,102400,102400,1.0,0.9999624871609701,1.0,1.0,0.9999624871609701,1.0,1.0,5.625024246799226e-06
ood_dev,40000,2,102400,102400,102400,204800,204800,1.0,0.9999624871609701,1.0,1.0,0.9999624871609701,1.0,1.0,3.5504480459014332e-06
ood_dev,40000,3,102400,102400,102400,307200,307200,1.0,0.9999624871609701,1.0,1.0,0.9999624871609701,1.0,1.0,7.794792807485213e-06
ood_dev,40000,4,102400,102398,102398,409598,409600,0.99998046875,0.9999287823158808,0.9999946438104347,0.99998046875,0.9999287823158808,0.9999946438104347,0.9999951171875,5.387491322462211e-05
ood_dev,40000,5,102400,102396,102397,511995,512000,0.9999609375,0.9998995558365923,0.9999848092550684,0.999970703125,0.9999138592392058,0.9999900363697822,0.999990234375,0.00012345093846489116
ood_dev,40000,6,102400,102390,102392,614387,614400,0.99990234375,0.9998202295599984,0.9999469524276979,0.999921875,0.9998458314166382,0.9999604116057129,0.9999788411458334,0.00033735751415413435
ood_dev,40000,7,102400,102385,102386,716773,716800,0.999853515625,0.9997583066269857,0.9999112227740738,0.99986328125,0.9997705055160856,0.9999185544023014,0.9999623325892857,0.0005991136923703584
ood_dev,40000,8,102400,102383,102390,819163,819200,0.999833984375,0.9997341277518229,0.9998963406145821,0.99990234375,0.9998202295599984,0.9999469524276979,0.999954833984375,0.0008016557363181586
ood_dev,40000,9,102400,102375,102380,921543,921600,0.999755859375,0.9996396050278641,0.999834619199922,0.9998046875,0.9996983209212157,0.9998735558932069,0.9999381510416666,0.0011061495955744232
ood_dev,40000,10,102400,102371,102380,1023923,1024000,0.999716796875,0.9995933030510014,0.9998027991074752,0.9998046875,0.9996983209212157,0.9998735558932069,0.9999248046875,0.0014827629118750857
ood_dev,40000,11,102400,102365,102373,1126296,1126400,0.999658203125,0.9995247045222765,0.9997542145322359,0.999736328125,0.9996163891811771,0.9998187740119542,0.9999076704545454,0.0019227117901572891
ood_dev,40000,12,102400,102342,102351,1228647,1228800,0.99943359375,0.999267935201936,0.999561781954047,0.999521484375,0.9993674942137358,0.9996379975981935,0.99987548828125,0.0035063242938633034
ood_dev,40000,13,102400,44447,44458,1273105,1331200,0.434052734375,0.4310195747071677,0.4370908417811521,0.43416015625,0.43112690508557355,0.4371983470933471,0.9563589242788462,3.2818774023237722
ood_dev,40000,14,102400,10373,14244,1287349,1433600,0.101298828125,0.09946573310222442,0.10316183597353878,0.1391015625,0.13699556485980613,0.14123463679017806,0.8979833984375,6.871915392107952
ood_dev,40000,15,102400,1487,4856,1292205,1536000,0.014521484375,0.013806781796134104,0.015272610308684181,0.047421875,0.0461369856607054,0.04874071931999782,0.841279296875,10.140114118125188
ood_dev,40000,16,102400,166,2453,1294658,1638400,0.00162109375,0.001392680529500557,0.001886898185871609,0.023955078125,0.023036231428834125,0.024909640414216526,0.790196533203125,12.240718841399836
ood_dev,40000,17,102400,20,1870,1296528,1740800,0.0001953125,0.00012644410679300263,0.0003016790787842098,0.01826171875,0.01745950643815584,0.01910007380304236,0.7447886029411764,13.228260434289222
ood_dev,40000,18,102400,2,1770,1298298,1843200,1.953125e-05,5.356189565375578e-06,7.121768411930826e-05,0.01728515625,0.0165048062250697,0.01810172228339223,0.7043717447916666,13.770577070409301
ood_dev,40000,19,102400,0,1672,1299970,1945600,0.0,3.3881317890172014e-21,3.751283902995844e-05,0.016328125,0.01556983969681238,0.017122698113568,0.6681589226973684,14.019364120865534
ood_dev,40000,20,102400,0,1769,1301739,2048000,0.0,3.3881317890172014e-21,3.751283902995844e-05,0.017275390625,0.016495262462912757,0.018091735528221815,0.63561474609375,14.17439179541896
ood_dev,40000,21,102400,0,1729,1303468,2150400,0.0,3.3881317890172014e-21,3.751283902995844e-05,0.016884765625,0.01611356665865825,0.01769221063938181,0.6061514136904762,14.407821534171463
ood_dev,40000,22,102400,0,1774,1305242,2252800,0.0,3.3881317890172014e-21,3.751283902995844e-05,0.01732421875,0.016542981932213617,0.01814166864555776,0.5793865411931818,14.573724535833103
ood_dev,40000,23,102400,0,1764,1307006,2355200,0.0,3.3881317890172014e-21,3.751283902995844e-05,0.0172265625,0.016447544642647142,0.01804180076185061,0.5549448029891304,14.676868164301005
ood_dev,40000,24,102400,0,1679,1308685,2457600,0.0,3.3881317890172014e-21,3.751283902995844e-05,0.016396484375,0.01563660087091516,0.017192650560756764,0.5325052897135417,14.7555889006471
ood_dev,40000,25,102400,0,1748,1310433,2560000,0.0,3.3881317890172014e-21,3.751283902995844e-05,0.0170703125,0.01629485877987003,0.017881998347389922,0.511887890625,14.804746330037322
ood_dev,40000,26,102400,0,1700,1312133,2662400,0.0,3.3881317890172014e-21,3.751283902995844e-05,0.0166015625,0.015836905251750164,0.017402487043796374,0.49283841646634613,14.893613663311696
ood_dev,40000,27,102400,0,1739,1313872,2764800,0.0,3.3881317890172014e-21,3.751283902995844e-05,0.016982421875,0.016208980519679686,0.017792101951634,0.47521412037037036,14.84068640044477
ood_dev,40000,28,102400,0,1702,1315574,2867200,0.0,3.3881317890172014e-21,3.751283902995844e-05,0.01662109375,0.015855983477047735,0.017422469853153533,0.45883579799107144,14.843370693651718
ood_dev,40000,29,102400,0,1651,1317225,2969600,0.0,3.3881317890172014e-21,3.751283902995844e-05,0.016123046875,0.015369577334964322,0.016912819611541452,0.4435698410560345,14.870266856568904
ood_dev,40000,30,102400,0,1694,1318919,3072000,0.0,3.3881317890172014e-21,3.751283902995844e-05,0.01654296875,0.015779672256443042,0.017342536935139326,0.42933561197916664,14.819353169350148
ood_dev,40000,31,102400,0,1715,1320634,3174400,0.0,3.3881317890172014e-21,3.751283902995844e-05,0.016748046875,0.015979998727640964,0.017552351327816018,0.41602633568548386,14.778612084072215
ood_dev,40000,32,102400,0,1678,1322312,3276800,0.0,3.3881317890172014e-21,3.751283902995844e-05,0.01638671875,0.015627063346117524,0.017182657568227042,0.40353759765625,14.806978074884016
ood_dev,40000,33,102400,0,1737,1324049,3379200,0.0,3.3881317890172014e-21,3.751283902995844e-05,0.016962890625,0.016189897204480646,0.017772124232178315,0.391823212594697,14.78827944517148
ood_dev,40000,34,102400,0,1732,1325781,3481600,0.0,3.3881317890172014e-21,3.751283902995844e-05,0.0169140625,0.016142190103274327,0.01772217874674782,0.3807964728860294,14.70186293983651
ood_dev,40000,35,102400,0,1762,1327543,3584000,0.0,3.3881317890172014e-21,3.751283902995844e-05,0.01720703125,0.01642845797781226,0.01802182639203077,0.370408203125,14.620267175016842
ood_dev,40000,36,102400,0,1709,1329252,3686400,0.0,3.3881317890172014e-21,3.751283902995844e-05,0.016689453125,0.0159227594618247,0.017492407489668103,0.3605826822916667,14.62533489223208
dev,50000,1,102400,102400,102400,102400,102400,1.0,0.9999624871609701,1.0,1.0,0.9999624871609701,1.0,1.0,4.828846034152234e-07
dev,50000,2,102400,102400,102400,204800,204800,1.0,0.9999624871609701,1.0,1.0,0.9999624871609701,1.0,1.0,1.1819584788106824e-05
dev,50000,3,102400,102399,102399,307199,307200,0.999990234375,0.9999446805183295,0.9999982761253133,0.999990234375,0.9999446805183295,0.9999982761253133,0.9999967447916667,2.9424125238846493e-05
dev,50000,4,102400,102396,102396,409595,409600,0.9999609375,0.9998995558365923,0.9999848092550684,0.9999609375,0.9998995558365923,0.9999848092550684,0.99998779296875,0.0002074713045208066
dev,50000,5,102400,102388,102390,511985,512000,0.9998828125,0.9997951608462756,0.9999329601067661,0.99990234375,0.9998202295599984,0.9999469524276979,0.999970703125,0.0004820679578815244
dev,50000,6,102400,102378,102382,614367,614400,0.99978515625,0.9996747063713258,0.9998581094084422,0.99982421875,0.9997221355543948,0.9998888022946828,0.9999462890625,0.0008421184054636549
dev,50000,7,102400,102366,102376,716743,716800,0.99966796875,0.9995360760544642,0.9997623735173754,0.999765625,0.9996512662615883,0.999842488483525,0.9999204799107143,0.001260793347435873
dev,50000,8,102400,102356,102368,819111,819200,0.9995703125,0.9994232637005559,0.9996798806980102,0.9996875,0.9995588896466933,0.9997786209598011,0.999891357421875,0.0018516885730320168
dev,50000,9,102400,102350,102364,921475,921600,0.99951171875,0.9993563827385776,0.9996295785560243,0.9996484375,0.9995133551962606,0.9997460333409244,0.9998643663194444,0.002617335895603098
dev,50000,10,102400,102346,102362,1023837,1024000,0.99947265625,0.99931206478972,0.9995957744355726,0.99962890625,0.9994907196411001,0.9997296078614301,0.9998408203125,0.0030696053084290466
dev,50000,11,102400,102341,102360,1126197,1126400,0.999423828125,0.9992569299552471,0.9995532566834086,0.999609375,0.9994681629006475,0.9997131035672281,0.9998197798295455,0.0034196986570553833
dev,50000,12,102400,102327,102349,1228546,1228800,0.999287109375,0.9991038370362532,0.9994329223598194,0.999501953125,0.9993452844279009,0.9996211463493736,0.9997932942708333,0.004191412771110176
ood_dev,50000,1,102400,102400,102400,102400,102400,1.0,0.9999624871609701,1.0,1.0,0.9999624871609701,1.0,1.0,4.86907912860407e-07
ood_dev,50000,2,102400,102400,102400,204800,204800,1.0,0.9999624871609701,1.0,1.0,0.9999624871609701,1.0,1.0,1.1621829886525881e-05
ood_dev,50000,3,102400,102400,102400,307200,307200,1.0,0.9999624871609701,1.0,1.0,0.9999624871609701,1.0,1.0,2.075879957613637e-05
ood_dev,50000,4,102400,102399,102399,409599,409600,0.999990234375,0.9999446805183295,0.9999982761253133,0.999990234375,0.9999446805183295,0.9999982761253133,0.99999755859375,9.376177039990912e-05
ood_dev,50000,5,102400,102384,102385,511984,512000,0.99984375,0.9997461828910157,0.9999038159927167,0.999853515625,0.9997583066269857,0.9999112227740738,0.99996875,0.0004233934199110344
ood_dev,50000,6,102400,102376,102381,614365,614400,0.999765625,0.9996512662615883,0.999842488483525,0.999814453125,0.999710201380565,0.999881205951185,0.9999430338541667,0.0009239965923872478
ood_dev,50000,7,102400,102361,102369,716734,716800,0.999619140625,0.9994794317923406,0.9997213651928625,0.999697265625,0.9995703338469782,0.9997867072768437,0.9999079241071429,0.0015528518512265188
ood_dev,50000,8,102400,102355,102367,819101,819200,0.999560546875,0.9994120800157498,0.9996715338654889,0.999677734375,0.9995474707523628,0.9997705093368041,0.999879150390625,0.0023726186616420957
ood_dev,50000,9,102400,102349,102363,921464,921600,0.999501953125,0.9993452844279009,0.9996211463493736,0.999638671875,0.9995020271813618,0.9997378308384958,0.9998524305555555,0.0030755841136237807
ood_dev,50000,10,102400,102344,102358,1023822,1024000,0.999453125,0.9992899777075444,0.9995788004830934,0.99958984375,0.9994456792698375,0.9996965261633833,0.999826171875,0.0034713566998386476
ood_dev,50000,11,102400,102333,102350,1126172,1126400,0.999345703125,0.9991692393347998,0.9994847031652371,0.99951171875,0.9993563827385776,0.9996295785560243,0.9997975852272727,0.004214433153868722
ood_dev,50000,12,102400,102317,102340,1228512,1228800,0.999189453125,0.9989954218558749,0.999346032366924,0.9994140625,0.999245935024263,0.9995447210970653,0.999765625,0.005437315685233325
ood_dev,50000,13,102400,83761,83781,1312293,1331200,0.817978515625,0.8156032388195201,0.8203299358767367,0.818173828125,0.8157995302442808,0.8205242547985231,0.9857970252403846,1.3561430130124155
ood_dev,50000,14,102400,22207,23529,1335822,1433600,0.216865234375,0.21435175280427976,0.21939995832349357,0.229775390625,0.22720888730971361,0.2323621677248332,0.9317954799107143,8.856902158406502
ood_dev,50000,15,102400,3664,7010,1342832,1536000,0.03578125,0.034660889177841624,0.03693643914864526,0.06845703125,0.06692645502941368,0.07001998427442878,0.8742395833333333,14.09637134866987
ood_dev,50000,16,102400,440,3119,1345951,1638400,0.004296875,0.003914420162041906,0.004716520301027639,0.030458984375,0.02942392982108112,0.03152926656199309,0.8215032958984375,16.97279154994643
ood_dev,50000,17,102400,48,2233,1348184,1740800,0.00046875,0.00035359692120503074,0.000621380749538337,0.021806640625,0.02092986547421293,0.02271929255681792,0.7744623161764705,18.230415699496128
ood_dev,50000,18,102400,4,1932,1350116,1843200,3.90625e-05,1.5190744931649625e-05,0.00010044416340775962,0.0188671875,0.0180517290805688,0.019718743234925885,0.7324848090277778,18.701044671935364
ood_dev,50000,19,102400,1,1739,1351855,1945600,9.765625e-06,1.7238746867777096e-06,5.5319481670543434e-05,0.016982421875,0.016208980519679686,0.017792101951634,0.6948267886513158,18.832906405272926
ood_dev,50000,20,102400,0,1708,1353563,2048000,0.0,3.3881317890172014e-21,3.751283902995844e-05,0.0166796875,0.015913219826744453,0.017482416607420986,0.66091943359375,18.84939599629679
ood_dev,50000,21,102400,0,1678,1355241,2150400,0.0,3.3881317890172014e-21,3.751283902995844e-05,0.01638671875,0.015627063346117524,0.017182657568227042,0.6302273995535714,18.966684262645042
ood_dev,50000,22,102400,0,1701,1356942,2252800,0.0,3.3881317890172014e-21,3.751283902995844e-05,0.016611328125,0.015846444329457577,0.017412478483416333,0.6023357599431818,19.06496346285917
ood_dev,50000,23,102400,0,1734,1358676,2355200,0.0,3.3881317890172014e-21,3.751283902995844e-05,0.01693359375,0.01616127274001894,0.017742157144657933,0.5768834918478261,19.223343335726184
ood_dev,50000,24,102400,0,1703,1360379,2457600,0.0,3.3881317890172014e-21,3.751283902995844e-05,0.016630859375,0.01586552269446015,0.017432461153068485,0.5535396321614583,19.311981969513273
ood_dev,50000,25,102400,0,1737,1362116,2560000,0.0,3.3881317890172014e-21,3.751283902995844e-05,0.016962890625,0.016189897204480646,0.017772124232178315,0.5320765625,19.447049458966344
ood_dev,50000,26,102400,0,1607,1363723,2662400,0.0,3.3881317890172014e-21,3.751283902995844e-05,0.015693359375,0.014950085163416258,0.01647296902068555,0.5122156700721154,19.640117906194313
ood_dev,50000,27,102400,0,1679,1365402,2764800,0.0,3.3881317890172014e-21,3.751283902995844e-05,0.016396484375,0.01563660087091516,0.017192650560756764,0.4938519965277778,19.62804718063813
ood_dev,50000,28,102400,0,1662,1367064,2867200,0.0,3.3881317890172014e-21,3.751283902995844e-05,0.01623046875,0.015474472688896538,0.017022759948210224,0.4767940848214286,19.73292644427945
ood_dev,50000,29,102400,0,1649,1368713,2969600,0.0,3.3881317890172014e-21,3.751283902995844e-05,0.016103515625,0.015350506399222991,0.016892829512628053,0.460908203125,19.864759938295617
ood_dev,50000,30,102400,0,1674,1370387,3072000,0.0,3.3881317890172014e-21,3.751283902995844e-05,0.01634765625,0.015588913960546404,0.0171426848844887,0.44608951822916665,19.93567183559771
ood_dev,50000,31,102400,0,1730,1372117,3174400,0.0,3.3881317890172014e-21,3.751283902995844e-05,0.01689453125,0.016123107738719566,0.01770220007664786,0.43224451864919355,19.951139385919703
ood_dev,50000,32,102400,0,1708,1373825,3276800,0.0,3.3881317890172014e-21,3.751283902995844e-05,0.0166796875,0.015913219826744453,0.017482416607420986,0.41925811767578125,20.031371352843294
ood_dev,50000,33,102400,0,1671,1375496,3379200,0.0,3.3881317890172014e-21,3.751283902995844e-05,0.016318359375,0.015560302672428875,0.01711270462062415,0.40704782196969697,20.144189421590337
ood_dev,50000,34,102400,0,1694,1377190,3481600,0.0,3.3881317890172014e-21,3.751283902995844e-05,0.01654296875,0.015779672256443042,0.017342536935139326,0.3955623851102941,20.190619500426994
ood_dev,50000,35,102400,0,1759,1378949,3584000,0.0,3.3881317890172014e-21,3.751283902995844e-05,0.017177734375,0.016399828478305734,0.017991864339555207,0.38475139508928574,20.191394335419517
ood_dev,50000,36,102400,0,1751,1380700,3686400,0.0,3.3881317890172014e-21,3.751283902995844e-05,0.017099609375,0.016323486077016922,0.017911962602225117,0.3745388454861111,20.227920153857234
dev,60000,1,102400,102400,102400,102400,102400,1.0,0.9999624871609701,1.0,1.0,0.9999624871609701,1.0,1.0,2.2223338929326654e-06
dev,60000,2,102400,102400,102400,204800,204800,1.0,0.9999624871609701,1.0,1.0,0.9999624871609701,1.0,1.0,4.369009040031888e-06
dev,60000,3,102400,102400,102400,307200,307200,1.0,0.9999624871609701,1.0,1.0,0.9999624871609701,1.0,1.0,5.00615844677893e-06
dev,60000,4,102400,102399,102399,409599,409600,0.999990234375,0.9999446805183295,0.9999982761253133,0.999990234375,0.9999446805183295,0.9999982761253133,0.99999755859375,2.7556900950314114e-05
dev,60000,5,102400,102397,102397,511996,512000,0.999970703125,0.9999138592392058,0.9999900363697822,0.999970703125,0.9999138592392058,0.9999900363697822,0.9999921875,0.0001237054139576571
dev,60000,6,102400,102392,102393,614389,614400,0.999921875,0.9998458314166382,0.9999604116057129,0.999931640625,0.9998588878252541,0.9999668857144244,0.9999820963541667,0.0002402654017663923
dev,60000,7,102400,102380,102384,716773,716800,0.9998046875,0.9996983209212157,0.9998735558932069,0.99984375,0.9997461828910157,0.9999038159927167,0.9999623325892857,0.0005878890573210331
dev,60000,8,102400,102366,102373,819146,819200,0.99966796875,0.9995360760544642,0.9997623735173754,0.999736328125,0.9996163891811771,0.9998187740119542,0.99993408203125,0.001117216760482189
dev,60000,9,102400,102358,102368,921514,921600,0.99958984375,0.9994456792698375,0.9996965261633833,0.9996875,0.9995588896466933,0.9997786209598011,0.9999066840277778,0.0019783695979777123
dev,60000,10,102400,102355,102368,1023882,1024000,0.999560546875,0.9994120800157498,0.9996715338654889,0.9996875,0.9995588896466933,0.9997786209598011,0.999884765625,0.0025998743104573563
dev,60000,11,102400,102336,102349,1126231,1126400,0.999375,0.9992020535530068,0.999510480499012,0.999501953125,0.9993452844279009,0.9996211463493736,0.9998499644886364,0.003498366042369039
dev,60000,12,102400,102299,102317,1228548,1228800,0.999013671875,0.9988017844178726,0.9991881204930338,0.999189453125,0.9989954218558749,0.999346032366924,0.999794921875,0.004711673183201822
ood_dev,60000,1,102400,102400,102400,102400,102400,1.0,0.9999624871609701,1.0,1.0,0.9999624871609701,1.0,1.0,2.2426699852481218e-06
ood_dev,60000,2,102400,102400,102400,204800,204800,1.0,0.9999624871609701,1.0,1.0,0.9999624871609701,1.0,1.0,4.534822665857446e-06
ood_dev,60000,3,102400,102400,102400,307200,307200,1.0,0.9999624871609701,1.0,1.0,0.9999624871609701,1.0,1.0,6.227727377044953e-06
ood_dev,60000,4,102400,102400,102400,409600,409600,1.0,0.9999624871609701,1.0,1.0,0.9999624871609701,1.0,1.0,1.1651589685010913e-05
ood_dev,60000,5,102400,102399,102399,511999,512000,0.999990234375,0.9999446805183295,0.9999982761253133,0.999990234375,0.9999446805183295,0.9999982761253133,0.999998046875,2.8473015536747067e-05
ood_dev,60000,6,102400,102393,102394,614393,614400,0.999931640625,0.9998588878252541,0.9999668857144244,0.99994140625,0.9998721583660714,0.9999731456909345,0.9999886067708333,0.0002514965443413734
ood_dev,60000,7,102400,102388,102388,716781,716800,0.9998828125,0.9997951608462756,0.9999329601067661,0.9998828125,0.9997951608462756,0.9999329601067661,0.9999734933035714,0.000605239688007153
ood_dev,60000,8,102400,102386,102392,819173,819200,0.99986328125,0.9997705055160856,0.9999185544023014,0.999921875,0.9998458314166382,0.9999604116057129,0.999967041015625,0.0006250663784057492
ood_dev,60000,9,102400,102378,102382,921555,921600,0.99978515625,0.9996747063713258,0.9998581094084422,0.99982421875,0.9997221355543948,0.9998888022946828,0.999951171875,0.0010020966977954788
ood_dev,60000,10,102400,102364,102369,1023924,1024000,0.9996484375,0.9995133551962606,0.9997460333409244,0.999697265625,0.9995703338469782,0.9997867072768437,0.99992578125,0.001869495982068914
ood_dev,60000,11,102400,102337,102344,1126268,1126400,0.999384765625,0.9992130096490762,0.99951905492027,0.999453125,0.9992899777075444,0.9995788004830934,0.9998828125,0.0031968815034488503
ood_dev,60000,12,102400,102298,102310,1228578,1228800,0.99900390625,0.9987910751489584,0.9991792992446207,0.99912109375,0.998919909733904,0.9992848308676036,0.9998193359375,0.004635838939911634
ood_dev,60000,13,102400,98239,98261,1326839,1331200,0.959365234375,0.9581385884721871,0.9605574160896266,0.959580078125,0.9583564898079974,0.9607691861350186,0.9967240084134615,0.22909704519653531
ood_dev,60000,14,102400,23887,24155,1350994,1433600,0.233271484375,0.23069122127918046,0.23587175895856222,0.235888671875,0.23329827031068917,0.23849888857078672,0.9423786272321428,8.553721257484844
ood_dev,60000,15,102400,3563,6240,1357234,1536000,0.034794921875,0.03368981143395459,0.03593493464246867,0.0609375,0.0594887365337091,0.06241920442806408,0.8836158854166667,12.659331166099228
ood_dev,60000,16,102400,387,2968,1360202,1638400,0.003779296875,0.0034216365413270813,0.00417418650339224,0.028984375,0.02797438461711021,0.030029703649532228,0.830201416015625,14.057594048784875
ood_dev,60000,17,102400,38,2133,1362335,1740800,0.00037109375,0.00027039213856987833,0.0005092803588998625,0.020830078125,0.01997315775961647,0.02172294853867812,0.7825913373161765,14.373409879771161
ood_dev,60000,18,102400,2,1892,1364227,1843200,1.953125e-05,5.356189565375578e-06,7.121768411930826e-05,0.0184765625,0.017669623787565206,0.019319627834834974,0.7401405164930556,14.410733086898231
ood_dev,60000,19,102400,0,1728,1365955,1945600,0.0,3.3881317890172014e-21,3.751283902995844e-05,0.016875,0.016104025646818412,0.01768222113389429,0.7020739103618421,14.293442032966992
ood_dev,60000,20,102400,0,1797,1367752,2048000,0.0,3.3881317890172014e-21,3.751283902995844e-05,0.017548828125,0.016762512537949484,0.018371339938351237,0.66784765625,14.212913646935004
ood_dev,60000,21,102400,0,1715,1369467,2150400,0.0,3.3881317890172014e-21,3.751283902995844e-05,0.016748046875,0.015979998727640964,0.017552351327816018,0.6368429129464286,14.15492045608513
ood_dev,60000,22,102400,0,1675,1371142,2252800,0.0,3.3881317890172014e-21,3.751283902995844e-05,0.016357421875,0.015598451199770717,0.01715267816259176,0.6086390269886364,14.106373024411296
ood_dev,60000,23,102400,0,1743,1372885,2355200,0.0,3.3881317890172014e-21,3.751283902995844e-05,0.017021484375,0.016247147961351464,0.017832056579271675,0.5829165251358696,14.061818115772859
ood_dev,60000,24,102400,0,1703,1374588,2457600,0.0,3.3881317890172014e-21,3.751283902995844e-05,0.016630859375,0.01586552269446015,0.017432461153068485,0.5593212890625,14.066907751347825
ood_dev,60000,25,102400,0,1722,1376310,2560000,0.0,3.3881317890172014e-21,3.751283902995844e-05,0.01681640625,0.016046781011694225,0.017622282665054292,0.53762109375,13.984983682546263
ood_dev,60000,26,102400,0,1686,1377996,2662400,0.0,3.3881317890172014e-21,3.751283902995844e-05,0.01646484375,0.015703365535630627,0.017262599517332833,0.5175766225961539,14.005717377019574
ood_dev,60000,27,102400,0,1739,1379735,2764800,0.0,3.3881317890172014e-21,3.751283902995844e-05,0.016982421875,0.016208980519679686,0.017792101951634,0.4990360966435185,13.879737911045513
ood_dev,60000,28,102400,0,1801,1381536,2867200,0.0,3.3881317890172014e-21,3.751283902995844e-05,0.017587890625,0.016800695272420837,0.01841127927318934,0.48184151785714285,13.842746937581177
ood_dev,60000,29,102400,0,1725,1383261,2969600,0.0,3.3881317890172014e-21,3.751283902995844e-05,0.016845703125,0.016075403021209946,0.01765225220752066,0.46580717941810346,13.77782762279654
ood_dev,60000,30,102400,0,1697,1384958,3072000,0.0,3.3881317890172014e-21,3.751283902995844e-05,0.016572265625,0.01580828843853085,0.0173725123050336,0.4508326822916667,13.703472081814288
ood_dev,60000,31,102400,0,1726,1386684,3174400,0.0,3.3881317890172014e-21,3.751283902995844e-05,0.01685546875,0.016084943828035953,0.017662241918022018,0.4368334173387097,13.598960241130863
ood_dev,60000,32,102400,0,1710,1388394,3276800,0.0,3.3881317890172014e-21,3.751283902995844e-05,0.01669921875,0.01593229916630613,0.01750239830251404,0.4237042236328125,13.557874043027695
ood_dev,60000,33,102400,0,1685,1390079,3379200,0.0,3.3881317890172014e-21,3.751283902995844e-05,0.016455078125,0.015693827513485862,0.01725260702215024,0.4113633404356061,13.533179561905746
ood_dev,60000,34,102400,0,1681,1391760,3481600,0.0,3.3881317890172014e-21,3.751283902995844e-05,0.016416015625,0.015655676134157807,0.01721263633216884,0.3997472426470588,13.443205049370007
ood_dev,60000,35,102400,0,1746,1393506,3584000,0.0,3.3881317890172014e-21,3.751283902995844e-05,0.01705078125,0.016275774250670384,0.017862021841934844,0.3888130580357143,13.334373834805865
ood_dev,60000,36,102400,0,1749,1395255,3686400,0.0,3.3881317890172014e-21,3.751283902995844e-05,0.017080078125,0.01630440114519587,0.01789198649939144,0.3784871419270833,13.273320947766969
dev,70000,1,102400,102400,102400,102400,102400,1.0,0.9999624871609701,1.0,1.0,0.9999624871609701,1.0,1.0,4.254694901018041e-07
dev,70000,2,102400,102400,102400,204800,204800,1.0,0.9999624871609701,1.0,1.0,0.9999624871609701,1.0,1.0,2.864570949704312e-06
dev,70000,3,102400,102400,102400,307200,307200,1.0,0.9999624871609701,1.0,1.0,0.9999624871609701,1.0,1.0,5.458109312213785e-06
dev,70000,4,102400,102400,102400,409600,409600,1.0,0.9999624871609701,1.0,1.0,0.9999624871609701,1.0,1.0,1.4267702905694859e-05
dev,70000,5,102400,102400,102400,512000,512000,1.0,0.9999624871609701,1.0,1.0,0.9999624871609701,1.0,1.0,3.5823197871077963e-06
dev,70000,6,102400,102400,102400,614400,614400,1.0,0.9999624871609701,1.0,1.0,0.9999624871609701,1.0,1.0,5.4876400917255875e-06
dev,70000,7,102400,102397,102397,716797,716800,0.999970703125,0.9999138592392058,0.9999900363697822,0.999970703125,0.9999138592392058,0.9999900363697822,0.9999958147321428,9.038882966206349e-05
dev,70000,8,102400,102395,102395,819192,819200,0.999951171875,0.9998856912053655,0.9999791433689678,0.999951171875,0.9998856912053655,0.9999791433689678,0.999990234375,0.0003052900739025597
dev,70000,9,102400,102393,102394,921586,921600,0.999931640625,0.9998588878252541,0.9999668857144244,0.99994140625,0.9998721583660714,0.9999731456909345,0.9999848090277778,0.00032279351740627975
dev,70000,10,102400,102392,102393,1023979,1024000,0.999921875,0.9998458314166382,0.9999604116057129,0.999931640625,0.9998588878252541,0.9999668857144244,0.9999794921875,0.0004651787613292071
dev,70000,11,102400,102390,102392,1126371,1126400,0.99990234375,0.9998202295599984,0.9999469524276979,0.999921875,0.9998458314166382,0.9999604116057129,0.9999742542613637,0.0005169063025422939
dev,70000,12,102400,102387,102389,1228760,1228800,0.999873046875,0.9997827872309603,0.9999258032047541,0.999892578125,0.9998076372259771,0.9999400142443918,0.9999674479166667,0.0006869779408710552
ood_dev,70000,1,102400,102400,102400,102400,102400,1.0,0.9999624871609701,1.0,1.0,0.9999624871609701,1.0,1.0,4.177349100655675e-07
ood_dev,70000,2,102400,102400,102400,204800,204800,1.0,0.9999624871609701,1.0,1.0,0.9999624871609701,1.0,1.0,2.987493317409759e-06
ood_dev,70000,3,102400,102400,102400,307200,307200,1.0,0.9999624871609701,1.0,1.0,0.9999624871609701,1.0,1.0,6.474605209196848e-06
ood_dev,70000,4,102400,102400,102400,409600,409600,1.0,0.9999624871609701,1.0,1.0,0.9999624871609701,1.0,1.0,6.236382811275961e-06
ood_dev,70000,5,102400,102399,102399,511999,512000,0.999990234375,0.9999446805183295,0.9999982761253133,0.999990234375,0.9999446805183295,0.9999982761253133,0.999998046875,2.2157789347711578e-05
ood_dev,70000,6,102400,102398,102399,614398,614400,0.99998046875,0.9999287823158808,0.9999946438104347,0.999990234375,0.9999446805183295,0.9999982761253133,0.9999967447916667,2.3222468109837733e-05
ood_dev,70000,7,102400,102398,102399,716797,716800,0.99998046875,0.9999287823158808,0.9999946438104347,0.999990234375,0.9999446805183295,0.9999982761253133,0.9999958147321428,7.580204568494613e-05
ood_dev,70000,8,102400,102397,102398,819195,819200,0.999970703125,0.9999138592392058,0.9999900363697822,0.99998046875,0.9999287823158808,0.9999946438104347,0.999993896484375,8.964795845757011e-05
ood_dev,70000,9,102400,102396,102397,921592,921600,0.9999609375,0.9998995558365923,0.9999848092550684,0.999970703125,0.9999138592392058,0.9999900363697822,0.9999913194444444,0.0001661412335981284
ood_dev,70000,10,102400,102396,102398,1023990,1024000,0.9999609375,0.9998995558365923,0.9999848092550684,0.99998046875,0.9999287823158808,0.9999946438104347,0.999990234375,0.00021304759405458271
ood_dev,70000,11,102400,102394,102396,1126386,1126400,0.99994140625,0.9998721583660714,0.9999731456909345,0.9999609375,0.9998995558365923,0.9999848092550684,0.9999875710227273,0.0003469416710401007
ood_dev,70000,12,102400,102390,102391,1228777,1228800,0.99990234375,0.9998202295599984,0.9999469524276979,0.999912109375,0.9998329541276058,0.999953758377418,0.9999812825520833,0.00039846597147537885
ood_dev,70000,13,102400,95865,95868,1324645,1331200,0.936181640625,0.9346681162588034,0.9376624401678514,0.9362109375,0.9346977322519314,0.9376914157267053,0.9950758713942308,0.4094916550246772
ood_dev,70000,14,102400,24783,25209,1349854,1433600,0.242021484375,0.23940785964158381,0.24465446412147587,0.246181640625,0.24355268101423902,0.24882964313027714,0.9415834263392857,7.666455049392507
ood_dev,70000,15,102400,3819,6906,1356760,1536000,0.037294921875,0.03615160589476383,0.03847295261746427,0.06744140625,0.06592154660528693,0.06899371889650982,0.8833072916666667,11.763310567716788
ood_dev,70000,16,102400,419,3170,1359930,1638400,0.004091796875,0.0037189755843336104,0.0045018240148613185,0.03095703125,0.029913661846830992,0.03203559091993872,0.830035400390625,13.15970676932145
ood_dev,70000,17,102400,33,2257,1362187,1740800,0.000322265625,0.00022949066319584956,0.00045252924763707785,0.022041015625,0.021159546221026924,0.022958344225860638,0.7825063189338235,13.268877074763306
ood_dev,70000,18,102400,0,1906,1364093,1843200,0.0,3.3881317890172014e-21,3.751283902995844e-05,0.01861328125,0.017803349916126407,0.019459328948856845,0.7400678168402778,12.992109894837267
ood_dev,70000,19,102400,0,1787,1365880,1945600,0.0,3.3881317890172014e-21,3.751283902995844e-05,0.017451171875,0.01666706022092963,0.018271487082097467,0.7020353618421052,12.579959144039858
ood_dev,70000,20,102400,0,1761,1367641,2048000,0.0,3.3881317890172014e-21,3.751283902995844e-05,0.017197265625,0.016418914744888474,0.01801183910762719,0.66779345703125,12.266819468155646
ood_dev,70000,21,102400,0,1684,1369325,2150400,0.0,3.3881317890172014e-21,3.751283902995844e-05,0.0164453125,0.015684289562204114,0.017242614456104623,0.6367768787202381,12.041141310185813
ood_dev,70000,22,102400,0,1783,1371108,2252800,0.0,3.3881317890172014e-21,3.751283902995844e-05,0.017412109375,0.01662888111071926,0.018231544122998385,0.6086239346590909,11.884638364746406
ood_dev,70000,23,102400,0,1705,1372813,2355200,0.0,3.3881317890172014e-21,3.751283902995844e-05,0.016650390625,0.01588460133851014,0.017452443543673216,0.5828859544836956,11.833958173079681
ood_dev,70000,24,102400,0,1669,1374482,2457600,0.0,3.3881317890172014e-21,3.751283902995844e-05,0.016298828125,0.015541228838945096,0.0170927174194532,0.5592781575520833,11.893215850385833
ood_dev,70000,25,102400,0,1731,1376213,2560000,0.0,3.3881317890172014e-21,3.751283902995844e-05,0.016904296875,0.01613264888694426,0.017712189445750523,0.537583203125,11.907242435788158
ood_dev,70000,26,102400,0,1687,1377900,2662400,0.0,3.3881317890172014e-21,3.751283902995844e-05,0.016474609375,0.015712903628576462,0.017272591941714363,0.5175405649038461,12.020529599508155
ood_dev,70000,27,102400,0,1777,1379677,2764800,0.0,3.3881317890172014e-21,3.751283902995844e-05,0.017353515625,0.016571614402483354,0.01817162772727011,0.49901511863425924,12.094648150254198
ood_dev,70000,28,102400,0,1675,1381352,2867200,0.0,3.3881317890172014e-21,3.751283902995844e-05,0.016357421875,0.015598451199770717,0.01715267816259176,0.48177734375,12.208882032735938
ood_dev,70000,29,102400,0,1752,1383104,2969600,0.0,3.3881317890172014e-21,3.751283902995844e-05,0.017109375,0.0163330286433993,0.0179219505531701,0.46575431034482756,12.343102881206272
ood_dev,70000,30,102400,0,1699,1384803,3072000,0.0,3.3881317890172014e-21,3.751283902995844e-05,0.016591796875,0.015827366243986105,0.01739249553423307,0.4507822265625,12.455043094805196
ood_dev,70000,31,102400,0,1670,1386473,3174400,0.0,3.3881317890172014e-21,3.751283902995844e-05,0.01630859375,0.01555076571978533,0.01710271105594033,0.4367669480846774,12.568386227819065
ood_dev,70000,32,102400,0,1727,1388200,3276800,0.0,3.3881317890172014e-21,3.751283902995844e-05,0.016865234375,0.016094484703258225,0.01767223156012711,0.42364501953125,12.69414315740194
ood_dev,70000,33,102400,0,1652,1389852,3379200,0.0,3.3881317890172014e-21,3.751283902995844e-05,0.0161328125,0.01537911291240507,0.01692281455142806,0.4112961647727273,12.875751811966474
ood_dev,70000,34,102400,0,1732,1391584,3481600,0.0,3.3881317890172014e-21,3.751283902995844e-05,0.0169140625,0.016142190103274327,0.01772217874674782,0.3996966911764706,12.99492370871652
ood_dev,70000,35,102400,0,1727,1393311,3584000,0.0,3.3881317890172014e-21,3.751283902995844e-05,0.016865234375,0.016094484703258225,0.01767223156012711,0.3887586495535714,13.108293951642645
ood_dev,70000,36,102400,0,1738,1395049,3686400,0.0,3.3881317890172014e-21,3.751283902995844e-05,0.01697265625,0.016199438828229357,0.017782113125756963,0.37843126085069445,13.28652331772526
dev,80000,1,102400,102400,102400,102400,102400,1.0,0.9999624871609701,1.0,1.0,0.9999624871609701,1.0,1.0,6.054100417887675e-07
dev,80000,2,102400,102400,102400,204800,204800,1.0,0.9999624871609701,1.0,1.0,0.9999624871609701,1.0,1.0,1.4116058940827347e-06
dev,80000,3,102400,102400,102400,307200,307200,1.0,0.9999624871609701,1.0,1.0,0.9999624871609701,1.0,1.0,3.8290020869427567e-07
dev,80000,4,102400,102400,102400,409600,409600,1.0,0.9999624871609701,1.0,1.0,0.9999624871609701,1.0,1.0,2.3678318319576842e-06
dev,80000,5,102400,102399,102399,511999,512000,0.999990234375,0.9999446805183295,0.9999982761253133,0.999990234375,0.9999446805183295,0.9999982761253133,0.999998046875,1.9588454024737494e-05
dev,80000,6,102400,102399,102400,614399,614400,0.999990234375,0.9999446805183295,0.9999982761253133,1.0,0.9999624871609701,1.0,0.9999983723958333,3.818244375926802e-06
dev,80000,7,102400,102398,102399,716798,716800,0.99998046875,0.9999287823158808,0.9999946438104347,0.999990234375,0.9999446805183295,0.9999982761253133,0.9999972098214286,2.992651289466651e-05
dev,80000,8,102400,102394,102396,819194,819200,0.99994140625,0.9998721583660714,0.9999731456909345,0.9999609375,0.9998995558365923,0.9999848092550684,0.99999267578125,0.0001857848288214068
dev,80000,9,102400,102389,102391,921585,921600,0.999892578125,0.9998076372259771,0.9999400142443918,0.999912109375,0.9998329541276058,0.999953758377418,0.9999837239583333,0.0003249610541514766
dev,80000,10,102400,102387,102392,1023977,1024000,0.999873046875,0.9997827872309603,0.9999258032047541,0.999921875,0.9998458314166382,0.9999604116057129,0.9999775390625,0.0003145046101410708
dev,80000,11,102400,102387,102390,1126367,1126400,0.999873046875,0.9997827872309603,0.9999258032047541,0.99990234375,0.9998202295599984,0.9999469524276979,0.999970703125,0.0006852102939536228
dev,80000,12,102400,102381,102385,1228752,1228800,0.999814453125,0.999710201380565,0.999881205951185,0.999853515625,0.9997583066269857,0.9999112227740738,0.9999609375,0.0011203070023856748
ood_dev,80000,1,102400,102400,102400,102400,102400,1.0,0.9999624871609701,1.0,1.0,0.9999624871609701,1.0,1.0,6.083611557207436e-07
ood_dev,80000,2,102400,102400,102400,204800,204800,1.0,0.9999624871609701,1.0,1.0,0.9999624871609701,1.0,1.0,1.445616879840253e-06
ood_dev,80000,3,102400,102400,102400,307200,307200,1.0,0.9999624871609701,1.0,1.0,0.9999624871609701,1.0,1.0,1.3399780839514625e-06
ood_dev,80000,4,102400,102400,102400,409600,409600,1.0,0.9999624871609701,1.0,1.0,0.9999624871609701,1.0,1.0,4.580967310060039e-06
ood_dev,80000,5,102400,102400,102400,512000,512000,1.0,0.9999624871609701,1.0,1.0,0.9999624871609701,1.0,1.0,2.097514325388877e-06
ood_dev,80000,6,102400,102399,102399,614399,614400,0.999990234375,0.9999446805183295,0.9999982761253133,0.999990234375,0.9999446805183295,0.9999982761253133,0.9999983723958333,1.038553967294742e-05
ood_dev,80000,7,102400,102399,102399,716798,716800,0.999990234375,0.9999446805183295,0.9999982761253133,0.999990234375,0.9999446805183295,0.9999982761253133,0.9999972098214286,2.7011452332187104e-05
ood_dev,80000,8,102400,102399,102400,819198,819200,0.999990234375,0.9999446805183295,0.9999982761253133,1.0,0.9999624871609701,1.0,0.99999755859375,3.990286637711255e-05
ood_dev,80000,9,102400,102395,102395,921593,921600,0.999951171875,0.9998856912053655,0.9999791433689678,0.999951171875,0.9998856912053655,0.9999791433689678,0.9999924045138889,0.00012718524779176406
ood_dev,80000,10,102400,102388,102391,1023984,1024000,0.9998828125,0.9997951608462756,0.9999329601067661,0.999912109375,0.9998329541276058,0.999953758377418,0.999984375,0.0002114888556291545
ood_dev,80000,11,102400,102384,102390,1126374,1126400,0.99984375,0.9997461828910157,0.9999038159927167,0.99990234375,0.9998202295599984,0.9999469524276979,0.9999769176136364,0.00043478156116368434
ood_dev,80000,12,102400,102379,102386,1228760,1228800,0.999794921875,0.9996864903756401,0.9998658559214554,0.99986328125,0.9997705055160856,0.9999185544023014,0.9999674479166667,0.0008096715808408376
ood_dev,80000,13,102400,66680,66686,1295446,1331200,0.651171875,0.6482471351843596,0.6540852730432148,0.65123046875,0.6483058405866502,0.6541437507448886,0.9731415264423077,3.099810447204388
ood_dev,80000,14,102400,11711,12858,1308304,1433600,0.114365234375,0.11243041147301355,0.11632898978676093,0.12556640625,0.12355089875635723,0.12761000587790228,0.9126004464285714,12.984195506065046
ood_dev,80000,15,102400,1220,3347,1311651,1536000,0.0119140625,0.011267585714890407,0.012597158263522038,0.032685546875,0.03161387639720788,0.033792277936505036,0.853939453125,16.685375023345326
ood_dev,80000,16,102400,102,2025,1313676,1638400,0.00099609375,0.0008207007553792852,0.0012089248510416682,0.019775390625,0.018940477565911055,0.02064633286102836,0.80180419921875,16.79684180401301
ood_dev,80000,17,102400,5,1764,1315440,1740800,4.8828125e-05,2.0856631032296734e-05,0.0001143087946344752,0.0172265625,0.016447544642647142,0.01804180076185061,0.7556525735294117,15.991314008506073
ood_dev,80000,18,102400,0,1721,1317161,1843200,0.0,3.3881317890172014e-21,3.751283902995844e-05,0.016806640625,0.01603724047903842,0.017612292680382738,0.7146055772569444,15.260459178450214
ood_dev,80000,19,102400,0,1664,1318825,1945600,0.0,3.3881317890172014e-21,3.751283902995844e-05,0.01625,0.015493545514017064,0.01704274815774442,0.6778500205592105,14.818622393645494
ood_dev,80000,20,102400,0,1781,1320606,2048000,0.0,3.3881317890172014e-21,3.751283902995844e-05,0.017392578125,0.0166097919465986,0.01821157225246432,0.6448271484375,14.633270357230247
ood_dev,80000,21,102400,0,1716,1322322,2150400,0.0,3.3881317890172014e-21,3.751283902995844e-05,0.0167578125,0.01598953884727668,0.017562341725507667,0.6149190848214285,14.714078182410187
ood_dev,80000,22,102400,0,1754,1324076,2252800,0.0,3.3881317890172014e-21,3.751283902995844e-05,0.01712890625,0.016352113976826295,0.017941926254397833,0.5877468039772727,14.877577801893981
ood_dev,80000,23,102400,0,1777,1325853,2355200,0.0,3.3881317890172014e-21,3.751283902995844e-05,0.017353515625,0.016571614402483354,0.01817162772727011,0.5629470957880435,15.130649960043174
ood_dev,80000,24,102400,0,1734,1327587,2457600,0.0,3.3881317890172014e-21,3.751283902995844e-05,0.01693359375,0.01616127274001894,0.017742157144657933,0.540196533203125,15.417017688068473
ood_dev,80000,25,102400,0,1684,1329271,2560000,0.0,3.3881317890172014e-21,3.751283902995844e-05,0.0164453125,0.015684289562204114,0.017242614456104623,0.519246484375,15.748263720663136
ood_dev,80000,26,102400,0,1635,1330906,2662400,0.0,3.3881317890172014e-21,3.751283902995844e-05,0.015966796875,0.015217018071927147,0.01675289059734082,0.4998895733173077,16.184568089354762
ood_dev,80000,27,102400,0,1657,1332563,2764800,0.0,3.3881317890172014e-21,3.751283902995844e-05,0.016181640625,0.015426791892705764,0.01697278815776418,0.48197446469907407,16.512614772494143
ood_dev,80000,28,102400,0,1656,1334219,2867200,0.0,3.3881317890172014e-21,3.751283902995844e-05,0.016171875,0.015417255951115785,0.016962793582026795,0.46533865792410717,16.959265689609307
ood_dev,80000,29,102400,0,1608,1335827,2969600,0.0,3.3881317890172014e-21,3.751283902995844e-05,0.015703125,0.01495961746467846,0.016482967236750707,0.449833984375,17.365305718820476
ood_dev,80000,30,102400,0,1687,1337514,3072000,0.0,3.3881317890172014e-21,3.751283902995844e-05,0.016474609375,0.015712903628576462,0.017272591941714363,0.435388671875,17.695137579597294
ood_dev,80000,31,102400,0,1688,1339202,3174400,0.0,3.3881317890172014e-21,3.751283902995844e-05,0.016484375,0.015722441792261517,0.017282584295356673,0.4218756300403226,18.067151867860773
ood_dev,80000,32,102400,0,1718,1340920,3276800,0.0,3.3881317890172014e-21,3.751283902995844e-05,0.01677734375,0.016008619293442074,0.017582322313996996,0.40921630859375,18.482737362076673
ood_dev,80000,33,102400,0,1647,1342567,3379200,0.0,3.3881317890172014e-21,3.751283902995844e-05,0.016083984375,0.015331435756104178,0.016872839121092133,0.39730320785984846,18.84903365986082
ood_dev,80000,34,102400,0,1671,1344238,3481600,0.0,3.3881317890172014e-21,3.751283902995844e-05,0.016318359375,0.015560302672428875,0.01711270462062415,0.3860977711397059,19.139674841084094
ood_dev,80000,35,102400,0,1732,1345970,3584000,0.0,3.3881317890172014e-21,3.751283902995844e-05,0.0169140625,0.016142190103274327,0.01772217874674782,0.3755496651785714,19.464606932484045
ood_dev,80000,36,102400,0,1742,1347712,3686400,0.0,3.3881317890172014e-21,3.751283902995844e-05,0.01701171875,0.016237605999667323,0.017822068023628457,0.36559027777777775,19.779061685104413
dev,90000,1,102400,102400,102400,102400,102400,1.0,0.9999624871609701,1.0,1.0,0.9999624871609701,1.0,1.0,8.149188433288768e-08
dev,90000,2,102400,102400,102400,204800,204800,1.0,0.9999624871609701,1.0,1.0,0.9999624871609701,1.0,1.0,6.73241388837037e-08
dev,90000,3,102400,102400,102400,307200,307200,1.0,0.9999624871609701,1.0,1.0,0.9999624871609701,1.0,1.0,5.974967259611552e-08
dev,90000,4,102400,102400,102400,409600,409600,1.0,0.9999624871609701,1.0,1.0,0.9999624871609701,1.0,1.0,4.646018479756431e-08
dev,90000,5,102400,102400,102400,512000,512000,1.0,0.9999624871609701,1.0,1.0,0.9999624871609701,1.0,1.0,7.037886996144604e-08
dev,90000,6,102400,102400,102400,614400,614400,1.0,0.9999624871609701,1.0,1.0,0.9999624871609701,1.0,1.0,9.145469925836425e-08
dev,90000,7,102400,102400,102400,716800,716800,1.0,0.9999624871609701,1.0,1.0,0.9999624871609701,1.0,1.0,9.094247589526427e-08
dev,90000,8,102400,102400,102400,819200,819200,1.0,0.9999624871609701,1.0,1.0,0.9999624871609701,1.0,1.0,9.399604907672776e-08
dev,90000,9,102400,102400,102400,921600,921600,1.0,0.9999624871609701,1.0,1.0,0.9999624871609701,1.0,1.0,8.490517780034012e-08
dev,90000,10,102400,102400,102400,1024000,1024000,1.0,0.9999624871609701,1.0,1.0,0.9999624871609701,1.0,1.0,8.467700308184556e-08
dev,90000,11,102400,102400,102400,1126400,1126400,1.0,0.9999624871609701,1.0,1.0,0.9999624871609701,1.0,1.0,7.794936275458409e-08
dev,90000,12,102400,102400,102400,1228800,1228800,1.0,0.9999624871609701,1.0,1.0,0.9999624871609701,1.0,1.0,1.0900078246327272e-07
ood_dev,90000,1,102400,102400,102400,102400,102400,1.0,0.9999624871609701,1.0,1.0,0.9999624871609701,1.0,1.0,8.136499164076994e-08
ood_dev,90000,2,102400,102400,102400,204800,204800,1.0,0.9999624871609701,1.0,1.0,0.9999624871609701,1.0,1.0,6.733927289850894e-08
ood_dev,90000,3,102400,102400,102400,307200,307200,1.0,0.9999624871609701,1.0,1.0,0.9999624871609701,1.0,1.0,5.653243587241952e-08
ood_dev,90000,4,102400,102400,102400,409600,409600,1.0,0.9999624871609701,1.0,1.0,0.9999624871609701,1.0,1.0,4.932363506023052e-08
ood_dev,90000,5,102400,102400,102400,512000,512000,1.0,0.9999624871609701,1.0,1.0,0.9999624871609701,1.0,1.0,7.057095945735281e-08
ood_dev,90000,6,102400,102400,102400,614400,614400,1.0,0.9999624871609701,1.0,1.0,0.9999624871609701,1.0,1.0,9.079579251995707e-08
ood_dev,90000,7,102400,102400,102400,716800,716800,1.0,0.9999624871609701,1.0,1.0,0.9999624871609701,1.0,1.0,9.09157002857569e-08
ood_dev,90000,8,102400,102400,102400,819200,819200,1.0,0.9999624871609701,1.0,1.0,0.9999624871609701,1.0,1.0,9.34139725428107e-08
ood_dev,90000,9,102400,102400,102400,921600,921600,1.0,0.9999624871609701,1.0,1.0,0.9999624871609701,1.0,1.0,8.500063859058493e-08
ood_dev,90000,10,102400,102400,102400,1024000,1024000,1.0,0.9999624871609701,1.0,1.0,0.9999624871609701,1.0,1.0,8.433474315103218e-08
ood_dev,90000,11,102400,102400,102400,1126400,1126400,1.0,0.9999624871609701,1.0,1.0,0.9999624871609701,1.0,1.0,7.819499736938517e-08
ood_dev,90000,12,102400,102400,102400,1228800,1228800,1.0,0.9999624871609701,1.0,1.0,0.9999624871609701,1.0,1.0,1.098517321925646e-07
ood_dev,90000,13,102400,99788,99788,1328588,1331200,0.9744921875,0.9735085827863976,0.975440193115501,0.9744921875,0.9735085827863976,0.975440193115501,0.9980378605769231,0.18521200589990766
ood_dev,90000,14,102400,21581,21758,1350346,1433600,0.210751953125,0.20826483704782528,0.21326077023301904,0.21248046875,0.20998581350738735,0.2149966953404002,0.9419266183035714,11.268621082518019
ood_dev,90000,15,102400,2515,5247,1355593,1536000,0.024560546875,0.02363021244877636,0.025526551468570774,0.051240234375,0.04990652881515896,0.052607608440543074,0.8825475260416666,16.54272059457877
ood_dev,90000,16,102400,238,2899,1358492,1638400,0.00232421875,0.0020473648183237866,0.0026384111446184936,0.028310546875,0.0273122412733688,0.029344241297685612,0.82915771484375,17.682568589151316
ood_dev,90000,17,102400,16,2130,1360622,1740800,0.00015625,9.618400728340004e-05,0.00025381710898436156,0.02080078125,0.01994446410092761,0.021693050645384897,0.7816073069852941,17.60941008851753
ood_dev,90000,18,102400,0,1788,1362410,1843200,0.0,3.3881317890172014e-21,3.751283902995844e-05,0.0174609375,0.01667660516107908,0.018281472659275374,0.7391547309027777,17.2127335012013
ood_dev,90000,19,102400,0,1778,1364188,1945600,0.0,3.3881317890172014e-21,3.751283902995844e-05,0.01736328125,0.016581158690361173,0.018181613956719658,0.7011657072368421,16.72789957765487
ood_dev,90000,20,102400,0,1737,1365925,2048000,0.0,3.3881317890172014e-21,3.751283902995844e-05,0.016962890625,0.016189897204480646,0.017772124232178315,0.66695556640625,16.26083287582779
ood_dev,90000,21,102400,0,1726,1367651,2150400,0.0,3.3881317890172014e-21,3.751283902995844e-05,0.01685546875,0.016084943828035953,0.017662241918022018,0.6359984188988095,15.882534429922618
ood_dev,90000,22,102400,0,1702,1369353,2252800,0.0,3.3881317890172014e-21,3.751283902995844e-05,0.01662109375,0.015855983477047735,0.017422469853153533,0.6078449041193181,15.544271717705735
ood_dev,90000,23,102400,0,1712,1371065,2355200,0.0,3.3881317890172014e-21,3.751283902995844e-05,0.01671875,0.01595137878323341,0.017522379720241482,0.5821437669836956,15.376389850760154
ood_dev,90000,24,102400,0,1647,1372712,2457600,0.0,3.3881317890172014e-21,3.751283902995844e-05,0.016083984375,0.015331435756104178,0.016872839121092133,0.5585579427083334,15.196482790348384
ood_dev,90000,25,102400,0,1713,1374425,2560000,0.0,3.3881317890172014e-21,3.751283902995844e-05,0.016728515625,0.015960918695559916,0.017532370325242335,0.536884765625,15.08289109105051
ood_dev,90000,26,102400,0,1704,1376129,2662400,0.0,3.3881317890172014e-21,3.751283902995844e-05,0.016640625,0.01587506198163439,0.0174424523832216,0.5168753756009615,15.057482063277082
ood_dev,90000,27,102400,0,1733,1377862,2764800,0.0,3.3881317890172014e-21,3.751283902995844e-05,0.016923828125,0.016151731387651833,0.017732167979697674,0.49835865162037035,15.027251204965596
ood_dev,90000,28,102400,0,1752,1379614,2867200,0.0,3.3881317890172014e-21,3.751283902995844e-05,0.017109375,0.0163330286433993,0.0179219505531701,0.48117117745535715,15.082706302273023
ood_dev,90000,29,102400,0,1711,1381325,2969600,0.0,3.3881317890172014e-21,3.751283902995844e-05,0.016708984375,0.015941838940128936,0.01751238904601859,0.46515523976293105,15.20335290960621
ood_dev,90000,30,102400,0,1694,1383019,3072000,0.0,3.3881317890172014e-21,3.751283902995844e-05,0.01654296875,0.015779672256443042,0.017342536935139326,0.4502014973958333,15.313764460485068
ood_dev,90000,31,102400,0,1651,1384670,3174400,0.0,3.3881317890172014e-21,3.751283902995844e-05,0.016123046875,0.015369577334964322,0.016912819611541452,0.436198966733871,15.380033581408565
ood_dev,90000,32,102400,0,1735,1386405,3276800,0.0,3.3881317890172014e-21,3.751283902995844e-05,0.016943359375,0.016170814160317883,0.017752146241686355,0.42309722900390623,15.534853159262093
ood_dev,90000,33,102400,0,1751,1388156,3379200,0.0,3.3881317890172014e-21,3.751283902995844e-05,0.017099609375,0.016323486077016922,0.017911962602225117,0.4107942708333333,15.703295905507527
ood_dev,90000,34,102400,0,1706,1389862,3481600,0.0,3.3881317890172014e-21,3.751283902995844e-05,0.01666015625,0.015894140765027154,0.017462434634483562,0.3992020909926471,15.835169255713465
ood_dev,90000,35,102400,0,1695,1391557,3584000,0.0,3.3881317890172014e-21,3.751283902995844e-05,0.016552734375,0.015789210913578336,0.01735252879533139,0.38826925223214287,16.009096307151825
ood_dev,90000,36,102400,0,1741,1393298,3686400,0.0,3.3881317890172014e-21,3.751283902995844e-05,0.017001953125,0.016228064105455898,0.017812079400512517,0.3779562717013889,16.15811576330472
dev,100000,1,102400,102400,102400,102400,102400,1.0,0.9999624871609701,1.0,1.0,0.9999624871609701,1.0,1.0,2.8235527134594376e-07
dev,100000,2,102400,102400,102400,204800,204800,1.0,0.9999624871609701,1.0,1.0,0.9999624871609701,1.0,1.0,8.444485955844822e-07
dev,100000,3,102400,102400,102400,307200,307200,1.0,0.9999624871609701,1.0,1.0,0.9999624871609701,1.0,1.0,9.049463616656039e-07
dev,100000,4,102400,102400,102400,409600,409600,1.0,0.9999624871609701,1.0,1.0,0.9999624871609701,1.0,1.0,8.477499221347661e-06
dev,100000,5,102400,102397,102397,511997,512000,0.999970703125,0.9999138592392058,0.9999900363697822,0.999970703125,0.9999138592392058,0.9999900363697822,0.999994140625,8.899563714215811e-05
dev,100000,6,102400,102396,102396,614393,614400,0.9999609375,0.9998995558365923,0.9999848092550684,0.9999609375,0.9998995558365923,0.9999848092550684,0.9999886067708333,0.0003248429549406531
dev,100000,7,102400,102396,102396,716789,716800,0.9999609375,0.9998995558365923,0.9999848092550684,0.9999609375,0.9998995558365923,0.9999848092550684,0.9999846540178572,0.00034627091862809403
dev,100000,8,102400,102392,102393,819182,819200,0.999921875,0.9998458314166382,0.9999604116057129,0.999931640625,0.9998588878252541,0.9999668857144244,0.99997802734375,0.0005043286918209976
dev,100000,9,102400,102372,102373,921555,921600,0.9997265625,0.99960483075273,0.9998108019230739,0.999736328125,0.9996163891811771,0.9998187740119542,0.999951171875,0.0012463771762581976
dev,100000,10,102400,102356,102364,1023919,1024000,0.9995703125,0.9994232637005559,0.9996798806980102,0.9996484375,0.9995133551962606,0.9997460333409244,0.9999208984375,0.002006086191843067
dev,100000,11,102400,102334,102343,1126262,1126400,0.99935546875,0.9991801685991595,0.9994933044182046,0.999443359375,0.9992789510277558,0.9995702966455544,0.9998774857954545,0.0030604225205371504
dev,100000,12,102400,102309,102324,1228586,1228800,0.999111328125,0.9989091451458519,0.9992760649383282,0.9992578125,0.9990712397794851,0.9994069280646055,0.9998258463541667,0.004528736423096801
ood_dev,100000,1,102400,102400,102400,102400,102400,1.0,0.9999624871609701,1.0,1.0,0.9999624871609701,1.0,1.0,2.9070920221474504e-07
ood_dev,100000,2,102400,102400,102400,204800,204800,1.0,0.9999624871609701,1.0,1.0,0.9999624871609701,1.0,1.0,8.848562019081463e-07
ood_dev,100000,3,102400,102400,102400,307200,307200,1.0,0.9999624871609701,1.0,1.0,0.9999624871609701,1.0,1.0,7.182433974420311e-07
ood_dev,100000,4,102400,102400,102400,409600,409600,1.0,0.9999624871609701,1.0,1.0,0.9999624871609701,1.0,1.0,1.6153858739995085e-06
ood_dev,100000,5,102400,102400,102400,512000,512000,1.0,0.9999624871609701,1.0,1.0,0.9999624871609701,1.0,1.0,5.345742611196427e-06
ood_dev,100000,6,102400,102399,102399,614399,614400,0.999990234375,0.9999446805183295,0.9999982761253133,0.999990234375,0.9999446805183295,0.9999982761253133,0.9999983723958333,4.684234796550453e-05
ood_dev,100000,7,102400,102396,102396,716795,716800,0.9999609375,0.9998995558365923,0.9999848092550684,0.9999609375,0.9998995558365923,0.9999848092550684,0.9999930245535714,0.00015078197269946005
ood_dev,100000,8,102400,102393,102395,819190,819200,0.999931640625,0.9998588878252541,0.9999668857144244,0.999951171875,0.9998856912053655,0.9999791433689678,0.99998779296875,0.0003137421208662362
ood_dev,100000,9,102400,102380,102383,921573,921600,0.9998046875,0.9996983209212157,0.9998735558932069,0.999833984375,0.9997341277518229,0.9998963406145821,0.999970703125,0.0005583693600642684
ood_dev,100000,10,102400,102363,102372,1023945,1024000,0.999638671875,0.9995020271813618,0.9997378308384958,0.9997265625,0.99960483075273,0.9998108019230739,0.9999462890625,0.0010545965816683733
ood_dev,100000,11,102400,102339,102354,1126299,1126400,0.999404296875,0.9992349501563167,0.9995361754476841,0.99955078125,0.9994009117003653,0.999663171663546,0.9999103338068182,0.0018846503626596897
ood_dev,100000,12,102400,102318,102342,1228641,1228800,0.99919921875,0.9990062333665538,0.9993547513735724,0.99943359375,0.999267935201936,0.999561781954047,0.99987060546875,0.003164163290195624
ood_dev,100000,13,102400,49913,49932,1278573,1331200,0.487431640625,0.48437069342306394,0.4904935307766203,0.4876171875,0.4845562049745868,0.49067909905431734,0.9604664963942308,6.4551839049096555
ood_dev,100000,14,102400,7248,8794,1287367,1433600,0.07078125,0.06922651509491337,0.07236818733284142,0.08587890625,0.08417830045734268,0.08761058175851483,0.8979959542410715,15.916351471965838
ood_dev,100000,15,102400,642,2685,1290052,1536000,0.00626953125,0.005804258688126558,0.00677184627507025,0.026220703125,0.025259630763273137,0.02721732109972566,0.8398776041666667,19.587412969892938
ood_dev,100000,16,102400,43,1932,1291984,1638400,0.000419921875,0.00031178835436964573,0.0005655367297369087,0.0188671875,0.0180517290805688,0.019718743234925885,0.788564453125,20.01732566682405
ood_dev,100000,17,102400,1,1778,1293762,1740800,9.765625e-06,1.7238746867777096e-06,5.5319481670543434e-05,0.01736328125,0.016581158690361173,0.018181613956719658,0.7431996783088235,19.825729858182864
ood_dev,100000,18,102400,0,1718,1295480,1843200,0.0,3.3881317890172014e-21,3.751283902995844e-05,0.01677734375,0.016008619293442074,0.017582322313996996,0.7028428819444444,19.77351975587806
ood_dev,100000,19,102400,0,1670,1297150,1945600,0.0,3.3881317890172014e-21,3.751283902995844e-05,0.01630859375,0.01555076571978533,0.01710271105594033,0.6667094983552632,19.951331822508976
ood_dev,100000,20,102400,0,1761,1298911,2048000,0.0,3.3881317890172014e-21,3.751283902995844e-05,0.017197265625,0.016418914744888474,0.01801183910762719,0.63423388671875,20.24699635017079
ood_dev,100000,21,102400,0,1731,1300642,2150400,0.0,3.3881317890172014e-21,3.751283902995844e-05,0.016904296875,0.01613264888694426,0.017712189445750523,0.6048372395833334,20.778459443424143
ood_dev,100000,22,102400,0,1778,1302420,2252800,0.0,3.3881317890172014e-21,3.751283902995844e-05,0.01736328125,0.016581158690361173,0.018181613956719658,0.5781338778409091,21.39771877657574
ood_dev,100000,23,102400,0,1728,1304148,2355200,0.0,3.3881317890172014e-21,3.751283902995844e-05,0.016875,0.016104025646818412,0.01768222113389429,0.5537313179347826,22.05640465858895
ood_dev,100000,24,102400,0,1699,1305847,2457600,0.0,3.3881317890172014e-21,3.751283902995844e-05,0.016591796875,0.015827366243986105,0.01739249553423307,0.5313505045572917,22.733614058876995
ood_dev,100000,25,102400,0,1704,1307551,2560000,0.0,3.3881317890172014e-21,3.751283902995844e-05,0.016640625,0.01587506198163439,0.0174424523832216,0.510762109375,23.42709370543478
ood_dev,100000,26,102400,0,1723,1309274,2662400,0.0,3.3881317890172014e-21,3.751283902995844e-05,0.016826171875,0.016056321612980526,0.017632272581095357,0.4917645733173077,24.039096633595538
ood_dev,100000,27,102400,0,1633,1310907,2764800,0.0,3.3881317890172014e-21,3.751283902995844e-05,0.015947265625,0.015197949491931064,0.01673289814268217,0.47414171006944444,24.670576861379804
ood_dev,100000,28,102400,0,1728,1312635,2867200,0.0,3.3881317890172014e-21,3.751283902995844e-05,0.016875,0.016104025646818412,0.01768222113389429,0.45781075613839284,25.34198349533407
ood_dev,100000,29,102400,0,1686,1314321,2969600,0.0,3.3881317890172014e-21,3.751283902995844e-05,0.01646484375,0.015703365535630627,0.017262599517332833,0.44259193157327587,25.935604281878238
ood_dev,100000,30,102400,0,1671,1315992,3072000,0.0,3.3881317890172014e-21,3.751283902995844e-05,0.016318359375,0.015560302672428875,0.01711270462062415,0.4283828125,26.448106103206722
ood_dev,100000,31,102400,0,1713,1317705,3174400,0.0,3.3881317890172014e-21,3.751283902995844e-05,0.016728515625,0.015960918695559916,0.017532370325242335,0.4151036416330645,26.914362411629746
ood_dev,100000,32,102400,0,1724,1319429,3276800,0.0,3.3881317890172014e-21,3.751283902995844e-05,0.0168359375,0.01606586228283863,0.01764226242856461,0.4026577758789063,27.356340569576442
ood_dev,100000,33,102400,0,1671,1321100,3379200,0.0,3.3881317890172014e-21,3.751283902995844e-05,0.016318359375,0.015560302672428875,0.01711270462062415,0.3909505208333333,27.83089095920432
ood_dev,100000,34,102400,0,1669,1322769,3481600,0.0,3.3881317890172014e-21,3.751283902995844e-05,0.016298828125,0.015541228838945096,0.0170927174194532,0.3799313534007353,28.16340932790808
ood_dev,100000,35,102400,0,1709,1324478,3584000,0.0,3.3881317890172014e-21,3.751283902995844e-05,0.016689453125,0.0159227594618247,0.017492407489668103,0.3695530133928571,28.493458636511836
ood_dev,100000,36,102400,0,1681,1326159,3686400,0.0,3.3881317890172014e-21,3.751283902995844e-05,0.016416015625,0.015655676134157807,0.01721263633216884,0.35974365234375,28.8165720327351
