first_update,update,updates_in_bin,training_seconds,loss,token_accuracy,whole_word_exact,grad_norm
1,100,100,6.8209651009983645,3.7838954734802246,0.09697265859693288,0.0,0.6092317274212837
101,200,100,12.32621243000267,3.5561741542816163,0.15472738072276115,0.0,0.5461186456680298
201,300,100,17.854382254001393,3.4112964868545532,0.1840633188188076,0.0,0.4757823273539543
301,400,100,23.43239708400415,3.400640959739685,0.18500977143645286,0.0,0.38332722753286363
401,500,100,28.93444949800596,3.3986762404441833,0.18492757618427277,0.0,0.3704688626527786
501,600,100,34.45829439800764,3.39608781337738,0.1856982471048832,0.0,0.3522393825650215
601,700,100,40.04121055000269,3.392091763019562,0.18645508244633674,0.0,0.38145229637622835
701,800,100,45.62736223199863,3.378819994926453,0.1889013719558716,0.0,0.45096743643283843
801,900,100,51.197973392993845,3.337209792137146,0.1956445363163948,0.0,0.6373721468448639
901,1000,100,56.743217910996464,3.1635033011436464,0.2241674867272377,0.0,1.3530044317245484
1001,1100,100,62.291137812997476,2.4027203452587127,0.36322673499584196,6.8359375e-05,18.806092982292174
1101,1200,100,67.86825371199939,1.7423657333850862,0.5128157699108123,0.003974609375,41.72073057174683
1201,1300,100,73.45805626699985,1.3368572986125946,0.6277286952733994,0.02921875,48.779991703033446
1301,1400,100,79.01709729400045,1.0362351059913635,0.7188623243570328,0.0994140625,51.0955530166626
1401,1500,100,84.56145103699873,0.8013065326213836,0.7926570826768875,0.215166015625,48.28888826370239
1501,1600,100,90.14493838900398,0.5798561924695969,0.8607316291332245,0.374013671875,42.37669778823852
1601,1700,100,95.69142078500681,0.46935216814279557,0.885466331243515,0.462861328125,41.07926478385925
1701,1800,100,101.38150837600733,0.34109147369861603,0.9216536617279053,0.599404296875,36.6654434967041
1801,1900,100,106.85325280100824,0.26642467468976977,0.9394848853349685,0.667939453125,31.756671676635744
1901,2000,100,112.35676846900242,0.2286694124341011,0.9453092652559281,0.69794921875,30.9754235458374
2001,2100,100,117.88773001900972,0.15544331200420858,0.9672127473354339,0.8009375,22.493135719299318
2101,2200,100,123.4705306700098,0.13843114882707597,0.9684261256456375,0.80982421875,22.729219846725464
2201,2300,100,128.96803759300474,0.1015546790137887,0.9786043494939805,0.86072265625,17.253405733108522
2301,2400,100,134.4554136989973,0.08091505866497756,0.9830607289075851,0.8871484375,14.822972831726075
2401,2500,100,139.9339771800005,0.06286502696573734,0.9875464046001434,0.914560546875,12.126931190490723
2501,2600,100,145.39882141899943,0.05582399111241102,0.9882316249608993,0.91787109375,11.296572618484497
2601,2700,100,150.90609180400315,0.04726935438811779,0.989830749630928,0.928759765625,9.956181101799011
2701,2800,100,156.3933998179964,0.0425405172817409,0.9908943879604339,0.93625,9.169568996429444
2801,2900,100,161.92821012999593,0.032612883374094966,0.9933260303735733,0.9514453125,6.709923152923584
2901,3000,100,167.43261321299997,0.031638419143855574,0.9932869678735733,0.9520703125,7.003511838912964
3001,3100,100,172.9499958460019,0.029214074490591883,0.9934847193956375,0.953095703125,6.539472370147705
3101,3200,100,178.43372927899873,0.026069106739014386,0.9941154193878173,0.958291015625,5.897356371879578
3201,3300,100,183.88367798200125,0.023019768754020332,0.994819358587265,0.96212890625,5.2190684533119205
3301,3400,100,189.3534269769998,0.021443758532404898,0.9950724470615387,0.9640234375,4.885773165225983
3401,3500,100,194.86614223200468,0.020893586771562694,0.9951294177770614,0.964619140625,4.748310871124268
3501,3600,100,200.42277583200212,0.019100876022130252,0.9955403846502304,0.9672265625,4.221223117113113
3601,3700,100,205.88099119900562,0.01600707252509892,0.9963859248161316,0.973212890625,3.603766396045685
3701,3800,100,211.32661356200333,0.016007665498182177,0.9962728077173233,0.972314453125,3.723464250564575
3801,3900,100,216.81192175100205,0.015360764754004776,0.9962361860275268,0.972236328125,3.4191045606136323
3901,4000,100,222.28472437400615,0.015136156310327352,0.9962996625900269,0.973125,3.3207396256923674
4001,4100,100,227.78730213000017,0.013534845360554755,0.9967236548662186,0.97607421875,3.0274382185935975
4101,4200,100,233.2631931850019,0.013615539819002152,0.9965299659967423,0.97451171875,3.1141039192676545
4201,4300,100,238.7193380120052,0.013394918078556656,0.9965397322177887,0.974599609375,2.96577787399292
4301,4400,100,244.1857136040062,0.012518983646295966,0.9968237507343293,0.97701171875,2.8242086136341094
4401,4500,100,249.69199971100443,0.011704222485423087,0.9970337104797363,0.978486328125,2.601310120820999
4501,4600,100,255.16457963900484,0.0107914097327739,0.9972811102867126,0.979990234375,2.4103331166505813
4601,4700,100,260.67150087800746,0.011318539083003998,0.997067893743515,0.97822265625,2.518797890543938
4701,4800,100,266.1821989940054,0.010462556430138648,0.9972672748565674,0.97990234375,2.2840716671943664
4801,4900,100,271.72546282300755,0.010417929147370159,0.9972094929218293,0.979462890625,2.2869714808464052
4901,5000,100,277.2315332680073,0.010049184365198017,0.997349466085434,0.980224609375,2.1954225236177445
5001,5100,100,282.66335225600596,0.009992310744710266,0.9972900581359864,0.980166015625,2.1726721286773683
5101,5200,100,288.0685636260023,0.00972883999813348,0.9974096888303756,0.98134765625,2.0679125517606733
5201,5300,100,293.5917362420032,0.008481212267652154,0.9977921724319458,0.983486328125,1.8335295844078063
5301,5400,100,299.060427051003,0.008436806444078683,0.997739275097847,0.98353515625,1.8172629064321517
5401,5500,100,304.51361327900304,0.008394114864058793,0.9977466034889221,0.98349609375,1.804997280240059
5501,5600,100,309.93617366500075,0.008379812573548407,0.9977514863014221,0.983779296875,1.7598741710186006
5601,5700,100,315.3424654760038,0.007020787603687495,0.9981771045923233,0.986220703125,1.5352839690446853
5701,5800,100,320.8755316270035,0.007708938785362988,0.9978938990831375,0.98515625,1.6450885456800461
5801,5900,100,326.3279720390019,0.00736298092873767,0.9980241072177887,0.98560546875,1.5608491957187653
5901,6000,100,331.7540708159995,0.007417370416224003,0.9979712104797364,0.985029296875,1.5901954275369645
6001,6100,100,337.21219092400406,0.00662834863178432,0.9982129102945327,0.98701171875,1.4471330451965332
6101,6200,100,342.73944491500424,0.0070513594197109345,0.9980420130491257,0.9858203125,1.4847685176134109
6201,6300,100,348.25149775800946,0.006621254886267707,0.9981673383712768,0.986787109375,1.4120463106036185
6301,6400,100,353.71386655700735,0.006290400906000287,0.9982682514190674,0.987607421875,1.3608066058158874
6401,6500,100,359.1711987120061,0.006162657283712178,0.9983455610275268,0.9880078125,1.3254156148433685
6501,6600,100,364.6886189520101,0.006183886311482638,0.9982584822177887,0.987587890625,1.3298213809728623
6601,6700,100,370.26094149501023,0.00624236372532323,0.9982422125339508,0.98744140625,1.3338258492946624
6701,6800,100,375.73827885200717,0.005864570261910558,0.9983878803253173,0.98810546875,1.2534296357631682
6801,6900,100,381.18847641000866,0.006324558483902365,0.9981486213207245,0.98734375,1.375311599969864
6901,7000,100,386.6700352930093,0.0062435611290857194,0.9982096552848816,0.98763671875,1.3285407346487046
7001,7100,100,392.14132730200527,0.005825913046719506,0.998321960568428,0.988427734375,1.2592599946260452
7101,7200,100,397.656104100005,0.005299474047496915,0.9985433113574982,0.9897265625,1.1280077284574508
7201,7300,100,403.15753645100085,0.005431006520520896,0.9984057778120041,0.98869140625,1.1580886399745942
7301,7400,100,408.63958268100487,0.005050065022660419,0.9986173695325852,0.990361328125,1.0761999261379243
7401,7500,100,414.18768422200446,0.0052962195256259295,0.9984692597389221,0.98919921875,1.1027307415008545
7501,7600,100,419.7099722200037,0.005542748991865664,0.9984204310178757,0.98921875,1.1490598982572555
7601,7700,100,425.19785308799874,0.004868973802076653,0.9986222523450852,0.9902734375,1.05411403298378
7701,7800,100,430.66629798899703,0.0051329695538152005,0.9984912288188934,0.99013671875,1.0837559843063354
7801,7900,100,436.1614820369932,0.00492072640452534,0.998614113330841,0.99060546875,1.032598460316658
7901,8000,100,441.68695200199545,0.004900598289677874,0.9985840058326722,0.99017578125,1.0666334068775176
8001,8100,100,447.2261857639951,0.003999149427982047,0.9989078968763352,0.99234375,0.8748006781935692
8101,8200,100,452.7180950309976,0.004334986557951197,0.9987223500013351,0.991083984375,0.9582600206136703
8201,8300,100,458.1973187789954,0.0046427378710359336,0.9986629444360733,0.990859375,0.9889038982987404
8301,8400,100,463.64330039000015,0.004386558765545488,0.9987451350688934,0.991376953125,0.9692561927437783
8401,8500,100,469.17013109800337,0.0041811849072109905,0.9988094300031662,0.99201171875,0.8907083666324616
8501,8600,100,474.66276660700805,0.0045477698661852625,0.9986963081359863,0.991123046875,0.9621622915565967
8601,8700,100,480.1339360420061,0.004870229914085939,0.9985937690734863,0.99068359375,1.0377716505527497
8701,8800,100,485.5895525970036,0.004529203113052062,0.9987410700321198,0.991826171875,0.9232061237096787
8801,8900,100,491.0566102960038,0.003820750885643065,0.9989095240831375,0.99291015625,0.825217193365097
8901,9000,100,496.59731611200095,0.004106578045757488,0.9988167536258697,0.991923828125,0.8751055720448494
9001,9100,100,502.04027156899974,0.004369073266861961,0.9987736183404923,0.991875,0.8882381156086921
9101,9200,100,507.42187362000095,0.0042877475719433275,0.9987492060661316,0.991611328125,0.9147135657072067
9201,9300,100,512.8177170439958,0.003741601477377117,0.9989998584985733,0.99337890625,0.8026730696856975
9301,9400,100,518.2590513589985,0.004111480693682097,0.9987654840946197,0.991728515625,0.8811902451515198
9401,9500,100,523.6784568770036,0.0035853837511967868,0.9989909082651138,0.993154296875,0.7603057062625885
9501,9600,100,529.0888471409953,0.0038870983390370383,0.9989559131860734,0.993154296875,0.8148409827053547
9601,9700,100,534.491611391998,0.003458826188580133,0.9990267121791839,0.99357421875,0.7428488631546497
9701,9800,100,539.8990150359996,0.00452903141384013,0.9986556202173233,0.991484375,0.9476652759313583
9801,9900,100,545.3759676200052,0.0034234243619721385,0.9990478724241256,0.994091796875,0.7288859535753727
9901,10000,100,550.8098137759989,0.0035924161021830513,0.9990055561065674,0.993408203125,0.7770328372716904
10001,10100,100,557.5975541869957,0.003367970805265941,0.9990462428331375,0.993876953125,0.7591599825024605
10101,10200,100,563.1456864670108,0.0037082736718002706,0.9989445179700851,0.99302734375,0.7701285819709301
10201,10300,100,568.6554526840082,0.00321967524534557,0.9990926289558411,0.994208984375,0.7199108131229878
10301,10400,100,574.1715663050072,0.0030749670090153814,0.9991292536258698,0.994423828125,0.6673211047053337
10401,10500,100,579.6822027499984,0.003941753774997778,0.9989274269342423,0.993408203125,0.808939002007246
10501,10600,100,585.1603362480055,0.002811750193068292,0.9992081922292709,0.994755859375,0.6221915969252586
10601,10700,100,590.6864201499957,0.003669835451291874,0.9989616107940674,0.993798828125,0.7723635721951723
10701,10800,100,596.251570731989,0.0034824236010899765,0.9990055537223816,0.994072265625,0.7487821889668703
10801,10900,100,601.791433832992,0.0033768200321355833,0.9990332227945328,0.993642578125,0.7301504175364971
10901,11000,100,607.3422138089882,0.0030186863339622507,0.9991235595941543,0.99439453125,0.6655202365294098
11001,11100,100,612.9522090669725,0.0036118173046270387,0.9989965999126434,0.99376953125,0.7703510808944702
11101,11200,100,618.5438397889648,0.0031890483351889997,0.9991072821617126,0.994423828125,0.7111334753036499
11201,11300,100,624.1511669959618,0.002796174915274605,0.9992439931631089,0.9951171875,0.5835774553008377
11301,11400,100,629.7580532879638,0.0037327725545037538,0.9989575362205505,0.99373046875,0.7944658922404051
11401,11500,100,635.361801876963,0.003076341091655195,0.9991137903928756,0.994443359375,0.6968063333630562
11501,11600,100,640.9515312789645,0.003570938545744866,0.999007180929184,0.993876953125,0.7285296553373337
11601,11700,100,646.5398255349555,0.0025329595303628595,0.9992798048257828,0.99544921875,0.5669375852495432
11701,11800,100,652.1676965249444,0.002903833249874879,0.9992309784889222,0.995478515625,0.6489861618727446
11801,11900,100,657.7684718809487,0.0031784217100357635,0.9991023927927017,0.994423828125,0.6608472761511802
11901,12000,100,663.3449494519427,0.00336329471640056,0.9990730977058411,0.994541015625,0.717271594107151
12001,12100,100,668.9180981629397,0.002777136306394823,0.9991764503717423,0.994697265625,0.6250499246269464
12101,12200,100,674.4791572429385,0.0029576186183840037,0.9992008686065674,0.99517578125,0.6422645854204894
12201,12300,100,680.0652917689422,0.0029894627328030765,0.9991740095615387,0.99494140625,0.6201273104548455
12301,12400,100,685.6159656119489,0.0030611203555599787,0.9991341364383698,0.99482421875,0.679612504914403
12401,12500,100,691.1852465119518,0.0028760767268249765,0.9991512233018875,0.99455078125,0.6326865304261446
12501,12600,100,696.761080428947,0.0026428038271842525,0.999292825460434,0.995927734375,0.5644096059352159
12601,12700,100,702.3797291329538,0.0028566215472528712,0.9991650593280792,0.9946484375,0.6356908628344535
12701,12800,100,707.991344986971,0.0031966968937194905,0.9991227394342422,0.994775390625,0.6533733920007944
12801,12900,100,713.592210029974,0.002737889528798405,0.9992846876382828,0.9955859375,0.5797874384373426
12901,13000,100,719.2079582029928,0.0027888313599396496,0.9992439985275269,0.995771484375,0.6200230491161346
13001,13100,100,724.7744956249917,0.002748887463530991,0.9992724823951721,0.995693359375,0.5862079729884863
13101,13200,100,730.3760373549867,0.002747935396619141,0.9992562037706375,0.995576171875,0.6039085664972663
13201,13300,100,736.0295604419807,0.0027419580944115294,0.9992781758308411,0.995732421875,0.5659993305802345
13301,13400,100,741.6405442979758,0.0031524229861679487,0.9991430860757827,0.9948828125,0.6771862271428108
13401,13500,100,747.2454596919888,0.002882175176637247,0.9992342317104339,0.9952734375,0.6258706414699554
13501,13600,100,752.8562919809847,0.0030660625160089695,0.9991699397563935,0.99509765625,0.6537604628503323
13601,13700,100,758.5225597979843,0.002426213343569543,0.9993318867683411,0.99609375,0.5604745934903622
13701,13800,100,764.1175077759908,0.003087923942366615,0.9991967940330505,0.995380859375,0.6465024974569679
13801,13900,100,769.6886449140002,0.0025031071025296116,0.9993408381938934,0.99603515625,0.5543449836969375
13901,14000,100,775.2821395280043,0.002381035196594894,0.9993725782632827,0.996357421875,0.5362002797797323
14001,14100,100,780.8174806750048,0.0022595401528815273,0.9994043165445328,0.9964453125,0.49139532513916495
14101,14200,100,786.3950785180114,0.0027416841499507427,0.9992407393455506,0.995537109375,0.6082245265692472
14201,14300,100,791.95552142001,0.002183772827265784,0.999413269162178,0.996494140625,0.5322460707835853
14301,14400,100,797.5321821260095,0.0025849325463059357,0.9993229407072067,0.995966796875,0.5856406284868717
14401,14500,100,803.1025828940074,0.002348857797915116,0.9993766474723816,0.99634765625,0.5471246130764484
14501,14600,100,808.579484708016,0.002797103417397011,0.9992350447177887,0.995732421875,0.6061579201743007
14601,14700,100,813.8162973500221,0.002626925951772137,0.9993457192182541,0.996259765625,0.5763463662937284
14701,14800,100,819.0312532180251,0.002130059774062829,0.9994376826286316,0.99666015625,0.4774966897070408
14801,14900,100,824.2986556440283,0.002537489712849492,0.9993514168262482,0.996416015625,0.5540545013174415
14901,15000,100,829.541869892033,0.0032783686131006105,0.9991894710063934,0.9958203125,0.6574709046818316
15001,15100,100,834.9378659400481,0.0025891301545198074,0.9992985236644745,0.996005859375,0.5848786893486977
15101,15200,100,840.4322888840325,0.0024810615630121904,0.9993196833133697,0.99623046875,0.621204086765647
15201,15300,100,845.8192000260296,0.002375885693181772,0.9993864107131958,0.996591796875,0.5288332689926029
15301,15400,100,851.2530936070343,0.0023284771430189723,0.9994083833694458,0.996767578125,0.523433278799057
15401,15500,100,856.6922375270442,0.0022363953053718432,0.9994132697582245,0.996611328125,0.5263676320016384
15501,15600,100,862.1338652740469,0.0021817350771743804,0.9994401222467423,0.99693359375,0.4966735177859664
15601,15700,100,867.58258582905,0.002845514396758517,0.9993009626865387,0.996337890625,0.5696537812054158
15701,15800,100,873.1175274730504,0.002639119445520919,0.9993481624126435,0.996396484375,0.600189636554569
15801,15900,100,878.7297911450423,0.0027992857445497065,0.9992553907632827,0.996044921875,0.6702552653104067
15901,16000,100,884.323121616042,0.0027012969783390874,0.9993115431070327,0.99646484375,0.6051070819795131
16001,16100,100,889.7326827490342,0.0025144343680585735,0.999363626241684,0.9965234375,0.5880557811260223
16101,16200,100,895.1948527980294,0.002522505427477881,0.9993587410449982,0.996708984375,0.5636909031495452
16201,16300,100,900.6483523600327,0.0025805548616335727,0.9993660694360733,0.99669921875,0.5723087597638369
16301,16400,100,906.1380787890248,0.002502053712523775,0.999353860616684,0.99650390625,0.5606886694580316
16401,16500,100,911.7743759570167,0.002459756158059463,0.9993611794710159,0.996748046875,0.5994628227502108
16501,16600,100,917.236717929014,0.0026277345418930054,0.9993628126382827,0.996591796875,0.5839603292196989
16601,16700,100,922.7009739100213,0.0025710637817974204,0.999379089474678,0.996845703125,0.5944176418334246
16701,16800,100,928.2764563240362,0.002353536947630346,0.9994376826286316,0.996845703125,0.5428722045570612
16801,16900,100,933.8475376570314,0.0019083716200839263,0.9995247596502304,0.997451171875,0.4403445919044316
16901,17000,100,939.3544103900349,0.0019998098281939747,0.9994799947738647,0.99685546875,0.4538295713253319
17001,17100,100,944.8842955240307,0.0026927583369251804,0.9993538612127304,0.996640625,0.611301374733448
17101,17200,100,950.324409433033,0.0025408480092301033,0.9993766450881958,0.996806640625,0.5884685465693473
17201,17300,100,955.8462315830311,0.002148026510985801,0.9994840669631958,0.997470703125,0.4840439924225211
17301,17400,100,961.2601959640251,0.002430041028565029,0.9993758314847946,0.996435546875,0.5917036298662424
17401,17500,100,966.68967690502,0.002715629622907727,0.9993953657150269,0.997080078125,0.566925943903625
17501,17600,100,972.130635162026,0.002674734059110051,0.9993497920036316,0.996669921875,0.5958425424620509
17601,17700,100,977.6954305530271,0.0027351794074638746,0.9993335151672363,0.996728515625,0.6530664535611868
17701,17800,100,983.3983197770285,0.002329321534925839,0.999453142285347,0.997333984375,0.573236674349755
17801,17900,100,989.0888734630225,0.0022593727125786245,0.9994409358501435,0.99697265625,0.5633977532945573
17901,18000,100,994.7613677280297,0.0028063407620356885,0.9993294441699981,0.99671875,0.6464712341874838
18001,18100,100,1000.2880361780317,0.002060593423011596,0.9995556807518006,0.997783203125,0.4008756738994271
18101,18200,100,1005.8006270520382,0.0022684948102687486,0.9994710469245911,0.997236328125,0.5600074345991015
18201,18300,100,1011.2626271380486,0.002109278773423284,0.9994954633712768,0.997265625,0.49490202696993946
18301,18400,100,1016.6889666950483,0.00229144681172329,0.9994905751943588,0.997353515625,0.5022363412473351
18401,18500,100,1022.1076318150426,0.0023982750333379956,0.9994515150785446,0.997392578125,0.5535592291131616
18501,18600,100,1027.5822891470489,0.0023703935483354146,0.9994881331920624,0.997529296875,0.46986129169352353
18601,18700,100,1033.036898087059,0.0023481222028203775,0.9994539582729339,0.997138671875,0.5790385829657316
18701,18800,100,1038.475473592045,0.001701334275858244,0.9996093916893005,0.997724609375,0.4113664460554719
18801,18900,100,1043.9165536820383,0.002076008551957784,0.9994865071773529,0.997236328125,0.4950817136280239
18901,19000,100,1049.3319850030366,0.0022561312085599638,0.9995109206438064,0.997568359375,0.5194003879465163
19001,19100,100,1054.759508331028,0.0025380335676891265,0.9994393098354339,0.997470703125,0.6206847762875259
19101,19200,100,1060.1657909720197,0.0020919159284676424,0.9994979029893876,0.997314453125,0.5626404689345509
19201,19300,100,1065.5568083420076,0.002151115252490854,0.9995084804296493,0.997548828125,0.46912417706102133
19301,19400,100,1070.962769869002,0.0021675089394557288,0.9994743025302887,0.99724609375,0.521541845779866
19401,19500,100,1076.3826865639858,0.0024111217675090303,0.9994547718763351,0.9971484375,0.5673085221648216
19501,19600,100,1081.8403726859615,0.002513633257476613,0.9994677925109863,0.99748046875,0.5866403476241976
19601,19700,100,1087.2147086369587,0.0025727941409422785,0.9994661659002304,0.997470703125,0.49382330421358345
19701,19800,100,1092.5799303799613,0.002263708833488636,0.9994726729393005,0.997275390625,0.48030185032635925
19801,19900,100,1097.986864245955,0.0024039343438926153,0.9995068556070328,0.99771484375,0.5430162001494319
19901,20000,100,1103.4349229349664,0.002262287253397517,0.9994995296001434,0.9976171875,0.5483606310002506
20001,20100,100,1108.9384993789572,0.0029224461736157537,0.9994091987609863,0.997490234375,0.6591120715811849
20101,20200,100,1114.5153638419579,0.0027577042279881424,0.9994100123643875,0.99740234375,0.6340393972303718
20201,20300,100,1120.0919031129633,0.002017788194207242,0.9995564967393875,0.9978515625,0.457083178088069
20301,20400,100,1125.610446208957,0.0028449520841240883,0.9994116407632828,0.99732421875,0.5712603436876088
20401,20500,100,1131.2702016189542,0.0020638389665691647,0.9995467299222947,0.997919921875,0.48754350997507573
20501,20600,100,1136.9360797479621,0.0021795806199952496,0.9995589363574982,0.997978515625,0.5225442370213568
20601,20700,100,1142.5004753599715,0.0016232901076728013,0.9996281099319458,0.998017578125,0.3648702721996233
20701,20800,100,1148.0642868109735,0.002092903166485485,0.9995101100206375,0.99759765625,0.5409513991791755
20801,20900,100,1153.5102380769658,0.002395701922578155,0.9994865095615387,0.997744140625,0.5128660158719868
20901,21000,100,1158.9583914439754,0.002328847194003174,0.9995182472467422,0.99763671875,0.5378267796896398
21001,21100,100,1164.3163059929866,0.0017560965114535065,0.99964275598526,0.998359375,0.3684056024393067
21101,21200,100,1169.6529210630015,0.0021503445616690444,0.9995255714654923,0.99755859375,0.5967829083465039
21201,21300,100,1175.052861106009,0.002012390641903039,0.9995711427927018,0.997919921875,0.4897954522818327
21301,21400,100,1180.3883987620084,0.0018821878093876875,0.9996036940813064,0.998193359375,0.4568637865781784
21401,21500,100,1185.7099954299956,0.002732891937630484,0.9994474458694458,0.9976171875,0.6006795793771744
21501,21600,100,1191.024342206987,0.0022140000684885306,0.9995304554700851,0.997744140625,0.4651451461855322
21601,21700,100,1196.4039243479874,0.002171085102163488,0.9995149922370911,0.997685546875,0.6185776928067207
21701,21800,100,1201.7890452589836,0.002082547451282153,0.999580095410347,0.9979296875,0.4446654678694904
21801,21900,100,1207.1272633759854,0.002542908180912491,0.9995092970132827,0.99779296875,0.5430392775684595
21901,22000,100,1212.4706253339846,0.002933572951442329,0.9994067543745041,0.9974609375,0.6859075977932662
22001,22100,100,1217.825190451982,0.0020672336031566374,0.9996093904972077,0.998232421875,0.40617561623454096
22101,22200,100,1223.243565459994,0.002254513903462794,0.9995556819438934,0.99787109375,0.4576297213602811
22201,22300,100,1228.690767475986,0.0021270643347816075,0.9995695161819458,0.997978515625,0.492869822550565
22301,22400,100,1234.1351216509865,0.002279731571834418,0.9995353376865387,0.99791015625,0.5352055027335882
22401,22500,100,1239.620840739979,0.0026407199216191657,0.9994612777233124,0.99767578125,0.6051428802171722
22501,22600,100,1245.153096903974,0.002033728922688169,0.9995719534158707,0.997900390625,0.5054408472869545
22601,22700,100,1250.6508691169638,0.0021849561034468935,0.9995687007904053,0.99798828125,0.4947080035507679
22701,22800,100,1256.1156248949646,0.0018395150094875135,0.9996045088768005,0.998125,0.4660713106580079
22801,22900,100,1261.5305621289572,0.0018664745822024997,0.9996159011125565,0.997998046875,0.4698327401652932
22901,23000,100,1266.888283982953,0.002183331595006166,0.9995483565330505,0.9978125,0.580663298573345
23001,23100,100,1272.3072662569502,0.0024948300632968313,0.99952800989151,0.997900390625,0.42901912486180666
23101,23200,100,1277.7797849579401,0.002093317782273516,0.999604509472847,0.998251953125,0.41761834371834994
23201,23300,100,1283.230705037955,0.0019091025221132441,0.9996045100688934,0.998251953125,0.4271389992907643
23301,23400,100,1288.622600171946,0.002074949340822059,0.9995955574512482,0.998173828125,0.49711345459334555
23401,23500,100,1293.986894402953,0.0015822776142158546,0.9996989047527314,0.99859375,0.35806584551930426
23501,23600,100,1299.38402579596,0.00224859847141488,0.9995418465137482,0.99796875,0.4723394526168704
23601,23700,100,1304.8763814839476,0.001962103394616861,0.9995971858501435,0.99814453125,0.4785387917980552
23701,23800,100,1310.2585381769404,0.002237134913011687,0.9995670759677887,0.998115234375,0.5510925612878055
23801,23900,100,1315.6037798249472,0.0022427394140686376,0.9995947408676148,0.9982421875,0.40260732914321123
23901,24000,100,1321.0023260099351,0.002051265655827592,0.9995874172449112,0.998349609375,0.4334557174844667
24001,24100,100,1326.4693198039458,0.0023942504309525246,0.999524757862091,0.9981640625,0.5644710401631892
24101,24200,100,1331.9303809609373,0.002173491890716832,0.9996061342954635,0.99837890625,0.47077853136695924
24201,24300,100,1337.33320729994,0.0023227555176708846,0.9995516121387482,0.9980078125,0.5651655939780176
24301,24400,100,1342.675549618949,0.0019570316561294022,0.9996199703216553,0.99837890625,0.4442063494771719
24401,24500,100,1348.067149099954,0.002800955967977643,0.9994555824995041,0.99748046875,0.6697043637372553
24501,24600,100,1353.5453854139596,0.0014885975656216033,0.999710300564766,0.998564453125,0.3001904883235693
24601,24700,100,1358.9351251049502,0.0020280450356221992,0.9996256667375565,0.9982421875,0.4288884782651439
24701,24800,100,1364.2593794279546,0.001712081686637248,0.9996744954586029,0.99845703125,0.3878292720578611
24801,24900,100,1369.6449680359492,0.0024075996315514204,0.9995573049783707,0.998173828125,0.4968690852075815
24901,25000,100,1375.0256014969473,0.001845884217254934,0.9996419423818588,0.998193359375,0.41013918969780205
25001,25100,100,1380.4522223749482,0.0018932123071863315,0.9996370583772659,0.998544921875,0.44342754178680477
25101,25200,100,1385.8876540369401,0.0019762733412790113,0.999596370458603,0.998251953125,0.4997190709784627
25201,25300,100,1391.2542443139428,0.0019029802197474055,0.9996435713768005,0.998388671875,0.4390890941489488
25301,25400,100,1396.6521100719456,0.0023189823512802833,0.9995605605840683,0.99814453125,0.49942677464336155
25401,25500,100,1402.0310874029492,0.0019351490864210064,0.9996207809448242,0.998427734375,0.46963556539732965
25501,25600,100,1407.3789203199558,0.001631302725581918,0.9997021615505218,0.998642578125,0.33850541468244044
25601,25700,100,1412.7108346079567,0.0020235511651844717,0.9995621925592423,0.99779296875,0.49139807519502937
25701,25800,100,1418.0698781959618,0.0017640777800988871,0.9996639162302017,0.9983984375,0.4801703114341944
25801,25900,100,1423.4587261509623,0.0016514041092887055,0.9996785652637482,0.998505859375,0.4417633965238929
25901,26000,100,1428.8105285669517,0.0019571991309931037,0.9996159023046494,0.998408203125,0.4309724831394851
26001,26100,100,1434.1804582679542,0.001996648218482733,0.9996338039636612,0.998349609375,0.44179053758736697
26101,26200,100,1439.5613671659503,0.0025785056487075053,0.9995044106245041,0.998173828125,0.674151034252718
26201,26300,100,1444.9935329219443,0.0021781814650603335,0.99962322473526,0.998525390625,0.42105590021703393
26301,26400,100,1450.4034465449367,0.002451993312279228,0.9995825344324112,0.998271484375,0.4553292795550078
26401,26500,100,1455.7816372559173,0.001445206853604759,0.9997501784563064,0.9986328125,0.2994696249393746
26501,26600,100,1461.139279106912,0.0016814410639199196,0.999654148221016,0.99833984375,0.4358792331861332
26601,26700,100,1466.4810946089128,0.0016959676345868501,0.9997046029567719,0.99853515625,0.3178270963951945
26701,26800,100,1471.8855931019152,0.002262477403419325,0.9996159011125565,0.998427734375,0.5230915781483054
26801,26900,100,1477.29456806491,0.0022092396972584537,0.9995743989944458,0.99822265625,0.5134055890375748
26901,27000,100,1482.6218665479155,0.002007448248332366,0.999609392285347,0.998134765625,0.4397436917945743
27001,27100,100,1487.9808569979177,0.00155269930139184,0.9997135549783707,0.9986328125,0.31690742342267186
27101,27200,100,1493.3111793469106,0.002084631871475722,0.9995923000574112,0.998203125,0.4332891852222383
27201,27300,100,1498.7060758458974,0.002102658546427847,0.9996069502830506,0.998271484375,0.4492703779693693
27301,27400,100,1504.1564973059012,0.0013910593999753474,0.9997404098510743,0.998740234375,0.27922653844580053
27401,27500,100,1509.5611053648972,0.0020655841764528303,0.9996093916893005,0.998310546875,0.4568679930223152
27501,27600,100,1514.9651342308953,0.0018877844035887392,0.9996329909563064,0.998515625,0.4466271610418335
27601,27700,100,1520.417436744894,0.0020278641882759984,0.9996224075555802,0.998447265625,0.5055054424609989
27701,27800,100,1525.9030292809075,0.0022464857096929336,0.9996102011203766,0.99853515625,0.6999389495188371
27801,27900,100,1531.3630067459271,0.0021730030393518973,0.9996256679296494,0.998369140625,0.4118668704526499
27901,28000,100,1536.785046232928,0.0015818420340656303,0.9997062283754349,0.998662109375,0.3628182073822245
28001,28100,100,1542.2012109199331,0.0012674777642678237,0.9997607535123825,0.998857421875,0.27325160696636885
28101,28200,100,1547.6742539449315,0.0014576647890498862,0.9997306472063064,0.998603515625,0.4142704218160361
28201,28300,100,1553.1290520809343,0.0019135189973894739,0.9996468240022659,0.99869140625,0.4261006273236126
28301,28400,100,1558.5343906379458,0.0009299945474776905,0.9998388773202896,0.999189453125,0.20843326761154457
28401,28500,100,1563.9651419369402,0.0019324286793926148,0.9996419376134873,0.998466796875,0.438020089159254
28501,28600,100,1569.372955683928,0.0015367379596864339,0.9997168093919754,0.9987890625,0.35348599625285715
28601,28700,100,1574.7906118709197,0.0016967633587773889,0.9996989077329635,0.998759765625,0.34049191868864
28701,28800,100,1580.2183058979244,0.001461083007088746,0.9996948379278183,0.998662109375,0.4149984753038734
28801,28900,100,1585.6370838809344,0.0018435007939842762,0.9997135555744171,0.998916015625,0.27002017160877584
28901,29000,100,1591.0354704949368,0.0015362639920203946,0.9997062319517136,0.99865234375,0.38759901794139295
29001,29100,100,1596.461617826937,0.0014741127307206624,0.9997550570964813,0.99900390625,0.31407450505299495
29101,29200,100,1601.9249487599263,0.001461918318964308,0.9997363424301148,0.998779296875,0.3372858816385269
29201,29300,100,1607.384417893927,0.0018800395069411024,0.9996663558483124,0.998740234375,0.42268364658113566
29301,29400,100,1612.802522082935,0.0018459947423980338,0.9996899563074112,0.998818359375,0.31170111714396626
29401,29500,100,1618.2028401649459,0.0022841651022463337,0.9996199679374694,0.998515625,0.5390440497919917
29501,29600,100,1623.7088735549532,0.0021180008548981276,0.9996704226732254,0.998828125,0.3727959565632045
29601,29700,100,1629.2206584369633,0.0016495050118101062,0.9996972805261612,0.998798828125,0.42813872036524114
29701,29800,100,1634.6733387739623,0.0015257345963618717,0.9997021639347077,0.998525390625,0.35947050248738377
29801,29900,100,1640.089030043955,0.0018587580585153773,0.9996639156341552,0.998564453125,0.44488837495446204
29901,30000,100,1645.490969205961,0.0013274027349689276,0.9997412276268005,0.998828125,0.3470084626832977
30001,30100,100,1650.9770970789632,0.0012275019369553774,0.9997542458772659,0.998837890625,0.2816034301603213
30101,30200,100,1656.3813081339758,0.0016367528027330992,0.9996932101249695,0.99857421875,0.40631547127384693
30201,30300,100,1661.7570501369864,0.0014648905463400296,0.9997395962476731,0.998818359375,0.34942311111837626
30301,30400,100,1667.1586587369784,0.0007318868751463015,0.9998502707481385,0.999130859375,0.1486881849076599
30401,30500,100,1672.634252945987,0.0019040270186087582,0.999654148221016,0.99861328125,0.5443685730337166
30501,30600,100,1678.082791058987,0.002242302645390737,0.9996004372835159,0.99853515625,0.5867294701933861
30601,30700,100,1683.5000991839952,0.001256637584992859,0.9997615718841553,0.998828125,0.28117042187601327
30701,30800,100,1688.9358888440038,0.0018438926940143575,0.9996736806631088,0.998720703125,0.42394376029260455
30801,30900,100,1694.3530560950112,0.0014472450232278788,0.9997355258464813,0.998828125,0.34983091465663163
30901,31000,100,1699.7818035980254,0.0016124045638571261,0.9997273916006089,0.9987109375,0.30342293478082866
31001,31100,100,1705.195713236024,0.0021093524926254757,0.9996744936704636,0.99888671875,0.36828520636307077
31101,31200,100,1710.5876958250246,0.00147564647551917,0.99972820520401,0.99873046875,0.3836939379607793
31201,31300,100,1716.0372485810367,0.0019632572947011796,0.9996354287862778,0.99857421875,0.4644422900211066
31301,31400,100,1721.4974029040368,0.0015726843295124126,0.9997111123800277,0.99880859375,0.3436572889331728
31401,31500,100,1726.9285937460372,0.0011731180000060704,0.9997705221176147,0.99880859375,0.30837262379238384
31501,31600,100,1732.3183667210433,0.0017512781602999894,0.9996956503391266,0.998662109375,0.5064944649417885
31601,31700,100,1737.7393304410307,0.001373651374160545,0.9997273898124694,0.99880859375,0.4590709293726832
31701,31800,100,1743.1277195500134,0.0021466249626973877,0.9995792806148529,0.99828125,0.6629184861388058
31801,31900,100,1748.5782466240198,0.001469485902125598,0.9997330880165101,0.998818359375,0.40505910431034864
31901,32000,100,1753.9878081550305,0.0018057762712123803,0.999707043170929,0.998876953125,0.3856386736128479
32001,32100,100,1759.4148307190317,0.0018706921984994551,0.9996647298336029,0.99849609375,0.479757570666261
32101,32200,100,1764.814363220039,0.0009243125412467634,0.999831554889679,0.999130859375,0.20088549892185256
32201,32300,100,1770.2490920690398,0.0016284085994266206,0.9997078591585159,0.99873046875,0.38771834504557773
32301,32400,100,1775.7207637390293,0.001805966548345168,0.9997078555822373,0.99890625,0.49766364534851165
32401,32500,100,1781.1239771420333,0.0014892195307766088,0.9997282034158707,0.99880859375,0.3448938853899017
32501,32600,100,1786.5016651620226,0.0014787819346383912,0.9997330868244171,0.99884765625,0.43532471659127625
32601,32700,100,1791.916914922027,0.0018621106654609322,0.9996867007017136,0.998642578125,0.4277009544754401
32701,32800,100,1797.3777634040307,0.0018723005420179107,0.9996793782711029,0.99875,0.40289214048767463
32801,32900,100,1802.8163156200208,0.0016917093092342838,0.9997216951847077,0.998876953125,0.3365832444187254
32901,33000,100,1808.2076561620215,0.0016323732234013733,0.9997306424379349,0.998837890625,0.3150844398373738
33001,33100,100,1813.552558154035,0.001603160217855475,0.9997102969884872,0.9987890625,0.40852461162023246
33101,33200,100,1818.9284205380427,0.0014218215720029547,0.9997461074590683,0.998896484375,0.3051037013484165
33201,33300,100,1824.342409664032,0.0015195916492666583,0.9997371554374694,0.99888671875,0.332420909833163
33301,33400,100,1829.7545549450479,0.0016112684749532492,0.9997135555744171,0.998876953125,0.3840420252084732
33401,33500,100,1835.1488040890563,0.0013841364675317891,0.9997640120983123,0.99900390625,0.3820335173793137
33501,33600,100,1840.5663251420683,0.0015207617088162807,0.99971843957901,0.998857421875,0.30439974486362187
33601,33700,100,1845.9721794300694,0.001012448095534637,0.9998470109701156,0.999296875,0.17049390399479308
33701,33800,100,1851.4253411670707,0.0004432459637791908,0.9999202519655228,0.9995703125,0.09493075484206201
33801,33900,100,1856.8582861100658,1.1992713511972397e-05,1.0,1.0,0.0002683020024414873
33901,34000,100,1862.2801156010519,3.4014696689155245e-06,1.0,1.0,8.278530617644719e-05
34001,34100,100,1867.6809486190414,4.888726722640513e-07,1.0,1.0,6.021234910349449e-06
34101,34200,100,1873.0922408070492,1.1568274551621017e-07,1.0,1.0,6.403930825626958e-07
34201,34300,100,1878.5576350440497,8.38699447314184e-08,1.0,1.0,3.8919683646554405e-07
34301,34400,100,1884.0131684200533,8.267959756835808e-08,1.0,1.0,3.930065514623493e-07
34401,34500,100,1889.3947231100574,8.437372983394198e-08,1.0,1.0,4.607965678360415e-07
34501,34600,100,1894.818150652065,8.504166459033513e-08,1.0,1.0,4.785174871813069e-07
34601,34700,100,1900.2563442910669,8.500227536956118e-08,1.0,1.0,6.257295689238163e-07
34701,34800,100,1905.7083419770715,8.423131333756828e-08,1.0,1.0,8.036886504214635e-07
34801,34900,100,1911.131325107066,8.345433904821675e-08,1.0,1.0,8.668150439916644e-07
34901,35000,100,1916.5394633410688,8.352534685229784e-08,1.0,1.0,1.6677914254614734e-06
35001,35100,100,1921.9472193610763,8.717139564851095e-08,1.0,1.0,2.9858822568940014e-06
35101,35200,100,1927.431154923066,7.987001147569118e-08,1.0,1.0,1.0459523576855644e-06
35201,35300,100,1932.9295857790821,0.003163781882844532,0.9995825290679932,0.9978515625,0.7651290525307707
35301,35400,100,1938.352024279082,0.0026995565948072908,0.9996606594324112,0.99853515625,0.8896543132641819
35401,35500,100,1943.750567843077,0.0020825378454537714,0.9996720546483994,0.998515625,0.6861615223623813
35501,35600,100,1949.0835506640833,0.0026485007338305877,0.9996565890312195,0.9985546875,0.6465899534337223
35601,35700,100,1954.490098411079,0.0022310319543066724,0.9996631002426147,0.99857421875,0.5430638009880204
35701,35800,100,1959.9395321940683,0.0023885100361439983,0.9996492660045624,0.998720703125,0.6049553935462609
35801,35900,100,1965.3238284300605,0.0019205613433041435,0.999717623591423,0.99892578125,0.4571327852911782
35901,36000,100,1970.7253029450549,0.001599361986936856,0.9997265774011612,0.998720703125,0.48453515355940907
36001,36100,100,1976.1295279160677,0.0018955525796991424,0.9996818178892135,0.9987109375,0.5426755489781498
36101,36200,100,1981.577242361076,0.0023211787659238327,0.9996549600362777,0.99890625,0.618130952444626
36201,36300,100,1986.9843239450784,0.0017499800595032866,0.9997225058078766,0.998896484375,0.41580949872964995
36301,36400,100,1992.3589753130782,0.0020451409747329306,0.9996679848432541,0.998662109375,0.5552582402806729
36401,36500,100,1997.7607521930786,0.0020398390930495224,0.9996549642086029,0.9985546875,0.5289402827620506
36501,36600,100,2003.2317748840778,0.0018889903561284881,0.999711925983429,0.99890625,0.4045951683772728
36601,36700,100,2008.6908790520774,0.002040144681595848,0.9996679818630219,0.998779296875,0.6624697225820273
36701,36800,100,2014.170207149069,0.0016518733160773992,0.9997216922044754,0.998857421875,0.43199301659595224
36801,36900,100,2019.6081073550758,0.0021240706043317912,0.9996875125169754,0.9987890625,0.44860930169466884
36901,37000,100,2025.029477349066,0.0017154182843296438,0.9997550582885742,0.999052734375,0.3324748701555654
37001,37100,100,2030.5068787300625,0.002018898143651313,0.9996622866392135,0.99861328125,0.39484105409588666
37101,37200,100,2036.0310686380599,0.0013441769359997125,0.9997859823703766,0.999150390625,0.269158462677151
37201,37300,100,2041.4866658880692,0.0013132986783602973,0.9997672635316849,0.998935546875,0.3643362821009941
37301,37400,100,2046.9401387060752,0.0011866369569543166,0.9997916793823243,0.998994140625,0.3108146501588635
37401,37500,100,2052.438482192063,0.001240903069228807,0.9997729635238648,0.998916015625,0.2623938431264833
37501,37600,100,2057.97731103807,0.0015439835727011086,0.9997298306226731,0.998779296875,0.37897083496209233
37601,37700,100,2063.461517888083,0.0011877712509522098,0.9997981876134873,0.999228515625,0.28919559735339134
37701,37800,100,2068.896378573081,0.002070915920921834,0.9996427530050278,0.9985546875,0.45949017148232085
37801,37900,100,2074.366656503089,0.0012393275292561156,0.9997811007499695,0.9991015625,0.3222683482244611
37901,38000,100,2079.845759415084,0.0018234601285803365,0.9996842586994171,0.998720703125,0.4023507805913687
38001,38100,100,2085.3406693740835,0.0015376580533120433,0.9997583115100861,0.998984375,0.3150364319141954
38101,38200,100,2090.900186313089,0.0009289754683413776,0.9998274856805801,0.99919921875,0.18767510840902105
38201,38300,100,2096.3437251780997,0.0021067564074110125,0.9996826320886611,0.998828125,0.44191787506104446
38301,38400,100,2101.7638735530945,0.0018696408632968087,0.9997233188152314,0.99900390625,0.3176270128786564
38401,38500,100,2107.200109832087,0.001234062915573304,0.9998006272315979,0.999208984375,0.31095788893289866
38501,38600,100,2112.660692666086,0.0015786251435201848,0.9997697055339814,0.99919921875,0.24417597114108502
38601,38700,100,2118.1228506870866,0.0012573116460771415,0.999768893122673,0.998955078125,0.3352597089484334
38701,38800,100,2123.5748679290828,0.0017840205807442544,0.9996932113170623,0.998779296875,0.42345926753012464
38801,38900,100,2129.001469328081,0.001634920659198542,0.9997143697738647,0.998974609375,0.7139423495763912
38901,39000,100,2134.512658667085,0.0015235696878153249,0.9997461086511612,0.9990234375,0.5233515349985101
39001,39100,100,2140.0315637470903,0.001292565867988742,0.9997876071929932,0.999140625,0.26731242520734666
39101,39200,100,2145.5285171480846,0.001872896226341254,0.9997029763460159,0.998974609375,0.38058110993821176
39201,39300,100,2150.997336814082,0.0014207070057091187,0.9997729593515396,0.999140625,0.35622884217533285
39301,39400,100,2156.4727396250782,0.0020976995683304267,0.9996932071447372,0.998984375,0.3659774160105735
39401,39500,100,2161.990296545071,0.0011774780340783764,0.9998160934448242,0.99923828125,0.23639458564226515
39501,39600,100,2167.4811002320657,0.0011285625712480396,0.9997876089811325,0.99916015625,0.25204051667125893
39601,39700,100,2172.9552909790636,0.0011040747182960331,0.9998453843593598,0.99943359375,0.17553828364878427
39701,39800,100,2178.433538129073,0.00174297378405754,0.9997192496061325,0.99890625,0.3362742559821345
39801,39900,100,2183.921861247083,0.0008555201156741532,0.9998405051231384,0.999248046875,0.28229152351326775
39901,40000,100,2189.406615696087,0.0012555630935457884,0.999810391664505,0.999228515625,0.21855131970718503
40001,40100,100,2194.8520343990767,0.0015658273238659604,0.9997452926635743,0.99896484375,0.3497717276541516
40101,40200,100,2200.3324832120634,0.0009554121116525494,0.9998201602697372,0.99916015625,0.1969767223240342
40201,40300,100,2205.898803807071,0.0012261395407040254,0.9997713351249695,0.998955078125,0.3431264142331202
40301,40400,100,2211.384707310064,0.0015008770621352597,0.9997477328777313,0.998994140625,0.3314526680856943
40401,40500,100,2216.813469796063,0.0009348806099660578,0.999855967760086,0.999453125,0.17731631577247753
40501,40600,100,2222.2409011530744,0.0012013897651195293,0.9997949349880219,0.999208984375,0.25253310133470225
40601,40700,100,2227.7806435750863,0.0014214570037802332,0.9997729617357254,0.9989453125,0.2941138299717568
40701,40800,100,2233.323829001083,0.0017898319723462918,0.999750987291336,0.999111328125,0.39920901867793873
40801,40900,100,2238.785116867073,0.001270314282446634,0.9997794717550278,0.99904296875,0.30294033224694433
40901,41000,100,2244.240934952073,0.00104827505096182,0.9998453867435455,0.999404296875,0.19910804579849356
41001,41100,100,2249.8463952050624,0.001553405585909786,0.9997347140312195,0.998916015625,0.3195512758125551
41101,41200,100,2255.27379895006,0.0006604046373104211,0.9998893308639526,0.99943359375,0.13303206805838272
41201,41300,100,2260.7977198450535,0.0012423051567748188,0.9997680789232254,0.99900390625,0.24388924915343524
41301,41400,100,2266.27950889806,0.0012680008444658597,0.9997965610027313,0.999111328125,0.30432693412993106
41401,41500,100,2271.7080578490586,0.000841817534128495,0.9998445725440979,0.9993359375,0.19560864844243042
41501,41600,100,2277.0828731060647,0.001079249543563492,0.9998120218515396,0.99912109375,0.18713608630117962
41601,41700,100,2282.3850126500565,0.0014764908847064362,0.9997697055339814,0.999130859375,0.3363798139966093
41701,41800,100,2287.648270045056,0.0013071014984961948,0.9997933036088944,0.999287109375,0.5075156192691065
41801,41900,100,2292.936322993053,0.0013176874747659894,0.9997819155454636,0.99908203125,0.28739793567103333
41901,42000,100,2298.181192004062,0.0014171988913585665,0.999798184633255,0.99916015625,0.2028044970659539
42001,42100,100,2303.398956465051,0.0013211185387626756,0.9997908645868301,0.9992578125,0.26051786420168355
42101,42200,100,2308.6936251260468,0.0010791096644970821,0.9997908622026443,0.99912109375,0.31080822729272767
42201,42300,100,2313.954684516044,0.0012061551242004498,0.999794933795929,0.99912109375,0.32168470464181154
42301,42400,100,2319.224814200048,0.00094057368740323,0.9998339945077896,0.9992578125,0.25031960986088964
42401,42500,100,2324.465329967059,0.001356877227590303,0.9997827267646789,0.99923828125,0.24925982504035346
42501,42600,100,2329.7243901170605,0.0010422718786139739,0.9998307371139527,0.9993359375,0.16590831798966973
42601,42700,100,2334.9375029020684,0.0010254847274700296,0.9998274832963944,0.999248046875,0.21535589230945335
42701,42800,100,2340.1275677530684,0.0009990698273031739,0.9998242294788361,0.99921875,0.23914690080331638
42801,42900,100,2345.4352181670565,0.0006607779065961949,0.9998681741952896,0.999423828125,0.14212701736134478
42901,43000,100,2350.947351102066,0.0014835327814944322,0.999753429889679,0.99908203125,0.32350553304189816
43001,43100,100,2356.3637459380498,0.0008762838042821386,0.999857594370842,0.999384765625,0.21356267358525657
43101,43200,100,2361.8069174730554,0.0014601842300908175,0.9997851657867431,0.999306640625,0.19367564709624274
43201,43300,100,2367.26014894105,0.000757363597440417,0.9998665457963943,0.999326171875,0.13064059564378114
43301,43400,100,2372.7229752440453,0.0005705900402608677,0.9998860740661621,0.99943359375,0.1077268800640013
43401,43500,100,2378.200239587044,0.001081129360027262,0.9998128378391266,0.9991015625,0.20790287689189427
43501,43600,100,2383.6803204430416,0.0006297675479254394,0.9999113011360169,0.9996484375,0.08824551517958752
43601,43700,100,2389.2360131850255,0.001529546836463851,0.9997379672527313,0.998916015625,0.3734379490558058
43701,43800,100,2394.7886653990154,0.0009275752776375157,0.9998518961668015,0.9994140625,0.33551692496985197
43801,43900,100,2400.3384269020153,0.0014488033524685307,0.9997819125652313,0.999169921875,0.3305017699836753
43901,44000,100,2405.8784404070193,0.0009122015282446227,0.999846197962761,0.999375,0.22675195459974928
44001,44100,100,2411.415713381022,0.0011894548075360944,0.9997990024089813,0.999052734375,0.33517265375470745
44101,44200,100,2416.9310600530207,0.0011412025616664323,0.9997957456111908,0.999150390625,0.32861920179100707
44201,44300,100,2422.450545571015,0.0011434078918318845,0.9998120212554932,0.999296875,0.2705943749821745
44301,44400,100,2427.961125017013,0.0012623832503231825,0.9998055094480515,0.999345703125,0.1977782416611444
44401,44500,100,2433.4873855400256,0.001025868084980175,0.9998201614618302,0.99919921875,0.20767760528950022
44501,44600,100,2439.0769808530276,0.0012874674016711651,0.9997867953777313,0.99919921875,0.27201174227287994
44601,44700,100,2444.591481902027,0.0007830029401156935,0.9998632901906968,0.999384765625,0.13633644362562336
44701,44800,100,2450.1051875580306,0.0012574592579403542,0.9997900521755219,0.999091796875,0.25422936721704903
44801,44900,100,2455.619120062025,0.0009425465226377128,0.9998592180013657,0.999521484375,0.18457132587907835
44901,45000,100,2461.138741710016,0.0013342160800675629,0.9997648215293884,0.9990625,0.2763565581245348
45001,45100,100,2466.650189304022,0.0011802694770449308,0.9998226016759872,0.999287109375,0.20330629462143407
45101,45200,100,2472.171503691019,0.0007508980590500869,0.9998681724071503,0.999462890625,0.222976653566584
45201,45300,100,2477.621360017005,1.9715623902811786e-05,0.9999991863965988,0.999990234375,0.0011110176068541478
45301,45400,100,2483.1281584280096,3.2065842208339745e-06,1.0,1.0,7.281983571374439e-05
45401,45500,100,2488.6230947879994,0.0006050310640284807,0.9998885154724121,0.999404296875,0.16980173180359998
45501,45600,100,2494.173622116008,0.0018958926697632706,0.9997176229953766,0.998974609375,0.36816448281984776
45601,45700,100,2499.720869210005,0.001374299937451724,0.9997705191373825,0.999150390625,0.4011824220546987
45701,45800,100,2505.291343642002,0.0010928986328144674,0.9998071390390396,0.999208984375,0.3073398342425935
45801,45900,100,2510.823398746008,0.001229884736058011,0.9998144632577897,0.999287109375,0.24033470492460765
45901,46000,100,2516.3402868270095,0.0016529546874699008,0.9997469186782837,0.9990234375,0.37026182691333814
46001,46100,100,2521.863986078004,0.001062785664908006,0.9998128366470337,0.99921875,0.2270933784986846
46101,46200,100,2527.3891719699914,0.001075760638777865,0.9998559647798538,0.999462890625,0.1452357260021381
46201,46300,100,2532.9300317960005,0.0011420321805780986,0.9998160910606384,0.999140625,0.27160396418068555
46301,46400,100,2538.4866033499948,0.0012546250977175078,0.9997981870174408,0.99921875,0.2988509300677106
46401,46500,100,2544.0467203869866,0.0012410592286323664,0.9998193442821502,0.999296875,0.23521715329959988
46501,46600,100,2549.5477413159806,0.0015210667318751802,0.9997477334737778,0.998935546875,0.4096517865813803
46601,46700,100,2555.069119999989,0.001217072468753031,0.9997827261686325,0.999169921875,0.3449961018783506
46701,46800,100,2560.6298763619816,0.0013184741294389824,0.9998030698299408,0.999228515625,0.24551061924314127
46801,46900,100,2566.19918422499,0.0011160063401621301,0.9998144632577897,0.999228515625,0.276378073283704
46901,47000,100,2571.749032791995,0.0006584214756367147,0.9998950278759002,0.999453125,0.16174023342202418
47001,47100,100,2577.2790321389803,0.001643653360042663,0.9997347128391266,0.998935546875,0.37297397773945706
47101,47200,100,2582.8145404779734,0.000969303016536287,0.999820973277092,0.99927734375,0.336240923977457
47201,47300,100,2588.371149362956,0.0007362736710274475,0.9998502725362778,0.99921875,0.21048336112871766
47301,47400,100,2593.870849451958,0.0011496719139177003,0.9998128366470337,0.99923828125,0.2224012861959636
47401,47500,100,2599.3944881849475,0.000770522292714304,0.9998714303970337,0.999482421875,0.2251368551584892
47501,47600,100,2604.91108390294,0.0014503497464829706,0.9997623813152313,0.999208984375,0.2774659426393919
47601,47700,100,2610.483854213948,0.0012897101237467723,0.9997811001539231,0.9991015625,0.369313100844156
47701,47800,100,2616.0295004589516,0.0005847850706777536,0.9998990970849991,0.999501953125,0.10197335189906881
47801,47900,100,2621.608659158943,0.0015479339189914754,0.9997607523202896,0.999169921875,0.31431572917150336
47901,48000,100,2627.143090384956,0.0011581045036291471,0.999816090464592,0.999296875,0.29111302133998834
48001,48100,100,2632.6738774519436,0.0009872719474878977,0.9998348081111907,0.999375,0.1756671891757287
48101,48200,100,2638.230759598935,0.001351717375800945,0.9998234158754349,0.999384765625,0.2560654139635153
48201,48300,100,2643.7632992619383,0.001357071000893484,0.9997786563634873,0.999208984375,0.3168780555343255
48301,48400,100,2649.2704208319356,0.0012581033599781222,0.9998022574186325,0.999169921875,0.2633746552665252
48401,48500,100,2654.7564917709406,0.0005474433263771061,0.9999161857366562,0.99962890625,0.08164943471609148
48501,48600,100,2660.2609202729473,1.094195192308689e-05,1.0,1.0,0.0009386927806917811
48601,48700,100,2665.7527140149396,2.5003020783742612e-06,1.0,1.0,6.066731512873957e-05
48701,48800,100,2671.2184418589477,3.8470292324177535e-07,1.0,1.0,3.6228669910087773e-06
48801,48900,100,2676.7633489289565,1.0388308531616985e-07,1.0,1.0,6.476334866079014e-07
48901,49000,100,2682.297381551967,8.225234815029126e-08,1.0,1.0,5.570613976146887e-07
49001,49100,100,2687.834506660962,8.75231516772601e-08,1.0,1.0,5.593715300733493e-07
49101,49200,100,2693.3768700519686,9.073853526331277e-08,1.0,1.0,7.75495427660644e-07
49201,49300,100,2698.943237903961,9.417284630330868e-08,1.0,1.0,2.4749910141963484e-06
49301,49400,100,2704.476918221959,8.746522546232427e-08,1.0,1.0,9.317190210822445e-07
49401,49500,100,2709.9982157639624,9.014706385812587e-08,1.0,1.0,2.5315859613783686e-06
49501,49600,100,2715.5149606809628,0.00013380544461412568,0.9999788445234299,0.99984375,0.07684888956737382
49601,49700,100,2721.0448979409502,0.0031628360145805347,0.9996232253313064,0.998623046875,1.128465488308575
49701,49800,100,2726.5209333709554,0.0016083785618684488,0.9997810977697372,0.999013671875,0.4720712168913451
49801,49900,100,2732.0064991319596,0.001678876452606346,0.9997583132982254,0.999033203125,0.3570085712661967
49901,50000,100,2737.5597040799676,0.0017131652790703812,0.9997867947816849,0.999169921875,0.3819344358512899
50001,50100,100,2743.084704216968,0.001053787421897141,0.9998185348510742,0.9990625,0.31267875256948174
50101,50200,100,2748.631369218967,0.001252035933894149,0.9997933042049408,0.999091796875,0.6090403149236226
50201,50300,100,2754.1650232949723,0.0008344352660606091,0.9998429477214813,0.999150390625,0.22720535294851288
50301,50400,100,2759.681430346973,0.0005480203379374871,0.9999121165275574,0.99947265625,0.12847537635301706
50401,50500,100,2765.229439971972,0.0011946396204803023,0.9998226004838944,0.999287109375,0.2270776362356264
50501,50600,100,2770.7740791949764,0.0015629074201024195,0.9997810989618301,0.999228515625,0.25911548219388353
50601,50700,100,2776.2927420479846,0.0013242241876105254,0.9997973746061325,0.999267578125,0.3159590405493509
50701,50800,100,2781.828483377991,0.0012842699008615455,0.9997916781902313,0.9991015625,0.2636707581044175
50801,50900,100,2787.34563418399,0.0012113131251135201,0.9998112064599991,0.99923828125,0.28919174179900436
50901,51000,100,2792.8904664629936,0.0011693655280578241,0.9998291122913361,0.999296875,0.2560375048650894
51001,51100,100,2798.4135941469867,0.0014829689889666042,0.9998014432191848,0.9992578125,0.3800821245694533
51101,51200,100,2803.953862306993,0.000925155386703409,0.9998510825634003,0.999404296875,0.2777303841407411
51201,51300,100,2809.5255096679994,0.0010978031789636588,0.9998209744691848,0.999296875,0.2741982183908112
51301,51400,100,2815.088634966998,0.0010573028669205087,0.9998169058561325,0.99916015625,0.28672664835350586
51401,51500,100,2820.6381509149924,0.0010523491368803661,0.9998486405611038,0.999462890625,0.20761154746520333
51501,51600,100,2826.1617792010056,0.0008833498786952987,0.9998470145463944,0.999296875,0.1470784955052659
51601,51700,100,2831.6633319820103,0.0008751783275147318,0.9998356235027314,0.999150390625,0.23410947324766312
51701,51800,100,2837.1977550730026,0.0004466617850357579,0.9999357134103775,0.999755859375,0.10498625263455325
51801,51900,100,2842.7826079730057,0.0006303922109782434,0.999890958070755,0.999462890625,0.11770044405595399
51901,52000,100,2848.322729275007,0.0013790817839253577,0.9997794705629349,0.99916015625,0.3039661737740971
52001,52100,100,2853.8654367910076,0.0017244347592350094,0.9997257608175277,0.99908203125,0.3842077118204907
52101,52200,100,2859.409397485015,0.001205907153107546,0.9998136502504349,0.999306640625,0.2142071370105259
52201,52300,100,2864.966805024016,0.0008283749334805179,0.9998592209815979,0.999306640625,0.16824118470656685
52301,52400,100,2870.504094880016,0.0012832131404866233,0.9998225980997085,0.999384765625,0.25457094675395636
52401,52500,100,2875.9956031610163,0.0009923645235903678,0.9998217904567719,0.99923828125,0.33757627427228726
52501,52600,100,2881.448136478015,0.0009325004239508416,0.9998462015390396,0.999296875,0.23785150625393725
52601,52700,100,2886.904730339016,0.001134042047415278,0.9998274821043015,0.999345703125,0.24105594527791255
52701,52800,100,2892.366599615014,0.0014151653185945179,0.9997843533754349,0.99916015625,0.26580859198817053
52801,52900,100,2897.8179164550183,0.0009089711453270866,0.9998518997430801,0.9993359375,0.24069718206417748
52901,53000,100,2903.2841630560233,0.0013617542675092408,0.9997867947816849,0.999189453125,0.3567410346341785
53001,53100,100,2908.7914619430267,0.0011085984593410102,0.9998543375730514,0.9994921875,0.19864109987509437
53101,53200,100,2914.3619008900187,0.0011148929750197567,0.9998388767242432,0.999267578125,0.2939924508624244
53201,53300,100,2919.9179308270122,0.001689074059140694,0.9997387808561325,0.999150390625,0.33973285990126895
53301,53400,100,2925.4180377430093,0.0006149265859494335,0.9999113005399703,0.9996484375,0.07143873362452723
53401,53500,100,2930.9226575320045,0.0005873376249837748,0.999879565834999,0.999453125,0.16658712604767062
53501,53600,100,2936.407534538992,0.0009730292892891157,0.9998494559526443,0.99943359375,0.29612982490099965
53601,53700,100,2941.913507935993,0.0016345146332605509,0.9997810977697372,0.99923828125,0.28475242099608294
53701,53800,100,2947.407796012001,0.0012410834230468027,0.9998356193304062,0.9994921875,0.23632785249210428
53801,53900,100,2952.929475508996,0.000875005229790986,0.9998339956998825,0.999150390625,0.28589163433760406
53901,54000,100,2958.4486523689884,0.001058255892712623,0.9998266696929932,0.9992578125,0.25846647772588766
54001,54100,100,2963.950307910991,0.0009725908730979426,0.9998388773202896,0.99931640625,0.3053335239225998
54101,54200,100,2969.4536156779923,0.0013566572087074747,0.9997835391759873,0.9991015625,0.3554647911549546
54201,54300,100,2974.9799547239945,0.0005229809790398576,0.9999210667610169,0.999658203125,0.08275769432948436
54301,54400,100,2980.4754508519873,0.000868634691596526,0.999868169426918,0.9994921875,0.19908086396928412
54401,54500,100,2985.994333448987,0.0010094108562770999,0.9998348069190979,0.999453125,0.19818835897138343
54501,54600,100,2991.485191856993,0.0011715035616362002,0.9998234140872956,0.999306640625,0.2249384675989859
54601,54700,100,2996.9779503499885,0.0014582023190814653,0.9997884219884873,0.999248046875,0.26534549566102217
54701,54800,100,3002.4455128039826,0.0007584909346405766,0.9998860746622086,0.999560546875,0.218932434465969
54801,54900,100,3007.9300601739833,0.0009399299773940584,0.9998575937747955,0.999423828125,0.18431427378964144
54901,55000,100,3013.41278802297,0.0008249496625649045,0.9998632907867432,0.99947265625,0.17616508482722565
55001,55100,100,3018.915628314973,0.001306517639732192,0.9997949349880219,0.99916015625,0.2959329138312023
55101,55200,100,3024.374226421978,0.0009429188306603464,0.9998559665679931,0.999423828125,0.19328065791865812
55201,55300,100,3029.901526326974,0.0015003096901637035,0.9997867918014527,0.9992578125,0.2939988752943464
55301,55400,100,3035.449242474975,0.0010876708344039797,0.9998421305418015,0.999384765625,0.2173720294632949
55401,55500,100,3040.97030974498,0.0008993631244993594,0.9998421317338944,0.999345703125,0.32263265673420394
55501,55600,100,3046.462597276981,0.0009639482336933724,0.9998201590776443,0.999111328125,0.24912219970370642
55601,55700,100,3051.919404714996,0.0009497030704915233,0.9998632884025573,0.999521484375,0.21601261155621615
55701,55800,100,3057.3678925689965,0.0009580232571897796,0.9998339945077896,0.999228515625,0.19809186749858781
55801,55900,100,3062.8480681250003,0.00021808896944094157,0.9999625688791275,0.999814453125,0.0435075635247631
55901,56000,100,3068.336309023007,5.09433340994292e-06,1.0,1.0,0.00014842546959698667
56001,56100,100,3073.811302687014,1.1570539450644901e-06,1.0,1.0,1.716872605811659e-05
56101,56200,100,3079.301883402002,2.652932441549183e-07,1.0,1.0,6.508551712158805e-06
56201,56300,100,3084.792193457013,8.617146825429245e-08,1.0,1.0,6.338412794093529e-07
56301,56400,100,3090.2999781300114,8.679186265680982e-08,1.0,1.0,6.750502410568515e-07
56401,56500,100,3095.797610424006,9.299437245147146e-08,1.0,1.0,7.699834361574176e-07
56501,56600,100,3101.3477781920137,9.387557462048335e-08,1.0,1.0,1.389053571756449e-06
56601,56700,100,3106.8478942550137,9.134363246232624e-08,1.0,1.0,1.6276167912110394e-06
56701,56800,100,3112.338225946025,8.652204485315451e-08,1.0,1.0,1.1456070495796667e-06
56801,56900,100,3117.8537022590335,8.400109237527431e-08,1.0,1.0,1.1207319738559818e-06
56901,57000,100,3123.36628800403,8.268545180101228e-08,1.0,1.0,1.3685282021924649e-06
57001,57100,100,3128.9109919660314,0.0027104306454062764,0.9996720468997955,0.99888671875,1.5883243173726793
57101,57200,100,3134.4447293940157,0.002279252739126605,0.9997404062747955,0.999130859375,0.799085380177712
57201,57300,100,3139.927406018018,0.0015507338952647843,0.9997867941856384,0.999052734375,0.49552070324250963
57301,57400,100,3145.466586887018,0.001947499858242736,0.9997550570964813,0.999111328125,0.47776599837176037
57401,57500,100,3151.0045899090164,0.0013670633145920874,0.9998128348588944,0.99923828125,0.3350534038757905
57501,57600,100,3156.5191203480063,0.001261197319454368,0.9998307406902314,0.999248046875,0.25472557474451607
57601,57700,100,3162.074674083997,0.001633573467415772,0.999780285358429,0.9991796875,0.4030361932236701
57701,57800,100,3167.596654566998,0.0010209567866058932,0.9998478275537491,0.9993359375,0.1532538653886877
57801,57900,100,3173.0965352669955,0.001481641883838165,0.9997827237844468,0.99923828125,0.3557265145331621
57901,58000,100,3178.5917367309958,0.0009790964225703646,0.9998413169384003,0.999345703125,0.3041230207297485
58001,58100,100,3184.0498242529884,0.0006650987663761043,0.9998966544866562,0.99955078125,0.13139658301864984
58101,58200,100,3189.4867697359987,0.0015446795464413299,0.9997721463441849,0.99919921875,0.36296448145178145
58201,58300,100,3194.9173146409994,0.0011937417663466477,0.9998128354549408,0.999208984375,0.293032120593125
58301,58400,100,3200.330252771999,0.0009137066772927937,0.9998852574825287,0.9996484375,0.15655072218665736
58401,58500,100,3205.7874095419847,0.0008296748010843658,0.9998657268285751,0.99953125,0.159957048850265
58501,58600,100,3211.2552205359825,0.001099438599885616,0.9998584055900573,0.999423828125,0.2162446685798932
58601,58700,100,3216.727183713987,0.0010989272586994048,0.9998486405611038,0.999423828125,0.222085850732401
58701,58800,100,3222.154445287986,0.0010492268242342107,0.9998307371139527,0.999345703125,0.19099651568511036
58801,58900,100,3227.608495885981,0.001289887148896014,0.9998160880804062,0.999296875,0.2672372665384319
58901,59000,100,3233.042890761979,0.001191088224259147,0.9998095804452896,0.999267578125,0.24946944952593186
59001,59100,100,3238.466413683971,0.0012590150047071802,0.9998331820964813,0.99939453125,0.1920350805099588
59101,59200,100,3243.9040368579717,0.000873084842787648,0.999855967760086,0.999404296875,0.23105969412019475
59201,59300,100,3249.373533146978,0.0006656545063924568,0.9998885148763657,0.999501953125,0.14851288070203736
59301,59400,100,3254.852135243971,0.0010447708228093688,0.9998388773202896,0.999287109375,0.22477692537475377
59401,59500,100,3260.2879997149703,0.0014046379672072362,0.9997892361879349,0.999189453125,0.3292654072050937
59501,59600,100,3265.7340732139655,0.0007161682713012851,0.9998860746622086,0.9995703125,0.178194787055254
59601,59700,100,3271.1764854029734,0.0009040767255646642,0.9998315525054932,0.99921875,0.27090883173048497
59701,59800,100,3276.599493657961,0.0010854436954832636,0.9998356193304062,0.999404296875,0.2214978636120213
59801,59900,100,3282.029037217955,0.0013486482812731992,0.9998087656497955,0.999365234375,0.25242070585140025
59901,60000,100,3287.557311330964,0.0008130111814898555,0.9998380625247956,0.99927734375,0.2657158864312805
60001,60100,100,3293.076156225965,0.0015087266835143965,0.9997819119691849,0.999072265625,0.26915887601324356
60101,60200,100,3298.7445895549645,0.0008152472311667224,0.9998730528354645,0.999541015625,0.16269358241319423
60201,60300,100,3304.2776833549633,0.0010832603704329813,0.9998478281497956,0.999482421875,0.17743317019660027
60301,60400,100,3309.7893036109726,0.0012488098828362126,0.9998063266277313,0.999208984375,0.30345651431358417
60401,60500,100,3315.299768012983,0.0009763311188544321,0.9998600327968598,0.999443359375,0.13721880950499327
60501,60600,100,3320.8583033889918,0.0005581369805759095,0.9999226933717728,0.999697265625,0.07464782581257168
60601,60700,100,3326.411065210992,4.187267347788293e-06,1.0,1.0,0.00013906030129874126
60701,60800,100,3331.961678682983,1.096180584454487e-06,1.0,1.0,2.1486945606739027e-05
60801,60900,100,3337.5000093709878,2.2582789078740005e-07,1.0,1.0,2.4413617381924268e-06
60901,61000,100,3343.048398627994,8.151941536027607e-08,1.0,1.0,6.74332264907207e-07
61001,61100,100,3348.602236739991,8.432732002461308e-08,1.0,1.0,8.01247964545837e-07
61101,61200,100,3354.1427091949918,9.095031479944282e-08,1.0,1.0,7.885753376513094e-07
61201,61300,100,3359.714610714991,0.00016645312304966353,0.999976401925087,0.99986328125,0.0753722209206694
61301,61400,100,3365.2629197799815,0.0011488664155331208,0.9998535263538361,0.99931640625,0.2678105980728287
61401,61500,100,3370.739604340988,0.0012700527339075051,0.9998160898685455,0.999228515625,0.2594420532390359
61501,61600,100,3376.253441579993,0.001334978634035906,0.9998112082481384,0.9991796875,0.22859065993194236
61601,61700,100,3381.797713180995,0.0009888043896353338,0.9998575949668884,0.99939453125,0.17917713214817924
61701,61800,100,3387.3244711569914,0.00283323814826872,0.9996736758947372,0.998994140625,0.398619990037987
61801,61900,100,3392.870526259985,0.0009720109411682642,0.9998641014099121,0.999443359375,0.19923066354356705
61901,62000,100,3398.4437529579845,0.0013350376762355154,0.9998112070560455,0.999287109375,0.26476602440234276
62001,62100,100,3404.0132870909747,0.0012756154342969239,0.9998169034719467,0.999345703125,0.41199985359562563
62101,62200,100,3409.5793490089745,0.0009448603816417744,0.9998527103662491,0.999326171875,0.20688049063901418
62201,62300,100,3415.1214576849634,0.0012019395576226089,0.9998112058639527,0.999267578125,0.20020038264832693
62301,62400,100,3420.6562039439614,0.0009556509565663874,0.999847828745842,0.99935546875,0.24532698595663532
62401,62500,100,3426.2021969069574,0.0009590411881799809,0.999852711558342,0.999365234375,0.21454503017419482
62501,62600,100,3431.7525140049584,0.0009956720034824684,0.9998470139503479,0.9993359375,0.2653965595259797
62601,62700,100,3437.294931257966,0.00036695679562399164,0.9999373412132263,0.999697265625,0.07069561745331157
62701,62800,100,3442.846844158965,0.0008373693702742458,0.9998754960298538,0.999423828125,0.11941907242144226
62801,62900,100,3448.434310192979,0.000957666933618384,0.9998478281497956,0.99935546875,0.30852645074541213
62901,63000,100,3454.009163730976,0.001118122688094445,0.9998543375730514,0.999482421875,0.21044553594081664
63001,63100,100,3459.526693976977,0.000894856564609654,0.9998632907867432,0.99943359375,0.14292129869572817
63101,63200,100,3465.054246380987,0.0010213801619283914,0.9998274838924408,0.999306640625,0.2603185196960112
63201,63300,100,3470.606188201986,0.0010440279044632917,0.9998510825634003,0.99947265625,0.17866420051839668
63301,63400,100,3476.141685442988,0.0010867486166171148,0.9998226010799408,0.999228515625,0.23388029381632805
63401,63500,100,3481.65762180998,0.00033552957486790544,0.9999340885877609,0.999638671875,0.06986278993426823
63501,63600,100,3487.172545709969,0.0009109466789504949,0.9998510813713074,0.9993359375,0.17211279737879523
63601,63700,100,3492.711671279956,0.0010816259002422157,0.9998226022720337,0.999228515625,0.24415222163079306
63701,63800,100,3498.2448230589544,0.0001778304704794209,0.9999674499034882,0.999814453125,0.031867518295912306
63801,63900,100,3503.766466090956,4.245973468641751e-06,1.0,1.0,0.001139470665511908
63901,64000,100,3509.2851349479497,5.8830796916709e-07,1.0,1.0,1.2747090704579022e-05
64001,64100,100,3514.8428239029545,1.52286742647334e-07,1.0,1.0,2.8792153921131105e-06
64101,64200,100,3520.405452277955,7.555963698280265e-08,1.0,1.0,6.492454372164502e-07
64201,64300,100,3525.9930237839453,8.87371640345691e-08,1.0,1.0,7.052719200828506e-07
64301,64400,100,3531.5683907719686,9.339309755773684e-08,1.0,1.0,1.2216602908665664e-06
64401,64500,100,3537.151922383966,8.679414506218564e-08,1.0,1.0,1.555694653916362e-06
64501,64600,100,3542.737562223969,8.238445268204941e-08,1.0,1.0,1.0631395616655937e-06
64601,64700,100,3548.3138332359795,7.884302647198637e-08,1.0,1.0,7.141754190342908e-07
64701,64800,100,3553.8744909959823,7.798279860082858e-08,1.0,1.0,8.217985762826174e-07
64801,64900,100,3559.450040401978,7.698115311427501e-08,1.0,1.0,6.358049068921901e-07
64901,65000,100,3565.0210059719884,7.668731264232065e-08,1.0,1.0,6.897752669487999e-07
65001,65100,100,3570.569544372982,7.61921583602998e-08,1.0,1.0,6.867384209385818e-07
65101,65200,100,3576.114599555978,7.571408538353808e-08,1.0,1.0,6.071321720924061e-07
65201,65300,100,3581.6884906139767,7.559689159108985e-08,1.0,1.0,6.663652615657156e-07
65301,65400,100,3587.237192255974,7.528034167592069e-08,1.0,1.0,6.197456349354979e-07
65401,65500,100,3592.7890556579823,7.944259653669406e-08,1.0,1.0,2.789281675177335e-06
65501,65600,100,3598.3554091979768,7.351936801569536e-08,1.0,1.0,5.486270842425256e-07
65601,65700,100,3603.9294880019697,7.472950237286114e-08,1.0,1.0,8.386698934259584e-07
65701,65800,100,3609.4947826189764,7.461075909986903e-08,1.0,1.0,7.19141609692997e-07
65801,65900,100,3615.0678246879634,7.467401388794315e-08,1.0,1.0,7.161768900232346e-07
65901,66000,100,3620.6198396699656,7.440616229814623e-08,1.0,1.0,6.591018370727398e-07
66001,66100,100,3626.203288512972,7.447028679052891e-08,1.0,1.0,7.683468726327192e-07
66101,66200,100,3631.764467317975,7.433805862433474e-08,1.0,1.0,8.349763317028192e-07
66201,66300,100,3637.35928803999,7.422940448975623e-08,1.0,1.0,7.956236009931672e-07
66301,66400,100,3642.9448486739984,7.453828999359758e-08,1.0,1.0,1.3063176436389767e-06
66401,66500,100,3648.559806510015,7.373590207748748e-08,1.0,1.0,8.170412866093102e-07
66501,66600,100,3654.1690651060308,7.398842633676849e-08,1.0,1.0,8.182540290135875e-07
66601,66700,100,3659.7275554480348,7.43251528234623e-08,1.0,1.0,1.216895448123978e-06
66701,66800,100,3665.3415105980403,7.342303582902332e-08,1.0,1.0,8.881505578983706e-07
66801,66900,100,3670.922402897055,7.379595267309468e-08,1.0,1.0,1.0600641235214426e-06
66901,67000,100,3676.5161621630614,7.388695038912374e-08,1.0,1.0,1.196558220613042e-06
67001,67100,100,3682.1022631570486,7.360997869909624e-08,1.0,1.0,1.2474636707793252e-06
67101,67200,100,3687.7024275530457,7.364451604985334e-08,1.0,1.0,1.041639292225227e-06
67201,67300,100,3693.3043313030466,0.006299601089349523,0.9993188560009003,0.99734375,2.2782160337039032
67301,67400,100,3698.896488985043,0.004931645760598258,0.9994620895385742,0.9983203125,1.7232336049561854
67401,67500,100,3704.49322505304,0.0018401878936833782,0.9997485458850861,0.99892578125,0.4603315757325618
67501,67600,100,3710.0229925880303,0.0017694918479355692,0.9997444778680802,0.9988671875,0.5779317127919057
67601,67700,100,3715.5856301260246,0.0018431523738581745,0.9997387856245041,0.998701171875,0.5236322939611273
67701,67800,100,3721.1285801320155,0.0009775702164574796,0.999868986606598,0.999365234375,0.24784515134233515
67801,67900,100,3726.7033675210205,0.0012404802177752572,0.9997998148202896,0.99896484375,0.5847310602135258
67901,68000,100,3732.295856981018,0.0010604120892412539,0.9998608499765396,0.999326171875,0.23842788837791887
68001,68100,100,3737.8426466960154,0.0013369161754872038,0.9998079532384873,0.999150390625,0.5099459091189783
68101,68200,100,3743.432323813022,0.0012906915047551592,0.9998250418901443,0.999169921875,0.24301773914368824
68201,68300,100,3748.990592500031,0.0011612224350392353,0.9998209738731384,0.99919921875,0.345856507018907
68301,68400,100,3754.5793518370265,0.0012886784009378972,0.999794932603836,0.99912109375,0.3425421900692163
68401,68500,100,3760.1846813450175,0.0012401296418192943,0.9998063254356384,0.998955078125,0.3035270993079757
68501,68600,100,3765.747787471004,0.0009690197698728298,0.9998722416162491,0.999453125,0.2982168509037001
68601,68700,100,3771.343727567024,0.0010278370817923134,0.9998429453372956,0.999287109375,0.21491951028554468
68701,68800,100,3776.9668195160302,0.0012085868177928204,0.9998209726810455,0.9992578125,0.2725772052959655
68801,68900,100,3782.561912125042,0.00133082691000709,0.9998087644577026,0.999248046875,0.3534279260772746
68901,69000,100,3788.1774082510346,0.0006492328345802889,0.999882008433342,0.9994140625,0.16187006439780816
69001,69100,100,3793.7804788550275,0.0010027307262498652,0.9998339945077896,0.99923828125,0.21989247049670665
69101,69200,100,3799.3808051890355,0.00118443539119653,0.9998299252986907,0.999296875,0.28585509933240244
69201,69300,100,3804.9878544950316,0.0006101590329808459,0.9998893308639526,0.999443359375,0.1892091526693548
69301,69400,100,3810.570980576016,0.0010922695611770906,0.9998234140872956,0.99919921875,0.2662262704072054
69401,69500,100,3816.1574579070184,0.001251297292083109,0.9998193448781967,0.999287109375,0.1999015475937631
69501,69600,100,3821.791743240021,0.0008771256785985315,0.9998673588037491,0.999443359375,0.26291024273552466
69601,69700,100,3827.3904156190256,0.0008534701114149357,0.9998746836185455,0.999423828125,0.2173876662645489
69701,69800,100,3832.951048620016,0.000826251572534602,0.9998624753952027,0.999375,0.16607223498343957
69801,69900,100,3838.5318714020086,0.0015160024915348914,0.9997680789232254,0.998876953125,0.31011897055141163
69901,70000,100,3844.127792357014,0.0010165580542616226,0.9998689848184585,0.99943359375,0.14389261467847972
70001,70100,100,3849.7179442970155,0.00026959128253793095,0.9999536174535751,0.999716796875,0.05394321106810821
70101,70200,100,3855.290210224013,0.0016494370575128414,0.9997615659236908,0.999150390625,0.3721119394595735
70201,70300,100,3860.954582779006,0.0008293047538154496,0.9998706138134003,0.999375,0.23934247651020996
70301,70400,100,3866.5685107010104,0.0016532635392377416,0.999781910777092,0.99919921875,0.33748204088798955
70401,70500,100,3872.161796220018,0.0007816802209345042,0.9998771250247955,0.999453125,0.17466708498075603
70501,70600,100,3877.722754866012,0.0008884292739730882,0.9998665457963943,0.9994140625,0.20970076266152318
70601,70700,100,3883.275486214021,0.0010867602896996688,0.9998339945077896,0.999296875,0.22246223513560837
70701,70800,100,3888.8576543570125,0.0008550415587706084,0.999878751039505,0.999443359375,0.14956314938375725
70801,70900,100,3894.432433953005,0.0008863054323774122,0.9998510837554931,0.999326171875,0.15151955590758007
70901,71000,100,3900.0228889580085,0.001362967908767132,0.9998225992918015,0.999384765625,0.22968706280822515
71001,71100,100,3905.6150586560216,0.001172339165204903,0.9998160928487778,0.999287109375,0.309567524016602
71101,71200,100,3911.18041476701,0.00033836000590781623,0.9999389678239823,0.99974609375,0.06194754517608089
71201,71300,100,3916.740789679021,2.227568784860523e-06,1.0,1.0,0.0001284367030893918
71301,71400,100,3922.3028356200175,4.2080610199946024e-07,1.0,1.0,1.2861550694651668e-05
71401,71500,100,3927.8875139780193,9.858363988257678e-08,1.0,1.0,1.5393004287034273e-06
71501,71600,100,3933.4416447980147,5.749847677094522e-08,1.0,1.0,7.69070096566793e-07
71601,71700,100,3939.0093681710187,7.525072970082647e-08,1.0,1.0,1.4292167588791927e-06
71701,71800,100,3944.5821202900206,8.981069782976191e-08,1.0,1.0,1.0534024346497972e-06
71801,71900,100,3950.147438857013,0.0009514155802671098,0.9999088573455811,0.999716796875,0.133208626015458
71901,72000,100,3955.686268942007,0.0015495745195948985,0.9998282968997956,0.9993359375,0.23019648500776385
72001,72100,100,3961.248388128004,0.001593027906783391,0.9997672641277313,0.999033203125,0.40926735247077883
72101,72200,100,3966.820804345003,0.0015635165716412303,0.9997892379760742,0.99916015625,0.4664787272072863
72201,72300,100,3972.375625120001,0.0013229616716944293,0.9998217874765396,0.999287109375,0.23333351000153926
72301,72400,100,3977.9145687960117,0.0009010490454420505,0.999875494837761,0.99951171875,0.1896495724032866
72401,72500,100,3983.4976905270123,0.001080968691749149,0.9998567801713943,0.99939453125,0.25474552483821755
72501,72600,100,3989.05091621101,0.0010881278900524193,0.999864102602005,0.999482421875,0.23172612113470678
72601,72700,100,3994.6636017830115,0.0013766373707858293,0.9998217874765396,0.999345703125,0.35472928670002146
72701,72800,100,4000.2738407729976,0.0011878336527297506,0.9998445725440979,0.999365234375,0.1954954879602883
72801,72900,100,4005.8830636239873,0.001165673964251255,0.9998356223106384,0.999306640625,0.4353152708435664
72901,73000,100,4011.4730133799967,0.0010259968936952646,0.9998462015390396,0.999326171875,0.19179552381392567
73001,73100,100,4017.070731593998,0.0009684773692970338,0.9998592215776444,0.99943359375,0.2074251353275031
73101,73200,100,4022.6912630330116,0.0010865379810320519,0.999839688539505,0.999326171875,0.20648267375247087
73201,73300,100,4028.2895489510083,0.0010291424478054978,0.9998624736070633,0.99947265625,0.1479759033920709
73301,73400,100,4033.8768257580123,0.0007762479680059187,0.9998673582077027,0.99943359375,0.1524830055050552
73401,73500,100,4039.4766199220103,0.0008961897732388024,0.9998877030611039,0.99947265625,0.14921785080572592
73501,73600,100,4045.0734666680146,0.0009554763804590038,0.9998559647798538,0.9994140625,0.1952008828081307
73601,73700,100,4050.6961852730037,0.001230866284831791,0.9998266690969467,0.999296875,0.2074487490026513
73701,73800,100,4056.3172770910132,0.0005730907032011601,0.9999039816856384,0.999443359375,0.16620205614191946
73801,73900,100,4061.9426789560257,0.0007481258405096014,0.9998933988809585,0.99953125,0.11874436502635945
73901,74000,100,4067.509038574033,7.212505794313984e-06,1.0,1.0,0.002258433057777438
74001,74100,100,4073.0211232640286,6.099630269318368e-07,1.0,1.0,1.4808279356657294e-05
74101,74200,100,4078.5381416860273,1.4649486104190146e-07,1.0,1.0,3.010239125842418e-06
74201,74300,100,4084.0652880710186,6.528175379827416e-08,1.0,1.0,1.2182700754692633e-06
74301,74400,100,4089.5469646900146,0.0002718554648384597,0.9999560570716858,0.999794921875,0.06946560625406278
74401,74500,100,4095.0546299380057,0.0014587138849037728,0.9997998148202896,0.999296875,0.3519240748358425
74501,74600,100,4100.6026083770175,0.0017822961735146237,0.999805508852005,0.9994921875,0.29100007280416323
74601,74700,100,4106.1203046010105,0.000802965618795497,0.9998657304048538,0.9994140625,0.18358962966012768
74701,74800,100,4111.633279318014,0.001126780390886779,0.9998380613327026,0.999384765625,0.1591084580749157
74801,74900,100,4117.160883975996,0.0010731258786654508,0.9998502701520919,0.999423828125,0.2645141319197137
74901,75000,100,4122.703722888993,0.0010693755114880331,0.9998274838924408,0.99927734375,0.19941740735492203
75001,75100,100,4128.216659491009,0.0009356054582167417,0.9998681718111038,0.999462890625,0.19344593412883115
75101,75200,100,4133.73723310401,0.00041825511180604736,0.9999373424053192,0.99966796875,0.06084092427176074
75201,75300,100,4139.254556191008,0.0014955532350359136,0.9998014408349991,0.99923828125,0.2959603702445747
75301,75400,100,4144.783022443009,0.0012611032995755523,0.9998372477293015,0.99935546875,0.21473441372159868
75401,75500,100,4150.300941513011,0.0008378401068512176,0.9998722416162491,0.99951171875,0.19957675358280538
75501,75600,100,4155.836358658013,0.001304694784403182,0.9998160910606384,0.9993359375,0.29285740296007134
75601,75700,100,4161.386244349002,0.001132485383495805,0.9998307353258133,0.999365234375,0.2881906402207096
75701,75800,100,4166.926910061002,0.0008028119650225563,0.9998681724071503,0.999482421875,0.24608743168413638
75801,75900,100,4172.492086518014,0.000538588179697399,0.9999226933717728,0.999697265625,0.11313505170372082
75901,76000,100,4178.044946829012,0.0010747741069280891,0.9998234152793884,0.999267578125,0.43614366739289834
76001,76100,100,4183.644083853003,0.0009142131595217506,0.999859219789505,0.999443359375,0.24244091953034513
76101,76200,100,4189.197898321012,0.0010456218705439824,0.9998364335298539,0.99931640625,0.23117192973382772
76201,76300,100,4194.80916598301,0.0005492502677498124,0.9999178105592728,0.99966796875,0.11160971761448309
76301,76400,100,4200.406879283024,0.001064370961394161,0.9998486423492432,0.999365234375,0.19698488258640282
76401,76500,100,4206.034269321019,0.001014315883439849,0.9998584055900573,0.999521484375,0.13399670981511008
76501,76600,100,4211.661202924024,0.0008470706493426405,0.999868985414505,0.999453125,0.20575426116469317
76601,76700,100,4217.2528003350235,0.0013814731803904578,0.999803883433342,0.99927734375,0.24183875661459753
76701,76800,100,4222.843397290026,0.0010406273957778466,0.9998632889986038,0.9994921875,0.16418972508166918
76801,76900,100,4228.418100975032,0.0010468485124147265,0.9998470139503479,0.999345703125,0.17971846872940658
76901,77000,100,4233.979990272048,0.0009002450866864819,0.9998697990179062,0.999443359375,0.24827178561710753
77001,77100,100,4239.593070789046,4.7590609030976336e-05,0.9999926769733429,0.999951171875,0.009617999272959423
77101,77200,100,4245.163652439051,1.3765666273002353e-06,1.0,1.0,5.646952573442831e-05
77201,77300,100,4250.741671105041,3.110142336026911e-07,1.0,1.0,7.336410948255434e-06
77301,77400,100,4256.303769961045,1.1112766422627373e-07,1.0,1.0,3.2426243365080155e-06
77401,77500,100,4261.889805854051,7.131580552766081e-08,1.0,1.0,8.156781871093699e-07
77501,77600,100,4267.445783569061,9.342626164254853e-08,1.0,1.0,9.476904290295351e-07
77601,77700,100,4273.021813621066,1.0079608600221946e-07,1.0,1.0,2.5130411171403465e-06
77701,77800,100,4278.5957400190655,8.462386709595648e-08,1.0,1.0,1.554544284090298e-06
77801,77900,100,4284.183207637061,9.1646692723657e-08,1.0,1.0,2.789055736798218e-06
77901,78000,100,4289.773375576049,7.879355472084626e-08,1.0,1.0,9.922654220417826e-07
78001,78100,100,4295.3267460580555,8.266795312295017e-08,1.0,1.0,8.084386627160711e-07
78101,78200,100,4300.86907798504,8.217173537161671e-08,1.0,1.0,6.931973899781951e-07
78201,78300,100,4306.449431971034,8.208150795496749e-08,1.0,1.0,7.798207843734417e-07
78301,78400,100,4311.973955191044,8.24643525021429e-08,1.0,1.0,1.3652742063641199e-06
78401,78500,100,4317.535580126052,8.090174127062255e-08,1.0,1.0,8.204648059972896e-07
78501,78600,100,4323.077256989049,2.9330422698592426e-07,1.0,1.0,0.00046130874850859984
78601,78700,100,4328.63995412905,0.002462170167740965,0.9996785610914231,0.998720703125,0.8380117643318227
78701,78800,100,4334.243856840063,0.0016324123713957305,0.9998079532384873,0.99927734375,0.46786028213566166
78801,78900,100,4339.8842529910635,0.0014396337556900106,0.9997998148202896,0.99916015625,0.3215552609349834
78901,79000,100,4345.438766076053,0.0013581531038971662,0.9998087668418885,0.999189453125,0.3294948086765362
79001,79100,100,4350.969935819068,0.0007896805507698445,0.9998722416162491,0.999482421875,0.20905642408702987
79101,79200,100,4356.525375557061,0.001699687585232823,0.999786793589592,0.999248046875,0.33159358410106504
79201,79300,100,4362.093733550068,0.0006419145593918074,0.9998966562747955,0.999423828125,0.15177050442551263
79301,79400,100,4367.654379631065,0.0012180209653070051,0.9998299223184586,0.999296875,0.36696673491504045
79401,79500,100,4373.184930555066,0.0006697215221629449,0.999897466301918,0.99951171875,0.17902134240663145
79501,79600,100,4378.723796789069,0.0017455328048663432,0.999768893122673,0.9991796875,0.343874435837497
79601,79700,100,4384.288304177066,0.0008853327594260918,0.9998722416162491,0.999453125,0.20156180013087577
79701,79800,100,4389.861456015067,0.0013228241651995632,0.9997916775941849,0.999052734375,0.3174026111292187
79801,79900,100,4395.450876098055,0.000852824043581677,0.9998730558156967,0.999423828125,0.2098666245790082
79901,80000,100,4401.0232364260555,0.0012657226432565948,0.9998405027389526,0.999462890625,0.1972733889525989
80001,80100,100,4406.552235555058,0.0009769176798681656,0.9998535245656968,0.999365234375,0.21568085682753008
80101,80200,100,4412.1254301500485,0.0011657900271165999,0.9998445725440979,0.99935546875,0.3457733887829818
80201,80300,100,4417.715221113045,0.0011404628192758536,0.9998315525054932,0.99927734375,0.31113115436048244
80301,80400,100,4423.298977732051,0.0013640883914104052,0.9997998142242431,0.999296875,0.43421606127580165
80401,80500,100,4428.876106787038,0.0009060806350044004,0.9998657327890396,0.9994921875,0.212228427149239
80501,80600,100,4434.4518896920345,0.00046719973165181727,0.9999121171236038,0.99953125,0.1203590514024836
80601,80700,100,4440.0396101150345,4.086469558615135e-06,1.0,1.0,0.001372751154085563
80701,80800,100,4445.5959201680325,5.286262177151002e-07,1.0,1.0,1.458590175388963e-05
80801,80900,100,4451.197848205018,1.341184427872122e-07,1.0,1.0,2.6357657520748033e-06
80901,81000,100,4456.804990810027,0.0002304955726805247,0.9999536156654358,0.999794921875,0.09922570827517518
81001,81100,100,4462.393544085033,0.0005381669146709101,0.9999039787054061,0.999521484375,0.20215591774904168
81101,81200,100,4467.958222524028,0.0010453744683491095,0.9998575931787491,0.999423828125,0.21182717005402082
81201,81300,100,4473.531987744025,0.0011303548627165582,0.9998201608657837,0.999228515625,0.5304166382231051
81301,81400,100,4479.128999021019,0.0006864331289307302,0.9999137419462204,0.999619140625,0.0976150427380344
81401,81500,100,4484.733783696012,0.0006227253802717314,0.9998795676231385,0.999345703125,0.19163999721436994
81501,81600,100,4490.29796054201,0.000907955019201836,0.9998632884025573,0.999462890625,0.30689213537494653
81601,81700,100,4495.848589948006,0.0007369004261636292,0.9998779380321503,0.99947265625,0.1782115267001791
81701,81800,100,4501.400369052,0.001226656113549325,0.9998307394981384,0.999375,0.2544136745366268
81801,81900,100,4506.950475979,0.0009802138937357084,0.9998575937747955,0.999404296875,0.24331525808433072
81901,82000,100,4512.469928676981,0.0007055984027647355,0.9998950272798538,0.999482421875,0.14578064473025734
82001,82100,100,4518.02839169298,0.001047350773906146,0.9998657304048538,0.99947265625,0.23972568366792985
82101,82200,100,4523.522880393992,0.0009448354883716092,0.9998657298088074,0.999501953125,0.18177768847788683
82201,82300,100,4529.039473210996,0.0010051617896351672,0.9998470133543015,0.99939453125,0.20813628549338317
82301,82400,100,4534.58059629299,0.0010046598249391536,0.9998470145463944,0.999365234375,0.3183313954086043
82401,82500,100,4540.0973993319785,0.0009705104428121558,0.9998632907867432,0.99943359375,0.16557706840103492
82501,82600,100,4545.621142192997,0.0005240752416239047,0.9999113011360169,0.999580078125,0.09730681418179302
82601,82700,100,4551.128667696998,0.0011791485114554235,0.999816905260086,0.999306640625,0.2775717368797632
82701,82800,100,4556.649357825992,0.001083766341171213,0.9998722404241562,0.9995703125,0.16485500048089308
82801,82900,100,4562.227135777992,0.0010194106099970669,0.9998592185974121,0.999462890625,0.19258340359258
82901,83000,100,4567.786804954985,0.0005134017701516314,0.9999202543497085,0.99962890625,0.11890268771865521
83001,83100,100,4573.362933077977,0.001059537529777117,0.9998494547605514,0.999462890625,0.33851552503329
83101,83200,100,4578.943276787981,0.0005352796995703102,0.9999235093593597,0.999609375,0.08651286996027921
83201,83300,100,4584.486582869968,0.0011347936115271295,0.9998396891355514,0.9993359375,0.25485553121892734
83301,83400,100,4590.0136534849735,0.00017882170544226029,0.999962568283081,0.9998046875,0.08099250396713614
83401,83500,100,4595.55678719798,0.001063470567037257,0.9998429453372956,0.999375,0.22330776734423124
83501,83600,100,4601.140050996981,0.0005606503607305058,0.9998990941047669,0.999541015625,0.13894543276255716
83601,83700,100,4606.676093747987,0.001106598896703872,0.9998510819673538,0.99951171875,0.3870759491575882
83701,83800,100,4612.202847389988,0.001040105926904289,0.9998437589406968,0.999306640625,0.18223634415946435
83801,83900,100,4617.710301819983,0.0008064863830077229,0.9998795664310456,0.999501953125,0.18245462880062405
83901,84000,100,4623.232747124981,0.0012527445177056506,0.9998543381690979,0.999521484375,0.1282292736170348
84001,84100,100,4628.768829059982,0.0011027841524628456,0.9998388755321502,0.99939453125,0.24271631060750223
84101,84200,100,4634.317746942983,0.0008475454641484248,0.9998787516355514,0.999521484375,0.2318139354127925
84201,84300,100,4639.847718996994,0.0006193241061464506,0.9999056047201157,0.999609375,0.1467115090158768
84301,84400,100,4645.383759666991,0.0008768581287858979,0.9998641031980514,0.99939453125,0.152960986092221
84401,84500,100,4650.940161375005,0.0006603720514976885,0.9998933982849121,0.999521484375,0.14687641288444866
84501,84600,100,4656.464337297008,0.0009423143971253012,0.9998600345849991,0.999453125,0.18966219625028316
84601,84700,100,4662.082044171009,0.0005814141401242523,0.9999007230997086,0.9994921875,0.18560900026292074
84701,84800,100,4667.648490355021,0.0007237818976545896,0.9998901456594467,0.999462890625,0.17367945774662075
84801,84900,100,4673.177284621017,0.0009354617662847886,0.9998649197816849,0.99943359375,0.20039970451849512
84901,85000,100,4678.718602697032,0.0009896602339085803,0.9998584055900573,0.999501953125,0.2180221444158815
85001,85100,100,4684.293051809025,3.3072170958803325e-05,0.9999918633699417,0.999921875,0.010415502233736334
85101,85200,100,4689.872715755024,1.390946316064401e-06,1.0,1.0,4.9832891381811354e-05
85201,85300,100,4695.443668876011,2.7951967865647023e-07,1.0,1.0,7.079175561557349e-06
85301,85400,100,4701.037112188014,8.341884871754246e-08,1.0,1.0,1.633675652215061e-06
85401,85500,100,4706.6051230250105,6.494622066810507e-08,1.0,1.0,8.893172122270698e-07
85501,85600,100,4712.208469427998,8.750658722078697e-08,1.0,1.0,1.8952987733200643e-06
85601,85700,100,4717.75103712001,9.312366309188746e-08,1.0,1.0,1.2914126676832893e-06
85701,85800,100,4723.27464824002,0.001080005055581381,0.9998828154802323,0.99955078125,0.20966661289157115
85801,85900,100,4728.85539085002,0.0010035638539420688,0.999878751039505,0.99958984375,0.3490176473680185
85901,86000,100,4734.42908696403,0.0013256118393883299,0.999834805727005,0.999375,0.30509110766812225
86001,86100,100,4739.967833499033,0.0008725834628558005,0.9998722422122955,0.999501953125,0.2691284186084522
86101,86200,100,4745.51683259602,0.0008609985260000031,0.9998608493804931,0.9994140625,0.16063592968974263
86201,86300,100,4751.081929250016,0.0011062324839076609,0.9998535227775573,0.999453125,0.19159862340369727
86301,86400,100,4756.6611060460145,0.0004601218674838492,0.9999381560087204,0.999716796875,0.06741203077195677
86401,86500,100,4762.21260594002,0.0010171600878220487,0.9998527121543884,0.99935546875,0.22130272330628942
86501,86600,100,4767.821418398027,0.0007795621950208442,0.9998836350440979,0.999453125,0.17528021630540025
86601,86700,100,4773.41489240002,0.0008742619325175838,0.9998868876695632,0.99953125,0.14229090497305152
86701,86800,100,4778.984498786009,3.759114972012867e-06,0.9999991863965988,0.999990234375,0.0007178956573079631
86801,86900,100,4784.523859224013,4.751799568225579e-07,1.0,1.0,1.939703029620432e-05
86901,87000,100,4790.114935206031,1.1773459775099582e-07,1.0,1.0,2.865227612574017e-06
87001,87100,100,4795.668531280038,6.314705746746086e-08,1.0,1.0,1.2896866871869861e-06
87101,87200,100,4801.272054185041,7.499326123650008e-08,1.0,1.0,1.0179441079571915e-06
87201,87300,100,4806.890123862047,8.989242544998888e-08,1.0,1.0,2.2758985011250844e-06
87301,87400,100,4812.440406293046,8.513730890058468e-08,1.0,1.0,1.6795290554227904e-06
87401,87500,100,4818.037968462046,8.435214795099455e-08,1.0,1.0,1.8287762515001305e-06
87501,87600,100,4823.642735986034,8.071797992670326e-08,1.0,1.0,1.0302875239176501e-06
87601,87700,100,4829.242592679024,8.797153910222733e-08,1.0,1.0,4.458297563019187e-06
87701,87800,100,4834.811907109019,8.037593225651563e-08,1.0,1.0,7.291282906862761e-07
87801,87900,100,4840.400051594019,8.178338916309257e-08,1.0,1.0,8.424950493690631e-07
87901,88000,100,4846.002215727027,8.129687358859883e-08,1.0,1.0,9.302070986905164e-07
88001,88100,100,4851.585132782018,8.092900053213725e-08,1.0,1.0,8.985884136336609e-07
88101,88200,100,4857.180761526026,1.209753591382423e-06,1.0,1.0,0.00951516121004488
88201,88300,100,4862.784990324013,0.006192550031674102,0.9993449038267136,0.99794921875,1.4535221953246218
88301,88400,100,4868.374022460006,0.0009382032739154056,0.9998632901906968,0.999326171875,0.42815429461363236
88401,88500,100,4873.959435209003,0.0013603635748495435,0.999817717075348,0.999248046875,0.2721153760550078
88501,88600,100,4879.548795011995,0.0023366153584265703,0.9997493582963943,0.999248046875,0.3734706343739526
88601,88700,100,4885.145540182999,0.0013470873751521139,0.999825040102005,0.999326171875,0.38441629317123444
88701,88800,100,4890.716813494986,0.0005805052140340195,0.9998942142724991,0.9994140625,0.15315179997938685
88801,88900,100,4896.35715532299,0.00026342808656750096,0.999966636300087,0.999794921875,0.03737657776655397
88901,89000,100,4901.956013959985,0.0006482710315162876,0.9999080473184585,0.99955078125,0.13842971717192995
89001,89100,100,4907.576587645979,0.000884529685599773,0.9998535239696502,0.999287109375,0.2947536112071248
89101,89200,100,4913.1485739249765,0.0009552113949575869,0.9998535251617432,0.999375,0.22438544950215145
89201,89300,100,4918.776254056967,1.3852821145974304e-05,0.9999967455863953,0.9999609375,0.004197641902283067
89301,89400,100,4924.42210469298,6.427538147590894e-07,1.0,1.0,9.042111673352338e-05
89401,89500,100,4930.00605847698,1.461938726521339e-07,1.0,1.0,4.530289436388557e-06
89501,89600,100,4935.5924175219825,6.005740136316717e-08,1.0,1.0,2.092567669933487e-06
89601,89700,100,4941.200681090975,6.708198945659661e-08,1.0,1.0,1.7408286140607744e-06
89701,89800,100,4946.762053977971,8.5913581102659e-08,1.0,1.0,1.324494610344118e-06
89801,89900,100,4952.248047159963,8.698406119833635e-08,1.0,1.0,2.4800202572805573e-06
89901,90000,100,4957.740144483956,7.972294035596406e-08,1.0,1.0,7.12806082105999e-07
90001,90100,100,4963.213893077949,8.132364975210749e-08,1.0,1.0,6.989232298337811e-07
90101,90200,100,4968.658656155947,8.118957893543666e-08,1.0,1.0,7.655062034928051e-07
90201,90300,100,4974.130968780946,8.092880825927296e-08,1.0,1.0,8.241145269494155e-07
90301,90400,100,4979.587130736942,8.028134594439962e-08,1.0,1.0,7.639984244178777e-07
90401,90500,100,4985.1282228899345,8.63610460299924e-08,1.0,1.0,4.613255757135448e-06
90501,90600,100,4990.648278880944,7.887291474162339e-08,1.0,1.0,9.309913036759099e-07
90601,90700,100,4996.161151357943,7.902299472561936e-08,1.0,1.0,9.367016946271179e-07
90701,90800,100,5001.666892525949,7.910147886036612e-08,1.0,1.0,9.184493865177501e-07
90801,90900,100,5007.172818824951,7.889959626083964e-08,1.0,1.0,9.844494883282096e-07
90901,91000,100,5012.684193152945,7.892239132445412e-08,1.0,1.0,1.3635349034757382e-06
91001,91100,100,5018.16381697295,7.816540424698815e-08,1.0,1.0,1.048697621968131e-06
91101,91200,100,5023.645348183945,0.009402780888868917,0.9990584421157837,0.99673828125,1.5871672197966837
91201,91300,100,5029.165816289937,0.0020412747576642686,0.9997697061300278,0.999130859375,0.4734123939619167
91301,91400,100,5034.655845397943,0.001606717803670108,0.9997762161493301,0.9990625,0.4375786464731209
91401,91500,100,5040.167871188945,0.0006456280403199343,0.9999047923088074,0.99951171875,0.20508864685019945
91501,91600,100,5045.6558930299525,0.00131501620062636,0.9998299252986907,0.999248046875,0.36823153565535904
91601,91700,100,5051.135149418953,0.0013036731111060362,0.9998226010799408,0.99923828125,0.44020426466915524
91701,91800,100,5056.597997231946,0.0017005028215953644,0.9997802829742432,0.999130859375,0.30766758547455536
91801,91900,100,5062.059296781936,0.0011993973084827303,0.9998193466663361,0.9991796875,0.3207603007680154
91901,92000,100,5067.549001381947,0.0008943203085891582,0.9998689872026444,0.99939453125,0.32281703686108815
92001,92100,100,5073.133444006948,0.0009870747795230272,0.999855967760086,0.999287109375,0.25651127654360606
92101,92200,100,5078.709562429944,0.000964122426726135,0.9998689848184585,0.99943359375,0.2492281542395358
92201,92300,100,5084.268664640946,0.0009791344800896696,0.9998624753952027,0.999404296875,0.24973722615031874
92301,92400,100,5089.82944965895,0.0010085059896800886,0.999861661195755,0.999423828125,0.1699876060630777
92401,92500,100,5095.427100892935,0.0013833221160530229,0.9998087656497955,0.999267578125,0.2759543225658126
92501,92600,100,5101.007420087939,0.0009309894109719608,0.999862477183342,0.999384765625,0.217063570888713
92601,92700,100,5106.610268405941,0.0014964752921105173,0.9998038852214813,0.99923828125,0.36291731832840013
92701,92800,100,5112.221436500928,0.0005172028796278028,0.9999292057752609,0.999638671875,0.07103002976320567
92801,92900,100,5117.8009000599195,0.0007911629940053899,0.9998828196525573,0.99943359375,0.13300091267738026
92901,93000,100,5123.347335056911,0.0010269628233800176,0.9998323649168015,0.99923828125,0.2885569606983336
93001,93100,100,5128.927058871908,0.0011224672429489147,0.9998405033349991,0.9993359375,0.2381633834252716
93101,93200,100,5134.488453641901,0.0006771171678303745,0.9998933988809585,0.9994921875,0.1715517966436164
93201,93300,100,5140.050245228915,0.0010976991421375714,0.9998478269577027,0.999345703125,0.251238671260071
93301,93400,100,5145.609492239906,0.0015992078172621404,0.9997843515872955,0.999189453125,0.38558157538238447
93401,93500,100,5151.1461640048965,1.588097986655157e-05,0.9999975591897965,0.999970703125,0.008762176786185592
93501,93600,100,5156.659634378893,0.0007700127203275997,0.9998925828933716,0.999541015625,0.13504874530082817
93601,93700,100,5162.192149386892,0.0011436226603473187,0.9998641031980514,0.99951171875,0.16534275516256458
93701,93800,100,5167.740287885903,0.0008947022866504995,0.9998649168014526,0.9994140625,0.20769984857324744
93801,93900,100,5173.275795966902,0.0008862628154065532,0.9998600333929062,0.999423828125,0.19705099015001906
93901,94000,100,5178.871561032907,0.0009139030318056029,0.9998657327890396,0.99939453125,0.22683205156528857
94001,94100,100,5184.4517875179135,0.0007490026054711052,0.9998706132173538,0.9994140625,0.22109942043200134
94101,94200,100,5190.041011640929,0.0010793981939332298,0.9998421287536621,0.9994140625,0.2619561241939664
94201,94300,100,5195.621766901921,0.0003866866228008803,0.9999283909797668,0.999599609375,0.09595020392152946
94301,94400,100,5201.217723428927,0.0008232018799753859,0.9998722410202027,0.999462890625,0.19510303403134457
94401,94500,100,5206.7802509639405,0.0009994941578133877,0.9998201602697372,0.999267578125,0.3297680629504612
94501,94600,100,5212.348149067937,0.0008249877586422371,0.9998689872026444,0.999501953125,0.21684765215497465
94601,94700,100,5217.897365022922,0.0010897853576625493,0.9998396915197373,0.999365234375,0.2800238843745319
94701,94800,100,5223.484473965918,0.0008243693556778453,0.9998852616548538,0.999521484375,0.13314224208850647
94801,94900,100,5229.0615362009175,0.0008145684622195404,0.9999039775133133,0.999638671875,0.1726734804228181
94901,95000,100,5234.581668577914,0.000817608292300065,0.9998771244287491,0.999443359375,0.18469363082316703
95001,95100,100,5240.149919594907,0.0014072589911211253,0.9998169034719467,0.9993359375,0.2802300413203193
95101,95200,100,5245.6875121879,0.001391136207080308,0.9998055082559586,0.999248046875,0.22794759025418898
95201,95300,100,5251.257770751896,0.00045460575649030943,0.9999259489774704,0.999609375,0.09268771665199893
95301,95400,100,5256.861217517884,0.00037220771688680545,0.9999300199747085,0.999638671875,0.09396654758427758
95401,95500,100,5262.460980145901,0.0009747489807978126,0.9998486411571502,0.9993359375,0.19617546608438716
95501,95600,100,5268.012521402894,0.0010344632932810782,0.9998665434122086,0.999521484375,0.1836636071137036
95601,95700,100,5273.578198870882,0.0005188103277214396,0.9999251359701157,0.999658203125,0.08808259410812752
95701,95800,100,5279.15621837688,0.000985555565712275,0.9998714274168015,0.99951171875,0.2304308527195826
95801,95900,100,5284.7633328188895,0.0008883038274416321,0.9998779392242432,0.99951171875,0.17343898301245644
95901,96000,100,5290.383235654894,0.0009523034590347379,0.9998779368400573,0.999580078125,0.16682061658240854
96001,96100,100,5296.018591527896,0.0007280036976681003,0.9998925846815109,0.999599609375,0.13969088667217874
96101,96200,100,5301.622984830885,0.0004994714653412302,0.9999292051792145,0.999677734375,0.06909475124790333
96201,96300,100,5307.191812911884,0.0008691685933445115,0.9998730570077896,0.9993359375,0.2133062657271512
96301,96400,100,5312.779522510886,0.0007577578903828908,0.9998811912536621,0.99955078125,0.18333089139632647
96401,96500,100,5318.375505507884,0.0008025867311971524,0.9998624765872955,0.99943359375,0.24933716771862235
96501,96600,100,5323.939477737878,0.0008567365396856986,0.9998836332559585,0.999619140625,0.15055880425774376
96601,96700,100,5329.546486926878,0.0006672561680261424,0.9998966538906098,0.999482421875,0.12173803014477017
96701,96800,100,5335.19090478488,0.00027303785355798027,0.999950362443924,0.9996875,0.052081276331737175
96801,96900,100,5340.836290923884,0.0003729277325123803,0.999938970208168,0.999677734375,0.07589261615357827
96901,97000,100,5346.440408194896,0.0010484164340277856,0.9998575919866561,0.999453125,0.18512114775396185
97001,97100,100,5352.0060009718945,0.00020426578252909168,0.9999674499034882,0.9998046875,0.0347525684388529
97101,97200,100,5357.6037842659025,1.1761680369204442e-06,1.0,1.0,7.196929216661374e-05
97201,97300,100,5363.190234693888,2.418325147601763e-07,1.0,1.0,7.254533597915724e-06
97301,97400,100,5368.757498854893,7.417073518922735e-08,1.0,1.0,2.187577343306657e-06
97401,97500,100,5374.286579509879,6.209908619325688e-08,1.0,1.0,1.648515682290963e-06
97501,97600,100,5379.824664323884,0.0010769857229511004,0.9998738670349121,0.999541015625,0.15776971102127846
97601,97700,100,5385.440214870872,0.0009622013436887756,0.9998722410202027,0.999521484375,0.22406153126532444
97701,97800,100,5391.040864813871,0.0006684362813439293,0.9998942124843597,0.999501953125,0.15785198522295105
97801,97900,100,5396.635417128871,0.0008714710473032028,0.9998616623878479,0.999326171875,0.21210270929266697
97901,98000,100,5402.218205566873,0.0009952305539900409,0.9998567795753479,0.999482421875,0.21130977386143057
98001,98100,100,5407.804902834872,0.0008999367287378845,0.9998754960298538,0.9994921875,0.13647059109644033
98101,98200,100,5413.4135919828805,0.0009373413794946828,0.9998535263538361,0.99935546875,0.25147046817000956
98201,98300,100,5419.034284201876,0.0009977894896928774,0.9998567801713943,0.999453125,0.2863920858810889
98301,98400,100,5424.695080942873,0.0001626695468462458,0.9999796569347381,0.99986328125,0.028093564205482834
98401,98500,100,5430.329930925869,1.7504907742704746e-06,1.0,1.0,0.0005388164544092433
98501,98600,100,5435.964716967872,2.556307799750357e-07,1.0,1.0,7.477257080381605e-06
98601,98700,100,5441.563218773874,7.425587739362527e-08,1.0,1.0,1.4094122445840186e-06
98701,98800,100,5447.101486501879,6.401942712841447e-08,1.0,1.0,1.1897279068762145e-06
98801,98900,100,5452.701369444871,8.494871778452761e-08,1.0,1.0,4.0544639836070924e-06
98901,99000,100,5458.302977786867,9.279178513565966e-08,1.0,1.0,1.932400573423365e-06
99001,99100,100,5463.896712067864,1.414266370858286e-07,1.0,1.0,1.6982558407789837e-05
99101,99200,100,5469.515394895865,6.945343809405813e-08,1.0,1.0,1.1660023568538236e-06
99201,99300,100,5475.116969790868,8.69091483224338e-08,1.0,1.0,1.6584672709996085e-06
99301,99400,100,5480.669769619868,0.0017359087070967405,0.9997957438230515,0.999130859375,0.5301426369681047
99401,99500,100,5486.295492636871,0.0018659425939813446,0.9997705179452896,0.99912109375,0.6712974145176122
99501,99600,100,5491.90464301387,0.0011879500815246047,0.9998649138212204,0.99953125,0.1833893460752006
99601,99700,100,5497.4995074618655,0.0011400508784572593,0.9998543351888657,0.999443359375,0.280085688252293
99701,99800,100,5503.1234098048535,0.0009125243580683673,0.9998795664310456,0.99943359375,0.22978474895789985
99801,99900,100,5508.763300451859,0.0012957076928069,0.9998356181383133,0.999345703125,0.2595964822929818
99901,100000,100,5514.393487215846,0.0007853424085078587,0.999887700676918,0.99958984375,0.18085251886514014
