arm,update,role,length,words,prefix_exact_count,state_correct_count,token_correct_count,token_denominator,E,E_low95,E_high95,A,A_low95,A_high95,M,state_ce,injection_coefficient
conservative_input,500,dev,1,4096,4096,4096,4096,4096,1.0,0.9990630225926348,0.9999999999999999,1.0,0.9990630225926348,0.9999999999999999,1.0,0.001955057390688353,1.0000000000000001e-07
conservative_input,500,dev,2,4096,4095,4095,8191,8192,0.999755859375,0.9986182969663738,0.9999569018847606,0.999755859375,0.9986182969663738,0.9999569018847606,0.9998779296875,0.015256020433270123,1.0000000000000001e-07
conservative_input,500,dev,3,4096,220,220,8411,12288,0.0537109375,0.047215509167164486,0.06104269137026889,0.0537109375,0.047215509167164486,0.06104269137026889,0.6844889322916666,3.937928886524503,1.0000000000000001e-07
conservative_input,500,dev,4,4096,4,67,8478,16384,0.0009765625,0.000379829567061715,0.0025084428063047127,0.016357421875,0.012901468019013623,0.020719700068872332,0.5174560546875,4.095399840400205,1.0000000000000001e-07
conservative_input,500,dev,5,4096,1,71,8549,20480,0.000244140625,4.309811523941186e-05,0.0013817030336260863,0.017333984375,0.01376571558724534,0.02180674746664186,0.417431640625,4.099320882582106,1.0000000000000001e-07
conservative_input,500,dev,6,4096,0,70,8619,24576,0.0,0.0,0.0009369774073651883,0.01708984375,0.0135493413532538,0.021535297959133087,0.3507080078125,4.099233820219524,1.0000000000000001e-07
conservative_input,500,dev,7,4096,0,75,8694,28672,0.0,0.0,0.0009369774073651883,0.018310546875,0.014633183903943853,0.022890574115944584,0.30322265625,4.096472045057453,1.0000000000000001e-07
conservative_input,500,dev,8,4096,0,51,8745,32768,0.0,0.0,0.0009369774073651883,0.012451171875,0.009483101104023409,0.016332887119857586,0.266876220703125,4.0995409662718885,1.0000000000000001e-07
conservative_input,500,dev,9,4096,0,70,8815,36864,0.0,0.0,0.0009369774073651883,0.01708984375,0.0135493413532538,0.021535297959133087,0.23912217881944445,4.097673403623048,1.0000000000000001e-07
conservative_input,500,dev,10,4096,0,75,8890,40960,0.0,0.0,0.0009369774073651883,0.018310546875,0.014633183903943853,0.022890574115944584,0.217041015625,4.0964588426286355,1.0000000000000001e-07
conservative_input,500,dev,11,4096,0,65,8955,45056,0.0,0.0,0.0009369774073651883,0.015869140625,0.012470639018872916,0.020174881586012418,0.19875266335227273,4.0970625131740235,1.0000000000000001e-07
conservative_input,500,dev,12,4096,0,74,9029,49152,0.0,0.0,0.0009369774073651883,0.01806640625,0.014416028944668636,0.02261990533371949,0.18369547526041666,4.0964336332981475,1.0000000000000001e-07
conservative_input,500,ood_dev,1,4096,4096,4096,4096,4096,1.0,0.9990630225926348,0.9999999999999999,1.0,0.9990630225926348,0.9999999999999999,1.0,0.0019438960568436414,1.0000000000000001e-07
conservative_input,500,ood_dev,2,4096,4095,4095,8191,8192,0.999755859375,0.9986182969663738,0.9999569018847606,0.999755859375,0.9986182969663738,0.9999569018847606,0.9998779296875,0.015128925836506824,1.0000000000000001e-07
conservative_input,500,ood_dev,3,4096,235,235,8426,12288,0.057373046875,0.0506572079640723,0.06491834869586573,0.057373046875,0.0506572079640723,0.06491834869586573,0.6857096354166666,3.9623607633863003,1.0000000000000001e-07
conservative_input,500,ood_dev,4,4096,1,41,8467,16384,0.000244140625,4.309811523941186e-05,0.0013817030336260863,0.010009765625,0.0073873457194077235,0.013550405089470172,0.51678466796875,4.097394355747383,1.0000000000000001e-07
conservative_input,500,ood_dev,5,4096,0,73,8540,20480,0.0,0.0,0.0009369774073651883,0.017822265625,0.014199063362519719,0.022349047174368093,0.4169921875,4.096365389646962,1.0000000000000001e-07
conservative_input,500,ood_dev,6,4096,0,63,8603,24576,0.0,0.0,0.0009369774073651883,0.015380859375,0.012040724876904885,0.019629148244979834,0.3500569661458333,4.097242903721053,1.0000000000000001e-07
conservative_input,500,ood_dev,7,4096,0,72,8675,28672,0.0,0.0,0.0009369774073651883,0.017578125,0.013982290939508705,0.022077995855878798,0.3025599888392857,4.098589367873501,1.0000000000000001e-07
conservative_input,500,ood_dev,8,4096,0,72,8747,32768,0.0,0.0,0.0009369774073651883,0.017578125,0.013982290939508705,0.022077995855878798,0.266937255859375,4.099136433331296,1.0000000000000001e-07
conservative_input,500,ood_dev,9,4096,0,65,8812,36864,0.0,0.0,0.0009369774073651883,0.015869140625,0.012470639018872916,0.020174881586012418,0.2390407986111111,4.09906316845445,1.0000000000000001e-07
conservative_input,500,ood_dev,10,4096,0,62,8874,40960,0.0,0.0,0.0009369774073651883,0.01513671875,0.011826124044008677,0.01935592533637573,0.216650390625,4.097505261248443,1.0000000000000001e-07
conservative_input,500,ood_dev,11,4096,0,66,8940,45056,0.0,0.0,0.0009369774073651883,0.01611328125,0.01268594169611479,0.020447402650270854,0.19841974431818182,4.098637164279353,1.0000000000000001e-07
conservative_input,500,ood_dev,12,4096,0,61,9001,49152,0.0,0.0,0.0009369774073651883,0.014892578125,0.011611768142410793,0.019082457496473304,0.18312581380208334,4.0974452520604245,1.0000000000000001e-07
conservative_input,500,ood_dev,13,4096,0,77,9078,53248,0.0,0.0,0.0009369774073651883,0.018798828125,0.01506804743850219,0.023431358064386867,0.17048527644230768,4.0997795239673,1.0000000000000001e-07
conservative_input,500,ood_dev,14,4096,0,67,9145,57344,0.0,0.0,0.0009369774073651883,0.016357421875,0.012901468019013623,0.020719700068872332,0.15947614397321427,4.096072743355762,1.0000000000000001e-07
conservative_input,500,ood_dev,15,4096,0,54,9199,61440,0.0,0.0,0.0009369774073651883,0.01318359375,0.010118659410882703,0.017160800037499223,0.14972330729166666,4.098779585212469,1.0000000000000001e-07
conservative_input,500,ood_dev,16,4096,0,68,9267,65536,0.0,0.0,0.0009369774073651883,0.0166015625,0.013117213150496153,0.020991778678890113,0.1414031982421875,4.097963382257149,1.0000000000000001e-07
conservative_input,500,ood_dev,17,4096,0,63,9330,69632,0.0,0.0,0.0009369774073651883,0.015380859375,0.012040724876904885,0.019629148244979834,0.13399011948529413,4.098853965930175,1.0000000000000001e-07
conservative_input,500,ood_dev,18,4096,0,71,9401,73728,0.0,0.0,0.0009369774073651883,0.017333984375,0.01376571558724534,0.02180674746664186,0.1275092230902778,4.096392963023391,1.0000000000000001e-07
conservative_input,500,ood_dev,19,4096,0,80,9481,77824,0.0,0.0,0.0009369774073651883,0.01953125,0.015721675338006252,0.02424120138938373,0.121826171875,4.097890835313592,1.0000000000000001e-07
conservative_input,500,ood_dev,20,4096,0,53,9534,81920,0.0,0.0,0.0009369774073651883,0.012939453125,0.009906496085844563,0.016885139621037056,0.1163818359375,4.09867267194204,1.0000000000000001e-07
conservative_input,500,ood_dev,21,4096,0,70,9604,86016,0.0,0.0,0.0009369774073651883,0.01708984375,0.0135493413532538,0.021535297959133087,0.11165364583333333,4.096573534363415,1.0000000000000001e-07
conservative_input,500,ood_dev,22,4096,0,67,9671,90112,0.0,0.0,0.0009369774073651883,0.016357421875,0.012901468019013623,0.020719700068872332,0.10732199928977272,4.0967028922750615,1.0000000000000001e-07
conservative_input,500,ood_dev,23,4096,0,69,9740,94208,0.0,0.0,0.0009369774073651883,0.016845703125,0.013333172427690648,0.02126364314319593,0.10338824728260869,4.098175088700373,1.0000000000000001e-07
conservative_input,500,ood_dev,24,4096,0,59,9799,98304,0.0,0.0,0.0009369774073651883,0.014404296875,0.011183814817094736,0.01853476333878874,0.09968058268229167,4.095383007603232,1.0000000000000001e-07
conservative_input,500,ood_dev,25,4096,0,80,9879,102400,0.0,0.0,0.0009369774073651883,0.01953125,0.015721675338006252,0.02424120138938373,0.096474609375,4.097744035650976,1.0000000000000001e-07
conservative_input,500,ood_dev,26,4096,0,70,9949,106496,0.0,0.0,0.0009369774073651883,0.01708984375,0.0135493413532538,0.021535297959133087,0.09342134915865384,4.097075797209982,1.0000000000000001e-07
conservative_input,500,ood_dev,27,4096,0,69,10018,110592,0.0,0.0,0.0009369774073651883,0.016845703125,0.013333172427690648,0.02126364314319593,0.09058521412037036,4.097823251562659,1.0000000000000001e-07
conservative_input,500,ood_dev,28,4096,0,74,10092,114688,0.0,0.0,0.0009369774073651883,0.01806640625,0.014416028944668636,0.02261990533371949,0.08799525669642858,4.099700987630058,1.0000000000000001e-07
conservative_input,500,ood_dev,29,4096,0,60,10152,118784,0.0,0.0,0.0009369774073651883,0.0146484375,0.01139766303294143,0.018808738864442356,0.08546605603448276,4.097452479589265,1.0000000000000001e-07
conservative_input,500,ood_dev,30,4096,0,83,10235,122880,0.0,0.0,0.0009369774073651883,0.020263671875,0.01637682567489716,0.025049522276993755,0.08329264322916667,4.096235416072886,1.0000000000000001e-07
conservative_input,500,ood_dev,31,4096,0,60,10295,126976,0.0,0.0,0.0009369774073651883,0.0146484375,0.01139766303294143,0.018808738864442356,0.08107831401209678,4.097578623273876,1.0000000000000001e-07
conservative_input,500,ood_dev,32,4096,0,71,10366,131072,0.0,0.0,0.0009369774073651883,0.017333984375,0.01376571558724534,0.02180674746664186,0.0790863037109375,4.096821665705647,1.0000000000000001e-07
conservative_input,500,ood_dev,33,4096,0,70,10436,135168,0.0,0.0,0.0009369774073651883,0.01708984375,0.0135493413532538,0.021535297959133087,0.07720762310606061,4.099556938570458,1.0000000000000001e-07
conservative_input,500,ood_dev,34,4096,0,60,10496,139264,0.0,0.0,0.0009369774073651883,0.0146484375,0.01139766303294143,0.018808738864442356,0.07536764705882353,4.096922068565618,1.0000000000000001e-07
conservative_input,500,ood_dev,35,4096,0,54,10550,143360,0.0,0.0,0.0009369774073651883,0.01318359375,0.010118659410882703,0.017160800037499223,0.07359095982142858,4.099972088704817,1.0000000000000001e-07
conservative_input,500,ood_dev,36,4096,0,65,10615,147456,0.0,0.0,0.0009369774073651883,0.015869140625,0.012470639018872916,0.020174881586012418,0.0719875759548611,4.096798868267797,1.0000000000000001e-07
conservative_input,1000,dev,1,102400,102400,102400,102400,102400,1.0,0.9999624871609701,1.0,1.0,0.9999624871609701,1.0,1.0,0.008958439436678418,4.0000000000000003e-07
conservative_input,1000,dev,2,102400,102329,102329,204729,204800,0.999306640625,0.9991256059557884,0.9994502144749388,0.999306640625,0.9991256059557884,0.9994502144749388,0.9996533203125,0.10946603909960687,4.0000000000000003e-07
conservative_input,1000,dev,3,102400,69357,69383,274112,307200,0.677314453125,0.6744444408102138,0.6801711623027108,0.677568359375,0.6746989278190514,0.6804244687443846,0.8922916666666667,1.0712773913555658,4.0000000000000003e-07
conservative_input,1000,dev,4,102400,28764,36369,310481,409600,0.2808984375,0.2781539388888232,0.2836593743544673,0.355166015625,0.35224035052790603,0.3581025469899778,0.75801025390625,1.9710180033971256,4.0000000000000003e-07
conservative_input,1000,dev,5,102400,8864,19414,329895,512000,0.0865625,0.08485569696908271,0.08830032145969019,0.18958984375,0.18720069328752267,0.19200228294492663,0.644326171875,2.7490047700349534,4.0000000000000003e-07
conservative_input,1000,dev,6,102400,2130,10873,340768,614400,0.02080078125,0.01994446410092761,0.021693050645384897,0.106181640625,0.1043094976004944,0.10808333013895016,0.5546354166666667,3.302397470119613,4.0000000000000003e-07
conservative_input,1000,dev,7,102400,398,6562,347330,716800,0.00388671875,0.0035237779044075077,0.004286880830912804,0.06408203125,0.06259834390378224,0.06559842363740173,0.4845563616071429,3.667784259248583,4.0000000000000003e-07
conservative_input,1000,dev,8,102400,44,4062,351392,819200,0.0004296875,0.00032011930198977835,0.0005767362994441386,0.03966796875,0.03848969201419888,0.04088078220857836,0.4289453125,3.931365912746405,4.0000000000000003e-07
conservative_input,1000,dev,9,102400,4,2315,353707,921600,3.90625e-05,1.5190744931649625e-05,0.00010044416340775962,0.022607421875,0.02171471689273928,0.023535943559135318,0.3837966579861111,4.064247540548677,4.0000000000000003e-07
conservative_input,1000,dev,10,102400,0,1842,355549,1024000,0.0,3.3881317890172014e-21,3.751283902995844e-05,0.01798828125,0.017192126975491308,0.018820598780540737,0.3472158203125,4.097965708565898,4.0000000000000003e-07
conservative_input,1000,dev,11,102400,0,1693,357242,1126400,0.0,3.3881317890172014e-21,3.751283902995844e-05,0.016533203125,0.015770133669616524,0.01733254500463848,0.31715376420454544,4.100866071844939,4.0000000000000003e-07
conservative_input,1000,dev,12,102400,0,1717,358959,1228800,0.0,3.3881317890172014e-21,3.751283902995844e-05,0.016767578125,0.01599907903589678,0.01757233205421493,0.29212158203125,4.100066854970064,4.0000000000000003e-07
conservative_input,1000,ood_dev,1,102400,102400,102400,102400,102400,1.0,0.9999624871609701,1.0,1.0,0.9999624871609701,1.0,1.0,0.008984833088818504,4.0000000000000003e-07
conservative_input,1000,ood_dev,2,102400,102346,102346,204746,204800,0.99947265625,0.99931206478972,0.9995957744355726,0.99947265625,0.99931206478972,0.9995957744355726,0.999736328125,0.10952120238508314,4.0000000000000003e-07
conservative_input,1000,ood_dev,3,102400,69696,69713,274459,307200,0.680625,0.6777626359255091,0.6834738125613913,0.680791015625,0.6779290394390751,0.6836394278423905,0.8934212239583333,1.0699757343623764,4.0000000000000003e-07
conservative_input,1000,ood_dev,4,102400,28610,36188,310647,409600,0.27939453125,0.27665459838444834,0.28215101519042834,0.3533984375,0.35047613684776024,0.356331737033871,0.75841552734375,1.9733771328622516,4.0000000000000003e-07
conservative_input,1000,ood_dev,5,102400,8481,18757,329404,512000,0.082822265625,0.08114977330731057,0.08452605698508242,0.183173828125,0.18081656641306518,0.18555485993530688,0.6433671875,2.75669722002247,4.0000000000000003e-07
conservative_input,1000,ood_dev,6,102400,1999,10682,340086,614400,0.019521484375,0.01869196175579744,0.020387055220630543,0.10431640625,0.10245902793942216,0.1062034709904961,0.553525390625,3.3087957800229195,4.0000000000000003e-07
conservative_input,1000,ood_dev,7,102400,351,6383,346469,716800,0.003427734375,0.003087906784869835,0.0038048176360644293,0.062333984375,0.06086957932737867,0.06383122561220737,0.48335518973214286,3.67486165939481,4.0000000000000003e-07
conservative_input,1000,ood_dev,8,102400,41,3913,350382,819200,0.000400390625,0.0002951763256004408,0.0005430877238513882,0.038212890625,0.03705590657759694,0.03940452056340325,0.42771240234375,3.9350564265204593,4.0000000000000003e-07
conservative_input,1000,ood_dev,9,102400,3,2368,352750,921600,2.9296875e-05,9.963630217849646e-06,8.614076079419689e-05,0.023125,0.022222158877083533,0.02406361899314129,0.3827582465277778,4.064993585533229,4.0000000000000003e-07
conservative_input,1000,ood_dev,10,102400,0,1815,354565,1024000,0.0,3.3881317890172014e-21,3.751283902995844e-05,0.017724609375,0.01693434291570592,0.018551058872487328,0.3462548828125,4.097794719715603,4.0000000000000003e-07
conservative_input,1000,ood_dev,11,102400,0,1707,356272,1126400,0.0,3.3881317890172014e-21,3.751283902995844e-05,0.016669921875,0.01590368026112528,0.0174724256557128,0.31629261363636363,4.100256579176057,4.0000000000000003e-07
conservative_input,1000,ood_dev,12,102400,0,1691,357963,1228800,0.0,3.3881317890172014e-21,3.751283902995844e-05,0.016513671875,0.01575105670713481,0.01731256093246547,0.29131103515625,4.100516372802668,4.0000000000000003e-07
conservative_input,1000,ood_dev,13,102400,0,1730,359693,1331200,0.0,3.3881317890172014e-21,3.751283902995844e-05,0.01689453125,0.016123107738719566,0.01770220007664786,0.27020207331730767,4.099674254481215,4.0000000000000003e-07
conservative_input,1000,ood_dev,14,102400,0,1725,361418,1433600,0.0,3.3881317890172014e-21,3.751283902995844e-05,0.016845703125,0.016075403021209946,0.01765225220752066,0.25210518973214285,4.099417822803371,4.0000000000000003e-07
conservative_input,1000,ood_dev,15,102400,0,1673,363091,1536000,0.0,3.3881317890172014e-21,3.751283902995844e-05,0.016337890625,0.01557937679287261,0.017132691534835136,0.23638736979166666,4.098871759881731,4.0000000000000003e-07
conservative_input,1000,ood_dev,16,102400,0,1685,364776,1638400,0.0,3.3881317890172014e-21,3.751283902995844e-05,0.016455078125,0.015693827513485862,0.01725260702215024,0.2226416015625,4.099748298518826,4.0000000000000003e-07
conservative_input,1000,ood_dev,17,102400,0,1649,366425,1740800,0.0,3.3881317890172014e-21,3.751283902995844e-05,0.016103515625,0.015350506399222991,0.016892829512628053,0.21049230238970587,4.099265863804613,4.0000000000000003e-07
conservative_input,1000,ood_dev,18,102400,0,1729,368154,1843200,0.0,3.3881317890172014e-21,3.751283902995844e-05,0.016884765625,0.01611356665865825,0.01769221063938181,0.199736328125,4.098624660524074,4.0000000000000003e-07
conservative_input,1000,ood_dev,19,102400,0,1723,369877,1945600,0.0,3.3881317890172014e-21,3.751283902995844e-05,0.016826171875,0.016056321612980526,0.017632272581095357,0.19010947779605264,4.0992904665507375,4.0000000000000003e-07
conservative_input,1000,ood_dev,20,102400,0,1740,371617,2048000,0.0,3.3881317890172014e-21,3.751283902995844e-05,0.0169921875,0.01621852227877429,0.01780209070986676,0.18145361328125,4.0995548617653546,4.0000000000000003e-07
conservative_input,1000,ood_dev,21,102400,0,1742,373359,2150400,0.0,3.3881317890172014e-21,3.751283902995844e-05,0.01701171875,0.016237605999667323,0.017822068023628457,0.173623046875,4.099302867862861,4.0000000000000003e-07
conservative_input,1000,ood_dev,22,102400,0,1723,375082,2252800,0.0,3.3881317890172014e-21,3.751283902995844e-05,0.016826171875,0.016056321612980526,0.017632272581095357,0.16649591619318183,4.099111552108079,4.0000000000000003e-07
conservative_input,1000,ood_dev,23,102400,0,1714,376796,2355200,0.0,3.3881317890172014e-21,3.751283902995844e-05,0.01673828125,0.015970458677048924,0.0175423608610807,0.15998471467391304,4.099338151782286,4.0000000000000003e-07
conservative_input,1000,ood_dev,24,102400,0,1747,378543,2457600,0.0,3.3881317890172014e-21,3.751283902995844e-05,0.017060546875,0.016285316481675992,0.017872010128256594,0.154029541015625,4.099254887693096,4.0000000000000003e-07
conservative_input,1000,ood_dev,25,102400,0,1759,380302,2560000,0.0,3.3881317890172014e-21,3.751283902995844e-05,0.017177734375,0.016399828478305734,0.017991864339555207,0.14855546875,4.098751035570167,4.0000000000000003e-07
conservative_input,1000,ood_dev,26,102400,0,1678,381980,2662400,0.0,3.3881317890172014e-21,3.751283902995844e-05,0.01638671875,0.015627063346117524,0.017182657568227042,0.14347205528846155,4.099136472027749,4.0000000000000003e-07
conservative_input,1000,ood_dev,27,102400,0,1691,383671,2764800,0.0,3.3881317890172014e-21,3.751283902995844e-05,0.016513671875,0.01575105670713481,0.01731256093246547,0.13876989293981482,4.099349685891066,4.0000000000000003e-07
conservative_input,1000,ood_dev,28,102400,0,1633,385304,2867200,0.0,3.3881317890172014e-21,3.751283902995844e-05,0.015947265625,0.015197949491931064,0.01673289814268217,0.13438337053571428,4.098814847746398,4.0000000000000003e-07
conservative_input,1000,ood_dev,29,102400,0,1774,387078,2969600,0.0,3.3881317890172014e-21,3.751283902995844e-05,0.01732421875,0.016542981932213617,0.01814166864555776,0.13034684806034483,4.09874363664072,4.0000000000000003e-07
conservative_input,1000,ood_dev,30,102400,0,1710,388788,3072000,0.0,3.3881317890172014e-21,3.751283902995844e-05,0.01669921875,0.01593229916630613,0.01750239830251404,0.12655859375,4.099093401983846,4.0000000000000003e-07
conservative_input,1000,ood_dev,31,102400,0,1739,390527,3174400,0.0,3.3881317890172014e-21,3.751283902995844e-05,0.016982421875,0.016208980519679686,0.017792101951634,0.1230238785282258,4.0990960970846935,4.0000000000000003e-07
conservative_input,1000,ood_dev,32,102400,0,1787,392314,3276800,0.0,3.3881317890172014e-21,3.751283902995844e-05,0.017451171875,0.01666706022092963,0.018271487082097467,0.1197247314453125,4.099012852744199,4.0000000000000003e-07
conservative_input,1000,ood_dev,33,102400,0,1704,394018,3379200,0.0,3.3881317890172014e-21,3.751283902995844e-05,0.016640625,0.01587506198163439,0.0174424523832216,0.1166009706439394,4.098614281590562,4.0000000000000003e-07
conservative_input,1000,ood_dev,34,102400,0,1724,395742,3481600,0.0,3.3881317890172014e-21,3.751283902995844e-05,0.0168359375,0.01606586228283863,0.01764226242856461,0.11366670496323529,4.0990539033245295,4.0000000000000003e-07
conservative_input,1000,ood_dev,35,102400,0,1689,397431,3584000,0.0,3.3881317890172014e-21,3.751283902995844e-05,0.016494140625,0.01573198002662403,0.017292576578321527,0.11089034598214285,4.099609473000746,4.0000000000000003e-07
conservative_input,1000,ood_dev,36,102400,0,1688,399119,3686400,0.0,3.3881317890172014e-21,3.751283902995844e-05,0.016484375,0.015722441792261517,0.017282584295356673,0.10826795789930556,4.0997442788281475,4.0000000000000003e-07
conservative_input,1500,dev,1,4096,4096,4096,4096,4096,1.0,0.9990630225926348,0.9999999999999999,1.0,0.9990630225926348,0.9999999999999999,1.0,0.006995968386206641,9e-07
conservative_input,1500,dev,2,4096,4093,4093,8189,8192,0.999267578125,0.9978486714629491,0.9997508799051849,0.999267578125,0.9978486714629491,0.9997508799051849,0.9996337890625,0.022363017788734396,9e-07
conservative_input,1500,dev,3,4096,4089,4090,12279,12288,0.998291015625,0.9964763422189936,0.9991719141831389,0.99853515625,0.9968075986857966,0.9993284814578364,0.999267578125,0.04025482420507842,9e-07
conservative_input,1500,dev,4,4096,4047,4051,16330,16384,0.988037109375,0.9842206673133682,0.9909389919457514,0.989013671875,0.9853320021138738,0.991778952111247,0.9967041015625,0.07077965576354472,9e-07
conservative_input,1500,dev,5,4096,3955,3977,20307,20480,0.965576171875,0.9595422298231,0.970737645217991,0.970947265625,0.9653459981138298,0.975665999240268,0.991552734375,0.12343512150005154,9e-07
conservative_input,1500,dev,6,4096,3808,3864,24171,24576,0.9296875,0.9214483726818027,0.9371214123587429,0.943359375,0.9358561096520154,0.9500318049125475,0.9835205078125,0.19512853206754244,9e-07
conservative_input,1500,dev,7,4096,3578,3694,27865,28672,0.87353515625,0.8630051925365302,0.8833651319589441,0.90185546875,0.8923643526216571,0.910593525887853,0.9718540736607143,0.2881431737279172,9e-07
conservative_input,1500,dev,8,4096,3259,3457,31322,32768,0.795654296875,0.783031485650505,0.8077230653063705,0.843994140625,0.8325599467789287,0.8547837049950079,0.95587158203125,0.42052410695578146,9e-07
conservative_input,1500,dev,9,4096,2910,3201,34523,36864,0.71044921875,0.69636730859962,0.7241367565736472,0.781494140625,0.7685785566422971,0.7938822173075601,0.9364963107638888,0.5953740208647105,9e-07
conservative_input,1500,dev,10,4096,2483,2897,37420,40960,0.606201171875,0.591145515307816,0.6210578122448189,0.707275390625,0.6931518341370186,0.7210105223967445,0.91357421875,0.8111256968509224,9e-07
conservative_input,1500,dev,11,4096,1982,2490,39910,45056,0.48388671875,0.4686047153344791,0.4991989177265004,0.60791015625,0.5928643539632876,0.6227537397798493,0.8857865767045454,1.099349432980489,9e-07
conservative_input,1500,dev,12,4096,1106,1641,41551,49152,0.27001953125,0.2566433622536081,0.2838266732530999,0.400634765625,0.38572780791785893,0.41572792929151486,0.8453572591145834,1.8473748960595913,9e-07
conservative_input,1500,ood_dev,1,4096,4096,4096,4096,4096,1.0,0.9990630225926348,0.9999999999999999,1.0,0.9990630225926348,0.9999999999999999,1.0,0.007075966139836964,9e-07
conservative_input,1500,ood_dev,2,4096,4094,4094,8190,8192,0.99951171875,0.9982212896544476,0.9998660854551866,0.99951171875,0.9982212896544476,0.9998660854551866,0.999755859375,0.02219594209435627,9e-07
conservative_input,1500,ood_dev,3,4096,4086,4088,12278,12288,0.99755859375,0.9955114747539533,0.9986733104236785,0.998046875,0.9961504506055915,0.9990099820550408,0.9991861979166666,0.04001616870078806,9e-07
conservative_input,1500,ood_dev,4,4096,4052,4059,16337,16384,0.9892578125,0.9856107816089336,0.9919879963576875,0.990966796875,0.9875743543279273,0.993439189829196,0.99713134765625,0.07297247498485149,9e-07
conservative_input,1500,ood_dev,5,4096,3969,3993,20330,20480,0.968994140625,0.9632307842127183,0.973878623209377,0.974853515625,0.9695953616072256,0.9792218156108773,0.99267578125,0.12162895450228461,9e-07
conservative_input,1500,ood_dev,6,4096,3816,3875,24205,24576,0.931640625,0.9235007973638772,0.9389715776086708,0.946044921875,0.9386986636872588,0.9525553120338074,0.9849039713541666,0.1889398940169258,9e-07
conservative_input,1500,ood_dev,7,4096,3593,3712,27917,28672,0.877197265625,0.8667910696215887,0.8868966109963902,0.90625,0.8969389906097799,0.9147997152467359,0.9736676897321429,0.28914124787456785,9e-07
conservative_input,1500,ood_dev,8,4096,3289,3488,31405,32768,0.802978515625,0.7905162005951941,0.8148730626066906,0.8515625,0.8403452097309037,0.8621209780295427,0.958404541015625,0.41665026714827036,9e-07
conservative_input,1500,ood_dev,9,4096,2974,3261,34666,36864,0.72607421875,0.7122095271795813,0.7395152574497058,0.796142578125,0.7835302693441882,0.8081999290956877,0.9403754340277778,0.5794992016437845,9e-07
conservative_input,1500,ood_dev,10,4096,2564,2945,37611,40960,0.6259765625,0.6110467609014126,0.6406702897127473,0.718994140625,0.7050284797922702,0.7325494163335079,0.9182373046875,0.7776169598555498,9e-07
conservative_input,1500,ood_dev,11,4096,2063,2568,40179,45056,0.503662109375,0.48835404484875855,0.5189633112737461,0.626953125,0.6120302156604946,0.6416381299196665,0.8917569247159091,1.066771462476936,9e-07
conservative_input,1500,ood_dev,12,4096,1166,1731,41910,49152,0.28466796875,0.27105526656307083,0.29868419343365576,0.422607421875,0.4075591737654292,0.4378007001789725,0.8526611328125,1.822057622461216,9e-07
conservative_input,1500,ood_dev,13,4096,185,438,42348,53248,0.045166015625,0.0392211761167171,0.05196319346820543,0.10693359375,0.0978353227693243,0.11676845341517664,0.7952974759615384,3.5345891801380276,9e-07
conservative_input,1500,ood_dev,14,4096,14,134,42482,57344,0.00341796875,0.0020371496844209867,0.00572936010394854,0.03271484375,0.02768989995031263,0.03861545881809409,0.7408272879464286,4.605196020169387,9e-07
conservative_input,1500,ood_dev,15,4096,0,67,42549,61440,0.0,0.0,0.0009369774073651883,0.016357421875,0.012901468019013623,0.020719700068872332,0.692529296875,4.909482388931792,9e-07
conservative_input,1500,ood_dev,16,4096,0,59,42608,65536,0.0,0.0,0.0009369774073651883,0.014404296875,0.011183814817094736,0.01853476333878874,0.650146484375,5.005380904243793,9e-07
conservative_input,1500,ood_dev,17,4096,0,73,42681,69632,0.0,0.0,0.0009369774073651883,0.017822265625,0.014199063362519719,0.022349047174368093,0.6129509420955882,4.973659772775136,9e-07
conservative_input,1500,ood_dev,18,4096,0,61,42742,73728,0.0,0.0,0.0009369774073651883,0.014892578125,0.011611768142410793,0.019082457496473304,0.5797254774305556,4.969700902773184,9e-07
conservative_input,1500,ood_dev,19,4096,0,77,42819,77824,0.0,0.0,0.0009369774073651883,0.018798828125,0.01506804743850219,0.023431358064386867,0.5502030222039473,4.949758012022357,9e-07
conservative_input,1500,ood_dev,20,4096,0,76,42895,81920,0.0,0.0,0.0009369774073651883,0.0185546875,0.014850524581988338,0.02316105717940041,0.52362060546875,4.912624576405506,9e-07
conservative_input,1500,ood_dev,21,4096,0,64,42959,86016,0.0,0.0,0.0009369774073651883,0.015625,0.012255565007829483,0.01990213185555554,0.4994303385416667,4.907595411350485,9e-07
conservative_input,1500,ood_dev,22,4096,0,68,43027,90112,0.0,0.0,0.0009369774073651883,0.0166015625,0.013117213150496153,0.020991778678890113,0.4774835759943182,4.849231869709911,9e-07
conservative_input,1500,ood_dev,23,4096,0,86,43113,94208,0.0,0.0,0.0009369774073651883,0.02099609375,0.017033419158058095,0.025856400018333753,0.4576362941576087,4.845452139590634,9e-07
conservative_input,1500,ood_dev,24,4096,0,77,43190,98304,0.0,0.0,0.0009369774073651883,0.018798828125,0.01506804743850219,0.023431358064386867,0.4393513997395833,4.844637228001375,9e-07
conservative_input,1500,ood_dev,25,4096,0,91,43281,102400,0.0,0.0,0.0009369774073651883,0.022216796875,0.018130754347330184,0.02719818353656321,0.422666015625,4.799094341025921,9e-07
conservative_input,1500,ood_dev,26,4096,0,66,43347,106496,0.0,0.0,0.0009369774073651883,0.01611328125,0.01268594169611479,0.020447402650270854,0.4070293719951923,4.827073442633264,9e-07
conservative_input,1500,ood_dev,27,4096,0,62,43409,110592,0.0,0.0,0.0009369774073651883,0.01513671875,0.011826124044008677,0.01935592533637573,0.3925148292824074,4.794523328280775,9e-07
conservative_input,1500,ood_dev,28,4096,0,68,43477,114688,0.0,0.0,0.0009369774073651883,0.0166015625,0.013117213150496153,0.020991778678890113,0.37908935546875,4.74308392056264,9e-07
conservative_input,1500,ood_dev,29,4096,0,68,43545,118784,0.0,0.0,0.0009369774073651883,0.0166015625,0.013117213150496153,0.020991778678890113,0.36658977640086204,4.735491694387747,9e-07
conservative_input,1500,ood_dev,30,4096,0,62,43607,122880,0.0,0.0,0.0009369774073651883,0.01513671875,0.011826124044008677,0.01935592533637573,0.35487467447916665,4.743617314321455,9e-07
conservative_input,1500,ood_dev,31,4096,0,54,43661,126976,0.0,0.0,0.0009369774073651883,0.01318359375,0.010118659410882703,0.017160800037499223,0.3438523815524194,4.753840905090328,9e-07
conservative_input,1500,ood_dev,32,4096,0,71,43732,131072,0.0,0.0,0.0009369774073651883,0.017333984375,0.01376571558724534,0.02180674746664186,0.333648681640625,4.725314250361407,9e-07
conservative_input,1500,ood_dev,33,4096,0,68,43800,135168,0.0,0.0,0.0009369774073651883,0.0166015625,0.013117213150496153,0.020991778678890113,0.3240411931818182,4.690537993563339,9e-07
conservative_input,1500,ood_dev,34,4096,0,74,43874,139264,0.0,0.0,0.0009369774073651883,0.01806640625,0.014416028944668636,0.02261990533371949,0.3150419347426471,4.66306493312004,9e-07
conservative_input,1500,ood_dev,35,4096,0,64,43938,143360,0.0,0.0,0.0009369774073651883,0.015625,0.012255565007829483,0.01990213185555554,0.30648716517857144,4.671237145958003,9e-07
conservative_input,1500,ood_dev,36,4096,0,69,44007,147456,0.0,0.0,0.0009369774073651883,0.016845703125,0.013333172427690648,0.02126364314319593,0.2984415690104167,4.650968985748477,9e-07
conservative_input,2000,dev,1,4096,4096,4096,4096,4096,1.0,0.9990630225926348,0.9999999999999999,1.0,0.9990630225926348,0.9999999999999999,1.0,0.0019454256484436883,1.6000000000000001e-06
conservative_input,2000,dev,2,4096,4096,4096,8192,8192,1.0,0.9990630225926348,0.9999999999999999,1.0,0.9990630225926348,0.9999999999999999,1.0,0.0030318642970854626,1.6000000000000001e-06
conservative_input,2000,dev,3,4096,4096,4096,12288,12288,1.0,0.9990630225926348,0.9999999999999999,1.0,0.9990630225926348,0.9999999999999999,1.0,0.004549603017665049,1.6000000000000001e-06
conservative_input,2000,dev,4,4096,4095,4095,16383,16384,0.999755859375,0.9986182969663738,0.9999569018847606,0.999755859375,0.9986182969663738,0.9999569018847606,0.99993896484375,0.00798165110055038,1.6000000000000001e-06
conservative_input,2000,dev,5,4096,4091,4092,20475,20480,0.998779296875,0.997145424476127,0.9994784794090062,0.9990234375,0.9974915571936952,0.9996201704329383,0.999755859375,0.015001386127337923,1.6000000000000001e-06
conservative_input,2000,dev,6,4096,4078,4081,24556,24576,0.99560546875,0.9930638103960733,0.9972183848495558,0.996337890625,0.9939662587473084,0.9977794077228217,0.9991861979166666,0.02587328464728955,1.6000000000000001e-06
conservative_input,2000,dev,7,4096,4055,4066,28622,28672,0.989990234375,0.9864495949105299,0.9926126542805922,0.99267578125,0.9895635962243474,0.994864714123278,0.9982561383928571,0.042694053230135864,1.6000000000000001e-06
conservative_input,2000,dev,8,4096,4000,4016,32638,32768,0.9765625,0.9714635423988935,0.9807684010097115,0.98046875,0.9757587986106162,0.9842783246619937,0.99603271484375,0.0667164957345534,1.6000000000000001e-06
conservative_input,2000,dev,9,4096,3905,3936,36574,36864,0.953369140625,0.9464763369080933,0.9594123510579824,0.9609375,0.9545593952649127,0.9664518286876724,0.9921332465277778,0.11407993368329983,1.6000000000000001e-06
conservative_input,2000,dev,10,4096,3774,3848,40422,40960,0.92138671875,0.9127442108350373,0.9292395669944976,0.939453125,0.9317293423030818,0.9463533923974762,0.986865234375,0.16702994722619735,1.6000000000000001e-06
conservative_input,2000,dev,11,4096,3611,3736,44158,45056,0.881591796875,0.8713379539693884,0.891130553995596,0.912109375,0.9030478297998547,0.9203986458526686,0.9800692471590909,0.2369774405101026,1.6000000000000001e-06
conservative_input,2000,dev,12,4096,3366,3552,47710,49152,0.82177734375,0.8097574842118065,0.833194207085602,0.8671875,0.856449552257726,0.8772373549587402,0.9706624348958334,0.36092520909542714,1.6000000000000001e-06
conservative_input,2000,ood_dev,1,4096,4096,4096,4096,4096,1.0,0.9990630225926348,0.9999999999999999,1.0,0.9990630225926348,0.9999999999999999,1.0,0.0019352386191116011,1.6000000000000001e-06
conservative_input,2000,ood_dev,2,4096,4096,4096,8192,8192,1.0,0.9990630225926348,0.9999999999999999,1.0,0.9990630225926348,0.9999999999999999,1.0,0.003069154646695438,1.6000000000000001e-06
conservative_input,2000,ood_dev,3,4096,4096,4096,12288,12288,1.0,0.9990630225926348,0.9999999999999999,1.0,0.9990630225926348,0.9999999999999999,1.0,0.004442045596988464,1.6000000000000001e-06
conservative_input,2000,ood_dev,4,4096,4095,4095,16383,16384,0.999755859375,0.9986182969663738,0.9999569018847606,0.999755859375,0.9986182969663738,0.9999569018847606,0.99993896484375,0.007370074998931386,1.6000000000000001e-06
conservative_input,2000,ood_dev,5,4096,4088,4088,20471,20480,0.998046875,0.9961504506055915,0.9990099820550408,0.998046875,0.9961504506055915,0.9990099820550408,0.999560546875,0.015175612869072097,1.6000000000000001e-06
conservative_input,2000,ood_dev,6,4096,4077,4080,24551,24576,0.995361328125,0.9927660832938955,0.9970282882102334,0.99609375,0.9936637657680687,0.9975940769605611,0.9989827473958334,0.02340710998623763,1.6000000000000001e-06
conservative_input,2000,ood_dev,7,4096,4055,4064,28615,28672,0.989990234375,0.9864495949105299,0.9926126542805922,0.9921875,0.9889921727170213,0.9944604901476036,0.9980119977678571,0.03975906813624874,1.6000000000000001e-06
conservative_input,2000,ood_dev,8,4096,4024,4044,32659,32768,0.982421875,0.9779220041441211,0.9860177090604912,0.9873046875,0.9833908284717333,0.9903053595628853,0.996673583984375,0.05918694374094002,1.6000000000000001e-06
conservative_input,2000,ood_dev,9,4096,3944,3971,36630,36864,0.962890625,0.9566544557025598,0.9682593581820278,0.969482421875,0.963759047527144,0.974326007377952,0.99365234375,0.09737091007137622,1.6000000000000001e-06
conservative_input,2000,ood_dev,10,4096,3844,3903,40533,40960,0.9384765625,0.9306990192363365,0.9454324204982203,0.952880859375,0.9459565706946147,0.9589564697884603,0.9895751953125,0.13906019000069136,1.6000000000000001e-06
conservative_input,2000,ood_dev,11,4096,3696,3788,44321,45056,0.90234375,0.8928723632769541,0.9110611627155568,0.9248046875,0.9163247769466819,0.9324885332638574,0.9836869673295454,0.21250583997618833,1.6000000000000001e-06
conservative_input,2000,ood_dev,12,4096,3458,3619,47940,49152,0.84423828125,0.8328109384018381,0.855020537113599,0.883544921875,0.8733601817939964,0.8930109161029904,0.975341796875,0.33515935898600446,1.6000000000000001e-06
conservative_input,2000,ood_dev,13,4096,1974,2171,50111,53248,0.48193359375,0.4666554630938999,0.4972455800350772,0.530029296875,0.514723718692863,0.5452786015116751,0.9410869891826923,1.4344599105149314,1.6000000000000001e-06
conservative_input,2000,ood_dev,14,4096,296,393,50504,57344,0.072265625,0.06473049139912906,0.08060231349232788,0.095947265625,0.08730265881020331,0.1053490490067837,0.8807198660714286,4.494514979765029,1.6000000000000001e-06
conservative_input,2000,ood_dev,15,4096,18,88,50592,61440,0.00439453125,0.002781615150444107,0.006936189603926662,0.021484375,0.017471913822637443,0.02639355283675502,0.8234375,5.97835445306373,1.6000000000000001e-06
conservative_input,2000,ood_dev,16,4096,0,66,50658,65536,0.0,0.0,0.0009369774073651883,0.01611328125,0.01268594169611479,0.020447402650270854,0.772979736328125,6.709290689002955,1.6000000000000001e-06
conservative_input,2000,ood_dev,17,4096,0,78,50736,69632,0.0,0.0,0.0009369774073651883,0.01904296875,0.01528574904596704,0.023701480198422328,0.7286305147058824,7.215675801904581,1.6000000000000001e-06
conservative_input,2000,ood_dev,18,4096,0,67,50803,73728,0.0,0.0,0.0009369774073651883,0.016357421875,0.012901468019013623,0.020719700068872332,0.6890597873263888,7.581511684489669,1.6000000000000001e-06
conservative_input,2000,ood_dev,19,4096,0,71,50874,77824,0.0,0.0,0.0009369774073651883,0.017333984375,0.01376571558724534,0.02180674746664186,0.6537057976973685,7.8793143141920154,1.6000000000000001e-06
conservative_input,2000,ood_dev,20,4096,0,66,50940,81920,0.0,0.0,0.0009369774073651883,0.01611328125,0.01268594169611479,0.020447402650270854,0.621826171875,8.125809899698652,1.6000000000000001e-06
conservative_input,2000,ood_dev,21,4096,0,81,51021,86016,0.0,0.0,0.0009369774073651883,0.019775390625,0.015939893688042484,0.02451080678084781,0.5931570870535714,8.374504022400288,1.6000000000000001e-06
conservative_input,2000,ood_dev,22,4096,0,73,51094,90112,0.0,0.0,0.0009369774073651883,0.017822265625,0.014199063362519719,0.022349047174368093,0.5670055042613636,8.512389360173984,1.6000000000000001e-06
conservative_input,2000,ood_dev,23,4096,0,74,51168,94208,0.0,0.0,0.0009369774073651883,0.01806640625,0.014416028944668636,0.02261990533371949,0.5431385869565217,8.710535132178848,1.6000000000000001e-06
conservative_input,2000,ood_dev,24,4096,0,75,51243,98304,0.0,0.0,0.0009369774073651883,0.018310546875,0.014633183903943853,0.022890574115944584,0.521270751953125,8.85900398720787,1.6000000000000001e-06
conservative_input,2000,ood_dev,25,4096,0,72,51315,102400,0.0,0.0,0.0009369774073651883,0.017578125,0.013982290939508705,0.022077995855878798,0.501123046875,8.993410743056302,1.6000000000000001e-06
conservative_input,2000,ood_dev,26,4096,0,75,51390,106496,0.0,0.0,0.0009369774073651883,0.018310546875,0.014633183903943853,0.022890574115944584,0.48255333533653844,9.186598492113262,1.6000000000000001e-06
conservative_input,2000,ood_dev,27,4096,0,63,51453,110592,0.0,0.0,0.0009369774073651883,0.015380859375,0.012040724876904885,0.019629148244979834,0.4652506510416667,9.213040910832206,1.6000000000000001e-06
conservative_input,2000,ood_dev,28,4096,0,72,51525,114688,0.0,0.0,0.0009369774073651883,0.017578125,0.013982290939508705,0.022077995855878798,0.44926234654017855,9.276825450475371,1.6000000000000001e-06
conservative_input,2000,ood_dev,29,4096,0,61,51586,118784,0.0,0.0,0.0009369774073651883,0.014892578125,0.011611768142410793,0.019082457496473304,0.4342840786637931,9.432645617929666,1.6000000000000001e-06
conservative_input,2000,ood_dev,30,4096,0,82,51668,122880,0.0,0.0,0.0009369774073651883,0.02001953125,0.01615827811132198,0.024780246099068624,0.42047526041666666,9.37692322683688,1.6000000000000001e-06
conservative_input,2000,ood_dev,31,4096,0,63,51731,126976,0.0,0.0,0.0009369774073651883,0.015380859375,0.012040724876904885,0.019629148244979834,0.40740769909274194,9.549790291079262,1.6000000000000001e-06
conservative_input,2000,ood_dev,32,4096,0,67,51798,131072,0.0,0.0,0.0009369774073651883,0.016357421875,0.012901468019013623,0.020719700068872332,0.3951873779296875,9.597731157606177,1.6000000000000001e-06
conservative_input,2000,ood_dev,33,4096,0,70,51868,135168,0.0,0.0,0.0009369774073651883,0.01708984375,0.0135493413532538,0.021535297959133087,0.3837298768939394,9.629012879513539,1.6000000000000001e-06
conservative_input,2000,ood_dev,34,4096,0,66,51934,139264,0.0,0.0,0.0009369774073651883,0.01611328125,0.01268594169611479,0.020447402650270854,0.37291762408088236,9.60814404836674,1.6000000000000001e-06
conservative_input,2000,ood_dev,35,4096,0,65,51999,143360,0.0,0.0,0.0009369774073651883,0.015869140625,0.012470639018872916,0.020174881586012418,0.3627162388392857,9.67127783356409,1.6000000000000001e-06
conservative_input,2000,ood_dev,36,4096,0,75,52074,147456,0.0,0.0,0.0009369774073651883,0.018310546875,0.014633183903943853,0.022890574115944584,0.3531494140625,9.705465570018532,1.6000000000000001e-06
conservative_input,2500,dev,1,4096,4096,4096,4096,4096,1.0,0.9990630225926348,0.9999999999999999,1.0,0.9990630225926348,0.9999999999999999,1.0,0.00039785936729686,2.5000000000000006e-06
conservative_input,2500,dev,2,4096,4096,4096,8192,8192,1.0,0.9990630225926348,0.9999999999999999,1.0,0.9990630225926348,0.9999999999999999,1.0,0.0006881826448292827,2.5000000000000006e-06
conservative_input,2500,dev,3,4096,4096,4096,12288,12288,1.0,0.9990630225926348,0.9999999999999999,1.0,0.9990630225926348,0.9999999999999999,1.0,0.0011373218684092024,2.5000000000000006e-06
conservative_input,2500,dev,4,4096,4096,4096,16384,16384,1.0,0.9990630225926348,0.9999999999999999,1.0,0.9990630225926348,0.9999999999999999,1.0,0.002062393273126517,2.5000000000000006e-06
conservative_input,2500,dev,5,4096,4096,4096,20480,20480,1.0,0.9990630225926348,0.9999999999999999,1.0,0.9990630225926348,0.9999999999999999,1.0,0.004105515769069257,2.5000000000000006e-06
conservative_input,2500,dev,6,4096,4091,4091,24571,24576,0.998779296875,0.997145424476127,0.9994784794090062,0.998779296875,0.997145424476127,0.9994784794090062,0.9997965494791666,0.008917656466678636,2.5000000000000006e-06
conservative_input,2500,dev,7,4096,4079,4080,28651,28672,0.995849609375,0.9933629968413301,0.9974070221457995,0.99609375,0.9936637657680687,0.9975940769605611,0.999267578125,0.018244621682686812,2.5000000000000006e-06
conservative_input,2500,dev,8,4096,4050,4053,32704,32768,0.98876953125,0.9850536128857085,0.9915695175979121,0.989501953125,0.9858899643168433,0.9921966373912783,0.998046875,0.03468043496605944,2.5000000000000006e-06
conservative_input,2500,dev,9,4096,3995,4013,36717,36864,0.975341796875,0.9701285156377056,0.9796643090633977,0.979736328125,0.9749504777230061,0.9836231743251028,0.9960123697916666,0.05883146868078981,2.5000000000000006e-06
conservative_input,2500,dev,10,4096,3934,3976,40693,40960,0.96044921875,0.9540362633072799,0.9659993131623048,0.970703125,0.9650812750446061,0.9754428985679915,0.9934814453125,0.08669036753942194,2.5000000000000006e-06
conservative_input,2500,dev,11,4096,3843,3902,44595,45056,0.938232421875,0.9304415206592828,0.9452020953337735,0.95263671875,0.9456967591536541,0.9587284575879206,0.9897682883522727,0.13857282618651823,2.5000000000000006e-06
conservative_input,2500,dev,12,4096,3650,3750,48345,49152,0.89111328125,0.8812048260661931,0.9002888078173035,0.91552734375,0.9066165820637565,0.9236594259697711,0.98358154296875,0.21697612420911838,2.5000000000000006e-06
conservative_input,2500,ood_dev,1,4096,4096,4096,4096,4096,1.0,0.9990630225926348,0.9999999999999999,1.0,0.9990630225926348,0.9999999999999999,1.0,0.00040312181623036736,2.5000000000000006e-06
conservative_input,2500,ood_dev,2,4096,4096,4096,8192,8192,1.0,0.9990630225926348,0.9999999999999999,1.0,0.9990630225926348,0.9999999999999999,1.0,0.0006950990039698013,2.5000000000000006e-06
conservative_input,2500,ood_dev,3,4096,4096,4096,12288,12288,1.0,0.9990630225926348,0.9999999999999999,1.0,0.9990630225926348,0.9999999999999999,1.0,0.0011701286863541327,2.5000000000000006e-06
conservative_input,2500,ood_dev,4,4096,4096,4096,16384,16384,1.0,0.9990630225926348,0.9999999999999999,1.0,0.9990630225926348,0.9999999999999999,1.0,0.002298964619550148,2.5000000000000006e-06
conservative_input,2500,ood_dev,5,4096,4095,4095,20479,20480,0.999755859375,0.9986182969663738,0.9999569018847606,0.999755859375,0.9986182969663738,0.9999569018847606,0.999951171875,0.004147257612416411,2.5000000000000006e-06
conservative_input,2500,ood_dev,6,4096,4091,4091,24570,24576,0.998779296875,0.997145424476127,0.9994784794090062,0.998779296875,0.997145424476127,0.9994784794090062,0.999755859375,0.010378362616583203,2.5000000000000006e-06
conservative_input,2500,ood_dev,7,4096,4074,4075,28645,28672,0.99462890625,0.9918806406223304,0.9964502596572975,0.994873046875,0.9921745882319427,0.9966441357891856,0.9990583147321429,0.01943797829156857,2.5000000000000006e-06
conservative_input,2500,ood_dev,8,4096,4050,4055,32700,32768,0.98876953125,0.9850536128857085,0.9915695175979121,0.989990234375,0.9864495949105299,0.9926126542805922,0.9979248046875,0.03366055911174115,2.5000000000000006e-06
conservative_input,2500,ood_dev,9,4096,4009,4028,36728,36864,0.978759765625,0.9738749487182478,0.98274740836386,0.9833984375,0.9790082213211099,0.9868827868495039,0.9963107638888888,0.05241219248762974,2.5000000000000006e-06
conservative_input,2500,ood_dev,10,4096,3938,3973,40701,40960,0.96142578125,0.9550827758957496,0.9669040955398363,0.969970703125,0.964287665331574,0.9747730370565226,0.9936767578125,0.08494278015305667,2.5000000000000006e-06
conservative_input,2500,ood_dev,11,4096,3850,3918,44619,45056,0.93994140625,0.9322447036840906,0.9468136784994678,0.95654296875,0.9498596607971911,0.9623707358083885,0.9903009588068182,0.12893586451981776,2.5000000000000006e-06
conservative_input,2500,ood_dev,12,4096,3672,3748,48367,49152,0.896484375,0.8867806948121609,0.9054450613843424,0.9150390625,0.9061065120204417,0.9231938485300852,0.9840291341145834,0.23153832177990097,2.5000000000000006e-06
conservative_input,2500,ood_dev,13,4096,2285,2411,50778,53248,0.557861328125,0.5426047992931183,0.5730094274424552,0.588623046875,0.5734770683029625,0.6036029498616501,0.95361328125,1.5005008075947117,2.5000000000000006e-06
conservative_input,2500,ood_dev,14,4096,441,553,51331,57344,0.107666015625,0.0985386595117109,0.11752858789729098,0.135009765625,0.12488565692661238,0.14581784953042418,0.8951416015625,4.9662915107947185,2.5000000000000006e-06
conservative_input,2500,ood_dev,15,4096,50,130,51461,61440,0.01220703125,0.009271887142588631,0.016056277339792056,0.03173828125,0.026793100257844867,0.03756096354456061,0.8375813802083333,7.03373264488971,2.5000000000000006e-06
conservative_input,2500,ood_dev,16,4096,3,81,51542,65536,0.000732421875,0.0002491200948151938,0.0021513285370509242,0.019775390625,0.015939893688042484,0.02451080678084781,0.786468505859375,8.100686278354488,2.5000000000000006e-06
conservative_input,2500,ood_dev,17,4096,0,68,51610,69632,0.0,0.0,0.0009369774073651883,0.0166015625,0.013117213150496153,0.020991778678890113,0.7411822150735294,8.830300662616764,2.5000000000000006e-06
conservative_input,2500,ood_dev,18,4096,0,72,51682,73728,0.0,0.0,0.0009369774073651883,0.017578125,0.013982290939508705,0.022077995855878798,0.7009819878472222,9.338587416144946,2.5000000000000006e-06
conservative_input,2500,ood_dev,19,4096,0,75,51757,77824,0.0,0.0,0.0009369774073651883,0.018310546875,0.014633183903943853,0.022890574115944584,0.665051912006579,9.719380617573734,2.5000000000000006e-06
conservative_input,2500,ood_dev,20,4096,0,81,51838,81920,0.0,0.0,0.0009369774073651883,0.019775390625,0.015939893688042484,0.02451080678084781,0.6327880859375,10.030947896453654,2.5000000000000006e-06
conservative_input,2500,ood_dev,21,4096,0,74,51912,86016,0.0,0.0,0.0009369774073651883,0.01806640625,0.014416028944668636,0.02261990533371949,0.603515625,10.391870230573659,2.5000000000000006e-06
conservative_input,2500,ood_dev,22,4096,0,62,51974,90112,0.0,0.0,0.0009369774073651883,0.01513671875,0.011826124044008677,0.01935592533637573,0.5767711292613636,10.624087342429448,2.5000000000000006e-06
conservative_input,2500,ood_dev,23,4096,0,74,52048,94208,0.0,0.0,0.0009369774073651883,0.01806640625,0.014416028944668636,0.02261990533371949,0.5524796195652174,10.827513069989436,2.5000000000000006e-06
conservative_input,2500,ood_dev,24,4096,0,65,52113,98304,0.0,0.0,0.0009369774073651883,0.015869140625,0.012470639018872916,0.020174881586012418,0.530120849609375,11.078406563526642,2.5000000000000006e-06
conservative_input,2500,ood_dev,25,4096,0,63,52176,102400,0.0,0.0,0.0009369774073651883,0.015380859375,0.012040724876904885,0.019629148244979834,0.50953125,11.222170102954124,2.5000000000000006e-06
conservative_input,2500,ood_dev,26,4096,0,75,52251,106496,0.0,0.0,0.0009369774073651883,0.018310546875,0.014633183903943853,0.022890574115944584,0.49063814603365385,11.57843424383077,2.5000000000000006e-06
conservative_input,2500,ood_dev,27,4096,0,65,52316,110592,0.0,0.0,0.0009369774073651883,0.015869140625,0.012470639018872916,0.020174881586012418,0.4730541087962963,11.556784606411384,2.5000000000000006e-06
conservative_input,2500,ood_dev,28,4096,0,64,52380,114688,0.0,0.0,0.0009369774073651883,0.015625,0.012255565007829483,0.01990213185555554,0.4567173549107143,11.834363875078907,2.5000000000000006e-06
conservative_input,2500,ood_dev,29,4096,0,61,52441,118784,0.0,0.0,0.0009369774073651883,0.014892578125,0.011611768142410793,0.019082457496473304,0.44148201778017243,12.023540431999209,2.5000000000000006e-06
conservative_input,2500,ood_dev,30,4096,0,73,52514,122880,0.0,0.0,0.0009369774073651883,0.017822265625,0.014199063362519719,0.022349047174368093,0.4273600260416667,12.178541038596904,2.5000000000000006e-06
conservative_input,2500,ood_dev,31,4096,0,57,52571,126976,0.0,0.0,0.0009369774073651883,0.013916015625,0.01075691476118927,0.017986015911693586,0.4140231224798387,12.432488735158586,2.5000000000000006e-06
conservative_input,2500,ood_dev,32,4096,0,65,52636,131072,0.0,0.0,0.0009369774073651883,0.015869140625,0.012470639018872916,0.020174881586012418,0.401580810546875,12.612408451960164,2.5000000000000006e-06
conservative_input,2500,ood_dev,33,4096,0,72,52708,135168,0.0,0.0,0.0009369774073651883,0.017578125,0.013982290939508705,0.022077995855878798,0.38994436553030304,12.857742545064866,2.5000000000000006e-06
conservative_input,2500,ood_dev,34,4096,0,63,52771,139264,0.0,0.0,0.0009369774073651883,0.015380859375,0.012040724876904885,0.019629148244979834,0.3789277918198529,13.021605872556847,2.5000000000000006e-06
conservative_input,2500,ood_dev,35,4096,0,59,52830,143360,0.0,0.0,0.0009369774073651883,0.014404296875,0.011183814817094736,0.01853476333878874,0.36851283482142855,13.166258054374822,2.5000000000000006e-06
conservative_input,2500,ood_dev,36,4096,0,70,52900,147456,0.0,0.0,0.0009369774073651883,0.01708984375,0.0135493413532538,0.021535297959133087,0.3587510850694444,13.361569088897,2.5000000000000006e-06
conservative_input,3000,dev,1,4096,4096,4096,4096,4096,1.0,0.9990630225926348,0.9999999999999999,1.0,0.9990630225926348,0.9999999999999999,1.0,0.0001807819423262913,3.6e-06
conservative_input,3000,dev,2,4096,4096,4096,8192,8192,1.0,0.9990630225926348,0.9999999999999999,1.0,0.9990630225926348,0.9999999999999999,1.0,0.0003720076808120254,3.6e-06
conservative_input,3000,dev,3,4096,4096,4096,12288,12288,1.0,0.9990630225926348,0.9999999999999999,1.0,0.9990630225926348,0.9999999999999999,1.0,0.0006885975766479646,3.6e-06
conservative_input,3000,dev,4,4096,4096,4096,16384,16384,1.0,0.9990630225926348,0.9999999999999999,1.0,0.9990630225926348,0.9999999999999999,1.0,0.0012858717127386399,3.6e-06
conservative_input,3000,dev,5,4096,4096,4096,20480,20480,1.0,0.9990630225926348,0.9999999999999999,1.0,0.9990630225926348,0.9999999999999999,1.0,0.002597419264698253,3.6e-06
conservative_input,3000,dev,6,4096,4094,4094,24574,24576,0.99951171875,0.9982212896544476,0.9998660854551866,0.99951171875,0.9982212896544476,0.9998660854551866,0.9999186197916666,0.004739815204303888,3.6e-06
conservative_input,3000,dev,7,4096,4088,4089,28663,28672,0.998046875,0.9961504506055915,0.9990099820550408,0.998291015625,0.9964763422189936,0.9991719141831389,0.9996861049107143,0.00846969208640358,3.6e-06
conservative_input,3000,dev,8,4096,4081,4084,32747,32768,0.996337890625,0.9939662587473084,0.9977794077228217,0.9970703125,0.9948858699188933,0.9983232677757378,0.999359130859375,0.01411295665582335,3.6e-06
conservative_input,3000,dev,9,4096,4061,4068,36815,36864,0.991455078125,0.9881397703182205,0.9938494213219035,0.9931640625,0.9901378308615215,0.9952661269691047,0.9986707899305556,0.02254900953940364,3.6e-06
conservative_input,3000,dev,10,4096,4026,4039,40854,40960,0.98291015625,0.9784647020408669,0.9864506586467462,0.986083984375,0.9820139840883064,0.9892430852388108,0.997412109375,0.041747825187479215,3.6e-06
conservative_input,3000,dev,11,4096,3982,4006,44860,45056,0.97216796875,0.9666710641443907,0.9767800519172087,0.97802734375,0.9730698833974413,0.9820890024601655,0.9956498579545454,0.06331647880493474,3.6e-06
conservative_input,3000,dev,12,4096,3910,3958,48818,49152,0.95458984375,0.947776604127552,0.9605512025460251,0.96630859375,0.960331329020896,0.971412017244696,0.9932047526041666,0.10385442804645795,3.6e-06
conservative_input,3000,ood_dev,1,4096,4096,4096,4096,4096,1.0,0.9990630225926348,0.9999999999999999,1.0,0.9990630225926348,0.9999999999999999,1.0,0.00018031648719762927,3.6e-06
conservative_input,3000,ood_dev,2,4096,4096,4096,8192,8192,1.0,0.9990630225926348,0.9999999999999999,1.0,0.9990630225926348,0.9999999999999999,1.0,0.00036597362062451566,3.6e-06
conservative_input,3000,ood_dev,3,4096,4096,4096,12288,12288,1.0,0.9990630225926348,0.9999999999999999,1.0,0.9990630225926348,0.9999999999999999,1.0,0.0006707379511317058,3.6e-06
conservative_input,3000,ood_dev,4,4096,4096,4096,16384,16384,1.0,0.9990630225926348,0.9999999999999999,1.0,0.9990630225926348,0.9999999999999999,1.0,0.0013551077803857225,3.6e-06
conservative_input,3000,ood_dev,5,4096,4096,4096,20480,20480,1.0,0.9990630225926348,0.9999999999999999,1.0,0.9990630225926348,0.9999999999999999,1.0,0.0022463600413944462,3.6e-06
conservative_input,3000,ood_dev,6,4096,4095,4095,24575,24576,0.999755859375,0.9986182969663738,0.9999569018847606,0.999755859375,0.9986182969663738,0.9999569018847606,0.9999593098958334,0.003722730247137207,3.6e-06
conservative_input,3000,ood_dev,7,4096,4091,4091,28666,28672,0.998779296875,0.997145424476127,0.9994784794090062,0.998779296875,0.997145424476127,0.9994784794090062,0.9997907366071429,0.007468352024408098,3.6e-06
conservative_input,3000,ood_dev,8,4096,4080,4082,32748,32768,0.99609375,0.9936637657680687,0.9975940769605611,0.99658203125,0.9942706398960515,0.9979628503155791,0.9993896484375,0.013875754538031693,3.6e-06
conservative_input,3000,ood_dev,9,4096,4066,4072,36820,36864,0.99267578125,0.9895635962243474,0.994864714123278,0.994140625,0.9912959670744264,0.996059285722201,0.9988064236111112,0.021234903948788464,3.6e-06
conservative_input,3000,ood_dev,10,4096,4036,4048,40868,40960,0.9853515625,0.9811912611355577,0.9886023369670586,0.98828125,0.9844979568178159,0.9911495261828039,0.99775390625,0.0369267940222322,3.6e-06
conservative_input,3000,ood_dev,11,4096,3987,4015,44883,45056,0.973388671875,0.9679986619577605,0.9778915728113404,0.980224609375,0.9754891932191522,0.9840601063119575,0.9961603338068182,0.05792705806227261,3.6e-06
conservative_input,3000,ood_dev,12,4096,3909,3960,48843,49152,0.954345703125,0.947516451879336,0.9603235310527409,0.966796875,0.9608577781251862,0.9718612156234064,0.99371337890625,0.09596771809729088,3.6e-06
conservative_input,3000,ood_dev,13,4096,2979,3058,51901,53248,0.727294921875,0.7134480724816752,0.7407158308551134,0.74658203125,0.7330345718578885,0.7596674070574246,0.9747032752403846,0.9920949885780566,3.6e-06
conservative_input,3000,ood_dev,14,4096,652,783,52684,57344,0.1591796875,0.14829597286890797,0.1707020839966593,0.191162109375,0.17941161661914146,0.2034913503829664,0.9187360491071429,4.717760359283865,3.6e-06
conservative_input,3000,ood_dev,15,4096,56,190,52874,61440,0.013671875,0.01054387645975476,0.017711230471627787,0.04638671875,0.04035978058165302,0.053263707710771054,0.8605794270833333,6.057396656685114,3.6e-06
conservative_input,3000,ood_dev,16,4096,4,77,52951,65536,0.0009765625,0.000379829567061715,0.0025084428063047127,0.018798828125,0.01506804743850219,0.023431358064386867,0.8079681396484375,6.158401071737217,3.6e-06
conservative_input,3000,ood_dev,17,4096,0,81,53032,69632,0.0,0.0,0.0009369774073651883,0.019775390625,0.015939893688042484,0.02451080678084781,0.7616038602941176,6.162365902788224,3.6e-06
conservative_input,3000,ood_dev,18,4096,0,69,53101,73728,0.0,0.0,0.0009369774073651883,0.016845703125,0.013333172427690648,0.02126364314319593,0.7202284071180556,6.412116126975889,3.6e-06
conservative_input,3000,ood_dev,19,4096,0,65,53166,77824,0.0,0.0,0.0009369774073651883,0.015869140625,0.012470639018872916,0.020174881586012418,0.6831568667763158,6.553828269150472,3.6e-06
conservative_input,3000,ood_dev,20,4096,0,78,53244,81920,0.0,0.0,0.0009369774073651883,0.01904296875,0.01528574904596704,0.023701480198422328,0.649951171875,6.802305219654954,3.6e-06
conservative_input,3000,ood_dev,21,4096,0,67,53311,86016,0.0,0.0,0.0009369774073651883,0.016357421875,0.012901468019013623,0.020719700068872332,0.6197800409226191,7.197281330865735,3.6e-06
conservative_input,3000,ood_dev,22,4096,0,69,53380,90112,0.0,0.0,0.0009369774073651883,0.016845703125,0.013333172427690648,0.02126364314319593,0.5923739346590909,7.739205789855532,3.6e-06
conservative_input,3000,ood_dev,23,4096,0,73,53453,94208,0.0,0.0,0.0009369774073651883,0.017822265625,0.014199063362519719,0.022349047174368093,0.5673934273097826,8.250759740696594,3.6e-06
conservative_input,3000,ood_dev,24,4096,0,68,53521,98304,0.0,0.0,0.0009369774073651883,0.0166015625,0.013117213150496153,0.020991778678890113,0.5444437662760416,8.851898596381943,3.6e-06
conservative_input,3000,ood_dev,25,4096,0,78,53599,102400,0.0,0.0,0.0009369774073651883,0.01904296875,0.01528574904596704,0.023701480198422328,0.523427734375,9.428491569225116,3.6e-06
conservative_input,3000,ood_dev,26,4096,0,70,53669,106496,0.0,0.0,0.0009369774073651883,0.01708984375,0.0135493413532538,0.021535297959133087,0.5039532001201923,10.260043070009715,3.6e-06
conservative_input,3000,ood_dev,27,4096,0,61,53730,110592,0.0,0.0,0.0009369774073651883,0.014892578125,0.011611768142410793,0.019082457496473304,0.48583984375,11.027036971121333,3.6e-06
conservative_input,3000,ood_dev,28,4096,0,85,53815,114688,0.0,0.0,0.0009369774073651883,0.020751953125,0.016814398921352457,0.02558759651353908,0.4692295619419643,11.616301767134928,3.6e-06
conservative_input,3000,ood_dev,29,4096,0,78,53893,118784,0.0,0.0,0.0009369774073651883,0.01904296875,0.01528574904596704,0.023701480198422328,0.4537058863146552,12.180664420454491,3.6e-06
conservative_input,3000,ood_dev,30,4096,0,82,53975,122880,0.0,0.0,0.0009369774073651883,0.02001953125,0.01615827811132198,0.024780246099068624,0.4392496744791667,12.785248352059824,3.6e-06
conservative_input,3000,ood_dev,31,4096,0,70,54045,126976,0.0,0.0,0.0009369774073651883,0.01708984375,0.0135493413532538,0.021535297959133087,0.4256316154233871,13.382900398925528,3.6e-06
conservative_input,3000,ood_dev,32,4096,0,60,54105,131072,0.0,0.0,0.0009369774073651883,0.0146484375,0.01139766303294143,0.018808738864442356,0.41278839111328125,13.777188861123221,3.6e-06
conservative_input,3000,ood_dev,33,4096,0,61,54166,135168,0.0,0.0,0.0009369774073651883,0.014892578125,0.011611768142410793,0.019082457496473304,0.4007309422348485,14.159643415054603,3.6e-06
conservative_input,3000,ood_dev,34,4096,0,60,54226,139264,0.0,0.0,0.0009369774073651883,0.0146484375,0.01139766303294143,0.018808738864442356,0.38937557444852944,14.36924939612419,3.6e-06
conservative_input,3000,ood_dev,35,4096,0,66,54292,143360,0.0,0.0,0.0009369774073651883,0.01611328125,0.01268594169611479,0.020447402650270854,0.3787109375,14.64335855120396,3.6e-06
conservative_input,3000,ood_dev,36,4096,0,69,54361,147456,0.0,0.0,0.0009369774073651883,0.016845703125,0.013333172427690648,0.02126364314319593,0.3686591254340278,14.703151604958634,3.6e-06
conservative_input,3500,dev,1,4096,4096,4096,4096,4096,1.0,0.9990630225926348,0.9999999999999999,1.0,0.9990630225926348,0.9999999999999999,1.0,0.00013056185938964404,4.9000000000000005e-06
conservative_input,3500,dev,2,4096,4096,4096,8192,8192,1.0,0.9990630225926348,0.9999999999999999,1.0,0.9990630225926348,0.9999999999999999,1.0,0.00021933997643586167,4.9000000000000005e-06
conservative_input,3500,dev,3,4096,4096,4096,12288,12288,1.0,0.9990630225926348,0.9999999999999999,1.0,0.9990630225926348,0.9999999999999999,1.0,0.0003563878616112959,4.9000000000000005e-06
conservative_input,3500,dev,4,4096,4096,4096,16384,16384,1.0,0.9990630225926348,0.9999999999999999,1.0,0.9990630225926348,0.9999999999999999,1.0,0.0006367620718696898,4.9000000000000005e-06
conservative_input,3500,dev,5,4096,4096,4096,20480,20480,1.0,0.9990630225926348,0.9999999999999999,1.0,0.9990630225926348,0.9999999999999999,1.0,0.0013307417766412755,4.9000000000000005e-06
conservative_input,3500,dev,6,4096,4096,4096,24576,24576,1.0,0.9990630225926348,0.9999999999999999,1.0,0.9990630225926348,0.9999999999999999,1.0,0.0022189535662837656,4.9000000000000005e-06
conservative_input,3500,dev,7,4096,4092,4092,28668,28672,0.9990234375,0.9974915571936952,0.9996201704329383,0.9990234375,0.9974915571936952,0.9996201704329383,0.9998604910714286,0.005066503608005313,4.9000000000000005e-06
conservative_input,3500,dev,8,4096,4084,4086,32754,32768,0.9970703125,0.9948858699188933,0.9983232677757378,0.99755859375,0.9955114747539533,0.9986733104236785,0.99957275390625,0.01035999175175295,4.9000000000000005e-06
conservative_input,3500,dev,9,4096,4061,4066,36820,36864,0.991455078125,0.9881397703182205,0.9938494213219035,0.99267578125,0.9895635962243474,0.994864714123278,0.9988064236111112,0.021467926183029284,4.9000000000000005e-06
conservative_input,3500,dev,10,4096,4036,4048,40868,40960,0.9853515625,0.9811912611355577,0.9886023369670586,0.98828125,0.9844979568178159,0.9911495261828039,0.99775390625,0.034037056190533654,4.9000000000000005e-06
conservative_input,3500,dev,11,4096,3999,4019,44887,45056,0.976318359375,0.9711962850581976,0.9805478346089073,0.981201171875,0.9765686419356131,0.9849319525614978,0.9962491122159091,0.054773969159150226,4.9000000000000005e-06
conservative_input,3500,dev,12,4096,3927,3962,48849,49152,0.958740234375,0.9522071977207031,0.9644136125583794,0.96728515625,0.9613845411819059,0.9723101000496873,0.99383544921875,0.0888631826624584,4.9000000000000005e-06
conservative_input,3500,ood_dev,1,4096,4096,4096,4096,4096,1.0,0.9990630225926348,0.9999999999999999,1.0,0.9990630225926348,0.9999999999999999,1.0,0.0001313185665718919,4.9000000000000005e-06
conservative_input,3500,ood_dev,2,4096,4096,4096,8192,8192,1.0,0.9990630225926348,0.9999999999999999,1.0,0.9990630225926348,0.9999999999999999,1.0,0.00022822257651355926,4.9000000000000005e-06
conservative_input,3500,ood_dev,3,4096,4096,4096,12288,12288,1.0,0.9990630225926348,0.9999999999999999,1.0,0.9990630225926348,0.9999999999999999,1.0,0.0004324998495741639,4.9000000000000005e-06
conservative_input,3500,ood_dev,4,4096,4096,4096,16384,16384,1.0,0.9990630225926348,0.9999999999999999,1.0,0.9990630225926348,0.9999999999999999,1.0,0.0007216254976958325,4.9000000000000005e-06
conservative_input,3500,ood_dev,5,4096,4096,4096,20480,20480,1.0,0.9990630225926348,0.9999999999999999,1.0,0.9990630225926348,0.9999999999999999,1.0,0.0013593735257177997,4.9000000000000005e-06
conservative_input,3500,ood_dev,6,4096,4093,4093,24573,24576,0.999267578125,0.9978486714629491,0.9997508799051849,0.999267578125,0.9978486714629491,0.9997508799051849,0.9998779296875,0.0033278035860897504,4.9000000000000005e-06
conservative_input,3500,ood_dev,7,4096,4089,4091,28664,28672,0.998291015625,0.9964763422189936,0.9991719141831389,0.998779296875,0.997145424476127,0.9994784794090062,0.9997209821428571,0.006347416260470418,4.9000000000000005e-06
conservative_input,3500,ood_dev,8,4096,4075,4078,32742,32768,0.994873046875,0.9921745882319427,0.9966441357891856,0.99560546875,0.9930638103960733,0.9972183848495558,0.99920654296875,0.012176538075745924,4.9000000000000005e-06
conservative_input,3500,ood_dev,9,4096,4060,4070,36812,36864,0.9912109375,0.9878567926156614,0.9936445752829621,0.99365234375,0.99071517109395,0.9956644342196767,0.9985894097222222,0.019604712994556017,4.9000000000000005e-06
conservative_input,3500,ood_dev,10,4096,4032,4045,40857,40960,0.984375,0.9800978681444444,0.9877444349921706,0.987548828125,0.9836671128801424,0.9905168988959765,0.9974853515625,0.03426042208716229,4.9000000000000005e-06
conservative_input,3500,ood_dev,11,4096,4001,4022,44879,45056,0.976806640625,0.9717309295309884,0.9809888376191169,0.98193359375,0.9773800946662805,0.9855839710553314,0.9960715553977273,0.05275161870250589,4.9000000000000005e-06
conservative_input,3500,ood_dev,12,4096,3946,3987,48866,49152,0.96337890625,0.9571788776441608,0.9687105837234276,0.973388671875,0.9679986619577605,0.9778915728113404,0.9941813151041666,0.07448141093829275,4.9000000000000005e-06
conservative_input,3500,ood_dev,13,4096,2807,2862,51728,53248,0.685302734375,0.6709128724502135,0.6993453473485217,0.69873046875,0.6844988284110779,0.7125896971701745,0.9714543269230769,1.4173955097378546,4.9000000000000005e-06
conservative_input,3500,ood_dev,14,4096,542,659,52387,57344,0.13232421875,0.12229099196844584,0.14304645333208732,0.160888671875,0.14995491409036785,0.1724579089657016,0.9135567801339286,7.797802770693343,4.9000000000000005e-06
conservative_input,3500,ood_dev,15,4096,40,153,52540,61440,0.009765625,0.007179999699176743,0.013269927368200842,0.037353515625,0.031966355260310976,0.04360765459660163,0.8551432291666666,10.45611669367986,4.9000000000000005e-06
conservative_input,3500,ood_dev,16,4096,0,76,52616,65536,0.0,0.0,0.0009369774073651883,0.0185546875,0.014850524581988338,0.02316105717940041,0.8028564453125,10.473910226534741,4.9000000000000005e-06
conservative_input,3500,ood_dev,17,4096,0,73,52689,69632,0.0,0.0,0.0009369774073651883,0.017822265625,0.014199063362519719,0.022349047174368093,0.7566779641544118,10.227490447526577,4.9000000000000005e-06
conservative_input,3500,ood_dev,18,4096,0,62,52751,73728,0.0,0.0,0.0009369774073651883,0.01513671875,0.011826124044008677,0.01935592533637573,0.7154812282986112,10.173971371803873,4.9000000000000005e-06
conservative_input,3500,ood_dev,19,4096,0,68,52819,77824,0.0,0.0,0.0009369774073651883,0.0166015625,0.013117213150496153,0.020991778678890113,0.678698087993421,10.139664348419501,4.9000000000000005e-06
conservative_input,3500,ood_dev,20,4096,0,75,52894,81920,0.0,0.0,0.0009369774073651883,0.018310546875,0.014633183903943853,0.022890574115944584,0.6456787109375,10.166151246080403,4.9000000000000005e-06
conservative_input,3500,ood_dev,21,4096,0,64,52958,86016,0.0,0.0,0.0009369774073651883,0.015625,0.012255565007829483,0.01990213185555554,0.6156761532738095,10.47037848506568,4.9000000000000005e-06
conservative_input,3500,ood_dev,22,4096,0,55,53013,90112,0.0,0.0,0.0009369774073651883,0.013427734375,0.010331122163193216,0.017436161026689018,0.5883012251420454,10.841443229833942,4.9000000000000005e-06
conservative_input,3500,ood_dev,23,4096,0,66,53079,94208,0.0,0.0,0.0009369774073651883,0.01611328125,0.01268594169611479,0.020447402650270854,0.5634234884510869,11.279455129963935,4.9000000000000005e-06
conservative_input,3500,ood_dev,24,4096,0,67,53146,98304,0.0,0.0,0.0009369774073651883,0.016357421875,0.012901468019013623,0.020719700068872332,0.5406290690104166,11.679869224492137,4.9000000000000005e-06
conservative_input,3500,ood_dev,25,4096,0,73,53219,102400,0.0,0.0,0.0009369774073651883,0.017822265625,0.014199063362519719,0.022349047174368093,0.519716796875,12.066851478744212,4.9000000000000005e-06
conservative_input,3500,ood_dev,26,4096,0,76,53295,106496,0.0,0.0,0.0009369774073651883,0.0185546875,0.014850524581988338,0.02316105717940041,0.5004413311298077,12.653711985041369,4.9000000000000005e-06
conservative_input,3500,ood_dev,27,4096,0,63,53358,110592,0.0,0.0,0.0009369774073651883,0.015380859375,0.012040724876904885,0.019629148244979834,0.4824761284722222,13.079359570497445,4.9000000000000005e-06
conservative_input,3500,ood_dev,28,4096,0,76,53434,114688,0.0,0.0,0.0009369774073651883,0.0185546875,0.014850524581988338,0.02316105717940041,0.46590750558035715,13.503716042266888,4.9000000000000005e-06
conservative_input,3500,ood_dev,29,4096,0,74,53508,118784,0.0,0.0,0.0009369774073651883,0.01806640625,0.014416028944668636,0.02261990533371949,0.45046470905172414,13.898078248103616,4.9000000000000005e-06
conservative_input,3500,ood_dev,30,4096,0,82,53590,122880,0.0,0.0,0.0009369774073651883,0.02001953125,0.01615827811132198,0.024780246099068624,0.4361165364583333,14.224372416631468,4.9000000000000005e-06
conservative_input,3500,ood_dev,31,4096,0,56,53646,126976,0.0,0.0,0.0009369774073651883,0.013671875,0.01054387645975476,0.017711230471627787,0.4224892893145161,14.563911147149838,4.9000000000000005e-06
conservative_input,3500,ood_dev,32,4096,0,59,53705,131072,0.0,0.0,0.0009369774073651883,0.014404296875,0.011183814817094736,0.01853476333878874,0.40973663330078125,14.795059630244396,4.9000000000000005e-06
conservative_input,3500,ood_dev,33,4096,0,60,53765,135168,0.0,0.0,0.0009369774073651883,0.0146484375,0.01139766303294143,0.018808738864442356,0.3977642637310606,14.87458156414219,4.9000000000000005e-06
conservative_input,3500,ood_dev,34,4096,0,61,53826,139264,0.0,0.0,0.0009369774073651883,0.014892578125,0.011611768142410793,0.019082457496473304,0.38650333180147056,14.969849447293626,4.9000000000000005e-06
conservative_input,3500,ood_dev,35,4096,0,48,53874,143360,0.0,0.0,0.0009369774073651883,0.01171875,0.00885047381719605,0.015502043182184016,0.3757952008928571,14.993206812621395,4.9000000000000005e-06
conservative_input,3500,ood_dev,36,4096,0,82,53956,147456,0.0,0.0,0.0009369774073651883,0.02001953125,0.01615827811132198,0.024780246099068624,0.3659125434027778,14.953771857946322,4.9000000000000005e-06
conservative_input,4000,dev,1,4096,4096,4096,4096,4096,1.0,0.9990630225926348,0.9999999999999999,1.0,0.9990630225926348,0.9999999999999999,1.0,7.886269346712993e-05,6.4000000000000006e-06
conservative_input,4000,dev,2,4096,4096,4096,8192,8192,1.0,0.9990630225926348,0.9999999999999999,1.0,0.9990630225926348,0.9999999999999999,1.0,0.00013384156293927418,6.4000000000000006e-06
conservative_input,4000,dev,3,4096,4096,4096,12288,12288,1.0,0.9990630225926348,0.9999999999999999,1.0,0.9990630225926348,0.9999999999999999,1.0,0.00024619096314992817,6.4000000000000006e-06
conservative_input,4000,dev,4,4096,4096,4096,16384,16384,1.0,0.9990630225926348,0.9999999999999999,1.0,0.9990630225926348,0.9999999999999999,1.0,0.0005259544194755605,6.4000000000000006e-06
conservative_input,4000,dev,5,4096,4096,4096,20480,20480,1.0,0.9990630225926348,0.9999999999999999,1.0,0.9990630225926348,0.9999999999999999,1.0,0.0010284237415434383,6.4000000000000006e-06
conservative_input,4000,dev,6,4096,4095,4095,24575,24576,0.999755859375,0.9986182969663738,0.9999569018847606,0.999755859375,0.9986182969663738,0.9999569018847606,0.9999593098958334,0.0020920192789151137,6.4000000000000006e-06
conservative_input,4000,dev,7,4096,4094,4095,28670,28672,0.99951171875,0.9982212896544476,0.9998660854551866,0.999755859375,0.9986182969663738,0.9999569018847606,0.9999302455357143,0.003394838344661366,6.4000000000000006e-06
conservative_input,4000,dev,8,4096,4089,4090,32760,32768,0.998291015625,0.9964763422189936,0.9991719141831389,0.99853515625,0.9968075986857966,0.9993284814578364,0.999755859375,0.00620658020029996,6.4000000000000006e-06
conservative_input,4000,dev,9,4096,4075,4079,36839,36864,0.994873046875,0.9921745882319427,0.9966441357891856,0.995849609375,0.9933629968413301,0.9974070221457995,0.9993218315972222,0.011996902442623192,6.4000000000000006e-06
conservative_input,4000,dev,10,4096,4053,4062,40901,40960,0.989501953125,0.9858899643168433,0.9921966373912783,0.99169921875,0.9884233098915096,0.9940537054901146,0.9985595703125,0.023055796527921224,6.4000000000000006e-06
conservative_input,4000,dev,11,4096,4013,4035,44936,45056,0.979736328125,0.9749504777230061,0.9836231743251028,0.985107421875,0.9809175425035267,0.9883882318575893,0.9973366477272727,0.04500510316245476,6.4000000000000006e-06
conservative_input,4000,dev,12,4096,3941,3974,48910,49152,0.962158203125,0.9558683230202784,0.9675820196398083,0.97021484375,0.9645521097608273,0.9749964163687698,0.9950764973958334,0.08575131186457208,6.4000000000000006e-06
conservative_input,4000,ood_dev,1,4096,4096,4096,4096,4096,1.0,0.9990630225926348,0.9999999999999999,1.0,0.9990630225926348,0.9999999999999999,1.0,7.960430773756855e-05,6.4000000000000006e-06
conservative_input,4000,ood_dev,2,4096,4096,4096,8192,8192,1.0,0.9990630225926348,0.9999999999999999,1.0,0.9990630225926348,0.9999999999999999,1.0,0.00013971516285238295,6.4000000000000006e-06
conservative_input,4000,ood_dev,3,4096,4096,4096,12288,12288,1.0,0.9990630225926348,0.9999999999999999,1.0,0.9990630225926348,0.9999999999999999,1.0,0.00026046198396878495,6.4000000000000006e-06
conservative_input,4000,ood_dev,4,4096,4096,4096,16384,16384,1.0,0.9990630225926348,0.9999999999999999,1.0,0.9990630225926348,0.9999999999999999,1.0,0.0004885113904533611,6.4000000000000006e-06
conservative_input,4000,ood_dev,5,4096,4096,4096,20480,20480,1.0,0.9990630225926348,0.9999999999999999,1.0,0.9990630225926348,0.9999999999999999,1.0,0.0013369859463252531,6.4000000000000006e-06
conservative_input,4000,ood_dev,6,4096,4095,4095,24575,24576,0.999755859375,0.9986182969663738,0.9999569018847606,0.999755859375,0.9986182969663738,0.9999569018847606,0.9999593098958334,0.002567736216491312,6.4000000000000006e-06
conservative_input,4000,ood_dev,7,4096,4092,4093,28668,28672,0.9990234375,0.9974915571936952,0.9996201704329383,0.999267578125,0.9978486714629491,0.9997508799051849,0.9998604910714286,0.004178486570109552,6.4000000000000006e-06
conservative_input,4000,ood_dev,8,4096,4085,4088,32756,32768,0.997314453125,0.9951972177470491,0.9984997436890822,0.998046875,0.9961504506055915,0.9990099820550408,0.9996337890625,0.00845783956676227,6.4000000000000006e-06
conservative_input,4000,ood_dev,9,4096,4072,4077,36833,36864,0.994140625,0.9912959670744264,0.996059285722201,0.995361328125,0.9927660832938955,0.9970282882102334,0.9991590711805556,0.014837176934589191,6.4000000000000006e-06
conservative_input,4000,ood_dev,10,4096,4051,4064,40897,40960,0.989013671875,0.9853320021138738,0.991778952111247,0.9921875,0.9889921727170213,0.9944604901476036,0.9984619140625,0.025136497425493953,6.4000000000000006e-06
conservative_input,4000,ood_dev,11,4096,3997,4017,44914,45056,0.975830078125,0.9706621520616038,0.9801063201225003,0.980712890625,0.9760285730987803,0.9844963739153301,0.9968483664772727,0.05255871453874317,6.4000000000000006e-06
conservative_input,4000,ood_dev,12,4096,3931,3974,48888,49152,0.959716796875,0.9532520220922961,0.9653200831527876,0.97021484375,0.9645521097608273,0.9749964163687698,0.99462890625,0.08962313981708903,6.4000000000000006e-06
conservative_input,4000,ood_dev,13,4096,1548,1582,50470,53248,0.3779296875,0.36320171364585385,0.3928864156039912,0.38623046875,0.37143311095825465,0.40124102550260093,0.9478290264423077,4.919891407561727,6.4000000000000006e-06
conservative_input,4000,ood_dev,14,4096,195,287,50757,57344,0.047607421875,0.04149960185823609,0.05456300514168953,0.070068359375,0.06264722053899238,0.07829517067896177,0.8851318359375,10.247052114260335,6.4000000000000006e-06
conservative_input,4000,ood_dev,15,4096,11,100,50857,61440,0.002685546875,0.0015002563109177591,0.004802782252950839,0.0244140625,0.020114624238054088,0.0296047273193421,0.8277506510416667,10.995200239205616,6.4000000000000006e-06
conservative_input,4000,ood_dev,16,4096,0,61,50918,65536,0.0,0.0,0.0009369774073651883,0.014892578125,0.011611768142410793,0.019082457496473304,0.776947021484375,10.501900622164158,6.4000000000000006e-06
conservative_input,4000,ood_dev,17,4096,0,71,50989,69632,0.0,0.0,0.0009369774073651883,0.017333984375,0.01376571558724534,0.02180674746664186,0.7322639016544118,10.099625481061878,6.4000000000000006e-06
conservative_input,4000,ood_dev,18,4096,0,53,51042,73728,0.0,0.0,0.0009369774073651883,0.012939453125,0.009906496085844563,0.016885139621037056,0.6923014322916666,9.700447219315947,6.4000000000000006e-06
conservative_input,4000,ood_dev,19,4096,0,58,51100,77824,0.0,0.0,0.0009369774073651883,0.01416015625,0.010970229851119503,0.018260524563263665,0.6566097861842105,9.312657044897378,6.4000000000000006e-06
conservative_input,4000,ood_dev,20,4096,0,70,51170,81920,0.0,0.0,0.0009369774073651883,0.01708984375,0.0135493413532538,0.021535297959133087,0.6246337890625,9.152876491697498,6.4000000000000006e-06
conservative_input,4000,ood_dev,21,4096,0,64,51234,86016,0.0,0.0,0.0009369774073651883,0.015625,0.012255565007829483,0.01990213185555554,0.5956333705357143,9.307927381671163,6.4000000000000006e-06
conservative_input,4000,ood_dev,22,4096,0,68,51302,90112,0.0,0.0,0.0009369774073651883,0.0166015625,0.013117213150496153,0.020991778678890113,0.5693137428977273,9.315084302751075,6.4000000000000006e-06
conservative_input,4000,ood_dev,23,4096,0,72,51374,94208,0.0,0.0,0.0009369774073651883,0.017578125,0.013982290939508705,0.022077995855878798,0.5453252377717391,9.451253734159366,6.4000000000000006e-06
conservative_input,4000,ood_dev,24,4096,0,67,51441,98304,0.0,0.0,0.0009369774073651883,0.016357421875,0.012901468019013623,0.020719700068872332,0.523284912109375,9.833934025622966,6.4000000000000006e-06
conservative_input,4000,ood_dev,25,4096,0,73,51514,102400,0.0,0.0,0.0009369774073651883,0.017822265625,0.014199063362519719,0.022349047174368093,0.50306640625,10.00762184801465,6.4000000000000006e-06
conservative_input,4000,ood_dev,26,4096,0,69,51583,106496,0.0,0.0,0.0009369774073651883,0.016845703125,0.013333172427690648,0.02126364314319593,0.48436560997596156,10.394541294810097,6.4000000000000006e-06
conservative_input,4000,ood_dev,27,4096,0,59,51642,110592,0.0,0.0,0.0009369774073651883,0.014404296875,0.011183814817094736,0.01853476333878874,0.4669596354166667,10.596689618740072,6.4000000000000006e-06
conservative_input,4000,ood_dev,28,4096,0,66,51708,114688,0.0,0.0,0.0009369774073651883,0.01611328125,0.01268594169611479,0.020447402650270854,0.4508579799107143,10.792705264743972,6.4000000000000006e-06
conservative_input,4000,ood_dev,29,4096,0,62,51770,118784,0.0,0.0,0.0009369774073651883,0.01513671875,0.011826124044008677,0.01935592533637573,0.4358331088362069,11.043623147608741,6.4000000000000006e-06
conservative_input,4000,ood_dev,30,4096,0,78,51848,122880,0.0,0.0,0.0009369774073651883,0.01904296875,0.01528574904596704,0.023701480198422328,0.42194010416666666,11.342687032286506,6.4000000000000006e-06
conservative_input,4000,ood_dev,31,4096,0,57,51905,126976,0.0,0.0,0.0009369774073651883,0.013916015625,0.01075691476118927,0.017986015911693586,0.4087780367943548,11.529370557877428,6.4000000000000006e-06
conservative_input,4000,ood_dev,32,4096,0,58,51963,131072,0.0,0.0,0.0009369774073651883,0.01416015625,0.010970229851119503,0.018260524563263665,0.39644622802734375,11.73829744535476,6.4000000000000006e-06
conservative_input,4000,ood_dev,33,4096,0,58,52021,135168,0.0,0.0,0.0009369774073651883,0.01416015625,0.010970229851119503,0.018260524563263665,0.3848618016098485,11.89393961328534,6.4000000000000006e-06
conservative_input,4000,ood_dev,34,4096,0,65,52086,139264,0.0,0.0,0.0009369774073651883,0.015869140625,0.012470639018872916,0.020174881586012418,0.3740090762867647,12.183470993681944,6.4000000000000006e-06
conservative_input,4000,ood_dev,35,4096,0,64,52150,143360,0.0,0.0,0.0009369774073651883,0.015625,0.012255565007829483,0.01990213185555554,0.36376953125,12.29730689777216,6.4000000000000006e-06
conservative_input,4000,ood_dev,36,4096,0,65,52215,147456,0.0,0.0,0.0009369774073651883,0.015869140625,0.012470639018872916,0.020174881586012418,0.3541056315104167,12.55150036970332,6.4000000000000006e-06
conservative_input,4500,dev,1,4096,4096,4096,4096,4096,1.0,0.9990630225926348,0.9999999999999999,1.0,0.9990630225926348,0.9999999999999999,1.0,6.703064707913597e-05,8.1e-06
conservative_input,4500,dev,2,4096,4096,4096,8192,8192,1.0,0.9990630225926348,0.9999999999999999,1.0,0.9990630225926348,0.9999999999999999,1.0,0.00010683950287804223,8.1e-06
conservative_input,4500,dev,3,4096,4096,4096,12288,12288,1.0,0.9990630225926348,0.9999999999999999,1.0,0.9990630225926348,0.9999999999999999,1.0,0.00019591344092129148,8.1e-06
conservative_input,4500,dev,4,4096,4096,4096,16384,16384,1.0,0.9990630225926348,0.9999999999999999,1.0,0.9990630225926348,0.9999999999999999,1.0,0.00041057481727424516,8.1e-06
conservative_input,4500,dev,5,4096,4096,4096,20480,20480,1.0,0.9990630225926348,0.9999999999999999,1.0,0.9990630225926348,0.9999999999999999,1.0,0.0008035870552776103,8.1e-06
conservative_input,4500,dev,6,4096,4096,4096,24576,24576,1.0,0.9990630225926348,0.9999999999999999,1.0,0.9990630225926348,0.9999999999999999,1.0,0.0017048561822665675,8.1e-06
conservative_input,4500,dev,7,4096,4093,4093,28669,28672,0.999267578125,0.9978486714629491,0.9997508799051849,0.999267578125,0.9978486714629491,0.9997508799051849,0.9998953683035714,0.0036954438883705087,8.1e-06
conservative_input,4500,dev,8,4096,4086,4088,32757,32768,0.99755859375,0.9955114747539533,0.9986733104236785,0.998046875,0.9961504506055915,0.9990099820550408,0.999664306640625,0.005695859638517042,8.1e-06
conservative_input,4500,dev,9,4096,4082,4086,36843,36864,0.99658203125,0.9942706398960515,0.9979628503155791,0.99755859375,0.9955114747539533,0.9986733104236785,0.9994303385416666,0.010286396064663528,8.1e-06
conservative_input,4500,dev,10,4096,4073,4078,40921,40960,0.994384765625,0.991587789433178,0.9962552871049496,0.99560546875,0.9930638103960733,0.9972183848495558,0.9990478515625,0.016732584370375836,8.1e-06
conservative_input,4500,dev,11,4096,4056,4065,44986,45056,0.990234375,0.9867300726317991,0.9928200003008232,0.992431640625,0.9892775496501616,0.9946629369559636,0.9984463778409091,0.026012832617607895,8.1e-06
conservative_input,4500,dev,12,4096,4008,4024,49010,49152,0.978515625,0.973606447163245,0.9825280861773625,0.982421875,0.9779220041441211,0.9860177090604912,0.9971110026041666,0.053912943156715354,8.1e-06
conservative_input,4500,ood_dev,1,4096,4096,4096,4096,4096,1.0,0.9990630225926348,0.9999999999999999,1.0,0.9990630225926348,0.9999999999999999,1.0,6.701496330130396e-05,8.1e-06
conservative_input,4500,ood_dev,2,4096,4096,4096,8192,8192,1.0,0.9990630225926348,0.9999999999999999,1.0,0.9990630225926348,0.9999999999999999,1.0,0.00011102979633070831,8.1e-06
conservative_input,4500,ood_dev,3,4096,4096,4096,12288,12288,1.0,0.9990630225926348,0.9999999999999999,1.0,0.9990630225926348,0.9999999999999999,1.0,0.0002013642394254056,8.1e-06
conservative_input,4500,ood_dev,4,4096,4096,4096,16384,16384,1.0,0.9990630225926348,0.9999999999999999,1.0,0.9990630225926348,0.9999999999999999,1.0,0.0004289071060310512,8.1e-06
conservative_input,4500,ood_dev,5,4096,4096,4096,20480,20480,1.0,0.9990630225926348,0.9999999999999999,1.0,0.9990630225926348,0.9999999999999999,1.0,0.0007880125469013066,8.1e-06
conservative_input,4500,ood_dev,6,4096,4096,4096,24576,24576,1.0,0.9990630225926348,0.9999999999999999,1.0,0.9990630225926348,0.9999999999999999,1.0,0.0014758212031851237,8.1e-06
conservative_input,4500,ood_dev,7,4096,4096,4096,28672,28672,1.0,0.9990630225926348,0.9999999999999999,1.0,0.9990630225926348,0.9999999999999999,1.0,0.002717113202072685,8.1e-06
conservative_input,4500,ood_dev,8,4096,4092,4092,32764,32768,0.9990234375,0.9974915571936952,0.9996201704329383,0.9990234375,0.9974915571936952,0.9996201704329383,0.9998779296875,0.005125595417342588,8.1e-06
conservative_input,4500,ood_dev,9,4096,4086,4086,36850,36864,0.99755859375,0.9955114747539533,0.9986733104236785,0.99755859375,0.9955114747539533,0.9986733104236785,0.9996202256944444,0.009579658953697834,8.1e-06
conservative_input,4500,ood_dev,10,4096,4071,4074,40924,40960,0.993896484375,0.9910051126562461,0.995862316398881,0.99462890625,0.9918806406223304,0.9964502596572975,0.99912109375,0.019146017652490244,8.1e-06
conservative_input,4500,ood_dev,11,4096,4044,4051,44975,45056,0.9873046875,0.9833908284717333,0.9903053595628853,0.989013671875,0.9853320021138738,0.991778952111247,0.9982022372159091,0.03009762571534802,8.1e-06
conservative_input,4500,ood_dev,12,4096,3996,4025,49000,49152,0.9755859375,0.970395272680658,0.9798853757619459,0.982666015625,0.9781932525333582,0.9862342844127546,0.9969075520833334,0.05267912033230138,8.1e-06
conservative_input,4500,ood_dev,13,4096,1645,1667,50667,53248,0.401611328125,0.38669743068042456,0.41670960149495057,0.406982421875,0.39203146012345597,0.42210769436492596,0.9515286959134616,4.981284075695909,8.1e-06
conservative_input,4500,ood_dev,14,4096,201,295,50962,57344,0.049072265625,0.042868931773833364,0.056120617675094124,0.072021484375,0.06449891060184891,0.0803460705481077,0.8887067522321429,11.473864201386563,8.1e-06
conservative_input,4500,ood_dev,15,4096,19,133,51095,61440,0.004638671875,0.00297171178976659,0.007233916706104488,0.032470703125,0.02746557757278209,0.03835195745412433,0.8316243489583334,13.453464952121067,8.1e-06
conservative_input,4500,ood_dev,16,4096,0,74,51169,65536,0.0,0.0,0.0009369774073651883,0.01806640625,0.014416028944668636,0.02261990533371949,0.7807769775390625,13.689609941078743,8.1e-06
conservative_input,4500,ood_dev,17,4096,0,71,51240,69632,0.0,0.0,0.0009369774073651883,0.017333984375,0.01376571558724534,0.02180674746664186,0.7358685661764706,13.543381747402634,8.1e-06
conservative_input,4500,ood_dev,18,4096,0,73,51313,73728,0.0,0.0,0.0009369774073651883,0.017822265625,0.014199063362519719,0.022349047174368093,0.6959771050347222,13.464951478679083,8.1e-06
conservative_input,4500,ood_dev,19,4096,0,68,51381,77824,0.0,0.0,0.0009369774073651883,0.0166015625,0.013117213150496153,0.020991778678890113,0.6602204975328947,13.209365455558384,8.1e-06
conservative_input,4500,ood_dev,20,4096,0,61,51442,81920,0.0,0.0,0.0009369774073651883,0.014892578125,0.011611768142410793,0.019082457496473304,0.6279541015625,13.160253571864274,8.1e-06
conservative_input,4500,ood_dev,21,4096,0,83,51525,86016,0.0,0.0,0.0009369774073651883,0.020263671875,0.01637682567489716,0.025049522276993755,0.5990164620535714,13.294310679548431,8.1e-06
conservative_input,4500,ood_dev,22,4096,0,74,51599,90112,0.0,0.0,0.0009369774073651883,0.01806640625,0.014416028944668636,0.02261990533371949,0.5726096413352273,13.320720511904142,8.1e-06
conservative_input,4500,ood_dev,23,4096,0,82,51681,94208,0.0,0.0,0.0009369774073651883,0.02001953125,0.01615827811132198,0.024780246099068624,0.548583984375,13.307124363418268,8.1e-06
conservative_input,4500,ood_dev,24,4096,0,52,51733,98304,0.0,0.0,0.0009369774073651883,0.0126953125,0.009694640437114613,0.016609171528266693,0.5262552897135416,13.620400945426184,8.1e-06
conservative_input,4500,ood_dev,25,4096,0,76,51809,102400,0.0,0.0,0.0009369774073651883,0.0185546875,0.014850524581988338,0.02316105717940041,0.505947265625,13.456152418819528,8.1e-06
conservative_input,4500,ood_dev,26,4096,0,70,51879,106496,0.0,0.0,0.0009369774073651883,0.01708984375,0.0135493413532538,0.021535297959133087,0.48714505709134615,13.686173283640613,8.1e-06
conservative_input,4500,ood_dev,27,4096,0,48,51927,110592,0.0,0.0,0.0009369774073651883,0.01171875,0.00885047381719605,0.015502043182184016,0.4695366753472222,13.98287274983332,8.1e-06
conservative_input,4500,ood_dev,28,4096,0,71,51998,114688,0.0,0.0,0.0009369774073651883,0.017333984375,0.01376571558724534,0.02180674746664186,0.45338657924107145,14.050389404860745,8.1e-06
conservative_input,4500,ood_dev,29,4096,0,64,52062,118784,0.0,0.0,0.0009369774073651883,0.015625,0.012255565007829483,0.01990213185555554,0.43829135237068967,13.960497406100302,8.1e-06
conservative_input,4500,ood_dev,30,4096,0,55,52117,122880,0.0,0.0,0.0009369774073651883,0.013427734375,0.010331122163193216,0.017436161026689018,0.42412923177083334,14.197353576227215,8.1e-06
conservative_input,4500,ood_dev,31,4096,0,64,52181,126976,0.0,0.0,0.0009369774073651883,0.015625,0.012255565007829483,0.01990213185555554,0.41095167590725806,14.124845824635521,8.1e-06
conservative_input,4500,ood_dev,32,4096,0,74,52255,131072,0.0,0.0,0.0009369774073651883,0.01806640625,0.014416028944668636,0.02261990533371949,0.39867401123046875,14.087201071448732,8.1e-06
conservative_input,4500,ood_dev,33,4096,0,56,52311,135168,0.0,0.0,0.0009369774073651883,0.013671875,0.01054387645975476,0.017711230471627787,0.38700727982954547,14.093759452870188,8.1e-06
conservative_input,4500,ood_dev,34,4096,0,50,52361,139264,0.0,0.0,0.0009369774073651883,0.01220703125,0.009271887142588631,0.016056277339792056,0.37598374310661764,14.185487941799494,8.1e-06
conservative_input,4500,ood_dev,35,4096,0,57,52418,143360,0.0,0.0,0.0009369774073651883,0.013916015625,0.01075691476118927,0.017986015911693586,0.36563895089285714,14.158652001443187,8.1e-06
conservative_input,4500,ood_dev,36,4096,0,66,52484,147456,0.0,0.0,0.0009369774073651883,0.01611328125,0.01268594169611479,0.020447402650270854,0.3559299045138889,14.201764196881442,8.1e-06
conservative_input,5000,dev,1,102400,102400,102400,102400,102400,1.0,0.9999624871609701,1.0,1.0,0.9999624871609701,1.0,1.0,6.078153515836959e-05,1.0000000000000003e-05
conservative_input,5000,dev,2,102400,102400,102400,204800,204800,1.0,0.9999624871609701,1.0,1.0,0.9999624871609701,1.0,1.0,0.00010379801736513983,1.0000000000000003e-05
conservative_input,5000,dev,3,102400,102397,102397,307197,307200,0.999970703125,0.9999138592392058,0.9999900363697822,0.999970703125,0.9999138592392058,0.9999900363697822,0.999990234375,0.00023794621705489405,1.0000000000000003e-05
conservative_input,5000,dev,4,102400,102396,102397,409594,409600,0.9999609375,0.9998995558365923,0.9999848092550684,0.999970703125,0.9999138592392058,0.9999900363697822,0.9999853515625,0.0004723051620374896,1.0000000000000003e-05
conservative_input,5000,dev,5,102400,102389,102391,511985,512000,0.999892578125,0.9998076372259771,0.9999400142443918,0.999912109375,0.9998329541276058,0.999953758377418,0.999970703125,0.000924427538335042,1.0000000000000003e-05
conservative_input,5000,dev,6,102400,102359,102364,614349,614400,0.999599609375,0.9994569122761486,0.9997048236743996,0.9996484375,0.9995133551962606,0.9997460333409244,0.9999169921875,0.0017811575494460817,1.0000000000000003e-05
conservative_input,5000,dev,7,102400,102295,102313,716662,716800,0.998974609375,0.998758974602583,0.9991528082390141,0.999150390625,0.9989522370091191,0.9993110951443704,0.9998074776785715,0.003572104122432682,1.0000000000000003e-05
conservative_input,5000,dev,8,102400,102181,102229,818891,819200,0.997861328125,0.997559094402291,0.9981262094639864,0.998330078125,0.9980606088358721,0.9985621598621188,0.999622802734375,0.006016050503310861,1.0000000000000003e-05
conservative_input,5000,dev,9,102400,101988,102072,920963,921600,0.9959765625,0.9955697953593933,0.9963461186627033,0.996796875,0.9964316543469756,0.9971248231306196,0.9993088107638889,0.009952701466263071,1.0000000000000003e-05
conservative_input,5000,dev,10,102400,101666,101842,1022805,1024000,0.99283203125,0.9922965280104212,0.9933305594322646,0.99455078125,0.9940809577790983,0.9949835007132033,0.9988330078125,0.016531252506145063,1.0000000000000003e-05
conservative_input,5000,dev,11,102400,101184,101464,1124269,1126400,0.988125,0.9874429795019763,0.9887703985889207,0.990859375,0.9902577842974016,0.991424138645157,0.9981081321022728,0.02676057013245817,1.0000000000000003e-05
conservative_input,5000,dev,12,102400,100359,100857,1225126,1228800,0.980068359375,0.9791941298797217,0.9809065714161013,0.984931640625,0.9841670779976905,0.985659820927159,0.9970100911458334,0.04414479123722406,1.0000000000000003e-05
conservative_input,5000,ood_dev,1,102400,102400,102400,102400,102400,1.0,0.9999624871609701,1.0,1.0,0.9999624871609701,1.0,1.0,6.0757794886647784e-05,1.0000000000000003e-05
conservative_input,5000,ood_dev,2,102400,102400,102400,204800,204800,1.0,0.9999624871609701,1.0,1.0,0.9999624871609701,1.0,1.0,0.00010408786077272581,1.0000000000000003e-05
conservative_input,5000,ood_dev,3,102400,102396,102396,307196,307200,0.9999609375,0.9998995558365923,0.9999848092550684,0.9999609375,0.9998995558365923,0.9999848092550684,0.9999869791666667,0.000241732446285301,1.0000000000000003e-05
conservative_input,5000,ood_dev,4,102400,102394,102396,409592,409600,0.99994140625,0.9998721583660714,0.9999731456909345,0.9999609375,0.9998995558365923,0.9999848092550684,0.99998046875,0.00043545733882053737,1.0000000000000003e-05
conservative_input,5000,ood_dev,5,102400,102388,102391,511983,512000,0.9998828125,0.9997951608462756,0.9999329601067661,0.999912109375,0.9998329541276058,0.999953758377418,0.999966796875,0.0008690447338392282,1.0000000000000003e-05
conservative_input,5000,ood_dev,6,102400,102362,102369,614352,614400,0.99962890625,0.9994907196411001,0.9997296078614301,0.999697265625,0.9995703338469782,0.9997867072768437,0.999921875,0.0018156514307247561,1.0000000000000003e-05
conservative_input,5000,ood_dev,7,102400,102320,102332,716684,716800,0.99921875,0.999027875525462,0.999372170249319,0.9993359375,0.9991583186202075,0.999476093362502,0.9998381696428571,0.0033125408947751733,1.0000000000000003e-05
conservative_input,5000,ood_dev,8,102400,102203,102236,818920,819200,0.998076171875,0.9977884550667856,0.998326520180694,0.9983984375,0.9981341144329237,0.998625367886359,0.999658203125,0.005906394498737076,1.0000000000000003e-05
conservative_input,5000,ood_dev,9,102400,102000,102074,920994,921600,0.99609375,0.9956926372329552,0.9964576429970698,0.99681640625,0.9964522366604115,0.9971433018518384,0.9993424479166667,0.010058379424483208,1.0000000000000003e-05
conservative_input,5000,ood_dev,10,102400,101709,101867,1022861,1024000,0.993251953125,0.9927316803969863,0.9937352192907762,0.994794921875,0.9943352423099252,0.9952174791155604,0.9988876953125,0.016205163746895162,1.0000000000000003e-05
conservative_input,5000,ood_dev,11,102400,101233,101492,1124353,1126400,0.988603515625,0.9879348189236483,0.9892355545162896,0.9911328125,0.9905399121776087,0.991688865250116,0.9981827059659091,0.02608538222818443,1.0000000000000003e-05
conservative_input,5000,ood_dev,12,102400,100410,100871,1225224,1228800,0.98056640625,0.9797027033750778,0.9813940543044406,0.985068359375,0.9843071316558596,0.985793194511573,0.99708984375,0.04313984638637283,1.0000000000000003e-05
conservative_input,5000,ood_dev,13,102400,51545,52115,1277339,1331200,0.503369140625,0.5003066974752836,0.5064313310026566,0.508935546875,0.5058733144394755,0.5119971089150613,0.9595395132211538,3.292172295573231,1.0000000000000003e-05
conservative_input,5000,ood_dev,14,102400,7047,9814,1287153,1433600,0.068818359375,0.06728399428071545,0.0703850741642394,0.09583984375,0.09405198283570833,0.09765802705405911,0.8978466796875,10.244286435741799,1.0000000000000003e-05
conservative_input,5000,ood_dev,15,102400,523,2950,1290103,1536000,0.005107421875,0.004688997002164401,0.0055629763990762485,0.02880859375,0.027801637177215184,0.02985090177753473,0.8399108072916667,12.387261395545647,1.0000000000000003e-05
conservative_input,5000,ood_dev,16,102400,23,1913,1292016,1638400,0.000224609375,0.00014968063687353488,0.0003370341006857656,0.018681640625,0.017870217332349423,0.019529175153925372,0.788583984375,12.453959879924478,1.0000000000000003e-05
conservative_input,5000,ood_dev,17,102400,1,1704,1293720,1740800,9.765625e-06,1.7238746867777096e-06,5.5319481670543434e-05,0.016640625,0.01587506198163439,0.0174424523832216,0.7431755514705882,12.244918949607603,1.0000000000000003e-05
conservative_input,5000,ood_dev,18,102400,0,1720,1295440,1843200,0.0,3.3881317890172014e-21,3.751283902995844e-05,0.016796875,0.016027700015071877,0.017602302627021917,0.7028211805555555,12.096637556205883,1.0000000000000003e-05
conservative_input,5000,ood_dev,19,102400,0,1618,1297058,1945600,0.0,3.3881317890172014e-21,3.751283902995844e-05,0.01580078125,0.015054944641631244,0.016582945233071557,0.6666622121710526,12.034269062194253,1.0000000000000003e-05
conservative_input,5000,ood_dev,20,102400,0,1736,1298794,2048000,0.0,3.3881317890172014e-21,3.751283902995844e-05,0.016953125,0.01618035564849098,0.017762135270840616,0.6341767578125,12.00291103848611,1.0000000000000003e-05
conservative_input,5000,ood_dev,21,102400,0,1733,1300527,2150400,0.0,3.3881317890172014e-21,3.751283902995844e-05,0.016923828125,0.016151731387651833,0.017732167979697674,0.6047837611607143,12.061119817564668,1.0000000000000003e-05
conservative_input,5000,ood_dev,22,102400,0,1748,1302275,2252800,0.0,3.3881317890172014e-21,3.751283902995844e-05,0.0170703125,0.01629485877987003,0.017881998347389922,0.5780695134943182,12.131028692318061,1.0000000000000003e-05
conservative_input,5000,ood_dev,23,102400,0,1719,1303994,2355200,0.0,3.3881317890172014e-21,3.751283902995844e-05,0.016787109375,0.016018159619853447,0.01759231250491299,0.5536659307065217,12.257465337280419,1.0000000000000003e-05
conservative_input,5000,ood_dev,24,102400,0,1738,1305732,2457600,0.0,3.3881317890172014e-21,3.751283902995844e-05,0.01697265625,0.016199438828229357,0.017782113125756963,0.5313037109375,12.408761396552139,1.0000000000000003e-05
conservative_input,5000,ood_dev,25,102400,0,1709,1307441,2560000,0.0,3.3881317890172014e-21,3.751283902995844e-05,0.016689453125,0.0159227594618247,0.017492407489668103,0.510719140625,12.539342497693976,1.0000000000000003e-05
conservative_input,5000,ood_dev,26,102400,0,1685,1309126,2662400,0.0,3.3881317890172014e-21,3.751283902995844e-05,0.016455078125,0.015693827513485862,0.01725260702215024,0.491708984375,12.720011129323899,1.0000000000000003e-05
conservative_input,5000,ood_dev,27,102400,0,1623,1310749,2764800,0.0,3.3881317890172014e-21,3.751283902995844e-05,0.015849609375,0.015102611055622132,0.016632931405717484,0.4740845630787037,12.923491045871149,1.0000000000000003e-05
conservative_input,5000,ood_dev,28,102400,0,1666,1312415,2867200,0.0,3.3881317890172014e-21,3.751283902995844e-05,0.01626953125,0.015512618627879053,0.017062736078537158,0.45773402622767856,13.098570333804323,1.0000000000000003e-05
conservative_input,5000,ood_dev,29,102400,0,1766,1314181,2969600,0.0,3.3881317890172014e-21,3.751283902995844e-05,0.01724609375,0.016466631572429353,0.01806177486672313,0.44254478717672413,13.260810014237904,1.0000000000000003e-05
conservative_input,5000,ood_dev,30,102400,0,1664,1315845,3072000,0.0,3.3881317890172014e-21,3.751283902995844e-05,0.01625,0.015493545514017064,0.01704274815774442,0.4283349609375,13.446572614452185,1.0000000000000003e-05
conservative_input,5000,ood_dev,31,102400,0,1707,1317552,3174400,0.0,3.3881317890172014e-21,3.751283902995844e-05,0.016669921875,0.01590368026112528,0.0174724256557128,0.4150554435483871,13.638237894725314,1.0000000000000003e-05
conservative_input,5000,ood_dev,32,102400,0,1762,1319314,3276800,0.0,3.3881317890172014e-21,3.751283902995844e-05,0.01720703125,0.01642845797781226,0.01802182639203077,0.4026226806640625,13.817214697715707,1.0000000000000003e-05
conservative_input,5000,ood_dev,33,102400,0,1705,1321019,3379200,0.0,3.3881317890172014e-21,3.751283902995844e-05,0.016650390625,0.01588460133851014,0.017452443543673216,0.3909265506628788,14.023579203877084,1.0000000000000003e-05
conservative_input,5000,ood_dev,34,102400,0,1684,1322703,3481600,0.0,3.3881317890172014e-21,3.751283902995844e-05,0.0164453125,0.015684289562204114,0.017242614456104623,0.3799123965992647,14.25772370012851,1.0000000000000003e-05
conservative_input,5000,ood_dev,35,102400,0,1648,1324351,3584000,0.0,3.3881317890172014e-21,3.751283902995844e-05,0.01609375,0.01534097104105305,0.01688283435347063,0.369517578125,14.440399773337631,1.0000000000000003e-05
conservative_input,5000,ood_dev,36,102400,0,1745,1326096,3686400,0.0,3.3881317890172014e-21,3.751283902995844e-05,0.017041015625,0.01626623208690989,0.01785203348836797,0.3597265625,14.595081502044488,1.0000000000000003e-05
conservative_input,5500,dev,1,4096,4096,4096,4096,4096,1.0,0.9990630225926348,0.9999999999999999,1.0,0.9990630225926348,0.9999999999999999,1.0,6.131731978697985e-05,1.21e-05
conservative_input,5500,dev,2,4096,4096,4096,8192,8192,1.0,0.9990630225926348,0.9999999999999999,1.0,0.9990630225926348,0.9999999999999999,1.0,0.00012672343015696086,1.21e-05
conservative_input,5500,dev,3,4096,4096,4096,12288,12288,1.0,0.9990630225926348,0.9999999999999999,1.0,0.9990630225926348,0.9999999999999999,1.0,0.00025836543872514994,1.21e-05
conservative_input,5500,dev,4,4096,4096,4096,16384,16384,1.0,0.9990630225926348,0.9999999999999999,1.0,0.9990630225926348,0.9999999999999999,1.0,0.00044578729076194534,1.21e-05
conservative_input,5500,dev,5,4096,4096,4096,20480,20480,1.0,0.9990630225926348,0.9999999999999999,1.0,0.9990630225926348,0.9999999999999999,1.0,0.001041168906069867,1.21e-05
conservative_input,5500,dev,6,4096,4095,4095,24575,24576,0.999755859375,0.9986182969663738,0.9999569018847606,0.999755859375,0.9986182969663738,0.9999569018847606,0.9999593098958334,0.0018439813468780208,1.21e-05
conservative_input,5500,dev,7,4096,4093,4094,28669,28672,0.999267578125,0.9978486714629491,0.9997508799051849,0.99951171875,0.9982212896544476,0.9998660854551866,0.9998953683035714,0.0025402640063716397,1.21e-05
conservative_input,5500,dev,8,4096,4086,4088,32757,32768,0.99755859375,0.9955114747539533,0.9986733104236785,0.998046875,0.9961504506055915,0.9990099820550408,0.999664306640625,0.006158650177794378,1.21e-05
conservative_input,5500,dev,9,4096,4080,4085,36842,36864,0.99609375,0.9936637657680687,0.9975940769605611,0.997314453125,0.9951972177470491,0.9984997436890822,0.9994032118055556,0.008492928219103746,1.21e-05
conservative_input,5500,dev,10,4096,4072,4075,40917,40960,0.994140625,0.9912959670744264,0.996059285722201,0.994873046875,0.9921745882319427,0.9966441357891856,0.9989501953125,0.01692042522725945,1.21e-05
conservative_input,5500,dev,11,4096,4061,4069,44986,45056,0.991455078125,0.9881397703182205,0.9938494213219035,0.993408203125,0.9904260923610462,0.9954656892110803,0.9984463778409091,0.0251214860851543,1.21e-05
conservative_input,5500,dev,12,4096,4023,4032,49018,49152,0.982177734375,0.9776509528256319,0.9858009366374803,0.984375,0.9800978681444444,0.9877444349921706,0.9972737630208334,0.04482563996843014,1.21e-05
conservative_input,5500,ood_dev,1,4096,4096,4096,4096,4096,1.0,0.9990630225926348,0.9999999999999999,1.0,0.9990630225926348,0.9999999999999999,1.0,6.033554903606131e-05,1.21e-05
conservative_input,5500,ood_dev,2,4096,4096,4096,8192,8192,1.0,0.9990630225926348,0.9999999999999999,1.0,0.9990630225926348,0.9999999999999999,1.0,0.00012080101109379626,1.21e-05
conservative_input,5500,ood_dev,3,4096,4096,4096,12288,12288,1.0,0.9990630225926348,0.9999999999999999,1.0,0.9990630225926348,0.9999999999999999,1.0,0.0002686574994652524,1.21e-05
conservative_input,5500,ood_dev,4,4096,4095,4095,16383,16384,0.999755859375,0.9986182969663738,0.9999569018847606,0.999755859375,0.9986182969663738,0.9999569018847606,0.99993896484375,0.0007441916955310823,1.21e-05
conservative_input,5500,ood_dev,5,4096,4095,4096,20479,20480,0.999755859375,0.9986182969663738,0.9999569018847606,1.0,0.9990630225926348,0.9999999999999999,0.999951171875,0.0008818404235015898,1.21e-05
conservative_input,5500,ood_dev,6,4096,4094,4095,24574,24576,0.99951171875,0.9982212896544476,0.9998660854551866,0.999755859375,0.9986182969663738,0.9999569018847606,0.9999186197916666,0.0015655435270400808,1.21e-05
conservative_input,5500,ood_dev,7,4096,4088,4089,28663,28672,0.998046875,0.9961504506055915,0.9990099820550408,0.998291015625,0.9964763422189936,0.9991719141831389,0.9996861049107143,0.0038173229017122168,1.21e-05
conservative_input,5500,ood_dev,8,4096,4082,4084,32747,32768,0.99658203125,0.9942706398960515,0.9979628503155791,0.9970703125,0.9948858699188933,0.9983232677757378,0.999359130859375,0.008379389977631657,1.21e-05
conservative_input,5500,ood_dev,9,4096,4079,4083,36830,36864,0.995849609375,0.9933629968413301,0.9974070221457995,0.996826171875,0.9945771012522003,0.9981442127009305,0.9990776909722222,0.01054426185396995,1.21e-05
conservative_input,5500,ood_dev,10,4096,4070,4076,40906,40960,0.99365234375,0.99071517109395,0.9956644342196767,0.9951171875,0.9924697076331114,0.9968368401295172,0.998681640625,0.018282437983754285,1.21e-05
conservative_input,5500,ood_dev,11,4096,4057,4068,44974,45056,0.990478515625,0.9870110133784079,0.9930268832957149,0.9931640625,0.9901378308615215,0.9952661269691047,0.9981800426136364,0.026673000866203278,1.21e-05
conservative_input,5500,ood_dev,12,4096,4029,4041,49015,49152,0.983642578125,0.9792802999311276,0.9870985319809864,0.986572265625,0.9825638389733109,0.9896688778368068,0.9972127278645834,0.04504248299500091,1.21e-05
conservative_input,5500,ood_dev,13,4096,2981,3007,52022,53248,0.727783203125,0.7139435266726775,0.7411960241471118,0.734130859375,0.7203863243880098,0.7474366437107876,0.9769756610576923,1.3246979203053186,1.21e-05
conservative_input,5500,ood_dev,14,4096,457,532,52554,57344,0.111572265625,0.10229208026653108,0.12158034700647574,0.1298828125,0.11993343267861027,0.1405257752069198,0.9164690290178571,8.529379921571092,1.21e-05
conservative_input,5500,ood_dev,15,4096,45,151,52705,61440,0.010986328125,0.008221047888752987,0.01466799788612615,0.036865234375,0.03151499527812255,0.043083367095789436,0.8578287760416666,10.60991430652885,1.21e-05
conservative_input,5500,ood_dev,16,4096,1,80,52785,65536,0.000244140625,4.309811523941186e-05,0.0013817030336260863,0.01953125,0.015721675338006252,0.02424120138938373,0.8054351806640625,10.27295462072476,1.21e-05
conservative_input,5500,ood_dev,17,4096,0,63,52848,69632,0.0,0.0,0.0009369774073651883,0.015380859375,0.012040724876904885,0.019629148244979834,0.7589613970588235,9.783378751165287,1.21e-05
conservative_input,5500,ood_dev,18,4096,0,50,52898,73728,0.0,0.0,0.0009369774073651883,0.01220703125,0.009271887142588631,0.016056277339792056,0.7174750434027778,9.38468910659276,1.21e-05
conservative_input,5500,ood_dev,19,4096,0,64,52962,77824,0.0,0.0,0.0009369774073651883,0.015625,0.012255565007829483,0.01990213185555554,0.6805355674342105,9.035245837570528,1.21e-05
conservative_input,5500,ood_dev,20,4096,0,65,53027,81920,0.0,0.0,0.0009369774073651883,0.015869140625,0.012470639018872916,0.020174881586012418,0.64730224609375,8.965018175425257,1.21e-05
conservative_input,5500,ood_dev,21,4096,0,63,53090,86016,0.0,0.0,0.0009369774073651883,0.015380859375,0.012040724876904885,0.019629148244979834,0.6172107514880952,9.214737884464967,1.21e-05
conservative_input,5500,ood_dev,22,4096,0,76,53166,90112,0.0,0.0,0.0009369774073651883,0.0185546875,0.014850524581988338,0.02316105717940041,0.5899991122159091,9.333860162998235,1.21e-05
conservative_input,5500,ood_dev,23,4096,0,65,53231,94208,0.0,0.0,0.0009369774073651883,0.015869140625,0.012470639018872916,0.020174881586012418,0.5650369395380435,9.665013666346425,1.21e-05
conservative_input,5500,ood_dev,24,4096,0,69,53300,98304,0.0,0.0,0.0009369774073651883,0.016845703125,0.013333172427690648,0.02126364314319593,0.5421956380208334,10.022577407982567,1.21e-05
conservative_input,5500,ood_dev,25,4096,0,55,53355,102400,0.0,0.0,0.0009369774073651883,0.013427734375,0.010331122163193216,0.017436161026689018,0.521044921875,10.49024011133281,1.21e-05
conservative_input,5500,ood_dev,26,4096,0,63,53418,106496,0.0,0.0,0.0009369774073651883,0.015380859375,0.012040724876904885,0.019629148244979834,0.5015963040865384,10.991142499679995,1.21e-05
conservative_input,5500,ood_dev,27,4096,0,77,53495,110592,0.0,0.0,0.0009369774073651883,0.018798828125,0.01506804743850219,0.023431358064386867,0.48371491608796297,11.528442284061683,1.21e-05
conservative_input,5500,ood_dev,28,4096,0,71,53566,114688,0.0,0.0,0.0009369774073651883,0.017333984375,0.01376571558724534,0.02180674746664186,0.46705845424107145,12.255987788430843,1.21e-05
conservative_input,5500,ood_dev,29,4096,0,64,53630,118784,0.0,0.0,0.0009369774073651883,0.015625,0.012255565007829483,0.01990213185555554,0.45149178340517243,12.898885618789897,1.21e-05
conservative_input,5500,ood_dev,30,4096,0,61,53691,122880,0.0,0.0,0.0009369774073651883,0.014892578125,0.011611768142410793,0.019082457496473304,0.4369384765625,13.386197853563885,1.21e-05
conservative_input,5500,ood_dev,31,4096,0,67,53758,126976,0.0,0.0,0.0009369774073651883,0.016357421875,0.012901468019013623,0.020719700068872332,0.42337134576612906,13.986001842597894,1.21e-05
conservative_input,5500,ood_dev,32,4096,0,73,53831,131072,0.0,0.0,0.0009369774073651883,0.017822265625,0.014199063362519719,0.022349047174368093,0.41069793701171875,14.654750276263925,1.21e-05
conservative_input,5500,ood_dev,33,4096,0,68,53899,135168,0.0,0.0,0.0009369774073651883,0.0166015625,0.013117213150496153,0.020991778678890113,0.39875562263257575,14.917910218863568,1.21e-05
conservative_input,5500,ood_dev,34,4096,0,66,53965,139264,0.0,0.0,0.0009369774073651883,0.01611328125,0.01268594169611479,0.020447402650270854,0.38750143612132354,15.136089894743066,1.21e-05
conservative_input,5500,ood_dev,35,4096,0,61,54026,143360,0.0,0.0,0.0009369774073651883,0.014892578125,0.011611768142410793,0.019082457496473304,0.37685546875,15.524244596109874,1.21e-05
conservative_input,5500,ood_dev,36,4096,0,60,54086,147456,0.0,0.0,0.0009369774073651883,0.0146484375,0.01139766303294143,0.018808738864442356,0.3667941623263889,15.685503449434009,1.21e-05
conservative_input,6000,dev,1,4096,4096,4096,4096,4096,1.0,0.9990630225926348,0.9999999999999999,1.0,0.9990630225926348,0.9999999999999999,1.0,6.323416632181278e-05,1.44e-05
conservative_input,6000,dev,2,4096,4096,4096,8192,8192,1.0,0.9990630225926348,0.9999999999999999,1.0,0.9990630225926348,0.9999999999999999,1.0,0.0001253147235660279,1.44e-05
conservative_input,6000,dev,3,4096,4096,4096,12288,12288,1.0,0.9990630225926348,0.9999999999999999,1.0,0.9990630225926348,0.9999999999999999,1.0,0.00019431545711690035,1.44e-05
conservative_input,6000,dev,4,4096,4096,4096,16384,16384,1.0,0.9990630225926348,0.9999999999999999,1.0,0.9990630225926348,0.9999999999999999,1.0,0.0003154542577030739,1.44e-05
conservative_input,6000,dev,5,4096,4096,4096,20480,20480,1.0,0.9990630225926348,0.9999999999999999,1.0,0.9990630225926348,0.9999999999999999,1.0,0.0008563505615470923,1.44e-05
conservative_input,6000,dev,6,4096,4096,4096,24576,24576,1.0,0.9990630225926348,0.9999999999999999,1.0,0.9990630225926348,0.9999999999999999,1.0,0.00134534784318463,1.44e-05
conservative_input,6000,dev,7,4096,4095,4095,28671,28672,0.999755859375,0.9986182969663738,0.9999569018847606,0.999755859375,0.9986182969663738,0.9999569018847606,0.9999651227678571,0.0018019808611979826,1.44e-05
conservative_input,6000,dev,8,4096,4094,4094,32765,32768,0.99951171875,0.9982212896544476,0.9998660854551866,0.99951171875,0.9982212896544476,0.9998660854551866,0.999908447265625,0.0027726181262361926,1.44e-05
conservative_input,6000,dev,9,4096,4089,4090,36855,36864,0.998291015625,0.9964763422189936,0.9991719141831389,0.99853515625,0.9968075986857966,0.9993284814578364,0.999755859375,0.005405867632219952,1.44e-05
conservative_input,6000,dev,10,4096,4087,4090,40945,40960,0.997802734375,0.9958290482073086,0.9988435607118235,0.99853515625,0.9968075986857966,0.9993284814578364,0.9996337890625,0.006798481523928146,1.44e-05
conservative_input,6000,dev,11,4096,4077,4082,45027,45056,0.995361328125,0.9927660832938955,0.9970282882102334,0.99658203125,0.9942706398960515,0.9979628503155791,0.9993563565340909,0.010941521098912332,1.44e-05
conservative_input,6000,dev,12,4096,4060,4070,49097,49152,0.9912109375,0.9878567926156614,0.9936445752829621,0.99365234375,0.99071517109395,0.9956644342196767,0.9988810221354166,0.0161536790001775,1.44e-05
conservative_input,6000,ood_dev,1,4096,4096,4096,4096,4096,1.0,0.9990630225926348,0.9999999999999999,1.0,0.9990630225926348,0.9999999999999999,1.0,6.29343177243058e-05,1.44e-05
conservative_input,6000,ood_dev,2,4096,4096,4096,8192,8192,1.0,0.9990630225926348,0.9999999999999999,1.0,0.9990630225926348,0.9999999999999999,1.0,0.00012701666071190942,1.44e-05
conservative_input,6000,ood_dev,3,4096,4096,4096,12288,12288,1.0,0.9990630225926348,0.9999999999999999,1.0,0.9990630225926348,0.9999999999999999,1.0,0.00021680155893921693,1.44e-05
conservative_input,6000,ood_dev,4,4096,4096,4096,16384,16384,1.0,0.9990630225926348,0.9999999999999999,1.0,0.9990630225926348,0.9999999999999999,1.0,0.00032233394480041255,1.44e-05
conservative_input,6000,ood_dev,5,4096,4096,4096,20480,20480,1.0,0.9990630225926348,0.9999999999999999,1.0,0.9990630225926348,0.9999999999999999,1.0,0.0006375031145533505,1.44e-05
conservative_input,6000,ood_dev,6,4096,4094,4094,24574,24576,0.99951171875,0.9982212896544476,0.9998660854551866,0.99951171875,0.9982212896544476,0.9998660854551866,0.9999186197916666,0.0016630322663440111,1.44e-05
conservative_input,6000,ood_dev,7,4096,4094,4094,28668,28672,0.99951171875,0.9982212896544476,0.9998660854551866,0.99951171875,0.9982212896544476,0.9998660854551866,0.9998604910714286,0.002329161901128085,1.44e-05
conservative_input,6000,ood_dev,8,4096,4089,4089,32757,32768,0.998291015625,0.9964763422189936,0.9991719141831389,0.998291015625,0.9964763422189936,0.9991719141831389,0.999664306640625,0.004582474931282832,1.44e-05
conservative_input,6000,ood_dev,9,4096,4082,4084,36841,36864,0.99658203125,0.9942706398960515,0.9979628503155791,0.9970703125,0.9948858699188933,0.9983232677757378,0.9993760850694444,0.007160875662822974,1.44e-05
conservative_input,6000,ood_dev,10,4096,4075,4081,40922,40960,0.994873046875,0.9921745882319427,0.9966441357891856,0.996337890625,0.9939662587473084,0.9977794077228217,0.999072265625,0.011384296836883578,1.44e-05
conservative_input,6000,ood_dev,11,4096,4066,4073,44995,45056,0.99267578125,0.9895635962243474,0.994864714123278,0.994384765625,0.991587789433178,0.9962552871049496,0.9986461292613636,0.01800829854299124,1.44e-05
conservative_input,6000,ood_dev,12,4096,4053,4065,49060,49152,0.989501953125,0.9858899643168433,0.9921966373912783,0.992431640625,0.9892775496501616,0.9946629369559636,0.9981282552083334,0.026946324776692343,1.44e-05
conservative_input,6000,ood_dev,13,4096,3264,3270,52330,53248,0.796875,0.7842784971396332,0.8089151725247438,0.79833984375,0.7857751417753802,0.8103454703379986,0.9827599158653846,0.8422359408625679,1.44e-05
conservative_input,6000,ood_dev,14,4096,515,555,52885,57344,0.125732421875,0.11592834586488998,0.1362378584151348,0.135498046875,0.1253575634248141,0.14632159051522306,0.9222412109375,7.979036627664538,1.44e-05
conservative_input,6000,ood_dev,15,4096,45,158,53043,61440,0.010986328125,0.008221047888752987,0.01466799788612615,0.03857421875,0.033095904460163784,0.04491722410425037,0.863330078125,10.309518195342292,1.44e-05
conservative_input,6000,ood_dev,16,4096,1,74,53117,65536,0.000244140625,4.309811523941186e-05,0.0013817030336260863,0.01806640625,0.014416028944668636,0.02261990533371949,0.8105010986328125,10.404102675235151,1.44e-05
conservative_input,6000,ood_dev,17,4096,0,71,53188,69632,0.0,0.0,0.0009369774073651883,0.017333984375,0.01376571558724534,0.02180674746664186,0.7638442095588235,10.161786179757769,1.44e-05
conservative_input,6000,ood_dev,18,4096,0,76,53264,73728,0.0,0.0,0.0009369774073651883,0.0185546875,0.014850524581988338,0.02316105717940041,0.7224392361111112,9.962160309616252,1.44e-05
conservative_input,6000,ood_dev,19,4096,0,62,53326,77824,0.0,0.0,0.0009369774073651883,0.01513671875,0.011826124044008677,0.01935592533637573,0.6852127878289473,9.958601085562236,1.44e-05
conservative_input,6000,ood_dev,20,4096,0,73,53399,81920,0.0,0.0,0.0009369774073651883,0.017822265625,0.014199063362519719,0.022349047174368093,0.65184326171875,10.079084213630324,1.44e-05
conservative_input,6000,ood_dev,21,4096,0,66,53465,86016,0.0,0.0,0.0009369774073651883,0.01611328125,0.01268594169611479,0.020447402650270854,0.6215704055059523,10.444261544751498,1.44e-05
conservative_input,6000,ood_dev,22,4096,0,62,53527,90112,0.0,0.0,0.0009369774073651883,0.01513671875,0.011826124044008677,0.01935592533637573,0.5940052379261364,10.76042610312561,1.44e-05
conservative_input,6000,ood_dev,23,4096,0,67,53594,94208,0.0,0.0,0.0009369774073651883,0.016357421875,0.012901468019013623,0.020719700068872332,0.5688901154891305,11.215435860884611,1.44e-05
conservative_input,6000,ood_dev,24,4096,0,57,53651,98304,0.0,0.0,0.0009369774073651883,0.013916015625,0.01075691476118927,0.017986015911693586,0.5457661946614584,11.842380970095121,1.44e-05
conservative_input,6000,ood_dev,25,4096,0,60,53711,102400,0.0,0.0,0.0009369774073651883,0.0146484375,0.01139766303294143,0.018808738864442356,0.524521484375,12.439868240996248,1.44e-05
conservative_input,6000,ood_dev,26,4096,0,70,53781,106496,0.0,0.0,0.0009369774073651883,0.01708984375,0.0135493413532538,0.021535297959133087,0.5050048828125,12.904495840910016,1.44e-05
conservative_input,6000,ood_dev,27,4096,0,61,53842,110592,0.0,0.0,0.0009369774073651883,0.014892578125,0.011611768142410793,0.019082457496473304,0.48685257523148145,13.562203785061683,1.44e-05
conservative_input,6000,ood_dev,28,4096,0,64,53906,114688,0.0,0.0,0.0009369774073651883,0.015625,0.012255565007829483,0.01990213185555554,0.4700230189732143,14.283269553111921,1.44e-05
conservative_input,6000,ood_dev,29,4096,0,65,53971,118784,0.0,0.0,0.0009369774073651883,0.015869140625,0.012470639018872916,0.020174881586012418,0.45436254040948276,14.982356907344261,1.44e-05
conservative_input,6000,ood_dev,30,4096,0,47,54018,122880,0.0,0.0,0.0009369774073651883,0.011474609375,0.008640294920605456,0.015224398337274302,0.439599609375,15.329233269461412,1.44e-05
conservative_input,6000,ood_dev,31,4096,0,61,54079,126976,0.0,0.0,0.0009369774073651883,0.014892578125,0.011611768142410793,0.019082457496473304,0.4258993825604839,15.46500331971017,1.44e-05
conservative_input,6000,ood_dev,32,4096,0,70,54149,131072,0.0,0.0,0.0009369774073651883,0.01708984375,0.0135493413532538,0.021535297959133087,0.41312408447265625,15.966711696971544,1.44e-05
conservative_input,6000,ood_dev,33,4096,0,65,54214,135168,0.0,0.0,0.0009369774073651883,0.015869140625,0.012470639018872916,0.020174881586012418,0.4010860558712121,16.062423118056238,1.44e-05
conservative_input,6000,ood_dev,34,4096,0,78,54292,139264,0.0,0.0,0.0009369774073651883,0.01904296875,0.01528574904596704,0.023701480198422328,0.3898494944852941,16.074527369212625,1.44e-05
conservative_input,6000,ood_dev,35,4096,0,56,54348,143360,0.0,0.0,0.0009369774073651883,0.013671875,0.01054387645975476,0.017711230471627787,0.3791015625,16.171472562394875,1.44e-05
conservative_input,6000,ood_dev,36,4096,0,67,54415,147456,0.0,0.0,0.0009369774073651883,0.016357421875,0.012901468019013623,0.020719700068872332,0.3690253363715278,16.20619731297036,1.44e-05
conservative_input,6500,dev,1,4096,4096,4096,4096,4096,1.0,0.9990630225926348,0.9999999999999999,1.0,0.9990630225926348,0.9999999999999999,1.0,6.187481864294853e-05,1.69e-05
conservative_input,6500,dev,2,4096,4096,4096,8192,8192,1.0,0.9990630225926348,0.9999999999999999,1.0,0.9990630225926348,0.9999999999999999,1.0,0.00011514175940030569,1.69e-05
conservative_input,6500,dev,3,4096,4096,4096,12288,12288,1.0,0.9990630225926348,0.9999999999999999,1.0,0.9990630225926348,0.9999999999999999,1.0,0.0001814600857477089,1.69e-05
conservative_input,6500,dev,4,4096,4096,4096,16384,16384,1.0,0.9990630225926348,0.9999999999999999,1.0,0.9990630225926348,0.9999999999999999,1.0,0.0003156099079602015,1.69e-05
conservative_input,6500,dev,5,4096,4096,4096,20480,20480,1.0,0.9990630225926348,0.9999999999999999,1.0,0.9990630225926348,0.9999999999999999,1.0,0.0006527337543893452,1.69e-05
conservative_input,6500,dev,6,4096,4095,4095,24575,24576,0.999755859375,0.9986182969663738,0.9999569018847606,0.999755859375,0.9986182969663738,0.9999569018847606,0.9999593098958334,0.0015175432148084589,1.69e-05
conservative_input,6500,dev,7,4096,4090,4091,28666,28672,0.99853515625,0.9968075986857966,0.9993284814578364,0.998779296875,0.997145424476127,0.9994784794090062,0.9997907366071429,0.003455269851419196,1.69e-05
conservative_input,6500,dev,8,4096,4081,4086,32752,32768,0.996337890625,0.9939662587473084,0.9977794077228217,0.99755859375,0.9955114747539533,0.9986733104236785,0.99951171875,0.0068863003036980786,1.69e-05
conservative_input,6500,dev,9,4096,4076,4082,36834,36864,0.9951171875,0.9924697076331114,0.9968368401295172,0.99658203125,0.9942706398960515,0.9979628503155791,0.9991861979166666,0.012542562901637133,1.69e-05
conservative_input,6500,dev,10,4096,4067,4076,40910,40960,0.992919921875,0.9898503448988859,0.9950657891902398,0.9951171875,0.9924697076331114,0.9968368401295172,0.998779296875,0.015642297042443243,1.69e-05
conservative_input,6500,dev,11,4096,4054,4064,44974,45056,0.98974609375,0.9861695639225535,0.9924048615270683,0.9921875,0.9889921727170213,0.9944604901476036,0.9981800426136364,0.02546850724281713,1.69e-05
conservative_input,6500,dev,12,4096,4037,4056,49030,49152,0.985595703125,0.9814652366612112,0.9888161851829053,0.990234375,0.9867300726317991,0.9928200003008232,0.9975179036458334,0.03568369295718954,1.69e-05
conservative_input,6500,ood_dev,1,4096,4096,4096,4096,4096,1.0,0.9990630225926348,0.9999999999999999,1.0,0.9990630225926348,0.9999999999999999,1.0,6.195440782530426e-05,1.69e-05
conservative_input,6500,ood_dev,2,4096,4096,4096,8192,8192,1.0,0.9990630225926348,0.9999999999999999,1.0,0.9990630225926348,0.9999999999999999,1.0,0.00011821178215276618,1.69e-05
conservative_input,6500,ood_dev,3,4096,4096,4096,12288,12288,1.0,0.9990630225926348,0.9999999999999999,1.0,0.9990630225926348,0.9999999999999999,1.0,0.00021020827111062346,1.69e-05
conservative_input,6500,ood_dev,4,4096,4096,4096,16384,16384,1.0,0.9990630225926348,0.9999999999999999,1.0,0.9990630225926348,0.9999999999999999,1.0,0.00048669721853134007,1.69e-05
conservative_input,6500,ood_dev,5,4096,4096,4096,20480,20480,1.0,0.9990630225926348,0.9999999999999999,1.0,0.9990630225926348,0.9999999999999999,1.0,0.0008492847141492454,1.69e-05
conservative_input,6500,ood_dev,6,4096,4094,4094,24574,24576,0.99951171875,0.9982212896544476,0.9998660854551866,0.99951171875,0.9982212896544476,0.9998660854551866,0.9999186197916666,0.0023031029929012625,1.69e-05
conservative_input,6500,ood_dev,7,4096,4092,4092,28666,28672,0.9990234375,0.9974915571936952,0.9996201704329383,0.9990234375,0.9974915571936952,0.9996201704329383,0.9997907366071429,0.00405429360379328,1.69e-05
conservative_input,6500,ood_dev,8,4096,4086,4087,32753,32768,0.99755859375,0.9955114747539533,0.9986733104236785,0.997802734375,0.9958290482073086,0.9988435607118235,0.999542236328125,0.008683598108900181,1.69e-05
conservative_input,6500,ood_dev,9,4096,4083,4085,36838,36864,0.996826171875,0.9945771012522003,0.9981442127009305,0.997314453125,0.9951972177470491,0.9984997436890822,0.9992947048611112,0.009387471102332512,1.69e-05
conservative_input,6500,ood_dev,10,4096,4071,4077,40915,40960,0.993896484375,0.9910051126562461,0.995862316398881,0.995361328125,0.9927660832938955,0.9970282882102334,0.9989013671875,0.01311587955846294,1.69e-05
conservative_input,6500,ood_dev,11,4096,4058,4071,44986,45056,0.99072265625,0.987292434466316,0.993233285949307,0.993896484375,0.9910051126562461,0.995862316398881,0.9984463778409091,0.01932512445740242,1.69e-05
conservative_input,6500,ood_dev,12,4096,4029,4044,49030,49152,0.983642578125,0.9792802999311276,0.9870985319809864,0.9873046875,0.9833908284717333,0.9903053595628853,0.9975179036458334,0.036997980584621004,1.69e-05
conservative_input,6500,ood_dev,13,4096,2831,2853,51883,53248,0.691162109375,0.6768395682891339,0.7051264213056088,0.696533203125,0.6822747094811507,0.7104234024265988,0.974365234375,1.4609666476115204,1.69e-05
conservative_input,6500,ood_dev,14,4096,422,502,52385,57344,0.10302734375,0.09408656646194645,0.11271202985854954,0.12255859375,0.11286805878193636,0.13295643685858444,0.9135219029017857,8.592904092847455,1.69e-05
conservative_input,6500,ood_dev,15,4096,36,146,52531,61440,0.0087890625,0.006355424717037815,0.012143207384338531,0.03564453125,0.030387788741492207,0.04177145492491823,0.8549967447916667,10.808028887824669,1.69e-05
conservative_input,6500,ood_dev,16,4096,0,67,52598,65536,0.0,0.0,0.0009369774073651883,0.016357421875,0.012901468019013623,0.020719700068872332,0.802581787109375,11.174487115392935,1.69e-05
conservative_input,6500,ood_dev,17,4096,0,70,52668,69632,0.0,0.0,0.0009369774073651883,0.01708984375,0.0135493413532538,0.021535297959133087,0.7563763786764706,11.093816506733447,1.69e-05
conservative_input,6500,ood_dev,18,4096,0,65,52733,73728,0.0,0.0,0.0009369774073651883,0.015869140625,0.012470639018872916,0.020174881586012418,0.7152370876736112,11.051851979490948,1.69e-05
conservative_input,6500,ood_dev,19,4096,0,68,52801,77824,0.0,0.0,0.0009369774073651883,0.0166015625,0.013117213150496153,0.020991778678890113,0.678466796875,11.209724254780667,1.69e-05
conservative_input,6500,ood_dev,20,4096,0,73,52874,81920,0.0,0.0,0.0009369774073651883,0.017822265625,0.014199063362519719,0.022349047174368093,0.6454345703125,11.487927589084165,1.69e-05
conservative_input,6500,ood_dev,21,4096,0,68,52942,86016,0.0,0.0,0.0009369774073651883,0.0166015625,0.013117213150496153,0.020991778678890113,0.6154901413690477,12.06692840076039,1.69e-05
conservative_input,6500,ood_dev,22,4096,0,74,53016,90112,0.0,0.0,0.0009369774073651883,0.01806640625,0.014416028944668636,0.02261990533371949,0.5883345170454546,12.421517140840194,1.69e-05
conservative_input,6500,ood_dev,23,4096,0,62,53078,94208,0.0,0.0,0.0009369774073651883,0.01513671875,0.011826124044008677,0.01935592533637573,0.5634128736413043,13.073349392372727,1.69e-05
conservative_input,6500,ood_dev,24,4096,0,61,53139,98304,0.0,0.0,0.0009369774073651883,0.014892578125,0.011611768142410793,0.019082457496473304,0.540557861328125,13.781179761433336,1.69e-05
conservative_input,6500,ood_dev,25,4096,0,64,53203,102400,0.0,0.0,0.0009369774073651883,0.015625,0.012255565007829483,0.01990213185555554,0.519560546875,14.383485883376927,1.69e-05
conservative_input,6500,ood_dev,26,4096,0,67,53270,106496,0.0,0.0,0.0009369774073651883,0.016357421875,0.012901468019013623,0.020719700068872332,0.5002065805288461,14.817279756483856,1.69e-05
conservative_input,6500,ood_dev,27,4096,0,66,53336,110592,0.0,0.0,0.0009369774073651883,0.01611328125,0.01268594169611479,0.020447402650270854,0.48227719907407407,15.32380030774084,1.69e-05
conservative_input,6500,ood_dev,28,4096,0,64,53400,114688,0.0,0.0,0.0009369774073651883,0.015625,0.012255565007829483,0.01990213185555554,0.46561104910714285,15.75433016974553,1.69e-05
conservative_input,6500,ood_dev,29,4096,0,65,53465,118784,0.0,0.0,0.0009369774073651883,0.015869140625,0.012470639018872916,0.020174881586012418,0.4501027074353448,16.120960057618483,1.69e-05
conservative_input,6500,ood_dev,30,4096,0,54,53519,122880,0.0,0.0,0.0009369774073651883,0.01318359375,0.010118659410882703,0.017160800037499223,0.4355387369791667,16.23009708850926,1.69e-05
conservative_input,6500,ood_dev,31,4096,0,59,53578,126976,0.0,0.0,0.0009369774073651883,0.014404296875,0.011183814817094736,0.01853476333878874,0.42195375504032256,16.180247848227303,1.69e-05
conservative_input,6500,ood_dev,32,4096,0,61,53639,131072,0.0,0.0,0.0009369774073651883,0.014892578125,0.011611768142410793,0.019082457496473304,0.40923309326171875,16.437369360039504,1.69e-05
conservative_input,6500,ood_dev,33,4096,0,56,53695,135168,0.0,0.0,0.0009369774073651883,0.013671875,0.01054387645975476,0.017711230471627787,0.3972463896780303,16.33756131681173,1.69e-05
conservative_input,6500,ood_dev,34,4096,0,71,53766,139264,0.0,0.0,0.0009369774073651883,0.017333984375,0.01376571558724534,0.02180674746664186,0.38607249540441174,16.303632252047983,1.69e-05
conservative_input,6500,ood_dev,35,4096,0,56,53822,143360,0.0,0.0,0.0009369774073651883,0.013671875,0.01054387645975476,0.017711230471627787,0.3754324776785714,16.33913173306503,1.69e-05
conservative_input,6500,ood_dev,36,4096,0,62,53884,147456,0.0,0.0,0.0009369774073651883,0.01513671875,0.011826124044008677,0.01935592533637573,0.3654242621527778,16.32932216717508,1.69e-05
conservative_input,7000,dev,1,4096,4096,4096,4096,4096,1.0,0.9990630225926348,0.9999999999999999,1.0,0.9990630225926348,0.9999999999999999,1.0,5.882740058948954e-05,1.9600000000000002e-05
conservative_input,7000,dev,2,4096,4096,4096,8192,8192,1.0,0.9990630225926348,0.9999999999999999,1.0,0.9990630225926348,0.9999999999999999,1.0,0.00012517037295278755,1.9600000000000002e-05
conservative_input,7000,dev,3,4096,4096,4096,12288,12288,1.0,0.9990630225926348,0.9999999999999999,1.0,0.9990630225926348,0.9999999999999999,1.0,0.00019351855434290854,1.9600000000000002e-05
conservative_input,7000,dev,4,4096,4096,4096,16384,16384,1.0,0.9990630225926348,0.9999999999999999,1.0,0.9990630225926348,0.9999999999999999,1.0,0.0003732365866606635,1.9600000000000002e-05
conservative_input,7000,dev,5,4096,4096,4096,20480,20480,1.0,0.9990630225926348,0.9999999999999999,1.0,0.9990630225926348,0.9999999999999999,1.0,0.00032111660223588245,1.9600000000000002e-05
conservative_input,7000,dev,6,4096,4095,4095,24575,24576,0.999755859375,0.9986182969663738,0.9999569018847606,0.999755859375,0.9986182969663738,0.9999569018847606,0.9999593098958334,0.0008998780663671546,1.9600000000000002e-05
conservative_input,7000,dev,7,4096,4094,4094,28669,28672,0.99951171875,0.9982212896544476,0.9998660854551866,0.99951171875,0.9982212896544476,0.9998660854551866,0.9998953683035714,0.001467714650395635,1.9600000000000002e-05
conservative_input,7000,dev,8,4096,4091,4091,32760,32768,0.998779296875,0.997145424476127,0.9994784794090062,0.998779296875,0.997145424476127,0.9994784794090062,0.999755859375,0.0036719216117564457,1.9600000000000002e-05
conservative_input,7000,dev,9,4096,4088,4090,36850,36864,0.998046875,0.9961504506055915,0.9990099820550408,0.99853515625,0.9968075986857966,0.9993284814578364,0.9996202256944444,0.005279293131292828,1.9600000000000002e-05
conservative_input,7000,dev,10,4096,4082,4085,40935,40960,0.99658203125,0.9942706398960515,0.9979628503155791,0.997314453125,0.9951972177470491,0.9984997436890822,0.9993896484375,0.008376726218174202,1.9600000000000002e-05
conservative_input,7000,dev,11,4096,4078,4082,45017,45056,0.99560546875,0.9930638103960733,0.9972183848495558,0.99658203125,0.9942706398960515,0.9979628503155791,0.9991344105113636,0.01361552841651692,1.9600000000000002e-05
conservative_input,7000,dev,12,4096,4062,4067,49084,49152,0.99169921875,0.9884233098915096,0.9940537054901146,0.992919921875,0.9898503448988859,0.9950657891902398,0.9986165364583334,0.024954506593794612,1.9600000000000002e-05
conservative_input,7000,ood_dev,1,4096,4096,4096,4096,4096,1.0,0.9990630225926348,0.9999999999999999,1.0,0.9990630225926348,0.9999999999999999,1.0,5.840787638433653e-05,1.9600000000000002e-05
conservative_input,7000,ood_dev,2,4096,4096,4096,8192,8192,1.0,0.9990630225926348,0.9999999999999999,1.0,0.9990630225926348,0.9999999999999999,1.0,0.0001266812879756607,1.9600000000000002e-05
conservative_input,7000,ood_dev,3,4096,4096,4096,12288,12288,1.0,0.9990630225926348,0.9999999999999999,1.0,0.9990630225926348,0.9999999999999999,1.0,0.00018980404707891196,1.9600000000000002e-05
conservative_input,7000,ood_dev,4,4096,4096,4096,16384,16384,1.0,0.9990630225926348,0.9999999999999999,1.0,0.9990630225926348,0.9999999999999999,1.0,0.00038706616173245223,1.9600000000000002e-05
conservative_input,7000,ood_dev,5,4096,4095,4095,20479,20480,0.999755859375,0.9986182969663738,0.9999569018847606,0.999755859375,0.9986182969663738,0.9999569018847606,0.999951171875,0.0008094581397890543,1.9600000000000002e-05
conservative_input,7000,ood_dev,6,4096,4094,4095,24574,24576,0.99951171875,0.9982212896544476,0.9998660854551866,0.999755859375,0.9986182969663738,0.9999569018847606,0.9999186197916666,0.0006531640194142874,1.9600000000000002e-05
conservative_input,7000,ood_dev,7,4096,4094,4095,28669,28672,0.99951171875,0.9982212896544476,0.9998660854551866,0.999755859375,0.9986182969663738,0.9999569018847606,0.9998953683035714,0.0013165980070564132,1.9600000000000002e-05
conservative_input,7000,ood_dev,8,4096,4092,4093,32762,32768,0.9990234375,0.9974915571936952,0.9996201704329383,0.999267578125,0.9978486714629491,0.9997508799051849,0.99981689453125,0.0015707555476782709,1.9600000000000002e-05
conservative_input,7000,ood_dev,9,4096,4092,4093,36855,36864,0.9990234375,0.9974915571936952,0.9996201704329383,0.999267578125,0.9978486714629491,0.9997508799051849,0.999755859375,0.002433088372863601,1.9600000000000002e-05
conservative_input,7000,ood_dev,10,4096,4089,4090,40945,40960,0.998291015625,0.9964763422189936,0.9991719141831389,0.99853515625,0.9968075986857966,0.9993284814578364,0.9996337890625,0.0037031683263295534,1.9600000000000002e-05
conservative_input,7000,ood_dev,11,4096,4085,4087,45032,45056,0.997314453125,0.9951972177470491,0.9984997436890822,0.997802734375,0.9958290482073086,0.9988435607118235,0.9994673295454546,0.009318150034034911,1.9600000000000002e-05
conservative_input,7000,ood_dev,12,4096,4078,4081,49113,49152,0.99560546875,0.9930638103960733,0.9972183848495558,0.996337890625,0.9939662587473084,0.9977794077228217,0.99920654296875,0.017625281824845906,1.9600000000000002e-05
conservative_input,7000,ood_dev,13,4096,2747,2756,51869,53248,0.670654296875,0.656107513678577,0.6848812816301397,0.6728515625,0.6583272966214855,0.6870519123607339,0.9741023137019231,1.5732745889079567,1.9600000000000002e-05
conservative_input,7000,ood_dev,14,4096,357,424,52293,57344,0.087158203125,0.07890227806235428,0.09618777506062157,0.103515625,0.09455493861565754,0.11321930518783906,0.9119175502232143,7.3155588397815094,1.9600000000000002e-05
conservative_input,7000,ood_dev,15,4096,32,131,52424,61440,0.0078125,0.005539509852396457,0.011007827282978652,0.031982421875,0.02701717683316579,0.037824710710740006,0.8532552083333333,8.561478792126422,1.9600000000000002e-05
conservative_input,7000,ood_dev,16,4096,2,59,52483,65536,0.00048828125,0.00013391454481334652,0.0017787103455524616,0.014404296875,0.011183814817094736,0.01853476333878874,0.8008270263671875,8.511269694487055,1.9600000000000002e-05
conservative_input,7000,ood_dev,17,4096,0,62,52545,69632,0.0,0.0,0.0009369774073651883,0.01513671875,0.011826124044008677,0.01935592533637573,0.7546099494485294,8.480912576716037,1.9600000000000002e-05
conservative_input,7000,ood_dev,18,4096,0,73,52618,73728,0.0,0.0,0.0009369774073651883,0.017822265625,0.014199063362519719,0.022349047174368093,0.7136773003472222,8.539420732946837,1.9600000000000002e-05
conservative_input,7000,ood_dev,19,4096,0,77,52695,77824,0.0,0.0,0.0009369774073651883,0.018798828125,0.01506804743850219,0.023431358064386867,0.6771047491776315,8.770651666270624,1.9600000000000002e-05
conservative_input,7000,ood_dev,20,4096,0,59,52754,81920,0.0,0.0,0.0009369774073651883,0.014404296875,0.011183814817094736,0.01853476333878874,0.6439697265625,9.178941313992937,1.9600000000000002e-05
conservative_input,7000,ood_dev,21,4096,0,64,52818,86016,0.0,0.0,0.0009369774073651883,0.015625,0.012255565007829483,0.01990213185555554,0.6140485491071429,9.752872336582413,1.9600000000000002e-05
conservative_input,7000,ood_dev,22,4096,0,56,52874,90112,0.0,0.0,0.0009369774073651883,0.013671875,0.01054387645975476,0.017711230471627787,0.5867587002840909,10.33408517723774,1.9600000000000002e-05
conservative_input,7000,ood_dev,23,4096,0,65,52939,94208,0.0,0.0,0.0009369774073651883,0.015869140625,0.012470639018872916,0.020174881586012418,0.5619374150815217,11.086959549222343,1.9600000000000002e-05
conservative_input,7000,ood_dev,24,4096,0,67,53006,98304,0.0,0.0,0.0009369774073651883,0.016357421875,0.012901468019013623,0.020719700068872332,0.5392049153645834,11.998562004631594,1.9600000000000002e-05
conservative_input,7000,ood_dev,25,4096,0,61,53067,102400,0.0,0.0,0.0009369774073651883,0.014892578125,0.011611768142410793,0.019082457496473304,0.518232421875,12.918407042011097,1.9600000000000002e-05
conservative_input,7000,ood_dev,26,4096,0,64,53131,106496,0.0,0.0,0.0009369774073651883,0.015625,0.012255565007829483,0.01990213185555554,0.4989013671875,13.686047699969123,1.9600000000000002e-05
conservative_input,7000,ood_dev,27,4096,0,55,53186,110592,0.0,0.0,0.0009369774073651883,0.013427734375,0.010331122163193216,0.017436161026689018,0.48092086226851855,14.504484304285121,1.9600000000000002e-05
conservative_input,7000,ood_dev,28,4096,0,60,53246,114688,0.0,0.0,0.0009369774073651883,0.0146484375,0.01139766303294143,0.018808738864442356,0.46426827566964285,15.131189501922428,1.9600000000000002e-05
conservative_input,7000,ood_dev,29,4096,0,62,53308,118784,0.0,0.0,0.0009369774073651883,0.01513671875,0.011826124044008677,0.01935592533637573,0.4487809806034483,15.801009154029614,1.9600000000000002e-05
conservative_input,7000,ood_dev,30,4096,0,65,53373,122880,0.0,0.0,0.0009369774073651883,0.015869140625,0.012470639018872916,0.020174881586012418,0.4343505859375,16.06795716315652,1.9600000000000002e-05
conservative_input,7000,ood_dev,31,4096,0,68,53441,126976,0.0,0.0,0.0009369774073651883,0.0166015625,0.013117213150496153,0.020991778678890113,0.42087481098790325,16.227055442703207,1.9600000000000002e-05
conservative_input,7000,ood_dev,32,4096,0,70,53511,131072,0.0,0.0,0.0009369774073651883,0.01708984375,0.0135493413532538,0.021535297959133087,0.40825653076171875,16.52731703280753,1.9600000000000002e-05
conservative_input,7000,ood_dev,33,4096,0,58,53569,135168,0.0,0.0,0.0009369774073651883,0.01416015625,0.010970229851119503,0.018260524563263665,0.39631421638257575,16.581968983726604,1.9600000000000002e-05
conservative_input,7000,ood_dev,34,4096,0,77,53646,139264,0.0,0.0,0.0009369774073651883,0.018798828125,0.01506804743850219,0.023431358064386867,0.3852108226102941,16.709562419553574,1.9600000000000002e-05
conservative_input,7000,ood_dev,35,4096,0,63,53709,143360,0.0,0.0,0.0009369774073651883,0.015380859375,0.012040724876904885,0.019629148244979834,0.37464425223214287,16.759746528657367,1.9600000000000002e-05
conservative_input,7000,ood_dev,36,4096,0,58,53767,147456,0.0,0.0,0.0009369774073651883,0.01416015625,0.010970229851119503,0.018260524563263665,0.3646308051215278,16.825945915731136,1.9600000000000002e-05
conservative_input,7500,dev,1,4096,4096,4096,4096,4096,1.0,0.9990630225926348,0.9999999999999999,1.0,0.9990630225926348,0.9999999999999999,1.0,5.411310946401571e-05,2.2499999999999998e-05
conservative_input,7500,dev,2,4096,4096,4096,8192,8192,1.0,0.9990630225926348,0.9999999999999999,1.0,0.9990630225926348,0.9999999999999999,1.0,9.989635238882855e-05,2.2499999999999998e-05
conservative_input,7500,dev,3,4096,4096,4096,12288,12288,1.0,0.9990630225926348,0.9999999999999999,1.0,0.9990630225926348,0.9999999999999999,1.0,0.00015547307519669928,2.2499999999999998e-05
conservative_input,7500,dev,4,4096,4096,4096,16384,16384,1.0,0.9990630225926348,0.9999999999999999,1.0,0.9990630225926348,0.9999999999999999,1.0,0.00022751793618613902,2.2499999999999998e-05
conservative_input,7500,dev,5,4096,4095,4095,20479,20480,0.999755859375,0.9986182969663738,0.9999569018847606,0.999755859375,0.9986182969663738,0.9999569018847606,0.999951171875,0.0005350568508886155,2.2499999999999998e-05
conservative_input,7500,dev,6,4096,4095,4096,24575,24576,0.999755859375,0.9986182969663738,0.9999569018847606,1.0,0.9990630225926348,0.9999999999999999,0.9999593098958334,0.0003344142139996009,2.2499999999999998e-05
conservative_input,7500,dev,7,4096,4094,4094,28669,28672,0.99951171875,0.9982212896544476,0.9998660854551866,0.99951171875,0.9982212896544476,0.9998660854551866,0.9998953683035714,0.0010035422012610873,2.2499999999999998e-05
conservative_input,7500,dev,8,4096,4094,4096,32765,32768,0.99951171875,0.9982212896544476,0.9998660854551866,1.0,0.9990630225926348,0.9999999999999999,0.999908447265625,0.0010812650552392,2.2499999999999998e-05
conservative_input,7500,dev,9,4096,4094,4096,36861,36864,0.99951171875,0.9982212896544476,0.9998660854551866,1.0,0.9990630225926348,0.9999999999999999,0.9999186197916666,0.0014537096148052875,2.2499999999999998e-05
conservative_input,7500,dev,10,4096,4091,4093,40954,40960,0.998779296875,0.997145424476127,0.9994784794090062,0.999267578125,0.9978486714629491,0.9997508799051849,0.999853515625,0.003005504040993756,2.2499999999999998e-05
conservative_input,7500,dev,11,4096,4081,4084,45038,45056,0.996337890625,0.9939662587473084,0.9977794077228217,0.9970703125,0.9948858699188933,0.9983232677757378,0.9996004971590909,0.00733371297806773,2.2499999999999998e-05
conservative_input,7500,dev,12,4096,4046,4052,49090,49152,0.98779296875,0.983943722660208,0.9907281128574114,0.9892578125,0.9856107816089336,0.9919879963576875,0.9987386067708334,0.02824817061094098,2.2499999999999998e-05
conservative_input,7500,ood_dev,1,4096,4096,4096,4096,4096,1.0,0.9990630225926348,0.9999999999999999,1.0,0.9990630225926348,0.9999999999999999,1.0,5.364782274641655e-05,2.2499999999999998e-05
conservative_input,7500,ood_dev,2,4096,4096,4096,8192,8192,1.0,0.9990630225926348,0.9999999999999999,1.0,0.9990630225926348,0.9999999999999999,1.0,9.872718311410011e-05,2.2499999999999998e-05
conservative_input,7500,ood_dev,3,4096,4096,4096,12288,12288,1.0,0.9990630225926348,0.9999999999999999,1.0,0.9990630225926348,0.9999999999999999,1.0,0.00017452144294249905,2.2499999999999998e-05
conservative_input,7500,ood_dev,4,4096,4096,4096,16384,16384,1.0,0.9990630225926348,0.9999999999999999,1.0,0.9990630225926348,0.9999999999999999,1.0,0.00021097393609625925,2.2499999999999998e-05
conservative_input,7500,ood_dev,5,4096,4096,4096,20480,20480,1.0,0.9990630225926348,0.9999999999999999,1.0,0.9990630225926348,0.9999999999999999,1.0,0.00022754731014629215,2.2499999999999998e-05
conservative_input,7500,ood_dev,6,4096,4096,4096,24576,24576,1.0,0.9990630225926348,0.9999999999999999,1.0,0.9990630225926348,0.9999999999999999,1.0,0.000353084559761907,2.2499999999999998e-05
conservative_input,7500,ood_dev,7,4096,4096,4096,28672,28672,1.0,0.9990630225926348,0.9999999999999999,1.0,0.9990630225926348,0.9999999999999999,1.0,0.0004219948806989393,2.2499999999999998e-05
conservative_input,7500,ood_dev,8,4096,4095,4095,32767,32768,0.999755859375,0.9986182969663738,0.9999569018847606,0.999755859375,0.9986182969663738,0.9999569018847606,0.999969482421875,0.001384420840367273,2.2499999999999998e-05
conservative_input,7500,ood_dev,9,4096,4091,4091,36858,36864,0.998779296875,0.997145424476127,0.9994784794090062,0.998779296875,0.997145424476127,0.9994784794090062,0.9998372395833334,0.0027710030092222837,2.2499999999999998e-05
conservative_input,7500,ood_dev,10,4096,4089,4091,40949,40960,0.998291015625,0.9964763422189936,0.9991719141831389,0.998779296875,0.997145424476127,0.9994784794090062,0.9997314453125,0.0037375003412445373,2.2499999999999998e-05
conservative_input,7500,ood_dev,11,4096,4084,4087,45036,45056,0.9970703125,0.9948858699188933,0.9983232677757378,0.997802734375,0.9958290482073086,0.9988435607118235,0.9995561079545454,0.00658204909431559,2.2499999999999998e-05
conservative_input,7500,ood_dev,12,4096,4060,4065,49101,49152,0.9912109375,0.9878567926156614,0.9936445752829621,0.992431640625,0.9892775496501616,0.9946629369559636,0.99896240234375,0.024159855420121445,2.2499999999999998e-05
conservative_input,7500,ood_dev,13,4096,1582,1589,50690,53248,0.38623046875,0.37143311095825465,0.40124102550260093,0.387939453125,0.3731283787636913,0.40296052388766646,0.9519606370192307,4.644293515521235,2.2499999999999998e-05
conservative_input,7500,ood_dev,14,4096,235,369,51059,57344,0.057373046875,0.0506572079640723,0.06491834869586573,0.090087890625,0.08169965535410265,0.0992442826668769,0.8903982979910714,8.809787166224584,2.2499999999999998e-05
conservative_input,7500,ood_dev,15,4096,22,136,51195,61440,0.00537109375,0.0035497403427024827,0.008119359377669524,0.033203125,0.028138784376593545,0.0391422218748138,0.833251953125,9.957167667642935,2.2499999999999998e-05
conservative_input,7500,ood_dev,16,4096,1,70,51265,65536,0.000244140625,4.309811523941186e-05,0.0013817030336260863,0.01708984375,0.0135493413532538,0.021535297959133087,0.7822418212890625,10.387063662632215,2.2499999999999998e-05
conservative_input,7500,ood_dev,17,4096,0,65,51330,69632,0.0,0.0,0.0009369774073651883,0.015869140625,0.012470639018872916,0.020174881586012418,0.7371610753676471,10.754861537425711,2.2499999999999998e-05
conservative_input,7500,ood_dev,18,4096,0,63,51393,73728,0.0,0.0,0.0009369774073651883,0.015380859375,0.012040724876904885,0.019629148244979834,0.6970621744791666,11.167617524519756,2.2499999999999998e-05
conservative_input,7500,ood_dev,19,4096,0,58,51451,77824,0.0,0.0,0.0009369774073651883,0.01416015625,0.010970229851119503,0.018260524563263665,0.661119962993421,11.799629119583642,2.2499999999999998e-05
conservative_input,7500,ood_dev,20,4096,0,73,51524,81920,0.0,0.0,0.0009369774073651883,0.017822265625,0.014199063362519719,0.022349047174368093,0.628955078125,12.340756133878344,2.2499999999999998e-05
conservative_input,7500,ood_dev,21,4096,0,67,51591,86016,0.0,0.0,0.0009369774073651883,0.016357421875,0.012901468019013623,0.020719700068872332,0.5997837611607143,13.14186655522537,2.2499999999999998e-05
conservative_input,7500,ood_dev,22,4096,0,65,51656,90112,0.0,0.0,0.0009369774073651883,0.015869140625,0.012470639018872916,0.020174881586012418,0.5732421875,13.756325509978225,2.2499999999999998e-05
conservative_input,7500,ood_dev,23,4096,0,68,51724,94208,0.0,0.0,0.0009369774073651883,0.0166015625,0.013117213150496153,0.020991778678890113,0.5490404211956522,14.44646789305476,2.2499999999999998e-05
conservative_input,7500,ood_dev,24,4096,0,65,51789,98304,0.0,0.0,0.0009369774073651883,0.015869140625,0.012470639018872916,0.020174881586012418,0.526824951171875,15.041578872576558,2.2499999999999998e-05
conservative_input,7500,ood_dev,25,4096,0,57,51846,102400,0.0,0.0,0.0009369774073651883,0.013916015625,0.01075691476118927,0.017986015911693586,0.50630859375,15.539171526603695,2.2499999999999998e-05
conservative_input,7500,ood_dev,26,4096,0,75,51921,106496,0.0,0.0,0.0009369774073651883,0.018310546875,0.014633183903943853,0.022890574115944584,0.48753943810096156,15.86023314692595,2.2499999999999998e-05
conservative_input,7500,ood_dev,27,4096,0,52,51973,110592,0.0,0.0,0.0009369774073651883,0.0126953125,0.009694640437114613,0.016609171528266693,0.46995261863425924,16.27858052323562,2.2499999999999998e-05
conservative_input,7500,ood_dev,28,4096,0,61,52034,114688,0.0,0.0,0.0009369774073651883,0.014892578125,0.011611768142410793,0.019082457496473304,0.45370047433035715,16.44010991673302,2.2499999999999998e-05
conservative_input,7500,ood_dev,29,4096,0,64,52098,118784,0.0,0.0,0.0009369774073651883,0.015625,0.012255565007829483,0.01990213185555554,0.43859442349137934,16.734470730579737,2.2499999999999998e-05
conservative_input,7500,ood_dev,30,4096,0,65,52163,122880,0.0,0.0,0.0009369774073651883,0.015869140625,0.012470639018872916,0.020174881586012418,0.42450358072916666,16.747944268166226,2.2499999999999998e-05
conservative_input,7500,ood_dev,31,4096,0,78,52241,126976,0.0,0.0,0.0009369774073651883,0.01904296875,0.01528574904596704,0.023701480198422328,0.41142420614919356,16.63079848463709,2.2499999999999998e-05
conservative_input,7500,ood_dev,32,4096,0,65,52306,131072,0.0,0.0,0.0009369774073651883,0.015869140625,0.012470639018872916,0.020174881586012418,0.3990631103515625,16.737335304016902,2.2499999999999998e-05
conservative_input,7500,ood_dev,33,4096,0,57,52363,135168,0.0,0.0,0.0009369774073651883,0.013916015625,0.01075691476118927,0.017986015911693586,0.3873919862689394,16.62700228164757,2.2499999999999998e-05
conservative_input,7500,ood_dev,34,4096,0,85,52448,139264,0.0,0.0,0.0009369774073651883,0.020751953125,0.016814398921352457,0.02558759651353908,0.3766084558823529,16.594776971752815,2.2499999999999998e-05
conservative_input,7500,ood_dev,35,4096,0,65,52513,143360,0.0,0.0,0.0009369774073651883,0.015869140625,0.012470639018872916,0.020174881586012418,0.36630161830357144,16.584809429322764,2.2499999999999998e-05
conservative_input,7500,ood_dev,36,4096,0,56,52569,147456,0.0,0.0,0.0009369774073651883,0.013671875,0.01054387645975476,0.017711230471627787,0.35650634765625,16.58752928235335,2.2499999999999998e-05
conservative_input,8000,dev,1,4096,4096,4096,4096,4096,1.0,0.9990630225926348,0.9999999999999999,1.0,0.9990630225926348,0.9999999999999999,1.0,6.075392538651414e-05,2.5600000000000002e-05
conservative_input,8000,dev,2,4096,4096,4096,8192,8192,1.0,0.9990630225926348,0.9999999999999999,1.0,0.9990630225926348,0.9999999999999999,1.0,0.00017178290609054514,2.5600000000000002e-05
conservative_input,8000,dev,3,4096,4094,4094,12286,12288,0.99951171875,0.9982212896544476,0.9998660854551866,0.99951171875,0.9982212896544476,0.9998660854551866,0.9998372395833334,0.001360795880721799,2.5600000000000002e-05
conservative_input,8000,dev,4,4096,4094,4095,16381,16384,0.99951171875,0.9982212896544476,0.9998660854551866,0.999755859375,0.9986182969663738,0.9999569018847606,0.99981689453125,0.0013623957008612742,2.5600000000000002e-05
conservative_input,8000,dev,5,4096,4094,4095,20476,20480,0.99951171875,0.9982212896544476,0.9998660854551866,0.999755859375,0.9986182969663738,0.9999569018847606,0.9998046875,0.001723137551091991,2.5600000000000002e-05
conservative_input,8000,dev,6,4096,4093,4094,24570,24576,0.999267578125,0.9978486714629491,0.9997508799051849,0.99951171875,0.9982212896544476,0.9998660854551866,0.999755859375,0.0020797796481333286,2.5600000000000002e-05
conservative_input,8000,dev,7,4096,4093,4095,28665,28672,0.999267578125,0.9978486714629491,0.9997508799051849,0.999755859375,0.9986182969663738,0.9999569018847606,0.999755859375,0.002211025907683961,2.5600000000000002e-05
conservative_input,8000,dev,8,4096,4093,4094,32759,32768,0.999267578125,0.9978486714629491,0.9997508799051849,0.99951171875,0.9982212896544476,0.9998660854551866,0.999725341796875,0.002687670975315193,2.5600000000000002e-05
conservative_input,8000,dev,9,4096,4089,4090,36849,36864,0.998291015625,0.9964763422189936,0.9991719141831389,0.99853515625,0.9968075986857966,0.9993284814578364,0.9995930989583334,0.004784489183284002,2.5600000000000002e-05
conservative_input,8000,dev,10,4096,4085,4087,40936,40960,0.997314453125,0.9951972177470491,0.9984997436890822,0.997802734375,0.9958290482073086,0.9988435607118235,0.9994140625,0.006128054706622699,2.5600000000000002e-05
conservative_input,8000,dev,11,4096,4082,4088,45024,45056,0.99658203125,0.9942706398960515,0.9979628503155791,0.998046875,0.9961504506055915,0.9990099820550408,0.9992897727272727,0.0095709631481391,2.5600000000000002e-05
conservative_input,8000,dev,12,4096,4075,4080,49104,49152,0.994873046875,0.9921745882319427,0.9966441357891856,0.99609375,0.9936637657680687,0.9975940769605611,0.9990234375,0.014189302696199668,2.5600000000000002e-05
conservative_input,8000,ood_dev,1,4096,4096,4096,4096,4096,1.0,0.9990630225926348,0.9999999999999999,1.0,0.9990630225926348,0.9999999999999999,1.0,6.022251054194072e-05,2.5600000000000002e-05
conservative_input,8000,ood_dev,2,4096,4096,4096,8192,8192,1.0,0.9990630225926348,0.9999999999999999,1.0,0.9990630225926348,0.9999999999999999,1.0,0.00013697377100241326,2.5600000000000002e-05
conservative_input,8000,ood_dev,3,4096,4096,4096,12288,12288,1.0,0.9990630225926348,0.9999999999999999,1.0,0.9990630225926348,0.9999999999999999,1.0,0.00019074453410716785,2.5600000000000002e-05
conservative_input,8000,ood_dev,4,4096,4096,4096,16384,16384,1.0,0.9990630225926348,0.9999999999999999,1.0,0.9990630225926348,0.9999999999999999,1.0,0.0002934389896260825,2.5600000000000002e-05
conservative_input,8000,ood_dev,5,4096,4096,4096,20480,20480,1.0,0.9990630225926348,0.9999999999999999,1.0,0.9990630225926348,0.9999999999999999,1.0,0.0003452628565558946,2.5600000000000002e-05
conservative_input,8000,ood_dev,6,4096,4095,4095,24575,24576,0.999755859375,0.9986182969663738,0.9999569018847606,0.999755859375,0.9986182969663738,0.9999569018847606,0.9999593098958334,0.0007681062780706682,2.5600000000000002e-05
conservative_input,8000,ood_dev,7,4096,4095,4095,28670,28672,0.999755859375,0.9986182969663738,0.9999569018847606,0.999755859375,0.9986182969663738,0.9999569018847606,0.9999302455357143,0.0014475879368087696,2.5600000000000002e-05
conservative_input,8000,ood_dev,8,4096,4093,4093,32763,32768,0.999267578125,0.9978486714629491,0.9997508799051849,0.999267578125,0.9978486714629491,0.9997508799051849,0.999847412109375,0.0020873591273899983,2.5600000000000002e-05
conservative_input,8000,ood_dev,9,4096,4091,4092,36855,36864,0.998779296875,0.997145424476127,0.9994784794090062,0.9990234375,0.9974915571936952,0.9996201704329383,0.999755859375,0.0033536985415305587,2.5600000000000002e-05
conservative_input,8000,ood_dev,10,4096,4089,4091,40946,40960,0.998291015625,0.9964763422189936,0.9991719141831389,0.998779296875,0.997145424476127,0.9994784794090062,0.999658203125,0.004230794788253611,2.5600000000000002e-05
conservative_input,8000,ood_dev,11,4096,4087,4090,45036,45056,0.997802734375,0.9958290482073086,0.9988435607118235,0.99853515625,0.9968075986857966,0.9993284814578364,0.9995561079545454,0.006757428897739004,2.5600000000000002e-05
conservative_input,8000,ood_dev,12,4096,4079,4084,49120,49152,0.995849609375,0.9933629968413301,0.9974070221457995,0.9970703125,0.9948858699188933,0.9983232677757378,0.9993489583333334,0.009456781464836084,2.5600000000000002e-05
conservative_input,8000,ood_dev,13,4096,2042,2049,51169,53248,0.49853515625,0.48323155104961774,0.5138415065013804,0.500244140625,0.48493887034694433,0.515548953394556,0.9609562800480769,3.140235787369673,2.5600000000000002e-05
conservative_input,8000,ood_dev,14,4096,321,449,51618,57344,0.078369140625,0.0705282092592004,0.08700018916976428,0.109619140625,0.10041489266864519,0.11955494467235918,0.900146484375,7.3936102766892695,2.5600000000000002e-05
conservative_input,8000,ood_dev,15,4096,25,144,51762,61440,0.006103515625,0.004137683601119058,0.00899488734375388,0.03515625,0.029937397528601,0.041246198654808816,0.84248046875,8.256052528465261,2.5600000000000002e-05
conservative_input,8000,ood_dev,16,4096,0,83,51845,65536,0.0,0.0,0.0009369774073651883,0.020263671875,0.01637682567489716,0.025049522276993755,0.7910919189453125,8.3378146372645,2.5600000000000002e-05
conservative_input,8000,ood_dev,17,4096,0,73,51918,69632,0.0,0.0,0.0009369774073651883,0.017822265625,0.014199063362519719,0.022349047174368093,0.74560546875,8.400558690259459,2.5600000000000002e-05
conservative_input,8000,ood_dev,18,4096,0,70,51988,73728,0.0,0.0,0.0009369774073651883,0.01708984375,0.0135493413532538,0.021535297959133087,0.7051323784722222,8.59561908523392,2.5600000000000002e-05
conservative_input,8000,ood_dev,19,4096,0,73,52061,77824,0.0,0.0,0.0009369774073651883,0.017822265625,0.014199063362519719,0.022349047174368093,0.668958162006579,8.97689414047909,2.5600000000000002e-05
conservative_input,8000,ood_dev,20,4096,0,52,52113,81920,0.0,0.0,0.0009369774073651883,0.0126953125,0.009694640437114613,0.016609171528266693,0.63614501953125,9.428777568512032,2.5600000000000002e-05
conservative_input,8000,ood_dev,21,4096,0,79,52192,86016,0.0,0.0,0.0009369774073651883,0.019287109375,0.015503626084669948,0.023971426901219724,0.6067708333333334,10.137396675674836,2.5600000000000002e-05
conservative_input,8000,ood_dev,22,4096,0,71,52263,90112,0.0,0.0,0.0009369774073651883,0.017333984375,0.01376571558724534,0.02180674746664186,0.5799782492897727,10.703379957058814,2.5600000000000002e-05
conservative_input,8000,ood_dev,23,4096,0,64,52327,94208,0.0,0.0,0.0009369774073651883,0.015625,0.012255565007829483,0.01990213185555554,0.5554411514945652,11.55020557260616,2.5600000000000002e-05
conservative_input,8000,ood_dev,24,4096,0,73,52400,98304,0.0,0.0,0.0009369774073651883,0.017822265625,0.014199063362519719,0.022349047174368093,0.5330403645833334,12.329082600926398,2.5600000000000002e-05
conservative_input,8000,ood_dev,25,4096,0,70,52470,102400,0.0,0.0,0.0009369774073651883,0.01708984375,0.0135493413532538,0.021535297959133087,0.51240234375,13.10444370032397,2.5600000000000002e-05
conservative_input,8000,ood_dev,26,4096,0,72,52542,106496,0.0,0.0,0.0009369774073651883,0.017578125,0.013982290939508705,0.022077995855878798,0.49337064302884615,13.620074908965805,2.5600000000000002e-05
conservative_input,8000,ood_dev,27,4096,0,58,52600,110592,0.0,0.0,0.0009369774073651883,0.01416015625,0.010970229851119503,0.018260524563263665,0.47562210648148145,14.373023471697167,2.5600000000000002e-05
conservative_input,8000,ood_dev,28,4096,0,65,52665,114688,0.0,0.0,0.0009369774073651883,0.015869140625,0.012470639018872916,0.020174881586012418,0.45920235770089285,14.887354984777506,2.5600000000000002e-05
conservative_input,8000,ood_dev,29,4096,0,63,52728,118784,0.0,0.0,0.0009369774073651883,0.015380859375,0.012040724876904885,0.019629148244979834,0.4438981681034483,15.44512159712233,2.5600000000000002e-05
conservative_input,8000,ood_dev,30,4096,0,65,52793,122880,0.0,0.0,0.0009369774073651883,0.015869140625,0.012470639018872916,0.020174881586012418,0.42963053385416666,15.608460328484654,2.5600000000000002e-05
conservative_input,8000,ood_dev,31,4096,0,77,52870,126976,0.0,0.0,0.0009369774073651883,0.018798828125,0.01506804743850219,0.023431358064386867,0.4163778981854839,15.727589245459377,2.5600000000000002e-05
conservative_input,8000,ood_dev,32,4096,0,70,52940,131072,0.0,0.0,0.0009369774073651883,0.01708984375,0.0135493413532538,0.021535297959133087,0.403900146484375,16.036594033763443,2.5600000000000002e-05
conservative_input,8000,ood_dev,33,4096,0,58,52998,135168,0.0,0.0,0.0009369774073651883,0.01416015625,0.010970229851119503,0.018260524563263665,0.39208984375,16.11998106478081,2.5600000000000002e-05
conservative_input,8000,ood_dev,34,4096,0,80,53078,139264,0.0,0.0,0.0009369774073651883,0.01953125,0.015721675338006252,0.02424120138938373,0.38113223805147056,16.2670359845819,2.5600000000000002e-05
conservative_input,8000,ood_dev,35,4096,0,70,53148,143360,0.0,0.0,0.0009369774073651883,0.01708984375,0.0135493413532538,0.021535297959133087,0.3707310267857143,16.342561712381286,2.5600000000000002e-05
conservative_input,8000,ood_dev,36,4096,0,60,53208,147456,0.0,0.0,0.0009369774073651883,0.0146484375,0.01139766303294143,0.018808738864442356,0.36083984375,16.388701654766496,2.5600000000000002e-05
conservative_input,8500,dev,1,4096,4096,4096,4096,4096,1.0,0.9990630225926348,0.9999999999999999,1.0,0.9990630225926348,0.9999999999999999,1.0,6.170609683442407e-05,2.8900000000000005e-05
conservative_input,8500,dev,2,4096,4096,4096,8192,8192,1.0,0.9990630225926348,0.9999999999999999,1.0,0.9990630225926348,0.9999999999999999,1.0,0.00014400955884985578,2.8900000000000005e-05
conservative_input,8500,dev,3,4096,4096,4096,12288,12288,1.0,0.9990630225926348,0.9999999999999999,1.0,0.9990630225926348,0.9999999999999999,1.0,0.0002541436509675421,2.8900000000000005e-05
conservative_input,8500,dev,4,4096,4096,4096,16384,16384,1.0,0.9990630225926348,0.9999999999999999,1.0,0.9990630225926348,0.9999999999999999,1.0,0.0001783913847983598,2.8900000000000005e-05
conservative_input,8500,dev,5,4096,4096,4096,20480,20480,1.0,0.9990630225926348,0.9999999999999999,1.0,0.9990630225926348,0.9999999999999999,1.0,0.00016549061563786438,2.8900000000000005e-05
conservative_input,8500,dev,6,4096,4096,4096,24576,24576,1.0,0.9990630225926348,0.9999999999999999,1.0,0.9990630225926348,0.9999999999999999,1.0,0.00022253096597202315,2.8900000000000005e-05
conservative_input,8500,dev,7,4096,4096,4096,28672,28672,1.0,0.9990630225926348,0.9999999999999999,1.0,0.9990630225926348,0.9999999999999999,1.0,0.00027720234906247754,2.8900000000000005e-05
conservative_input,8500,dev,8,4096,4095,4095,32767,32768,0.999755859375,0.9986182969663738,0.9999569018847606,0.999755859375,0.9986182969663738,0.9999569018847606,0.999969482421875,0.0008135929489503368,2.8900000000000005e-05
conservative_input,8500,dev,9,4096,4094,4095,36862,36864,0.99951171875,0.9982212896544476,0.9998660854551866,0.999755859375,0.9986182969663738,0.9999569018847606,0.9999457465277778,0.0011815486120188012,2.8900000000000005e-05
conservative_input,8500,dev,10,4096,4091,4092,40954,40960,0.998779296875,0.997145424476127,0.9994784794090062,0.9990234375,0.9974915571936952,0.9996201704329383,0.999853515625,0.003659663486092146,2.8900000000000005e-05
conservative_input,8500,dev,11,4096,4088,4091,45045,45056,0.998046875,0.9961504506055915,0.9990099820550408,0.998779296875,0.997145424476127,0.9994784794090062,0.999755859375,0.0049285851022520255,2.8900000000000005e-05
conservative_input,8500,dev,12,4096,4078,4081,49126,49152,0.99560546875,0.9930638103960733,0.9972183848495558,0.996337890625,0.9939662587473084,0.9977794077228217,0.9994710286458334,0.011563736820028758,2.8900000000000005e-05
conservative_input,8500,ood_dev,1,4096,4096,4096,4096,4096,1.0,0.9990630225926348,0.9999999999999999,1.0,0.9990630225926348,0.9999999999999999,1.0,6.09074432360579e-05,2.8900000000000005e-05
conservative_input,8500,ood_dev,2,4096,4096,4096,8192,8192,1.0,0.9990630225926348,0.9999999999999999,1.0,0.9990630225926348,0.9999999999999999,1.0,0.00013797966393758188,2.8900000000000005e-05
conservative_input,8500,ood_dev,3,4096,4096,4096,12288,12288,1.0,0.9990630225926348,0.9999999999999999,1.0,0.9990630225926348,0.9999999999999999,1.0,0.00025501833798236007,2.8900000000000005e-05
conservative_input,8500,ood_dev,4,4096,4096,4096,16384,16384,1.0,0.9990630225926348,0.9999999999999999,1.0,0.9990630225926348,0.9999999999999999,1.0,0.0003023567956188522,2.8900000000000005e-05
conservative_input,8500,ood_dev,5,4096,4095,4095,20479,20480,0.999755859375,0.9986182969663738,0.9999569018847606,0.999755859375,0.9986182969663738,0.9999569018847606,0.999951171875,0.0007614108893339022,2.8900000000000005e-05
conservative_input,8500,ood_dev,6,4096,4095,4095,24574,24576,0.999755859375,0.9986182969663738,0.9999569018847606,0.999755859375,0.9986182969663738,0.9999569018847606,0.9999186197916666,0.0011608133147786859,2.8900000000000005e-05
conservative_input,8500,ood_dev,7,4096,4095,4095,28669,28672,0.999755859375,0.9986182969663738,0.9999569018847606,0.999755859375,0.9986182969663738,0.9999569018847606,0.9998953683035714,0.0019244515107637028,2.8900000000000005e-05
conservative_input,8500,ood_dev,8,4096,4094,4094,32763,32768,0.99951171875,0.9982212896544476,0.9998660854551866,0.99951171875,0.9982212896544476,0.9998660854551866,0.999847412109375,0.0027524732563817267,2.8900000000000005e-05
conservative_input,8500,ood_dev,9,4096,4094,4094,36857,36864,0.99951171875,0.9982212896544476,0.9998660854551866,0.99951171875,0.9982212896544476,0.9998660854551866,0.9998101128472222,0.0028927187772600504,2.8900000000000005e-05
conservative_input,8500,ood_dev,10,4096,4092,4092,40949,40960,0.9990234375,0.9974915571936952,0.9996201704329383,0.9990234375,0.9974915571936952,0.9996201704329383,0.9997314453125,0.005136513411347909,2.8900000000000005e-05
conservative_input,8500,ood_dev,11,4096,4089,4090,45039,45056,0.998291015625,0.9964763422189936,0.9991719141831389,0.99853515625,0.9968075986857966,0.9993284814578364,0.9996226917613636,0.00762681176939628,2.8900000000000005e-05
conservative_input,8500,ood_dev,12,4096,4081,4084,49123,49152,0.996337890625,0.9939662587473084,0.9977794077228217,0.9970703125,0.9948858699188933,0.9983232677757378,0.9994099934895834,0.012176670360102726,2.8900000000000005e-05
conservative_input,8500,ood_dev,13,4096,1808,1811,50934,53248,0.44140625,0.42626146321643066,0.45666083882349495,0.442138671875,0.42699057255754486,0.4573952007068817,0.95654296875,3.636637061503307,2.8900000000000005e-05
conservative_input,8500,ood_dev,14,4096,263,400,51334,57344,0.064208984375,0.05710291562037003,0.07213170580157667,0.09765625,0.08893883728444325,0.10712763672304591,0.8951939174107143,8.072013783801072,2.8900000000000005e-05
conservative_input,8500,ood_dev,15,4096,29,121,51455,61440,0.007080078125,0.004934210809760133,0.010149655101114045,0.029541015625,0.024780296095387285,0.03518335403351541,0.8374837239583334,9.572697415045639,2.8900000000000005e-05
conservative_input,8500,ood_dev,16,4096,0,62,51517,65536,0.0,0.0,0.0009369774073651883,0.01513671875,0.011826124044008677,0.01935592533637573,0.7860870361328125,9.926618221239892,2.8900000000000005e-05
conservative_input,8500,ood_dev,17,4096,0,77,51594,69632,0.0,0.0,0.0009369774073651883,0.018798828125,0.01506804743850219,0.023431358064386867,0.7409524356617647,10.052244658796951,2.8900000000000005e-05
conservative_input,8500,ood_dev,18,4096,0,71,51665,73728,0.0,0.0,0.0009369774073651883,0.017333984375,0.01376571558724534,0.02180674746664186,0.7007514105902778,10.15551309100556,2.8900000000000005e-05
conservative_input,8500,ood_dev,19,4096,0,71,51736,77824,0.0,0.0,0.0009369774073651883,0.017333984375,0.01376571558724534,0.02180674746664186,0.664782072368421,10.530005257030439,2.8900000000000005e-05
conservative_input,8500,ood_dev,20,4096,0,71,51807,81920,0.0,0.0,0.0009369774073651883,0.017333984375,0.01376571558724534,0.02180674746664186,0.63240966796875,11.004401984029187,2.8900000000000005e-05
conservative_input,8500,ood_dev,21,4096,0,59,51866,86016,0.0,0.0,0.0009369774073651883,0.014404296875,0.011183814817094736,0.01853476333878874,0.6029808407738095,11.717194615562732,2.8900000000000005e-05
conservative_input,8500,ood_dev,22,4096,0,50,51916,90112,0.0,0.0,0.0009369774073651883,0.01220703125,0.009271887142588631,0.016056277339792056,0.5761274857954546,12.239715946314504,2.8900000000000005e-05
conservative_input,8500,ood_dev,23,4096,0,79,51995,94208,0.0,0.0,0.0009369774073651883,0.019287109375,0.015503626084669948,0.023971426901219724,0.5519170346467391,12.870904434837769,2.8900000000000005e-05
conservative_input,8500,ood_dev,24,4096,0,65,52060,98304,0.0,0.0,0.0009369774073651883,0.015869140625,0.012470639018872916,0.020174881586012418,0.5295817057291666,13.536268395150373,2.8900000000000005e-05
conservative_input,8500,ood_dev,25,4096,0,53,52113,102400,0.0,0.0,0.0009369774073651883,0.012939453125,0.009906496085844563,0.016885139621037056,0.508916015625,14.236487503851478,2.8900000000000005e-05
conservative_input,8500,ood_dev,26,4096,0,78,52191,106496,0.0,0.0,0.0009369774073651883,0.01904296875,0.01528574904596704,0.023701480198422328,0.49007474459134615,14.64182738714193,2.8900000000000005e-05
conservative_input,8500,ood_dev,27,4096,0,49,52240,110592,0.0,0.0,0.0009369774073651883,0.011962890625,0.009061008054248611,0.015779332686631765,0.47236689814814814,15.189402939430504,2.8900000000000005e-05
conservative_input,8500,ood_dev,28,4096,0,62,52302,114688,0.0,0.0,0.0009369774073651883,0.01513671875,0.011826124044008677,0.01935592533637573,0.45603724888392855,15.526404025946867,2.8900000000000005e-05
conservative_input,8500,ood_dev,29,4096,0,60,52362,118784,0.0,0.0,0.0009369774073651883,0.0146484375,0.01139766303294143,0.018808738864442356,0.4408169450431034,15.859061394698529,2.8900000000000005e-05
conservative_input,8500,ood_dev,30,4096,0,74,52436,122880,0.0,0.0,0.0009369774073651883,0.01806640625,0.014416028944668636,0.02261990533371949,0.42672526041666664,16.0114323154745,2.8900000000000005e-05
conservative_input,8500,ood_dev,31,4096,0,74,52510,126976,0.0,0.0,0.0009369774073651883,0.01806640625,0.014416028944668636,0.02261990533371949,0.41354271673387094,16.01659489804583,2.8900000000000005e-05
conservative_input,8500,ood_dev,32,4096,0,63,52573,131072,0.0,0.0,0.0009369774073651883,0.015380859375,0.012040724876904885,0.019629148244979834,0.40110015869140625,16.246796976073927,2.8900000000000005e-05
conservative_input,8500,ood_dev,33,4096,0,60,52633,135168,0.0,0.0,0.0009369774073651883,0.0146484375,0.01139766303294143,0.018808738864442356,0.38938950047348486,16.197977986654415,2.8900000000000005e-05
conservative_input,8500,ood_dev,34,4096,0,63,52696,139264,0.0,0.0,0.0009369774073651883,0.015380859375,0.012040724876904885,0.019629148244979834,0.37838924632352944,16.28739350312153,2.8900000000000005e-05
conservative_input,8500,ood_dev,35,4096,0,57,52753,143360,0.0,0.0,0.0009369774073651883,0.013916015625,0.01075691476118927,0.017986015911693586,0.3679757254464286,16.305141004334608,2.8900000000000005e-05
conservative_input,8500,ood_dev,36,4096,0,57,52810,147456,0.0,0.0,0.0009369774073651883,0.013916015625,0.01075691476118927,0.017986015911693586,0.3581407335069444,16.33530632126113,2.8900000000000005e-05
conservative_input,9000,dev,1,4096,4096,4096,4096,4096,1.0,0.9990630225926348,0.9999999999999999,1.0,0.9990630225926348,0.9999999999999999,1.0,5.791007838062967e-05,3.24e-05
conservative_input,9000,dev,2,4096,4096,4096,8192,8192,1.0,0.9990630225926348,0.9999999999999999,1.0,0.9990630225926348,0.9999999999999999,1.0,0.00010071815726675482,3.24e-05
conservative_input,9000,dev,3,4096,4096,4096,12288,12288,1.0,0.9990630225926348,0.9999999999999999,1.0,0.9990630225926348,0.9999999999999999,1.0,0.00015431729677084505,3.24e-05
conservative_input,9000,dev,4,4096,4096,4096,16384,16384,1.0,0.9990630225926348,0.9999999999999999,1.0,0.9990630225926348,0.9999999999999999,1.0,0.00018589374565403105,3.24e-05
conservative_input,9000,dev,5,4096,4096,4096,20480,20480,1.0,0.9990630225926348,0.9999999999999999,1.0,0.9990630225926348,0.9999999999999999,1.0,0.00047512864494247964,3.24e-05
conservative_input,9000,dev,6,4096,4094,4094,24574,24576,0.99951171875,0.9982212896544476,0.9998660854551866,0.99951171875,0.9982212896544476,0.9998660854551866,0.9999186197916666,0.002397121077548192,3.24e-05
conservative_input,9000,dev,7,4096,4093,4093,28667,28672,0.999267578125,0.9978486714629491,0.9997508799051849,0.999267578125,0.9978486714629491,0.9997508799051849,0.9998256138392857,0.00256165359357885,3.24e-05
conservative_input,9000,dev,8,4096,4087,4087,32754,32768,0.997802734375,0.9958290482073086,0.9988435607118235,0.997802734375,0.9958290482073086,0.9988435607118235,0.99957275390625,0.00481830863989563,3.24e-05
conservative_input,9000,dev,9,4096,4084,4087,36841,36864,0.9970703125,0.9948858699188933,0.9983232677757378,0.997802734375,0.9958290482073086,0.9988435607118235,0.9993760850694444,0.005164919436046578,3.24e-05
conservative_input,9000,dev,10,4096,4077,4080,40921,40960,0.995361328125,0.9927660832938955,0.9970282882102334,0.99609375,0.9936637657680687,0.9975940769605611,0.9990478515625,0.010477754583494203,3.24e-05
conservative_input,9000,dev,11,4096,4065,4071,44992,45056,0.992431640625,0.9892775496501616,0.9946629369559636,0.993896484375,0.9910051126562461,0.995862316398881,0.9985795454545454,0.01371750248749981,3.24e-05
conservative_input,9000,dev,12,4096,4050,4060,49052,49152,0.98876953125,0.9850536128857085,0.9915695175979121,0.9912109375,0.9878567926156614,0.9936445752829621,0.9979654947916666,0.027201967438810648,3.24e-05
conservative_input,9000,ood_dev,1,4096,4096,4096,4096,4096,1.0,0.9990630225926348,0.9999999999999999,1.0,0.9990630225926348,0.9999999999999999,1.0,5.703427215042467e-05,3.24e-05
conservative_input,9000,ood_dev,2,4096,4096,4096,8192,8192,1.0,0.9990630225926348,0.9999999999999999,1.0,0.9990630225926348,0.9999999999999999,1.0,0.00010522624400888247,3.24e-05
conservative_input,9000,ood_dev,3,4096,4096,4096,12288,12288,1.0,0.9990630225926348,0.9999999999999999,1.0,0.9990630225926348,0.9999999999999999,1.0,0.00014162522934713095,3.24e-05
conservative_input,9000,ood_dev,4,4096,4096,4096,16384,16384,1.0,0.9990630225926348,0.9999999999999999,1.0,0.9990630225926348,0.9999999999999999,1.0,0.0002597305732781052,3.24e-05
conservative_input,9000,ood_dev,5,4096,4095,4095,20479,20480,0.999755859375,0.9986182969663738,0.9999569018847606,0.999755859375,0.9986182969663738,0.9999569018847606,0.999951171875,0.0008767299294567543,3.24e-05
conservative_input,9000,ood_dev,6,4096,4094,4094,24573,24576,0.99951171875,0.9982212896544476,0.9998660854551866,0.99951171875,0.9982212896544476,0.9998660854551866,0.9998779296875,0.002197852125195965,3.24e-05
conservative_input,9000,ood_dev,7,4096,4091,4091,28664,28672,0.998779296875,0.997145424476127,0.9994784794090062,0.998779296875,0.997145424476127,0.9994784794090062,0.9997209821428571,0.003734385195608425,3.24e-05
conservative_input,9000,ood_dev,8,4096,4091,4093,32757,32768,0.998779296875,0.997145424476127,0.9994784794090062,0.999267578125,0.9978486714629491,0.9997508799051849,0.999664306640625,0.004309581242560423,3.24e-05
conservative_input,9000,ood_dev,9,4096,4084,4085,36842,36864,0.9970703125,0.9948858699188933,0.9983232677757378,0.997314453125,0.9951972177470491,0.9984997436890822,0.9994032118055556,0.0073949799728025845,3.24e-05
conservative_input,9000,ood_dev,10,4096,4080,4083,40925,40960,0.99609375,0.9936637657680687,0.9975940769605611,0.996826171875,0.9945771012522003,0.9981442127009305,0.9991455078125,0.013054982107306934,3.24e-05
conservative_input,9000,ood_dev,11,4096,4066,4071,44996,45056,0.99267578125,0.9895635962243474,0.994864714123278,0.993896484375,0.9910051126562461,0.995862316398881,0.9986683238636364,0.019309792326416275,3.24e-05
conservative_input,9000,ood_dev,12,4096,4050,4063,49059,49152,0.98876953125,0.9850536128857085,0.9915695175979121,0.991943359375,0.9887074354065306,0.9942574037165939,0.99810791015625,0.02667608362558438,3.24e-05
conservative_input,9000,ood_dev,13,4096,2970,2987,52046,53248,0.72509765625,0.7112187834065018,0.7385547062567839,0.729248046875,0.7154300133658742,0.7426364799029168,0.9774263822115384,1.2360409393921148,3.24e-05
conservative_input,9000,ood_dev,14,4096,504,576,52622,57344,0.123046875,0.11333873209041878,0.13346141103310263,0.140625,0.1303152837398603,0.15160816877168343,0.9176548549107143,6.300403246398057,3.24e-05
conservative_input,9000,ood_dev,15,4096,40,150,52772,61440,0.009765625,0.007179999699176743,0.013269927368200842,0.03662109375,0.031289416276572425,0.04282112235583926,0.8589192708333333,8.186230663562156,3.24e-05
conservative_input,9000,ood_dev,16,4096,4,65,52837,65536,0.0009765625,0.000379829567061715,0.0025084428063047127,0.015869140625,0.012470639018872916,0.020174881586012418,0.8062286376953125,8.550668691253577,3.24e-05
conservative_input,9000,ood_dev,17,4096,0,85,52922,69632,0.0,0.0,0.0009369774073651883,0.020751953125,0.016814398921352457,0.02558759651353908,0.7600241268382353,8.73335857498364,3.24e-05
conservative_input,9000,ood_dev,18,4096,0,62,52984,73728,0.0,0.0,0.0009369774073651883,0.01513671875,0.011826124044008677,0.01935592533637573,0.7186414930555556,8.894766728269587,3.24e-05
conservative_input,9000,ood_dev,19,4096,0,83,53067,77824,0.0,0.0,0.0009369774073651883,0.020263671875,0.01637682567489716,0.025049522276993755,0.681884765625,9.259186618819513,3.24e-05
conservative_input,9000,ood_dev,20,4096,0,73,53140,81920,0.0,0.0,0.0009369774073651883,0.017822265625,0.014199063362519719,0.022349047174368093,0.648681640625,9.779832241064355,3.24e-05
conservative_input,9000,ood_dev,21,4096,0,66,53206,86016,0.0,0.0,0.0009369774073651883,0.01611328125,0.01268594169611479,0.020447402650270854,0.6185593377976191,10.566210549830885,3.24e-05
conservative_input,9000,ood_dev,22,4096,0,63,53269,90112,0.0,0.0,0.0009369774073651883,0.015380859375,0.012040724876904885,0.019629148244979834,0.5911421342329546,11.179230206469015,3.24e-05
conservative_input,9000,ood_dev,23,4096,0,70,53339,94208,0.0,0.0,0.0009369774073651883,0.01708984375,0.0135493413532538,0.021535297959133087,0.5661833389945652,12.044841292030242,3.24e-05
conservative_input,9000,ood_dev,24,4096,0,76,53415,98304,0.0,0.0,0.0009369774073651883,0.0185546875,0.014850524581988338,0.02316105717940041,0.543365478515625,12.790962549064417,3.24e-05
conservative_input,9000,ood_dev,25,4096,0,56,53471,102400,0.0,0.0,0.0009369774073651883,0.013671875,0.01054387645975476,0.017711230471627787,0.522177734375,13.578695790004602,3.24e-05
conservative_input,9000,ood_dev,26,4096,0,71,53542,106496,0.0,0.0,0.0009369774073651883,0.017333984375,0.01376571558724534,0.02180674746664186,0.5027606670673077,14.07096944805005,3.24e-05
conservative_input,9000,ood_dev,27,4096,0,53,53595,110592,0.0,0.0,0.0009369774073651883,0.012939453125,0.009906496085844563,0.016885139621037056,0.484619140625,14.653747732781426,3.24e-05
conservative_input,9000,ood_dev,28,4096,0,57,53652,114688,0.0,0.0,0.0009369774073651883,0.013916015625,0.01075691476118927,0.017986015911693586,0.46780831473214285,15.087299856841614,3.24e-05
conservative_input,9000,ood_dev,29,4096,0,58,53710,118784,0.0,0.0,0.0009369774073651883,0.01416015625,0.010970229851119503,0.018260524563263665,0.45216527478448276,15.479184352140777,3.24e-05
conservative_input,9000,ood_dev,30,4096,0,70,53780,122880,0.0,0.0,0.0009369774073651883,0.01708984375,0.0135493413532538,0.021535297959133087,0.4376627604166667,15.658722986627538,3.24e-05
conservative_input,9000,ood_dev,31,4096,0,71,53851,126976,0.0,0.0,0.0009369774073651883,0.017333984375,0.01376571558724534,0.02180674746664186,0.42410376764112906,15.772708763417395,3.24e-05
conservative_input,9000,ood_dev,32,4096,0,66,53917,131072,0.0,0.0,0.0009369774073651883,0.01611328125,0.01268594169611479,0.020447402650270854,0.41135406494140625,15.970627812179206,3.24e-05
conservative_input,9000,ood_dev,33,4096,0,53,53970,135168,0.0,0.0,0.0009369774073651883,0.012939453125,0.009906496085844563,0.016885139621037056,0.39928089488636365,16.0574173909896,3.24e-05
conservative_input,9000,ood_dev,34,4096,0,75,54045,139264,0.0,0.0,0.0009369774073651883,0.018310546875,0.014633183903943853,0.022890574115944584,0.3880758846507353,16.105998816246213,3.24e-05
conservative_input,9000,ood_dev,35,4096,0,74,54119,143360,0.0,0.0,0.0009369774073651883,0.01806640625,0.014416028944668636,0.02261990533371949,0.3775041852678571,16.194013810159568,3.24e-05
conservative_input,9000,ood_dev,36,4096,0,60,54179,147456,0.0,0.0,0.0009369774073651883,0.0146484375,0.01139766303294143,0.018808738864442356,0.3674248589409722,16.2136454421016,3.24e-05
conservative_input,9500,dev,1,4096,4096,4096,4096,4096,1.0,0.9990630225926348,0.9999999999999999,1.0,0.9990630225926348,0.9999999999999999,1.0,3.8647574235550763e-05,3.61e-05
conservative_input,9500,dev,2,4096,4096,4096,8192,8192,1.0,0.9990630225926348,0.9999999999999999,1.0,0.9990630225926348,0.9999999999999999,1.0,5.900776205169933e-05,3.61e-05
conservative_input,9500,dev,3,4096,4096,4096,12288,12288,1.0,0.9990630225926348,0.9999999999999999,1.0,0.9990630225926348,0.9999999999999999,1.0,0.0001175156589816595,3.61e-05
conservative_input,9500,dev,4,4096,4096,4096,16384,16384,1.0,0.9990630225926348,0.9999999999999999,1.0,0.9990630225926348,0.9999999999999999,1.0,0.00022945863193024607,3.61e-05
conservative_input,9500,dev,5,4096,4095,4095,20479,20480,0.999755859375,0.9986182969663738,0.9999569018847606,0.999755859375,0.9986182969663738,0.9999569018847606,0.999951171875,0.0012089333836193816,3.61e-05
conservative_input,9500,dev,6,4096,4092,4092,24571,24576,0.9990234375,0.9974915571936952,0.9996201704329383,0.9990234375,0.9974915571936952,0.9996201704329383,0.9997965494791666,0.0031890599992672186,3.61e-05
conservative_input,9500,dev,7,4096,4091,4091,28662,28672,0.998779296875,0.997145424476127,0.9994784794090062,0.998779296875,0.997145424476127,0.9994784794090062,0.9996512276785714,0.004543253568420003,3.61e-05
conservative_input,9500,dev,8,4096,4089,4090,32752,32768,0.998291015625,0.9964763422189936,0.9991719141831389,0.99853515625,0.9968075986857966,0.9993284814578364,0.99951171875,0.006568515963817134,3.61e-05
conservative_input,9500,dev,9,4096,4086,4087,36839,36864,0.99755859375,0.9955114747539533,0.9986733104236785,0.997802734375,0.9958290482073086,0.9988435607118235,0.9993218315972222,0.008384309969323045,3.61e-05
conservative_input,9500,dev,10,4096,4084,4086,40925,40960,0.9970703125,0.9948858699188933,0.9983232677757378,0.99755859375,0.9955114747539533,0.9986733104236785,0.9991455078125,0.011830784993295929,3.61e-05
conservative_input,9500,dev,11,4096,4078,4080,45005,45056,0.99560546875,0.9930638103960733,0.9972183848495558,0.99609375,0.9936637657680687,0.9975940769605611,0.9988680752840909,0.014787645469202193,3.61e-05
conservative_input,9500,dev,12,4096,4071,4075,49080,49152,0.993896484375,0.9910051126562461,0.995862316398881,0.994873046875,0.9921745882319427,0.9966441357891856,0.99853515625,0.020472220788986473,3.61e-05
conservative_input,9500,ood_dev,1,4096,4096,4096,4096,4096,1.0,0.9990630225926348,0.9999999999999999,1.0,0.9990630225926348,0.9999999999999999,1.0,3.875254115870419e-05,3.61e-05
conservative_input,9500,ood_dev,2,4096,4096,4096,8192,8192,1.0,0.9990630225926348,0.9999999999999999,1.0,0.9990630225926348,0.9999999999999999,1.0,6.119805821569457e-05,3.61e-05
conservative_input,9500,ood_dev,3,4096,4096,4096,12288,12288,1.0,0.9990630225926348,0.9999999999999999,1.0,0.9990630225926348,0.9999999999999999,1.0,0.00014888104990040674,3.61e-05
conservative_input,9500,ood_dev,4,4096,4096,4096,16384,16384,1.0,0.9990630225926348,0.9999999999999999,1.0,0.9990630225926348,0.9999999999999999,1.0,0.0001693629304377886,3.61e-05
conservative_input,9500,ood_dev,5,4096,4096,4096,20480,20480,1.0,0.9990630225926348,0.9999999999999999,1.0,0.9990630225926348,0.9999999999999999,1.0,0.00047419362117295805,3.61e-05
conservative_input,9500,ood_dev,6,4096,4096,4096,24576,24576,1.0,0.9990630225926348,0.9999999999999999,1.0,0.9990630225926348,0.9999999999999999,1.0,0.0006088388728766603,3.61e-05
conservative_input,9500,ood_dev,7,4096,4094,4094,28670,28672,0.99951171875,0.9982212896544476,0.9998660854551866,0.99951171875,0.9982212896544476,0.9998660854551866,0.9999302455357143,0.0012499365328246803,3.61e-05
conservative_input,9500,ood_dev,8,4096,4090,4091,32761,32768,0.99853515625,0.9968075986857966,0.9993284814578364,0.998779296875,0.997145424476127,0.9994784794090062,0.999786376953125,0.0023909644355013526,3.61e-05
conservative_input,9500,ood_dev,9,4096,4086,4089,36850,36864,0.99755859375,0.9955114747539533,0.9986733104236785,0.998291015625,0.9964763422189936,0.9991719141831389,0.9996202256944444,0.004535484231704245,3.61e-05
conservative_input,9500,ood_dev,10,4096,4079,4083,40933,40960,0.995849609375,0.9933629968413301,0.9974070221457995,0.996826171875,0.9945771012522003,0.9981442127009305,0.9993408203125,0.008701676699446992,3.61e-05
conservative_input,9500,ood_dev,11,4096,4073,4082,45015,45056,0.994384765625,0.991587789433178,0.9962552871049496,0.99658203125,0.9942706398960515,0.9979628503155791,0.9990900213068182,0.009999164452563214,3.61e-05
conservative_input,9500,ood_dev,12,4096,4065,4074,49089,49152,0.992431640625,0.9892775496501616,0.9946629369559636,0.99462890625,0.9918806406223304,0.9964502596572975,0.99871826171875,0.013104804450378094,3.61e-05
conservative_input,9500,ood_dev,13,4096,2833,2844,51933,53248,0.691650390625,0.6773335791505196,0.7056080579272236,0.6943359375,0.6800509702824213,0.7082567279518255,0.9753042367788461,1.5443059603375908,3.61e-05
conservative_input,9500,ood_dev,14,4096,490,584,52517,57344,0.11962890625,0.11004511178107718,0.1299254989614399,0.142578125,0.1322052076352328,0.15362083480831334,0.9158238002232143,7.6951454345845125,3.61e-05
conservative_input,9500,ood_dev,15,4096,42,179,52696,61440,0.01025390625,0.007595138472931719,0.013830436077446488,0.043701171875,0.03785652333901029,0.05040090379691039,0.8576822916666667,10.237636526921747,3.61e-05
conservative_input,9500,ood_dev,16,4096,1,72,52768,65536,0.000244140625,4.309811523941186e-05,0.0013817030336260863,0.017578125,0.013982290939508705,0.022077995855878798,0.80517578125,10.698643716612537,3.61e-05
conservative_input,9500,ood_dev,17,4096,0,68,52836,69632,0.0,0.0,0.0009369774073651883,0.0166015625,0.013117213150496153,0.020991778678890113,0.7587890625,10.474332074480799,3.61e-05
conservative_input,9500,ood_dev,18,4096,0,57,52893,73728,0.0,0.0,0.0009369774073651883,0.013916015625,0.01075691476118927,0.017986015911693586,0.7174072265625,10.270122538173837,3.61e-05
conservative_input,9500,ood_dev,19,4096,0,73,52966,77824,0.0,0.0,0.0009369774073651883,0.017822265625,0.014199063362519719,0.022349047174368093,0.6805869654605263,10.354499417893294,3.61e-05
conservative_input,9500,ood_dev,20,4096,0,68,53034,81920,0.0,0.0,0.0009369774073651883,0.0166015625,0.013117213150496153,0.020991778678890113,0.6473876953125,10.662295759771837,3.61e-05
conservative_input,9500,ood_dev,21,4096,0,79,53113,86016,0.0,0.0,0.0009369774073651883,0.019287109375,0.015503626084669948,0.023971426901219724,0.6174781436011905,11.324794730601411,3.61e-05
conservative_input,9500,ood_dev,22,4096,0,63,53176,90112,0.0,0.0,0.0009369774073651883,0.015380859375,0.012040724876904885,0.019629148244979834,0.5901100852272727,12.006312351373367,3.61e-05
conservative_input,9500,ood_dev,23,4096,0,68,53244,94208,0.0,0.0,0.0009369774073651883,0.0166015625,0.013117213150496153,0.020991778678890113,0.5651749320652174,12.900516527147872,3.61e-05
conservative_input,9500,ood_dev,24,4096,0,74,53318,98304,0.0,0.0,0.0009369774073651883,0.01806640625,0.014416028944668636,0.02261990533371949,0.5423787434895834,13.619620957797665,3.61e-05
conservative_input,9500,ood_dev,25,4096,0,62,53380,102400,0.0,0.0,0.0009369774073651883,0.01513671875,0.011826124044008677,0.01935592533637573,0.5212890625,14.370125950628179,3.61e-05
conservative_input,9500,ood_dev,26,4096,0,78,53458,106496,0.0,0.0,0.0009369774073651883,0.01904296875,0.01528574904596704,0.023701480198422328,0.5019719050480769,14.86525129181236,3.61e-05
conservative_input,9500,ood_dev,27,4096,0,56,53514,110592,0.0,0.0,0.0009369774073651883,0.013671875,0.01054387645975476,0.017711230471627787,0.48388671875,15.414214790715633,3.61e-05
conservative_input,9500,ood_dev,28,4096,0,67,53581,114688,0.0,0.0,0.0009369774073651883,0.016357421875,0.012901468019013623,0.020719700068872332,0.46718924386160715,15.685756666585306,3.61e-05
conservative_input,9500,ood_dev,29,4096,0,59,53640,118784,0.0,0.0,0.0009369774073651883,0.014404296875,0.011183814817094736,0.01853476333878874,0.4515759698275862,16.055067143015794,3.61e-05
conservative_input,9500,ood_dev,30,4096,0,76,53716,122880,0.0,0.0,0.0009369774073651883,0.0185546875,0.014850524581988338,0.02316105717940041,0.4371419270833333,16.14916163313658,3.61e-05
conservative_input,9500,ood_dev,31,4096,0,81,53797,126976,0.0,0.0,0.0009369774073651883,0.019775390625,0.015939893688042484,0.02451080678084781,0.4236784904233871,16.124169960066553,3.61e-05
conservative_input,9500,ood_dev,32,4096,0,73,53870,131072,0.0,0.0,0.0009369774073651883,0.017822265625,0.014199063362519719,0.022349047174368093,0.4109954833984375,16.32176492695993,3.61e-05
conservative_input,9500,ood_dev,33,4096,0,62,53932,135168,0.0,0.0,0.0009369774073651883,0.01513671875,0.011826124044008677,0.01935592533637573,0.39899976325757575,16.34776150853728,3.61e-05
conservative_input,9500,ood_dev,34,4096,0,71,54003,139264,0.0,0.0,0.0009369774073651883,0.017333984375,0.01376571558724534,0.02180674746664186,0.3877742991727941,16.42862187968565,3.61e-05
conservative_input,9500,ood_dev,35,4096,0,64,54067,143360,0.0,0.0,0.0009369774073651883,0.015625,0.012255565007829483,0.01990213185555554,0.3771414620535714,16.419286081399285,3.61e-05
conservative_input,9500,ood_dev,36,4096,0,60,54127,147456,0.0,0.0,0.0009369774073651883,0.0146484375,0.01139766303294143,0.018808738864442356,0.3670722113715278,16.48701155659684,3.61e-05
conservative_input,9665,dev,1,102400,102400,102400,102400,102400,1.0,0.9999624871609701,1.0,1.0,0.9999624871609701,1.0,1.0,4.396681609152964e-05,3.736489e-05
conservative_input,9665,dev,2,102400,102400,102400,204800,204800,1.0,0.9999624871609701,1.0,1.0,0.9999624871609701,1.0,1.0,6.150977402423763e-05,3.736489e-05
conservative_input,9665,dev,3,102400,102400,102400,307200,307200,1.0,0.9999624871609701,1.0,1.0,0.9999624871609701,1.0,1.0,7.548527432676977e-05,3.736489e-05
conservative_input,9665,dev,4,102400,102399,102399,409599,409600,0.999990234375,0.9999446805183295,0.9999982761253133,0.999990234375,0.9999446805183295,0.9999982761253133,0.99999755859375,0.00013816203343552046,3.736489e-05
conservative_input,9665,dev,5,102400,102398,102398,511997,512000,0.99998046875,0.9999287823158808,0.9999946438104347,0.99998046875,0.9999287823158808,0.9999946438104347,0.999994140625,0.00021525380101303782,3.736489e-05
conservative_input,9665,dev,6,102400,102393,102393,614390,614400,0.999931640625,0.9998588878252541,0.9999668857144244,0.999931640625,0.9998588878252541,0.9999668857144244,0.9999837239583333,0.00035572686648952965,3.736489e-05
conservative_input,9665,dev,7,102400,102376,102378,716768,716800,0.999765625,0.9996512662615883,0.999842488483525,0.99978515625,0.9996747063713258,0.9998581094084422,0.9999553571428571,0.0008027915162900356,3.736489e-05
conservative_input,9665,dev,8,102400,102357,102363,819131,819200,0.999580078125,0.9994344632702631,0.9996882116456304,0.999638671875,0.9995020271813618,0.9997378308384958,0.999915771484375,0.001276534980226618,3.736489e-05
conservative_input,9665,dev,9,102400,102336,102345,921476,921600,0.999375,0.9992020535530068,0.999510480499012,0.999462890625,0.9993010155282553,0.9995872931797098,0.9998654513888889,0.0016778541151063564,3.736489e-05
conservative_input,9665,dev,10,102400,102298,102318,1023794,1024000,0.99900390625,0.9987910751489584,0.9991792992446207,0.99919921875,0.9990062333665538,0.9993547513735724,0.999798828125,0.0025318479458385744,3.736489e-05
conservative_input,9665,dev,11,102400,102263,102300,1126094,1126400,0.998662109375,0.9984187459545057,0.9988680603326157,0.9990234375,0.9988124983414783,0.9991969370867555,0.9997283380681818,0.003778672228445039,3.736489e-05
conservative_input,9665,dev,12,102400,102047,102091,1228185,1228800,0.996552734375,0.9961746383578924,0.9968935761865185,0.996982421875,0.9966273207680783,0.9973002365387367,0.99949951171875,0.010617269713278024,3.736489e-05
conservative_input,9665,ood_dev,1,102400,102400,102400,102400,102400,1.0,0.9999624871609701,1.0,1.0,0.9999624871609701,1.0,1.0,4.385844152075436e-05,3.736489e-05
conservative_input,9665,ood_dev,2,102400,102400,102400,204800,204800,1.0,0.9999624871609701,1.0,1.0,0.9999624871609701,1.0,1.0,6.126308178053819e-05,3.736489e-05
conservative_input,9665,ood_dev,3,102400,102400,102400,307200,307200,1.0,0.9999624871609701,1.0,1.0,0.9999624871609701,1.0,1.0,7.384582126084283e-05,3.736489e-05
conservative_input,9665,ood_dev,4,102400,102400,102400,409600,409600,1.0,0.9999624871609701,1.0,1.0,0.9999624871609701,1.0,1.0,0.00011064791373062377,3.736489e-05
conservative_input,9665,ood_dev,5,102400,102398,102398,511998,512000,0.99998046875,0.9999287823158808,0.9999946438104347,0.99998046875,0.9999287823158808,0.9999946438104347,0.99999609375,0.0002009241955500407,3.736489e-05
conservative_input,9665,ood_dev,6,102400,102392,102393,614391,614400,0.999921875,0.9998458314166382,0.9999604116057129,0.999931640625,0.9998588878252541,0.9999668857144244,0.9999853515625,0.00039245094730027574,3.736489e-05
conservative_input,9665,ood_dev,7,102400,102382,102385,716776,716800,0.99982421875,0.9997221355543948,0.9998888022946828,0.999853515625,0.9997583066269857,0.9999112227740738,0.9999665178571429,0.0006351733008822258,3.736489e-05
conservative_input,9665,ood_dev,8,102400,102364,102372,819148,819200,0.9996484375,0.9995133551962606,0.9997460333409244,0.9997265625,0.99960483075273,0.9998108019230739,0.9999365234375,0.0010025147624183894,3.736489e-05
conservative_input,9665,ood_dev,9,102400,102341,102360,921508,921600,0.999423828125,0.9992569299552471,0.9995532566834086,0.999609375,0.9994681629006475,0.9997131035672281,0.9999001736111112,0.001428177230776484,3.736489e-05
conservative_input,9665,ood_dev,10,102400,102324,102349,1023857,1024000,0.9992578125,0.9990712397794851,0.9994069280646055,0.999501953125,0.9993452844279009,0.9996211463493736,0.9998603515625,0.0020830683973241905,3.736489e-05
conservative_input,9665,ood_dev,11,102400,102272,102304,1126161,1126400,0.99875,0.9985140751833245,0.9989485057597433,0.9990625,0.9988554019944481,0.9992321555030951,0.9997878196022727,0.0034846967655507476,3.736489e-05
conservative_input,9665,ood_dev,12,102400,102074,102129,1228290,1228800,0.99681640625,0.9964522366604115,0.9971433018518384,0.997353515625,0.9970196403107049,0.9976500766545499,0.9995849609375,0.009391737792107674,3.736489e-05
conservative_input,9665,ood_dev,13,102400,40242,40314,1268604,1331200,0.39298828125,0.39000086659082683,0.3959837245359327,0.39369140625,0.39070302494705184,0.3966877634272778,0.9529777644230769,4.095535725433905,3.736489e-05
conservative_input,9665,ood_dev,14,102400,5951,9694,1278298,1433600,0.058115234375,0.056698755571841,0.05956486588232437,0.09466796875,0.09289004688951293,0.096476300920971,0.891669921875,8.540383249730205,3.736489e-05
conservative_input,9665,ood_dev,15,102400,442,3013,1281311,1536000,0.00431640625,0.003933046158250024,0.004736955339474246,0.029423828125,0.02840629684448675,0.030476664701887007,0.8341868489583333,10.761048364508206,3.736489e-05
conservative_input,9665,ood_dev,16,102400,18,1994,1283305,1638400,0.00017578125,0.0001111977053172625,0.0002778644456052245,0.01947265625,0.01864417450271638,0.020337189887074798,0.7832672119140625,11.147793033832944,3.736489e-05
conservative_input,9665,ood_dev,17,102400,0,1774,1285079,1740800,0.0,3.3881317890172014e-21,3.751283902995844e-05,0.01732421875,0.016542981932213617,0.01814166864555776,0.7382117417279411,11.157292271759816,3.736489e-05
conservative_input,9665,ood_dev,18,102400,0,1694,1286773,1843200,0.0,3.3881317890172014e-21,3.751283902995844e-05,0.01654296875,0.015779672256443042,0.017342536935139326,0.6981190321180556,11.273642967872716,3.736489e-05
conservative_input,9665,ood_dev,19,102400,0,1786,1288559,1945600,0.0,3.3881317890172014e-21,3.751283902995844e-05,0.01744140625,0.016657515345765293,0.01826150143993444,0.6622938939144737,11.632939539021352,3.736489e-05
conservative_input,9665,ood_dev,20,102400,0,1664,1290223,2048000,0.0,3.3881317890172014e-21,3.751283902995844e-05,0.01625,0.015493545514017064,0.01704274815774442,0.62999169921875,12.209910641072305,3.736489e-05
conservative_input,9665,ood_dev,21,102400,0,1669,1291892,2150400,0.0,3.3881317890172014e-21,3.751283902995844e-05,0.016298828125,0.015541228838945096,0.0170927174194532,0.6007682291666666,12.935166733863753,3.736489e-05
conservative_input,9665,ood_dev,22,102400,0,1730,1293622,2252800,0.0,3.3881317890172014e-21,3.751283902995844e-05,0.01689453125,0.016123107738719566,0.01770220007664786,0.574228515625,13.65136660845282,3.736489e-05
conservative_input,9665,ood_dev,23,102400,0,1721,1295343,2355200,0.0,3.3881317890172014e-21,3.751283902995844e-05,0.016806640625,0.01603724047903842,0.017612292680382738,0.5499927819293479,14.375685582558626,3.736489e-05
conservative_input,9665,ood_dev,24,102400,0,1728,1297071,2457600,0.0,3.3881317890172014e-21,3.751283902995844e-05,0.016875,0.016104025646818412,0.01768222113389429,0.527779541015625,14.924745918930197,3.736489e-05
conservative_input,9665,ood_dev,25,102400,0,1650,1298721,2560000,0.0,3.3881317890172014e-21,3.751283902995844e-05,0.01611328125,0.01536004183054854,0.01690282459862987,0.507312890625,15.407362226704677,3.736489e-05
conservative_input,9665,ood_dev,26,102400,0,1724,1300445,2662400,0.0,3.3881317890172014e-21,3.751283902995844e-05,0.0168359375,0.01606586228283863,0.01764226242856461,0.4884483924278846,15.749186234118078,3.736489e-05
conservative_input,9665,ood_dev,27,102400,0,1752,1302197,2764800,0.0,3.3881317890172014e-21,3.751283902995844e-05,0.017109375,0.0163330286433993,0.0179219505531701,0.4709913917824074,15.984261357089917,3.736489e-05
conservative_input,9665,ood_dev,28,102400,0,1678,1303875,2867200,0.0,3.3881317890172014e-21,3.751283902995844e-05,0.01638671875,0.015627063346117524,0.017182657568227042,0.45475551060267855,16.197056938732597,3.736489e-05
conservative_input,9665,ood_dev,29,102400,0,1659,1305534,2969600,0.0,3.3881317890172014e-21,3.751283902995844e-05,0.016201171875,0.015445863993727361,0.016992777091397307,0.43963294719827584,16.360479593519372,3.736489e-05
conservative_input,9665,ood_dev,30,102400,0,1665,1307199,3072000,0.0,3.3881317890172014e-21,3.751283902995844e-05,0.016259765625,0.015503082034887343,0.017052742154201505,0.4255205078125,16.45546456130066,3.736489e-05
conservative_input,9665,ood_dev,31,102400,0,1733,1308932,3174400,0.0,3.3881317890172014e-21,3.751283902995844e-05,0.016923828125,0.016151731387651833,0.017732167979697674,0.41233996975806453,16.503463629922123,3.736489e-05
conservative_input,9665,ood_dev,32,102400,0,1768,1310700,3276800,0.0,3.3881317890172014e-21,3.751283902995844e-05,0.017265625,0.016485718766717065,0.01808174870709014,0.399993896484375,16.58084478410695,3.736489e-05
conservative_input,9665,ood_dev,33,102400,0,1650,1312350,3379200,0.0,3.3881317890172014e-21,3.751283902995844e-05,0.01611328125,0.01536004183054854,0.01690282459862987,0.3883611505681818,16.645473897721132,3.736489e-05
conservative_input,9665,ood_dev,34,102400,0,1704,1314054,3481600,0.0,3.3881317890172014e-21,3.751283902995844e-05,0.016640625,0.01587506198163439,0.0174424523832216,0.37742819393382354,16.668075081873223,3.736489e-05
conservative_input,9665,ood_dev,35,102400,0,1729,1315783,3584000,0.0,3.3881317890172014e-21,3.751283902995844e-05,0.016884765625,0.01611356665865825,0.01769221063938181,0.367126953125,16.70909669974212,3.736489e-05
conservative_input,9665,ood_dev,36,102400,0,1645,1317428,3686400,0.0,3.3881317890172014e-21,3.751283902995844e-05,0.016064453125,0.01531236540613202,0.01685284843640957,0.3573752170138889,16.70817270349918,3.736489e-05
