arm,update,role,length,words,prefix_exact_count,state_correct_count,token_correct_count,token_denominator,E,E_low95,E_high95,A,A_low95,A_high95,M,state_ce,injection_coefficient
value_constant,500,dev,1,4096,4096,4096,4096,4096,1.0,0.9990630225926348,0.9999999999999999,1.0,0.9990630225926348,0.9999999999999999,1.0,0.002318575218907881,0.01
value_constant,500,dev,2,4096,4093,4093,8189,8192,0.999267578125,0.9978486714629491,0.9997508799051849,0.999267578125,0.9978486714629491,0.9997508799051849,0.9996337890625,0.014137567693865094,0.01
value_constant,500,dev,3,4096,244,244,8433,12288,0.0595703125,0.05272617065016472,0.06723979968327609,0.0595703125,0.05272617065016472,0.06723979968327609,0.686279296875,3.9410005492119353,0.01
value_constant,500,dev,4,4096,6,76,8509,16384,0.00146484375,0.0006715185421635897,0.0031924013142034585,0.0185546875,0.014850524581988338,0.02316105717940041,0.51934814453125,4.094509304670282,0.01
value_constant,500,dev,5,4096,0,66,8575,20480,0.0,0.0,0.0009369774073651883,0.01611328125,0.01268594169611479,0.020447402650270854,0.418701171875,4.099539877672214,0.01
value_constant,500,dev,6,4096,0,71,8646,24576,0.0,0.0,0.0009369774073651883,0.017333984375,0.01376571558724534,0.02180674746664186,0.351806640625,4.097585648414679,0.01
value_constant,500,dev,7,4096,0,79,8725,28672,0.0,0.0,0.0009369774073651883,0.019287109375,0.015503626084669948,0.023971426901219724,0.30430385044642855,4.095454139111098,0.01
value_constant,500,dev,8,4096,0,55,8780,32768,0.0,0.0,0.0009369774073651883,0.013427734375,0.010331122163193216,0.017436161026689018,0.2679443359375,4.098486152885016,0.01
value_constant,500,dev,9,4096,0,78,8858,36864,0.0,0.0,0.0009369774073651883,0.01904296875,0.01528574904596704,0.023701480198422328,0.2402886284722222,4.0968714816262946,0.01
value_constant,500,dev,10,4096,0,73,8931,40960,0.0,0.0,0.0009369774073651883,0.017822265625,0.014199063362519719,0.022349047174368093,0.2180419921875,4.097636982973199,0.01
value_constant,500,dev,11,4096,0,72,9003,45056,0.0,0.0,0.0009369774073651883,0.017578125,0.013982290939508705,0.022077995855878798,0.19981800426136365,4.096287088934332,0.01
value_constant,500,dev,12,4096,0,70,9073,49152,0.0,0.0,0.0009369774073651883,0.01708984375,0.0135493413532538,0.021535297959133087,0.18459065755208334,4.0972641062689945,0.01
value_constant,500,ood_dev,1,4096,4096,4096,4096,4096,1.0,0.9990630225926348,0.9999999999999999,1.0,0.9990630225926348,0.9999999999999999,1.0,0.0023427637242150468,0.01
value_constant,500,ood_dev,2,4096,4094,4094,8190,8192,0.99951171875,0.9982212896544476,0.9998660854551866,0.99951171875,0.9982212896544476,0.9998660854551866,0.999755859375,0.012826405474470448,0.01
value_constant,500,ood_dev,3,4096,218,218,8408,12288,0.05322265625,0.04675727047817991,0.060525282576252844,0.05322265625,0.04675727047817991,0.060525282576252844,0.6842447916666666,3.967267448450343,0.01
value_constant,500,ood_dev,4,4096,2,46,8454,16384,0.00048828125,0.00013391454481334652,0.0017787103455524616,0.01123046875,0.008430482402087882,0.014946387114291566,0.5159912109375,4.0993461746838875,0.01
value_constant,500,ood_dev,5,4096,0,68,8522,20480,0.0,0.0,0.0009369774073651883,0.0166015625,0.013117213150496153,0.020991778678890113,0.41611328125,4.09686787816463,0.01
value_constant,500,ood_dev,6,4096,0,70,8592,24576,0.0,0.0,0.0009369774073651883,0.01708984375,0.0135493413532538,0.021535297959133087,0.349609375,4.096913828281686,0.01
value_constant,500,ood_dev,7,4096,0,62,8654,28672,0.0,0.0,0.0009369774073651883,0.01513671875,0.011826124044008677,0.01935592533637573,0.3018275669642857,4.098148104501888,0.01
value_constant,500,ood_dev,8,4096,0,66,8720,32768,0.0,0.0,0.0009369774073651883,0.01611328125,0.01268594169611479,0.020447402650270854,0.26611328125,4.0980147600057535,0.01
value_constant,500,ood_dev,9,4096,0,64,8784,36864,0.0,0.0,0.0009369774073651883,0.015625,0.012255565007829483,0.01990213185555554,0.23828125,4.098445708397776,0.01
value_constant,500,ood_dev,10,4096,0,62,8846,40960,0.0,0.0,0.0009369774073651883,0.01513671875,0.011826124044008677,0.01935592533637573,0.215966796875,4.097202114062384,0.01
value_constant,500,ood_dev,11,4096,0,60,8906,45056,0.0,0.0,0.0009369774073651883,0.0146484375,0.01139766303294143,0.018808738864442356,0.1976651278409091,4.098516260040924,0.01
value_constant,500,ood_dev,12,4096,0,62,8968,49152,0.0,0.0,0.0009369774073651883,0.01513671875,0.011826124044008677,0.01935592533637573,0.18245442708333334,4.097626463859342,0.01
value_constant,500,ood_dev,13,4096,0,72,9040,53248,0.0,0.0,0.0009369774073651883,0.017578125,0.013982290939508705,0.022077995855878798,0.1697716346153846,4.09782302781241,0.01
value_constant,500,ood_dev,14,4096,0,76,9116,57344,0.0,0.0,0.0009369774073651883,0.0185546875,0.014850524581988338,0.02316105717940041,0.15897042410714285,4.0966687658801675,0.01
value_constant,500,ood_dev,15,4096,0,75,9191,61440,0.0,0.0,0.0009369774073651883,0.018310546875,0.014633183903943853,0.022890574115944584,0.14959309895833334,4.09704675496323,0.01
value_constant,500,ood_dev,16,4096,0,78,9269,65536,0.0,0.0,0.0009369774073651883,0.01904296875,0.01528574904596704,0.023701480198422328,0.1414337158203125,4.098255691700615,0.01
value_constant,500,ood_dev,17,4096,0,58,9327,69632,0.0,0.0,0.0009369774073651883,0.01416015625,0.010970229851119503,0.018260524563263665,0.13394703584558823,4.09867988381302,0.01
value_constant,500,ood_dev,18,4096,0,73,9400,73728,0.0,0.0,0.0009369774073651883,0.017822265625,0.014199063362519719,0.022349047174368093,0.1274956597222222,4.0967389743891545,0.01
value_constant,500,ood_dev,19,4096,0,85,9485,77824,0.0,0.0,0.0009369774073651883,0.020751953125,0.016814398921352457,0.02558759651353908,0.12187756990131579,4.0968596813618205,0.01
value_constant,500,ood_dev,20,4096,0,56,9541,81920,0.0,0.0,0.0009369774073651883,0.013671875,0.01054387645975476,0.017711230471627787,0.11646728515625,4.096394659776706,0.01
value_constant,500,ood_dev,21,4096,0,69,9610,86016,0.0,0.0,0.0009369774073651883,0.016845703125,0.013333172427690648,0.02126364314319593,0.11172340029761904,4.094911810359918,0.01
value_constant,500,ood_dev,22,4096,0,62,9672,90112,0.0,0.0,0.0009369774073651883,0.01513671875,0.011826124044008677,0.01935592533637573,0.10733309659090909,4.095311964512803,0.01
value_constant,500,ood_dev,23,4096,0,68,9740,94208,0.0,0.0,0.0009369774073651883,0.0166015625,0.013117213150496153,0.020991778678890113,0.10338824728260869,4.096479379630182,0.01
value_constant,500,ood_dev,24,4096,0,58,9798,98304,0.0,0.0,0.0009369774073651883,0.01416015625,0.010970229851119503,0.018260524563263665,0.09967041015625,4.09587843058398,0.01
value_constant,500,ood_dev,25,4096,0,67,9865,102400,0.0,0.0,0.0009369774073651883,0.016357421875,0.012901468019013623,0.020719700068872332,0.096337890625,4.097109959984664,0.01
value_constant,500,ood_dev,26,4096,0,66,9931,106496,0.0,0.0,0.0009369774073651883,0.01611328125,0.01268594169611479,0.020447402650270854,0.09325232872596154,4.096892838482745,0.01
value_constant,500,ood_dev,27,4096,0,80,10011,110592,0.0,0.0,0.0009369774073651883,0.01953125,0.015721675338006252,0.02424120138938373,0.09052191840277778,4.096489716030192,0.01
value_constant,500,ood_dev,28,4096,0,78,10089,114688,0.0,0.0,0.0009369774073651883,0.01904296875,0.01528574904596704,0.023701480198422328,0.08796909877232142,4.097100825456437,0.01
value_constant,500,ood_dev,29,4096,0,58,10147,118784,0.0,0.0,0.0009369774073651883,0.01416015625,0.010970229851119503,0.018260524563263665,0.08542396282327586,4.099817821348552,0.01
value_constant,500,ood_dev,30,4096,0,83,10230,122880,0.0,0.0,0.0009369774073651883,0.020263671875,0.01637682567489716,0.025049522276993755,0.083251953125,4.096261986298487,0.01
value_constant,500,ood_dev,31,4096,0,53,10283,126976,0.0,0.0,0.0009369774073651883,0.012939453125,0.009906496085844563,0.016885139621037056,0.08098380796370967,4.0967110868077725,0.01
value_constant,500,ood_dev,32,4096,0,87,10370,131072,0.0,0.0,0.0009369774073651883,0.021240234375,0.017252591636140006,0.026125051281752146,0.0791168212890625,4.096163947775494,0.01
value_constant,500,ood_dev,33,4096,0,74,10444,135168,0.0,0.0,0.0009369774073651883,0.01806640625,0.014416028944668636,0.02261990533371949,0.07726680871212122,4.098629637621343,0.01
value_constant,500,ood_dev,34,4096,0,65,10509,139264,0.0,0.0,0.0009369774073651883,0.015869140625,0.012470639018872916,0.020174881586012418,0.07546099494485294,4.096259849262424,0.01
value_constant,500,ood_dev,35,4096,0,54,10563,143360,0.0,0.0,0.0009369774073651883,0.01318359375,0.010118659410882703,0.017160800037499223,0.073681640625,4.099517430062406,0.01
value_constant,500,ood_dev,36,4096,0,64,10627,147456,0.0,0.0,0.0009369774073651883,0.015625,0.012255565007829483,0.01990213185555554,0.07206895616319445,4.097456603485625,0.01
value_constant,1000,dev,1,102400,102400,102400,102400,102400,1.0,0.9999624871609701,1.0,1.0,0.9999624871609701,1.0,1.0,0.0026327483117285764,0.01
value_constant,1000,dev,2,102400,102400,102400,204800,204800,1.0,0.9999624871609701,1.0,1.0,0.9999624871609701,1.0,1.0,0.006768398832049627,0.01
value_constant,1000,dev,3,102400,102384,102384,307184,307200,0.99984375,0.9997461828910157,0.9999038159927167,0.99984375,0.9997461828910157,0.9999038159927167,0.9999479166666667,0.009477376818979906,0.01
value_constant,1000,dev,4,102400,102328,102342,409526,409600,0.999296875,0.9991147176527119,0.9994415722606881,0.99943359375,0.999267935201936,0.999561781954047,0.9998193359375,0.013056330898598957,0.01
value_constant,1000,dev,5,102400,102138,102201,511727,512000,0.99744140625,0.9971127736290071,0.997732717992194,0.998056640625,0.9977675715879802,0.9983083426248446,0.999466796875,0.019630922567779974,0.01
value_constant,1000,dev,6,102400,101693,101880,613607,614400,0.993095703125,0.9925697081974152,0.9935847032131093,0.994921875,0.99446756577661,0.9953390523741314,0.9987093098958333,0.030154449062692948,0.01
value_constant,1000,dev,7,102400,100855,101323,714930,716800,0.984912109375,0.9841470716282434,0.9856407662619511,0.989482421875,0.9888389746262946,0.9900891453731059,0.9973911830357143,0.04511581087472763,0.01
value_constant,1000,dev,8,102400,99632,100594,815524,819200,0.97296875,0.9719575673527949,0.9739444478460353,0.98236328125,0.9815387980033319,0.9831515748644213,0.9955126953125,0.06363470971903099,0.01
value_constant,1000,dev,9,102400,97908,99513,915037,921600,0.9561328125,0.9548612342713172,0.9573701690551397,0.971806640625,0.9707749849467369,0.9728028986901371,0.9928786892361111,0.08879975700084203,0.01
value_constant,1000,dev,10,102400,95814,98382,1013419,1024000,0.93568359375,0.934164658094862,0.9371698419480973,0.96076171875,0.9595551144170192,0.9619337541226075,0.9896669921875,0.11683549723124713,0.01
value_constant,1000,dev,11,102400,93492,97220,1110639,1126400,0.9130078125,0.911266144362398,0.9147184944464251,0.9494140625,0.9480548500401377,0.9507395573650937,0.9860076349431818,0.1480603021586603,0.01
value_constant,1000,dev,12,102400,90930,95864,1206503,1228800,0.88798828125,0.8860420357699224,0.8899054176461976,0.936171875,0.9346582442810913,0.9376527816282361,0.9818546549479167,0.18372945495283888,0.01
value_constant,1000,ood_dev,1,102400,102400,102400,102400,102400,1.0,0.9999624871609701,1.0,1.0,0.9999624871609701,1.0,1.0,0.002645622023890475,0.01
value_constant,1000,ood_dev,2,102400,102400,102400,204800,204800,1.0,0.9999624871609701,1.0,1.0,0.9999624871609701,1.0,1.0,0.006774906213393876,0.01
value_constant,1000,ood_dev,3,102400,102386,102386,307186,307200,0.99986328125,0.9997705055160856,0.9999185544023014,0.99986328125,0.9997705055160856,0.9999185544023014,0.9999544270833334,0.009303191474512857,0.01
value_constant,1000,ood_dev,4,102400,102336,102350,409536,409600,0.999375,0.9992020535530068,0.999510480499012,0.99951171875,0.9993563827385776,0.9996295785560243,0.99984375,0.012874562226276965,0.01
value_constant,1000,ood_dev,5,102400,102132,102179,511715,512000,0.9973828125,0.9970506748928116,0.9976776336244253,0.997841796875,0.997538280459542,0.9981079623720809,0.999443359375,0.019507588734227282,0.01
value_constant,1000,ood_dev,6,102400,101702,101894,613609,614400,0.99318359375,0.992660809330233,0.9936693767362378,0.99505859375,0.9946101447003969,0.9954699006929278,0.9987125651041666,0.029283088042443523,0.01
value_constant,1000,ood_dev,7,102400,100914,101387,714996,716800,0.98548828125,0.9847373976427334,0.9862027407697758,0.990107421875,0.9894825997577779,0.9906954733505737,0.9974832589285715,0.04285165873549232,0.01
value_constant,1000,ood_dev,8,102400,99643,100590,815586,819200,0.973076171875,0.9720669057072113,0.9740499451822198,0.98232421875,0.9814988609765215,0.9831133898219221,0.99558837890625,0.0626442778656434,0.01
value_constant,1000,ood_dev,9,102400,97953,99615,915201,921600,0.956572265625,0.9553066820820096,0.9578035945241784,0.972802734375,0.9717885980314179,0.973781398372847,0.993056640625,0.0873110700551075,0.01
value_constant,1000,ood_dev,10,102400,95919,98535,1013736,1024000,0.936708984375,0.9352012179574422,0.9381839864048903,0.962255859375,0.9610711504291591,0.9634058872615541,0.9899765625,0.11372288537860356,0.01
value_constant,1000,ood_dev,11,102400,93504,97172,1110908,1126400,0.913125,0.911384379700438,0.9148346253163135,0.9489453125,0.9475802466606068,0.9502766959129111,0.9862464488636363,0.14732325858019352,0.01
value_constant,1000,ood_dev,12,102400,90874,95829,1206737,1228800,0.88744140625,0.8854910682310256,0.8893626762147621,0.935830078125,0.9343127313428318,0.937314726460038,0.9820450846354166,0.18100420349756463,0.01
value_constant,1000,ood_dev,13,102400,88128,94419,1301156,1331200,0.860625,0.8584901908579787,0.8627327530068709,0.922060546875,0.9204027315719959,0.9236866967992926,0.9774308894230769,0.2183277370168753,0.01
value_constant,1000,ood_dev,14,102400,85176,92897,1394053,1433600,0.831796875,0.8294934443975466,0.8340754123169283,0.907197265625,0.9054047865832837,0.9089591944157587,0.9724142020089286,0.2593984869888732,0.01
value_constant,1000,ood_dev,15,102400,82096,91249,1485302,1536000,0.80171875,0.7992654270831502,0.8041494362630478,0.891103515625,0.8891808642358096,0.8929968242077392,0.9669934895833333,0.3055128146180357,0.01
value_constant,1000,ood_dev,16,102400,79068,89618,1574920,1638400,0.7721484375,0.7695691947473384,0.7747072621316051,0.87517578125,0.8731373017138739,0.8771861129687459,0.9612548828125,0.35228626406403973,0.01
value_constant,1000,ood_dev,17,102400,75872,88001,1662921,1740800,0.7409375,0.7382450612637456,0.7436118622369469,0.859384765625,0.8572421221842279,0.8615004459800466,0.9552625229779412,0.4001992106595486,0.01
value_constant,1000,ood_dev,18,102400,72690,86377,1749298,1843200,0.70986328125,0.7070758207832094,0.712634996581815,0.843525390625,0.8412873080283374,0.8457376999963002,0.9490549045138889,0.44962556562356043,0.01
value_constant,1000,ood_dev,19,102400,69642,84776,1834074,1945600,0.68009765625,0.6772340628200302,0.6829477377311926,0.827890625,0.825566340706397,0.8301903090771329,0.9426778371710526,0.49944953222896854,0.01
value_constant,1000,ood_dev,20,102400,66640,83217,1917291,2048000,0.65078125,0.6478557670763871,0.6536954204580929,0.812666015625,0.8102644977776987,0.8150440754924726,0.93617724609375,0.5521520072221756,0.01
value_constant,1000,ood_dev,21,102400,63648,81647,1998938,2150400,0.6215625,0.6185874370645353,0.6245284426264756,0.797333984375,0.7948607342892017,0.7997849267770104,0.9295656622023809,0.6030303333516298,0.01
value_constant,1000,ood_dev,22,102400,60788,80138,2079076,2252800,0.5936328125,0.5906210874503163,0.5966375126844373,0.78259765625,0.7800606955812598,0.7851134148379618,0.9228852982954545,0.6540040708283277,0.01
value_constant,1000,ood_dev,23,102400,58013,78655,2157731,2355200,0.566533203125,0.5634955533857052,0.5695658611656168,0.768115234375,0.7655202837192903,0.7706900695034524,0.9161561650815218,0.709939781557124,0.01
value_constant,1000,ood_dev,24,102400,55351,77142,2234873,2457600,0.540537109375,0.5374832832194322,0.5435878942064504,0.75333984375,0.7506901346390686,0.7559705458673744,0.9093721516927084,0.7608118047391343,0.01
value_constant,1000,ood_dev,25,102400,52847,75959,2310832,2560000,0.516083984375,0.5130225795301936,0.5191441825079729,0.741787109375,0.7390975068988955,0.7444585716092774,0.90266875,0.8081887165850804,0.01
value_constant,1000,ood_dev,26,102400,50286,74469,2385301,2662400,0.49107421875,0.488012655275146,0.4941364518876445,0.727236328125,0.7244999372099961,0.7299556704804067,0.8959213491586538,0.8662906903003841,0.01
value_constant,1000,ood_dev,27,102400,47908,73240,2458541,2764800,0.4678515625,0.4647967185996283,0.47090881835869364,0.715234375,0.7124621625081308,0.7179904393869431,0.8892292390046296,0.9128578389396467,0.01
value_constant,1000,ood_dev,28,102400,45594,71764,2530305,2867200,0.44525390625,0.44221198507268383,0.4482999347901209,0.7008203125,0.698008243760927,0.7036173145589595,0.8825003487723214,0.9663921914385082,0.01
value_constant,1000,ood_dev,29,102400,43394,70610,2600915,2969600,0.42376953125,0.4207458040705461,0.4267989776720607,0.68955078125,0.6867098670665632,0.6923774742575468,0.8758469154094828,1.0228496700736935,0.01
value_constant,1000,ood_dev,30,102400,41294,69345,2670260,3072000,0.40326171875,0.40026082330415597,0.40626987205098913,0.677197265625,0.6743269855935389,0.6800542513114572,0.8692252604166667,1.0722626458925424,0.01
value_constant,1000,ood_dev,31,102400,39204,68158,2738418,3174400,0.3828515625,0.3798788087697227,0.3858331053712345,0.66560546875,0.6627097145320145,0.6684887983054021,0.8626568800403226,1.1234597082467668,0.01
value_constant,1000,ood_dev,32,102400,37253,67015,2805433,3276800,0.363798828125,0.36085735563226984,0.3667505192030026,0.654443359375,0.6515249279745058,0.6573502035577351,0.8561502075195313,1.1711180397656518,0.01
value_constant,1000,ood_dev,33,102400,35469,65951,2871384,3379200,0.346376953125,0.3434684513123167,0.3492969806109408,0.644052734375,0.6411147884940199,0.6469798726019073,0.8497230113636364,1.2245757233472738,0.01
value_constant,1000,ood_dev,34,102400,33749,64721,2936105,3481600,0.329580078125,0.32670744915546307,0.33246549296473055,0.632041015625,0.62908238598283,0.6349897388004412,0.8433205997242647,1.2744035520659247,0.01
value_constant,1000,ood_dev,35,102400,32003,63759,2999864,3584000,0.312529296875,0.30969734007732697,0.31537531878929126,0.622646484375,0.6196730526772801,0.6256107144370681,0.837015625,1.3246709209367247,0.01
value_constant,1000,ood_dev,36,102400,30383,62626,3062490,3686400,0.296708984375,0.2939187601656784,0.29951446063061227,0.61158203125,0.608592686900559,0.6145630040818871,0.8307535807291667,1.3758785389023729,0.01
value_constant,1500,dev,1,4096,4096,4096,4096,4096,1.0,0.9990630225926348,0.9999999999999999,1.0,0.9990630225926348,0.9999999999999999,1.0,0.0023364336077236203,0.01
value_constant,1500,dev,2,4096,4096,4096,8192,8192,1.0,0.9990630225926348,0.9999999999999999,1.0,0.9990630225926348,0.9999999999999999,1.0,0.0017476845272490493,0.01
value_constant,1500,dev,3,4096,4096,4096,12288,12288,1.0,0.9990630225926348,0.9999999999999999,1.0,0.9990630225926348,0.9999999999999999,1.0,0.001555718121958094,0.01
value_constant,1500,dev,4,4096,4096,4096,16384,16384,1.0,0.9990630225926348,0.9999999999999999,1.0,0.9990630225926348,0.9999999999999999,1.0,0.0017455171317593,0.01
value_constant,1500,dev,5,4096,4096,4096,20480,20480,1.0,0.9990630225926348,0.9999999999999999,1.0,0.9990630225926348,0.9999999999999999,1.0,0.0023919776816327953,0.01
value_constant,1500,dev,6,4096,4093,4093,24573,24576,0.999267578125,0.9978486714629491,0.9997508799051849,0.999267578125,0.9978486714629491,0.9997508799051849,0.9998779296875,0.003844216585425997,0.01
value_constant,1500,dev,7,4096,4090,4091,28664,28672,0.99853515625,0.9968075986857966,0.9993284814578364,0.998779296875,0.997145424476127,0.9994784794090062,0.9997209821428571,0.006423578350108983,0.01
value_constant,1500,dev,8,4096,4080,4084,32748,32768,0.99609375,0.9936637657680687,0.9975940769605611,0.9970703125,0.9948858699188933,0.9983232677757378,0.9993896484375,0.011107011791098742,0.01
value_constant,1500,dev,9,4096,4064,4073,36821,36864,0.9921875,0.9889921727170213,0.9944604901476036,0.994384765625,0.991587789433178,0.9962552871049496,0.9988335503472222,0.01729906115837565,0.01
value_constant,1500,dev,10,4096,4047,4070,40891,40960,0.988037109375,0.9842206673133682,0.9909389919457514,0.99365234375,0.99071517109395,0.9956644342196767,0.9983154296875,0.020696846714887585,0.01
value_constant,1500,dev,11,4096,4020,4054,44945,45056,0.9814453125,0.9768389428205996,0.9851494754180116,0.98974609375,0.9861695639225535,0.9924048615270683,0.9975363991477273,0.03402722330062602,0.01
value_constant,1500,dev,12,4096,3989,4033,48978,49152,0.973876953125,0.9685304473439507,0.978335434908151,0.984619140625,0.9803708517550201,0.9879592751230951,0.9964599609375,0.04620382463738082,0.01
value_constant,1500,ood_dev,1,4096,4096,4096,4096,4096,1.0,0.9990630225926348,0.9999999999999999,1.0,0.9990630225926348,0.9999999999999999,1.0,0.0023089557700899377,0.01
value_constant,1500,ood_dev,2,4096,4096,4096,8192,8192,1.0,0.9990630225926348,0.9999999999999999,1.0,0.9990630225926348,0.9999999999999999,1.0,0.001703791460306192,0.01
value_constant,1500,ood_dev,3,4096,4096,4096,12288,12288,1.0,0.9990630225926348,0.9999999999999999,1.0,0.9990630225926348,0.9999999999999999,1.0,0.0014637218998654333,0.01
value_constant,1500,ood_dev,4,4096,4096,4096,16384,16384,1.0,0.9990630225926348,0.9999999999999999,1.0,0.9990630225926348,0.9999999999999999,1.0,0.0016341091679610287,0.01
value_constant,1500,ood_dev,5,4096,4096,4096,20480,20480,1.0,0.9990630225926348,0.9999999999999999,1.0,0.9990630225926348,0.9999999999999999,1.0,0.0022746682225012194,0.01
value_constant,1500,ood_dev,6,4096,4094,4094,24574,24576,0.99951171875,0.9982212896544476,0.9998660854551866,0.99951171875,0.9982212896544476,0.9998660854551866,0.9999186197916666,0.0039016160989291393,0.01
value_constant,1500,ood_dev,7,4096,4091,4093,28667,28672,0.998779296875,0.997145424476127,0.9994784794090062,0.999267578125,0.9978486714629491,0.9997508799051849,0.9998256138392857,0.005106413060563142,0.01
value_constant,1500,ood_dev,8,4096,4088,4090,32757,32768,0.998046875,0.9961504506055915,0.9990099820550408,0.99853515625,0.9968075986857966,0.9993284814578364,0.999664306640625,0.008753368653025007,0.01
value_constant,1500,ood_dev,9,4096,4074,4080,36837,36864,0.99462890625,0.9918806406223304,0.9964502596572975,0.99609375,0.9936637657680687,0.9975940769605611,0.999267578125,0.015445253779997614,0.01
value_constant,1500,ood_dev,10,4096,4052,4064,40901,40960,0.9892578125,0.9856107816089336,0.9919879963576875,0.9921875,0.9889921727170213,0.9944604901476036,0.9985595703125,0.022251010064412213,0.01
value_constant,1500,ood_dev,11,4096,4026,4057,44958,45056,0.98291015625,0.9784647020408669,0.9864506586467462,0.990478515625,0.9870110133784079,0.9930268832957149,0.9978249289772727,0.03080375485108533,0.01
value_constant,1500,ood_dev,12,4096,3996,4034,48992,49152,0.9755859375,0.970395272680658,0.9798853757619459,0.98486328125,0.9806440746636242,0.9881738759559913,0.9967447916666666,0.048627753473695634,0.01
value_constant,1500,ood_dev,13,4096,3954,4009,53001,53248,0.96533203125,0.9592793468139419,0.9705127044856489,0.978759765625,0.9738749487182478,0.98274740836386,0.995361328125,0.06034281201242031,0.01
value_constant,1500,ood_dev,14,4096,3909,3987,56988,57344,0.954345703125,0.947516451879336,0.9603235310527409,0.973388671875,0.9679986619577605,0.9778915728113404,0.9937918526785714,0.07842236226600363,0.01
value_constant,1500,ood_dev,15,4096,3857,3961,60949,61440,0.941650390625,0.9340495438956447,0.948423604478416,0.967041015625,0.9611211199926455,0.9720856974974474,0.9920084635416667,0.09633404449204619,0.01
value_constant,1500,ood_dev,16,4096,3798,3918,64867,65536,0.92724609375,0.9188852789498749,0.9348062686756675,0.95654296875,0.9498596607971911,0.9623707358083885,0.9897918701171875,0.11997633680477193,0.01
value_constant,1500,ood_dev,17,4096,3733,3893,68760,69632,0.911376953125,0.9022836148178496,0.9196993896101727,0.950439453125,0.9433605410456114,0.9566742620224604,0.9874770220588235,0.13742509318594287,0.01
value_constant,1500,ood_dev,18,4096,3671,3856,72616,73728,0.896240234375,0.8865270812946906,0.9052108511603125,0.94140625,0.9337916055815723,0.9481937190509881,0.9849175347222222,0.17739457174159412,0.01
value_constant,1500,ood_dev,19,4096,3594,3803,76419,77824,0.87744140625,0.8670435631414155,0.8871319412180636,0.928466796875,0.9201664942823952,0.9359641720506487,0.981946443256579,0.20809516666296446,0.01
value_constant,1500,ood_dev,20,4096,3512,3741,80160,81920,0.857421875,0.8463791651916867,0.8677947923647672,0.913330078125,0.9043219227972369,0.9215636715627878,0.978515625,0.23419018239740907,0.01
value_constant,1500,ood_dev,21,4096,3438,3731,83891,86016,0.83935546875,0.8277928955098375,0.8502821051755933,0.910888671875,0.9017742372571839,0.9192331196878377,0.9752952938988095,0.26503346067153544,0.01
value_constant,1500,ood_dev,22,4096,3374,3694,87585,90112,0.82373046875,0.8117592444729407,0.8350950367564702,0.90185546875,0.8923643526216571,0.910593525887853,0.9719571200284091,0.3080891884226915,0.01
value_constant,1500,ood_dev,23,4096,3302,3646,91231,94208,0.80615234375,0.7937615839675815,0.8179693878738071,0.89013671875,0.8801918282969006,0.8993505106205948,0.968399711277174,0.3395428063505683,0.01
value_constant,1500,ood_dev,24,4096,3237,3606,94837,98304,0.790283203125,0.7775466826908525,0.802475745953016,0.88037109375,0.8700745010385601,0.8899548882189229,0.9647318522135416,0.3690625236001672,0.01
value_constant,1500,ood_dev,25,4096,3179,3578,98415,102400,0.776123046875,0.7631021770183883,0.7886264746184621,0.87353515625,0.8630051925365302,0.8833651319589441,0.961083984375,0.4085929266696269,0.01
value_constant,1500,ood_dev,26,4096,3103,3533,101948,106496,0.757568359375,0.7442067284534549,0.770447318829372,0.862548828125,0.8516638974389052,0.8727543586890549,0.9572941706730769,0.44020759214112815,0.01
value_constant,1500,ood_dev,27,4096,3023,3490,105438,110592,0.738037109375,0.7243528928947542,0.7512752550680479,0.85205078125,0.8408478125539957,0.8625940226894514,0.9533962673611112,0.4831958937164451,0.01
value_constant,1500,ood_dev,28,4096,2956,3477,108915,114688,0.7216796875,0.7077518233982713,0.7351921338840103,0.848876953125,0.8375816138522119,0.8595185127517311,0.9496634347098214,0.5131331394698577,0.01
value_constant,1500,ood_dev,29,4096,2879,3430,112345,118784,0.702880859375,0.6887009863532034,0.7166805428335541,0.83740234375,0.8257867156883957,0.8483856950650327,0.9457923626077587,0.5427568252516224,0.01
value_constant,1500,ood_dev,30,4096,2800,3382,115727,122880,0.68359375,0.6691847481849715,0.6976587054232615,0.82568359375,0.813761531341109,0.8369953398203046,0.9417887369791667,0.5788305302149439,0.01
value_constant,1500,ood_dev,31,4096,2723,3338,119065,126976,0.664794921875,0.6501898257355495,0.6790911997771597,0.81494140625,0.8027553741588906,0.8265372523765091,0.9376968876008065,0.6297105713867914,0.01
value_constant,1500,ood_dev,32,4096,2658,3302,122367,131072,0.64892578125,0.6341751937618222,0.6633972885533669,0.80615234375,0.7937615839675815,0.8179693878738071,0.9335861206054688,0.6868257711819759,0.01
value_constant,1500,ood_dev,33,4096,2583,3261,125628,135168,0.630615234375,0.6157187459058295,0.6452669557968362,0.796142578125,0.7835302693441882,0.8081999290956877,0.9294211647727273,0.7163695126894041,0.01
value_constant,1500,ood_dev,34,4096,2523,3250,128878,139264,0.615966796875,0.600970042452407,0.6307462347602403,0.79345703125,0.7807873017807578,0.8055768355026147,0.9254222196691176,0.7562336948755828,0.01
value_constant,1500,ood_dev,35,4096,2456,3196,132074,143360,0.599609375,0.5845174984376891,0.6145145880944374,0.7802734375,0.7673336535539487,0.7926880016884071,0.9212751116071428,0.7979150414207474,0.01
value_constant,1500,ood_dev,36,4096,2393,3162,135236,147456,0.584228515625,0.5690630700441351,0.5992361207734719,0.77197265625,0.7588725178051996,0.7845631302261458,0.9171278211805556,0.8522794942453622,0.01
value_constant,2000,dev,1,4096,4096,4096,4096,4096,1.0,0.9990630225926348,0.9999999999999999,1.0,0.9990630225926348,0.9999999999999999,1.0,0.0018765408986922694,0.01
value_constant,2000,dev,2,4096,4096,4096,8192,8192,1.0,0.9990630225926348,0.9999999999999999,1.0,0.9990630225926348,0.9999999999999999,1.0,0.0010113793991148867,0.01
value_constant,2000,dev,3,4096,4096,4096,12288,12288,1.0,0.9990630225926348,0.9999999999999999,1.0,0.9990630225926348,0.9999999999999999,1.0,0.0010281397884384091,0.01
value_constant,2000,dev,4,4096,4096,4096,16384,16384,1.0,0.9990630225926348,0.9999999999999999,1.0,0.9990630225926348,0.9999999999999999,1.0,0.0012578750056313481,0.01
value_constant,2000,dev,5,4096,4095,4095,20479,20480,0.999755859375,0.9986182969663738,0.9999569018847606,0.999755859375,0.9986182969663738,0.9999569018847606,0.999951171875,0.0019967903461282077,0.01
value_constant,2000,dev,6,4096,4095,4096,24575,24576,0.999755859375,0.9986182969663738,0.9999569018847606,1.0,0.9990630225926348,0.9999999999999999,0.9999593098958334,0.002573204407674723,0.01
value_constant,2000,dev,7,4096,4091,4092,28667,28672,0.998779296875,0.997145424476127,0.9994784794090062,0.9990234375,0.9974915571936952,0.9996201704329383,0.9998256138392857,0.0054944436134825025,0.01
value_constant,2000,dev,8,4096,4087,4090,32757,32768,0.997802734375,0.9958290482073086,0.9988435607118235,0.99853515625,0.9968075986857966,0.9993284814578364,0.999664306640625,0.008302368237934843,0.01
value_constant,2000,dev,9,4096,4071,4075,36832,36864,0.993896484375,0.9910051126562461,0.995862316398881,0.994873046875,0.9921745882319427,0.9966441357891856,0.9991319444444444,0.01553642972572078,0.01
value_constant,2000,dev,10,4096,4051,4063,40895,40960,0.989013671875,0.9853320021138738,0.991778952111247,0.991943359375,0.9887074354065306,0.9942574037165939,0.9984130859375,0.024842771429696597,0.01
value_constant,2000,dev,11,4096,4033,4060,44955,45056,0.984619140625,0.9803708517550201,0.9879592751230951,0.9912109375,0.9878567926156614,0.9936445752829621,0.9977583451704546,0.025630379515771295,0.01
value_constant,2000,dev,12,4096,3995,4030,48985,49152,0.975341796875,0.9701285156377056,0.9796643090633977,0.98388671875,0.9795525973497291,0.9873140583038852,0.9966023763020834,0.04386540619748658,0.01
value_constant,2000,ood_dev,1,4096,4096,4096,4096,4096,1.0,0.9990630225926348,0.9999999999999999,1.0,0.9990630225926348,0.9999999999999999,1.0,0.0018925175657358295,0.01
value_constant,2000,ood_dev,2,4096,4096,4096,8192,8192,1.0,0.9990630225926348,0.9999999999999999,1.0,0.9990630225926348,0.9999999999999999,1.0,0.0010212590061264848,0.01
value_constant,2000,ood_dev,3,4096,4096,4096,12288,12288,1.0,0.9990630225926348,0.9999999999999999,1.0,0.9990630225926348,0.9999999999999999,1.0,0.0009713668934701047,0.01
value_constant,2000,ood_dev,4,4096,4096,4096,16384,16384,1.0,0.9990630225926348,0.9999999999999999,1.0,0.9990630225926348,0.9999999999999999,1.0,0.0013819043750764592,0.01
value_constant,2000,ood_dev,5,4096,4095,4095,20479,20480,0.999755859375,0.9986182969663738,0.9999569018847606,0.999755859375,0.9986182969663738,0.9999569018847606,0.999951171875,0.0020627650628313177,0.01
value_constant,2000,ood_dev,6,4096,4092,4093,24572,24576,0.9990234375,0.9974915571936952,0.9996201704329383,0.999267578125,0.9978486714629491,0.9997508799051849,0.9998372395833334,0.0037284125938068513,0.01
value_constant,2000,ood_dev,7,4096,4088,4091,28663,28672,0.998046875,0.9961504506055915,0.9990099820550408,0.998779296875,0.997145424476127,0.9994784794090062,0.9996861049107143,0.006301131129379911,0.01
value_constant,2000,ood_dev,8,4096,4079,4084,32747,32768,0.995849609375,0.9933629968413301,0.9974070221457995,0.9970703125,0.9948858699188933,0.9983232677757378,0.999359130859375,0.010279304675869128,0.01
value_constant,2000,ood_dev,9,4096,4069,4083,36830,36864,0.993408203125,0.9904260923610462,0.9954656892110803,0.996826171875,0.9945771012522003,0.9981442127009305,0.9990776909722222,0.013746787643857061,0.01
value_constant,2000,ood_dev,10,4096,4049,4062,40892,40960,0.988525390625,0.9847756016627256,0.9913597050793945,0.99169921875,0.9884233098915096,0.9940537054901146,0.99833984375,0.02422097953074953,0.01
value_constant,2000,ood_dev,11,4096,4026,4047,44939,45056,0.98291015625,0.9784647020408669,0.9864506586467462,0.988037109375,0.9842206673133682,0.9909389919457514,0.9974032315340909,0.0363190344583284,0.01
value_constant,2000,ood_dev,12,4096,3999,4035,48974,49152,0.976318359375,0.9711962850581976,0.9805478346089073,0.985107421875,0.9809175425035267,0.9883882318575893,0.9963785807291666,0.05002048917516433,0.01
value_constant,2000,ood_dev,13,4096,3961,4003,52977,53248,0.967041015625,0.9611211199926455,0.9720856974974474,0.977294921875,0.9722661011607102,0.9814293134723958,0.9949106069711539,0.06923498582395737,0.01
value_constant,2000,ood_dev,14,4096,3923,3987,56964,57344,0.957763671875,0.951163293350015,0.9635062219630662,0.973388671875,0.9679986619577605,0.9778915728113404,0.9933733258928571,0.08554359640814724,0.01
value_constant,2000,ood_dev,15,4096,3860,3936,60900,61440,0.9423828125,0.9348235709099155,0.9491130486886461,0.9609375,0.9545593952649127,0.9664518286876724,0.9912109375,0.11452814624505514,0.01
value_constant,2000,ood_dev,16,4096,3801,3909,64809,65536,0.927978515625,0.9196539294518923,0.9355010893981511,0.954345703125,0.947516451879336,0.9603235310527409,0.9889068603515625,0.13581054665900538,0.01
value_constant,2000,ood_dev,17,4096,3745,3896,68705,69632,0.914306640625,0.9053415639344976,0.9224953253915283,0.951171875,0.9441388702045643,0.9573594040880085,0.9866871553308824,0.15400953269038453,0.01
value_constant,2000,ood_dev,18,4096,3677,3844,72549,73728,0.897705078125,0.8880490046308186,0.9066158702731862,0.9384765625,0.9306990192363365,0.9454324204982203,0.9840087890625,0.19145695778228067,0.01
value_constant,2000,ood_dev,19,4096,3620,3816,76365,77824,0.8837890625,0.8736130218885932,0.8932458997498941,0.931640625,0.9235007973638772,0.9389715776086708,0.9812525699013158,0.21361919370956883,0.01
value_constant,2000,ood_dev,20,4096,3539,3780,80145,81920,0.864013671875,0.8531747138939877,0.8741704846829744,0.9228515625,0.9142781637462243,0.9306325565323126,0.97833251953125,0.24752940956345526,0.01
value_constant,2000,ood_dev,21,4096,3451,3720,83865,86016,0.842529296875,0.8310541964535841,0.8533625128713508,0.908203125,0.8989740501994764,0.9166672455890418,0.9749930245535714,0.2858269163597207,0.01
value_constant,2000,ood_dev,22,4096,3373,3679,87544,90112,0.823486328125,0.8115089957822146,0.8348574617056961,0.898193359375,0.8885564425517519,0.9070840798352536,0.9715021306818182,0.32324674452918956,0.01
value_constant,2000,ood_dev,23,4096,3300,3653,91197,94208,0.8056640625,0.7932622137175728,0.8174931106408153,0.891845703125,0.8819647321995695,0.900992372908428,0.9680388077445652,0.3504073517090376,0.01
value_constant,2000,ood_dev,24,4096,3229,3597,94794,98304,0.788330078125,0.7755530237135057,0.8005668149983604,0.878173828125,0.8678011212225616,0.8878378543614185,0.96429443359375,0.4076251210058892,0.01
value_constant,2000,ood_dev,25,4096,3152,3558,98352,102400,0.76953125,0.7563853176930732,0.7821720929232691,0.86865234375,0.8579616760370784,0.8786521736283895,0.96046875,0.4446031843933511,0.01
value_constant,2000,ood_dev,26,4096,3087,3540,101892,106496,0.753662109375,0.7402330906813905,0.7666157767374315,0.8642578125,0.853426556028023,0.8744064662904394,0.9567683293269231,0.4651553073303951,0.01
value_constant,2000,ood_dev,27,4096,3023,3509,105401,110592,0.738037109375,0.7243528928947542,0.7512752550680479,0.856689453125,0.8456245917120823,0.8670858946198706,0.9530617042824074,0.5051014345475799,0.01
value_constant,2000,ood_dev,28,4096,2941,3452,108853,114688,0.718017578125,0.7040383237920247,0.731588277367752,0.8427734375,0.831305131191705,0.8535994018747302,0.9491228376116071,0.5488345921632742,0.01
value_constant,2000,ood_dev,29,4096,2871,3453,112306,118784,0.700927734375,0.6867233294220987,0.7147556098326564,0.843017578125,0.83155607536569,0.8538362814422454,0.9454640355603449,0.576548691475141,0.01
value_constant,2000,ood_dev,30,4096,2799,3413,115719,122880,0.683349609375,0.6689378914291774,0.6974177384375554,0.833251953125,0.8215254984383661,0.844353908709557,0.9417236328125,0.6151677339835473,0.01
value_constant,2000,ood_dev,31,4096,2743,3369,119088,126976,0.669677734375,0.6551210577054496,0.6839164426372659,0.822509765625,0.8105080830320822,0.8339070794898272,0.9378780241935484,0.6734196821098806,0.01
value_constant,2000,ood_dev,32,4096,2684,3322,122410,131072,0.6552734375,0.6405788899384853,0.6696770096557118,0.81103515625,0.798756922138199,0.8227305245331958,0.9339141845703125,0.7149852401736538,0.01
value_constant,2000,ood_dev,33,4096,2628,3274,125684,135168,0.6416015625,0.6267898312913645,0.6561479387788154,0.79931640625,0.7867730457201327,0.8112988613592473,0.9298354640151515,0.7699952713964429,0.01
value_constant,2000,ood_dev,34,4096,2567,3264,128948,139264,0.626708984375,0.611784345932041,0.6413961759066199,0.796875,0.7842784971396332,0.8089151725247438,0.9259248621323529,0.7955324917839999,0.01
value_constant,2000,ood_dev,35,4096,2503,3231,132179,143360,0.611083984375,0.5960569922791523,0.6259028101034887,0.788818359375,0.776051398203665,0.8010440879912017,0.9220075334821428,0.8513675701968637,0.01
value_constant,2000,ood_dev,36,4096,2451,3208,135387,147456,0.598388671875,0.5832903985050495,0.6133025693195755,0.783203125,0.7703216922438172,0.7955538478965423,0.91815185546875,0.8779025642484832,0.01
value_constant,2500,dev,1,4096,4096,4096,4096,4096,1.0,0.9990630225926348,0.9999999999999999,1.0,0.9990630225926348,0.9999999999999999,1.0,0.0007420966931448447,0.01
value_constant,2500,dev,2,4096,4096,4096,8192,8192,1.0,0.9990630225926348,0.9999999999999999,1.0,0.9990630225926348,0.9999999999999999,1.0,0.0004130745187138629,0.01
value_constant,2500,dev,3,4096,4096,4096,12288,12288,1.0,0.9990630225926348,0.9999999999999999,1.0,0.9990630225926348,0.9999999999999999,1.0,0.0003903116041090726,0.01
value_constant,2500,dev,4,4096,4096,4096,16384,16384,1.0,0.9990630225926348,0.9999999999999999,1.0,0.9990630225926348,0.9999999999999999,1.0,0.0005194193724298302,0.01
value_constant,2500,dev,5,4096,4096,4096,20480,20480,1.0,0.9990630225926348,0.9999999999999999,1.0,0.9990630225926348,0.9999999999999999,1.0,0.0007693899436649332,0.01
value_constant,2500,dev,6,4096,4096,4096,24576,24576,1.0,0.9990630225926348,0.9999999999999999,1.0,0.9990630225926348,0.9999999999999999,1.0,0.0014964292826622483,0.01
value_constant,2500,dev,7,4096,4095,4095,28671,28672,0.999755859375,0.9986182969663738,0.9999569018847606,0.999755859375,0.9986182969663738,0.9999569018847606,0.9999651227678571,0.002320692194713203,0.01
value_constant,2500,dev,8,4096,4092,4092,32763,32768,0.9990234375,0.9974915571936952,0.9996201704329383,0.9990234375,0.9974915571936952,0.9996201704329383,0.999847412109375,0.0043715948024676266,0.01
value_constant,2500,dev,9,4096,4087,4089,36852,36864,0.997802734375,0.9958290482073086,0.9988435607118235,0.998291015625,0.9964763422189936,0.9991719141831389,0.9996744791666666,0.0066182467741366935,0.01
value_constant,2500,dev,10,4096,4072,4076,40928,40960,0.994140625,0.9912959670744264,0.996059285722201,0.9951171875,0.9924697076331114,0.9968368401295172,0.99921875,0.015288101370902751,0.01
value_constant,2500,dev,11,4096,4051,4063,44991,45056,0.989013671875,0.9853320021138738,0.991778952111247,0.991943359375,0.9887074354065306,0.9942574037165939,0.9985573508522727,0.02261798432443829,0.01
value_constant,2500,dev,12,4096,4028,4055,49046,49152,0.9833984375,0.9790082213211099,0.9868827868495039,0.989990234375,0.9864495949105299,0.9926126542805922,0.9978434244791666,0.031901721727414234,0.01
value_constant,2500,ood_dev,1,4096,4096,4096,4096,4096,1.0,0.9990630225926348,0.9999999999999999,1.0,0.9990630225926348,0.9999999999999999,1.0,0.0007537209000467726,0.01
value_constant,2500,ood_dev,2,4096,4096,4096,8192,8192,1.0,0.9990630225926348,0.9999999999999999,1.0,0.9990630225926348,0.9999999999999999,1.0,0.00043146665681437213,0.01
value_constant,2500,ood_dev,3,4096,4096,4096,12288,12288,1.0,0.9990630225926348,0.9999999999999999,1.0,0.9990630225926348,0.9999999999999999,1.0,0.00042489606569162675,0.01
value_constant,2500,ood_dev,4,4096,4096,4096,16384,16384,1.0,0.9990630225926348,0.9999999999999999,1.0,0.9990630225926348,0.9999999999999999,1.0,0.0005090282217405928,0.01
value_constant,2500,ood_dev,5,4096,4096,4096,20480,20480,1.0,0.9990630225926348,0.9999999999999999,1.0,0.9990630225926348,0.9999999999999999,1.0,0.0008358289957426379,0.01
value_constant,2500,ood_dev,6,4096,4095,4095,24575,24576,0.999755859375,0.9986182969663738,0.9999569018847606,0.999755859375,0.9986182969663738,0.9999569018847606,0.9999593098958334,0.0016806277097982658,0.01
value_constant,2500,ood_dev,7,4096,4095,4096,28671,28672,0.999755859375,0.9986182969663738,0.9999569018847606,1.0,0.9990630225926348,0.9999999999999999,0.9999651227678571,0.0021531003263479676,0.01
value_constant,2500,ood_dev,8,4096,4093,4094,32765,32768,0.999267578125,0.9978486714629491,0.9997508799051849,0.99951171875,0.9982212896544476,0.9998660854551866,0.999908447265625,0.004662924380104627,0.01
value_constant,2500,ood_dev,9,4096,4089,4091,36856,36864,0.998291015625,0.9964763422189936,0.9991719141831389,0.998779296875,0.997145424476127,0.9994784794090062,0.9997829861111112,0.005507403409229283,0.01
value_constant,2500,ood_dev,10,4096,4080,4083,40939,40960,0.99609375,0.9936637657680687,0.9975940769605611,0.996826171875,0.9945771012522003,0.9981442127009305,0.9994873046875,0.010677654365246703,0.01
value_constant,2500,ood_dev,11,4096,4058,4067,45006,45056,0.99072265625,0.987292434466316,0.993233285949307,0.992919921875,0.9898503448988859,0.9950657891902398,0.9988902698863636,0.017121944895223784,0.01
value_constant,2500,ood_dev,12,4096,4039,4063,49069,49152,0.986083984375,0.9820139840883064,0.9892430852388108,0.991943359375,0.9887074354065306,0.9942574037165939,0.9983113606770834,0.024580483415261867,0.01
value_constant,2500,ood_dev,13,4096,4008,4041,53110,53248,0.978515625,0.973606447163245,0.9825280861773625,0.986572265625,0.9825638389733109,0.9896688778368068,0.9974083533653846,0.03668051119675386,0.01
value_constant,2500,ood_dev,14,4096,3971,4022,57132,57344,0.969482421875,0.963759047527144,0.974326007377952,0.98193359375,0.9773800946662805,0.9855839710553314,0.9963030133928571,0.04567742762354676,0.01
value_constant,2500,ood_dev,15,4096,3933,4004,61136,61440,0.960205078125,0.9537747892075905,0.9657729635204937,0.9775390625,0.9725338897863597,0.9816493485882466,0.9950520833333333,0.06497377658820458,0.01
value_constant,2500,ood_dev,16,4096,3886,3971,65107,65536,0.94873046875,0.9415459763729898,0.9550740605045799,0.969482421875,0.963759047527144,0.974326007377952,0.9934539794921875,0.09194642165719724,0.01
value_constant,2500,ood_dev,17,4096,3844,3958,69065,69632,0.9384765625,0.9306990192363365,0.9454324204982203,0.96630859375,0.960331329020896,0.971412017244696,0.9918571920955882,0.1021511202418166,0.01
value_constant,2500,ood_dev,18,4096,3790,3919,72984,73728,0.92529296875,0.9168366756670765,0.9329522820264635,0.956787109375,0.9501202787839275,0.9625979415631524,0.9899088541666666,0.1395060050938728,0.01
value_constant,2500,ood_dev,19,4096,3740,3883,76867,77824,0.9130859375,0.9040670637073458,0.9213307069111787,0.947998046875,0.9407689451321072,0.9543876205209615,0.9877030222039473,0.15927273735280778,0.01
value_constant,2500,ood_dev,20,4096,3685,3872,80739,81920,0.899658203125,0.8900791525649845,0.908488312271023,0.9453125,0.9379229636648263,0.951867540831739,0.98558349609375,0.18538169477152877,0.01
value_constant,2500,ood_dev,21,4096,3624,3838,84577,86016,0.884765625,0.8746245208149953,0.8941856957894933,0.93701171875,0.9291545119210666,0.9440499853644883,0.9832705543154762,0.20935438792227856,0.01
value_constant,2500,ood_dev,22,4096,3545,3784,88361,90112,0.865478515625,0.8546859370558118,0.8755862039701523,0.923828125,0.9153012757420427,0.9315607395024954,0.9805686257102273,0.24717163771386907,0.01
value_constant,2500,ood_dev,23,4096,3471,3753,92114,94208,0.847412109375,0.836074704756056,0.858098479398885,0.916259765625,0.9073818457534903,0.924357633504538,0.9777725883152174,0.28191133569934834,0.01
value_constant,2500,ood_dev,24,4096,3404,3712,95826,98304,0.8310546875,0.819270593124671,0.8422184003497494,0.90625,0.8969389906097799,0.9147997152467359,0.97479248046875,0.31540709442558423,0.01
value_constant,2500,ood_dev,25,4096,3345,3677,99503,102400,0.816650390625,0.8045053198770175,0.8282020728488845,0.897705078125,0.8880490046308186,0.9066158702731862,0.971708984375,0.3523783172356616,0.01
value_constant,2500,ood_dev,26,4096,3291,3656,103159,106496,0.803466796875,0.7910154101857612,0.815349500499124,0.892578125,0.8827247749340756,0.9016958013984229,0.9686654897836539,0.3738526907312725,0.01
value_constant,2500,ood_dev,27,4096,3236,3623,106782,110592,0.7900390625,0.7772974517872059,0.8022371531151623,0.884521484375,0.8743716252251424,0.8939507676378456,0.9655490451388888,0.41147591488033797,0.01
value_constant,2500,ood_dev,28,4096,3175,3601,110383,114688,0.775146484375,0.7621068009163776,0.7876705557544716,0.879150390625,0.8688113807969721,0.8887788897530092,0.96246337890625,0.4508929231659833,0.01
value_constant,2500,ood_dev,29,4096,3106,3548,113931,118784,0.75830078125,0.7449519497351454,0.7711655687721825,0.8662109375,0.8554417028962036,0.8762939093542614,0.9591443292025862,0.5001224930369448,0.01
value_constant,2500,ood_dev,30,4096,3035,3520,117451,122880,0.740966796875,0.7273287184125798,0.754153314448226,0.859375,0.8483918312283166,0.8696847162601397,0.9558186848958333,0.5355316701813315,0.01
value_constant,2500,ood_dev,31,4096,2979,3495,120946,126976,0.727294921875,0.7134480724816752,0.7407158308551134,0.853271484375,0.8421044979070987,0.8637764560438498,0.9525107106854839,0.5687938453871055,0.01
value_constant,2500,ood_dev,32,4096,2918,3460,124406,131072,0.71240234375,0.6983464717576308,0.7260601833476389,0.8447265625,0.8333129502985477,0.8554941726998899,0.9491424560546875,0.6079754442931584,0.01
value_constant,2500,ood_dev,33,4096,2843,3387,127793,135168,0.694091796875,0.6798039114890372,0.7080159630037092,0.826904296875,0.8150132311381779,0.8381827587307371,0.9454382694128788,0.6666220081042518,0.01
value_constant,2500,ood_dev,34,4096,2781,3374,131167,139264,0.678955078125,0.6644952411406878,0.6930795613790394,0.82373046875,0.8117592444729407,0.8350950367564702,0.9418586282169118,0.6992992792452126,0.01
value_constant,2500,ood_dev,35,4096,2725,3322,134489,143360,0.665283203125,0.6506828706582983,0.6795738023374116,0.81103515625,0.798756922138199,0.8227305245331958,0.9381208147321428,0.7473967650181654,0.01
value_constant,2500,ood_dev,36,4096,2674,3292,137781,147456,0.65283203125,0.6381155923714011,0.6672620698077928,0.8037109375,0.7912650258604237,0.815587708565962,0.93438720703125,0.816524183283633,0.01
value_constant,3000,dev,1,4096,4096,4096,4096,4096,1.0,0.9990630225926348,0.9999999999999999,1.0,0.9990630225926348,0.9999999999999999,1.0,0.00036432657180540673,0.01
value_constant,3000,dev,2,4096,4096,4096,8192,8192,1.0,0.9990630225926348,0.9999999999999999,1.0,0.9990630225926348,0.9999999999999999,1.0,0.0002228268210542339,0.01
value_constant,3000,dev,3,4096,4096,4096,12288,12288,1.0,0.9990630225926348,0.9999999999999999,1.0,0.9990630225926348,0.9999999999999999,1.0,0.00023729988187248807,0.01
value_constant,3000,dev,4,4096,4096,4096,16384,16384,1.0,0.9990630225926348,0.9999999999999999,1.0,0.9990630225926348,0.9999999999999999,1.0,0.00027543887990155724,0.01
value_constant,3000,dev,5,4096,4096,4096,20480,20480,1.0,0.9990630225926348,0.9999999999999999,1.0,0.9990630225926348,0.9999999999999999,1.0,0.0004392029519255658,0.01
value_constant,3000,dev,6,4096,4095,4095,24575,24576,0.999755859375,0.9986182969663738,0.9999569018847606,0.999755859375,0.9986182969663738,0.9999569018847606,0.9999593098958334,0.0012828552779167168,0.01
value_constant,3000,dev,7,4096,4093,4094,28669,28672,0.999267578125,0.9978486714629491,0.9997508799051849,0.99951171875,0.9982212896544476,0.9998660854551866,0.9998953683035714,0.002558202551927735,0.01
value_constant,3000,dev,8,4096,4091,4093,32762,32768,0.998779296875,0.997145424476127,0.9994784794090062,0.999267578125,0.9978486714629491,0.9997508799051849,0.99981689453125,0.0036703143531084947,0.01
value_constant,3000,dev,9,4096,4081,4085,36847,36864,0.996337890625,0.9939662587473084,0.9977794077228217,0.997314453125,0.9951972177470491,0.9984997436890822,0.9995388454861112,0.008170278048247326,0.01
value_constant,3000,dev,10,4096,4067,4077,40924,40960,0.992919921875,0.9898503448988859,0.9950657891902398,0.995361328125,0.9927660832938955,0.9970282882102334,0.99912109375,0.013545504361666794,0.01
value_constant,3000,dev,11,4096,4051,4067,44991,45056,0.989013671875,0.9853320021138738,0.991778952111247,0.992919921875,0.9898503448988859,0.9950657891902398,0.9985573508522727,0.02180198837484104,0.01
value_constant,3000,dev,12,4096,4036,4059,49050,49152,0.9853515625,0.9811912611355577,0.9886023369670586,0.990966796875,0.9875743543279273,0.993439189829196,0.9979248046875,0.027285268348706815,0.01
value_constant,3000,ood_dev,1,4096,4096,4096,4096,4096,1.0,0.9990630225926348,0.9999999999999999,1.0,0.9990630225926348,0.9999999999999999,1.0,0.0003570760710509546,0.01
value_constant,3000,ood_dev,2,4096,4096,4096,8192,8192,1.0,0.9990630225926348,0.9999999999999999,1.0,0.9990630225926348,0.9999999999999999,1.0,0.00021631471974004057,0.01
value_constant,3000,ood_dev,3,4096,4096,4096,12288,12288,1.0,0.9990630225926348,0.9999999999999999,1.0,0.9990630225926348,0.9999999999999999,1.0,0.00024527410891295176,0.01
value_constant,3000,ood_dev,4,4096,4096,4096,16384,16384,1.0,0.9990630225926348,0.9999999999999999,1.0,0.9990630225926348,0.9999999999999999,1.0,0.00031600084411476104,0.01
value_constant,3000,ood_dev,5,4096,4096,4096,20480,20480,1.0,0.9990630225926348,0.9999999999999999,1.0,0.9990630225926348,0.9999999999999999,1.0,0.0005847927229503114,0.01
value_constant,3000,ood_dev,6,4096,4096,4096,24576,24576,1.0,0.9990630225926348,0.9999999999999999,1.0,0.9990630225926348,0.9999999999999999,1.0,0.0007205388548943148,0.01
value_constant,3000,ood_dev,7,4096,4095,4095,28671,28672,0.999755859375,0.9986182969663738,0.9999569018847606,0.999755859375,0.9986182969663738,0.9999569018847606,0.9999651227678571,0.0014565694333410484,0.01
value_constant,3000,ood_dev,8,4096,4094,4095,32766,32768,0.99951171875,0.9982212896544476,0.9998660854551866,0.999755859375,0.9986182969663738,0.9999569018847606,0.99993896484375,0.0019091762075014174,0.01
value_constant,3000,ood_dev,9,4096,4085,4086,36852,36864,0.997314453125,0.9951972177470491,0.9984997436890822,0.99755859375,0.9955114747539533,0.9986733104236785,0.9996744791666666,0.005956825343134575,0.01
value_constant,3000,ood_dev,10,4096,4072,4081,40933,40960,0.994140625,0.9912959670744264,0.996059285722201,0.996337890625,0.9939662587473084,0.9977794077228217,0.9993408203125,0.010820891174391889,0.01
value_constant,3000,ood_dev,11,4096,4061,4078,45011,45056,0.991455078125,0.9881397703182205,0.9938494213219035,0.99560546875,0.9930638103960733,0.9972183848495558,0.9990012428977273,0.013521031651263726,0.01
value_constant,3000,ood_dev,12,4096,4035,4057,49068,49152,0.985107421875,0.9809175425035267,0.9883882318575893,0.990478515625,0.9870110133784079,0.9930268832957149,0.998291015625,0.023321995819462593,0.01
value_constant,3000,ood_dev,13,4096,4007,4046,53114,53248,0.978271484375,0.9733380928544043,0.9823086167447029,0.98779296875,0.983943722660208,0.9907281128574114,0.9974834735576923,0.03665645690890873,0.01
value_constant,3000,ood_dev,14,4096,3985,4035,57149,57344,0.972900390625,0.9674673085801575,0.977447278705943,0.985107421875,0.9809175425035267,0.9883882318575893,0.9965994698660714,0.04958249370993695,0.01
value_constant,3000,ood_dev,15,4096,3947,4008,61157,61440,0.963623046875,0.9574411905686989,0.9689360945403896,0.978515625,0.973606447163245,0.9825280861773625,0.9953938802083333,0.06170528293507349,0.01
value_constant,3000,ood_dev,16,4096,3911,3983,65140,65536,0.954833984375,0.9480368065317946,0.9607788238832828,0.972412109375,0.9669363760022123,0.9770025638008875,0.99395751953125,0.08693815623600765,0.01
value_constant,3000,ood_dev,17,4096,3872,3969,69109,69632,0.9453125,0.9379229636648263,0.951867540831739,0.968994140625,0.9632307842127183,0.973878623209377,0.9924890854779411,0.09672817020321034,0.01
value_constant,3000,ood_dev,18,4096,3846,3949,73058,73728,0.93896484375,0.9312141146512992,0.945892972566258,0.964111328125,0.9579660236105576,0.9693869089815317,0.9909125434027778,0.1208652999024924,0.01
value_constant,3000,ood_dev,19,4096,3787,3905,76963,77824,0.924560546875,0.9160688647806251,0.932256621688414,0.953369140625,0.9464763369080933,0.9594123510579824,0.9889365748355263,0.14982833609089186,0.01
value_constant,3000,ood_dev,20,4096,3733,3890,80853,81920,0.911376953125,0.9022836148178496,0.9196993896101727,0.94970703125,0.9425826106663004,0.9559887211772704,0.98697509765625,0.17829914385087609,0.01
value_constant,3000,ood_dev,21,4096,3676,3849,84702,86016,0.8974609375,0.8877953102002933,0.9063817409622112,0.939697265625,0.9319870061829958,0.9465835522590624,0.9847237723214286,0.21540444273412707,0.01
value_constant,3000,ood_dev,22,4096,3613,3816,88518,90112,0.882080078125,0.8718434292869487,0.8916007261610365,0.931640625,0.9235007973638772,0.9389715776086708,0.9823109019886364,0.24689937340190582,0.01
value_constant,3000,ood_dev,23,4096,3549,3765,92283,94208,0.866455078125,0.8556936478716541,0.8765297881203111,0.919189453125,0.9104448475161888,0.9271485166398434,0.9795664911684783,0.2929020162784788,0.01
value_constant,3000,ood_dev,24,4096,3477,3731,96014,98304,0.848876953125,0.8375816138522119,0.8595185127517311,0.910888671875,0.9017742372571839,0.9192331196878377,0.9767049153645834,0.318029240520981,0.01
value_constant,3000,ood_dev,25,4096,3409,3684,99698,102400,0.832275390625,0.8205232310717371,0.8434048811101847,0.8994140625,0.8898253259774954,0.9082543151170116,0.97361328125,0.3503997601286466,0.01
value_constant,3000,ood_dev,26,4096,3348,3671,103369,106496,0.8173828125,0.8052554142374909,0.828915449712912,0.896240234375,0.8865270812946906,0.9052108511603125,0.9706373948317307,0.3766467184025384,0.01
value_constant,3000,ood_dev,27,4096,3292,3650,107019,110592,0.8037109375,0.7912650258604237,0.815587708565962,0.89111328125,0.8812048260661931,0.9002888078173035,0.9676920572916666,0.41156286539470255,0.01
value_constant,3000,ood_dev,28,4096,3221,3623,110642,114688,0.786376953125,0.7735597923101467,0.7986574564697169,0.884521484375,0.8743716252251424,0.8939507676378456,0.9647216796875,0.4317596535761332,0.01
value_constant,3000,ood_dev,29,4096,3158,3585,114227,118784,0.77099609375,0.7578775641497512,0.783606788915593,0.875244140625,0.864771581869222,0.8850135088167544,0.9616362473060345,0.47873631065322364,0.01
value_constant,3000,ood_dev,30,4096,3082,3553,117780,122880,0.75244140625,0.7389916289122336,0.7654181197990868,0.867431640625,0.856701543629456,0.8774731873285104,0.95849609375,0.523119512269473,0.01
value_constant,3000,ood_dev,31,4096,3025,3518,121298,126976,0.738525390625,0.7248488100050723,0.7517549854407306,0.85888671875,0.8478886002014501,0.8692122998040055,0.9552828881048387,0.5594709090206393,0.01
value_constant,3000,ood_dev,32,4096,2950,3477,124775,131072,0.72021484375,0.7062662876864472,0.7337507271468324,0.848876953125,0.8375816138522119,0.8595185127517311,0.9519577026367188,0.5945905800579245,0.01
value_constant,3000,ood_dev,33,4096,2881,3448,128223,135168,0.703369140625,0.6891954482536758,0.7171617284160824,0.841796875,0.830301448676631,0.8526517894238029,0.9486194957386364,0.6236685086342879,0.01
value_constant,3000,ood_dev,34,4096,2824,3407,131630,139264,0.689453125,0.6751106756344971,0.7034405477697434,0.831787109375,0.8200221498156435,0.8429303148832779,0.9451832490808824,0.6839664222481803,0.01
value_constant,3000,ood_dev,35,4096,2765,3370,135000,143360,0.675048828125,0.6605474369092633,0.689222185746459,0.82275390625,0.8107582989442972,0.8341446873191125,0.9416852678571429,0.7167312011325535,0.01
value_constant,3000,ood_dev,36,4096,2697,3321,138321,147456,0.658447265625,0.6437818115686724,0.6728157966650288,0.810791015625,0.7985070838749817,0.8224925390549129,0.93804931640625,0.7628077695751276,0.01
value_constant,3500,dev,1,4096,4096,4096,4096,4096,1.0,0.9990630225926348,0.9999999999999999,1.0,0.9990630225926348,0.9999999999999999,1.0,0.00026737345556959724,0.01
value_constant,3500,dev,2,4096,4096,4096,8192,8192,1.0,0.9990630225926348,0.9999999999999999,1.0,0.9990630225926348,0.9999999999999999,1.0,0.00018343083311300745,0.01
value_constant,3500,dev,3,4096,4096,4096,12288,12288,1.0,0.9990630225926348,0.9999999999999999,1.0,0.9990630225926348,0.9999999999999999,1.0,0.00020823661640179125,0.01
value_constant,3500,dev,4,4096,4096,4096,16384,16384,1.0,0.9990630225926348,0.9999999999999999,1.0,0.9990630225926348,0.9999999999999999,1.0,0.0002519144309065524,0.01
value_constant,3500,dev,5,4096,4096,4096,20480,20480,1.0,0.9990630225926348,0.9999999999999999,1.0,0.9990630225926348,0.9999999999999999,1.0,0.0005523549854538068,0.01
value_constant,3500,dev,6,4096,4095,4095,24575,24576,0.999755859375,0.9986182969663738,0.9999569018847606,0.999755859375,0.9986182969663738,0.9999569018847606,0.9999593098958334,0.0009543369464486418,0.01
value_constant,3500,dev,7,4096,4094,4095,28670,28672,0.99951171875,0.9982212896544476,0.9998660854551866,0.999755859375,0.9986182969663738,0.9999569018847606,0.9999302455357143,0.001460832199414952,0.01
value_constant,3500,dev,8,4096,4090,4091,32761,32768,0.99853515625,0.9968075986857966,0.9993284814578364,0.998779296875,0.997145424476127,0.9994784794090062,0.999786376953125,0.003934698097358247,0.01
value_constant,3500,dev,9,4096,4086,4089,36850,36864,0.99755859375,0.9955114747539533,0.9986733104236785,0.998291015625,0.9964763422189936,0.9991719141831389,0.9996202256944444,0.006636133103558706,0.01
value_constant,3500,dev,10,4096,4076,4081,40931,40960,0.9951171875,0.9924697076331114,0.9968368401295172,0.996337890625,0.9939662587473084,0.9977794077228217,0.9992919921875,0.010702887829099783,0.01
value_constant,3500,dev,11,4096,4065,4073,45004,45056,0.992431640625,0.9892775496501616,0.9946629369559636,0.994384765625,0.991587789433178,0.9962552871049496,0.9988458806818182,0.018372954359638705,0.01
value_constant,3500,dev,12,4096,4053,4069,49073,49152,0.989501953125,0.9858899643168433,0.9921966373912783,0.993408203125,0.9904260923610462,0.9954656892110803,0.9983927408854166,0.021508368252824983,0.01
value_constant,3500,ood_dev,1,4096,4096,4096,4096,4096,1.0,0.9990630225926348,0.9999999999999999,1.0,0.9990630225926348,0.9999999999999999,1.0,0.0002682330349337292,0.01
value_constant,3500,ood_dev,2,4096,4096,4096,8192,8192,1.0,0.9990630225926348,0.9999999999999999,1.0,0.9990630225926348,0.9999999999999999,1.0,0.00018145483466147638,0.01
value_constant,3500,ood_dev,3,4096,4096,4096,12288,12288,1.0,0.9990630225926348,0.9999999999999999,1.0,0.9990630225926348,0.9999999999999999,1.0,0.00021528942333448597,0.01
value_constant,3500,ood_dev,4,4096,4096,4096,16384,16384,1.0,0.9990630225926348,0.9999999999999999,1.0,0.9990630225926348,0.9999999999999999,1.0,0.0002772561199400059,0.01
value_constant,3500,ood_dev,5,4096,4096,4096,20480,20480,1.0,0.9990630225926348,0.9999999999999999,1.0,0.9990630225926348,0.9999999999999999,1.0,0.000459534050115451,0.01
value_constant,3500,ood_dev,6,4096,4096,4096,24576,24576,1.0,0.9990630225926348,0.9999999999999999,1.0,0.9990630225926348,0.9999999999999999,1.0,0.0005209834063202301,0.01
value_constant,3500,ood_dev,7,4096,4095,4095,28671,28672,0.999755859375,0.9986182969663738,0.9999569018847606,0.999755859375,0.9986182969663738,0.9999569018847606,0.9999651227678571,0.001156421220951831,0.01
value_constant,3500,ood_dev,8,4096,4094,4094,32765,32768,0.99951171875,0.9982212896544476,0.9998660854551866,0.99951171875,0.9982212896544476,0.9998660854551866,0.999908447265625,0.003474872073937263,0.01
value_constant,3500,ood_dev,9,4096,4087,4087,36852,36864,0.997802734375,0.9958290482073086,0.9988435607118235,0.997802734375,0.9958290482073086,0.9988435607118235,0.9996744791666666,0.006311389255222011,0.01
value_constant,3500,ood_dev,10,4096,4074,4081,40933,40960,0.99462890625,0.9918806406223304,0.9964502596572975,0.996337890625,0.9939662587473084,0.9977794077228217,0.9993408203125,0.011256442746729878,0.01
value_constant,3500,ood_dev,11,4096,4062,4074,45007,45056,0.99169921875,0.9884233098915096,0.9940537054901146,0.99462890625,0.9918806406223304,0.9964502596572975,0.9989124644886364,0.01497391336649434,0.01
value_constant,3500,ood_dev,12,4096,4052,4069,49076,49152,0.9892578125,0.9856107816089336,0.9919879963576875,0.993408203125,0.9904260923610462,0.9954656892110803,0.9984537760416666,0.023939077457730384,0.01
value_constant,3500,ood_dev,13,4096,4028,4046,53122,53248,0.9833984375,0.9790082213211099,0.9868827868495039,0.98779296875,0.983943722660208,0.9907281128574114,0.9976337139423077,0.03688041328181013,0.01
value_constant,3500,ood_dev,14,4096,3994,4026,57148,57344,0.97509765625,0.969861879182557,0.9794431217770462,0.98291015625,0.9784647020408669,0.9864506586467462,0.99658203125,0.049322361299910966,0.01
value_constant,3500,ood_dev,15,4096,3964,4015,61163,61440,0.9677734375,0.9619116249533165,0.9727586637612774,0.980224609375,0.9754891932191522,0.9840601063119575,0.9954915364583333,0.059383279583888005,0.01
value_constant,3500,ood_dev,16,4096,3937,4000,65163,65536,0.961181640625,0.9548210542172663,0.9666779934768192,0.9765625,0.9714635423988935,0.9807684010097115,0.9943084716796875,0.0721559239589955,0.01
value_constant,3500,ood_dev,17,4096,3904,3986,69149,69632,0.953125,0.9462164298287505,0.9591844343958247,0.97314453125,0.9677329319802243,0.9776694790473764,0.9930635340073529,0.08806488354156805,0.01
value_constant,3500,ood_dev,18,4096,3859,3951,73100,73728,0.942138671875,0.9345655263512737,0.9488832695057877,0.964599609375,0.958491137419128,0.9698374426559618,0.9914822048611112,0.11079392257822285,0.01
value_constant,3500,ood_dev,19,4096,3823,3935,77035,77824,0.933349609375,0.9252981492851113,0.9405889918779389,0.960693359375,0.9542977984787171,0.9662256017323678,0.9898617393092105,0.1282077429988533,0.01
value_constant,3500,ood_dev,20,4096,3778,3912,80947,81920,0.92236328125,0.913766751587586,0.9301683212079501,0.955078125,0.9482970594777964,0.9610063946787812,0.98812255859375,0.1561985503129959,0.01
value_constant,3500,ood_dev,21,4096,3731,3882,84829,86016,0.910888671875,0.9017742372571839,0.9192331196878377,0.94775390625,0.9405100178795183,0.9541587240320502,0.9862002418154762,0.18449145893557262,0.01
value_constant,3500,ood_dev,22,4096,3670,3837,88666,90112,0.89599609375,0.8862734838085056,0.9049766249049971,0.936767578125,0.9288972057773469,0.9438194677667077,0.9839533025568182,0.20846304270072347,0.01
value_constant,3500,ood_dev,23,4096,3621,3821,92487,94208,0.884033203125,0.8738658758000654,0.8934808695799222,0.932861328125,0.9247844761276197,0.9401270175524298,0.9817319123641305,0.23624876506768455,0.01
value_constant,3500,ood_dev,24,4096,3563,3776,96263,98304,0.869873046875,0.8592221035644358,0.8798308648085338,0.921875,0.913255434220539,0.9297039910919966,0.9792378743489584,0.27887651198700736,0.01
value_constant,3500,ood_dev,25,4096,3505,3751,100014,102400,0.855712890625,0.8446186417242619,0.8661405496416897,0.915771484375,0.9068716487271989,0.9238921830478289,0.97669921875,0.29123594270908004,0.01
value_constant,3500,ood_dev,26,4096,3440,3704,103718,106496,0.83984375,0.8282945320556974,0.8507561161127342,0.904296875,0.8949051056361323,0.912931010288381,0.9739145132211539,0.3402321017278842,0.01
value_constant,3500,ood_dev,27,4096,3383,3671,107389,110592,0.825927734375,0.8140118545714705,0.8372328403314433,0.896240234375,0.8865270812946906,0.9052108511603125,0.9710376880787037,0.3832343667066094,0.01
value_constant,3500,ood_dev,28,4096,3309,3631,111020,114688,0.807861328125,0.795509612570209,0.8196361254616817,0.886474609375,0.8763951832636987,0.895829799531292,0.968017578125,0.43237791704053175,0.01
value_constant,3500,ood_dev,29,4096,3251,3596,114616,118784,0.793701171875,0.7810366279687184,0.8058153330561544,0.8779296875,0.8675485889086534,0.8876025629338264,0.964911099137931,0.4683112904889084,0.01
value_constant,3500,ood_dev,30,4096,3171,3542,118158,122880,0.774169921875,0.7611115249547282,0.7867145367501198,0.86474609375,0.8539302742900043,0.8748783955114587,0.961572265625,0.5170545083623379,0.01
value_constant,3500,ood_dev,31,4096,3101,3520,121678,126976,0.757080078125,0.7437099432097312,0.7699684565900953,0.859375,0.8483918312283166,0.8696847162601397,0.9582755796370968,0.5512685484055897,0.01
value_constant,3500,ood_dev,32,4096,3050,3479,125157,131072,0.74462890625,0.7310495983074342,0.7577497906758764,0.849365234375,0.8380839959122175,0.8599917781747259,0.9548721313476562,0.5988587105138463,0.01
value_constant,3500,ood_dev,33,4096,2983,3462,128619,135168,0.728271484375,0.714439001527118,0.7416761967756718,0.84521484375,0.8338150005188198,0.8559677699626185,0.9515491832386364,0.6310659911489047,0.01
value_constant,3500,ood_dev,34,4096,2920,3414,132033,139264,0.712890625,0.6988413115951353,0.7265409909931351,0.83349609375,0.8217760872138762,0.8445911436755471,0.9480770335477942,0.6849202427521246,0.01
value_constant,3500,ood_dev,35,4096,2848,3373,135406,143360,0.6953125,0.6810392520831762,0.7092197411170719,0.823486328125,0.8115089957822146,0.8348574617056961,0.9445172991071429,0.7281659083763623,0.01
value_constant,3500,ood_dev,36,4096,2786,3356,138762,147456,0.68017578125,0.6657291644882781,0.6942847567389505,0.8193359375,0.807256014123365,0.8308174397590403,0.9410400390625,0.7676276588604596,0.01
value_constant,4000,dev,1,4096,4096,4096,4096,4096,1.0,0.9990630225926348,0.9999999999999999,1.0,0.9990630225926348,0.9999999999999999,1.0,0.00022661842367455165,0.01
value_constant,4000,dev,2,4096,4096,4096,8192,8192,1.0,0.9990630225926348,0.9999999999999999,1.0,0.9990630225926348,0.9999999999999999,1.0,0.00016310354397841564,0.01
value_constant,4000,dev,3,4096,4096,4096,12288,12288,1.0,0.9990630225926348,0.9999999999999999,1.0,0.9990630225926348,0.9999999999999999,1.0,0.00018821428301585286,0.01
value_constant,4000,dev,4,4096,4096,4096,16384,16384,1.0,0.9990630225926348,0.9999999999999999,1.0,0.9990630225926348,0.9999999999999999,1.0,0.00023546799341644942,0.01
value_constant,4000,dev,5,4096,4096,4096,20480,20480,1.0,0.9990630225926348,0.9999999999999999,1.0,0.9990630225926348,0.9999999999999999,1.0,0.0003364852647420591,0.01
value_constant,4000,dev,6,4096,4096,4096,24576,24576,1.0,0.9990630225926348,0.9999999999999999,1.0,0.9990630225926348,0.9999999999999999,1.0,0.0006439619460643087,0.01
value_constant,4000,dev,7,4096,4095,4095,28671,28672,0.999755859375,0.9986182969663738,0.9999569018847606,0.999755859375,0.9986182969663738,0.9999569018847606,0.9999651227678571,0.001773533632029256,0.01
value_constant,4000,dev,8,4096,4091,4091,32762,32768,0.998779296875,0.997145424476127,0.9994784794090062,0.998779296875,0.997145424476127,0.9994784794090062,0.99981689453125,0.0034780006259893526,0.01
value_constant,4000,dev,9,4096,4082,4086,36848,36864,0.99658203125,0.9942706398960515,0.9979628503155791,0.99755859375,0.9955114747539533,0.9986733104236785,0.9995659722222222,0.006308625318824035,0.01
value_constant,4000,dev,10,4096,4072,4079,40927,40960,0.994140625,0.9912959670744264,0.996059285722201,0.995849609375,0.9933629968413301,0.9974070221457995,0.9991943359375,0.011318921414916971,0.01
value_constant,4000,dev,11,4096,4055,4069,44996,45056,0.989990234375,0.9864495949105299,0.9926126542805922,0.993408203125,0.9904260923610462,0.9954656892110803,0.9986683238636364,0.020729965280440688,0.01
value_constant,4000,dev,12,4096,4045,4069,49065,49152,0.987548828125,0.9836671128801424,0.9905168988959765,0.993408203125,0.9904260923610462,0.9954656892110803,0.99822998046875,0.024549892293618925,0.01
value_constant,4000,ood_dev,1,4096,4096,4096,4096,4096,1.0,0.9990630225926348,0.9999999999999999,1.0,0.9990630225926348,0.9999999999999999,1.0,0.00022419659805450465,0.01
value_constant,4000,ood_dev,2,4096,4096,4096,8192,8192,1.0,0.9990630225926348,0.9999999999999999,1.0,0.9990630225926348,0.9999999999999999,1.0,0.00016132487940634377,0.01
value_constant,4000,ood_dev,3,4096,4096,4096,12288,12288,1.0,0.9990630225926348,0.9999999999999999,1.0,0.9990630225926348,0.9999999999999999,1.0,0.00019052178706235878,0.01
value_constant,4000,ood_dev,4,4096,4096,4096,16384,16384,1.0,0.9990630225926348,0.9999999999999999,1.0,0.9990630225926348,0.9999999999999999,1.0,0.0002326650820654308,0.01
value_constant,4000,ood_dev,5,4096,4096,4096,20480,20480,1.0,0.9990630225926348,0.9999999999999999,1.0,0.9990630225926348,0.9999999999999999,1.0,0.00039181843639202185,0.01
value_constant,4000,ood_dev,6,4096,4096,4096,24576,24576,1.0,0.9990630225926348,0.9999999999999999,1.0,0.9990630225926348,0.9999999999999999,1.0,0.000716872029165927,0.01
value_constant,4000,ood_dev,7,4096,4096,4096,28672,28672,1.0,0.9990630225926348,0.9999999999999999,1.0,0.9990630225926348,0.9999999999999999,1.0,0.0010665779985066237,0.01
value_constant,4000,ood_dev,8,4096,4091,4091,32763,32768,0.998779296875,0.997145424476127,0.9994784794090062,0.998779296875,0.997145424476127,0.9994784794090062,0.999847412109375,0.0038639832043605438,0.01
value_constant,4000,ood_dev,9,4096,4085,4088,36851,36864,0.997314453125,0.9951972177470491,0.9984997436890822,0.998046875,0.9961504506055915,0.9990099820550408,0.9996473524305556,0.006340244192698741,0.01
value_constant,4000,ood_dev,10,4096,4074,4080,40931,40960,0.99462890625,0.9918806406223304,0.9964502596572975,0.99609375,0.9936637657680687,0.9975940769605611,0.9992919921875,0.011121641892789746,0.01
value_constant,4000,ood_dev,11,4096,4067,4081,45012,45056,0.992919921875,0.9898503448988859,0.9950657891902398,0.996337890625,0.9939662587473084,0.9977794077228217,0.9990234375,0.014154967907669125,0.01
value_constant,4000,ood_dev,12,4096,4050,4064,49076,49152,0.98876953125,0.9850536128857085,0.9915695175979121,0.9921875,0.9889921727170213,0.9944604901476036,0.9984537760416666,0.024102984774266645,0.01
value_constant,4000,ood_dev,13,4096,4039,4064,53140,53248,0.986083984375,0.9820139840883064,0.9892430852388108,0.9921875,0.9889921727170213,0.9944604901476036,0.9979717548076923,0.026023843930341073,0.01
value_constant,4000,ood_dev,14,4096,4013,4044,57184,57344,0.979736328125,0.9749504777230061,0.9836231743251028,0.9873046875,0.9833908284717333,0.9903053595628853,0.9972098214285714,0.04171017094634166,0.01
value_constant,4000,ood_dev,15,4096,3974,4013,61197,61440,0.97021484375,0.9645521097608273,0.9749964163687698,0.979736328125,0.9749504777230061,0.9836231743251028,0.996044921875,0.058257857529000034,0.01
value_constant,4000,ood_dev,16,4096,3939,4000,65197,65536,0.961669921875,0.9553445608690955,0.9671301343079907,0.9765625,0.9714635423988935,0.9807684010097115,0.9948272705078125,0.07153701992848127,0.01
value_constant,4000,ood_dev,17,4096,3901,3982,69179,69632,0.952392578125,0.9454369948583105,0.9585003981417638,0.97216796875,0.9666710641443907,0.9767800519172087,0.9934943704044118,0.0814218579595476,0.01
value_constant,4000,ood_dev,18,4096,3864,3957,73136,73728,0.943359375,0.9358561096520154,0.9500318049125475,0.966064453125,0.9600682201539498,0.971187302370142,0.9919704861111112,0.10759450597885323,0.01
value_constant,4000,ood_dev,19,4096,3820,3933,77069,77824,0.9326171875,0.9245276830494434,0.9398959868891058,0.960205078125,0.9537747892075905,0.9657729635204937,0.9902986225328947,0.12503673145759464,0.01
value_constant,4000,ood_dev,20,4096,3777,3909,80978,81920,0.922119140625,0.913511081106035,0.9299361679480009,0.954345703125,0.947516451879336,0.9603235310527409,0.9885009765625,0.14492305291632768,0.01
value_constant,4000,ood_dev,21,4096,3719,3872,84850,86016,0.907958984375,0.8987196023793654,0.9164338696676525,0.9453125,0.9379229636648263,0.951867540831739,0.9864443824404762,0.1750993568965793,0.01
value_constant,4000,ood_dev,22,4096,3666,3854,88704,90112,0.89501953125,0.8852592531857103,0.9040395605617911,0.94091796875,0.9332758337542256,0.9477338433953341,0.984375,0.19968496405734548,0.01
value_constant,4000,ood_dev,23,4096,3609,3789,92493,94208,0.881103515625,0.8708325325922874,0.8906603278896965,0.925048828125,0.916580713871883,0.9327204200801565,0.981795601222826,0.24293371665845775,0.01
value_constant,4000,ood_dev,24,4096,3543,3760,96253,98304,0.864990234375,0.8541821504695758,0.8751143430733875,0.91796875,0.9091682131124504,0.9259860323360801,0.9791361490885416,0.26790706645383633,0.01
value_constant,4000,ood_dev,25,4096,3486,3740,99993,102400,0.85107421875,0.8398426474121886,0.861647892865257,0.9130859375,0.9040670637073458,0.9213307069111787,0.976494140625,0.3055169056527287,0.01
value_constant,4000,ood_dev,26,4096,3404,3677,103670,106496,0.8310546875,0.819270593124671,0.8422184003497494,0.897705078125,0.8880490046308186,0.9066158702731862,0.9734637920673077,0.353907996836452,0.01
value_constant,4000,ood_dev,27,4096,3343,3653,107323,110592,0.816162109375,0.8040052962788398,0.8277264489640617,0.891845703125,0.8819647321995695,0.900992372908428,0.9704408998842593,0.3940348552745432,0.01
value_constant,4000,ood_dev,28,4096,3276,3606,110929,114688,0.7998046875,0.7872720401787817,0.8117755143835989,0.88037109375,0.8700745010385601,0.8899548882189229,0.96722412109375,0.4370757357299784,0.01
value_constant,4000,ood_dev,29,4096,3204,3570,114499,118784,0.7822265625,0.7693255758783047,0.7945986692960535,0.87158203125,0.8609872046321483,0.8814805299313235,0.9639261179956896,0.47852994972708096,0.01
value_constant,4000,ood_dev,30,4096,3136,3539,118038,122880,0.765625,0.7524070630903589,0.7783451676619783,0.864013671875,0.8531747138939877,0.8741704846829744,0.960595703125,0.522663913314509,0.01
value_constant,4000,ood_dev,31,4096,3068,3498,121536,126976,0.7490234375,0.7355162872612936,0.7620639290690226,0.85400390625,0.8428586322184356,0.8644857929570139,0.9571572580645161,0.5792899756449632,0.01
value_constant,4000,ood_dev,32,4096,3010,3463,124999,131072,0.73486328125,0.721129952394745,0.7481564869285533,0.845458984375,0.8340660400464522,0.8562045541764863,0.9536666870117188,0.6103030896255577,0.01
value_constant,4000,ood_dev,33,4096,2945,3421,128420,135168,0.718994140625,0.7050284797922702,0.7325494163335079,0.835205078125,0.8235304560358756,0.8462515410440499,0.9500769412878788,0.6623989867539741,0.01
value_constant,4000,ood_dev,34,4096,2882,3398,131818,139264,0.70361328125,0.6894426863726929,0.7174023140385656,0.82958984375,0.8177677129585759,0.8407943380668426,0.946533203125,0.7116219993384432,0.01
value_constant,4000,ood_dev,35,4096,2821,3337,135155,143360,0.688720703125,0.6743697906787975,0.702717961500942,0.814697265625,0.8025054131034257,0.8262993896904738,0.9427664620535714,0.7721630861951985,0.01
value_constant,4000,ood_dev,36,4096,2769,3341,138496,147456,0.676025390625,0.6615342811163601,0.6901866365053634,0.815673828125,0.803505304014572,0.8272507937453287,0.9392361111111112,0.7856582055570192,0.01
value_constant,4500,dev,1,4096,4096,4096,4096,4096,1.0,0.9990630225926348,0.9999999999999999,1.0,0.9990630225926348,0.9999999999999999,1.0,0.00014540478102453847,0.01
value_constant,4500,dev,2,4096,4096,4096,8192,8192,1.0,0.9990630225926348,0.9999999999999999,1.0,0.9990630225926348,0.9999999999999999,1.0,0.00010664608033605916,0.01
value_constant,4500,dev,3,4096,4096,4096,12288,12288,1.0,0.9990630225926348,0.9999999999999999,1.0,0.9990630225926348,0.9999999999999999,1.0,0.00011810270586343208,0.01
value_constant,4500,dev,4,4096,4096,4096,16384,16384,1.0,0.9990630225926348,0.9999999999999999,1.0,0.9990630225926348,0.9999999999999999,1.0,0.00015107652817603068,0.01
value_constant,4500,dev,5,4096,4096,4096,20480,20480,1.0,0.9990630225926348,0.9999999999999999,1.0,0.9990630225926348,0.9999999999999999,1.0,0.00025819019029338364,0.01
value_constant,4500,dev,6,4096,4095,4095,24575,24576,0.999755859375,0.9986182969663738,0.9999569018847606,0.999755859375,0.9986182969663738,0.9999569018847606,0.9999593098958334,0.0006915584124262963,0.01
value_constant,4500,dev,7,4096,4092,4092,28667,28672,0.9990234375,0.9974915571936952,0.9996201704329383,0.9990234375,0.9974915571936952,0.9996201704329383,0.9998256138392857,0.0021318778847345676,0.01
value_constant,4500,dev,8,4096,4092,4094,32761,32768,0.9990234375,0.9974915571936952,0.9996201704329383,0.99951171875,0.9982212896544476,0.9998660854551866,0.999786376953125,0.002571415489955431,0.01
value_constant,4500,dev,9,4096,4090,4092,36853,36864,0.99853515625,0.9968075986857966,0.9993284814578364,0.9990234375,0.9974915571936952,0.9996201704329383,0.9997016059027778,0.0054359310808136385,0.01
value_constant,4500,dev,10,4096,4085,4088,40941,40960,0.997314453125,0.9951972177470491,0.9984997436890822,0.998046875,0.9961504506055915,0.9990099820550408,0.9995361328125,0.006630775165786584,0.01
value_constant,4500,dev,11,4096,4084,4092,45033,45056,0.9970703125,0.9948858699188933,0.9983232677757378,0.9990234375,0.9974915571936952,0.9996201704329383,0.9994895241477273,0.006951333061544496,0.01
value_constant,4500,dev,12,4096,4068,4076,49109,49152,0.9931640625,0.9901378308615215,0.9952661269691047,0.9951171875,0.9924697076331114,0.9968368401295172,0.9991251627604166,0.013936812392210562,0.01
value_constant,4500,ood_dev,1,4096,4096,4096,4096,4096,1.0,0.9990630225926348,0.9999999999999999,1.0,0.9990630225926348,0.9999999999999999,1.0,0.00014564431576857828,0.01
value_constant,4500,ood_dev,2,4096,4096,4096,8192,8192,1.0,0.9990630225926348,0.9999999999999999,1.0,0.9990630225926348,0.9999999999999999,1.0,0.00010598813304563137,0.01
value_constant,4500,ood_dev,3,4096,4096,4096,12288,12288,1.0,0.9990630225926348,0.9999999999999999,1.0,0.9990630225926348,0.9999999999999999,1.0,0.0001180064262809033,0.01
value_constant,4500,ood_dev,4,4096,4096,4096,16384,16384,1.0,0.9990630225926348,0.9999999999999999,1.0,0.9990630225926348,0.9999999999999999,1.0,0.00015339582509854566,0.01
value_constant,4500,ood_dev,5,4096,4096,4096,20480,20480,1.0,0.9990630225926348,0.9999999999999999,1.0,0.9990630225926348,0.9999999999999999,1.0,0.00020140726137229947,0.01
value_constant,4500,ood_dev,6,4096,4096,4096,24576,24576,1.0,0.9990630225926348,0.9999999999999999,1.0,0.9990630225926348,0.9999999999999999,1.0,0.00034499096670970175,0.01
value_constant,4500,ood_dev,7,4096,4096,4096,28672,28672,1.0,0.9990630225926348,0.9999999999999999,1.0,0.9990630225926348,0.9999999999999999,1.0,0.0008365229408551222,0.01
value_constant,4500,ood_dev,8,4096,4094,4094,32766,32768,0.99951171875,0.9982212896544476,0.9998660854551866,0.99951171875,0.9982212896544476,0.9998660854551866,0.99993896484375,0.0015621426400866945,0.01
value_constant,4500,ood_dev,9,4096,4091,4091,36857,36864,0.998779296875,0.997145424476127,0.9994784794090062,0.998779296875,0.997145424476127,0.9994784794090062,0.9998101128472222,0.0037261972814968125,0.01
value_constant,4500,ood_dev,10,4096,4086,4090,40947,40960,0.99755859375,0.9955114747539533,0.9986733104236785,0.99853515625,0.9968075986857966,0.9993284814578364,0.9996826171875,0.0044835182439180166,0.01
value_constant,4500,ood_dev,11,4096,4073,4080,45027,45056,0.994384765625,0.991587789433178,0.9962552871049496,0.99609375,0.9936637657680687,0.9975940769605611,0.9993563565340909,0.0110986954955683,0.01
value_constant,4500,ood_dev,12,4096,4065,4077,49104,49152,0.992431640625,0.9892775496501616,0.9946629369559636,0.995361328125,0.9927660832938955,0.9970282882102334,0.9990234375,0.015802657808363207,0.01
value_constant,4500,ood_dev,13,4096,4051,4068,53172,53248,0.989013671875,0.9853320021138738,0.991778952111247,0.9931640625,0.9901378308615215,0.9952661269691047,0.9985727163461539,0.021324715619489343,0.01
value_constant,4500,ood_dev,14,4096,4028,4053,57225,57344,0.9833984375,0.9790082213211099,0.9868827868495039,0.989501953125,0.9858899643168433,0.9921966373912783,0.9979248046875,0.027097289433684946,0.01
value_constant,4500,ood_dev,15,4096,4001,4036,61261,61440,0.976806640625,0.9717309295309884,0.9809888376191169,0.9853515625,0.9811912611355577,0.9886023369670586,0.9970865885416667,0.0445741127857775,0.01
value_constant,4500,ood_dev,16,4096,3970,4018,65279,65536,0.96923828125,0.9634948720671381,0.9741023590964577,0.98095703125,0.9762985198015777,0.984714250954033,0.9960784912109375,0.059259959188992184,0.01
value_constant,4500,ood_dev,17,4096,3935,4004,69283,69632,0.960693359375,0.9542977984787171,0.9662256017323678,0.9775390625,0.9725338897863597,0.9816493485882466,0.9949879365808824,0.06768759937257629,0.01
value_constant,4500,ood_dev,18,4096,3900,3980,73263,73728,0.9521484375,0.9451772774654191,0.9582722917931549,0.9716796875,0.9661407428071721,0.9763347257714267,0.9936930338541666,0.08351097881910885,0.01
value_constant,4500,ood_dev,19,4096,3863,3954,77217,77824,0.943115234375,0.935597920457735,0.9498021703653275,0.96533203125,0.9592793468139419,0.9705127044856489,0.992200349506579,0.11193101088055846,0.01
value_constant,4500,ood_dev,20,4096,3821,3937,81154,81920,0.932861328125,0.9247844761276197,0.9401270175524298,0.961181640625,0.9548210542172663,0.9666779934768192,0.9906494140625,0.1294108356881507,0.01
value_constant,4500,ood_dev,21,4096,3775,3908,85062,86016,0.921630859375,0.9129998108302356,0.9294717907407996,0.9541015625,0.947256349406498,0.9600958097840784,0.9889090401785714,0.1504533194647033,0.01
value_constant,4500,ood_dev,22,4096,3736,3891,88953,90112,0.912109375,0.9030478297998547,0.9203986458526686,0.949951171875,0.9428418769954561,0.9562172785896152,0.9871382279829546,0.1713665016624133,0.01
value_constant,4500,ood_dev,23,4096,3689,3871,92824,94208,0.900634765625,0.8910946270548497,0.909424132747159,0.945068359375,0.9376644744381794,0.9516382063168857,0.9853091032608695,0.1831574709424575,0.01
value_constant,4500,ood_dev,24,4096,3648,3849,96673,98304,0.890625,0.8806982972702632,0.8998196891302327,0.939697265625,0.9319870061829958,0.9465835522590624,0.9834086100260416,0.20670694264436573,0.01
value_constant,4500,ood_dev,25,4096,3587,3817,100490,102400,0.875732421875,0.8652763775266004,0.8854843606423766,0.931884765625,0.9237574760767748,0.9392027226372734,0.98134765625,0.23741571067592915,0.01
value_constant,4500,ood_dev,26,4096,3536,3794,104284,106496,0.86328125,0.8524192551723534,0.8734624721801078,0.92626953125,0.9178607737962339,0.9338794788633074,0.9792292668269231,0.25947868985863654,0.01
value_constant,4500,ood_dev,27,4096,3481,3753,108037,110592,0.849853515625,0.8385864177487751,0.8604650038211691,0.916259765625,0.9073818457534903,0.924357633504538,0.9768970630787037,0.3009612414009686,0.01
value_constant,4500,ood_dev,28,4096,3421,3710,111747,114688,0.835205078125,0.8235304560358756,0.8462515410440499,0.90576171875,0.8964304105240852,0.9143326478494298,0.9743565150669643,0.3467556582219804,0.01
value_constant,4500,ood_dev,29,4096,3364,3684,115431,118784,0.8212890625,0.8092571256308778,0.8327189181835302,0.8994140625,0.8898253259774954,0.9082543151170116,0.9717722925646551,0.380170910342323,0.01
value_constant,4500,ood_dev,30,4096,3319,3656,119087,122880,0.810302734375,0.798007430069397,0.8220165453774969,0.892578125,0.8827247749340756,0.9016958013984229,0.9691324869791667,0.39571736499627086,0.01
value_constant,4500,ood_dev,31,4096,3260,3627,122714,126976,0.7958984375,0.7832808740198811,0.8079615006784946,0.885498046875,0.8753832915554963,0.894890396273493,0.9664346018145161,0.4258558065804592,0.01
value_constant,4500,ood_dev,32,4096,3203,3609,126323,131072,0.781982421875,0.7690765629995623,0.7943598584332957,0.881103515625,0.8708325325922874,0.8906603278896965,0.9637680053710938,0.44874828514883625,0.01
value_constant,4500,ood_dev,33,4096,3150,3572,129895,135168,0.76904296875,0.7558879510622241,0.7816938120711174,0.8720703125,0.86149162812159,0.8819517539248823,0.960989287405303,0.48533053936864157,0.01
value_constant,4500,ood_dev,34,4096,3090,3529,133424,139264,0.75439453125,0.7409780360235553,0.7673343026197678,0.861572265625,0.850656909717935,0.871810051444024,0.9580652573529411,0.5306412554830957,0.01
value_constant,4500,ood_dev,35,4096,3043,3528,136952,143360,0.742919921875,0.7293130349326771,0.7560715878601314,0.861328125,0.8504051904661915,0.8715739469542673,0.9553013392857143,0.5544099941170115,0.01
value_constant,4500,ood_dev,36,4096,2967,3456,140408,147456,0.724365234375,0.7104757793380017,0.7378342391007833,0.84375,0.8323089646819845,0.8545468633504519,0.9522026909722222,0.6205342538369734,0.01
value_constant,5000,dev,1,102400,102400,102400,102400,102400,1.0,0.9999624871609701,1.0,1.0,0.9999624871609701,1.0,1.0,9.019899980742707e-05,0.01
value_constant,5000,dev,2,102400,102400,102400,204800,204800,1.0,0.9999624871609701,1.0,1.0,0.9999624871609701,1.0,1.0,6.296932294807433e-05,0.01
value_constant,5000,dev,3,102400,102400,102400,307200,307200,1.0,0.9999624871609701,1.0,1.0,0.9999624871609701,1.0,1.0,7.98301966541004e-05,0.01
value_constant,5000,dev,4,102400,102400,102400,409600,409600,1.0,0.9999624871609701,1.0,1.0,0.9999624871609701,1.0,1.0,0.00011158156790712859,0.01
value_constant,5000,dev,5,102400,102397,102397,511997,512000,0.999970703125,0.9999138592392058,0.9999900363697822,0.999970703125,0.9999138592392058,0.9999900363697822,0.999994140625,0.0002520900275712723,0.01
value_constant,5000,dev,6,102400,102395,102396,614393,614400,0.999951171875,0.9998856912053655,0.9999791433689678,0.9999609375,0.9998995558365923,0.9999848092550684,0.9999886067708333,0.00039607383530094965,0.01
value_constant,5000,dev,7,102400,102374,102376,716769,716800,0.99974609375,0.9996279799998077,0.999826713710651,0.999765625,0.9996512662615883,0.999842488483525,0.9999567522321429,0.0008574271619756412,0.01
value_constant,5000,dev,8,102400,102335,102346,819115,819200,0.999365234375,0.9991911066054158,0.9995018969292757,0.99947265625,0.99931206478972,0.9995957744355726,0.999896240234375,0.001908797476049422,0.01
value_constant,5000,dev,9,102400,102235,102267,921382,921600,0.998388671875,0.9981236070017635,0.9986163448001918,0.998701171875,0.998461083452209,0.9989038449042218,0.9997634548611111,0.004006632311795002,0.01
value_constant,5000,dev,10,102400,102096,102174,1023556,1024000,0.99703125,0.9966788636391924,0.9973463462542594,0.99779296875,0.9974862708390886,0.9980623194058975,0.99956640625,0.0066308883607104005,0.01
value_constant,5000,dev,11,102400,101859,101993,1125549,1126400,0.994716796875,0.9942538454738625,0.9951426318130043,0.996025390625,0.9956209692244531,0.9963925973842802,0.9992444957386364,0.011418173504443088,0.01
value_constant,5000,dev,12,102400,101540,101783,1227332,1228800,0.9916015625,0.9910238864769327,0.9921423557825053,0.993974609375,0.9934817257749489,0.9944304321950386,0.9988053385416666,0.016946177053610356,0.01
value_constant,5000,ood_dev,1,102400,102400,102400,102400,102400,1.0,0.9999624871609701,1.0,1.0,0.9999624871609701,1.0,1.0,9.002534623427039e-05,0.01
value_constant,5000,ood_dev,2,102400,102400,102400,204800,204800,1.0,0.9999624871609701,1.0,1.0,0.9999624871609701,1.0,1.0,6.34514112215534e-05,0.01
value_constant,5000,ood_dev,3,102400,102400,102400,307200,307200,1.0,0.9999624871609701,1.0,1.0,0.9999624871609701,1.0,1.0,7.99239431379739e-05,0.01
value_constant,5000,ood_dev,4,102400,102399,102399,409599,409600,0.999990234375,0.9999446805183295,0.9999982761253133,0.999990234375,0.9999446805183295,0.9999982761253133,0.99999755859375,0.00013174037761681134,0.01
value_constant,5000,ood_dev,5,102400,102394,102394,511993,512000,0.99994140625,0.9998721583660714,0.9999731456909345,0.99994140625,0.9998721583660714,0.9999731456909345,0.999986328125,0.00025808041299164587,0.01
value_constant,5000,ood_dev,6,102400,102385,102390,614383,614400,0.999853515625,0.9997583066269857,0.9999112227740738,0.99990234375,0.9998202295599984,0.9999469524276979,0.9999723307291667,0.0004870705048661783,0.01
value_constant,5000,ood_dev,7,102400,102367,102375,716758,716800,0.999677734375,0.9995474707523628,0.9997705093368041,0.999755859375,0.9996396050278641,0.999834619199922,0.99994140625,0.0010966999547574118,0.01
value_constant,5000,ood_dev,8,102400,102329,102347,819105,819200,0.999306640625,0.9991256059557884,0.9994502144749388,0.999482421875,0.9993231258054708,0.9996042439371492,0.999884033203125,0.002050862094422028,0.01
value_constant,5000,ood_dev,9,102400,102238,102281,921386,921600,0.99841796875,0.998155136107725,0.9986434072462123,0.998837890625,0.9986096699697344,0.9990286856292794,0.9997677951388889,0.003749213315945239,0.01
value_constant,5000,ood_dev,10,102400,102083,102169,1023555,1024000,0.996904296875,0.9965448977635999,0.9972264154045963,0.997744140625,0.9974342963263102,0.9980166413320392,0.9995654296875,0.006901363706911745,0.01
value_constant,5000,ood_dev,11,102400,101876,102028,1125583,1126400,0.9948828125,0.9944268436813096,0.9953016524001222,0.9963671875,0.9959796110579461,0.9967175236572451,0.9992746803977273,0.011203050268842345,0.01
value_constant,5000,ood_dev,12,102400,101567,101825,1227408,1228800,0.991865234375,0.9912963140296508,0.992397252197626,0.994384765625,0.993908175618394,0.9948242640793427,0.9988671875,0.016468721783821413,0.01
value_constant,5000,ood_dev,13,102400,101189,101580,1328988,1331200,0.988173828125,0.9874931542917645,0.9888178763857692,0.9919921875,0.9914275347232421,0.9925199282292906,0.9983383413461538,0.024523784673137046,0.01
value_constant,5000,ood_dev,14,102400,100637,101162,1430150,1433600,0.982783203125,0.9819681863899133,0.9835619987229164,0.98791015625,0.9872222442750236,0.9885614624346715,0.9975934709821429,0.03508496328272802,0.01
value_constant,5000,ood_dev,15,102400,100025,100794,1530944,1536000,0.976806640625,0.9758666971380244,0.9777108113704592,0.98431640625,0.9835370292713727,0.9850594470618531,0.9967083333333333,0.04735880656956531,0.01
value_constant,5000,ood_dev,16,102400,99279,100307,1631251,1638400,0.969521484375,0.9684508761830047,0.9705568663992662,0.979560546875,0.9786757274805529,0.9804093869142472,0.9956365966796875,0.06254179436517399,0.01
value_constant,5000,ood_dev,17,102400,98461,99847,1731098,1740800,0.961533203125,0.9603378443003873,0.9626939351081011,0.975068359375,0.9740954168934326,0.9760056595307804,0.994426700367647,0.07903749440190447,0.01
value_constant,5000,ood_dev,18,102400,97484,99208,1830306,1843200,0.9519921875,0.9506657515150689,0.9532847124645862,0.968828125,0.9677460173101301,0.9698750585418984,0.9930045572916667,0.09866708001556176,0.01
value_constant,5000,ood_dev,19,102400,96529,98635,1928941,1945600,0.942666015625,0.941225428012377,0.9440733919196466,0.963232421875,0.9620622887557743,0.9643678006676754,0.9914376027960526,0.11941652640288598,0.01
value_constant,5000,ood_dev,20,102400,95487,98047,2026988,2048000,0.932490234375,0.9309372024299047,0.9340108184470071,0.957490234375,0.9562372863036902,0.9587088589312701,0.989740234375,0.1421741420448226,0.01
value_constant,5000,ood_dev,21,102400,94345,97389,2124377,2150400,0.921337890625,0.9196731551978518,0.9229710148912119,0.951064453125,0.9497261066462119,0.9523689581873436,0.9878985305059523,0.16615930250359484,0.01
value_constant,5000,ood_dev,22,102400,93155,96687,2221064,2252800,0.909716796875,0.9079460793457635,0.9114567751237382,0.944208984375,0.9427864783133351,0.9455981633564119,0.9859126420454546,0.19143788788683871,0.01
value_constant,5000,ood_dev,23,102400,91893,95903,2316967,2355200,0.897392578125,0.895519076670654,0.899236264931716,0.936552734375,0.9350432588393813,0.9380294572457133,0.9837665591032608,0.22178604907703073,0.01
value_constant,5000,ood_dev,24,102400,90630,95233,2412200,2457600,0.88505859375,0.8830905920359866,0.8869977061819243,0.930009765625,0.9284309348391294,0.9315563346366323,0.9815266927083334,0.2537645191051688,0.01
value_constant,5000,ood_dev,25,102400,89311,94504,2506704,2560000,0.872177734375,0.8701187139369988,0.874208831926121,0.922890625,0.9212408097331031,0.924508712611011,0.97918125,0.28240123229706204,0.01
value_constant,5000,ood_dev,26,102400,87982,93714,2600418,2662400,0.85919921875,0.8570554080849568,0.8613160802500979,0.91517578125,0.913453651995793,0.9168667616597046,0.9767195012019231,0.31626100048832284,0.01
value_constant,5000,ood_dev,27,102400,86563,92865,2693283,2764800,0.845341796875,0.8431142178863381,0.8475434663611888,0.906884765625,0.9050896155146655,0.9086493889299012,0.9741330295138889,0.35139223146943377,0.01
value_constant,5000,ood_dev,28,102400,85129,92082,2785365,2867200,0.831337890625,0.8290319868047997,0.8336189355952892,0.89923828125,0.8973796080132315,0.9010670013640103,0.9714582170758929,0.3877351336239233,0.01
value_constant,5000,ood_dev,29,102400,83626,91167,2876532,2969600,0.81666015625,0.8142782982299784,0.8190182566270844,0.890302734375,0.8883739718395357,0.892202214183169,0.9686597521551724,0.4286763802731092,0.01
value_constant,5000,ood_dev,30,102400,82179,90373,2966905,3072000,0.802529296875,0.8000797081228006,0.8049561881615683,0.882548828125,0.8805625112120505,0.8845064440527284,0.9657893880208334,0.4639986505701749,0.01
value_constant,5000,ood_dev,31,102400,80686,89475,3056380,3174400,0.78794921875,0.7854348277998145,0.790442006114802,0.873779296875,0.8717312027127505,0.8757993479920566,0.9628213205645161,0.5057564849258603,0.01
value_constant,5000,ood_dev,32,102400,79171,88703,3145083,3276800,0.773154296875,0.7705790239277822,0.7757090762358799,0.866240234375,0.8641416144232386,0.8683113769048445,0.9598031616210938,0.5464136724849754,0.01
value_constant,5000,ood_dev,33,102400,77745,87944,3233027,3379200,0.759228515625,0.7566001153842239,0.761837467070619,0.858828125,0.8566819836424445,0.8609473450341706,0.9567433120265152,0.5865454521200907,0.01
value_constant,5000,ood_dev,34,102400,76273,87017,3320044,3481600,0.744853515625,0.742174259739706,0.747514401209259,0.849775390625,0.8475739013839891,0.8519506377301604,0.9535971966911765,0.6292700370128772,0.01
value_constant,5000,ood_dev,35,102400,74790,86249,3406293,3584000,0.73037109375,0.727644466127564,0.7330804376249219,0.842275390625,0.8400301410219425,0.8444949607847926,0.9504165736607143,0.6712191182166555,0.01
value_constant,5000,ood_dev,36,102400,73282,85413,3491706,3686400,0.71564453125,0.7128735027957944,0.7183993808270288,0.834111328125,0.8318204631690369,0.836377126152023,0.9471858723958333,0.7161003017963793,0.01
value_constant,5500,dev,1,4096,4096,4096,4096,4096,1.0,0.9990630225926348,0.9999999999999999,1.0,0.9990630225926348,0.9999999999999999,1.0,6.538635684227856e-05,0.01
value_constant,5500,dev,2,4096,4096,4096,8192,8192,1.0,0.9990630225926348,0.9999999999999999,1.0,0.9990630225926348,0.9999999999999999,1.0,4.894858893944587e-05,0.01
value_constant,5500,dev,3,4096,4096,4096,12288,12288,1.0,0.9990630225926348,0.9999999999999999,1.0,0.9990630225926348,0.9999999999999999,1.0,6.315748793017661e-05,0.01
value_constant,5500,dev,4,4096,4096,4096,16384,16384,1.0,0.9990630225926348,0.9999999999999999,1.0,0.9990630225926348,0.9999999999999999,1.0,8.220205543563175e-05,0.01
value_constant,5500,dev,5,4096,4096,4096,20480,20480,1.0,0.9990630225926348,0.9999999999999999,1.0,0.9990630225926348,0.9999999999999999,1.0,0.00010374603130003379,0.01
value_constant,5500,dev,6,4096,4096,4096,24576,24576,1.0,0.9990630225926348,0.9999999999999999,1.0,0.9990630225926348,0.9999999999999999,1.0,0.00029517815691448845,0.01
value_constant,5500,dev,7,4096,4096,4096,28672,28672,1.0,0.9990630225926348,0.9999999999999999,1.0,0.9990630225926348,0.9999999999999999,1.0,0.0006246311170596819,0.01
value_constant,5500,dev,8,4096,4095,4095,32767,32768,0.999755859375,0.9986182969663738,0.9999569018847606,0.999755859375,0.9986182969663738,0.9999569018847606,0.999969482421875,0.0011446950235487474,0.01
value_constant,5500,dev,9,4096,4091,4091,36858,36864,0.998779296875,0.997145424476127,0.9994784794090062,0.998779296875,0.997145424476127,0.9994784794090062,0.9998372395833334,0.0037340259635652018,0.01
value_constant,5500,dev,10,4096,4087,4091,40949,40960,0.997802734375,0.9958290482073086,0.9988435607118235,0.998779296875,0.997145424476127,0.9994784794090062,0.9997314453125,0.004797136449773198,0.01
value_constant,5500,dev,11,4096,4080,4086,45035,45056,0.99609375,0.9936637657680687,0.9975940769605611,0.99755859375,0.9955114747539533,0.9986733104236785,0.9995339133522727,0.008840639779023718,0.01
value_constant,5500,dev,12,4096,4068,4074,49109,49152,0.9931640625,0.9901378308615215,0.9952661269691047,0.99462890625,0.9918806406223304,0.9964502596572975,0.9991251627604166,0.012493772974671247,0.01
value_constant,5500,ood_dev,1,4096,4096,4096,4096,4096,1.0,0.9990630225926348,0.9999999999999999,1.0,0.9990630225926348,0.9999999999999999,1.0,6.453710873710605e-05,0.01
value_constant,5500,ood_dev,2,4096,4096,4096,8192,8192,1.0,0.9990630225926348,0.9999999999999999,1.0,0.9990630225926348,0.9999999999999999,1.0,4.927514278274536e-05,0.01
value_constant,5500,ood_dev,3,4096,4096,4096,12288,12288,1.0,0.9990630225926348,0.9999999999999999,1.0,0.9990630225926348,0.9999999999999999,1.0,5.8300565362046086e-05,0.01
value_constant,5500,ood_dev,4,4096,4096,4096,16384,16384,1.0,0.9990630225926348,0.9999999999999999,1.0,0.9990630225926348,0.9999999999999999,1.0,7.659507504031993e-05,0.01
value_constant,5500,ood_dev,5,4096,4096,4096,20480,20480,1.0,0.9990630225926348,0.9999999999999999,1.0,0.9990630225926348,0.9999999999999999,1.0,0.00010610976104419301,0.01
value_constant,5500,ood_dev,6,4096,4096,4096,24576,24576,1.0,0.9990630225926348,0.9999999999999999,1.0,0.9990630225926348,0.9999999999999999,1.0,0.00024302778081874976,0.01
value_constant,5500,ood_dev,7,4096,4096,4096,28672,28672,1.0,0.9990630225926348,0.9999999999999999,1.0,0.9990630225926348,0.9999999999999999,1.0,0.0006295812643541954,0.01
value_constant,5500,ood_dev,8,4096,4095,4095,32767,32768,0.999755859375,0.9986182969663738,0.9999569018847606,0.999755859375,0.9986182969663738,0.9999569018847606,0.999969482421875,0.0017150038500490794,0.01
value_constant,5500,ood_dev,9,4096,4089,4089,36856,36864,0.998291015625,0.9964763422189936,0.9991719141831389,0.998291015625,0.9964763422189936,0.9991719141831389,0.9997829861111112,0.004505267021359671,0.01
value_constant,5500,ood_dev,10,4096,4086,4090,40946,40960,0.99755859375,0.9955114747539533,0.9986733104236785,0.99853515625,0.9968075986857966,0.9993284814578364,0.999658203125,0.005002468320861819,0.01
value_constant,5500,ood_dev,11,4096,4078,4081,45027,45056,0.99560546875,0.9930638103960733,0.9972183848495558,0.996337890625,0.9939662587473084,0.9977794077228217,0.9993563565340909,0.009903833198991574,0.01
value_constant,5500,ood_dev,12,4096,4068,4073,49100,49152,0.9931640625,0.9901378308615215,0.9952661269691047,0.994384765625,0.991587789433178,0.9962552871049496,0.9989420572916666,0.016968325566273368,0.01
value_constant,5500,ood_dev,13,4096,4047,4055,53155,53248,0.988037109375,0.9842206673133682,0.9909389919457514,0.989990234375,0.9864495949105299,0.9926126542805922,0.9982534555288461,0.025514621435538176,0.01
value_constant,5500,ood_dev,14,4096,4020,4042,57197,57344,0.9814453125,0.9768389428205996,0.9851494754180116,0.98681640625,0.9828391999625007,0.9898813405891173,0.9974365234375,0.03222885844844847,0.01
value_constant,5500,ood_dev,15,4096,4004,4039,61236,61440,0.9775390625,0.9725338897863597,0.9816493485882466,0.986083984375,0.9820139840883064,0.9892430852388108,0.9966796875,0.0414214150689034,0.01
value_constant,5500,ood_dev,16,4096,3968,4016,65252,65536,0.96875,0.9629667829716362,0.9736548007089589,0.98046875,0.9757587986106162,0.9842783246619937,0.99566650390625,0.05655268191000151,0.01
value_constant,5500,ood_dev,17,4096,3941,3999,69251,69632,0.962158203125,0.9558683230202784,0.9675820196398083,0.976318359375,0.9711962850581976,0.9805478346089073,0.9945283777573529,0.0771784762681289,0.01
value_constant,5500,ood_dev,18,4096,3913,3984,73235,73728,0.955322265625,0.9485573633564719,0.9612339145416062,0.97265625,0.9672017903723954,0.9772249731722046,0.9933132595486112,0.09315436581916359,0.01
value_constant,5500,ood_dev,19,4096,3890,3981,77216,77824,0.94970703125,0.9425826106663004,0.9559887211772704,0.971923828125,0.9664058535023272,0.976557438817772,0.9921875,0.09866133697882895,0.01
value_constant,5500,ood_dev,20,4096,3846,3948,81164,81920,0.93896484375,0.9312141146512992,0.945892972566258,0.9638671875,0.957703572334836,0.9691615365157528,0.990771484375,0.12001430486536124,0.01
value_constant,5500,ood_dev,21,4096,3802,3930,85094,86016,0.92822265625,0.9199101986690307,0.935732643922513,0.95947265625,0.9529907280310358,0.9650935534725474,0.9892810639880952,0.13145471900925232,0.01
value_constant,5500,ood_dev,22,4096,3751,3891,88985,90112,0.915771484375,0.9068716487271989,0.9238921830478289,0.949951171875,0.9428418769954561,0.9562172785896152,0.9874933416193182,0.1636319018556831,0.01
value_constant,5500,ood_dev,23,4096,3703,3872,92857,94208,0.904052734375,0.8946509509932163,0.9126973411897967,0.9453125,0.9379229636648263,0.951867540831739,0.9856593919836957,0.18261065407433952,0.01
value_constant,5500,ood_dev,24,4096,3663,3865,96722,98304,0.894287109375,0.8844987461372489,0.9033365963857516,0.943603515625,0.9361143355517366,0.9502614027543265,0.9839070638020834,0.20027738284501595,0.01
value_constant,5500,ood_dev,25,4096,3605,3821,100543,102400,0.880126953125,0.8698218505154235,0.889719715000559,0.932861328125,0.9247844761276197,0.9401270175524298,0.981865234375,0.2421038711558101,0.01
value_constant,5500,ood_dev,26,4096,3551,3774,104317,106496,0.866943359375,0.8561975725255366,0.8770015109494291,0.92138671875,0.9127442108350373,0.9292395669944976,0.9795391376201923,0.275943155941925,0.01
value_constant,5500,ood_dev,27,4096,3501,3757,108074,110592,0.854736328125,0.8436128595565577,0.8651950368433927,0.917236328125,0.9084024969702716,0.9252882772537582,0.9772316261574074,0.3012088131819628,0.01
value_constant,5500,ood_dev,28,4096,3457,3739,111813,114688,0.843994140625,0.8325599467789287,0.8547837049950079,0.912841796875,0.9038122249393785,0.9210977219376457,0.9749319893973214,0.32872802518099853,0.01
value_constant,5500,ood_dev,29,4096,3395,3700,115513,118784,0.828857421875,0.8170163886865339,0.8400821911143835,0.9033203125,0.8938885935671609,0.9119962273913512,0.9724626212284483,0.36517108005524634,0.01
value_constant,5500,ood_dev,30,4096,3334,3651,119164,122880,0.81396484375,0.8017555764603912,0.8255857551090073,0.891357421875,0.8814581130076249,0.9005233446173719,0.9697591145833333,0.4094774220458324,0.01
value_constant,5500,ood_dev,31,4096,3273,3615,122779,126976,0.799072265625,0.7865235591268509,0.8110605242110287,0.882568359375,0.8723489588346361,0.8920708440963495,0.9669465095766129,0.4546158559802298,0.01
value_constant,5500,ood_dev,32,4096,3214,3593,126372,131072,0.78466796875,0.7718160622152588,0.7969864203741026,0.877197265625,0.8667910696215887,0.8868966109963902,0.964141845703125,0.4902197982207297,0.01
value_constant,5500,ood_dev,33,4096,3145,3543,129915,135168,0.767822265625,0.754644640841801,0.780498003584039,0.864990234375,0.8541821504695758,0.8751143430733875,0.9611372514204546,0.5170426838699169,0.01
value_constant,5500,ood_dev,34,4096,3099,3535,133450,139264,0.756591796875,0.7432131810659658,0.7694895712508599,0.863037109375,0.8521674580739187,0.8732264455370422,0.958251953125,0.5553914306890271,0.01
value_constant,5500,ood_dev,35,4096,3047,3510,136960,143360,0.743896484375,0.7303053240053347,0.757030593753475,0.85693359375,0.8458761055974846,0.8673222044759685,0.9553571428571429,0.6062978419161316,0.01
value_constant,5500,ood_dev,36,4096,2989,3475,140435,147456,0.729736328125,0.7159255504204031,0.7431165903313887,0.848388671875,0.8370792714105819,0.8590452077103603,0.9523857964409722,0.646069739231462,0.01
value_constant,6000,dev,1,4096,4096,4096,4096,4096,1.0,0.9990630225926348,0.9999999999999999,1.0,0.9990630225926348,0.9999999999999999,1.0,5.1826066670201953e-05,0.01
value_constant,6000,dev,2,4096,4096,4096,8192,8192,1.0,0.9990630225926348,0.9999999999999999,1.0,0.9990630225926348,0.9999999999999999,1.0,4.33640179104966e-05,0.01
value_constant,6000,dev,3,4096,4096,4096,12288,12288,1.0,0.9990630225926348,0.9999999999999999,1.0,0.9990630225926348,0.9999999999999999,1.0,5.194400917285513e-05,0.01
value_constant,6000,dev,4,4096,4096,4096,16384,16384,1.0,0.9990630225926348,0.9999999999999999,1.0,0.9990630225926348,0.9999999999999999,1.0,6.564768178862757e-05,0.01
value_constant,6000,dev,5,4096,4096,4096,20480,20480,1.0,0.9990630225926348,0.9999999999999999,1.0,0.9990630225926348,0.9999999999999999,1.0,0.0001014717563456724,0.01
value_constant,6000,dev,6,4096,4096,4096,24576,24576,1.0,0.9990630225926348,0.9999999999999999,1.0,0.9990630225926348,0.9999999999999999,1.0,0.00016785313263034674,0.01
value_constant,6000,dev,7,4096,4096,4096,28672,28672,1.0,0.9990630225926348,0.9999999999999999,1.0,0.9990630225926348,0.9999999999999999,1.0,0.0003822514100606522,0.01
value_constant,6000,dev,8,4096,4094,4094,32766,32768,0.99951171875,0.9982212896544476,0.9998660854551866,0.99951171875,0.9982212896544476,0.9998660854551866,0.99993896484375,0.0010002431017799296,0.01
value_constant,6000,dev,9,4096,4092,4093,36859,36864,0.9990234375,0.9974915571936952,0.9996201704329383,0.999267578125,0.9978486714629491,0.9997508799051849,0.9998643663194444,0.0018349396097778747,0.01
value_constant,6000,dev,10,4096,4087,4091,40950,40960,0.997802734375,0.9958290482073086,0.9988435607118235,0.998779296875,0.997145424476127,0.9994784794090062,0.999755859375,0.0031220074157976008,0.01
value_constant,6000,dev,11,4096,4084,4088,45038,45056,0.9970703125,0.9948858699188933,0.9983232677757378,0.998046875,0.9961504506055915,0.9990099820550408,0.9996004971590909,0.005989089147278692,0.01
value_constant,6000,dev,12,4096,4072,4077,49115,49152,0.994140625,0.9912959670744264,0.996059285722201,0.995361328125,0.9927660832938955,0.9970282882102334,0.9992472330729166,0.009703864492654812,0.01
value_constant,6000,ood_dev,1,4096,4096,4096,4096,4096,1.0,0.9990630225926348,0.9999999999999999,1.0,0.9990630225926348,0.9999999999999999,1.0,5.121774606475782e-05,0.01
value_constant,6000,ood_dev,2,4096,4096,4096,8192,8192,1.0,0.9990630225926348,0.9999999999999999,1.0,0.9990630225926348,0.9999999999999999,1.0,4.4063990813691944e-05,0.01
value_constant,6000,ood_dev,3,4096,4096,4096,12288,12288,1.0,0.9990630225926348,0.9999999999999999,1.0,0.9990630225926348,0.9999999999999999,1.0,5.238647679051134e-05,0.01
value_constant,6000,ood_dev,4,4096,4096,4096,16384,16384,1.0,0.9990630225926348,0.9999999999999999,1.0,0.9990630225926348,0.9999999999999999,1.0,6.93720164559597e-05,0.01
value_constant,6000,ood_dev,5,4096,4096,4096,20480,20480,1.0,0.9990630225926348,0.9999999999999999,1.0,0.9990630225926348,0.9999999999999999,1.0,0.00010340763112548501,0.01
value_constant,6000,ood_dev,6,4096,4096,4096,24576,24576,1.0,0.9990630225926348,0.9999999999999999,1.0,0.9990630225926348,0.9999999999999999,1.0,0.00020542296468284427,0.01
value_constant,6000,ood_dev,7,4096,4096,4096,28672,28672,1.0,0.9990630225926348,0.9999999999999999,1.0,0.9990630225926348,0.9999999999999999,1.0,0.0003287714046993351,0.01
value_constant,6000,ood_dev,8,4096,4094,4094,32766,32768,0.99951171875,0.9982212896544476,0.9998660854551866,0.99951171875,0.9982212896544476,0.9998660854551866,0.99993896484375,0.0011062332657252316,0.01
value_constant,6000,ood_dev,9,4096,4093,4094,36860,36864,0.999267578125,0.9978486714629491,0.9997508799051849,0.99951171875,0.9982212896544476,0.9998660854551866,0.9998914930555556,0.002081969464536204,0.01
value_constant,6000,ood_dev,10,4096,4090,4092,40952,40960,0.99853515625,0.9968075986857966,0.9993284814578364,0.9990234375,0.9974915571936952,0.9996201704329383,0.9998046875,0.0027738058180752923,0.01
value_constant,6000,ood_dev,11,4096,4088,4094,45046,45056,0.998046875,0.9961504506055915,0.9990099820550408,0.99951171875,0.9982212896544476,0.9998660854551866,0.9997780539772727,0.004142967824668942,0.01
value_constant,6000,ood_dev,12,4096,4081,4087,49133,49152,0.996337890625,0.9939662587473084,0.9977794077228217,0.997802734375,0.9958290482073086,0.9988435607118235,0.9996134440104166,0.0072984084288298945,0.01
value_constant,6000,ood_dev,13,4096,4067,4079,53212,53248,0.992919921875,0.9898503448988859,0.9950657891902398,0.995849609375,0.9933629968413301,0.9974070221457995,0.9993239182692307,0.0129283476161004,0.01
value_constant,6000,ood_dev,14,4096,4052,4071,57283,57344,0.9892578125,0.9856107816089336,0.9919879963576875,0.993896484375,0.9910051126562461,0.995862316398881,0.9989362444196429,0.02178850226147122,0.01
value_constant,6000,ood_dev,15,4096,4033,4058,61341,61440,0.984619140625,0.9803708517550201,0.9879592751230951,0.99072265625,0.987292434466316,0.993233285949307,0.998388671875,0.02873232123532765,0.01
value_constant,6000,ood_dev,16,4096,4017,4052,65393,65536,0.980712890625,0.9760285730987803,0.9844963739153301,0.9892578125,0.9856107816089336,0.9919879963576875,0.9978179931640625,0.03477312621732831,0.01
value_constant,6000,ood_dev,17,4096,3994,4031,69424,69632,0.97509765625,0.969861879182557,0.9794431217770462,0.984130859375,0.9798251184139876,0.987529360981127,0.9970128676470589,0.04917166121484384,0.01
value_constant,6000,ood_dev,18,4096,3974,4022,73446,73728,0.97021484375,0.9645521097608273,0.9749964163687698,0.98193359375,0.9773800946662805,0.9855839710553314,0.9961751302083334,0.05959421711251678,0.01
value_constant,6000,ood_dev,19,4096,3937,4003,77449,77824,0.961181640625,0.9548210542172663,0.9666779934768192,0.977294921875,0.9722661011607102,0.9814293134723958,0.9951814350328947,0.0678294845833407,0.01
value_constant,6000,ood_dev,20,4096,3901,3991,81440,81920,0.952392578125,0.9454369948583105,0.9585003981417638,0.974365234375,0.9690626764666648,0.9787788532684374,0.994140625,0.07542658651059408,0.01
value_constant,6000,ood_dev,21,4096,3866,3974,85414,86016,0.94384765625,0.9363725983801838,0.9504909636673797,0.97021484375,0.9645521097608273,0.9749964163687698,0.9930013020833334,0.09406005280204699,0.01
value_constant,6000,ood_dev,22,4096,3822,3944,89358,90112,0.93310546875,0.9250412981572879,0.9403580192642621,0.962890625,0.9566544557025598,0.9682593581820278,0.9916326349431818,0.11120242989689766,0.01
value_constant,6000,ood_dev,23,4096,3783,3919,93277,94208,0.923583984375,0.915045461521617,0.9313287299814208,0.956787109375,0.9501202787839275,0.9625979415631524,0.9901176120923914,0.13073090895014028,0.01
value_constant,6000,ood_dev,24,4096,3751,3912,97189,98304,0.915771484375,0.9068716487271989,0.9238921830478289,0.955078125,0.9482970594777964,0.9610063946787812,0.9886576334635416,0.15598102572977313,0.01
value_constant,6000,ood_dev,25,4096,3703,3861,101050,102400,0.904052734375,0.8946509509932163,0.9126973411897967,0.942626953125,0.9350816513041342,0.9493427920359276,0.98681640625,0.18578519892936107,0.01
value_constant,6000,ood_dev,26,4096,3654,3835,104885,106496,0.89208984375,0.8822180645396832,0.9012268643098146,0.936279296875,0.9283826877232538,0.9433583383378,0.9848726712740384,0.21462294090898415,0.01
value_constant,6000,ood_dev,27,4096,3601,3808,108693,110592,0.879150390625,0.8688113807969721,0.8887788897530092,0.9296875,0.9214483726818027,0.9371214123587429,0.9828287760416666,0.24500856384363368,0.01
value_constant,6000,ood_dev,28,4096,3553,3788,112481,114688,0.867431640625,0.856701543629456,0.8774731873285104,0.9248046875,0.9163247769466819,0.9324885332638574,0.9807564871651786,0.275602728606283,0.01
value_constant,6000,ood_dev,29,4096,3506,3770,116251,118784,0.85595703125,0.8448701134327965,0.8663769016746554,0.92041015625,0.9117220428301692,0.9283104400333645,0.9786755792025862,0.30137929753886383,0.01
value_constant,6000,ood_dev,30,4096,3452,3721,119972,122880,0.8427734375,0.831305131191705,0.8535994018747302,0.908447265625,0.899228516897034,0.9169006026329847,0.9763346354166667,0.3540776761677791,0.01
value_constant,6000,ood_dev,31,4096,3390,3684,123656,126976,0.82763671875,0.8157643517817602,0.8388951093116558,0.8994140625,0.8898253259774954,0.9082543151170116,0.9738533266129032,0.38045274471113455,0.01
value_constant,6000,ood_dev,32,4096,3344,3671,127327,131072,0.81640625,0.8042553041551493,0.8279642648292523,0.896240234375,0.8865270812946906,0.9052108511603125,0.9714279174804688,0.4027749412499686,0.01
value_constant,6000,ood_dev,33,4096,3283,3629,130956,135168,0.801513671875,0.7890187451644203,0.8134435755884625,0.885986328125,0.8758892090804093,0.8953601262315807,0.9688387784090909,0.43657015785585185,0.01
value_constant,6000,ood_dev,34,4096,3231,3585,134541,139264,0.788818359375,0.776051398203665,0.8010440879912017,0.875244140625,0.864771581869222,0.8850135088167544,0.9660859949448529,0.4854236062319506,0.01
value_constant,6000,ood_dev,35,4096,3166,3538,138079,143360,0.77294921875,0.7598675701248607,0.7855193728724859,0.86376953125,0.8529228830570302,0.8739344917784316,0.9631626674107143,0.520201087698176,0.01
value_constant,6000,ood_dev,36,4096,3109,3521,141600,147456,0.759033203125,0.7456972232593029,0.771883766472526,0.859619140625,0.8486434629761094,0.8699209082538472,0.9602864583333334,0.5455207097425443,0.01
value_constant,6500,dev,1,4096,4096,4096,4096,4096,1.0,0.9990630225926348,0.9999999999999999,1.0,0.9990630225926348,0.9999999999999999,1.0,5.5002959779226757e-05,0.01
value_constant,6500,dev,2,4096,4096,4096,8192,8192,1.0,0.9990630225926348,0.9999999999999999,1.0,0.9990630225926348,0.9999999999999999,1.0,4.674027705298123e-05,0.01
value_constant,6500,dev,3,4096,4096,4096,12288,12288,1.0,0.9990630225926348,0.9999999999999999,1.0,0.9990630225926348,0.9999999999999999,1.0,5.633905042312648e-05,0.01
value_constant,6500,dev,4,4096,4096,4096,16384,16384,1.0,0.9990630225926348,0.9999999999999999,1.0,0.9990630225926348,0.9999999999999999,1.0,8.162570186098783e-05,0.01
value_constant,6500,dev,5,4096,4096,4096,20480,20480,1.0,0.9990630225926348,0.9999999999999999,1.0,0.9990630225926348,0.9999999999999999,1.0,0.00014963678425106153,0.01
value_constant,6500,dev,6,4096,4096,4096,24576,24576,1.0,0.9990630225926348,0.9999999999999999,1.0,0.9990630225926348,0.9999999999999999,1.0,0.0004234092512176435,0.01
value_constant,6500,dev,7,4096,4095,4095,28671,28672,0.999755859375,0.9986182969663738,0.9999569018847606,0.999755859375,0.9986182969663738,0.9999569018847606,0.9999651227678571,0.0007763233564250793,0.01
value_constant,6500,dev,8,4096,4094,4094,32765,32768,0.99951171875,0.9982212896544476,0.9998660854551866,0.99951171875,0.9982212896544476,0.9998660854551866,0.999908447265625,0.0016897846596151123,0.01
value_constant,6500,dev,9,4096,4087,4087,36852,36864,0.997802734375,0.9958290482073086,0.9988435607118235,0.997802734375,0.9958290482073086,0.9988435607118235,0.9996744791666666,0.004016860342205941,0.01
value_constant,6500,dev,10,4096,4084,4088,40940,40960,0.9970703125,0.9948858699188933,0.9983232677757378,0.998046875,0.9961504506055915,0.9990099820550408,0.99951171875,0.006379677042244181,0.01
value_constant,6500,dev,11,4096,4076,4079,45019,45056,0.9951171875,0.9924697076331114,0.9968368401295172,0.995849609375,0.9933629968413301,0.9974070221457995,0.9991787997159091,0.011659433551375331,0.01
value_constant,6500,dev,12,4096,4062,4069,49088,49152,0.99169921875,0.9884233098915096,0.9940537054901146,0.993408203125,0.9904260923610462,0.9954656892110803,0.9986979166666666,0.017593583588266126,0.01
value_constant,6500,ood_dev,1,4096,4096,4096,4096,4096,1.0,0.9990630225926348,0.9999999999999999,1.0,0.9990630225926348,0.9999999999999999,1.0,5.4757608888067466e-05,0.01
value_constant,6500,ood_dev,2,4096,4096,4096,8192,8192,1.0,0.9990630225926348,0.9999999999999999,1.0,0.9990630225926348,0.9999999999999999,1.0,4.569327355485875e-05,0.01
value_constant,6500,ood_dev,3,4096,4096,4096,12288,12288,1.0,0.9990630225926348,0.9999999999999999,1.0,0.9990630225926348,0.9999999999999999,1.0,5.7638650244662415e-05,0.01
value_constant,6500,ood_dev,4,4096,4096,4096,16384,16384,1.0,0.9990630225926348,0.9999999999999999,1.0,0.9990630225926348,0.9999999999999999,1.0,0.00010457495397697691,0.01
value_constant,6500,ood_dev,5,4096,4096,4096,20480,20480,1.0,0.9990630225926348,0.9999999999999999,1.0,0.9990630225926348,0.9999999999999999,1.0,0.00014203028102177662,0.01
value_constant,6500,ood_dev,6,4096,4096,4096,24576,24576,1.0,0.9990630225926348,0.9999999999999999,1.0,0.9990630225926348,0.9999999999999999,1.0,0.0004310594766094855,0.01
value_constant,6500,ood_dev,7,4096,4094,4094,28670,28672,0.99951171875,0.9982212896544476,0.9998660854551866,0.99951171875,0.9982212896544476,0.9998660854551866,0.9999302455357143,0.001343358957851759,0.01
value_constant,6500,ood_dev,8,4096,4093,4094,32764,32768,0.999267578125,0.9978486714629491,0.9997508799051849,0.99951171875,0.9982212896544476,0.9998660854551866,0.9998779296875,0.001905252873639629,0.01
value_constant,6500,ood_dev,9,4096,4085,4085,36849,36864,0.997314453125,0.9951972177470491,0.9984997436890822,0.997314453125,0.9951972177470491,0.9984997436890822,0.9995930989583334,0.005617445821227918,0.01
value_constant,6500,ood_dev,10,4096,4078,4082,40931,40960,0.99560546875,0.9930638103960733,0.9972183848495558,0.99658203125,0.9942706398960515,0.9979628503155791,0.9992919921875,0.010989106516853031,0.01
value_constant,6500,ood_dev,11,4096,4070,4076,45007,45056,0.99365234375,0.99071517109395,0.9956644342196767,0.9951171875,0.9924697076331114,0.9968368401295172,0.9989124644886364,0.014753119949585836,0.01
value_constant,6500,ood_dev,12,4096,4055,4067,49074,49152,0.989990234375,0.9864495949105299,0.9926126542805922,0.992919921875,0.9898503448988859,0.9950657891902398,0.9984130859375,0.02502081764292674,0.01
value_constant,6500,ood_dev,13,4096,4039,4056,53130,53248,0.986083984375,0.9820139840883064,0.9892430852388108,0.990234375,0.9867300726317991,0.9928200003008232,0.9977839543269231,0.03544097375062183,0.01
value_constant,6500,ood_dev,14,4096,4021,4046,57176,57344,0.981689453125,0.9771094258840555,0.9853668160960561,0.98779296875,0.983943722660208,0.9907281128574114,0.9970703125,0.03954567315806634,0.01
value_constant,6500,ood_dev,15,4096,3999,4028,61204,61440,0.976318359375,0.9711962850581976,0.9805478346089073,0.9833984375,0.9790082213211099,0.9868827868495039,0.9961588541666667,0.05668182040482339,0.01
value_constant,6500,ood_dev,16,4096,3964,4005,65209,65536,0.9677734375,0.9619116249533165,0.9727586637612774,0.977783203125,0.9728018164634368,0.9818692456526698,0.9950103759765625,0.06639031467427392,0.01
value_constant,6500,ood_dev,17,4096,3926,3988,69197,69632,0.95849609375,0.9519461365874095,0.9641868499501726,0.9736328125,0.9682644999293395,0.9781135585812619,0.9937528722426471,0.08940443182776825,0.01
value_constant,6500,ood_dev,18,4096,3895,3973,73170,73728,0.950927734375,0.9438793823249059,0.9571310682261667,0.969970703125,0.964287665331574,0.9747730370565226,0.992431640625,0.10184468817805792,0.01
value_constant,6500,ood_dev,19,4096,3848,3941,77111,77824,0.939453125,0.9317293423030818,0.9463533923974762,0.962158203125,0.9558683230202784,0.9675820196398083,0.9908383018092105,0.11899423691682687,0.01
value_constant,6500,ood_dev,20,4096,3813,3931,81042,81920,0.930908203125,0.9227309300951754,0.9382779736528717,0.959716796875,0.9532520220922961,0.9653200831527876,0.9892822265625,0.137164990439115,0.01
value_constant,6500,ood_dev,21,4096,3767,3911,84953,86016,0.919677734375,0.9109556576829947,0.9276133539560381,0.954833984375,0.9480368065317946,0.9607788238832828,0.9876418340773809,0.15868811657125792,0.01
value_constant,6500,ood_dev,22,4096,3719,3874,88827,90112,0.907958984375,0.8987196023793654,0.9164338696676525,0.94580078125,0.9384400580444845,0.9523260939350815,0.9857399680397727,0.19201384592886894,0.01
value_constant,6500,ood_dev,23,4096,3678,3852,92679,94208,0.89794921875,0.8883027153973586,0.9068499832481467,0.9404296875,0.9327602003167239,0.9472738293498353,0.9837699558423914,0.21996110770154886,0.01
value_constant,6500,ood_dev,24,4096,3619,3819,96498,98304,0.883544921875,0.8733601817939964,0.8930109161029904,0.932373046875,0.9242709187774049,0.9396649274196441,0.98162841796875,0.23971329797911456,0.01
value_constant,6500,ood_dev,25,4096,3557,3789,100287,102400,0.868408203125,0.8577096260573646,0.8784163998666031,0.925048828125,0.916580713871883,0.9327204200801565,0.979365234375,0.2626781444022974,0.01
value_constant,6500,ood_dev,26,4096,3499,3762,104049,106496,0.854248046875,0.8431100309661976,0.8647222179507521,0.91845703125,0.9096788003001948,0.9264510926313365,0.9770226111778846,0.29529155285727726,0.01
value_constant,6500,ood_dev,27,4096,3454,3731,107780,110592,0.84326171875,0.83180702899342,0.8540731515560159,0.910888671875,0.9017742372571839,0.9192331196878377,0.9745732060185185,0.3397725532600737,0.01
value_constant,6500,ood_dev,28,4096,3413,3700,111480,114688,0.833251953125,0.8215254984383661,0.844353908709557,0.9033203125,0.8938885935671609,0.9119962273913512,0.9720284598214286,0.371706237781924,0.01
value_constant,6500,ood_dev,29,4096,3350,3675,115155,118784,0.81787109375,0.8057555165957648,0.8293909948376388,0.897216796875,0.8875416320542482,0.9061475953667562,0.9694487473060345,0.4051154408355615,0.01
value_constant,6500,ood_dev,30,4096,3287,3630,118785,122880,0.802490234375,0.79001701994858,0.814396595770304,0.88623046875,0.8761421890699558,0.8955949699835345,0.9666748046875,0.4321493205520992,0.01
value_constant,6500,ood_dev,31,4096,3224,3618,122403,126976,0.787109375,0.7743072042534783,0.7993735157508862,0.88330078125,0.8731073554786435,0.8927759186768431,0.9639853200604839,0.47974239622216674,0.01
value_constant,6500,ood_dev,32,4096,3158,3559,125962,131072,0.77099609375,0.7578775641497512,0.783606788915593,0.868896484375,0.8582137378213254,0.878887935585643,0.9610137939453125,0.5242856728976495,0.01
value_constant,6500,ood_dev,33,4096,3104,3532,129494,135168,0.7578125,0.7444551297525935,0.7706867412717339,0.8623046875,0.8514121338522789,0.8725182985341811,0.9580226089015151,0.5703857213294599,0.01
value_constant,6500,ood_dev,34,4096,3054,3497,132991,139264,0.74560546875,0.732042040971389,0.7587086429779228,0.853759765625,0.8426072438069235,0.8642493576270255,0.9549560546875,0.631115666552126,0.01
value_constant,6500,ood_dev,35,4096,2980,3440,136431,143360,0.7275390625,0.7136957969964176,0.7409559300818712,0.83984375,0.8282945320556974,0.8507561161127342,0.9516671316964286,0.6791722496631367,0.01
value_constant,6500,ood_dev,36,4096,2925,3418,139849,147456,0.714111328125,0.7000784973490881,0.7277429239466837,0.83447265625,0.8227785305145862,0.8455399953408386,0.9484117296006944,0.7153822846488997,0.01
value_constant,7000,dev,1,4096,4096,4096,4096,4096,1.0,0.9990630225926348,0.9999999999999999,1.0,0.9990630225926348,0.9999999999999999,1.0,4.294643459834546e-05,0.01
value_constant,7000,dev,2,4096,4096,4096,8192,8192,1.0,0.9990630225926348,0.9999999999999999,1.0,0.9990630225926348,0.9999999999999999,1.0,3.5731758749157905e-05,0.01
value_constant,7000,dev,3,4096,4096,4096,12288,12288,1.0,0.9990630225926348,0.9999999999999999,1.0,0.9990630225926348,0.9999999999999999,1.0,4.491195143985216e-05,0.01
value_constant,7000,dev,4,4096,4096,4096,16384,16384,1.0,0.9990630225926348,0.9999999999999999,1.0,0.9990630225926348,0.9999999999999999,1.0,6.027782027406836e-05,0.01
value_constant,7000,dev,5,4096,4096,4096,20480,20480,1.0,0.9990630225926348,0.9999999999999999,1.0,0.9990630225926348,0.9999999999999999,1.0,0.0001132722482941606,0.01
value_constant,7000,dev,6,4096,4096,4096,24576,24576,1.0,0.9990630225926348,0.9999999999999999,1.0,0.9990630225926348,0.9999999999999999,1.0,0.00030243575388033683,0.01
value_constant,7000,dev,7,4096,4094,4094,28670,28672,0.99951171875,0.9982212896544476,0.9998660854551866,0.99951171875,0.9982212896544476,0.9998660854551866,0.9999302455357143,0.0010966424536622554,0.01
value_constant,7000,dev,8,4096,4091,4092,32762,32768,0.998779296875,0.997145424476127,0.9994784794090062,0.9990234375,0.9974915571936952,0.9996201704329383,0.99981689453125,0.003018169791757952,0.01
value_constant,7000,dev,9,4096,4088,4090,36852,36864,0.998046875,0.9961504506055915,0.9990099820550408,0.99853515625,0.9968075986857966,0.9993284814578364,0.9996744791666666,0.005068215323294822,0.01
value_constant,7000,dev,10,4096,4083,4086,40938,40960,0.996826171875,0.9945771012522003,0.9981442127009305,0.99755859375,0.9955114747539533,0.9986733104236785,0.999462890625,0.008551833900291461,0.01
value_constant,7000,dev,11,4096,4068,4075,45013,45056,0.9931640625,0.9901378308615215,0.9952661269691047,0.994873046875,0.9921745882319427,0.9966441357891856,0.9990456321022727,0.01678498556275132,0.01
value_constant,7000,dev,12,4096,4052,4066,49079,49152,0.9892578125,0.9856107816089336,0.9919879963576875,0.99267578125,0.9895635962243474,0.994864714123278,0.9985148111979166,0.022510279418241463,0.01
value_constant,7000,ood_dev,1,4096,4096,4096,4096,4096,1.0,0.9990630225926348,0.9999999999999999,1.0,0.9990630225926348,0.9999999999999999,1.0,4.157879388344554e-05,0.01
value_constant,7000,ood_dev,2,4096,4096,4096,8192,8192,1.0,0.9990630225926348,0.9999999999999999,1.0,0.9990630225926348,0.9999999999999999,1.0,3.5221527700191047e-05,0.01
value_constant,7000,ood_dev,3,4096,4096,4096,12288,12288,1.0,0.9990630225926348,0.9999999999999999,1.0,0.9990630225926348,0.9999999999999999,1.0,4.4252224856045075e-05,0.01
value_constant,7000,ood_dev,4,4096,4096,4096,16384,16384,1.0,0.9990630225926348,0.9999999999999999,1.0,0.9990630225926348,0.9999999999999999,1.0,7.062537207525033e-05,0.01
value_constant,7000,ood_dev,5,4096,4096,4096,20480,20480,1.0,0.9990630225926348,0.9999999999999999,1.0,0.9990630225926348,0.9999999999999999,1.0,0.00011284696405389205,0.01
value_constant,7000,ood_dev,6,4096,4096,4096,24576,24576,1.0,0.9990630225926348,0.9999999999999999,1.0,0.9990630225926348,0.9999999999999999,1.0,0.00042256118300865175,0.01
value_constant,7000,ood_dev,7,4096,4094,4094,28670,28672,0.99951171875,0.9982212896544476,0.9998660854551866,0.99951171875,0.9982212896544476,0.9998660854551866,0.9999302455357143,0.0014869390037219876,0.01
value_constant,7000,ood_dev,8,4096,4093,4094,32764,32768,0.999267578125,0.9978486714629491,0.9997508799051849,0.99951171875,0.9982212896544476,0.9998660854551866,0.9998779296875,0.0017557648673922621,0.01
value_constant,7000,ood_dev,9,4096,4086,4088,36852,36864,0.99755859375,0.9955114747539533,0.9986733104236785,0.998046875,0.9961504506055915,0.9990099820550408,0.9996744791666666,0.0039069617801614775,0.01
value_constant,7000,ood_dev,10,4096,4081,4085,40937,40960,0.996337890625,0.9939662587473084,0.9977794077228217,0.997314453125,0.9951972177470491,0.9984997436890822,0.9994384765625,0.007683855128215233,0.01
value_constant,7000,ood_dev,11,4096,4072,4081,45018,45056,0.994140625,0.9912959670744264,0.996059285722201,0.996337890625,0.9939662587473084,0.9977794077228217,0.9991566051136364,0.009346677494052047,0.01
value_constant,7000,ood_dev,12,4096,4051,4066,49084,49152,0.989013671875,0.9853320021138738,0.991778952111247,0.99267578125,0.9895635962243474,0.994864714123278,0.9986165364583334,0.018133068254319262,0.01
value_constant,7000,ood_dev,13,4096,4031,4055,53139,53248,0.984130859375,0.9798251184139876,0.987529360981127,0.989990234375,0.9864495949105299,0.9926126542805922,0.9979529747596154,0.029192898788958255,0.01
value_constant,7000,ood_dev,14,4096,4010,4041,57180,57344,0.97900390625,0.9741435999816663,0.9829665808419419,0.986572265625,0.9825638389733109,0.9896688778368068,0.9971400669642857,0.03887384199890831,0.01
value_constant,7000,ood_dev,15,4096,3978,4018,61198,61440,0.97119140625,0.9656108163160309,0.9758890047795674,0.98095703125,0.9762985198015777,0.984714250954033,0.9960611979166667,0.05024457050014575,0.01
value_constant,7000,ood_dev,16,4096,3943,4004,65202,65536,0.962646484375,0.9563923454033983,0.968033644739689,0.9775390625,0.9725338897863597,0.9816493485882466,0.994903564453125,0.06535992241542798,0.01
value_constant,7000,ood_dev,17,4096,3901,3971,69173,69632,0.952392578125,0.9454369948583105,0.9585003981417638,0.969482421875,0.963759047527144,0.974326007377952,0.993408203125,0.08453005470265729,0.01
value_constant,7000,ood_dev,18,4096,3861,3951,73124,73728,0.942626953125,0.9350816513041342,0.9493427920359276,0.964599609375,0.958491137419128,0.9698374426559618,0.9918077256944444,0.11292796294391194,0.01
value_constant,7000,ood_dev,19,4096,3820,3928,77052,77824,0.9326171875,0.9245276830494434,0.9398959868891058,0.958984375,0.9524683163451881,0.9646403176753946,0.9900801809210527,0.13565293777518295,0.01
value_constant,7000,ood_dev,20,4096,3757,3886,80938,81920,0.917236328125,0.9084024969702716,0.9252882772537582,0.94873046875,0.9415459763729898,0.9550740605045799,0.9880126953125,0.16637688292209596,0.01
value_constant,7000,ood_dev,21,4096,3701,3856,84794,86016,0.903564453125,0.894142695018886,0.9122299496811264,0.94140625,0.9337916055815723,0.9481937190509881,0.9857933407738095,0.1993995438031655,0.01
value_constant,7000,ood_dev,22,4096,3644,3823,88617,90112,0.8896484375,0.8796854187974655,0.8988812726370291,0.933349609375,0.9252981492851113,0.9405889918779389,0.9834095348011364,0.23482897288199656,0.01
value_constant,7000,ood_dev,23,4096,3578,3787,92404,94208,0.87353515625,0.8630051925365302,0.8833651319589441,0.924560546875,0.9160688647806251,0.932256621688414,0.980850883152174,0.2660040435142741,0.01
value_constant,7000,ood_dev,24,4096,3526,3744,96148,98304,0.86083984375,0.8499017850055347,0.8711017049319235,0.9140625,0.905086622776321,0.9222624428082047,0.9780680338541666,0.31795021378584587,0.01
value_constant,7000,ood_dev,25,4096,3476,3721,99869,102400,0.8486328125,0.8373304376889363,0.8592818651735064,0.908447265625,0.899228516897034,0.9169006026329847,0.975283203125,0.34409206672379056,0.01
value_constant,7000,ood_dev,26,4096,3407,3683,103552,106496,0.831787109375,0.8200221498156435,0.8429303148832779,0.899169921875,0.8895715160954258,0.9080203012575809,0.9723557692307693,0.37466966041484806,0.01
value_constant,7000,ood_dev,27,4096,3346,3667,107219,110592,0.81689453125,0.8047553434565755,0.8284398730108269,0.895263671875,0.885512787041495,0.9042738504475069,0.9695005063657407,0.424198052351318,0.01
value_constant,7000,ood_dev,28,4096,3284,3627,110846,114688,0.8017578125,0.7892683030719067,0.8136818414224763,0.885498046875,0.8753832915554963,0.894890396273493,0.9665004185267857,0.4584327285391361,0.01
value_constant,7000,ood_dev,29,4096,3220,3596,114442,118784,0.7861328125,0.773310668234639,0.7984187568037243,0.8779296875,0.8675485889086534,0.8876025629338264,0.963446255387931,0.49785364349841665,0.01
value_constant,7000,ood_dev,30,4096,3153,3537,117979,122880,0.769775390625,0.7566340101517511,0.7824112242060913,0.863525390625,0.8526710634916235,0.8736984876023381,0.9601155598958333,0.5555932796367022,0.01
value_constant,7000,ood_dev,31,4096,3105,3519,121498,126976,0.758056640625,0.7447035368445035,0.7709261579213241,0.859130859375,0.8481402103112613,0.8694485134356947,0.9568579889112904,0.5980905792474545,0.01
value_constant,7000,ood_dev,32,4096,3041,3468,124966,131072,0.742431640625,0.7288169231601991,0.7555920521496087,0.8466796875,0.835321382605431,0.857388330325009,0.9534149169921875,0.6398709106083043,0.01
value_constant,7000,ood_dev,33,4096,2988,3457,128423,135168,0.7294921875,0.7156777792948699,0.7428765377154214,0.843994140625,0.8325599467789287,0.8547837049950079,0.9500991358901515,0.6824321728440015,0.01
value_constant,7000,ood_dev,34,4096,2916,3423,131846,139264,0.7119140625,0.6978516515689882,0.7255793560532807,0.835693359375,0.8240317842605936,0.8467258603023325,0.9467342601102942,0.727061920744769,0.01
value_constant,7000,ood_dev,35,4096,2854,3393,135239,143360,0.69677734375,0.6825218150119944,0.7106641206372554,0.828369140625,0.8165155484642912,0.8396073838536258,0.9433523995535714,0.7770494638641299,0.01
value_constant,7000,ood_dev,36,4096,2796,3367,138606,147456,0.6826171875,0.6681973483087021,0.6966948103335296,0.822021484375,0.8100076756789758,0.8334318393599329,0.9399820963541666,0.812853545703417,0.01
value_constant,7500,dev,1,4096,4096,4096,4096,4096,1.0,0.9990630225926348,0.9999999999999999,1.0,0.9990630225926348,0.9999999999999999,1.0,4.021540851839589e-05,0.01
value_constant,7500,dev,2,4096,4096,4096,8192,8192,1.0,0.9990630225926348,0.9999999999999999,1.0,0.9990630225926348,0.9999999999999999,1.0,3.399887753574582e-05,0.01
value_constant,7500,dev,3,4096,4096,4096,12288,12288,1.0,0.9990630225926348,0.9999999999999999,1.0,0.9990630225926348,0.9999999999999999,1.0,4.1482553598592986e-05,0.01
value_constant,7500,dev,4,4096,4096,4096,16384,16384,1.0,0.9990630225926348,0.9999999999999999,1.0,0.9990630225926348,0.9999999999999999,1.0,5.74148174989908e-05,0.01
value_constant,7500,dev,5,4096,4096,4096,20480,20480,1.0,0.9990630225926348,0.9999999999999999,1.0,0.9990630225926348,0.9999999999999999,1.0,0.00012498754681655733,0.01
value_constant,7500,dev,6,4096,4095,4095,24575,24576,0.999755859375,0.9986182969663738,0.9999569018847606,0.999755859375,0.9986182969663738,0.9999569018847606,0.9999593098958334,0.0006973364787239422,0.01
value_constant,7500,dev,7,4096,4095,4095,28670,28672,0.999755859375,0.9986182969663738,0.9999569018847606,0.999755859375,0.9986182969663738,0.9999569018847606,0.9999302455357143,0.0006299354567682602,0.01
value_constant,7500,dev,8,4096,4093,4094,32764,32768,0.999267578125,0.9978486714629491,0.9997508799051849,0.99951171875,0.9982212896544476,0.9998660854551866,0.9998779296875,0.0010047107868993432,0.01
value_constant,7500,dev,9,4096,4090,4092,36856,36864,0.99853515625,0.9968075986857966,0.9993284814578364,0.9990234375,0.9974915571936952,0.9996201704329383,0.9997829861111112,0.0022041127034893027,0.01
value_constant,7500,dev,10,4096,4087,4092,40948,40960,0.997802734375,0.9958290482073086,0.9988435607118235,0.9990234375,0.9974915571936952,0.9996201704329383,0.99970703125,0.003922231751364302,0.01
value_constant,7500,dev,11,4096,4076,4079,45027,45056,0.9951171875,0.9924697076331114,0.9968368401295172,0.995849609375,0.9933629968413301,0.9974070221457995,0.9993563565340909,0.010636373380414454,0.01
value_constant,7500,dev,12,4096,4063,4072,49099,49152,0.991943359375,0.9887074354065306,0.9942574037165939,0.994140625,0.9912959670744264,0.996059285722201,0.9989217122395834,0.015234257142016094,0.01
value_constant,7500,ood_dev,1,4096,4096,4096,4096,4096,1.0,0.9990630225926348,0.9999999999999999,1.0,0.9990630225926348,0.9999999999999999,1.0,3.9941779815144685e-05,0.01
value_constant,7500,ood_dev,2,4096,4096,4096,8192,8192,1.0,0.9990630225926348,0.9999999999999999,1.0,0.9990630225926348,0.9999999999999999,1.0,3.423137410663024e-05,0.01
value_constant,7500,ood_dev,3,4096,4096,4096,12288,12288,1.0,0.9990630225926348,0.9999999999999999,1.0,0.9990630225926348,0.9999999999999999,1.0,4.2741530919876425e-05,0.01
value_constant,7500,ood_dev,4,4096,4096,4096,16384,16384,1.0,0.9990630225926348,0.9999999999999999,1.0,0.9990630225926348,0.9999999999999999,1.0,5.757910284720502e-05,0.01
value_constant,7500,ood_dev,5,4096,4096,4096,20480,20480,1.0,0.9990630225926348,0.9999999999999999,1.0,0.9990630225926348,0.9999999999999999,1.0,8.525846064433296e-05,0.01
value_constant,7500,ood_dev,6,4096,4096,4096,24576,24576,1.0,0.9990630225926348,0.9999999999999999,1.0,0.9990630225926348,0.9999999999999999,1.0,0.000213004776330461,0.01
value_constant,7500,ood_dev,7,4096,4096,4096,28672,28672,1.0,0.9990630225926348,0.9999999999999999,1.0,0.9990630225926348,0.9999999999999999,1.0,0.0003131199069448254,0.01
value_constant,7500,ood_dev,8,4096,4094,4094,32766,32768,0.99951171875,0.9982212896544476,0.9998660854551866,0.99951171875,0.9982212896544476,0.9998660854551866,0.99993896484375,0.0013391420858155367,0.01
value_constant,7500,ood_dev,9,4096,4091,4093,36859,36864,0.998779296875,0.997145424476127,0.9994784794090062,0.999267578125,0.9978486714629491,0.9997508799051849,0.9998643663194444,0.0025406631603956953,0.01
value_constant,7500,ood_dev,10,4096,4085,4087,40946,40960,0.997314453125,0.9951972177470491,0.9984997436890822,0.997802734375,0.9958290482073086,0.9988435607118235,0.999658203125,0.005838605135248365,0.01
value_constant,7500,ood_dev,11,4096,4078,4082,45028,45056,0.99560546875,0.9930638103960733,0.9972183848495558,0.99658203125,0.9942706398960515,0.9979628503155791,0.9993785511363636,0.009754094288338289,0.01
value_constant,7500,ood_dev,12,4096,4065,4073,49101,49152,0.992431640625,0.9892775496501616,0.9946629369559636,0.994384765625,0.991587789433178,0.9962552871049496,0.99896240234375,0.01539724725768532,0.01
value_constant,7500,ood_dev,13,4096,4048,4058,53159,53248,0.98828125,0.9844979568178159,0.9911495261828039,0.99072265625,0.987292434466316,0.993233285949307,0.9983285757211539,0.02612014352367442,0.01
value_constant,7500,ood_dev,14,4096,4037,4057,57216,57344,0.985595703125,0.9814652366612112,0.9888161851829053,0.990478515625,0.9870110133784079,0.9930268832957149,0.9977678571428571,0.02952255128720571,0.01
value_constant,7500,ood_dev,15,4096,4017,4049,61265,61440,0.980712890625,0.9760285730987803,0.9844963739153301,0.988525390625,0.9847756016627256,0.9913597050793945,0.9971516927083334,0.03628850248509918,0.01
value_constant,7500,ood_dev,16,4096,3994,4031,65296,65536,0.97509765625,0.969861879182557,0.9794431217770462,0.984130859375,0.9798251184139876,0.987529360981127,0.996337890625,0.04903210238483502,0.01
value_constant,7500,ood_dev,17,4096,3966,4012,69308,69632,0.96826171875,0.9624390364554394,0.973206899742155,0.9794921875,0.9746813618391824,0.9834044664674263,0.9953469669117647,0.06704512655857786,0.01
value_constant,7500,ood_dev,18,4096,3933,3992,73300,73728,0.960205078125,0.9537747892075905,0.9657729635204937,0.974609375,0.9693289612445153,0.9790003922320873,0.9941948784722222,0.08704584349546796,0.01
value_constant,7500,ood_dev,19,4096,3892,3956,77256,77824,0.9501953125,0.9431011870208181,0.9564457923057534,0.9658203125,0.9598051873478303,0.9709625114347612,0.9927014802631579,0.10945274643266112,0.01
value_constant,7500,ood_dev,20,4096,3857,3937,81193,81920,0.941650390625,0.9340495438956447,0.948423604478416,0.961181640625,0.9548210542172663,0.9666779934768192,0.99112548828125,0.1342673562724932,0.01
value_constant,7500,ood_dev,21,4096,3815,3912,85105,86016,0.931396484375,0.9232441468884733,0.9387404043425744,0.955078125,0.9482970594777964,0.9610063946787812,0.9894089471726191,0.15261262342617,0.01
value_constant,7500,ood_dev,22,4096,3770,3886,88991,90112,0.92041015625,0.9117220428301692,0.9283104400333645,0.94873046875,0.9415459763729898,0.9550740605045799,0.9875599254261364,0.18577799407494466,0.01
value_constant,7500,ood_dev,23,4096,3726,3863,92854,94208,0.90966796875,0.9005011359327806,0.9180671023047395,0.943115234375,0.935597920457735,0.9498021703653275,0.9856275475543478,0.21033776945663973,0.01
value_constant,7500,ood_dev,24,4096,3666,3816,96670,98304,0.89501953125,0.8852592531857103,0.9040395605617911,0.931640625,0.9235007973638772,0.9389715776086708,0.9833780924479166,0.24259430386097414,0.01
value_constant,7500,ood_dev,25,4096,3616,3794,100464,102400,0.8828125,0.872601744036112,0.8923058826363739,0.92626953125,0.9178607737962339,0.9338794788633074,0.98109375,0.28415916524944573,0.01
value_constant,7500,ood_dev,26,4096,3555,3757,104221,106496,0.867919921875,0.8572055614004055,0.8779448170405617,0.917236328125,0.9084024969702716,0.9252882772537582,0.9786376953125,0.3132753158535253,0.01
value_constant,7500,ood_dev,27,4096,3497,3725,107946,110592,0.853759765625,0.8426072438069235,0.8642493576270255,0.909423828125,0.9002465738230481,0.9178338406729718,0.97607421875,0.36186400972799215,0.01
value_constant,7500,ood_dev,28,4096,3459,3708,111654,114688,0.844482421875,0.8330619395689436,0.8552573596879938,0.9052734375,0.8959219033341888,0.9138655075563258,0.9735456194196429,0.38047290693464886,0.01
value_constant,7500,ood_dev,29,4096,3403,3675,115329,118784,0.830810546875,0.8190200915524753,0.8419810781804445,0.897216796875,0.8875416320542482,0.9061475953667562,0.9709135910560345,0.4245405839674541,0.01
value_constant,7500,ood_dev,30,4096,3354,3639,118968,122880,0.81884765625,0.8067558164391705,0.8303419899602343,0.888427734375,0.8784196529935242,0.897707919733469,0.9681640625,0.45967097142656277,0.01
value_constant,7500,ood_dev,31,4096,3285,3599,122567,126976,0.802001953125,0.7895178681650951,0.8139201000707884,0.878662109375,0.868306224878436,0.8883083981885448,0.9652769027217742,0.5067353271198456,0.01
value_constant,7500,ood_dev,32,4096,3231,3583,126150,131072,0.788818359375,0.776051398203665,0.8010440879912017,0.874755859375,0.8642668366393406,0.8845426065636351,0.9624481201171875,0.54274572264732,0.01
value_constant,7500,ood_dev,33,4096,3174,3560,129710,135168,0.77490234375,0.7618579725558609,0.7874315603734882,0.869140625,0.8584658114380478,0.8791236857104209,0.9596206202651515,0.5616024791279437,0.01
value_constant,7500,ood_dev,34,4096,3117,3519,133229,139264,0.760986328125,0.7476848759691359,0.7737987036946954,0.859130859375,0.8481402103112613,0.8694485134356947,0.9566650390625,0.6278628840779148,0.01
value_constant,7500,ood_dev,35,4096,3058,3497,136726,143360,0.74658203125,0.7330345718578885,0.7596674070574246,0.853759765625,0.8426072438069235,0.8642493576270255,0.9537248883928572,0.6718050401819329,0.01
value_constant,7500,ood_dev,36,4096,2990,3447,140173,147456,0.72998046875,0.7161733267469002,0.7433566377463918,0.841552734375,0.8300505515045329,0.8524148628544008,0.9506089952256944,0.7113146181842154,0.01
value_constant,8000,dev,1,4096,4096,4096,4096,4096,1.0,0.9990630225926348,0.9999999999999999,1.0,0.9990630225926348,0.9999999999999999,1.0,2.8774384296825772e-05,0.01
value_constant,8000,dev,2,4096,4096,4096,8192,8192,1.0,0.9990630225926348,0.9999999999999999,1.0,0.9990630225926348,0.9999999999999999,1.0,2.5690273928624663e-05,0.01
value_constant,8000,dev,3,4096,4096,4096,12288,12288,1.0,0.9990630225926348,0.9999999999999999,1.0,0.9990630225926348,0.9999999999999999,1.0,3.210507133988294e-05,0.01
value_constant,8000,dev,4,4096,4096,4096,16384,16384,1.0,0.9990630225926348,0.9999999999999999,1.0,0.9990630225926348,0.9999999999999999,1.0,4.292787628767947e-05,0.01
value_constant,8000,dev,5,4096,4096,4096,20480,20480,1.0,0.9990630225926348,0.9999999999999999,1.0,0.9990630225926348,0.9999999999999999,1.0,8.518704420956702e-05,0.01
value_constant,8000,dev,6,4096,4096,4096,24576,24576,1.0,0.9990630225926348,0.9999999999999999,1.0,0.9990630225926348,0.9999999999999999,1.0,0.00012615347981159708,0.01
value_constant,8000,dev,7,4096,4094,4094,28670,28672,0.99951171875,0.9982212896544476,0.9998660854551866,0.99951171875,0.9982212896544476,0.9998660854551866,0.9999302455357143,0.0013529510416978585,0.01
value_constant,8000,dev,8,4096,4094,4094,32764,32768,0.99951171875,0.9982212896544476,0.9998660854551866,0.99951171875,0.9982212896544476,0.9998660854551866,0.9998779296875,0.001022300255369979,0.01
value_constant,8000,dev,9,4096,4092,4093,36857,36864,0.9990234375,0.9974915571936952,0.9996201704329383,0.999267578125,0.9978486714629491,0.9997508799051849,0.9998101128472222,0.0028193102324844954,0.01
value_constant,8000,dev,10,4096,4088,4091,40948,40960,0.998046875,0.9961504506055915,0.9990099820550408,0.998779296875,0.997145424476127,0.9994784794090062,0.99970703125,0.0032699028140334985,0.01
value_constant,8000,dev,11,4096,4082,4087,45035,45056,0.99658203125,0.9942706398960515,0.9979628503155791,0.997802734375,0.9958290482073086,0.9988435607118235,0.9995339133522727,0.0076685105817762,0.01
value_constant,8000,dev,12,4096,4073,4077,49112,49152,0.994384765625,0.991587789433178,0.9962552871049496,0.995361328125,0.9927660832938955,0.9970282882102334,0.9991861979166666,0.01407345400663873,0.01
value_constant,8000,ood_dev,1,4096,4096,4096,4096,4096,1.0,0.9990630225926348,0.9999999999999999,1.0,0.9990630225926348,0.9999999999999999,1.0,2.889510509951343e-05,0.01
value_constant,8000,ood_dev,2,4096,4096,4096,8192,8192,1.0,0.9990630225926348,0.9999999999999999,1.0,0.9990630225926348,0.9999999999999999,1.0,2.5228446687841632e-05,0.01
value_constant,8000,ood_dev,3,4096,4096,4096,12288,12288,1.0,0.9990630225926348,0.9999999999999999,1.0,0.9990630225926348,0.9999999999999999,1.0,3.307145167741332e-05,0.01
value_constant,8000,ood_dev,4,4096,4096,4096,16384,16384,1.0,0.9990630225926348,0.9999999999999999,1.0,0.9990630225926348,0.9999999999999999,1.0,4.314348414402591e-05,0.01
value_constant,8000,ood_dev,5,4096,4096,4096,20480,20480,1.0,0.9990630225926348,0.9999999999999999,1.0,0.9990630225926348,0.9999999999999999,1.0,6.605388213953844e-05,0.01
value_constant,8000,ood_dev,6,4096,4096,4096,24576,24576,1.0,0.9990630225926348,0.9999999999999999,1.0,0.9990630225926348,0.9999999999999999,1.0,0.00011057738721098609,0.01
value_constant,8000,ood_dev,7,4096,4096,4096,28672,28672,1.0,0.9990630225926348,0.9999999999999999,1.0,0.9990630225926348,0.9999999999999999,1.0,0.0003162075153899657,0.01
value_constant,8000,ood_dev,8,4096,4095,4095,32767,32768,0.999755859375,0.9986182969663738,0.9999569018847606,0.999755859375,0.9986182969663738,0.9999569018847606,0.999969482421875,0.0008370876724186349,0.01
value_constant,8000,ood_dev,9,4096,4092,4092,36859,36864,0.9990234375,0.9974915571936952,0.9996201704329383,0.9990234375,0.9974915571936952,0.9996201704329383,0.9998643663194444,0.003329835061406161,0.01
value_constant,8000,ood_dev,10,4096,4088,4090,40949,40960,0.998046875,0.9961504506055915,0.9990099820550408,0.99853515625,0.9968075986857966,0.9993284814578364,0.9997314453125,0.004694762904093208,0.01
value_constant,8000,ood_dev,11,4096,4086,4091,45040,45056,0.99755859375,0.9955114747539533,0.9986733104236785,0.998779296875,0.997145424476127,0.9994784794090062,0.9996448863636364,0.0049645226794028385,0.01
value_constant,8000,ood_dev,12,4096,4076,4083,49123,49152,0.9951171875,0.9924697076331114,0.9968368401295172,0.996826171875,0.9945771012522003,0.9981442127009305,0.9994099934895834,0.009789091935200611,0.01
value_constant,8000,ood_dev,13,4096,4065,4076,53199,53248,0.992431640625,0.9892775496501616,0.9946629369559636,0.9951171875,0.9924697076331114,0.9968368401295172,0.9990797776442307,0.011875597709044117,0.01
value_constant,8000,ood_dev,14,4096,4054,4067,57266,57344,0.98974609375,0.9861695639225535,0.9924048615270683,0.992919921875,0.9898503448988859,0.9950657891902398,0.9986397879464286,0.017771427147618146,0.01
value_constant,8000,ood_dev,15,4096,4040,4056,61322,61440,0.986328125,0.9822887695283722,0.9894561235402453,0.990234375,0.9867300726317991,0.9928200003008232,0.9980794270833333,0.025780046561463488,0.01
value_constant,8000,ood_dev,16,4096,4020,4047,65369,65536,0.9814453125,0.9768389428205996,0.9851494754180116,0.988037109375,0.9842206673133682,0.9909389919457514,0.9974517822265625,0.03583933916896065,0.01
value_constant,8000,ood_dev,17,4096,3990,4028,69397,69632,0.97412109375,0.9687965056840521,0.9785572003095498,0.9833984375,0.9790082213211099,0.9868827868495039,0.9966251148897058,0.05460635792292723,0.01
value_constant,8000,ood_dev,18,4096,3963,4011,73408,73728,0.967529296875,0.9616480425458757,0.972534422427218,0.979248046875,0.974412403486461,0.9831856010786475,0.9956597222222222,0.0709520512127525,0.01
value_constant,8000,ood_dev,19,4096,3932,3995,77403,77824,0.9599609375,0.95351337564485,0.965546553341734,0.975341796875,0.9701285156377056,0.9796643090633977,0.9945903577302632,0.08633110816596035,0.01
value_constant,8000,ood_dev,20,4096,3895,3969,81372,81920,0.950927734375,0.9438793823249059,0.9571310682261667,0.968994140625,0.9632307842127183,0.973878623209377,0.993310546875,0.1069447907087151,0.01
value_constant,8000,ood_dev,21,4096,3862,3952,85324,86016,0.94287109375,0.9353397677479732,0.9495724993335891,0.96484375,0.9587538013451912,0.9700626024713991,0.9919549851190477,0.12616656774119606,0.01
value_constant,8000,ood_dev,22,4096,3820,3927,89251,90112,0.9326171875,0.9245276830494434,0.9398959868891058,0.958740234375,0.9522071977207031,0.9644136125583794,0.9904452237215909,0.14915062235953624,0.01
value_constant,8000,ood_dev,23,4096,3765,3884,93135,94208,0.919189453125,0.9104448475161888,0.9271485166398434,0.9482421875,0.9410279137807931,0.954616475613776,0.9886103091032609,0.18608801566245292,0.01
value_constant,8000,ood_dev,24,4096,3718,3859,96994,98304,0.90771484375,0.8984651733694144,0.9162004749361032,0.942138671875,0.9345655263512737,0.9488832695057877,0.9866739908854166,0.21534855217594995,0.01
value_constant,8000,ood_dev,25,4096,3663,3838,100832,102400,0.894287109375,0.8844987461372489,0.9033365963857516,0.93701171875,0.9291545119210666,0.9440499853644883,0.9846875,0.24111949419898449,0.01
value_constant,8000,ood_dev,26,4096,3609,3772,104604,106496,0.881103515625,0.8708325325922874,0.8906603278896965,0.9208984375,0.9122330806334249,0.9287750497131095,0.9822340745192307,0.27699218274855286,0.01
value_constant,8000,ood_dev,27,4096,3561,3750,108354,110592,0.869384765625,0.8587178969153175,0.8793594239746514,0.91552734375,0.9066165820637565,0.9236594259697711,0.9797634548611112,0.31342129969974186,0.01
value_constant,8000,ood_dev,28,4096,3509,3710,112064,114688,0.856689453125,0.8456245917120823,0.8670858946198706,0.90576171875,0.8964304105240852,0.9143326478494298,0.9771205357142857,0.3416029781839425,0.01
value_constant,8000,ood_dev,29,4096,3469,3708,115772,118784,0.846923828125,0.835572480233076,0.8576250564388646,0.9052734375,0.8959219033341888,0.9138655075563258,0.9746430495689655,0.3747007719631663,0.01
value_constant,8000,ood_dev,30,4096,3418,3676,119448,122880,0.83447265625,0.8227785305145862,0.8455399953408386,0.8974609375,0.8877953102002933,0.9063817409622112,0.9720703125,0.419099102078494,0.01
value_constant,8000,ood_dev,31,4096,3360,3653,123101,126976,0.8203125,0.8082565055194743,0.8317682433289325,0.891845703125,0.8819647321995695,0.900992372908428,0.969482421875,0.45078498204116824,0.01
value_constant,8000,ood_dev,32,4096,3295,3607,126708,131072,0.804443359375,0.7920139165246001,0.8163022891262866,0.880615234375,0.8703271648689122,0.8901900481300711,0.966705322265625,0.5009080681711631,0.01
value_constant,8000,ood_dev,33,4096,3239,3586,130294,135168,0.790771484375,0.7780451647539933,0.8029529113728758,0.87548828125,0.865023973378623,0.8852489410488537,0.9639411695075758,0.532280572936451,0.01
value_constant,8000,ood_dev,34,4096,3181,3554,133848,139264,0.776611328125,0.7635999027671785,0.7891043963526727,0.86767578125,0.8569535466679127,0.877709008031554,0.9611098345588235,0.573811726054948,0.01
value_constant,8000,ood_dev,35,4096,3130,3521,137369,143360,0.76416015625,0.7509156145098268,0.7769096737935086,0.859619140625,0.8486434629761094,0.8699209082538472,0.9582101004464286,0.6168919389321201,0.01
value_constant,8000,ood_dev,36,4096,3077,3500,140869,147456,0.751220703125,0.7377503087828058,0.7642203212210131,0.8544921875,0.8433614400717089,0.8649586325867411,0.9553290473090278,0.6514484488939838,0.01
value_constant,8500,dev,1,4096,4096,4096,4096,4096,1.0,0.9990630225926348,0.9999999999999999,1.0,0.9990630225926348,0.9999999999999999,1.0,2.700690027279684e-05,0.01
value_constant,8500,dev,2,4096,4096,4096,8192,8192,1.0,0.9990630225926348,0.9999999999999999,1.0,0.9990630225926348,0.9999999999999999,1.0,2.4490353508266338e-05,0.01
value_constant,8500,dev,3,4096,4096,4096,12288,12288,1.0,0.9990630225926348,0.9999999999999999,1.0,0.9990630225926348,0.9999999999999999,1.0,3.037538867556311e-05,0.01
value_constant,8500,dev,4,4096,4096,4096,16384,16384,1.0,0.9990630225926348,0.9999999999999999,1.0,0.9990630225926348,0.9999999999999999,1.0,4.2904758023376566e-05,0.01
value_constant,8500,dev,5,4096,4096,4096,20480,20480,1.0,0.9990630225926348,0.9999999999999999,1.0,0.9990630225926348,0.9999999999999999,1.0,7.895245934508299e-05,0.01
value_constant,8500,dev,6,4096,4096,4096,24576,24576,1.0,0.9990630225926348,0.9999999999999999,1.0,0.9990630225926348,0.9999999999999999,1.0,0.0001787520084435279,0.01
value_constant,8500,dev,7,4096,4096,4096,28672,28672,1.0,0.9990630225926348,0.9999999999999999,1.0,0.9990630225926348,0.9999999999999999,1.0,0.0003616783886167818,0.01
value_constant,8500,dev,8,4096,4094,4094,32766,32768,0.99951171875,0.9982212896544476,0.9998660854551866,0.99951171875,0.9982212896544476,0.9998660854551866,0.99993896484375,0.001358982723451696,0.01
value_constant,8500,dev,9,4096,4089,4091,36857,36864,0.998291015625,0.9964763422189936,0.9991719141831389,0.998779296875,0.997145424476127,0.9994784794090062,0.9998101128472222,0.003519011085995616,0.01
value_constant,8500,dev,10,4096,4085,4088,40945,40960,0.997314453125,0.9951972177470491,0.9984997436890822,0.998046875,0.9961504506055915,0.9990099820550408,0.9996337890625,0.006013833419679315,0.01
value_constant,8500,dev,11,4096,4081,4084,45029,45056,0.996337890625,0.9939662587473084,0.9977794077228217,0.9970703125,0.9948858699188933,0.9983232677757378,0.9994007457386364,0.009386728056440474,0.01
value_constant,8500,dev,12,4096,4073,4081,49110,49152,0.994384765625,0.991587789433178,0.9962552871049496,0.996337890625,0.9939662587473084,0.9977794077228217,0.9991455078125,0.011527946217602891,0.01
value_constant,8500,ood_dev,1,4096,4096,4096,4096,4096,1.0,0.9990630225926348,0.9999999999999999,1.0,0.9990630225926348,0.9999999999999999,1.0,2.7346820481666256e-05,0.01
value_constant,8500,ood_dev,2,4096,4096,4096,8192,8192,1.0,0.9990630225926348,0.9999999999999999,1.0,0.9990630225926348,0.9999999999999999,1.0,2.452443517519942e-05,0.01
value_constant,8500,ood_dev,3,4096,4096,4096,12288,12288,1.0,0.9990630225926348,0.9999999999999999,1.0,0.9990630225926348,0.9999999999999999,1.0,3.16736834389264e-05,0.01
value_constant,8500,ood_dev,4,4096,4096,4096,16384,16384,1.0,0.9990630225926348,0.9999999999999999,1.0,0.9990630225926348,0.9999999999999999,1.0,5.4200823901617845e-05,0.01
value_constant,8500,ood_dev,5,4096,4096,4096,20480,20480,1.0,0.9990630225926348,0.9999999999999999,1.0,0.9990630225926348,0.9999999999999999,1.0,9.849893001290244e-05,0.01
value_constant,8500,ood_dev,6,4096,4096,4096,24576,24576,1.0,0.9990630225926348,0.9999999999999999,1.0,0.9990630225926348,0.9999999999999999,1.0,0.0001630550842818268,0.01
value_constant,8500,ood_dev,7,4096,4094,4094,28670,28672,0.99951171875,0.9982212896544476,0.9998660854551866,0.99951171875,0.9982212896544476,0.9998660854551866,0.9999302455357143,0.0009559729312356158,0.01
value_constant,8500,ood_dev,8,4096,4094,4096,32766,32768,0.99951171875,0.9982212896544476,0.9998660854551866,1.0,0.9990630225926348,0.9999999999999999,0.99993896484375,0.0011020906295963195,0.01
value_constant,8500,ood_dev,9,4096,4091,4093,36859,36864,0.998779296875,0.997145424476127,0.9994784794090062,0.999267578125,0.9978486714629491,0.9997508799051849,0.9998643663194444,0.0020169079670183665,0.01
value_constant,8500,ood_dev,10,4096,4087,4091,40950,40960,0.997802734375,0.9958290482073086,0.9988435607118235,0.998779296875,0.997145424476127,0.9994784794090062,0.999755859375,0.004300656197602559,0.01
value_constant,8500,ood_dev,11,4096,4077,4081,45031,45056,0.995361328125,0.9927660832938955,0.9970282882102334,0.996337890625,0.9939662587473084,0.9977794077228217,0.9994451349431818,0.010916376907194714,0.01
value_constant,8500,ood_dev,12,4096,4071,4082,49113,49152,0.993896484375,0.9910051126562461,0.995862316398881,0.99658203125,0.9942706398960515,0.9979628503155791,0.99920654296875,0.012176727991782932,0.01
value_constant,8500,ood_dev,13,4096,4060,4074,53187,53248,0.9912109375,0.9878567926156614,0.9936445752829621,0.99462890625,0.9918806406223304,0.9964502596572975,0.9988544170673077,0.01781765094308796,0.01
value_constant,8500,ood_dev,14,4096,4038,4052,57239,57344,0.98583984375,0.9817394754367362,0.9890297701488805,0.9892578125,0.9856107816089336,0.9919879963576875,0.9981689453125,0.03088431412645043,0.01
value_constant,8500,ood_dev,15,4096,4005,4031,61270,61440,0.977783203125,0.9728018164634368,0.9818692456526698,0.984130859375,0.9798251184139876,0.987529360981127,0.9972330729166666,0.04541140377935815,0.01
value_constant,8500,ood_dev,16,4096,3982,4016,65286,65536,0.97216796875,0.9666710641443907,0.9767800519172087,0.98046875,0.9757587986106162,0.9842783246619937,0.996185302734375,0.05690013319359066,0.01
value_constant,8500,ood_dev,17,4096,3957,4010,69296,69632,0.966064453125,0.9600682201539498,0.971187302370142,0.97900390625,0.9741435999816663,0.9829665808419419,0.9951746323529411,0.0719553005633472,0.01
value_constant,8500,ood_dev,18,4096,3921,3983,73279,73728,0.957275390625,0.9506416766616401,0.9630521911684404,0.972412109375,0.9669363760022123,0.9770025638008875,0.9939100477430556,0.0901917005234536,0.01
value_constant,8500,ood_dev,19,4096,3892,3970,77249,77824,0.9501953125,0.9431011870208181,0.9564457923057534,0.96923828125,0.9634948720671381,0.9741023590964577,0.9926115337171053,0.10399288997411904,0.01
value_constant,8500,ood_dev,20,4096,3852,3937,81186,81920,0.9404296875,0.9327602003167239,0.9472738293498353,0.961181640625,0.9548210542172663,0.9666779934768192,0.9910400390625,0.1327117423193095,0.01
value_constant,8500,ood_dev,21,4096,3812,3915,85101,86016,0.9306640625,0.9224743635028184,0.9380467165037284,0.955810546875,0.9490781255019948,0.9616887998790838,0.9893624441964286,0.15769847809677617,0.01
value_constant,8500,ood_dev,22,4096,3769,3890,88991,90112,0.920166015625,0.9114665583356981,0.9280781007863353,0.94970703125,0.9425826106663004,0.9559887211772704,0.9875599254261364,0.18004917560200684,0.01
value_constant,8500,ood_dev,23,4096,3725,3862,92853,94208,0.909423828125,0.9002465738230481,0.9178338406729718,0.94287109375,0.9353397677479732,0.9495724993335891,0.9856169327445652,0.21270143236638606,0.01
value_constant,8500,ood_dev,24,4096,3681,3826,96679,98304,0.898681640625,0.8890639462329901,0.9075522236370159,0.93408203125,0.9260688787441457,0.9412817336434055,0.9834696451822916,0.24777639081878167,0.01
value_constant,8500,ood_dev,25,4096,3625,3792,100471,102400,0.885009765625,0.8748774303742215,0.8944206099717673,0.92578125,0.9173486743153114,0.9334159308612291,0.981162109375,0.2752280541855434,0.01
value_constant,8500,ood_dev,26,4096,3569,3755,104226,106496,0.871337890625,0.8607350111250214,0.88124489969695,0.916748046875,0.9078921282737603,0.9248229984672688,0.9786846454326923,0.3144100683186669,0.01
value_constant,8500,ood_dev,27,4096,3530,3755,107981,110592,0.86181640625,0.8509086400164899,0.8720461448869695,0.916748046875,0.9078921282737603,0.9248229984672688,0.9763906973379629,0.348670226189156,0.01
value_constant,8500,ood_dev,28,4096,3473,3712,111693,114688,0.847900390625,0.8365769684304168,0.8585718632075249,0.90625,0.8969389906097799,0.9147997152467359,0.9738856724330357,0.3847508749812698,0.01
value_constant,8500,ood_dev,29,4096,3413,3681,115374,118784,0.833251953125,0.8215254984383661,0.844353908709557,0.898681640625,0.8890639462329901,0.9075522236370159,0.9712924299568966,0.4180514259964986,0.01
value_constant,8500,ood_dev,30,4096,3364,3667,119041,122880,0.8212890625,0.8092571256308778,0.8327189181835302,0.895263671875,0.885512787041495,0.9042738504475069,0.9687581380208333,0.4550538505869467,0.01
value_constant,8500,ood_dev,31,4096,3309,3640,122681,126976,0.807861328125,0.795509612570209,0.8196361254616817,0.888671875,0.8786727768447774,0.897942619623716,0.9661747101814516,0.4962567505709118,0.01
value_constant,8500,ood_dev,32,4096,3260,3616,126297,131072,0.7958984375,0.7832808740198811,0.8079615006784946,0.8828125,0.872601744036112,0.8923058826363739,0.9635696411132812,0.5402755512948626,0.01
value_constant,8500,ood_dev,33,4096,3198,3561,129858,135168,0.78076171875,0.7678315954900599,0.7931657072352967,0.869384765625,0.8587178969153175,0.8793594239746514,0.9607155539772727,0.5879949008937791,0.01
value_constant,8500,ood_dev,34,4096,3141,3533,133391,139264,0.766845703125,0.7536501016196572,0.7795412478401816,0.862548828125,0.8516638974389052,0.8727543586890549,0.9578282973345589,0.6085900387849725,0.01
value_constant,8500,ood_dev,35,4096,3074,3489,136880,143360,0.75048828125,0.7370055844016786,0.7635015743776393,0.851806640625,0.8405965060690973,0.8623575054328493,0.9547991071428571,0.6650206938083281,0.01
value_constant,8500,ood_dev,36,4096,3031,3473,140353,147456,0.739990234375,0.7263366903217955,0.7531940475730091,0.847900390625,0.8365769684304168,0.8585718632075249,0.9518296983506944,0.6942794594115603,0.01
value_constant,9000,dev,1,4096,4096,4096,4096,4096,1.0,0.9990630225926348,0.9999999999999999,1.0,0.9990630225926348,0.9999999999999999,1.0,2.1958691001966457e-05,0.01
value_constant,9000,dev,2,4096,4096,4096,8192,8192,1.0,0.9990630225926348,0.9999999999999999,1.0,0.9990630225926348,0.9999999999999999,1.0,2.0014022685144184e-05,0.01
value_constant,9000,dev,3,4096,4096,4096,12288,12288,1.0,0.9990630225926348,0.9999999999999999,1.0,0.9990630225926348,0.9999999999999999,1.0,2.608715664476069e-05,0.01
value_constant,9000,dev,4,4096,4096,4096,16384,16384,1.0,0.9990630225926348,0.9999999999999999,1.0,0.9990630225926348,0.9999999999999999,1.0,3.650476640015832e-05,0.01
value_constant,9000,dev,5,4096,4096,4096,20480,20480,1.0,0.9990630225926348,0.9999999999999999,1.0,0.9990630225926348,0.9999999999999999,1.0,6.799695060821787e-05,0.01
value_constant,9000,dev,6,4096,4096,4096,24576,24576,1.0,0.9990630225926348,0.9999999999999999,1.0,0.9990630225926348,0.9999999999999999,1.0,0.00022325926720589973,0.01
value_constant,9000,dev,7,4096,4096,4096,28672,28672,1.0,0.9990630225926348,0.9999999999999999,1.0,0.9990630225926348,0.9999999999999999,1.0,0.0004220043403675433,0.01
value_constant,9000,dev,8,4096,4095,4095,32767,32768,0.999755859375,0.9986182969663738,0.9999569018847606,0.999755859375,0.9986182969663738,0.9999569018847606,0.999969482421875,0.0009673569248349612,0.01
value_constant,9000,dev,9,4096,4094,4095,36862,36864,0.99951171875,0.9982212896544476,0.9998660854551866,0.999755859375,0.9986182969663738,0.9999569018847606,0.9999457465277778,0.0015343601563316822,0.01
value_constant,9000,dev,10,4096,4091,4093,40955,40960,0.998779296875,0.997145424476127,0.9994784794090062,0.999267578125,0.9978486714629491,0.9997508799051849,0.9998779296875,0.0033188502743297654,0.01
value_constant,9000,dev,11,4096,4082,4085,45040,45056,0.99658203125,0.9942706398960515,0.9979628503155791,0.997314453125,0.9951972177470491,0.9984997436890822,0.9996448863636364,0.006771160405524279,0.01
value_constant,9000,dev,12,4096,4065,4073,49113,49152,0.992431640625,0.9892775496501616,0.9946629369559636,0.994384765625,0.991587789433178,0.9962552871049496,0.99920654296875,0.012804322163310955,0.01
value_constant,9000,ood_dev,1,4096,4096,4096,4096,4096,1.0,0.9990630225926348,0.9999999999999999,1.0,0.9990630225926348,0.9999999999999999,1.0,2.16488588571373e-05,0.01
value_constant,9000,ood_dev,2,4096,4096,4096,8192,8192,1.0,0.9990630225926348,0.9999999999999999,1.0,0.9990630225926348,0.9999999999999999,1.0,2.028996519365389e-05,0.01
value_constant,9000,ood_dev,3,4096,4096,4096,12288,12288,1.0,0.9990630225926348,0.9999999999999999,1.0,0.9990630225926348,0.9999999999999999,1.0,2.7491486514596986e-05,0.01
value_constant,9000,ood_dev,4,4096,4096,4096,16384,16384,1.0,0.9990630225926348,0.9999999999999999,1.0,0.9990630225926348,0.9999999999999999,1.0,5.360870960668951e-05,0.01
value_constant,9000,ood_dev,5,4096,4095,4095,20479,20480,0.999755859375,0.9986182969663738,0.9999569018847606,0.999755859375,0.9986182969663738,0.9999569018847606,0.999951171875,0.0003630373692549149,0.01
value_constant,9000,ood_dev,6,4096,4095,4096,24575,24576,0.999755859375,0.9986182969663738,0.9999569018847606,1.0,0.9990630225926348,0.9999999999999999,0.9999593098958334,0.0004877138449559393,0.01
value_constant,9000,ood_dev,7,4096,4095,4096,28671,28672,0.999755859375,0.9986182969663738,0.9999569018847606,1.0,0.9990630225926348,0.9999999999999999,0.9999651227678571,0.0005278854695379698,0.01
value_constant,9000,ood_dev,8,4096,4092,4092,32763,32768,0.9990234375,0.9974915571936952,0.9996201704329383,0.9990234375,0.9974915571936952,0.9996201704329383,0.999847412109375,0.002772978277423732,0.01
value_constant,9000,ood_dev,9,4096,4090,4092,36855,36864,0.99853515625,0.9968075986857966,0.9993284814578364,0.9990234375,0.9974915571936952,0.9996201704329383,0.999755859375,0.003434795605603891,0.01
value_constant,9000,ood_dev,10,4096,4087,4090,40945,40960,0.997802734375,0.9958290482073086,0.9988435607118235,0.99853515625,0.9968075986857966,0.9993284814578364,0.9996337890625,0.005426186039619307,0.01
value_constant,9000,ood_dev,11,4096,4075,4079,45024,45056,0.994873046875,0.9921745882319427,0.9966441357891856,0.995849609375,0.9933629968413301,0.9974070221457995,0.9992897727272727,0.013188111609281572,0.01
value_constant,9000,ood_dev,12,4096,4069,4079,49103,49152,0.993408203125,0.9904260923610462,0.9954656892110803,0.995849609375,0.9933629968413301,0.9974070221457995,0.9990030924479166,0.01360998848276751,0.01
value_constant,9000,ood_dev,13,4096,4047,4057,53160,53248,0.988037109375,0.9842206673133682,0.9909389919457514,0.990478515625,0.9870110133784079,0.9930268832957149,0.9983473557692307,0.025845730802232625,0.01
value_constant,9000,ood_dev,14,4096,4030,4047,57207,57344,0.98388671875,0.9795525973497291,0.9873140583038852,0.988037109375,0.9842206673133682,0.9909389919457514,0.9976109095982143,0.03502670274078312,0.01
value_constant,9000,ood_dev,15,4096,4006,4039,61246,61440,0.97802734375,0.9730698833974413,0.9820890024601655,0.986083984375,0.9820139840883064,0.9892430852388108,0.9968424479166667,0.04256961193338893,0.01
value_constant,9000,ood_dev,16,4096,3976,4022,65268,65536,0.970703125,0.9650812750446061,0.9754428985679915,0.98193359375,0.9773800946662805,0.9855839710553314,0.99591064453125,0.05864390355574978,0.01
value_constant,9000,ood_dev,17,4096,3951,4009,69277,69632,0.964599609375,0.958491137419128,0.9698374426559618,0.978759765625,0.9738749487182478,0.98274740836386,0.9949017693014706,0.0772160476145487,0.01
value_constant,9000,ood_dev,18,4096,3921,3979,73256,73728,0.957275390625,0.9506416766616401,0.9630521911684404,0.971435546875,0.9658757308170035,0.976111914020095,0.9935980902777778,0.09395021405206838,0.01
value_constant,9000,ood_dev,19,4096,3883,3957,77213,77824,0.947998046875,0.9407689451321072,0.9543876205209615,0.966064453125,0.9600682201539498,0.971187302370142,0.9921489514802632,0.1154742644439164,0.01
value_constant,9000,ood_dev,20,4096,3841,3936,81149,81920,0.937744140625,0.9299266208648727,0.9447413476451831,0.9609375,0.9545593952649127,0.9664518286876724,0.99058837890625,0.13808711105369875,0.01
value_constant,9000,ood_dev,21,4096,3805,3921,85070,86016,0.928955078125,0.9206791651962416,0.936427148619803,0.957275390625,0.9506416766616401,0.9630521911684404,0.9890020461309523,0.16194895259880793,0.01
value_constant,9000,ood_dev,22,4096,3740,3864,88934,90112,0.9130859375,0.9040670637073458,0.9213307069111787,0.943359375,0.9358561096520154,0.9500318049125475,0.9869273792613636,0.19620034314896717,0.01
value_constant,9000,ood_dev,23,4096,3695,3847,92781,94208,0.902099609375,0.8926183492901923,0.9108273529608181,0.939208984375,0.9314717118550057,0.9461231991040518,0.9848526664402174,0.22323485097512863,0.01
value_constant,9000,ood_dev,24,4096,3634,3813,96594,98304,0.88720703125,0.8771542514698228,0.8965342025496686,0.930908203125,0.9227309300951754,0.9382779736528717,0.98260498046875,0.2567530681875282,0.01
value_constant,9000,ood_dev,25,4096,3582,3796,100390,102400,0.87451171875,0.864014482855838,0.8843071366056374,0.9267578125,0.9183729750294912,0.9343429251130505,0.98037109375,0.28602527375094466,0.01
value_constant,9000,ood_dev,26,4096,3525,3753,104143,106496,0.860595703125,0.8496500987480847,0.870865567447873,0.916259765625,0.9073818457534903,0.924357633504538,0.9779052734375,0.31402316415245923,0.01
value_constant,9000,ood_dev,27,4096,3475,3715,107858,110592,0.848388671875,0.8370792714105819,0.8590452077103603,0.906982421875,0.8977019985342092,0.9155001785468075,0.9752785011574074,0.36144683468697203,0.01
value_constant,9000,ood_dev,28,4096,3433,3700,111558,114688,0.838134765625,0.8265389647215343,0.849096917256395,0.9033203125,0.8938885935671609,0.9119962273913512,0.9727085658482143,0.39754956689922083,0.01
value_constant,9000,ood_dev,29,4096,3379,3675,115233,118784,0.824951171875,0.8130106116158881,0.8362827883210245,0.897216796875,0.8875416320542482,0.9061475953667562,0.9701054014008621,0.4379334497808868,0.01
value_constant,9000,ood_dev,30,4096,3313,3621,118854,122880,0.808837890625,0.7965086496170335,0.8205883833808585,0.884033203125,0.8738658758000654,0.8934808695799222,0.967236328125,0.46257921123338885,0.01
value_constant,9000,ood_dev,31,4096,3236,3577,122431,126976,0.7900390625,0.7772974517872059,0.8022371531151623,0.873291015625,0.8627529010058229,0.8831295997481511,0.9642058341733871,0.531368182622994,0.01
value_constant,9000,ood_dev,32,4096,3166,3538,125969,131072,0.77294921875,0.7598675701248607,0.7855193728724859,0.86376953125,0.8529228830570302,0.8739344917784316,0.9610671997070312,0.5747928407931608,0.01
value_constant,9000,ood_dev,33,4096,3115,3531,129500,135168,0.760498046875,0.7471879276851954,0.7733200044956354,0.862060546875,0.8511603813863905,0.8722822272585692,0.9580669981060606,0.6054025542050109,0.01
value_constant,9000,ood_dev,34,4096,3068,3494,132994,139264,0.7490234375,0.7355162872612936,0.7620639290690226,0.85302734375,0.841853140376231,0.8635399898332172,0.9549775965073529,0.6640589564285482,0.01
value_constant,9000,ood_dev,35,4096,3025,3470,136464,143360,0.738525390625,0.7248488100050723,0.7517549854407306,0.84716796875,0.8358235876102469,0.8578617728031939,0.9518973214285714,0.7099892446819142,0.01
value_constant,9000,ood_dev,36,4096,2967,3404,139868,147456,0.724365234375,0.7104757793380017,0.7378342391007833,0.8310546875,0.819270593124671,0.8422184003497494,0.9485405815972222,0.7602503534717266,0.01
value_constant,9500,dev,1,4096,4096,4096,4096,4096,1.0,0.9990630225926348,0.9999999999999999,1.0,0.9990630225926348,0.9999999999999999,1.0,1.8454810669421562e-05,0.01
value_constant,9500,dev,2,4096,4096,4096,8192,8192,1.0,0.9990630225926348,0.9999999999999999,1.0,0.9990630225926348,0.9999999999999999,1.0,1.6477857979979582e-05,0.01
value_constant,9500,dev,3,4096,4096,4096,12288,12288,1.0,0.9990630225926348,0.9999999999999999,1.0,0.9990630225926348,0.9999999999999999,1.0,1.9696281074232935e-05,0.01
value_constant,9500,dev,4,4096,4096,4096,16384,16384,1.0,0.9990630225926348,0.9999999999999999,1.0,0.9990630225926348,0.9999999999999999,1.0,2.510335575356404e-05,0.01
value_constant,9500,dev,5,4096,4096,4096,20480,20480,1.0,0.9990630225926348,0.9999999999999999,1.0,0.9990630225926348,0.9999999999999999,1.0,3.6788692094336106e-05,0.01
value_constant,9500,dev,6,4096,4096,4096,24576,24576,1.0,0.9990630225926348,0.9999999999999999,1.0,0.9990630225926348,0.9999999999999999,1.0,4.752411597797046e-05,0.01
value_constant,9500,dev,7,4096,4096,4096,28672,28672,1.0,0.9990630225926348,0.9999999999999999,1.0,0.9990630225926348,0.9999999999999999,1.0,9.701918323545833e-05,0.01
value_constant,9500,dev,8,4096,4095,4095,32767,32768,0.999755859375,0.9986182969663738,0.9999569018847606,0.999755859375,0.9986182969663738,0.9999569018847606,0.999969482421875,0.0006043621620265283,0.01
value_constant,9500,dev,9,4096,4095,4095,36862,36864,0.999755859375,0.9986182969663738,0.9999569018847606,0.999755859375,0.9986182969663738,0.9999569018847606,0.9999457465277778,0.001329497909812516,0.01
value_constant,9500,dev,10,4096,4093,4093,40955,40960,0.999267578125,0.9978486714629491,0.9997508799051849,0.999267578125,0.9978486714629491,0.9997508799051849,0.9998779296875,0.0024950683928919304,0.01
value_constant,9500,dev,11,4096,4089,4089,45044,45056,0.998291015625,0.9964763422189936,0.9991719141831389,0.998291015625,0.9964763422189936,0.9991719141831389,0.9997336647727273,0.003773035107357603,0.01
value_constant,9500,dev,12,4096,4088,4089,49133,49152,0.998046875,0.9961504506055915,0.9990099820550408,0.998291015625,0.9964763422189936,0.9991719141831389,0.9996134440104166,0.004131996773685587,0.01
value_constant,9500,ood_dev,1,4096,4096,4096,4096,4096,1.0,0.9990630225926348,0.9999999999999999,1.0,0.9990630225926348,0.9999999999999999,1.0,1.8596165305861945e-05,0.01
value_constant,9500,ood_dev,2,4096,4096,4096,8192,8192,1.0,0.9990630225926348,0.9999999999999999,1.0,0.9990630225926348,0.9999999999999999,1.0,1.632017598796054e-05,0.01
value_constant,9500,ood_dev,3,4096,4096,4096,12288,12288,1.0,0.9990630225926348,0.9999999999999999,1.0,0.9990630225926348,0.9999999999999999,1.0,1.9469777340908045e-05,0.01
value_constant,9500,ood_dev,4,4096,4096,4096,16384,16384,1.0,0.9990630225926348,0.9999999999999999,1.0,0.9990630225926348,0.9999999999999999,1.0,2.4235665507799098e-05,0.01
value_constant,9500,ood_dev,5,4096,4096,4096,20480,20480,1.0,0.9990630225926348,0.9999999999999999,1.0,0.9990630225926348,0.9999999999999999,1.0,3.3918996731441275e-05,0.01
value_constant,9500,ood_dev,6,4096,4096,4096,24576,24576,1.0,0.9990630225926348,0.9999999999999999,1.0,0.9990630225926348,0.9999999999999999,1.0,5.085979901109372e-05,0.01
value_constant,9500,ood_dev,7,4096,4096,4096,28672,28672,1.0,0.9990630225926348,0.9999999999999999,1.0,0.9990630225926348,0.9999999999999999,1.0,9.000419906524115e-05,0.01
value_constant,9500,ood_dev,8,4096,4096,4096,32768,32768,1.0,0.9990630225926348,0.9999999999999999,1.0,0.9990630225926348,0.9999999999999999,1.0,0.00030499281398044253,0.01
value_constant,9500,ood_dev,9,4096,4096,4096,36864,36864,1.0,0.9990630225926348,0.9999999999999999,1.0,0.9990630225926348,0.9999999999999999,1.0,0.0005100777448683314,0.01
value_constant,9500,ood_dev,10,4096,4094,4094,40958,40960,0.99951171875,0.9982212896544476,0.9998660854551866,0.99951171875,0.9982212896544476,0.9998660854551866,0.999951171875,0.0013050873930855467,0.01
value_constant,9500,ood_dev,11,4096,4091,4092,45050,45056,0.998779296875,0.997145424476127,0.9994784794090062,0.9990234375,0.9974915571936952,0.9996201704329383,0.9998668323863636,0.00217403598490562,0.01
value_constant,9500,ood_dev,12,4096,4089,4091,49141,49152,0.998291015625,0.9964763422189936,0.9991719141831389,0.998779296875,0.997145424476127,0.9994784794090062,0.9997762044270834,0.0051117421999862245,0.01
value_constant,9500,ood_dev,13,4096,4080,4082,53223,53248,0.99609375,0.9936637657680687,0.9975940769605611,0.99658203125,0.9942706398960515,0.9979628503155791,0.9995304987980769,0.010252934011472536,0.01
value_constant,9500,ood_dev,14,4096,4072,4080,57303,57344,0.994140625,0.9912959670744264,0.996059285722201,0.99609375,0.9936637657680687,0.9975940769605611,0.9992850167410714,0.014732098822886841,0.01
value_constant,9500,ood_dev,15,4096,4059,4068,61371,61440,0.990966796875,0.9875743543279273,0.993439189829196,0.9931640625,0.9901378308615215,0.9952661269691047,0.998876953125,0.019839932683049954,0.01
value_constant,9500,ood_dev,16,4096,4050,4068,65439,65536,0.98876953125,0.9850536128857085,0.9915695175979121,0.9931640625,0.9901378308615215,0.9952661269691047,0.9985198974609375,0.024145271191510775,0.01
value_constant,9500,ood_dev,17,4096,4036,4057,69496,69632,0.9853515625,0.9811912611355577,0.9886023369670586,0.990478515625,0.9870110133784079,0.9930268832957149,0.998046875,0.029368228099967975,0.01
value_constant,9500,ood_dev,18,4096,4022,4049,73545,73728,0.98193359375,0.9773800946662805,0.9855839710553314,0.988525390625,0.9847756016627256,0.9913597050793945,0.9975179036458334,0.034652719709148294,0.01
value_constant,9500,ood_dev,19,4096,3999,4035,77580,77824,0.976318359375,0.9711962850581976,0.9805478346089073,0.985107421875,0.9809175425035267,0.9883882318575893,0.9968647203947368,0.04480795708001761,0.01
value_constant,9500,ood_dev,20,4096,3986,4035,81615,81920,0.97314453125,0.9677329319802243,0.9776694790473764,0.985107421875,0.9809175425035267,0.9883882318575893,0.99627685546875,0.051611732193764026,0.01
value_constant,9500,ood_dev,21,4096,3957,4011,85626,86016,0.966064453125,0.9600682201539498,0.971187302370142,0.979248046875,0.974412403486461,0.9831856010786475,0.9954659598214286,0.062453689982685856,0.01
value_constant,9500,ood_dev,22,4096,3928,3992,89618,90112,0.958984375,0.9524683163451881,0.9646403176753946,0.974609375,0.9693289612445153,0.9790003922320873,0.9945179332386364,0.07323419346361304,0.01
value_constant,9500,ood_dev,23,4096,3898,3978,93596,94208,0.95166015625,0.9446579820358394,0.9578159397397341,0.97119140625,0.9656108163160309,0.9758890047795674,0.9935037364130435,0.09323726215374095,0.01
value_constant,9500,ood_dev,24,4096,3866,3965,97561,98304,0.94384765625,0.9363725983801838,0.9504909636673797,0.968017578125,0.96217528928926,0.9729828231668342,0.9924418131510416,0.10048621909668687,0.01
value_constant,9500,ood_dev,25,4096,3836,3948,101509,102400,0.9365234375,0.9286399311008992,0.943588918701655,0.9638671875,0.957703572334836,0.9691615365157528,0.991298828125,0.11908491868710791,0.01
value_constant,9500,ood_dev,26,4096,3805,3931,105440,106496,0.928955078125,0.9206791651962416,0.936427148619803,0.959716796875,0.9532520220922961,0.9653200831527876,0.9900841346153846,0.13872346927772705,0.01
value_constant,9500,ood_dev,27,4096,3766,3901,109341,110592,0.91943359375,0.9107002413356831,0.9273809465618494,0.952392578125,0.9454369948583105,0.9585003981417638,0.9886881510416666,0.17199107039260164,0.01
value_constant,9500,ood_dev,28,4096,3729,3889,113230,114688,0.910400390625,0.9012649382880058,0.9187667711740153,0.949462890625,0.9423233877337558,0.9557601203683148,0.9872872488839286,0.17768670743280035,0.01
value_constant,9500,ood_dev,29,4096,3690,3857,117087,118784,0.90087890625,0.891348537986598,0.909658045556911,0.941650390625,0.9340495438956447,0.948423604478416,0.9857135641163793,0.20619355118078364,0.01
value_constant,9500,ood_dev,30,4096,3647,3845,120932,122880,0.890380859375,0.8804450553276408,0.8995851073313548,0.938720703125,0.930956550506342,0.945662712969715,0.9841471354166667,0.24061538916139624,0.01
value_constant,9500,ood_dev,31,4096,3609,3824,124756,126976,0.881103515625,0.8708325325922874,0.8906603278896965,0.93359375,0.92555502965908,0.9408199352454705,0.9825163810483871,0.24581719518738843,0.01
value_constant,9500,ood_dev,32,4096,3576,3816,128572,131072,0.873046875,0.8625006218334564,0.8828940551790171,0.931640625,0.9235007973638772,0.9389715776086708,0.980926513671875,0.27372434555149716,0.01
value_constant,9500,ood_dev,33,4096,3523,3765,132337,135168,0.860107421875,0.8491467590583891,0.8703932596545682,0.919189453125,0.9104448475161888,0.9271485166398434,0.979055693655303,0.30890364509463597,0.01
value_constant,9500,ood_dev,34,4096,3484,3761,136098,139264,0.8505859375,0.8393401254338057,0.8611747673606395,0.918212890625,0.9094234956709693,0.9262185735190618,0.9772661994485294,0.33461760176609345,0.01
value_constant,9500,ood_dev,35,4096,3441,3718,139816,143360,0.840087890625,0.8285453641599779,0.8509931077499538,0.90771484375,0.8984651733694144,0.9162004749361032,0.9752790178571429,0.36243857286312176,0.01
value_constant,9500,ood_dev,36,4096,3393,3692,143508,147456,0.828369140625,0.8165155484642912,0.8396073838536258,0.9013671875,0.8918564110099307,0.9101258200165789,0.9732259114583334,0.39690496384494334,0.01
value_constant,10000,dev,1,102400,102400,102400,102400,102400,1.0,0.9999624871609701,1.0,1.0,0.9999624871609701,1.0,1.0,1.912677529001705e-05,0.01
value_constant,10000,dev,2,102400,102400,102400,204800,204800,1.0,0.9999624871609701,1.0,1.0,0.9999624871609701,1.0,1.0,1.7635764907675268e-05,0.01
value_constant,10000,dev,3,102400,102400,102400,307200,307200,1.0,0.9999624871609701,1.0,1.0,0.9999624871609701,1.0,1.0,2.2142888727154642e-05,0.01
value_constant,10000,dev,4,102400,102400,102400,409600,409600,1.0,0.9999624871609701,1.0,1.0,0.9999624871609701,1.0,1.0,3.0591220323832325e-05,0.01
value_constant,10000,dev,5,102400,102400,102400,512000,512000,1.0,0.9999624871609701,1.0,1.0,0.9999624871609701,1.0,1.0,5.252893192491115e-05,0.01
value_constant,10000,dev,6,102400,102398,102398,614398,614400,0.99998046875,0.9999287823158808,0.9999946438104347,0.99998046875,0.9999287823158808,0.9999946438104347,0.9999967447916667,0.0001318254935185692,0.01
value_constant,10000,dev,7,102400,102389,102391,716789,716800,0.999892578125,0.9998076372259771,0.9999400142443918,0.999912109375,0.9998329541276058,0.999953758377418,0.9999846540178572,0.0003453287148161799,0.01
value_constant,10000,dev,8,102400,102372,102378,819167,819200,0.9997265625,0.99960483075273,0.9998108019230739,0.99978515625,0.9996747063713258,0.9998581094084422,0.999959716796875,0.0008892664541132378,0.01
value_constant,10000,dev,9,102400,102328,102339,921506,921600,0.999296875,0.9991147176527119,0.9994415722606881,0.999404296875,0.9992349501563167,0.9995361754476841,0.9998980034722222,0.0019793726371700915,0.01
value_constant,10000,dev,10,102400,102248,102282,1023788,1024000,0.998515625,0.9982603863525956,0.9987334621746153,0.99884765625,0.9986203092737636,0.9990375768425779,0.99979296875,0.0034852434536375965,0.01
value_constant,10000,dev,11,102400,102129,102197,1125985,1126400,0.997353515625,0.9970196403107049,0.9976500766545499,0.998017578125,0.9977258248970176,0.9982719672464979,0.9996315696022727,0.006183854418666384,0.01
value_constant,10000,dev,12,102400,101960,102080,1228065,1228800,0.995703125,0.9952834796989724,0.9960855798379581,0.996875,0.9965140032390006,0.9971987183772132,0.99940185546875,0.009656785055882109,0.01
value_constant,10000,ood_dev,1,102400,102400,102400,102400,102400,1.0,0.9999624871609701,1.0,1.0,0.9999624871609701,1.0,1.0,1.9141067240511233e-05,0.01
value_constant,10000,ood_dev,2,102400,102400,102400,204800,204800,1.0,0.9999624871609701,1.0,1.0,0.9999624871609701,1.0,1.0,1.7694115153683576e-05,0.01
value_constant,10000,ood_dev,3,102400,102400,102400,307200,307200,1.0,0.9999624871609701,1.0,1.0,0.9999624871609701,1.0,1.0,2.1989484671687264e-05,0.01
value_constant,10000,ood_dev,4,102400,102400,102400,409600,409600,1.0,0.9999624871609701,1.0,1.0,0.9999624871609701,1.0,1.0,3.1570214574694334e-05,0.01
value_constant,10000,ood_dev,5,102400,102400,102400,512000,512000,1.0,0.9999624871609701,1.0,1.0,0.9999624871609701,1.0,1.0,5.9052840827651384e-05,0.01
value_constant,10000,ood_dev,6,102400,102400,102400,614400,614400,1.0,0.9999624871609701,1.0,1.0,0.9999624871609701,1.0,1.0,0.0001303569948871175,0.01
value_constant,10000,ood_dev,7,102400,102390,102390,716790,716800,0.99990234375,0.9998202295599984,0.9999469524276979,0.99990234375,0.9998202295599984,0.9999469524276979,0.9999860491071428,0.00045204866719486867,0.01
value_constant,10000,ood_dev,8,102400,102367,102369,819159,819200,0.999677734375,0.9995474707523628,0.9997705093368041,0.999697265625,0.9995703338469782,0.9997867072768437,0.999949951171875,0.0009621724039427404,0.01
value_constant,10000,ood_dev,9,102400,102318,102341,921500,921600,0.99919921875,0.9990062333665538,0.9993547513735724,0.999423828125,0.9992569299552471,0.9995532566834086,0.9998914930555556,0.0017285170218565016,0.01
value_constant,10000,ood_dev,10,102400,102251,102301,1023801,1024000,0.998544921875,0.9982920097794027,0.9987604302997902,0.999033203125,0.9988232169890363,0.9992057489565249,0.9998056640625,0.0031279969588380394,0.01
value_constant,10000,ood_dev,11,102400,102112,102195,1125996,1126400,0.9971875,0.9968439552812008,0.9974937428894887,0.997998046875,0.9977049614865057,0.998253769622355,0.9996413352272727,0.005759907649338905,0.01
value_constant,10000,ood_dev,12,102400,101911,102062,1228058,1228800,0.995224609375,0.9947833878948003,0.9956286762930895,0.99669921875,0.9963287905564789,0.9970323817478425,0.9993961588541667,0.009254879966679938,0.01
value_constant,10000,ood_dev,13,102400,101663,101884,1329942,1331200,0.992802734375,0.9922661857616907,0.9933023101290132,0.9949609375,0.9945082943600391,0.995376445860012,0.9990549879807692,0.014696721235081948,0.01
value_constant,10000,ood_dev,14,102400,101356,101687,1431629,1433600,0.9898046875,0.9891707703041316,0.9904018567670717,0.993037109375,0.9925089856839558,0.9935282426226045,0.9986251395089286,0.020583589328939403,0.01
value_constant,10000,ood_dev,15,102400,100964,101420,1533049,1536000,0.9859765625,0.9852379057762526,0.9866787585026247,0.9904296875,0.9898147062963131,0.9910078738838416,0.9980787760416666,0.02865593203580743,0.01
value_constant,10000,ood_dev,16,102400,100515,101167,1634216,1638400,0.981591796875,0.9807502271056942,0.9823972348931972,0.987958984375,0.9872724065712775,0.9886089527250543,0.9974462890625,0.036853654464373664,0.01
value_constant,10000,ood_dev,17,102400,100017,100875,1735091,1740800,0.976728515625,0.9757870609980672,0.9776342033717975,0.985107421875,0.9843471499215307,0.9858312983152112,0.9967204733455882,0.04712195010343656,0.01
value_constant,10000,ood_dev,18,102400,99397,100475,1835566,1843200,0.970673828125,0.9696226546365297,0.9716896889903702,0.981201171875,0.9803510951875096,0.9820151461182873,0.9958582899305556,0.05962100547326598,0.01
value_constant,10000,ood_dev,19,102400,98695,100073,1935639,1945600,0.963818359375,0.9626570763580058,0.9649448441050856,0.977275390625,0.9763445719754221,0.9781704013647751,0.9948802425986842,0.0733226896916443,0.01
value_constant,10000,ood_dev,20,102400,97946,99604,2035243,2048000,0.95650390625,0.9552373879200006,0.9577361750648962,0.9726953125,0.9716792701694227,0.9736758905442412,0.99377099609375,0.09048288749118977,0.01
value_constant,10000,ood_dev,21,102400,97173,99164,2134407,2150400,0.948955078125,0.9475901339078692,0.9502863391829761,0.9683984375,0.9673092740193634,0.9694524590702609,0.9925627790178572,0.1080234314211517,0.01
value_constant,10000,ood_dev,22,102400,96328,98669,2233076,2252800,0.940703125,0.9392399527932858,0.942133233155938,0.963564453125,0.9623993252656907,0.9646948017468892,0.9912446732954545,0.12625039976740615,0.01
value_constant,10000,ood_dev,23,102400,95404,98055,2331131,2355200,0.9316796875,0.9301181610776679,0.9332088268610728,0.957568359375,0.9563164938483764,0.9587858955252027,0.9897804857336957,0.14717604197930198,0.01
value_constant,10000,ood_dev,24,102400,94400,97503,2428634,2457600,0.921875,0.9202154039696371,0.9235029445724314,0.952177734375,0.9508536965529275,0.9534678472559475,0.9882137044270833,0.16861892492007807,0.01
value_constant,10000,ood_dev,25,102400,93408,96974,2525608,2560000,0.9121875,0.9104385232001752,0.9139055521531495,0.94701171875,0.94562283670811,0.9483670634345901,0.986565625,0.1904034685062471,0.01
value_constant,10000,ood_dev,26,102400,92373,96328,2621936,2662400,0.902080078125,0.9002446112095134,0.9038853787099909,0.940703125,0.9392399527932858,0.942133233155938,0.9848016826923077,0.21742522476117238,0.01
value_constant,10000,ood_dev,27,102400,91261,95670,2717606,2764800,0.891220703125,0.8892989487666428,0.8931131058848342,0.93427734375,0.9327432671073099,0.9357788384405092,0.9829304108796296,0.2430767376999655,0.01
value_constant,10000,ood_dev,28,102400,90177,95059,2812665,2867200,0.880634765625,0.8786346753738924,0.8826062984947233,0.928310546875,0.9267143720061028,0.9298745874546976,0.9809797014508929,0.27218697358980887,0.01
value_constant,10000,ood_dev,29,102400,89028,94352,2907017,2969600,0.8694140625,0.8673364347363468,0.8714639747231292,0.92140625,0.9197421674163054,0.9230387162940495,0.9789254445043103,0.3017171730715845,0.01
value_constant,10000,ood_dev,30,102400,87898,93790,3000807,3072000,0.85837890625,0.8562299502083991,0.8605009746711573,0.91591796875,0.9142026043511261,0.9176021286212511,0.9768251953125,0.33204622954620944,0.01
value_constant,10000,ood_dev,31,102400,86640,93051,3093858,3174400,0.84609375,0.8438705504672543,0.8482909836144796,0.908701171875,0.9069216334498363,0.9104500472176199,0.9746276461693548,0.36686490097369934,0.01
value_constant,10000,ood_dev,32,102400,85425,92378,3186236,3276800,0.834228515625,0.8319382911202325,0.8364936644087558,0.90212890625,0.9002938421326964,0.9039338003734446,0.972362060546875,0.3992297113326012,0.01
value_constant,10000,ood_dev,33,102400,84181,91654,3277890,3379200,0.822080078125,0.8197255742178102,0.8244104177559388,0.89505859375,0.8931666080021643,0.8969209399589662,0.97001953125,0.4327825971628005,0.01
value_constant,10000,ood_dev,34,102400,82988,90992,3368882,3481600,0.8104296875,0.8080173423044184,0.8128187424977871,0.88859375,0.8866520525752144,0.8905062929152019,0.9676246553308824,0.46872850638184926,0.01
value_constant,10000,ood_dev,35,102400,81736,90226,3459108,3584000,0.798203125,0.7957337884792195,0.8006500886291279,0.88111328125,0.8791166187688194,0.8830813504488372,0.9651529017857143,0.507122291379111,0.01
value_constant,10000,ood_dev,36,102400,80534,89568,3548676,3686400,0.78646484375,0.7839441289878182,0.7889640662930393,0.8746875,0.872645649365019,0.8767012394512328,0.9626399739583333,0.5467252531506436,0.01
baseline,500,dev,1,4096,4096,4096,4096,4096,1.0,0.9990630225926348,0.9999999999999999,1.0,0.9990630225926348,0.9999999999999999,1.0,0.00216769913285475,0.0
baseline,500,dev,2,4096,4096,4096,8192,8192,1.0,0.9990630225926348,0.9999999999999999,1.0,0.9990630225926348,0.9999999999999999,1.0,0.012094602502415341,0.0
baseline,500,dev,3,4096,231,231,8423,12288,0.056396484375,0.04973859724567345,0.06388566444826334,0.056396484375,0.04973859724567345,0.06388566444826334,0.6854654947916666,3.9425821769714275,0.0
baseline,500,dev,4,4096,4,77,8500,16384,0.0009765625,0.000379829567061715,0.0025084428063047127,0.018798828125,0.01506804743850219,0.023431358064386867,0.518798828125,4.093704838311851,0.0
baseline,500,dev,5,4096,0,55,8555,20480,0.0,0.0,0.0009369774073651883,0.013427734375,0.010331122163193216,0.017436161026689018,0.417724609375,4.09960120159667,0.0
baseline,500,dev,6,4096,0,72,8627,24576,0.0,0.0,0.0009369774073651883,0.017578125,0.013982290939508705,0.022077995855878798,0.3510335286458333,4.09794074553065,0.0
baseline,500,dev,7,4096,0,66,8693,28672,0.0,0.0,0.0009369774073651883,0.01611328125,0.01268594169611479,0.020447402650270854,0.30318777901785715,4.095422029786278,0.0
baseline,500,dev,8,4096,0,56,8749,32768,0.0,0.0,0.0009369774073651883,0.013671875,0.01054387645975476,0.017711230471627787,0.266998291015625,4.098524092056323,0.0
baseline,500,dev,9,4096,0,80,8829,36864,0.0,0.0,0.0009369774073651883,0.01953125,0.015721675338006252,0.02424120138938373,0.239501953125,4.09707376168808,0.0
baseline,500,dev,10,4096,0,74,8903,40960,0.0,0.0,0.0009369774073651883,0.01806640625,0.014416028944668636,0.02261990533371949,0.2173583984375,4.097326650691684,0.0
baseline,500,dev,11,4096,0,67,8970,45056,0.0,0.0,0.0009369774073651883,0.016357421875,0.012901468019013623,0.020719700068872332,0.19908558238636365,4.0963929338613525,0.0
baseline,500,dev,12,4096,0,68,9038,49152,0.0,0.0,0.0009369774073651883,0.0166015625,0.013117213150496153,0.020991778678890113,0.18387858072916666,4.097268775571138,0.0
baseline,500,ood_dev,1,4096,4096,4096,4096,4096,1.0,0.9990630225926348,0.9999999999999999,1.0,0.9990630225926348,0.9999999999999999,1.0,0.002180558113053621,0.0
baseline,500,ood_dev,2,4096,4096,4096,8192,8192,1.0,0.9990630225926348,0.9999999999999999,1.0,0.9990630225926348,0.9999999999999999,1.0,0.012084806911929036,0.0
baseline,500,ood_dev,3,4096,211,211,8403,12288,0.051513671875,0.04515471096533265,0.058713075898597936,0.051513671875,0.04515471096533265,0.058713075898597936,0.683837890625,3.968975547376459,0.0
baseline,500,ood_dev,4,4096,2,55,8458,16384,0.00048828125,0.00013391454481334652,0.0017787103455524616,0.013427734375,0.010331122163193216,0.017436161026689018,0.5162353515625,4.098955072404351,0.0
baseline,500,ood_dev,5,4096,0,72,8530,20480,0.0,0.0,0.0009369774073651883,0.017578125,0.013982290939508705,0.022077995855878798,0.41650390625,4.096750756434631,0.0
baseline,500,ood_dev,6,4096,0,58,8588,24576,0.0,0.0,0.0009369774073651883,0.01416015625,0.010970229851119503,0.018260524563263665,0.3494466145833333,4.096938020200469,0.0
baseline,500,ood_dev,7,4096,0,68,8656,28672,0.0,0.0,0.0009369774073651883,0.0166015625,0.013117213150496153,0.020991778678890113,0.30189732142857145,4.098028941603843,0.0
baseline,500,ood_dev,8,4096,0,66,8722,32768,0.0,0.0,0.0009369774073651883,0.01611328125,0.01268594169611479,0.020447402650270854,0.26617431640625,4.098170407640282,0.0
baseline,500,ood_dev,9,4096,0,72,8794,36864,0.0,0.0,0.0009369774073651883,0.017578125,0.013982290939508705,0.022077995855878798,0.2385525173611111,4.098733241378795,0.0
baseline,500,ood_dev,10,4096,0,59,8853,40960,0.0,0.0,0.0009369774073651883,0.014404296875,0.011183814817094736,0.01853476333878874,0.2161376953125,4.09748196171131,0.0
baseline,500,ood_dev,11,4096,0,68,8921,45056,0.0,0.0,0.0009369774073651883,0.0166015625,0.013117213150496153,0.020991778678890113,0.197998046875,4.098426647717133,0.0
baseline,500,ood_dev,12,4096,0,60,8981,49152,0.0,0.0,0.0009369774073651883,0.0146484375,0.01139766303294143,0.018808738864442356,0.18271891276041666,4.097480184980668,0.0
baseline,500,ood_dev,13,4096,0,67,9048,53248,0.0,0.0,0.0009369774073651883,0.016357421875,0.012901468019013623,0.020719700068872332,0.169921875,4.097892888356,0.0
baseline,500,ood_dev,14,4096,0,75,9123,57344,0.0,0.0,0.0009369774073651883,0.018310546875,0.014633183903943853,0.022890574115944584,0.15909249441964285,4.096841491875239,0.0
baseline,500,ood_dev,15,4096,0,63,9186,61440,0.0,0.0,0.0009369774073651883,0.015380859375,0.012040724876904885,0.019629148244979834,0.14951171875,4.0969287232728675,0.0
baseline,500,ood_dev,16,4096,0,76,9262,65536,0.0,0.0,0.0009369774073651883,0.0185546875,0.014850524581988338,0.02316105717940041,0.141326904296875,4.098507378948852,0.0
baseline,500,ood_dev,17,4096,0,57,9319,69632,0.0,0.0,0.0009369774073651883,0.013916015625,0.01075691476118927,0.017986015911693586,0.13383214613970587,4.098581868689507,0.0
baseline,500,ood_dev,18,4096,0,74,9393,73728,0.0,0.0,0.0009369774073651883,0.01806640625,0.014416028944668636,0.02261990533371949,0.12740071614583334,4.096801450534258,0.0
baseline,500,ood_dev,19,4096,0,72,9465,77824,0.0,0.0,0.0009369774073651883,0.017578125,0.013982290939508705,0.022077995855878798,0.12162057976973684,4.096865248051472,0.0
baseline,500,ood_dev,20,4096,0,59,9524,81920,0.0,0.0,0.0009369774073651883,0.014404296875,0.011183814817094736,0.01853476333878874,0.116259765625,4.096613084198907,0.0
baseline,500,ood_dev,21,4096,0,63,9587,86016,0.0,0.0,0.0009369774073651883,0.015380859375,0.012040724876904885,0.019629148244979834,0.11145600818452381,4.094757262675557,0.0
baseline,500,ood_dev,22,4096,0,82,9669,90112,0.0,0.0,0.0009369774073651883,0.02001953125,0.01615827811132198,0.024780246099068624,0.1072998046875,4.095126694592182,0.0
baseline,500,ood_dev,23,4096,0,72,9741,94208,0.0,0.0,0.0009369774073651883,0.017578125,0.013982290939508705,0.022077995855878798,0.10339886209239131,4.096276361960918,0.0
baseline,500,ood_dev,24,4096,0,68,9809,98304,0.0,0.0,0.0009369774073651883,0.0166015625,0.013117213150496153,0.020991778678890113,0.09978230794270833,4.095638171595056,0.0
baseline,500,ood_dev,25,4096,0,70,9879,102400,0.0,0.0,0.0009369774073651883,0.01708984375,0.0135493413532538,0.021535297959133087,0.096474609375,4.097073215001728,0.0
baseline,500,ood_dev,26,4096,0,52,9931,106496,0.0,0.0,0.0009369774073651883,0.0126953125,0.009694640437114613,0.016609171528266693,0.09325232872596154,4.096828189154621,0.0
baseline,500,ood_dev,27,4096,0,54,9985,110592,0.0,0.0,0.0009369774073651883,0.01318359375,0.010118659410882703,0.017160800037499223,0.09028682002314815,4.0967557996627875,0.0
baseline,500,ood_dev,28,4096,0,65,10050,114688,0.0,0.0,0.0009369774073651883,0.015869140625,0.012470639018872916,0.020174881586012418,0.08762904575892858,4.09723376884358,0.0
baseline,500,ood_dev,29,4096,0,64,10114,118784,0.0,0.0,0.0009369774073651883,0.015625,0.012255565007829483,0.01990213185555554,0.08514614762931035,4.09957955632126,0.0
baseline,500,ood_dev,30,4096,0,77,10191,122880,0.0,0.0,0.0009369774073651883,0.018798828125,0.01506804743850219,0.023431358064386867,0.0829345703125,4.095961248152889,0.0
baseline,500,ood_dev,31,4096,0,54,10245,126976,0.0,0.0,0.0009369774073651883,0.01318359375,0.010118659410882703,0.017160800037499223,0.08068453881048387,4.096717660955619,0.0
baseline,500,ood_dev,32,4096,0,82,10327,131072,0.0,0.0,0.0009369774073651883,0.02001953125,0.01615827811132198,0.024780246099068624,0.07878875732421875,4.096194814366754,0.0
baseline,500,ood_dev,33,4096,0,60,10387,135168,0.0,0.0,0.0009369774073651883,0.0146484375,0.01139766303294143,0.018808738864442356,0.07684511126893939,4.098831303825136,0.0
baseline,500,ood_dev,34,4096,0,68,10455,139264,0.0,0.0,0.0009369774073651883,0.0166015625,0.013117213150496153,0.020991778678890113,0.0750732421875,4.09637738764286,0.0
baseline,500,ood_dev,35,4096,0,58,10513,143360,0.0,0.0,0.0009369774073651883,0.01416015625,0.010970229851119503,0.018260524563263665,0.07333286830357143,4.099622309557162,0.0
baseline,500,ood_dev,36,4096,0,74,10587,147456,0.0,0.0,0.0009369774073651883,0.01806640625,0.014416028944668636,0.02261990533371949,0.07179768880208333,4.097259794711135,0.0
baseline,1000,dev,1,102400,102400,102400,102400,102400,1.0,0.9999624871609701,1.0,1.0,0.9999624871609701,1.0,1.0,0.0022346321422472217,0.0
baseline,1000,dev,2,102400,102400,102400,204800,204800,1.0,0.9999624871609701,1.0,1.0,0.9999624871609701,1.0,1.0,0.008247190304025195,0.0
baseline,1000,dev,3,102400,102343,102343,307143,307200,0.999443359375,0.9992789510277558,0.9995702966455544,0.999443359375,0.9992789510277558,0.9995702966455544,0.999814453125,0.015147819321256577,0.0
baseline,1000,dev,4,102400,102015,102063,409206,409600,0.996240234375,0.9958463114681899,0.9965969265217454,0.996708984375,0.9963390734108176,0.9970416294108312,0.9990380859375,0.025622060852162745,0.0
baseline,1000,dev,5,102400,101083,101364,510570,512000,0.987138671875,0.9864300402382796,0.9878107556025538,0.9898828125,0.989251228937778,0.9904776422720443,0.99720703125,0.04371854988256757,0.0
baseline,1000,dev,6,102400,99472,100315,610885,614400,0.97140625,0.970367647575484,0.9724094848509682,0.979638671875,0.9787554725010302,0.9804858860323885,0.9942789713541667,0.06995479060443102,0.0
baseline,1000,dev,7,102400,97096,98897,709782,716800,0.948203125,0.9468288556556211,0.9495437676010173,0.965791015625,0.9646601324663432,0.9668869524968754,0.9902092633928572,0.10414768613855131,0.0
baseline,1000,dev,8,102400,94161,97242,807024,819200,0.919541015625,0.9178592499302636,0.9211913049705653,0.94962890625,0.9482723872439763,0.9509516915424568,0.98513671875,0.14439062439547798,0.0
baseline,1000,dev,9,102400,90673,95363,902387,921600,0.885478515625,0.8835136071198111,0.8874145033431766,0.931279296875,0.9297135975602097,0.9328126391681092,0.9791525607638889,0.19324742880707418,0.0
baseline,1000,dev,10,102400,86885,93314,995701,1024000,0.848486328125,0.8462771863314117,0.8506693244955262,0.91126953125,0.9095124295624785,0.9129957771620741,0.9723642578125,0.24655371464984113,0.0
baseline,1000,dev,11,102400,82927,91214,1086915,1126400,0.809833984375,0.8074187765573492,0.8122259466878871,0.89076171875,0.8888364549901039,0.892657665346987,0.9649458451704546,0.30418568640842464,0.0
baseline,1000,dev,12,102400,78874,89124,1176039,1228800,0.77025390625,0.7676672433139972,0.7728202932034381,0.8703515625,0.8682802120838697,0.8723951270390331,0.95706298828125,0.3662251254403759,0.0
baseline,1000,ood_dev,1,102400,102400,102400,102400,102400,1.0,0.9999624871609701,1.0,1.0,0.9999624871609701,1.0,1.0,0.0022362349159904225,0.0
baseline,1000,ood_dev,2,102400,102400,102400,204800,204800,1.0,0.9999624871609701,1.0,1.0,0.9999624871609701,1.0,1.0,0.008163510978694149,0.0
baseline,1000,ood_dev,3,102400,102352,102352,307152,307200,0.99953125,0.9993786192504616,0.9996464030787949,0.99953125,0.9993786192504616,0.9996464030787949,0.99984375,0.015075445252018937,0.0
baseline,1000,ood_dev,4,102400,102061,102103,409255,409600,0.996689453125,0.9963185084727131,0.9970231333142809,0.997099609375,0.9967510616932448,0.9974108618214984,0.99915771484375,0.025094188093375464,0.0
baseline,1000,ood_dev,5,102400,101205,101438,510693,512000,0.988330078125,0.9876537331027182,0.9889697858520534,0.99060546875,0.9899959273109751,0.991178202181072,0.997447265625,0.04270058709909307,0.0
baseline,1000,ood_dev,6,102400,99622,100446,611139,614400,0.97287109375,0.9718581724423478,0.9738485375832087,0.98091796875,0.9800617829924082,0.9817380733108952,0.9946923828125,0.06745343667837118,0.0
baseline,1000,ood_dev,7,102400,97301,99000,710139,716800,0.950205078125,0.9488558159304278,0.9515205633783198,0.966796875,0.9656818696236528,0.9678768586242842,0.9907073102678572,0.10176064083755477,0.0
baseline,1000,ood_dev,8,102400,94285,97216,807355,819200,0.920751953125,0.9190816368926554,0.9223907021567664,0.949375,0.9480152985436977,0.9507009867922241,0.985540771484375,0.14446491480905393,0.0
baseline,1000,ood_dev,9,102400,90787,95427,902782,921600,0.886591796875,0.8846351295400908,0.8885194598982163,0.931904296875,0.9303451180266996,0.9334310718105704,0.9795811631944444,0.19107303571683076,0.0
baseline,1000,ood_dev,10,102400,87103,93438,996220,1024000,0.850615234375,0.848418760860162,0.8527854027441409,0.91248046875,0.9107340969400276,0.914195893933118,0.97287109375,0.24482224488559864,0.0
baseline,1000,ood_dev,11,102400,83071,91246,1087466,1126400,0.811240234375,0.8088317987193085,0.813625319021068,0.89107421875,0.8891513432118184,0.8929677536797481,0.9654350142045455,0.3036840185879754,0.0
baseline,1000,ood_dev,12,102400,79032,89113,1176579,1228800,0.771796875,0.7692162496981934,0.7743571085569654,0.870244140625,0.868172069134784,0.872288434297518,0.95750244140625,0.368571374445321,0.0
baseline,1000,ood_dev,13,102400,74909,86973,1263552,1331200,0.731533203125,0.7288102385596801,0.7342387967547622,0.849345703125,0.8471416568644854,0.8515235394872605,0.9491826923076923,0.42972845265522436,0.0
baseline,1000,ood_dev,14,102400,70938,84938,1348490,1433600,0.69275390625,0.6899209884271299,0.695572362580355,0.82947265625,0.8271567646948655,0.8317638288956971,0.9406319754464286,0.4981255611794023,0.0
baseline,1000,ood_dev,15,102400,66959,82737,1431227,1536000,0.653896484375,0.650976987854046,0.6568044347078629,0.807978515625,0.805554448909167,0.8103794760438703,0.9317884114583334,0.5641166660045138,0.0
baseline,1000,ood_dev,16,102400,63213,80860,1512087,1638400,0.617314453125,0.6143331492563563,0.6202869553972518,0.7896484375,0.7871413463097618,0.7921337976198157,0.9229046630859375,0.6324150299617969,0.0
baseline,1000,ood_dev,17,102400,59510,78532,1590619,1740800,0.58115234375,0.5781275168073841,0.584171082183,0.7669140625,0.7643144980119899,0.7694936015794874,0.9137287454044117,0.7116217818814937,0.0
baseline,1000,ood_dev,18,102400,56067,76723,1667342,1843200,0.547529296875,0.5444789945779465,0.5505760332543277,0.749248046875,0.74658392240477,0.7518934713415081,0.9045909288194445,0.7798835468234063,0.0
baseline,1000,ood_dev,19,102400,52732,74812,1742154,1945600,0.5149609375,0.5118993611491772,0.5180213913963426,0.7305859375,0.7278599852957041,0.733294589837984,0.895432771381579,0.8530968486148851,0.0
baseline,1000,ood_dev,20,102400,49604,73129,1815283,2048000,0.4844140625,0.481353749032322,0.48747554531320725,0.714150390625,0.7113750623704391,0.7169096521012974,0.88636865234375,0.9218161127304478,0.0
baseline,1000,ood_dev,21,102400,46703,71416,1886699,2150400,0.456083984375,0.45303508026653017,0.45913618331231976,0.697421875,0.6946008972478072,0.700228041042157,0.8773711867559524,0.9899915103910223,0.0
baseline,1000,ood_dev,22,102400,43846,69700,1956399,2252800,0.42818359375,0.4251556540352407,0.431216921539334,0.6806640625,0.6778017896559405,0.6835127809002695,0.8684299538352273,1.06321847964016,0.0
baseline,1000,ood_dev,23,102400,41127,68036,2024435,2355200,0.401630859375,0.3986320120797835,0.404637086881692,0.6644140625,0.661515801963031,0.6672999877604475,0.8595596976902173,1.1383121295880552,0.0
baseline,1000,ood_dev,24,102400,38636,66497,2090932,2457600,0.3773046875,0.3743405349520862,0.3802780453469289,0.649384765625,0.6464566437134236,0.6523016798432437,0.8508024088541667,1.2070153362477465,0.0
baseline,1000,ood_dev,25,102400,36301,65104,2156036,2560000,0.354501953125,0.35157754689174353,0.3574372754478797,0.63578125,0.6328288477807391,0.6387234651389118,0.8422015625,1.2740862745915758,0.0
baseline,1000,ood_dev,26,102400,34034,63630,2219666,2662400,0.33236328125,0.3294844249138137,0.33525471464467826,0.62138671875,0.6184113927762197,0.6243529376028986,0.8337086838942308,1.342578905811282,0.0
baseline,1000,ood_dev,27,102400,31876,62281,2281947,2764800,0.3112890625,0.3084602361760565,0.3141320469899867,0.608212890625,0.6052190236034365,0.6111986389010695,0.8253569878472222,1.4107072048686182,0.0
baseline,1000,ood_dev,28,102400,29843,60827,2342774,2867200,0.291435546875,0.2886601181141063,0.2942266233254086,0.594013671875,0.5910023781558333,0.5970179121546872,0.8170947265625,1.4739484152924955,0.0
baseline,1000,ood_dev,29,102400,27930,59735,2402509,2969600,0.27275390625,0.27003459477710323,0.2754902670151669,0.583349609375,0.5803269443296377,0.5863660210594028,0.8090345501077586,1.5386631870332605,0.0
baseline,1000,ood_dev,30,102400,26114,58391,2460900,3072000,0.25501953125,0.25235908728452777,0.25769835504125155,0.570224609375,0.5671899423510942,0.5732540077499708,0.80107421875,1.6066165166582027,0.0
baseline,1000,ood_dev,31,102400,24433,57238,2518138,3174400,0.238603515625,0.23600274209047978,0.24122390060800297,0.55896484375,0.5559216142133973,0.5620036494092188,0.7932642389112903,1.6682261033886663,0.0
baseline,1000,ood_dev,32,102400,22861,56019,2574157,3276800,0.223251953125,0.2207117997573802,0.22581286970248837,0.547060546875,0.5440099893830158,0.550107573617545,0.7855703735351562,1.7304624766777572,0.0
baseline,1000,ood_dev,33,102400,21366,54987,2629144,3379200,0.20865234375,0.2061744761787959,0.21115206987666543,0.536982421875,0.5339270362964429,0.5400350328222797,0.7780374053030303,1.7910577592153414,0.0
baseline,1000,ood_dev,34,102400,19969,53941,2683085,3481600,0.195009765625,0.1925944944407173,0.19744791890841834,0.526767578125,0.5237085791156791,0.529824568878622,0.7706471162683823,1.8525737320634812,0.0
baseline,1000,ood_dev,35,102400,18674,52932,2736017,3584000,0.18236328125,0.18001012468187735,0.18474026872832358,0.5169140625,0.5138527943651566,0.5199740616458356,0.7633976004464286,1.9133678115386397,0.0
baseline,1000,ood_dev,36,102400,17444,51887,2787904,3686400,0.1703515625,0.16806134000090361,0.17266651709664121,0.506708984375,0.5036466220980905,0.5097708433058076,0.7562673611111111,1.970443449069104,0.0
baseline,1500,dev,1,4096,4096,4096,4096,4096,1.0,0.9990630225926348,0.9999999999999999,1.0,0.9990630225926348,0.9999999999999999,1.0,0.0026026012887285788,0.0
baseline,1500,dev,2,4096,4096,4096,8192,8192,1.0,0.9990630225926348,0.9999999999999999,1.0,0.9990630225926348,0.9999999999999999,1.0,0.0021956769649857932,0.0
baseline,1500,dev,3,4096,4095,4095,12287,12288,0.999755859375,0.9986182969663738,0.9999569018847606,0.999755859375,0.9986182969663738,0.9999569018847606,0.9999186197916666,0.0022296414069877812,0.0
baseline,1500,dev,4,4096,4095,4096,16383,16384,0.999755859375,0.9986182969663738,0.9999569018847606,1.0,0.9990630225926348,0.9999999999999999,0.99993896484375,0.0027390043503423556,0.0
baseline,1500,dev,5,4096,4093,4094,20477,20480,0.999267578125,0.9978486714629491,0.9997508799051849,0.99951171875,0.9982212896544476,0.9998660854551866,0.999853515625,0.004750785451712147,0.0
baseline,1500,dev,6,4096,4091,4094,24571,24576,0.998779296875,0.997145424476127,0.9994784794090062,0.99951171875,0.9982212896544476,0.9998660854551866,0.9997965494791666,0.006378901211480326,0.0
baseline,1500,dev,7,4096,4079,4083,28654,28672,0.995849609375,0.9933629968413301,0.9974070221457995,0.996826171875,0.9945771012522003,0.9981442127009305,0.9993722098214286,0.011755002862381403,0.0
baseline,1500,dev,8,4096,4056,4066,32720,32768,0.990234375,0.9867300726317991,0.9928200003008232,0.99267578125,0.9895635962243474,0.994864714123278,0.99853515625,0.023411125611499273,0.0
baseline,1500,dev,9,4096,4021,4047,36767,36864,0.981689453125,0.9771094258840555,0.9853668160960561,0.988037109375,0.9842206673133682,0.9909389919457514,0.9973687065972222,0.033408458373811456,0.0
baseline,1500,dev,10,4096,3978,4020,40787,40960,0.97119140625,0.9656108163160309,0.9758890047795674,0.9814453125,0.9768389428205996,0.9851494754180116,0.9957763671875,0.05164940965415177,0.0
baseline,1500,dev,11,4096,3927,3984,44771,45056,0.958740234375,0.9522071977207031,0.9644136125583794,0.97265625,0.9672017903723954,0.9772249731722046,0.9936745383522727,0.0747815506954268,0.0
baseline,1500,dev,12,4096,3862,3952,48723,49152,0.94287109375,0.9353397677479732,0.9495724993335891,0.96484375,0.9587538013451912,0.9700626024713991,0.99127197265625,0.09395784460530088,0.0
baseline,1500,ood_dev,1,4096,4096,4096,4096,4096,1.0,0.9990630225926348,0.9999999999999999,1.0,0.9990630225926348,0.9999999999999999,1.0,0.002590349382707302,0.0
baseline,1500,ood_dev,2,4096,4096,4096,8192,8192,1.0,0.9990630225926348,0.9999999999999999,1.0,0.9990630225926348,0.9999999999999999,1.0,0.002247581540641974,0.0
baseline,1500,ood_dev,3,4096,4096,4096,12288,12288,1.0,0.9990630225926348,0.9999999999999999,1.0,0.9990630225926348,0.9999999999999999,1.0,0.0022204604448656795,0.0
baseline,1500,ood_dev,4,4096,4096,4096,16384,16384,1.0,0.9990630225926348,0.9999999999999999,1.0,0.9990630225926348,0.9999999999999999,1.0,0.0024273865355777247,0.0
baseline,1500,ood_dev,5,4096,4096,4096,20480,20480,1.0,0.9990630225926348,0.9999999999999999,1.0,0.9990630225926348,0.9999999999999999,1.0,0.004172162906129984,0.0
baseline,1500,ood_dev,6,4096,4094,4094,24574,24576,0.99951171875,0.9982212896544476,0.9998660854551866,0.99951171875,0.9982212896544476,0.9998660854551866,0.9999186197916666,0.007397457795324414,0.0
baseline,1500,ood_dev,7,4096,4085,4087,28661,28672,0.997314453125,0.9951972177470491,0.9984997436890822,0.997802734375,0.9958290482073086,0.9988435607118235,0.9996163504464286,0.01186381190587582,0.0
baseline,1500,ood_dev,8,4096,4053,4059,32720,32768,0.989501953125,0.9858899643168433,0.9921966373912783,0.990966796875,0.9875743543279273,0.993439189829196,0.99853515625,0.025635388862619735,0.0
baseline,1500,ood_dev,9,4096,4016,4041,36761,36864,0.98046875,0.9757587986106162,0.9842783246619937,0.986572265625,0.9825638389733109,0.9896688778368068,0.9972059461805556,0.03811274376478835,0.0
baseline,1500,ood_dev,10,4096,3987,4026,40787,40960,0.973388671875,0.9679986619577605,0.9778915728113404,0.98291015625,0.9784647020408669,0.9864506586467462,0.9957763671875,0.05408903045832325,0.0
baseline,1500,ood_dev,11,4096,3934,3988,44775,45056,0.96044921875,0.9540362633072799,0.9659993131623048,0.9736328125,0.9682644999293395,0.9781135585812619,0.9937633167613636,0.07442432283153444,0.0
baseline,1500,ood_dev,12,4096,3883,3962,48737,49152,0.947998046875,0.9407689451321072,0.9543876205209615,0.96728515625,0.9613845411819059,0.9723101000496873,0.9915568033854166,0.0947190082499958,0.0
baseline,1500,ood_dev,13,4096,3809,3919,52656,53248,0.929931640625,0.9217048293210383,0.9373527794610076,0.956787109375,0.9501202787839275,0.9625979415631524,0.9888822115384616,0.11919617207684219,0.0
baseline,1500,ood_dev,14,4096,3737,3880,56536,57344,0.912353515625,0.9033026080618216,0.9206316913322019,0.947265625,0.9399922864751624,0.9537008079534055,0.9859095982142857,0.1588174297513092,0.0
baseline,1500,ood_dev,15,4096,3654,3835,60371,61440,0.89208984375,0.8822180645396832,0.9012268643098146,0.936279296875,0.9283826877232538,0.9433583383378,0.9826009114583333,0.19453013765057925,0.0
baseline,1500,ood_dev,16,4096,3580,3795,64166,65536,0.8740234375,0.863509812795288,0.8838361591831867,0.926513671875,0.9181168616357552,0.9341112147652862,0.979095458984375,0.23488743538677426,0.0
baseline,1500,ood_dev,17,4096,3487,3736,67902,69632,0.851318359375,0.8400939235187832,0.8618844405001629,0.912109375,0.9030478297998547,0.9203986458526686,0.9751551011029411,0.26655073603312296,0.0
baseline,1500,ood_dev,18,4096,3408,3715,71617,73728,0.83203125,0.8202726860874253,0.8431676023529963,0.906982421875,0.8977019985342092,0.9155001785468075,0.9713677300347222,0.30263746726669893,0.0
baseline,1500,ood_dev,19,4096,3303,3617,75234,77824,0.806396484375,0.79401128014302,0.818207515439869,0.883056640625,0.8728545429050968,0.8925409075088896,0.9667197779605263,0.35147365364521654,0.0
baseline,1500,ood_dev,20,4096,3228,3618,78852,81920,0.7880859375,0.7753038464937227,0.800328168476643,0.88330078125,0.8731073554786435,0.8927759186768431,0.962548828125,0.3757329777328273,0.0
baseline,1500,ood_dev,21,4096,3137,3564,82416,86016,0.765869140625,0.7526556587868746,0.778584395706963,0.8701171875,0.8594742247930802,0.8800665673213897,0.9581473214285714,0.42065412697071025,0.0
baseline,1500,ood_dev,22,4096,3043,3481,85897,90112,0.742919921875,0.7293130349326771,0.7560715878601314,0.849853515625,0.8385864177487751,0.8604650038211691,0.9532248757102273,0.4819186286887387,0.0
baseline,1500,ood_dev,23,4096,2965,3466,89363,94208,0.723876953125,0.7099804688296832,0.737353902126101,0.84619140625,0.8348192165226498,0.8569148489247898,0.9485712466032609,0.5266545289573994,0.0
baseline,1500,ood_dev,24,4096,2879,3402,92765,98304,0.702880859375,0.6887009863532034,0.7166805428335541,0.83056640625,0.8187695986178146,0.841743747373605,0.9436543782552084,0.567460316359309,0.0
baseline,1500,ood_dev,25,4096,2786,3349,96114,102400,0.68017578125,0.6657291644882781,0.6942847567389505,0.817626953125,0.8055054614633155,0.8291532262285877,0.93861328125,0.639448701065934,0.0
baseline,1500,ood_dev,26,4096,2666,3274,99388,106496,0.65087890625,0.6361452584636264,0.6653298137835651,0.79931640625,0.7867730457201327,0.8112988613592473,0.9332557091346154,0.6980902467966814,0.0
baseline,1500,ood_dev,27,4096,2588,3233,102621,110592,0.6318359375,0.616948458359397,0.6464763620507704,0.789306640625,0.7765497994844441,0.8015213341934231,0.9279242621527778,0.7495148261532485,0.0
baseline,1500,ood_dev,28,4096,2493,3175,105796,114688,0.608642578125,0.5936010578111863,0.6234805071564515,0.775146484375,0.7621068009163776,0.7876705557544716,0.9224679129464286,0.810336384935912,0.0
baseline,1500,ood_dev,29,4096,2433,3162,108958,118784,0.593994140625,0.5788736383673609,0.6089385021102585,0.77197265625,0.7588725178051996,0.7845631302261458,0.9172784213362069,0.8447146938362167,0.0
baseline,1500,ood_dev,30,4096,2341,3093,112051,122880,0.571533203125,0.556318428079215,0.5866139281803757,0.755126953125,0.7417230327645127,0.7680527771033113,0.9118733723958333,0.9141360235148497,0.0
baseline,1500,ood_dev,31,4096,2246,3033,115084,126976,0.54833984375,0.5330611354834872,0.5635279653335742,0.740478515625,0.7268326935529587,0.7536736918248467,0.9063445060483871,0.9553967952924367,0.0
baseline,1500,ood_dev,32,4096,2172,3035,118119,131072,0.5302734375,0.5149680816137825,0.5455220623322559,0.740966796875,0.7273287184125798,0.754153314448226,0.9011764526367188,1.0177193069988721,0.0
baseline,1500,ood_dev,33,4096,2090,2990,121109,135168,0.51025390625,0.49494247097104555,0.5255461261719676,0.72998046875,0.7161733267469002,0.7433566377463918,0.8959886955492424,1.0597601594349548,0.0
baseline,1500,ood_dev,34,4096,2020,2985,124094,139264,0.4931640625,0.47786685340947926,0.5084740818285121,0.728759765625,0.7149344970798438,0.7421563487059467,0.8910701976102942,1.1028658540973382,0.0
baseline,1500,ood_dev,35,4096,1955,2915,127009,143360,0.477294921875,0.462026926145551,0.4926054658949201,0.711669921875,0.6976042488336931,0.7253389350470756,0.8859444754464286,1.1589148494631836,0.0
baseline,1500,ood_dev,36,4096,1890,2866,129875,147456,0.46142578125,0.446202453147302,0.476721395695649,0.69970703125,0.6854874482150642,0.7135523723321894,0.8807712131076388,1.2108139855089721,0.0
baseline,2000,dev,1,4096,4096,4096,4096,4096,1.0,0.9990630225926348,0.9999999999999999,1.0,0.9990630225926348,0.9999999999999999,1.0,0.0018360227979883348,0.0
baseline,2000,dev,2,4096,4096,4096,8192,8192,1.0,0.9990630225926348,0.9999999999999999,1.0,0.9990630225926348,0.9999999999999999,1.0,0.0011786647579761222,0.0
baseline,2000,dev,3,4096,4096,4096,12288,12288,1.0,0.9990630225926348,0.9999999999999999,1.0,0.9990630225926348,0.9999999999999999,1.0,0.0012077357293467372,0.0
baseline,2000,dev,4,4096,4095,4095,16383,16384,0.999755859375,0.9986182969663738,0.9999569018847606,0.999755859375,0.9986182969663738,0.9999569018847606,0.99993896484375,0.0018648675460308795,0.0
baseline,2000,dev,5,4096,4093,4094,20477,20480,0.999267578125,0.9978486714629491,0.9997508799051849,0.99951171875,0.9982212896544476,0.9998660854551866,0.999853515625,0.0034257518282085897,0.0
baseline,2000,dev,6,4096,4087,4090,24567,24576,0.997802734375,0.9958290482073086,0.9988435607118235,0.99853515625,0.9968075986857966,0.9993284814578364,0.9996337890625,0.006806965900404194,0.0
baseline,2000,dev,7,4096,4077,4081,28648,28672,0.995361328125,0.9927660832938955,0.9970282882102334,0.996337890625,0.9939662587473084,0.9977794077228217,0.9991629464285714,0.011804698978080452,0.0
baseline,2000,dev,8,4096,4062,4071,32719,32768,0.99169921875,0.9884233098915096,0.9940537054901146,0.993896484375,0.9910051126562461,0.995862316398881,0.998504638671875,0.019749289972979867,0.0
baseline,2000,dev,9,4096,4034,4051,36770,36864,0.98486328125,0.9806440746636242,0.9881738759559913,0.989013671875,0.9853320021138738,0.991778952111247,0.9974500868055556,0.03144005755901169,0.0
baseline,2000,dev,10,4096,4003,4039,40809,40960,0.977294921875,0.9722661011607102,0.9814293134723958,0.986083984375,0.9820139840883064,0.9892430852388108,0.9963134765625,0.04314357126946078,0.0
baseline,2000,dev,11,4096,3967,4014,44823,45056,0.968505859375,0.9627028673707351,0.9734308925683598,0.97998046875,0.9752197539009314,0.983841721888678,0.9948286576704546,0.057671388503175436,0.0
baseline,2000,dev,12,4096,3907,3976,48799,49152,0.953857421875,0.9469962963333816,0.9598680391156946,0.970703125,0.9650812750446061,0.9754428985679915,0.9928181966145834,0.0768903908664722,0.0
baseline,2000,ood_dev,1,4096,4096,4096,4096,4096,1.0,0.9990630225926348,0.9999999999999999,1.0,0.9990630225926348,0.9999999999999999,1.0,0.0018449478765631966,0.0
baseline,2000,ood_dev,2,4096,4096,4096,8192,8192,1.0,0.9990630225926348,0.9999999999999999,1.0,0.9990630225926348,0.9999999999999999,1.0,0.0011033447461983314,0.0
baseline,2000,ood_dev,3,4096,4095,4095,12287,12288,0.999755859375,0.9986182969663738,0.9999569018847606,0.999755859375,0.9986182969663738,0.9999569018847606,0.9999186197916666,0.0013724439669555721,0.0
baseline,2000,ood_dev,4,4096,4094,4095,16382,16384,0.99951171875,0.9982212896544476,0.9998660854551866,0.999755859375,0.9986182969663738,0.9999569018847606,0.9998779296875,0.0019261520573099489,0.0
baseline,2000,ood_dev,5,4096,4093,4094,20476,20480,0.999267578125,0.9978486714629491,0.9997508799051849,0.99951171875,0.9982212896544476,0.9998660854551866,0.9998046875,0.0034790919350626837,0.0
baseline,2000,ood_dev,6,4096,4090,4091,24567,24576,0.99853515625,0.9968075986857966,0.9993284814578364,0.998779296875,0.997145424476127,0.9994784794090062,0.9996337890625,0.006669586833689678,0.0
baseline,2000,ood_dev,7,4096,4078,4082,28649,28672,0.99560546875,0.9930638103960733,0.9972183848495558,0.99658203125,0.9942706398960515,0.9979628503155791,0.9991978236607143,0.012326036187806366,0.0
baseline,2000,ood_dev,8,4096,4063,4074,32723,32768,0.991943359375,0.9887074354065306,0.9942574037165939,0.99462890625,0.9918806406223304,0.9964502596572975,0.998626708984375,0.01995891302467534,0.0
baseline,2000,ood_dev,9,4096,4027,4045,36768,36864,0.983154296875,0.978736356856804,0.9866668275723093,0.987548828125,0.9836671128801424,0.9905168988959765,0.9973958333333334,0.031194144978435645,0.0
baseline,2000,ood_dev,10,4096,3993,4029,40797,40960,0.974853515625,0.9695953616072256,0.9792218156108773,0.983642578125,0.9792802999311276,0.9870985319809864,0.9960205078125,0.041646012213973904,0.0
baseline,2000,ood_dev,11,4096,3961,4020,44817,45056,0.967041015625,0.9611211199926455,0.9720856974974474,0.9814453125,0.9768389428205996,0.9851494754180116,0.9946954900568182,0.059854680985491626,0.0
baseline,2000,ood_dev,12,4096,3912,3985,48802,49152,0.955078125,0.9482970594777964,0.9610063946787812,0.972900390625,0.9674673085801575,0.977447278705943,0.9928792317708334,0.0792179750131421,0.0
baseline,2000,ood_dev,13,4096,3857,3952,52754,53248,0.941650390625,0.9340495438956447,0.948423604478416,0.96484375,0.9587538013451912,0.9700626024713991,0.99072265625,0.09939359245113977,0.0
baseline,2000,ood_dev,14,4096,3790,3905,56659,57344,0.92529296875,0.9168366756670765,0.9329522820264635,0.953369140625,0.9464763369080933,0.9594123510579824,0.9880545479910714,0.1391429471945269,0.0
baseline,2000,ood_dev,15,4096,3719,3866,60525,61440,0.907958984375,0.8987196023793654,0.9164338696676525,0.94384765625,0.9363725983801838,0.9504909636673797,0.985107421875,0.17162216522729246,0.0
baseline,2000,ood_dev,16,4096,3644,3837,64362,65536,0.8896484375,0.8796854187974655,0.8988812726370291,0.936767578125,0.9288972057773469,0.9438194677667077,0.982086181640625,0.1957812168080828,0.0
baseline,2000,ood_dev,17,4096,3559,3789,68151,69632,0.868896484375,0.8582137378213254,0.878887935585643,0.925048828125,0.916580713871883,0.9327204200801565,0.9787310431985294,0.2305682074081865,0.0
baseline,2000,ood_dev,18,4096,3490,3764,71915,73728,0.85205078125,0.8408478125539957,0.8625940226894514,0.9189453125,0.9101894761317266,0.9269160642828052,0.9754096137152778,0.26256790354628556,0.0
baseline,2000,ood_dev,19,4096,3413,3711,75626,77824,0.833251953125,0.8215254984383661,0.844353908709557,0.906005859375,0.8966846914232689,0.9145661906917466,0.9717567845394737,0.29946792318597737,0.0
baseline,2000,ood_dev,20,4096,3323,3649,79275,81920,0.811279296875,0.7990067679900137,0.8229685024228814,0.890869140625,0.8809515541684672,0.9000542559735292,0.96771240234375,0.3448117911144486,0.0
baseline,2000,ood_dev,21,4096,3252,3648,82923,86016,0.7939453125,0.7812859610293499,0.8060538237370234,0.890625,0.8806982972702632,0.8998196891302327,0.9640415736607143,0.37184480769004224,0.0
baseline,2000,ood_dev,22,4096,3145,3551,86474,90112,0.767822265625,0.754644640841801,0.780498003584039,0.866943359375,0.8561975725255366,0.8770015109494291,0.9596280184659091,0.43634069585117885,0.0
baseline,2000,ood_dev,23,4096,3064,3522,89996,94208,0.748046875,0.7345235343408396,0.7611053870234754,0.85986328125,0.8488951055782347,0.8701570893932221,0.9552904211956522,0.4895102553641486,0.0
baseline,2000,ood_dev,24,4096,2991,3493,93489,98304,0.730224609375,0.7164211082787988,0.7435966799559934,0.852783203125,0.8416017930965025,0.8633035133714453,0.951019287109375,0.5243424346376511,0.0
baseline,2000,ood_dev,25,4096,2910,3426,96915,102400,0.71044921875,0.69636730859962,0.7241367565736472,0.83642578125,0.8247838437321071,0.84743727205532,0.946435546875,0.5868522439816761,0.0
baseline,2000,ood_dev,26,4096,2833,3370,100285,106496,0.691650390625,0.6773335791505196,0.7056080579272236,0.82275390625,0.8107582989442972,0.8341446873191125,0.9416785606971154,0.6468435066576426,0.0
baseline,2000,ood_dev,27,4096,2746,3349,103634,110592,0.67041015625,0.6558608931079,0.6846400784593163,0.817626953125,0.8055054614633155,0.8291532262285877,0.9370840567129629,0.6926661806093861,0.0
baseline,2000,ood_dev,28,4096,2676,3307,106941,114688,0.6533203125,0.6386082180351349,0.6677450916270598,0.807373046875,0.7950101387615238,0.8191599517873664,0.9324515206473214,0.7162886909231059,0.0
baseline,2000,ood_dev,29,4096,2565,3231,110172,118784,0.626220703125,0.6112926185540916,0.6409122558015686,0.788818359375,0.776051398203665,0.8010440879912017,0.9274986530172413,0.7801121116971412,0.0
baseline,2000,ood_dev,30,4096,2479,3181,113353,122880,0.605224609375,0.5901634077663968,0.6200886248202367,0.776611328125,0.7635999027671785,0.7891043963526727,0.9224690755208333,0.8490330988159585,0.0
baseline,2000,ood_dev,31,4096,2392,3127,116480,126976,0.583984375,0.5688178841313124,0.5989934829447942,0.763427734375,0.750169970672314,0.7761918464065205,0.9173387096774194,0.9158594432902394,0.0
baseline,2000,ood_dev,32,4096,2293,3070,119550,131072,0.559814453125,0.5445631720959709,0.574953644571605,0.74951171875,0.7360126972300266,0.7625431665832901,0.9120941162109375,0.9476543285716801,0.0
baseline,2000,ood_dev,33,4096,2243,3078,122628,135168,0.547607421875,0.5323272408452423,0.5627983887473181,0.75146484375,0.7379985615111244,0.7644598922341947,0.9072265625,0.9868325476098505,0.0
baseline,2000,ood_dev,34,4096,2167,3004,125632,139264,0.529052734375,0.5137463036598101,0.5443047215787268,0.7333984375,0.7196427439243488,0.7467167529499475,0.9021139705882353,1.061228895512638,0.0
baseline,2000,ood_dev,35,4096,2097,2980,128612,143360,0.511962890625,0.4966510154740532,0.5272523478594621,0.7275390625,0.7136957969964176,0.7409559300818712,0.8971261160714286,1.1150875905748592,0.0
baseline,2000,ood_dev,36,4096,2032,2937,131549,147456,0.49609375,0.4807928333637309,0.5114019867722641,0.717041015625,0.7030482477972531,0.7306270583965224,0.8921237521701388,1.189964620108153,0.0
baseline,2500,dev,1,4096,4096,4096,4096,4096,1.0,0.9990630225926348,0.9999999999999999,1.0,0.9990630225926348,0.9999999999999999,1.0,0.0006888986802415786,0.0
baseline,2500,dev,2,4096,4096,4096,8192,8192,1.0,0.9990630225926348,0.9999999999999999,1.0,0.9990630225926348,0.9999999999999999,1.0,0.0004881006010899469,0.0
baseline,2500,dev,3,4096,4096,4096,12288,12288,1.0,0.9990630225926348,0.9999999999999999,1.0,0.9990630225926348,0.9999999999999999,1.0,0.0005420018281281358,0.0
baseline,2500,dev,4,4096,4096,4096,16384,16384,1.0,0.9990630225926348,0.9999999999999999,1.0,0.9990630225926348,0.9999999999999999,1.0,0.0007853264594217535,0.0
baseline,2500,dev,5,4096,4095,4095,20479,20480,0.999755859375,0.9986182969663738,0.9999569018847606,0.999755859375,0.9986182969663738,0.9999569018847606,0.999951171875,0.0013371996028306299,0.0
baseline,2500,dev,6,4096,4094,4095,24574,24576,0.99951171875,0.9982212896544476,0.9998660854551866,0.999755859375,0.9986182969663738,0.9999569018847606,0.9999186197916666,0.0019291418901845603,0.0
baseline,2500,dev,7,4096,4088,4090,28664,28672,0.998046875,0.9961504506055915,0.9990099820550408,0.99853515625,0.9968075986857966,0.9993284814578364,0.9997209821428571,0.0044450255712242814,0.0
baseline,2500,dev,8,4096,4084,4089,32753,32768,0.9970703125,0.9948858699188933,0.9983232677757378,0.998291015625,0.9964763422189936,0.9991719141831389,0.999542236328125,0.006665576950057428,0.0
baseline,2500,dev,9,4096,4071,4079,36832,36864,0.993896484375,0.9910051126562461,0.995862316398881,0.995849609375,0.9933629968413301,0.9974070221457995,0.9991319444444444,0.01435192066358848,0.0
baseline,2500,dev,10,4096,4054,4066,40898,40960,0.98974609375,0.9861695639225535,0.9924048615270683,0.99267578125,0.9895635962243474,0.994864714123278,0.998486328125,0.023992360287764747,0.0
baseline,2500,dev,11,4096,4031,4054,44952,45056,0.984130859375,0.9798251184139876,0.987529360981127,0.98974609375,0.9861695639225535,0.9924048615270683,0.9976917613636364,0.030823837851021274,0.0
baseline,2500,dev,12,4096,3993,4030,48982,49152,0.974853515625,0.9695953616072256,0.9792218156108773,0.98388671875,0.9795525973497291,0.9873140583038852,0.9965413411458334,0.04724400304589338,0.0
baseline,2500,ood_dev,1,4096,4096,4096,4096,4096,1.0,0.9990630225926348,0.9999999999999999,1.0,0.9990630225926348,0.9999999999999999,1.0,0.0006928248489472821,0.0
baseline,2500,ood_dev,2,4096,4096,4096,8192,8192,1.0,0.9990630225926348,0.9999999999999999,1.0,0.9990630225926348,0.9999999999999999,1.0,0.00047475676271790945,0.0
baseline,2500,ood_dev,3,4096,4096,4096,12288,12288,1.0,0.9990630225926348,0.9999999999999999,1.0,0.9990630225926348,0.9999999999999999,1.0,0.0004971289272548418,0.0
baseline,2500,ood_dev,4,4096,4096,4096,16384,16384,1.0,0.9990630225926348,0.9999999999999999,1.0,0.9990630225926348,0.9999999999999999,1.0,0.0008073764345004619,0.0
baseline,2500,ood_dev,5,4096,4096,4096,20480,20480,1.0,0.9990630225926348,0.9999999999999999,1.0,0.9990630225926348,0.9999999999999999,1.0,0.0015450460286379197,0.0
baseline,2500,ood_dev,6,4096,4094,4094,24574,24576,0.99951171875,0.9982212896544476,0.9998660854551866,0.99951171875,0.9982212896544476,0.9998660854551866,0.9999186197916666,0.0028376503573648293,0.0
baseline,2500,ood_dev,7,4096,4087,4089,28663,28672,0.997802734375,0.9958290482073086,0.9988435607118235,0.998291015625,0.9964763422189936,0.9991719141831389,0.9996861049107143,0.006630971350006121,0.0
baseline,2500,ood_dev,8,4096,4082,4089,32752,32768,0.99658203125,0.9942706398960515,0.9979628503155791,0.998291015625,0.9964763422189936,0.9991719141831389,0.99951171875,0.008827503573568762,0.0
baseline,2500,ood_dev,9,4096,4062,4073,36825,36864,0.99169921875,0.9884233098915096,0.9940537054901146,0.994384765625,0.991587789433178,0.9962552871049496,0.9989420572916666,0.016069748362890657,0.0
baseline,2500,ood_dev,10,4096,4043,4058,40883,40960,0.987060546875,0.983114860378963,0.9900935039141554,0.99072265625,0.987292434466316,0.993233285949307,0.9981201171875,0.024577226325639856,0.0
baseline,2500,ood_dev,11,4096,4018,4045,44928,45056,0.98095703125,0.9762985198015777,0.984714250954033,0.987548828125,0.9836671128801424,0.9905168988959765,0.9971590909090909,0.036833537503856206,0.0
baseline,2500,ood_dev,12,4096,3994,4037,48965,49152,0.97509765625,0.969861879182557,0.9794431217770462,0.985595703125,0.9814652366612112,0.9888161851829053,0.9961954752604166,0.048170922250503345,0.0
baseline,2500,ood_dev,13,4096,3937,3990,52955,53248,0.961181640625,0.9548210542172663,0.9666779934768192,0.97412109375,0.9687965056840521,0.9785572003095498,0.9944974459134616,0.06689173515406655,0.0
baseline,2500,ood_dev,14,4096,3892,3968,56923,57344,0.9501953125,0.9431011870208181,0.9564457923057534,0.96875,0.9629667829716362,0.9736548007089589,0.9926583426339286,0.09043203696510016,0.0
baseline,2500,ood_dev,15,4096,3845,3943,60866,61440,0.938720703125,0.930956550506342,0.945662712969715,0.962646484375,0.9563923454033983,0.968033644739689,0.9906575520833333,0.11165655503772953,0.0
baseline,2500,ood_dev,16,4096,3797,3933,64799,65536,0.927001953125,0.9186291140947668,0.9345746097892754,0.960205078125,0.9537747892075905,0.9657729635204937,0.9887542724609375,0.1309643417826285,0.0
baseline,2500,ood_dev,17,4096,3750,3903,68702,69632,0.91552734375,0.9066165820637565,0.9236594259697711,0.952880859375,0.9459565706946147,0.9589564697884603,0.9866440716911765,0.1517920607080212,0.0
baseline,2500,ood_dev,18,4096,3688,3856,72558,73728,0.900390625,0.8908407331020064,0.9091902029585018,0.94140625,0.9337916055815723,0.9481937190509881,0.984130859375,0.1863399530552563,0.0
baseline,2500,ood_dev,19,4096,3626,3814,76372,77824,0.88525390625,0.875130353941446,0.894655510146043,0.93115234375,0.9229875245115166,0.9385092029780308,0.9813425164473685,0.22034754815936264,0.0
baseline,2500,ood_dev,20,4096,3548,3749,80121,81920,0.8662109375,0.8554417028962036,0.8762939093542614,0.915283203125,0.9063615365223625,0.9234266477696647,0.97803955078125,0.2693788870353808,0.0
baseline,2500,ood_dev,21,4096,3483,3741,83862,86016,0.850341796875,0.8390888795213388,0.8609381895316061,0.913330078125,0.9043219227972369,0.9215636715627878,0.9749581473214286,0.2915951090686981,0.0
baseline,2500,ood_dev,22,4096,3415,3694,87556,90112,0.833740234375,0.8220266847937266,0.8448283698371971,0.90185546875,0.8923643526216571,0.910593525887853,0.9716352982954546,0.3270536176201473,0.0
baseline,2500,ood_dev,23,4096,3346,3668,91224,94208,0.81689453125,0.8047553434565755,0.8284398730108269,0.8955078125,0.8857663367312384,0.9045081244992638,0.9683254076086957,0.35609407782702895,0.0
baseline,2500,ood_dev,24,4096,3278,3630,94854,98304,0.80029296875,0.7877710630649415,0.8122521389804398,0.88623046875,0.8761421890699558,0.8955949699835345,0.96490478515625,0.3940052243512522,0.0
baseline,2500,ood_dev,25,4096,3205,3603,98457,102400,0.782470703125,0.7695745952342299,0.7948374736816288,0.879638671875,0.8693165892508347,0.8892493287821474,0.961494140625,0.43352886928192635,0.0
baseline,2500,ood_dev,26,4096,3113,3533,101990,106496,0.760009765625,0.746691002838137,0.772841281859693,0.862548828125,0.8516638974389052,0.8727543586890549,0.9576885516826923,0.4935409077190984,0.0
baseline,2500,ood_dev,27,4096,3052,3522,105512,110592,0.7451171875,0.7315458086324581,0.758229227833853,0.85986328125,0.8488951055782347,0.8701570893932221,0.9540653935185185,0.5318317130033625,0.0
baseline,2500,ood_dev,28,4096,2989,3491,109003,114688,0.729736328125,0.7159255504204031,0.7431165903313887,0.852294921875,0.8410991292063144,0.862830529778633,0.9504307338169643,0.591681752440719,0.0
baseline,2500,ood_dev,29,4096,2920,3453,112456,118784,0.712890625,0.6988413115951353,0.7265409909931351,0.843017578125,0.83155607536569,0.8538362814422454,0.9467268318965517,0.6095515137911596,0.0
baseline,2500,ood_dev,30,4096,2845,3399,115855,122880,0.694580078125,0.6802980337353984,0.7084974882403486,0.829833984375,0.8180181714909365,0.8410317032759822,0.9428304036458334,0.654967215121883,0.0
baseline,2500,ood_dev,31,4096,2757,3364,119219,126976,0.673095703125,0.6585739611952076,0.687293071528512,0.8212890625,0.8092571256308778,0.8327189181835302,0.9389097152217742,0.7052928295291139,0.0
baseline,2500,ood_dev,32,4096,2683,3335,122554,131072,0.655029296875,0.6403325411191741,0.6694355347335227,0.814208984375,0.802005514265969,0.82582364104493,0.9350128173828125,0.7482579608076243,0.0
baseline,2500,ood_dev,33,4096,2622,3319,125873,135168,0.64013671875,0.6253132067107798,0.6546976209103981,0.810302734375,0.798007430069397,0.8220165453774969,0.9312337239583334,0.7858000568233452,0.0
baseline,2500,ood_dev,34,4096,2563,3275,129148,139264,0.625732421875,0.6108009072708153,0.6404283196018444,0.799560546875,0.7870225394008806,0.8115371914199997,0.9273609834558824,0.8232867559529806,0.0
baseline,2500,ood_dev,35,4096,2489,3210,132358,143360,0.607666015625,0.5926187938471369,0.6225114761544998,0.78369140625,0.7708197894475014,0.7960313981758588,0.9232561383928571,0.8692545069103987,0.0
baseline,2500,ood_dev,36,4096,2429,3219,135577,147456,0.593017578125,0.5778923056350741,0.6079685398765441,0.785888671875,0.7730615507648547,0.7981800505320081,0.9194403754340278,0.9133328556644402,0.0
baseline,3000,dev,1,4096,4096,4096,4096,4096,1.0,0.9990630225926348,0.9999999999999999,1.0,0.9990630225926348,0.9999999999999999,1.0,0.0003456649494246733,0.0
baseline,3000,dev,2,4096,4096,4096,8192,8192,1.0,0.9990630225926348,0.9999999999999999,1.0,0.9990630225926348,0.9999999999999999,1.0,0.00023366460147844492,0.0
baseline,3000,dev,3,4096,4096,4096,12288,12288,1.0,0.9990630225926348,0.9999999999999999,1.0,0.9990630225926348,0.9999999999999999,1.0,0.0002812699949781283,0.0
baseline,3000,dev,4,4096,4096,4096,16384,16384,1.0,0.9990630225926348,0.9999999999999999,1.0,0.9990630225926348,0.9999999999999999,1.0,0.00039712160218696724,0.0
baseline,3000,dev,5,4096,4096,4096,20480,20480,1.0,0.9990630225926348,0.9999999999999999,1.0,0.9990630225926348,0.9999999999999999,1.0,0.0007230393435495586,0.0
baseline,3000,dev,6,4096,4095,4095,24575,24576,0.999755859375,0.9986182969663738,0.9999569018847606,0.999755859375,0.9986182969663738,0.9999569018847606,0.9999593098958334,0.0015322154047536785,0.0
baseline,3000,dev,7,4096,4092,4093,28668,28672,0.9990234375,0.9974915571936952,0.9996201704329383,0.999267578125,0.9978486714629491,0.9997508799051849,0.9998604910714286,0.0033277660682711208,0.0
baseline,3000,dev,8,4096,4083,4085,32753,32768,0.996826171875,0.9945771012522003,0.9981442127009305,0.997314453125,0.9951972177470491,0.9984997436890822,0.999542236328125,0.007347747539021121,0.0
baseline,3000,dev,9,4096,4067,4075,36828,36864,0.992919921875,0.9898503448988859,0.9950657891902398,0.994873046875,0.9921745882319427,0.9966441357891856,0.9990234375,0.014632598798664631,0.0
baseline,3000,dev,10,4096,4046,4061,40889,40960,0.98779296875,0.983943722660208,0.9907281128574114,0.991455078125,0.9881397703182205,0.9938494213219035,0.9982666015625,0.02383136083627324,0.0
baseline,3000,dev,11,4096,4020,4046,44935,45056,0.9814453125,0.9768389428205996,0.9851494754180116,0.98779296875,0.983943722660208,0.9907281128574114,0.997314453125,0.036580044286806945,0.0
baseline,3000,dev,12,4096,3992,4027,48962,49152,0.974609375,0.9693289612445153,0.9790003922320873,0.983154296875,0.978736356856804,0.9866668275723093,0.9961344401041666,0.05386727037626304,0.0
baseline,3000,ood_dev,1,4096,4096,4096,4096,4096,1.0,0.9990630225926348,0.9999999999999999,1.0,0.9990630225926348,0.9999999999999999,1.0,0.00034555834390914697,0.0
baseline,3000,ood_dev,2,4096,4096,4096,8192,8192,1.0,0.9990630225926348,0.9999999999999999,1.0,0.9990630225926348,0.9999999999999999,1.0,0.00022679883888798713,0.0
baseline,3000,ood_dev,3,4096,4096,4096,12288,12288,1.0,0.9990630225926348,0.9999999999999999,1.0,0.9990630225926348,0.9999999999999999,1.0,0.000288137207996364,0.0
baseline,3000,ood_dev,4,4096,4096,4096,16384,16384,1.0,0.9990630225926348,0.9999999999999999,1.0,0.9990630225926348,0.9999999999999999,1.0,0.0005267792020413609,0.0
baseline,3000,ood_dev,5,4096,4096,4096,20480,20480,1.0,0.9990630225926348,0.9999999999999999,1.0,0.9990630225926348,0.9999999999999999,1.0,0.000646737458099178,0.0
baseline,3000,ood_dev,6,4096,4096,4096,24576,24576,1.0,0.9990630225926348,0.9999999999999999,1.0,0.9990630225926348,0.9999999999999999,1.0,0.0015261819642984342,0.0
baseline,3000,ood_dev,7,4096,4089,4089,28665,28672,0.998291015625,0.9964763422189936,0.9991719141831389,0.998291015625,0.9964763422189936,0.9991719141831389,0.999755859375,0.0058947822524193505,0.0
baseline,3000,ood_dev,8,4096,4082,4082,32747,32768,0.99658203125,0.9942706398960515,0.9979628503155791,0.99658203125,0.9942706398960515,0.9979628503155791,0.999359130859375,0.01013378103504392,0.0
baseline,3000,ood_dev,9,4096,4067,4071,36818,36864,0.992919921875,0.9898503448988859,0.9950657891902398,0.993896484375,0.9910051126562461,0.995862316398881,0.9987521701388888,0.01721131042617685,0.0
baseline,3000,ood_dev,10,4096,4050,4063,40881,40960,0.98876953125,0.9850536128857085,0.9915695175979121,0.991943359375,0.9887074354065306,0.9942574037165939,0.9980712890625,0.023629269298791833,0.0
baseline,3000,ood_dev,11,4096,4021,4043,44924,45056,0.981689453125,0.9771094258840555,0.9853668160960561,0.987060546875,0.983114860378963,0.9900935039141554,0.9970703125,0.03773464431264317,0.0
baseline,3000,ood_dev,12,4096,3977,4008,48932,49152,0.970947265625,0.9653459981138298,0.975665999240268,0.978515625,0.973606447163245,0.9825280861773625,0.9955240885416666,0.06400757599720652,0.0
baseline,3000,ood_dev,13,4096,3937,3988,52920,53248,0.961181640625,0.9548210542172663,0.9666779934768192,0.9736328125,0.9682644999293395,0.9781135585812619,0.9938401442307693,0.07890507962465598,0.0
baseline,3000,ood_dev,14,4096,3882,3950,56870,57344,0.94775390625,0.9405100178795183,0.9541587240320502,0.96435546875,0.9582285450750817,0.9696122112585078,0.9917340959821429,0.10476848508907732,0.0
baseline,3000,ood_dev,15,4096,3831,3933,60803,61440,0.935302734375,0.9273540238865371,0.9424357072085155,0.960205078125,0.9537747892075905,0.9657729635204937,0.9896321614583333,0.12531153013157503,0.0
baseline,3000,ood_dev,16,4096,3767,3887,64690,65536,0.919677734375,0.9109556576829947,0.9276133539560381,0.948974609375,0.9418050708778951,0.955302789741175,0.987091064453125,0.16635980484925827,0.0
baseline,3000,ood_dev,17,4096,3698,3839,68529,69632,0.90283203125,0.8933804434366174,0.911528730038894,0.937255859375,0.9294118497021406,0.9442804713249144,0.9841595818014706,0.20046532223265245,0.0
baseline,3000,ood_dev,18,4096,3629,3806,72335,73728,0.885986328125,0.8758892090804093,0.8953601262315807,0.92919921875,0.9209355407485826,0.9366585968089622,0.9811062282986112,0.2270448817476769,0.0
baseline,3000,ood_dev,19,4096,3575,3802,76137,77824,0.872802734375,0.8622483549890327,0.8826584982819405,0.92822265625,0.9199101986690307,0.935732643922513,0.9783228824013158,0.24245742284520677,0.0
baseline,3000,ood_dev,20,4096,3488,3735,79872,81920,0.8515625,0.8403452097309037,0.8621209780295427,0.911865234375,0.9027930715550466,0.9201655803559762,0.975,0.27530553341943254,0.0
baseline,3000,ood_dev,21,4096,3424,3719,83591,86016,0.8359375,0.8242824617838188,0.8469630065206076,0.907958984375,0.8987196023793654,0.9164338696676525,0.9718075706845238,0.31874220344421733,0.0
baseline,3000,ood_dev,22,4096,3368,3666,87257,90112,0.822265625,0.8102578752813623,0.8336694634990469,0.89501953125,0.8852592531857103,0.9040395605617911,0.9683172052556818,0.36694723243082183,0.0
baseline,3000,ood_dev,23,4096,3292,3618,90875,94208,0.8037109375,0.7912650258604237,0.815587708565962,0.88330078125,0.8731073554786435,0.8927759186768431,0.9646208389945652,0.41582927172658213,0.0
baseline,3000,ood_dev,24,4096,3213,3562,94437,98304,0.784423828125,0.7715669842082322,0.7967476746396289,0.86962890625,0.8589699942813361,0.879595150350133,0.960662841796875,0.46023141056168004,0.0
baseline,3000,ood_dev,25,4096,3131,3521,97958,102400,0.764404296875,0.7511641743532573,0.7771489376915783,0.859619140625,0.8486434629761094,0.8699209082538472,0.95662109375,0.5028868374679965,0.0
baseline,3000,ood_dev,26,4096,3057,3494,101452,106496,0.746337890625,0.7327864308470848,0.759427724326728,0.85302734375,0.841853140376231,0.8635399898332172,0.95263671875,0.5704357086793816,0.0
baseline,3000,ood_dev,27,4096,2985,3443,104895,110592,0.728759765625,0.7149344970798438,0.7421563487059467,0.840576171875,0.829047056116625,0.8514670632763075,0.948486328125,0.6215032580676589,0.0
baseline,3000,ood_dev,28,4096,2911,3423,108318,114688,0.710693359375,0.696614686866384,0.7243772020483835,0.835693359375,0.8240317842605936,0.8467258603023325,0.9444580078125,0.6754401729052226,0.0
baseline,3000,ood_dev,29,4096,2838,3355,111673,118784,0.69287109375,0.6785686873071428,0.7068120684781021,0.819091796875,0.8070059112906308,0.8305797188502743,0.9401350350215517,0.7351129403355303,0.0
baseline,3000,ood_dev,30,4096,2755,3299,114972,122880,0.672607421875,0.6580806364593884,0.6868107487813307,0.805419921875,0.7930125396219495,0.8172549609949383,0.93564453125,0.8024834198798203,0.0
baseline,3000,ood_dev,31,4096,2689,3294,118266,126976,0.656494140625,0.6418106977365562,0.6708843205651426,0.80419921875,0.79176427901958,0.8160641028898061,0.9314043598790323,0.8392190875292798,0.0
baseline,3000,ood_dev,32,4096,2629,3250,121516,131072,0.641845703125,0.6270359498398671,0.656389643971813,0.79345703125,0.7807873017807578,0.8055768355026147,0.927093505859375,0.8798632261136632,0.0
baseline,3000,ood_dev,33,4096,2558,3192,124708,135168,0.62451171875,0.6095716993938474,0.6392184087713106,0.779296875,0.7663378466019042,0.7917325136744504,0.9226148200757576,0.9619234772572947,0.0
baseline,3000,ood_dev,34,4096,2484,3173,127881,139264,0.6064453125,0.5913910519567934,0.6213000993373418,0.774658203125,0.7616091504468746,0.7871925587409742,0.9182631548713235,1.0073649968777847,0.0
baseline,3000,ood_dev,35,4096,2416,3137,131018,143360,0.58984375,0.5747033985714631,0.6048157383006509,0.765869140625,0.7526556587868746,0.778584395706963,0.9139090401785714,1.055382760116391,0.0
baseline,3000,ood_dev,36,4096,2348,3088,134106,147456,0.5732421875,0.5580334580910074,0.5883136643590856,0.75390625,0.7404814000940155,0.7668552910663068,0.9094645182291666,1.106894377868524,0.0
baseline,3500,dev,1,4096,4096,4096,4096,4096,1.0,0.9990630225926348,0.9999999999999999,1.0,0.9990630225926348,0.9999999999999999,1.0,0.0002918469689827674,0.0
baseline,3500,dev,2,4096,4096,4096,8192,8192,1.0,0.9990630225926348,0.9999999999999999,1.0,0.9990630225926348,0.9999999999999999,1.0,0.00020554735011391045,0.0
baseline,3500,dev,3,4096,4096,4096,12288,12288,1.0,0.9990630225926348,0.9999999999999999,1.0,0.9990630225926348,0.9999999999999999,1.0,0.00023154841591921382,0.0
baseline,3500,dev,4,4096,4096,4096,16384,16384,1.0,0.9990630225926348,0.9999999999999999,1.0,0.9990630225926348,0.9999999999999999,1.0,0.0002703440571201199,0.0
baseline,3500,dev,5,4096,4096,4096,20480,20480,1.0,0.9990630225926348,0.9999999999999999,1.0,0.9990630225926348,0.9999999999999999,1.0,0.0003592094114104327,0.0
baseline,3500,dev,6,4096,4096,4096,24576,24576,1.0,0.9990630225926348,0.9999999999999999,1.0,0.9990630225926348,0.9999999999999999,1.0,0.0005206332901623867,0.0
baseline,3500,dev,7,4096,4096,4096,28672,28672,1.0,0.9990630225926348,0.9999999999999999,1.0,0.9990630225926348,0.9999999999999999,1.0,0.0009062637192309708,0.0
baseline,3500,dev,8,4096,4093,4093,32765,32768,0.999267578125,0.9978486714629491,0.9997508799051849,0.999267578125,0.9978486714629491,0.9997508799051849,0.999908447265625,0.002777836075946283,0.0
baseline,3500,dev,9,4096,4087,4089,36854,36864,0.997802734375,0.9958290482073086,0.9988435607118235,0.998291015625,0.9964763422189936,0.9991719141831389,0.9997287326388888,0.0057759612714987085,0.0
baseline,3500,dev,10,4096,4081,4082,40936,40960,0.996337890625,0.9939662587473084,0.9977794077228217,0.99658203125,0.9942706398960515,0.9979628503155791,0.9994140625,0.009863500341982245,0.0
baseline,3500,dev,11,4096,4074,4079,45015,45056,0.99462890625,0.9918806406223304,0.9964502596572975,0.995849609375,0.9933629968413301,0.9974070221457995,0.9990900213068182,0.012102258954104883,0.0
baseline,3500,dev,12,4096,4064,4073,49088,49152,0.9921875,0.9889921727170213,0.9944604901476036,0.994384765625,0.991587789433178,0.9962552871049496,0.9986979166666666,0.017967544087156284,0.0
baseline,3500,ood_dev,1,4096,4096,4096,4096,4096,1.0,0.9990630225926348,0.9999999999999999,1.0,0.9990630225926348,0.9999999999999999,1.0,0.0002981101555867838,0.0
baseline,3500,ood_dev,2,4096,4096,4096,8192,8192,1.0,0.9990630225926348,0.9999999999999999,1.0,0.9990630225926348,0.9999999999999999,1.0,0.00020924870424643416,0.0
baseline,3500,ood_dev,3,4096,4096,4096,12288,12288,1.0,0.9990630225926348,0.9999999999999999,1.0,0.9990630225926348,0.9999999999999999,1.0,0.00023927864793726883,0.0
baseline,3500,ood_dev,4,4096,4096,4096,16384,16384,1.0,0.9990630225926348,0.9999999999999999,1.0,0.9990630225926348,0.9999999999999999,1.0,0.0002967670126681199,0.0
baseline,3500,ood_dev,5,4096,4096,4096,20480,20480,1.0,0.9990630225926348,0.9999999999999999,1.0,0.9990630225926348,0.9999999999999999,1.0,0.0003739757586780357,0.0
baseline,3500,ood_dev,6,4096,4096,4096,24576,24576,1.0,0.9990630225926348,0.9999999999999999,1.0,0.9990630225926348,0.9999999999999999,1.0,0.0007118213211425584,0.0
baseline,3500,ood_dev,7,4096,4093,4093,28669,28672,0.999267578125,0.9978486714629491,0.9997508799051849,0.999267578125,0.9978486714629491,0.9997508799051849,0.9998953683035714,0.0019976143194968543,0.0
baseline,3500,ood_dev,8,4096,4089,4092,32761,32768,0.998291015625,0.9964763422189936,0.9991719141831389,0.9990234375,0.9974915571936952,0.9996201704329383,0.999786376953125,0.004095653511267727,0.0
baseline,3500,ood_dev,9,4096,4083,4086,36847,36864,0.996826171875,0.9945771012522003,0.9981442127009305,0.99755859375,0.9955114747539533,0.9986733104236785,0.9995388454861112,0.007871192439539598,0.0
baseline,3500,ood_dev,10,4096,4075,4080,40927,40960,0.994873046875,0.9921745882319427,0.9966441357891856,0.99609375,0.9936637657680687,0.9975940769605611,0.9991943359375,0.010803227232030643,0.0
baseline,3500,ood_dev,11,4096,4059,4064,44991,45056,0.990966796875,0.9875743543279273,0.993439189829196,0.9921875,0.9889921727170213,0.9944604901476036,0.9985573508522727,0.019481705188079346,0.0
baseline,3500,ood_dev,12,4096,4047,4061,49052,49152,0.988037109375,0.9842206673133682,0.9909389919457514,0.991455078125,0.9881397703182205,0.9938494213219035,0.9979654947916666,0.026711587495742428,0.0
baseline,3500,ood_dev,13,4096,4024,4043,53095,53248,0.982421875,0.9779220041441211,0.9860177090604912,0.987060546875,0.983114860378963,0.9900935039141554,0.9971266526442307,0.03856499397828017,0.0
baseline,3500,ood_dev,14,4096,4003,4043,57138,57344,0.977294921875,0.9722661011607102,0.9814293134723958,0.987060546875,0.983114860378963,0.9900935039141554,0.9964076450892857,0.04115152660291699,0.0
baseline,3500,ood_dev,15,4096,3974,4017,61155,61440,0.97021484375,0.9645521097608273,0.9749964163687698,0.980712890625,0.9760285730987803,0.9844963739153301,0.995361328125,0.052512217973788466,0.0
baseline,3500,ood_dev,16,4096,3937,3993,65148,65536,0.961181640625,0.9548210542172663,0.9666779934768192,0.974853515625,0.9695953616072256,0.9792218156108773,0.99407958984375,0.07767190988887585,0.0
baseline,3500,ood_dev,17,4096,3890,3965,69113,69632,0.94970703125,0.9425826106663004,0.9559887211772704,0.968017578125,0.96217528928926,0.9729828231668342,0.9925465303308824,0.09817006890170799,0.0
baseline,3500,ood_dev,18,4096,3844,3937,73050,73728,0.9384765625,0.9306990192363365,0.9454324204982203,0.961181640625,0.9548210542172663,0.9666779934768192,0.9908040364583334,0.11994573684402088,0.0
baseline,3500,ood_dev,19,4096,3806,3923,76973,77824,0.92919921875,0.9209355407485826,0.9366585968089622,0.957763671875,0.951163293350015,0.9635062219630662,0.9890650699013158,0.13099177073857504,0.0
baseline,3500,ood_dev,20,4096,3760,3890,80863,81920,0.91796875,0.9091682131124504,0.9259860323360801,0.94970703125,0.9425826106663004,0.9559887211772704,0.98709716796875,0.15140958806384397,0.0
baseline,3500,ood_dev,21,4096,3709,3867,84730,86016,0.905517578125,0.8961761478487502,0.9140990867832646,0.944091796875,0.9366308983630394,0.9507204874260244,0.9850492931547619,0.1868011663001825,0.0
baseline,3500,ood_dev,22,4096,3659,3837,88567,90112,0.893310546875,0.8834849554963446,0.9023990920606546,0.936767578125,0.9288972057773469,0.9438194677667077,0.9828546697443182,0.2186999980715285,0.0
baseline,3500,ood_dev,23,4096,3606,3794,92361,94208,0.88037109375,0.8700745010385601,0.8899548882189229,0.92626953125,0.9178607737962339,0.9338794788633074,0.9803944463315217,0.24624147155751164,0.0
baseline,3500,ood_dev,24,4096,3553,3767,96128,98304,0.867431640625,0.856701543629456,0.8774731873285104,0.919677734375,0.9109556576829947,0.9276133539560381,0.9778645833333334,0.28489866075549486,0.0
baseline,3500,ood_dev,25,4096,3500,3742,99870,102400,0.8544921875,0.8433614400717089,0.8649586325867411,0.91357421875,0.9045768022865681,0.9217966158149569,0.97529296875,0.31548170955981103,0.0
baseline,3500,ood_dev,26,4096,3431,3688,103558,106496,0.837646484375,0.8260374562848546,0.848622778210074,0.900390625,0.8908407331020064,0.9091902029585018,0.972412109375,0.35418285602782174,0.0
baseline,3500,ood_dev,27,4096,3364,3650,107208,110592,0.8212890625,0.8092571256308778,0.8327189181835302,0.89111328125,0.8812048260661931,0.9002888078173035,0.9694010416666666,0.3776141675889031,0.0
baseline,3500,ood_dev,28,4096,3293,3625,110833,114688,0.803955078125,0.7915146488016144,0.8158259093662715,0.885009765625,0.8748774303742215,0.8944206099717673,0.9663870675223214,0.41579616900566485,0.0
baseline,3500,ood_dev,29,4096,3247,3625,114458,118784,0.792724609375,0.7800393643630118,0.8048613016958598,0.885009765625,0.8748774303742215,0.8944206099717673,0.9635809536637931,0.4439209434167619,0.0
baseline,3500,ood_dev,30,4096,3187,3581,118039,122880,0.778076171875,0.7650932315093113,0.7905380100595418,0.874267578125,0.8637621415848652,0.88407165413511,0.9606038411458333,0.47683171678551695,0.0
baseline,3500,ood_dev,31,4096,3129,3555,121594,126976,0.763916015625,0.7506670606194392,0.776670403942396,0.867919921875,0.8572055614004055,0.8779448170405617,0.9576140372983871,0.5147373619977991,0.0
baseline,3500,ood_dev,32,4096,3064,3505,125099,131072,0.748046875,0.7345235343408396,0.7611053870234754,0.855712890625,0.8446186417242619,0.8661405496416897,0.9544296264648438,0.5641744912575231,0.0
baseline,3500,ood_dev,33,4096,3013,3488,128587,135168,0.735595703125,0.7218736280701865,0.7488762824776125,0.8515625,0.8403452097309037,0.8621209780295427,0.9513124408143939,0.5987687484086734,0.0
baseline,3500,ood_dev,34,4096,2935,3438,132025,139264,0.716552734375,0.702553239723425,0.73014641898735,0.83935546875,0.8277928955098375,0.8502821051755933,0.9480195886948529,0.6383860096648251,0.0
baseline,3500,ood_dev,35,4096,2884,3414,135439,143360,0.7041015625,0.689937176965354,0.7178834709289053,0.83349609375,0.8217760872138762,0.8445911436755471,0.9447474888392857,0.691619748841835,0.0
baseline,3500,ood_dev,36,4096,2828,3375,138814,147456,0.6904296875,0.676098586636755,0.7044039317334867,0.823974609375,0.8120095013916573,0.8353326035792541,0.9413926866319444,0.7299169717541316,0.0
baseline,4000,dev,1,4096,4096,4096,4096,4096,1.0,0.9990630225926348,0.9999999999999999,1.0,0.9990630225926348,0.9999999999999999,1.0,0.00023933487210925364,0.0
baseline,4000,dev,2,4096,4096,4096,8192,8192,1.0,0.9990630225926348,0.9999999999999999,1.0,0.9990630225926348,0.9999999999999999,1.0,0.00016539200655873998,0.0
baseline,4000,dev,3,4096,4096,4096,12288,12288,1.0,0.9990630225926348,0.9999999999999999,1.0,0.9990630225926348,0.9999999999999999,1.0,0.00018380707607690283,0.0
baseline,4000,dev,4,4096,4096,4096,16384,16384,1.0,0.9990630225926348,0.9999999999999999,1.0,0.9990630225926348,0.9999999999999999,1.0,0.00027721715887807363,0.0
baseline,4000,dev,5,4096,4096,4096,20480,20480,1.0,0.9990630225926348,0.9999999999999999,1.0,0.9990630225926348,0.9999999999999999,1.0,0.00048751827032056383,0.0
baseline,4000,dev,6,4096,4096,4096,24576,24576,1.0,0.9990630225926348,0.9999999999999999,1.0,0.9990630225926348,0.9999999999999999,1.0,0.0008015238817487003,0.0
baseline,4000,dev,7,4096,4095,4095,28671,28672,0.999755859375,0.9986182969663738,0.9999569018847606,0.999755859375,0.9986182969663738,0.9999569018847606,0.9999651227678571,0.0017293738138590697,0.0
baseline,4000,dev,8,4096,4092,4093,32764,32768,0.9990234375,0.9974915571936952,0.9996201704329383,0.999267578125,0.9978486714629491,0.9997508799051849,0.9998779296875,0.0035990192833041945,0.0
baseline,4000,dev,9,4096,4084,4084,36848,36864,0.9970703125,0.9948858699188933,0.9983232677757378,0.9970703125,0.9948858699188933,0.9983232677757378,0.9995659722222222,0.008490060623614681,0.0
baseline,4000,dev,10,4096,4074,4078,40926,40960,0.99462890625,0.9918806406223304,0.9964502596572975,0.99560546875,0.9930638103960733,0.9972183848495558,0.999169921875,0.014659865220348678,0.0
baseline,4000,dev,11,4096,4057,4065,44991,45056,0.990478515625,0.9870110133784079,0.9930268832957149,0.992431640625,0.9892775496501616,0.9946629369559636,0.9985573508522727,0.02203312528856749,0.0
baseline,4000,dev,12,4096,4036,4051,49042,49152,0.9853515625,0.9811912611355577,0.9886023369670586,0.989013671875,0.9853320021138738,0.991778952111247,0.9977620442708334,0.03252806224007454,0.0
baseline,4000,ood_dev,1,4096,4096,4096,4096,4096,1.0,0.9990630225926348,0.9999999999999999,1.0,0.9990630225926348,0.9999999999999999,1.0,0.00024147417972919527,0.0
baseline,4000,ood_dev,2,4096,4096,4096,8192,8192,1.0,0.9990630225926348,0.9999999999999999,1.0,0.9990630225926348,0.9999999999999999,1.0,0.00016351240544665302,0.0
baseline,4000,ood_dev,3,4096,4096,4096,12288,12288,1.0,0.9990630225926348,0.9999999999999999,1.0,0.9990630225926348,0.9999999999999999,1.0,0.00018353135151105704,0.0
baseline,4000,ood_dev,4,4096,4096,4096,16384,16384,1.0,0.9990630225926348,0.9999999999999999,1.0,0.9990630225926348,0.9999999999999999,1.0,0.00024094520826256627,0.0
baseline,4000,ood_dev,5,4096,4096,4096,20480,20480,1.0,0.9990630225926348,0.9999999999999999,1.0,0.9990630225926348,0.9999999999999999,1.0,0.0003492571673273659,0.0
baseline,4000,ood_dev,6,4096,4095,4095,24575,24576,0.999755859375,0.9986182969663738,0.9999569018847606,0.999755859375,0.9986182969663738,0.9999569018847606,0.9999593098958334,0.000671225655840324,0.0
baseline,4000,ood_dev,7,4096,4093,4094,28669,28672,0.999267578125,0.9978486714629491,0.9997508799051849,0.99951171875,0.9982212896544476,0.9998660854551866,0.9998953683035714,0.001527035358306783,0.0
baseline,4000,ood_dev,8,4096,4092,4093,32762,32768,0.9990234375,0.9974915571936952,0.9996201704329383,0.999267578125,0.9978486714629491,0.9997508799051849,0.99981689453125,0.003269074207006284,0.0
baseline,4000,ood_dev,9,4096,4083,4084,36846,36864,0.996826171875,0.9945771012522003,0.9981442127009305,0.9970703125,0.9948858699188933,0.9983232677757378,0.99951171875,0.007882823466074385,0.0
baseline,4000,ood_dev,10,4096,4075,4080,40926,40960,0.994873046875,0.9921745882319427,0.9966441357891856,0.99609375,0.9936637657680687,0.9975940769605611,0.999169921875,0.01253798310234977,0.0
baseline,4000,ood_dev,11,4096,4057,4070,44996,45056,0.990478515625,0.9870110133784079,0.9930268832957149,0.99365234375,0.99071517109395,0.9956644342196767,0.9986683238636364,0.017096320096440465,0.0
baseline,4000,ood_dev,12,4096,4041,4064,49060,49152,0.986572265625,0.9825638389733109,0.9896688778368068,0.9921875,0.9889921727170213,0.9944604901476036,0.9981282552083334,0.02534333325729765,0.0
baseline,4000,ood_dev,13,4096,4019,4049,53109,53248,0.981201171875,0.9765686419356131,0.9849319525614978,0.988525390625,0.9847756016627256,0.9913597050793945,0.9973895733173077,0.030884741084878264,0.0
baseline,4000,ood_dev,14,4096,3998,4035,57144,57344,0.97607421875,0.9709291555744165,0.9803271403511878,0.985107421875,0.9809175425035267,0.9883882318575893,0.9965122767857143,0.044191950221445175,0.0
baseline,4000,ood_dev,15,4096,3964,4006,61150,61440,0.9677734375,0.9619116249533165,0.9727586637612774,0.97802734375,0.9730698833974413,0.9820890024601655,0.9952799479166666,0.06373013722478404,0.0
baseline,4000,ood_dev,16,4096,3918,3979,65129,65536,0.95654296875,0.9498596607971911,0.9623707358083885,0.971435546875,0.9658757308170035,0.976111914020095,0.9937896728515625,0.08278594871272915,0.0
baseline,4000,ood_dev,17,4096,3877,3969,69098,69632,0.946533203125,0.9392159931236856,0.9530136300803813,0.968994140625,0.9632307842127183,0.973878623209377,0.9923311121323529,0.09334792265852787,0.0
baseline,4000,ood_dev,18,4096,3828,3930,73028,73728,0.9345703125,0.9265828466235786,0.9417434132469731,0.95947265625,0.9529907280310358,0.9650935534725474,0.9905056423611112,0.11030820737794489,0.0
baseline,4000,ood_dev,19,4096,3794,3920,76948,77824,0.92626953125,0.9178607737962339,0.9338794788633074,0.95703125,0.9503809505933728,0.9628250934952075,0.9887438322368421,0.13421957816870123,0.0
baseline,4000,ood_dev,20,4096,3735,3875,80823,81920,0.911865234375,0.9027930715550466,0.9201655803559762,0.946044921875,0.9386986636872588,0.9525553120338074,0.98660888671875,0.16182399524491586,0.0
baseline,4000,ood_dev,21,4096,3692,3859,84682,86016,0.9013671875,0.8918564110099307,0.9101258200165789,0.942138671875,0.9345655263512737,0.9488832695057877,0.9844912574404762,0.18555595908700884,0.0
baseline,4000,ood_dev,22,4096,3633,3822,88504,90112,0.886962890625,0.8769012144234478,0.8962994158545434,0.93310546875,0.9250412981572879,0.9403580192642621,0.9821555397727273,0.21463314747128948,0.0
baseline,4000,ood_dev,23,4096,3579,3804,92308,94208,0.873779296875,0.863257496456122,0.8836006517808525,0.9287109375,0.920422816416333,0.9361956736582114,0.9798318614130435,0.2474766381722242,0.0
baseline,4000,ood_dev,24,4096,3524,3760,96068,98304,0.8603515625,0.8493984234403716,0.8706294190140859,0.91796875,0.9091682131124504,0.9259860323360801,0.9772542317708334,0.2869735797061512,0.0
baseline,4000,ood_dev,25,4096,3462,3721,99789,102400,0.84521484375,0.8338150005188198,0.8559677699626185,0.908447265625,0.899228516897034,0.9169006026329847,0.974501953125,0.3185469697284917,0.0
baseline,4000,ood_dev,26,4096,3385,3657,103446,106496,0.826416015625,0.8145125260979643,0.83770781628795,0.892822265625,0.8829781530794668,0.901930246994532,0.9713604266826923,0.35902451256275825,0.0
baseline,4000,ood_dev,27,4096,3317,3626,107072,110592,0.809814453125,0.7975078064837412,0.8215405214801522,0.88525390625,0.875130353941446,0.894655510146043,0.9681712962962963,0.41618223213435535,0.0
baseline,4000,ood_dev,28,4096,3241,3581,110653,114688,0.791259765625,0.7785436738827836,0.8034300497270863,0.874267578125,0.8637621415848652,0.88407165413511,0.9648175920758929,0.4354772108320386,0.0
baseline,4000,ood_dev,29,4096,3185,3565,114218,118784,0.777587890625,0.7645954299535052,0.7900601641323473,0.870361328125,0.8597263579958655,0.8803022578601046,0.9615604795258621,0.47383267932772455,0.0
baseline,4000,ood_dev,30,4096,3118,3522,117740,122880,0.76123046875,0.7479333589152923,0.7740380444900392,0.85986328125,0.8488951055782347,0.8701570893932221,0.9581705729166666,0.5292700899595362,0.0
baseline,4000,ood_dev,31,4096,3047,3472,121212,126976,0.743896484375,0.7303053240053347,0.757030593753475,0.84765625,0.8363258316896912,0.8583351762067503,0.9546055947580645,0.5742381977492537,0.0
baseline,4000,ood_dev,32,4096,2982,3432,124644,131072,0.72802734375,0.7141912615147941,0.7414361130464955,0.837890625,0.8262882059570653,0.8488598522793636,0.950958251953125,0.6270856313157394,0.0
baseline,4000,ood_dev,33,4096,2920,3414,128058,135168,0.712890625,0.6988413115951353,0.7265409909931351,0.83349609375,0.8217760872138762,0.8445911436755471,0.9473987926136364,0.6668102246575298,0.0
baseline,4000,ood_dev,34,4096,2856,3365,131423,139264,0.697265625,0.6830160401504275,0.711145542981823,0.821533203125,0.8095073008667827,0.8329565666891255,0.9436968635110294,0.7282746534690956,0.0
baseline,4000,ood_dev,35,4096,2808,3356,134779,143360,0.685546875,0.6711597655185217,0.6995862780217139,0.8193359375,0.807256014123365,0.8308174397590403,0.9401436941964286,0.7468021607493878,0.0
baseline,4000,ood_dev,36,4096,2745,3291,138070,147456,0.670166015625,0.6556142769238003,0.6843988709019158,0.803466796875,0.7910154101857612,0.815349500499124,0.9363471137152778,0.8201005266247838,0.0
baseline,4500,dev,1,4096,4096,4096,4096,4096,1.0,0.9990630225926348,0.9999999999999999,1.0,0.9990630225926348,0.9999999999999999,1.0,0.00015721245276623108,0.0
baseline,4500,dev,2,4096,4096,4096,8192,8192,1.0,0.9990630225926348,0.9999999999999999,1.0,0.9990630225926348,0.9999999999999999,1.0,0.00010005445787220069,0.0
baseline,4500,dev,3,4096,4096,4096,12288,12288,1.0,0.9990630225926348,0.9999999999999999,1.0,0.9990630225926348,0.9999999999999999,1.0,0.00012181158368207434,0.0
baseline,4500,dev,4,4096,4096,4096,16384,16384,1.0,0.9990630225926348,0.9999999999999999,1.0,0.9990630225926348,0.9999999999999999,1.0,0.00016209370281217161,0.0
baseline,4500,dev,5,4096,4096,4096,20480,20480,1.0,0.9990630225926348,0.9999999999999999,1.0,0.9990630225926348,0.9999999999999999,1.0,0.00023251293309112242,0.0
baseline,4500,dev,6,4096,4095,4095,24575,24576,0.999755859375,0.9986182969663738,0.9999569018847606,0.999755859375,0.9986182969663738,0.9999569018847606,0.9999593098958334,0.0006500950397421157,0.0
baseline,4500,dev,7,4096,4095,4096,28671,28672,0.999755859375,0.9986182969663738,0.9999569018847606,1.0,0.9990630225926348,0.9999999999999999,0.9999651227678571,0.0008033642787150796,0.0
baseline,4500,dev,8,4096,4095,4095,32766,32768,0.999755859375,0.9986182969663738,0.9999569018847606,0.999755859375,0.9986182969663738,0.9999569018847606,0.99993896484375,0.0013068221192629181,0.0
baseline,4500,dev,9,4096,4093,4094,36860,36864,0.999267578125,0.9978486714629491,0.9997508799051849,0.99951171875,0.9982212896544476,0.9998660854551866,0.9998914930555556,0.0018748747062113935,0.0
baseline,4500,dev,10,4096,4090,4092,40952,40960,0.99853515625,0.9968075986857966,0.9993284814578364,0.9990234375,0.9974915571936952,0.9996201704329383,0.9998046875,0.004595237752512915,0.0
baseline,4500,dev,11,4096,4090,4094,45046,45056,0.99853515625,0.9968075986857966,0.9993284814578364,0.99951171875,0.9982212896544476,0.9998660854551866,0.9997780539772727,0.003695335714141823,0.0
baseline,4500,dev,12,4096,4081,4085,49131,49152,0.996337890625,0.9939662587473084,0.9977794077228217,0.997314453125,0.9951972177470491,0.9984997436890822,0.99957275390625,0.008250623916874922,0.0
baseline,4500,ood_dev,1,4096,4096,4096,4096,4096,1.0,0.9990630225926348,0.9999999999999999,1.0,0.9990630225926348,0.9999999999999999,1.0,0.00015711881974667108,0.0
baseline,4500,ood_dev,2,4096,4096,4096,8192,8192,1.0,0.9990630225926348,0.9999999999999999,1.0,0.9990630225926348,0.9999999999999999,1.0,0.00010213122455970947,0.0
baseline,4500,ood_dev,3,4096,4096,4096,12288,12288,1.0,0.9990630225926348,0.9999999999999999,1.0,0.9990630225926348,0.9999999999999999,1.0,0.00012037968240230512,0.0
baseline,4500,ood_dev,4,4096,4096,4096,16384,16384,1.0,0.9990630225926348,0.9999999999999999,1.0,0.9990630225926348,0.9999999999999999,1.0,0.0001990052220994798,0.0
baseline,4500,ood_dev,5,4096,4096,4096,20480,20480,1.0,0.9990630225926348,0.9999999999999999,1.0,0.9990630225926348,0.9999999999999999,1.0,0.00021609063002436812,0.0
baseline,4500,ood_dev,6,4096,4096,4096,24576,24576,1.0,0.9990630225926348,0.9999999999999999,1.0,0.9990630225926348,0.9999999999999999,1.0,0.0005305665026376083,0.0
baseline,4500,ood_dev,7,4096,4093,4093,28669,28672,0.999267578125,0.9978486714629491,0.9997508799051849,0.999267578125,0.9978486714629491,0.9997508799051849,0.9998953683035714,0.0012726550988184648,0.0
baseline,4500,ood_dev,8,4096,4089,4091,32760,32768,0.998291015625,0.9964763422189936,0.9991719141831389,0.998779296875,0.997145424476127,0.9994784794090062,0.999755859375,0.0031182416657711265,0.0
baseline,4500,ood_dev,9,4096,4086,4090,36850,36864,0.99755859375,0.9955114747539533,0.9986733104236785,0.99853515625,0.9968075986857966,0.9993284814578364,0.9996202256944444,0.004321350988618189,0.0
baseline,4500,ood_dev,10,4096,4083,4090,40940,40960,0.996826171875,0.9945771012522003,0.9981442127009305,0.99853515625,0.9968075986857966,0.9993284814578364,0.99951171875,0.0071287600665077555,0.0
baseline,4500,ood_dev,11,4096,4072,4080,45020,45056,0.994140625,0.9912959670744264,0.996059285722201,0.99609375,0.9936637657680687,0.9975940769605611,0.9992009943181818,0.010949934513387216,0.0
baseline,4500,ood_dev,12,4096,4064,4078,49098,49152,0.9921875,0.9889921727170213,0.9944604901476036,0.99560546875,0.9930638103960733,0.9972183848495558,0.9989013671875,0.012418523615591148,0.0
baseline,4500,ood_dev,13,4096,4044,4062,53160,53248,0.9873046875,0.9833908284717333,0.9903053595628853,0.99169921875,0.9884233098915096,0.9940537054901146,0.9983473557692307,0.02410338638816878,0.0
baseline,4500,ood_dev,14,4096,4029,4053,57213,57344,0.983642578125,0.9792802999311276,0.9870985319809864,0.989501953125,0.9858899643168433,0.9921966373912783,0.9977155412946429,0.031931330347049425,0.0
baseline,4500,ood_dev,15,4096,4008,4039,61252,61440,0.978515625,0.973606447163245,0.9825280861773625,0.986083984375,0.9820139840883064,0.9892430852388108,0.9969401041666667,0.04253326824799375,0.0
baseline,4500,ood_dev,16,4096,3981,4024,65276,65536,0.971923828125,0.9664058535023272,0.976557438817772,0.982421875,0.9779220041441211,0.9860177090604912,0.99603271484375,0.04937568305336537,0.0
baseline,4500,ood_dev,17,4096,3949,4007,69283,69632,0.964111328125,0.9579660236105576,0.9693869089815317,0.978271484375,0.9733380928544043,0.9823086167447029,0.9949879365808824,0.06218325249229251,0.0
baseline,4500,ood_dev,18,4096,3924,3998,73281,73728,0.9580078125,0.9514241848736409,0.9637331541809406,0.97607421875,0.9709291555744165,0.9803271403511878,0.9939371744791666,0.07588128117577497,0.0
baseline,4500,ood_dev,19,4096,3895,3991,77272,77824,0.950927734375,0.9438793823249059,0.9571310682261667,0.974365234375,0.9690626764666648,0.9787788532684374,0.992907072368421,0.09186823051321902,0.0
baseline,4500,ood_dev,20,4096,3859,3954,81226,81920,0.942138671875,0.9345655263512737,0.9488832695057877,0.96533203125,0.9592793468139419,0.9705127044856489,0.9915283203125,0.11158893281083815,0.0
baseline,4500,ood_dev,21,4096,3807,3924,85150,86016,0.929443359375,0.9211919432008939,0.9368900180981512,0.9580078125,0.9514241848736409,0.9637331541809406,0.9899321056547619,0.13265016290086207,0.0
baseline,4500,ood_dev,22,4096,3755,3896,89046,90112,0.916748046875,0.9078921282737603,0.9248229984672688,0.951171875,0.9441388702045643,0.9573594040880085,0.9881702769886364,0.1605689195584965,0.0
baseline,4500,ood_dev,23,4096,3714,3875,92921,94208,0.90673828125,0.897447644100744,0.9152667092387725,0.946044921875,0.9386986636872588,0.9525553120338074,0.9863387398097826,0.1864155934684324,0.0
baseline,4500,ood_dev,24,4096,3660,3840,96761,98304,0.8935546875,0.8837383798604915,0.9026334914380082,0.9375,0.9296692192922852,0.9445109254762704,0.9843037923177084,0.21050009265445402,0.0
baseline,4500,ood_dev,25,4096,3615,3809,100570,102400,0.882568359375,0.8723489588346361,0.8920708440963495,0.929931640625,0.9217048293210383,0.9373527794610076,0.98212890625,0.24620921401673135,0.0
baseline,4500,ood_dev,26,4096,3568,3789,104359,106496,0.87109375,0.8604828297370326,0.8810092573434385,0.925048828125,0.916580713871883,0.9327204200801565,0.9799335186298077,0.2524164155200306,0.0
baseline,4500,ood_dev,27,4096,3509,3753,108112,110592,0.856689453125,0.8456245917120823,0.8670858946198706,0.916259765625,0.9073818457534903,0.924357633504538,0.9775752314814815,0.2910583688387405,0.0
baseline,4500,ood_dev,28,4096,3450,3733,111845,114688,0.84228515625,0.8308032711335156,0.8531256144499189,0.911376953125,0.9022836148178496,0.9196993896101727,0.9752110072544643,0.3199025143511829,0.0
baseline,4500,ood_dev,29,4096,3398,3723,115568,118784,0.82958984375,0.8177677129585759,0.8407943380668426,0.908935546875,0.8997375071958539,0.9173672598171653,0.9729256465517241,0.34760107102272686,0.0
baseline,4500,ood_dev,30,4096,3341,3691,119259,122880,0.815673828125,0.803505304014572,0.8272507937453287,0.901123046875,0.8916024659529467,0.9098919413320625,0.9705322265625,0.3645947910210898,0.0
baseline,4500,ood_dev,31,4096,3280,3671,122930,126976,0.80078125,0.7882701144567107,0.8127287350716711,0.896240234375,0.8865270812946906,0.9052108511603125,0.9681357106854839,0.3983831756734575,0.0
baseline,4500,ood_dev,32,4096,3227,3632,126562,131072,0.787841796875,0.7750546759462219,0.8000895152826436,0.88671875,0.8766481917015035,0.8960646148349874,0.9655914306640625,0.44137527678080524,0.0
baseline,4500,ood_dev,33,4096,3185,3614,130176,135168,0.777587890625,0.7645954299535052,0.7900601641323473,0.88232421875,0.8720961872638064,0.891835791925679,0.9630681818181818,0.4649771247356771,0.0
baseline,4500,ood_dev,34,4096,3128,3581,133757,139264,0.763671875,0.7504185126757205,0.7764311281446142,0.874267578125,0.8637621415848652,0.88407165413511,0.9604563993566176,0.5130232390491649,0.0
baseline,4500,ood_dev,35,4096,3062,3540,137297,143360,0.74755859375,0.734027191302923,0.7606260825783913,0.8642578125,0.853426556028023,0.8744064662904394,0.9577078683035715,0.5567000577603816,0.0
baseline,4500,ood_dev,36,4096,3003,3493,140790,147456,0.733154296875,0.7193948943133442,0.7464767788194518,0.852783203125,0.8416017930965025,0.8633035133714453,0.9547932942708334,0.597242188918587,0.0
baseline,5000,dev,1,102400,102400,102400,102400,102400,1.0,0.9999624871609701,1.0,1.0,0.9999624871609701,1.0,1.0,0.00010681743837448465,0.0
baseline,5000,dev,2,102400,102400,102400,204800,204800,1.0,0.9999624871609701,1.0,1.0,0.9999624871609701,1.0,1.0,7.203654577350171e-05,0.0
baseline,5000,dev,3,102400,102400,102400,307200,307200,1.0,0.9999624871609701,1.0,1.0,0.9999624871609701,1.0,1.0,9.397258799566544e-05,0.0
baseline,5000,dev,4,102400,102400,102400,409600,409600,1.0,0.9999624871609701,1.0,1.0,0.9999624871609701,1.0,1.0,0.00013966460255239178,0.0
baseline,5000,dev,5,102400,102398,102398,511998,512000,0.99998046875,0.9999287823158808,0.9999946438104347,0.99998046875,0.9999287823158808,0.9999946438104347,0.99999609375,0.000284073231273938,0.0
baseline,5000,dev,6,102400,102390,102391,614389,614400,0.99990234375,0.9998202295599984,0.9999469524276979,0.999912109375,0.9998329541276058,0.999953758377418,0.9999820963541667,0.000625684282947807,0.0
baseline,5000,dev,7,102400,102369,102375,716764,716800,0.999697265625,0.9995703338469782,0.9997867072768437,0.999755859375,0.9996396050278641,0.999834619199922,0.9999497767857143,0.0013215232563881063,0.0
baseline,5000,dev,8,102400,102299,102310,819074,819200,0.999013671875,0.9988017844178726,0.9991881204930338,0.99912109375,0.998919909733904,0.9992848308676036,0.99984619140625,0.0028820046509375973,0.0
baseline,5000,dev,9,102400,102180,102231,921305,921600,0.9978515625,0.9975486867001404,0.9981170866488098,0.998349609375,0.9980815995129239,0.9985802302197219,0.9996799045138889,0.005635201524703719,0.0
baseline,5000,dev,10,102400,101957,102059,1023364,1024000,0.995673828125,0.995252827917074,0.9960576400678745,0.996669921875,0.9962979466033796,0.9970046341489599,0.99937890625,0.009873450936428637,0.0
baseline,5000,dev,11,102400,101649,101851,1125215,1126400,0.992666015625,0.992124617104551,0.9931704515435698,0.994638671875,0.9941724731053734,0.9950677600428746,0.9989479758522727,0.015745558561331165,0.0
baseline,5000,dev,12,102400,101234,101573,1226788,1228800,0.98861328125,0.9879448594514364,0.9892450445058287,0.991923828125,0.9913568731546268,0.9924538761766143,0.9983626302083334,0.023758417980066646,0.0
baseline,5000,ood_dev,1,102400,102400,102400,102400,102400,1.0,0.9999624871609701,1.0,1.0,0.9999624871609701,1.0,1.0,0.00010709430847576585,0.0
baseline,5000,ood_dev,2,102400,102400,102400,204800,204800,1.0,0.9999624871609701,1.0,1.0,0.9999624871609701,1.0,1.0,7.161469411143706e-05,0.0
baseline,5000,ood_dev,3,102400,102400,102400,307200,307200,1.0,0.9999624871609701,1.0,1.0,0.9999624871609701,1.0,1.0,9.054569639648236e-05,0.0
baseline,5000,ood_dev,4,102400,102399,102399,409599,409600,0.999990234375,0.9999446805183295,0.9999982761253133,0.999990234375,0.9999446805183295,0.9999982761253133,0.99999755859375,0.0001441485881657911,0.0
baseline,5000,ood_dev,5,102400,102398,102398,511997,512000,0.99998046875,0.9999287823158808,0.9999946438104347,0.99998046875,0.9999287823158808,0.9999946438104347,0.999994140625,0.0002765905208335795,0.0
baseline,5000,ood_dev,6,102400,102391,102393,614390,614400,0.999912109375,0.9998329541276058,0.999953758377418,0.999931640625,0.9998588878252541,0.9999668857144244,0.9999837239583333,0.0005127862115718695,0.0
baseline,5000,ood_dev,7,102400,102364,102368,716758,716800,0.9996484375,0.9995133551962606,0.9997460333409244,0.9996875,0.9995588896466933,0.9997786209598011,0.99994140625,0.0012639355578282529,0.0
baseline,5000,ood_dev,8,102400,102317,102340,819098,819200,0.999189453125,0.9989954218558749,0.999346032366924,0.9994140625,0.999245935024263,0.9995447210970653,0.99987548828125,0.002486097655250692,0.0
baseline,5000,ood_dev,9,102400,102205,102240,921338,921600,0.998095703125,0.9978093454375543,0.9983446908445799,0.9984375,0.9981761670054985,0.9986614373830935,0.9997157118055555,0.005064063010390969,0.0
baseline,5000,ood_dev,10,102400,101993,102093,1023431,1024000,0.996025390625,0.9956209692244531,0.9963925973842802,0.997001953125,0.9966479352439517,0.997318683097518,0.9994443359375,0.008709823982050731,0.0
baseline,5000,ood_dev,11,102400,101712,101912,1125343,1126400,0.99328125,0.9927620576834453,0.9937634335562993,0.995234375,0.9947935826067935,0.9956380120984236,0.9990616122159091,0.014015669334769418,0.0
baseline,5000,ood_dev,12,102400,101272,101629,1226972,1228800,0.988984375,0.9883264914397614,0.9896055721759436,0.992470703125,0.9919224556379752,0.9929820026635982,0.9985123697916667,0.02175132597846358,0.0
baseline,5000,ood_dev,13,102400,100730,101297,1328269,1331200,0.98369140625,0.9828972889440596,0.9844492342802146,0.989228515625,0.9885776655702901,0.989842660978599,0.9977982271634616,0.030937283218268528,0.0
baseline,5000,ood_dev,14,102400,100042,100811,1429080,1433600,0.97697265625,0.9760359330466525,0.9778735942563962,0.984482421875,0.9837070119313559,0.9852214831964349,0.9968470982142857,0.04418751307515879,0.0
baseline,5000,ood_dev,15,102400,99279,100381,1529461,1536000,0.969521484375,0.9684508761830047,0.9705568663992662,0.980283203125,0.9794134971711566,0.9811168755058681,0.9957428385416667,0.05862140315904659,0.0
baseline,5000,ood_dev,16,102400,98371,99784,1629245,1638400,0.960654296875,0.9594461366645765,0.9618278961844494,0.974453125,0.9734688021642881,0.9754018516683012,0.9944122314453125,0.07691041245223809,0.0
baseline,5000,ood_dev,17,102400,97413,99221,1728466,1740800,0.951298828125,0.9499634780840182,0.9526003191653941,0.968955078125,0.9678750653567252,0.969999907220559,0.9929147518382353,0.09705282839359664,0.0
baseline,5000,ood_dev,18,102400,96323,98616,1827082,1843200,0.940654296875,0.939190568657582,0.942084964705005,0.963046875,0.9618739558724344,0.9641850537217952,0.9912554253472222,0.11746312668780591,0.0
baseline,5000,ood_dev,19,102400,95097,97910,1924992,1945600,0.928681640625,0.9270892312727093,0.9302418878465311,0.95615234375,0.954881031217364,0.9573894331437475,0.9894078947368421,0.14195601566812896,0.0
baseline,5000,ood_dev,20,102400,93842,97165,2022157,2048000,0.91642578125,0.9147150681433645,0.9181052517300357,0.948876953125,0.9475110363128768,0.9502091926393496,0.98738134765625,0.17132629878813652,0.0
baseline,5000,ood_dev,21,102400,92483,96416,2118573,2150400,0.903154296875,0.9013277238027088,0.9049506230228056,0.9415625,0.9401091592205206,0.942982712253511,0.9851994977678571,0.19792236375529015,0.0
baseline,5000,ood_dev,22,102400,91109,95643,2214216,2252800,0.889736328125,0.8878032625121872,0.8916401535055307,0.934013671875,0.9324767786290544,0.9355180029509258,0.9828728693181819,0.22804020416625978,0.0
baseline,5000,ood_dev,23,102400,89696,94881,2309097,2355200,0.8759375,0.8739042995839114,0.8779424954502432,0.926572265625,0.9249586143487611,0.9281539130277687,0.9804250169836957,0.258845465542536,0.0
baseline,5000,ood_dev,24,102400,88180,93998,2403095,2457600,0.8611328125,0.859001227424029,0.8632373033418436,0.91794921875,0.9162525718990339,0.9196145086774349,0.9778218587239583,0.29468240653613925,0.0
baseline,5000,ood_dev,25,102400,86675,93055,2496150,2560000,0.846435546875,0.8442143440876754,0.8486307581005162,0.908740234375,0.906961033986689,0.9104887687500766,0.97505859375,0.3321328540672598,0.0
baseline,5000,ood_dev,26,102400,85098,92157,2588307,2662400,0.83103515625,0.8287276245220027,0.833317851840938,0.899970703125,0.8981179668421821,0.9017934313346119,0.9721705979567308,0.3719118280316585,0.0
baseline,5000,ood_dev,27,102400,83511,91300,2679607,2764800,0.815537109375,0.8131496813796794,0.8179008639847368,0.8916015625,0.8896827283073988,0.8934910165198454,0.9691865596064815,0.4133029461481666,0.0
baseline,5000,ood_dev,28,102400,81991,90455,2770062,2867200,0.800693359375,0.7982353352442451,0.8031288237825798,0.883349609375,0.8813691044418488,0.8853013532437737,0.9661209542410715,0.4502745989987514,0.0
baseline,5000,ood_dev,29,102400,80414,89534,2859596,2969600,0.78529296875,0.7827672961491757,0.7877972370523981,0.87435546875,0.8723113315165416,0.8763715197105801,0.9629566271551724,0.49546455651114857,0.0
baseline,5000,ood_dev,30,102400,78815,88667,2948263,3072000,0.769677734375,0.7670888294543495,0.7722464065407714,0.865888671875,0.8637877509083178,0.8679621417959802,0.9597210286458333,0.5366235430129948,0.0
baseline,5000,ood_dev,31,102400,77281,87915,3036178,3174400,0.754697265625,0.7520524091326289,0.7573230132823173,0.858544921875,0.8563970051920072,0.8606659384821141,0.956457283266129,0.5811702006760182,0.0
baseline,5000,ood_dev,32,102400,75722,87062,3123240,3276800,0.73947265625,0.736775358249274,0.7421519876523142,0.85021484375,0.8480159760533039,0.852387436340577,0.95313720703125,0.6231568617435259,0.0
baseline,5000,ood_dev,33,102400,74114,86221,3209461,3379200,0.72376953125,0.7210225411718049,0.726499732867384,0.842001953125,0.8397551423418407,0.8442231049797283,0.949769472064394,0.6658707167427178,0.0
baseline,5000,ood_dev,34,102400,72605,85245,3294706,3481600,0.709033203125,0.7062434285111904,0.711807294881008,0.832470703125,0.8301709145883321,0.834745547821731,0.9463195082720588,0.7149785586334755,0.0
baseline,5000,ood_dev,35,102400,71076,84383,3379089,3584000,0.6941015625,0.6912720567330908,0.6969165056655702,0.824052734375,0.8217083844733741,0.8263727720005023,0.942826171875,0.762032455500791,0.0
baseline,5000,ood_dev,36,102400,69567,83586,3462675,3686400,0.679365234375,0.6764999404663115,0.682217071285359,0.81626953125,0.8138857320788855,0.8186296020850827,0.9393107096354166,0.8118182364864376,0.0
baseline,5500,dev,1,4096,4096,4096,4096,4096,1.0,0.9990630225926348,0.9999999999999999,1.0,0.9990630225926348,0.9999999999999999,1.0,6.299971833723106e-05,0.0
baseline,5500,dev,2,4096,4096,4096,8192,8192,1.0,0.9990630225926348,0.9999999999999999,1.0,0.9990630225926348,0.9999999999999999,1.0,4.379918050489984e-05,0.0
baseline,5500,dev,3,4096,4096,4096,12288,12288,1.0,0.9990630225926348,0.9999999999999999,1.0,0.9990630225926348,0.9999999999999999,1.0,5.1945689274246476e-05,0.0
baseline,5500,dev,4,4096,4096,4096,16384,16384,1.0,0.9990630225926348,0.9999999999999999,1.0,0.9990630225926348,0.9999999999999999,1.0,7.372846075304196e-05,0.0
baseline,5500,dev,5,4096,4096,4096,20480,20480,1.0,0.9990630225926348,0.9999999999999999,1.0,0.9990630225926348,0.9999999999999999,1.0,0.00019157898648547445,0.0
baseline,5500,dev,6,4096,4095,4095,24575,24576,0.999755859375,0.9986182969663738,0.9999569018847606,0.999755859375,0.9986182969663738,0.9999569018847606,0.9999593098958334,0.0006050676497895147,0.0
baseline,5500,dev,7,4096,4092,4092,28667,28672,0.9990234375,0.9974915571936952,0.9996201704329383,0.9990234375,0.9974915571936952,0.9996201704329383,0.9998256138392857,0.002172066402953199,0.0
baseline,5500,dev,8,4096,4091,4094,32761,32768,0.998779296875,0.997145424476127,0.9994784794090062,0.99951171875,0.9982212896544476,0.9998660854551866,0.999786376953125,0.0018396039151760135,0.0
baseline,5500,dev,9,4096,4089,4091,36852,36864,0.998291015625,0.9964763422189936,0.9991719141831389,0.998779296875,0.997145424476127,0.9994784794090062,0.9996744791666666,0.002820850356263893,0.0
baseline,5500,dev,10,4096,4085,4089,40941,40960,0.997314453125,0.9951972177470491,0.9984997436890822,0.998291015625,0.9964763422189936,0.9991719141831389,0.9995361328125,0.005366063861395709,0.0
baseline,5500,dev,11,4096,4075,4079,45020,45056,0.994873046875,0.9921745882319427,0.9966441357891856,0.995849609375,0.9933629968413301,0.9974070221457995,0.9992009943181818,0.008150705670393776,0.0
baseline,5500,dev,12,4096,4069,4077,49097,49152,0.993408203125,0.9904260923610462,0.9954656892110803,0.995361328125,0.9927660832938955,0.9970282882102334,0.9988810221354166,0.014385727271028825,0.0
baseline,5500,ood_dev,1,4096,4096,4096,4096,4096,1.0,0.9990630225926348,0.9999999999999999,1.0,0.9990630225926348,0.9999999999999999,1.0,6.368171809878476e-05,0.0
baseline,5500,ood_dev,2,4096,4096,4096,8192,8192,1.0,0.9990630225926348,0.9999999999999999,1.0,0.9990630225926348,0.9999999999999999,1.0,4.326981819069431e-05,0.0
baseline,5500,ood_dev,3,4096,4096,4096,12288,12288,1.0,0.9990630225926348,0.9999999999999999,1.0,0.9990630225926348,0.9999999999999999,1.0,5.197396473000104e-05,0.0
baseline,5500,ood_dev,4,4096,4096,4096,16384,16384,1.0,0.9990630225926348,0.9999999999999999,1.0,0.9990630225926348,0.9999999999999999,1.0,7.30682599747734e-05,0.0
baseline,5500,ood_dev,5,4096,4096,4096,20480,20480,1.0,0.9990630225926348,0.9999999999999999,1.0,0.9990630225926348,0.9999999999999999,1.0,0.00012522198693631914,0.0
baseline,5500,ood_dev,6,4096,4096,4096,24576,24576,1.0,0.9990630225926348,0.9999999999999999,1.0,0.9990630225926348,0.9999999999999999,1.0,0.00034635275047678604,0.0
baseline,5500,ood_dev,7,4096,4096,4096,28672,28672,1.0,0.9990630225926348,0.9999999999999999,1.0,0.9990630225926348,0.9999999999999999,1.0,0.0003781851549689019,0.0
baseline,5500,ood_dev,8,4096,4095,4095,32767,32768,0.999755859375,0.9986182969663738,0.9999569018847606,0.999755859375,0.9986182969663738,0.9999569018847606,0.999969482421875,0.0015635774919589007,0.0
baseline,5500,ood_dev,9,4096,4094,4095,36862,36864,0.99951171875,0.9982212896544476,0.9998660854551866,0.999755859375,0.9986182969663738,0.9999569018847606,0.9999457465277778,0.0017904675284405869,0.0
baseline,5500,ood_dev,10,4096,4090,4092,40954,40960,0.99853515625,0.9968075986857966,0.9993284814578364,0.9990234375,0.9974915571936952,0.9996201704329383,0.999853515625,0.004392176593469577,0.0
baseline,5500,ood_dev,11,4096,4079,4083,45037,45056,0.995849609375,0.9933629968413301,0.9974070221457995,0.996826171875,0.9945771012522003,0.9981442127009305,0.9995783025568182,0.010669648871884707,0.0
baseline,5500,ood_dev,12,4096,4062,4069,49106,49152,0.99169921875,0.9884233098915096,0.9940537054901146,0.993408203125,0.9904260923610462,0.9954656892110803,0.9990641276041666,0.01891599312829917,0.0
baseline,5500,ood_dev,13,4096,4057,4070,53176,53248,0.990478515625,0.9870110133784079,0.9930268832957149,0.99365234375,0.99071517109395,0.9956644342196767,0.9986478365384616,0.02717301335893585,0.0
baseline,5500,ood_dev,14,4096,4035,4054,57230,57344,0.985107421875,0.9809175425035267,0.9883882318575893,0.98974609375,0.9861695639225535,0.9924048615270683,0.9980119977678571,0.03626928702123311,0.0
baseline,5500,ood_dev,15,4096,4018,4043,61273,61440,0.98095703125,0.9762985198015777,0.984714250954033,0.987060546875,0.983114860378963,0.9900935039141554,0.9972819010416667,0.04470055849609533,0.0
baseline,5500,ood_dev,16,4096,3991,4024,65297,65536,0.974365234375,0.9690626764666648,0.9787788532684374,0.982421875,0.9779220041441211,0.9860177090604912,0.9963531494140625,0.06338063803760252,0.0
baseline,5500,ood_dev,17,4096,3967,4012,69309,69632,0.968505859375,0.9627028673707351,0.9734308925683598,0.9794921875,0.9746813618391824,0.9834044664674263,0.995361328125,0.07665826235553252,0.0
baseline,5500,ood_dev,18,4096,3931,3993,73302,73728,0.959716796875,0.9532520220922961,0.9653200831527876,0.974853515625,0.9695953616072256,0.9792218156108773,0.9942220052083334,0.09239713850494646,0.0
baseline,5500,ood_dev,19,4096,3899,3968,77270,77824,0.951904296875,0.9449176066361316,0.9580441388809422,0.96875,0.9629667829716362,0.9736548007089589,0.9928813733552632,0.10787940025489728,0.0
baseline,5500,ood_dev,20,4096,3866,3947,81217,81920,0.94384765625,0.9363725983801838,0.9504909636673797,0.963623046875,0.9574411905686989,0.9689360945403896,0.99141845703125,0.13002523793292053,0.0
baseline,5500,ood_dev,21,4096,3822,3925,85142,86016,0.93310546875,0.9250412981572879,0.9403580192642621,0.958251953125,0.9516851324633817,0.9639600303327001,0.9898390997023809,0.14200972864744799,0.0
baseline,5500,ood_dev,22,4096,3764,3888,89030,90112,0.9189453125,0.9101894761317266,0.9269160642828052,0.94921875,0.9420642079017939,0.9555314764587765,0.9879927201704546,0.16391229898684512,0.0
baseline,5500,ood_dev,23,4096,3718,3871,92901,94208,0.90771484375,0.8984651733694144,0.9162004749361032,0.945068359375,0.9376644744381794,0.9516382063168857,0.9861264436141305,0.19208980868208325,0.0
baseline,5500,ood_dev,24,4096,3663,3840,96741,98304,0.894287109375,0.8844987461372489,0.9033365963857516,0.9375,0.9296692192922852,0.9445109254762704,0.984100341796875,0.2108874087114807,0.0
baseline,5500,ood_dev,25,4096,3605,3810,100551,102400,0.880126953125,0.8698218505154235,0.889719715000559,0.93017578125,0.9219613132494459,0.9375841192741002,0.981943359375,0.24840487255496613,0.0
baseline,5500,ood_dev,26,4096,3543,3768,104319,106496,0.864990234375,0.8541821504695758,0.8751143430733875,0.919921875,0.911211096651605,0.9278457387289282,0.9795579176682693,0.28250324947587613,0.0
baseline,5500,ood_dev,27,4096,3473,3719,108038,110592,0.847900390625,0.8365769684304168,0.8585718632075249,0.907958984375,0.8987196023793654,0.9164338696676525,0.9769061053240741,0.3209480179807749,0.0
baseline,5500,ood_dev,28,4096,3429,3718,111756,114688,0.837158203125,0.8255359841512442,0.8481486028606839,0.90771484375,0.8984651733694144,0.9162004749361032,0.9744349888392857,0.34006641406796767,0.0
baseline,5500,ood_dev,29,4096,3366,3674,115430,118784,0.82177734375,0.8097574842118065,0.833194207085602,0.89697265625,0.8872879701414506,0.9059134335380535,0.9717638739224138,0.38099907796679,0.0
baseline,5500,ood_dev,30,4096,3291,3632,119062,122880,0.803466796875,0.7910154101857612,0.815349500499124,0.88671875,0.8766481917015035,0.8960646148349874,0.9689290364583333,0.4250073392415261,0.0
baseline,5500,ood_dev,31,4096,3245,3607,122669,126976,0.792236328125,0.7795407736168771,0.804384244958994,0.880615234375,0.8703271648689122,0.8901900481300711,0.9660802041330645,0.4518241782342023,0.0
baseline,5500,ood_dev,32,4096,3201,3602,126271,131072,0.781494140625,0.7685785566422971,0.7938822173075601,0.87939453125,0.8690639784398397,0.889014115851642,0.9633712768554688,0.48395675228799484,0.0
baseline,5500,ood_dev,33,4096,3146,3564,129835,135168,0.76806640625,0.7548932907576695,0.7807371774096707,0.8701171875,0.8594742247930802,0.8800665673213897,0.9605453953598485,0.5082346890051541,0.0
baseline,5500,ood_dev,34,4096,3091,3537,133372,139264,0.754638671875,0.7412263625519112,0.7675737998329121,0.863525390625,0.8526710634916235,0.8736984876023381,0.9576918658088235,0.5713674205698398,0.0
baseline,5500,ood_dev,35,4096,3031,3495,136867,143360,0.739990234375,0.7263366903217955,0.7531940475730091,0.853271484375,0.8421044979070987,0.8637764560438498,0.9547084263392858,0.5979249401781237,0.0
baseline,5500,ood_dev,36,4096,2988,3472,140339,147456,0.7294921875,0.7156777792948699,0.7428765377154214,0.84765625,0.8363258316896912,0.8583351762067503,0.9517347547743056,0.6415825158782933,0.0
baseline,6000,dev,1,4096,4096,4096,4096,4096,1.0,0.9990630225926348,0.9999999999999999,1.0,0.9990630225926348,0.9999999999999999,1.0,5.7005858889347394e-05,0.0
baseline,6000,dev,2,4096,4096,4096,8192,8192,1.0,0.9990630225926348,0.9999999999999999,1.0,0.9990630225926348,0.9999999999999999,1.0,4.53875466959186e-05,0.0
baseline,6000,dev,3,4096,4096,4096,12288,12288,1.0,0.9990630225926348,0.9999999999999999,1.0,0.9990630225926348,0.9999999999999999,1.0,5.671855526734326e-05,0.0
baseline,6000,dev,4,4096,4096,4096,16384,16384,1.0,0.9990630225926348,0.9999999999999999,1.0,0.9990630225926348,0.9999999999999999,1.0,8.938227532784282e-05,0.0
baseline,6000,dev,5,4096,4096,4096,20480,20480,1.0,0.9990630225926348,0.9999999999999999,1.0,0.9990630225926348,0.9999999999999999,1.0,0.00032194157259968215,0.0
baseline,6000,dev,6,4096,4096,4096,24576,24576,1.0,0.9990630225926348,0.9999999999999999,1.0,0.9990630225926348,0.9999999999999999,1.0,0.0003870227447750896,0.0
baseline,6000,dev,7,4096,4096,4096,28672,28672,1.0,0.9990630225926348,0.9999999999999999,1.0,0.9990630225926348,0.9999999999999999,1.0,0.0007271721293615752,0.0
baseline,6000,dev,8,4096,4094,4094,32766,32768,0.99951171875,0.9982212896544476,0.9998660854551866,0.99951171875,0.9982212896544476,0.9998660854551866,0.99993896484375,0.002148782555295492,0.0
baseline,6000,dev,9,4096,4085,4085,36851,36864,0.997314453125,0.9951972177470491,0.9984997436890822,0.997314453125,0.9951972177470491,0.9984997436890822,0.9996473524305556,0.005291533280243899,0.0
baseline,6000,dev,10,4096,4079,4083,40934,40960,0.995849609375,0.9933629968413301,0.9974070221457995,0.996826171875,0.9945771012522003,0.9981442127009305,0.999365234375,0.0084035569289167,0.0
baseline,6000,dev,11,4096,4071,4076,45010,45056,0.993896484375,0.9910051126562461,0.995862316398881,0.9951171875,0.9924697076331114,0.9968368401295172,0.9989790482954546,0.01382920840584223,0.0
baseline,6000,dev,12,4096,4058,4072,49082,49152,0.99072265625,0.987292434466316,0.993233285949307,0.994140625,0.9912959670744264,0.996059285722201,0.9985758463541666,0.016595496564475454,0.0
baseline,6000,ood_dev,1,4096,4096,4096,4096,4096,1.0,0.9990630225926348,0.9999999999999999,1.0,0.9990630225926348,0.9999999999999999,1.0,5.729812148036473e-05,0.0
baseline,6000,ood_dev,2,4096,4096,4096,8192,8192,1.0,0.9990630225926348,0.9999999999999999,1.0,0.9990630225926348,0.9999999999999999,1.0,4.54914717105126e-05,0.0
baseline,6000,ood_dev,3,4096,4096,4096,12288,12288,1.0,0.9990630225926348,0.9999999999999999,1.0,0.9990630225926348,0.9999999999999999,1.0,5.674092066709768e-05,0.0
baseline,6000,ood_dev,4,4096,4096,4096,16384,16384,1.0,0.9990630225926348,0.9999999999999999,1.0,0.9990630225926348,0.9999999999999999,1.0,8.627236458735865e-05,0.0
baseline,6000,ood_dev,5,4096,4096,4096,20480,20480,1.0,0.9990630225926348,0.9999999999999999,1.0,0.9990630225926348,0.9999999999999999,1.0,0.00012816672748328095,0.0
baseline,6000,ood_dev,6,4096,4096,4096,24576,24576,1.0,0.9990630225926348,0.9999999999999999,1.0,0.9990630225926348,0.9999999999999999,1.0,0.0003843099837606001,0.0
baseline,6000,ood_dev,7,4096,4095,4095,28671,28672,0.999755859375,0.9986182969663738,0.9999569018847606,0.999755859375,0.9986182969663738,0.9999569018847606,0.9999651227678571,0.000884502734631365,0.0
baseline,6000,ood_dev,8,4096,4091,4091,32762,32768,0.998779296875,0.997145424476127,0.9994784794090062,0.998779296875,0.997145424476127,0.9994784794090062,0.99981689453125,0.0031289868247750263,0.0
baseline,6000,ood_dev,9,4096,4088,4090,36852,36864,0.998046875,0.9961504506055915,0.9990099820550408,0.99853515625,0.9968075986857966,0.9993284814578364,0.9996744791666666,0.0038005831334697593,0.0
baseline,6000,ood_dev,10,4096,4082,4086,40938,40960,0.99658203125,0.9942706398960515,0.9979628503155791,0.99755859375,0.9955114747539533,0.9986733104236785,0.999462890625,0.009239058883655504,0.0
baseline,6000,ood_dev,11,4096,4073,4077,45015,45056,0.994384765625,0.991587789433178,0.9962552871049496,0.995361328125,0.9927660832938955,0.9970282882102334,0.9990900213068182,0.015466268951696893,0.0
baseline,6000,ood_dev,12,4096,4055,4062,49077,49152,0.989990234375,0.9864495949105299,0.9926126542805922,0.99169921875,0.9884233098915096,0.9940537054901146,0.99847412109375,0.022092117895959884,0.0
baseline,6000,ood_dev,13,4096,4035,4050,53127,53248,0.985107421875,0.9809175425035267,0.9883882318575893,0.98876953125,0.9850536128857085,0.9915695175979121,0.9977276141826923,0.03515715358870186,0.0
baseline,6000,ood_dev,14,4096,4014,4034,57161,57344,0.97998046875,0.9752197539009314,0.983841721888678,0.98486328125,0.9806440746636242,0.9881738759559913,0.9968087332589286,0.04087071564618405,0.0
baseline,6000,ood_dev,15,4096,3986,4023,61184,61440,0.97314453125,0.9677329319802243,0.9776694790473764,0.982177734375,0.9776509528256319,0.9858009366374803,0.9958333333333333,0.0538604951532875,0.0
baseline,6000,ood_dev,16,4096,3947,3993,65177,65536,0.963623046875,0.9574411905686989,0.9689360945403896,0.974853515625,0.9695953616072256,0.9792218156108773,0.9945220947265625,0.07009959668058907,0.0
baseline,6000,ood_dev,17,4096,3913,3980,69157,69632,0.955322265625,0.9485573633564719,0.9612339145416062,0.9716796875,0.9661407428071721,0.9763347257714267,0.9931784237132353,0.08974513127974704,0.0
baseline,6000,ood_dev,18,4096,3874,3960,73117,73728,0.94580078125,0.9384400580444845,0.9523260939350815,0.966796875,0.9608577781251862,0.9718612156234064,0.9917127821180556,0.11246024410522493,0.0
baseline,6000,ood_dev,19,4096,3829,3928,77045,77824,0.934814453125,0.9268398754957403,0.9419742081163116,0.958984375,0.9524683163451881,0.9646403176753946,0.989990234375,0.1326419506231986,0.0
baseline,6000,ood_dev,20,4096,3783,3906,80951,81920,0.923583984375,0.915045461521617,0.9313287299814208,0.95361328125,0.946736292289229,0.959640219418347,0.98817138671875,0.15509997121417518,0.0
baseline,6000,ood_dev,21,4096,3737,3866,84817,86016,0.912353515625,0.9033026080618216,0.9206316913322019,0.94384765625,0.9363725983801838,0.9504909636673797,0.9860607328869048,0.19299405991282947,0.0
baseline,6000,ood_dev,22,4096,3683,3835,88652,90112,0.899169921875,0.8895715160954258,0.9080203012575809,0.936279296875,0.9283826877232538,0.9433583383378,0.9837979403409091,0.2293009239678816,0.0
baseline,6000,ood_dev,23,4096,3628,3794,92446,94208,0.8857421875,0.8756362432554049,0.8951252683150849,0.92626953125,0.9178607737962339,0.9338794788633074,0.9812967051630435,0.26902926410654304,0.0
baseline,6000,ood_dev,24,4096,3581,3781,96227,98304,0.874267578125,0.8637621415848652,0.88407165413511,0.923095703125,0.9145339056289837,0.9308646383910534,0.9788716634114584,0.3021559671835514,0.0
baseline,6000,ood_dev,25,4096,3525,3745,99972,102400,0.860595703125,0.8496500987480847,0.870865567447873,0.914306640625,0.9053415639344976,0.9224953253915283,0.9762890625,0.33380016786158384,0.0
baseline,6000,ood_dev,26,4096,3459,3710,103682,106496,0.844482421875,0.8330619395689436,0.8552573596879938,0.90576171875,0.8964304105240852,0.9143326478494298,0.9735764723557693,0.37087738867466835,0.0
baseline,6000,ood_dev,27,4096,3403,3696,107378,110592,0.830810546875,0.8190200915524753,0.8419810781804445,0.90234375,0.8928723632769541,0.9110611627155568,0.9709382233796297,0.39267408584432073,0.0
baseline,6000,ood_dev,28,4096,3346,3662,111040,114688,0.81689453125,0.8047553434565755,0.8284398730108269,0.89404296875,0.8842452751338212,0.903102243647679,0.9681919642857143,0.4224452252554478,0.0
baseline,6000,ood_dev,29,4096,3289,3630,114670,118784,0.802978515625,0.7905162005951941,0.8148730626066906,0.88623046875,0.8761421890699558,0.8955949699835345,0.9653657058189655,0.4630414394448463,0.0
baseline,6000,ood_dev,30,4096,3229,3608,118278,122880,0.788330078125,0.7755530237135057,0.8005668149983604,0.880859375,0.8705798420416913,0.8904251946987922,0.962548828125,0.4886642413004276,0.0
baseline,6000,ood_dev,31,4096,3168,3546,121824,126976,0.7734375,0.7603651334237318,0.7859974570566153,0.86572265625,0.854937847514799,0.8758221172526653,0.9594254032258065,0.5503835839225977,0.0
baseline,6000,ood_dev,32,4096,3095,3502,125326,131072,0.755615234375,0.7422197258900992,0.7685317314607253,0.85498046875,0.8438642894424228,0.865431430699028,0.9561614990234375,0.6036467745745975,0.0
baseline,6000,ood_dev,33,4096,3034,3473,128799,135168,0.74072265625,0.7270807032767356,0.75391350584257,0.847900390625,0.8365769684304168,0.8585718632075249,0.952880859375,0.652042800881901,0.0
baseline,6000,ood_dev,34,4096,2978,3434,132233,139264,0.72705078125,0.7132003531241211,0.7404757264711672,0.83837890625,0.8267897325948298,0.8493339731245998,0.9495131548713235,0.7063111410579948,0.0
baseline,6000,ood_dev,35,4096,2919,3391,135624,143360,0.712646484375,0.6985938892184114,0.7263005896283585,0.827880859375,0.8160147422082297,0.8391325426266866,0.9460379464285714,0.7419701759585129,0.0
baseline,6000,ood_dev,36,4096,2870,3376,139000,147456,0.70068359375,0.6864761437006929,0.714514971812562,0.82421875,0.8122597665518021,0.8355701621606095,0.9426540798611112,0.7897999382402761,0.0
baseline,6500,dev,1,4096,4096,4096,4096,4096,1.0,0.9990630225926348,0.9999999999999999,1.0,0.9990630225926348,0.9999999999999999,1.0,5.684844286824031e-05,0.0
baseline,6500,dev,2,4096,4096,4096,8192,8192,1.0,0.9990630225926348,0.9999999999999999,1.0,0.9990630225926348,0.9999999999999999,1.0,4.4562353982424696e-05,0.0
baseline,6500,dev,3,4096,4096,4096,12288,12288,1.0,0.9990630225926348,0.9999999999999999,1.0,0.9990630225926348,0.9999999999999999,1.0,5.742677551112685e-05,0.0
baseline,6500,dev,4,4096,4096,4096,16384,16384,1.0,0.9990630225926348,0.9999999999999999,1.0,0.9990630225926348,0.9999999999999999,1.0,7.922365664247977e-05,0.0
baseline,6500,dev,5,4096,4096,4096,20480,20480,1.0,0.9990630225926348,0.9999999999999999,1.0,0.9990630225926348,0.9999999999999999,1.0,0.0001326374551375853,0.0
baseline,6500,dev,6,4096,4095,4095,24575,24576,0.999755859375,0.9986182969663738,0.9999569018847606,0.999755859375,0.9986182969663738,0.9999569018847606,0.9999593098958334,0.0004948670573592384,0.0
baseline,6500,dev,7,4096,4094,4095,28670,28672,0.99951171875,0.9982212896544476,0.9998660854551866,0.999755859375,0.9986182969663738,0.9999569018847606,0.9999302455357143,0.0009930865390646026,0.0
baseline,6500,dev,8,4096,4093,4095,32765,32768,0.999267578125,0.9978486714629491,0.9997508799051849,0.999755859375,0.9986182969663738,0.9999569018847606,0.999908447265625,0.0014071205712702373,0.0
baseline,6500,dev,9,4096,4089,4091,36856,36864,0.998291015625,0.9964763422189936,0.9991719141831389,0.998779296875,0.997145424476127,0.9994784794090062,0.9997829861111112,0.0031821886296461432,0.0
baseline,6500,dev,10,4096,4084,4089,40945,40960,0.9970703125,0.9948858699188933,0.9983232677757378,0.998291015625,0.9964763422189936,0.9991719141831389,0.9996337890625,0.006403937598359999,0.0
baseline,6500,dev,11,4096,4076,4080,45025,45056,0.9951171875,0.9924697076331114,0.9968368401295172,0.99609375,0.9936637657680687,0.9975940769605611,0.9993119673295454,0.011553893249362401,0.0
baseline,6500,dev,12,4096,4066,4073,49098,49152,0.99267578125,0.9895635962243474,0.994864714123278,0.994384765625,0.991587789433178,0.9962552871049496,0.9989013671875,0.019398440366838132,0.0
baseline,6500,ood_dev,1,4096,4096,4096,4096,4096,1.0,0.9990630225926348,0.9999999999999999,1.0,0.9990630225926348,0.9999999999999999,1.0,5.701659441204043e-05,0.0
baseline,6500,ood_dev,2,4096,4096,4096,8192,8192,1.0,0.9990630225926348,0.9999999999999999,1.0,0.9990630225926348,0.9999999999999999,1.0,4.548923307012842e-05,0.0
baseline,6500,ood_dev,3,4096,4096,4096,12288,12288,1.0,0.9990630225926348,0.9999999999999999,1.0,0.9990630225926348,0.9999999999999999,1.0,5.4103780587899664e-05,0.0
baseline,6500,ood_dev,4,4096,4096,4096,16384,16384,1.0,0.9990630225926348,0.9999999999999999,1.0,0.9990630225926348,0.9999999999999999,1.0,7.851377904288803e-05,0.0
baseline,6500,ood_dev,5,4096,4096,4096,20480,20480,1.0,0.9990630225926348,0.9999999999999999,1.0,0.9990630225926348,0.9999999999999999,1.0,0.00012106408335399443,0.0
baseline,6500,ood_dev,6,4096,4095,4095,24575,24576,0.999755859375,0.9986182969663738,0.9999569018847606,0.999755859375,0.9986182969663738,0.9999569018847606,0.9999593098958334,0.0006359202719212753,0.0
baseline,6500,ood_dev,7,4096,4095,4095,28670,28672,0.999755859375,0.9986182969663738,0.9999569018847606,0.999755859375,0.9986182969663738,0.9999569018847606,0.9999302455357143,0.0006886181024376992,0.0
baseline,6500,ood_dev,8,4096,4095,4095,32765,32768,0.999755859375,0.9986182969663738,0.9999569018847606,0.999755859375,0.9986182969663738,0.9999569018847606,0.999908447265625,0.001314809299702624,0.0
baseline,6500,ood_dev,9,4096,4092,4092,36857,36864,0.9990234375,0.9974915571936952,0.9996201704329383,0.9990234375,0.9974915571936952,0.9996201704329383,0.9998101128472222,0.0025745330676143485,0.0
baseline,6500,ood_dev,10,4096,4089,4090,40947,40960,0.998291015625,0.9964763422189936,0.9991719141831389,0.99853515625,0.9968075986857966,0.9993284814578364,0.9996826171875,0.004860637672859935,0.0
baseline,6500,ood_dev,11,4096,4080,4081,45028,45056,0.99609375,0.9936637657680687,0.9975940769605611,0.996337890625,0.9939662587473084,0.9977794077228217,0.9993785511363636,0.01175118984386847,0.0
baseline,6500,ood_dev,12,4096,4070,4076,49104,49152,0.99365234375,0.99071517109395,0.9956644342196767,0.9951171875,0.9924697076331114,0.9968368401295172,0.9990234375,0.018776434607859604,0.0
baseline,6500,ood_dev,13,4096,4059,4070,53174,53248,0.990966796875,0.9875743543279273,0.993439189829196,0.99365234375,0.99071517109395,0.9956644342196767,0.9986102764423077,0.023804805866635803,0.0
baseline,6500,ood_dev,14,4096,4040,4052,57226,57344,0.986328125,0.9822887695283722,0.9894561235402453,0.9892578125,0.9856107816089336,0.9919879963576875,0.9979422433035714,0.03117967581638359,0.0
baseline,6500,ood_dev,15,4096,4021,4042,61268,61440,0.981689453125,0.9771094258840555,0.9853668160960561,0.98681640625,0.9828391999625007,0.9898813405891173,0.9972005208333333,0.040497082621738345,0.0
baseline,6500,ood_dev,16,4096,3994,4027,65295,65536,0.97509765625,0.969861879182557,0.9794431217770462,0.983154296875,0.978736356856804,0.9866668275723093,0.9963226318359375,0.051893440653261624,0.0
baseline,6500,ood_dev,17,4096,3965,4009,69304,69632,0.968017578125,0.96217528928926,0.9729828231668342,0.978759765625,0.9738749487182478,0.98274740836386,0.9952895220588235,0.06629527848874206,0.0
baseline,6500,ood_dev,18,4096,3933,3992,73296,73728,0.960205078125,0.9537747892075905,0.9657729635204937,0.974609375,0.9693289612445153,0.9790003922320873,0.994140625,0.08164408385093713,0.0
baseline,6500,ood_dev,19,4096,3899,3960,77256,77824,0.951904296875,0.9449176066361316,0.9580441388809422,0.966796875,0.9608577781251862,0.9718612156234064,0.9927014802631579,0.1039906036307221,0.0
baseline,6500,ood_dev,20,4096,3870,3956,81212,81920,0.94482421875,0.9374060235316193,0.9514088334819455,0.9658203125,0.9598051873478303,0.9709625114347612,0.991357421875,0.12013804057810362,0.0
baseline,6500,ood_dev,21,4096,3827,3936,85148,86016,0.934326171875,0.9263258477580073,0.9415125883710441,0.9609375,0.9545593952649127,0.9664518286876724,0.9899088541666666,0.14427633160951148,0.0
baseline,6500,ood_dev,22,4096,3782,3898,89046,90112,0.92333984375,0.9147896715191604,0.931096696242377,0.95166015625,0.9446579820358394,0.9578159397397341,0.9881702769886364,0.1675593435953402,0.0
baseline,6500,ood_dev,23,4096,3730,3870,92916,94208,0.91064453125,0.9015195779849158,0.9189999552186056,0.94482421875,0.9374060235316193,0.9514088334819455,0.9862856657608695,0.18807979894189608,0.0
baseline,6500,ood_dev,24,4096,3692,3843,96759,98304,0.9013671875,0.8918564110099307,0.9101258200165789,0.938232421875,0.9304415206592828,0.9452020953337735,0.984283447265625,0.2188377656644016,0.0
baseline,6500,ood_dev,25,4096,3647,3810,100569,102400,0.890380859375,0.8804450553276408,0.8995851073313548,0.93017578125,0.9219613132494459,0.9375841192741002,0.982119140625,0.24706951336718186,0.0
baseline,6500,ood_dev,26,4096,3600,3779,104348,106496,0.87890625,0.8685587962878935,0.8885436505205876,0.922607421875,0.9140224457668371,0.9304004507701995,0.9798302283653846,0.280084829570743,0.0
baseline,6500,ood_dev,27,4096,3564,3772,108120,110592,0.8701171875,0.8594742247930802,0.8800665673213897,0.9208984375,0.9122330806334249,0.9287750497131095,0.9776475694444444,0.30522306161605295,0.0
baseline,6500,ood_dev,28,4096,3513,3742,111862,114688,0.857666015625,0.8466307109457992,0.8680310703521549,0.91357421875,0.9045768022865681,0.9217966158149569,0.9753592354910714,0.3473770280634285,0.0
baseline,6500,ood_dev,29,4096,3460,3707,115569,118784,0.8447265625,0.8333129502985477,0.8554941726998899,0.905029296875,0.895667676917727,0.9136319102312873,0.9729340651939655,0.3793689602381052,0.0
baseline,6500,ood_dev,30,4096,3391,3655,119224,122880,0.827880859375,0.8160147422082297,0.8391325426266866,0.892333984375,0.882471412102709,0.9014613404882891,0.9702473958333333,0.4205309478148185,0.0
baseline,6500,ood_dev,31,4096,3330,3618,122842,126976,0.81298828125,0.800755902385727,0.8246341342176703,0.88330078125,0.8731073554786435,0.8927759186768431,0.9674426663306451,0.45508969180798275,0.0
baseline,6500,ood_dev,32,4096,3277,3592,126434,131072,0.800048828125,0.787521548063553,0.812013830240328,0.876953125,0.8665385889668974,0.8866612679095812,0.9646148681640625,0.49227863767028057,0.0
baseline,6500,ood_dev,33,4096,3226,3578,130012,135168,0.78759765625,0.7748055120625974,0.7998508554247676,0.87353515625,0.8630051925365302,0.8833651319589441,0.9618548768939394,0.5230252692308155,0.0
baseline,6500,ood_dev,34,4096,3178,3558,133570,139264,0.77587890625,0.7628533235793794,0.7883875043159708,0.86865234375,0.8579616760370784,0.8786521736283895,0.9591136259191176,0.5637356456878082,0.0
baseline,6500,ood_dev,35,4096,3130,3544,137114,143360,0.76416015625,0.7509156145098268,0.7769096737935086,0.865234375,0.8544340380494773,0.8753502792349863,0.9564313616071428,0.591980146118305,0.0
baseline,6500,ood_dev,36,4096,3073,3494,140608,147456,0.750244140625,0.7367573541908395,0.7632619808469782,0.85302734375,0.841853140376231,0.8635399898332172,0.9535590277777778,0.6504689399381467,0.0
baseline,7000,dev,1,4096,4096,4096,4096,4096,1.0,0.9990630225926348,0.9999999999999999,1.0,0.9990630225926348,0.9999999999999999,1.0,4.09824861238306e-05,0.0
baseline,7000,dev,2,4096,4096,4096,8192,8192,1.0,0.9990630225926348,0.9999999999999999,1.0,0.9990630225926348,0.9999999999999999,1.0,3.424073283087026e-05,0.0
baseline,7000,dev,3,4096,4096,4096,12288,12288,1.0,0.9990630225926348,0.9999999999999999,1.0,0.9990630225926348,0.9999999999999999,1.0,4.30588690716327e-05,0.0
baseline,7000,dev,4,4096,4096,4096,16384,16384,1.0,0.9990630225926348,0.9999999999999999,1.0,0.9990630225926348,0.9999999999999999,1.0,5.684690044227558e-05,0.0
baseline,7000,dev,5,4096,4096,4096,20480,20480,1.0,0.9990630225926348,0.9999999999999999,1.0,0.9990630225926348,0.9999999999999999,1.0,9.373796033962378e-05,0.0
baseline,7000,dev,6,4096,4096,4096,24576,24576,1.0,0.9990630225926348,0.9999999999999999,1.0,0.9990630225926348,0.9999999999999999,1.0,0.00013008922906410092,0.0
baseline,7000,dev,7,4096,4096,4096,28672,28672,1.0,0.9990630225926348,0.9999999999999999,1.0,0.9990630225926348,0.9999999999999999,1.0,0.00041159933631429446,0.0
baseline,7000,dev,8,4096,4094,4094,32766,32768,0.99951171875,0.9982212896544476,0.9998660854551866,0.99951171875,0.9982212896544476,0.9998660854551866,0.99993896484375,0.0011275708707567667,0.0
baseline,7000,dev,9,4096,4093,4095,36861,36864,0.999267578125,0.9978486714629491,0.9997508799051849,0.999755859375,0.9986182969663738,0.9999569018847606,0.9999186197916666,0.001290110783870535,0.0
baseline,7000,dev,10,4096,4092,4094,40955,40960,0.9990234375,0.9974915571936952,0.9996201704329383,0.99951171875,0.9982212896544476,0.9998660854551866,0.9998779296875,0.0033970456813892103,0.0
baseline,7000,dev,11,4096,4087,4090,45045,45056,0.997802734375,0.9958290482073086,0.9988435607118235,0.99853515625,0.9968075986857966,0.9993284814578364,0.999755859375,0.005556887259958954,0.0
baseline,7000,dev,12,4096,4083,4089,49134,49152,0.996826171875,0.9945771012522003,0.9981442127009305,0.998291015625,0.9964763422189936,0.9991719141831389,0.9996337890625,0.006027331805628089,0.0
baseline,7000,ood_dev,1,4096,4096,4096,4096,4096,1.0,0.9990630225926348,0.9999999999999999,1.0,0.9990630225926348,0.9999999999999999,1.0,4.041207059257701e-05,0.0
baseline,7000,ood_dev,2,4096,4096,4096,8192,8192,1.0,0.9990630225926348,0.9999999999999999,1.0,0.9990630225926348,0.9999999999999999,1.0,3.365385792153397e-05,0.0
baseline,7000,ood_dev,3,4096,4096,4096,12288,12288,1.0,0.9990630225926348,0.9999999999999999,1.0,0.9990630225926348,0.9999999999999999,1.0,4.014015668207804e-05,0.0
baseline,7000,ood_dev,4,4096,4096,4096,16384,16384,1.0,0.9990630225926348,0.9999999999999999,1.0,0.9990630225926348,0.9999999999999999,1.0,5.265018135203192e-05,0.0
baseline,7000,ood_dev,5,4096,4096,4096,20480,20480,1.0,0.9990630225926348,0.9999999999999999,1.0,0.9990630225926348,0.9999999999999999,1.0,8.431351126869657e-05,0.0
baseline,7000,ood_dev,6,4096,4096,4096,24576,24576,1.0,0.9990630225926348,0.9999999999999999,1.0,0.9990630225926348,0.9999999999999999,1.0,0.00023287700749152762,0.0
baseline,7000,ood_dev,7,4096,4096,4096,28672,28672,1.0,0.9990630225926348,0.9999999999999999,1.0,0.9990630225926348,0.9999999999999999,1.0,0.00029226882320232406,0.0
baseline,7000,ood_dev,8,4096,4096,4096,32768,32768,1.0,0.9990630225926348,0.9999999999999999,1.0,0.9990630225926348,0.9999999999999999,1.0,0.0006002053127847073,0.0
baseline,7000,ood_dev,9,4096,4096,4096,36864,36864,1.0,0.9990630225926348,0.9999999999999999,1.0,0.9990630225926348,0.9999999999999999,1.0,0.0010483941483589998,0.0
baseline,7000,ood_dev,10,4096,4093,4093,40957,40960,0.999267578125,0.9978486714629491,0.9997508799051849,0.999267578125,0.9978486714629491,0.9997508799051849,0.9999267578125,0.0027977077849759002,0.0
baseline,7000,ood_dev,11,4096,4088,4089,45046,45056,0.998046875,0.9961504506055915,0.9990099820550408,0.998291015625,0.9964763422189936,0.9991719141831389,0.9997780539772727,0.005351752531544962,0.0
baseline,7000,ood_dev,12,4096,4081,4087,49133,49152,0.996337890625,0.9939662587473084,0.9977794077228217,0.997802734375,0.9958290482073086,0.9988435607118235,0.9996134440104166,0.008168482737882732,0.0
baseline,7000,ood_dev,13,4096,4079,4084,53217,53248,0.995849609375,0.9933629968413301,0.9974070221457995,0.9970703125,0.9948858699188933,0.9983232677757378,0.9994178185096154,0.012758972580518169,0.0
baseline,7000,ood_dev,14,4096,4067,4075,57292,57344,0.992919921875,0.9898503448988859,0.9950657891902398,0.994873046875,0.9921745882319427,0.9966441357891856,0.9990931919642857,0.018506597913222622,0.0
baseline,7000,ood_dev,15,4096,4059,4068,61360,61440,0.990966796875,0.9875743543279273,0.993439189829196,0.9931640625,0.9901378308615215,0.9952661269691047,0.9986979166666666,0.02576662083667136,0.0
baseline,7000,ood_dev,16,4096,4042,4055,65415,65536,0.98681640625,0.9828391999625007,0.9898813405891173,0.989990234375,0.9864495949105299,0.9926126542805922,0.9981536865234375,0.03171006115519326,0.0
baseline,7000,ood_dev,17,4096,4021,4047,69462,69632,0.981689453125,0.9771094258840555,0.9853668160960561,0.988037109375,0.9842206673133682,0.9909389919457514,0.99755859375,0.03900000708623841,0.0
baseline,7000,ood_dev,18,4096,3994,4027,73489,73728,0.97509765625,0.969861879182557,0.9794431217770462,0.983154296875,0.978736356856804,0.9866668275723093,0.9967583550347222,0.05014723654515829,0.0
baseline,7000,ood_dev,19,4096,3966,4019,77508,77824,0.96826171875,0.9624390364554394,0.973206899742155,0.981201171875,0.9765686419356131,0.9849319525614978,0.9959395559210527,0.054254076852499056,0.0
baseline,7000,ood_dev,20,4096,3938,4009,81517,81920,0.96142578125,0.9550827758957496,0.9669040955398363,0.978759765625,0.9738749487182478,0.98274740836386,0.99508056640625,0.06408296762924648,0.0
baseline,7000,ood_dev,21,4096,3911,3997,85514,86016,0.954833984375,0.9480368065317946,0.9607788238832828,0.975830078125,0.9706621520616038,0.9801063201225003,0.9941638764880952,0.0826126844325763,0.0
baseline,7000,ood_dev,22,4096,3871,3964,89478,90112,0.945068359375,0.9376644744381794,0.9516382063168857,0.9677734375,0.9619116249533165,0.9727586637612774,0.9929643110795454,0.10138623102421107,0.0
baseline,7000,ood_dev,23,4096,3824,3935,93413,94208,0.93359375,0.92555502965908,0.9408199352454705,0.960693359375,0.9542977984787171,0.9662256017323678,0.991561226222826,0.1314168178919113,0.0
baseline,7000,ood_dev,24,4096,3779,3900,97313,98304,0.922607421875,0.9140224457668371,0.9304004507701995,0.9521484375,0.9451772774654191,0.9582722917931549,0.9899190266927084,0.14742147731966893,0.0
baseline,7000,ood_dev,25,4096,3733,3880,101193,102400,0.911376953125,0.9022836148178496,0.9196993896101727,0.947265625,0.9399922864751624,0.9537008079534055,0.988212890625,0.17072899795654872,0.0
baseline,7000,ood_dev,26,4096,3686,3858,105051,106496,0.89990234375,0.8903329959119337,0.908722292665574,0.94189453125,0.9343075174163912,0.9486534546991697,0.9864314152644231,0.19375925580037956,0.0
baseline,7000,ood_dev,27,4096,3642,3833,108884,110592,0.88916015625,0.8791790684271216,0.8984119755243726,0.935791015625,0.9278682941984233,0.94289708437963,0.9845558449074074,0.2281094403028714,0.0
baseline,7000,ood_dev,28,4096,3605,3824,112708,114688,0.880126953125,0.8698218505154235,0.889719715000559,0.93359375,0.92555502965908,0.9408199352454705,0.9827357700892857,0.2516273914710956,0.0
baseline,7000,ood_dev,29,4096,3551,3790,116498,118784,0.866943359375,0.8561975725255366,0.8770015109494291,0.92529296875,0.9168366756670765,0.9329522820264635,0.9807549838362069,0.26990706309085755,0.0
baseline,7000,ood_dev,30,4096,3513,3764,120262,122880,0.857666015625,0.8466307109457992,0.8680310703521549,0.9189453125,0.9101894761317266,0.9269160642828052,0.9786946614583333,0.2994874374870946,0.0
baseline,7000,ood_dev,31,4096,3462,3728,123990,126976,0.84521484375,0.8338150005188198,0.8559677699626185,0.91015625,0.9010103180945493,0.9185335676259713,0.9764837449596774,0.3319763240333655,0.0
baseline,7000,ood_dev,32,4096,3427,3715,127705,131072,0.836669921875,0.8250345481893915,0.8476743913395359,0.906982421875,0.8977019985342092,0.9155001785468075,0.9743118286132812,0.3595339716070862,0.0
baseline,7000,ood_dev,33,4096,3376,3695,131400,135168,0.82421875,0.8122597665518021,0.8355701621606095,0.902099609375,0.8926183492901923,0.9108273529608181,0.9721235795454546,0.38105936061429224,0.0
baseline,7000,ood_dev,34,4096,3323,3645,135045,139264,0.811279296875,0.7990067679900137,0.8229685024228814,0.889892578125,0.8799386161345828,0.8991158990414121,0.9697050206801471,0.44008286420288534,0.0
baseline,7000,ood_dev,35,4096,3279,3633,138678,143360,0.800537109375,0.7880205851927248,0.8124904405941568,0.886962890625,0.8769012144234478,0.8962994158545434,0.9673409598214285,0.46969824827032003,0.0
baseline,7000,ood_dev,36,4096,3213,3591,142269,147456,0.784423828125,0.7715669842082322,0.7967476746396289,0.876708984375,0.8662861211444994,0.8864259119904789,0.9648234049479166,0.5048536311347374,0.0
baseline,7500,dev,1,4096,4096,4096,4096,4096,1.0,0.9990630225926348,0.9999999999999999,1.0,0.9990630225926348,0.9999999999999999,1.0,3.497389289464081e-05,0.0
baseline,7500,dev,2,4096,4096,4096,8192,8192,1.0,0.9990630225926348,0.9999999999999999,1.0,0.9990630225926348,0.9999999999999999,1.0,3.0181337539625375e-05,0.0
baseline,7500,dev,3,4096,4096,4096,12288,12288,1.0,0.9990630225926348,0.9999999999999999,1.0,0.9990630225926348,0.9999999999999999,1.0,3.82287545934723e-05,0.0
baseline,7500,dev,4,4096,4096,4096,16384,16384,1.0,0.9990630225926348,0.9999999999999999,1.0,0.9990630225926348,0.9999999999999999,1.0,5.4151186474449275e-05,0.0
baseline,7500,dev,5,4096,4096,4096,20480,20480,1.0,0.9990630225926348,0.9999999999999999,1.0,0.9990630225926348,0.9999999999999999,1.0,8.896745306197218e-05,0.0
baseline,7500,dev,6,4096,4095,4095,24575,24576,0.999755859375,0.9986182969663738,0.9999569018847606,0.999755859375,0.9986182969663738,0.9999569018847606,0.9999593098958334,0.0007934845434547366,0.0
baseline,7500,dev,7,4096,4094,4095,28670,28672,0.99951171875,0.9982212896544476,0.9998660854551866,0.999755859375,0.9986182969663738,0.9999569018847606,0.9999302455357143,0.000869856973990002,0.0
baseline,7500,dev,8,4096,4092,4094,32764,32768,0.9990234375,0.9974915571936952,0.9996201704329383,0.99951171875,0.9982212896544476,0.9998660854551866,0.9998779296875,0.001986162739150421,0.0
baseline,7500,dev,9,4096,4085,4088,36852,36864,0.997314453125,0.9951972177470491,0.9984997436890822,0.998046875,0.9961504506055915,0.9990099820550408,0.9996744791666666,0.005179325097727228,0.0
baseline,7500,dev,10,4096,4083,4087,40939,40960,0.996826171875,0.9945771012522003,0.9981442127009305,0.997802734375,0.9958290482073086,0.9988435607118235,0.9994873046875,0.007039079504190582,0.0
baseline,7500,dev,11,4096,4072,4076,45015,45056,0.994140625,0.9912959670744264,0.996059285722201,0.9951171875,0.9924697076331114,0.9968368401295172,0.9990900213068182,0.01362733614980427,0.0
baseline,7500,dev,12,4096,4060,4070,49085,49152,0.9912109375,0.9878567926156614,0.9936445752829621,0.99365234375,0.99071517109395,0.9956644342196767,0.9986368815104166,0.019923261257527303,0.0
baseline,7500,ood_dev,1,4096,4096,4096,4096,4096,1.0,0.9990630225926348,0.9999999999999999,1.0,0.9990630225926348,0.9999999999999999,1.0,3.51621565943816e-05,0.0
baseline,7500,ood_dev,2,4096,4096,4096,8192,8192,1.0,0.9990630225926348,0.9999999999999999,1.0,0.9990630225926348,0.9999999999999999,1.0,3.005868613836782e-05,0.0
baseline,7500,ood_dev,3,4096,4096,4096,12288,12288,1.0,0.9990630225926348,0.9999999999999999,1.0,0.9990630225926348,0.9999999999999999,1.0,3.7973503796528973e-05,0.0
baseline,7500,ood_dev,4,4096,4096,4096,16384,16384,1.0,0.9990630225926348,0.9999999999999999,1.0,0.9990630225926348,0.9999999999999999,1.0,5.294317287862782e-05,0.0
baseline,7500,ood_dev,5,4096,4096,4096,20480,20480,1.0,0.9990630225926348,0.9999999999999999,1.0,0.9990630225926348,0.9999999999999999,1.0,9.253321942304105e-05,0.0
baseline,7500,ood_dev,6,4096,4096,4096,24576,24576,1.0,0.9990630225926348,0.9999999999999999,1.0,0.9990630225926348,0.9999999999999999,1.0,0.00024400189397244532,0.0
baseline,7500,ood_dev,7,4096,4095,4095,28671,28672,0.999755859375,0.9986182969663738,0.9999569018847606,0.999755859375,0.9986182969663738,0.9999569018847606,0.9999651227678571,0.0008202597115820609,0.0
baseline,7500,ood_dev,8,4096,4092,4092,32763,32768,0.9990234375,0.9974915571936952,0.9996201704329383,0.9990234375,0.9974915571936952,0.9996201704329383,0.999847412109375,0.002935996625247128,0.0
baseline,7500,ood_dev,9,4096,4086,4087,36850,36864,0.99755859375,0.9955114747539533,0.9986733104236785,0.997802734375,0.9958290482073086,0.9988435607118235,0.9996202256944444,0.006489413232758201,0.0
baseline,7500,ood_dev,10,4096,4080,4085,40935,40960,0.99609375,0.9936637657680687,0.9975940769605611,0.997314453125,0.9951972177470491,0.9984997436890822,0.9993896484375,0.007622727007178032,0.0
baseline,7500,ood_dev,11,4096,4067,4075,45010,45056,0.992919921875,0.9898503448988859,0.9950657891902398,0.994873046875,0.9921745882319427,0.9966441357891856,0.9989790482954546,0.014665127763026753,0.0
baseline,7500,ood_dev,12,4096,4055,4066,49076,49152,0.989990234375,0.9864495949105299,0.9926126542805922,0.99267578125,0.9895635962243474,0.994864714123278,0.9984537760416666,0.022133141457581385,0.0
baseline,7500,ood_dev,13,4096,4038,4058,53134,53248,0.98583984375,0.9817394754367362,0.9890297701488805,0.99072265625,0.987292434466316,0.993233285949307,0.9978590745192307,0.02978660000477351,0.0
baseline,7500,ood_dev,14,4096,4019,4047,57181,57344,0.981201171875,0.9765686419356131,0.9849319525614978,0.988037109375,0.9842206673133682,0.9909389919457514,0.9971575055803571,0.03965338550073838,0.0
baseline,7500,ood_dev,15,4096,3990,4026,61207,61440,0.97412109375,0.9687965056840521,0.9785572003095498,0.98291015625,0.9784647020408669,0.9864506586467462,0.9962076822916667,0.0526842349884491,0.0
baseline,7500,ood_dev,16,4096,3959,4006,65213,65536,0.966552734375,0.9605945147420692,0.971636655265023,0.97802734375,0.9730698833974413,0.9820890024601655,0.9950714111328125,0.06817741804388344,0.0
baseline,7500,ood_dev,17,4096,3918,3979,69192,69632,0.95654296875,0.9498596607971911,0.9623707358083885,0.971435546875,0.9658757308170035,0.976111914020095,0.9936810661764706,0.08305429584748691,0.0
baseline,7500,ood_dev,18,4096,3873,3959,73151,73728,0.945556640625,0.9381814914524192,0.9520968367856465,0.966552734375,0.9605945147420692,0.971636655265023,0.9921739366319444,0.10302930643197916,0.0
baseline,7500,ood_dev,19,4096,3838,3949,77100,77824,0.93701171875,0.9291545119210666,0.9440499853644883,0.964111328125,0.9579660236105576,0.9693869089815317,0.9906969572368421,0.11578665683601375,0.0
baseline,7500,ood_dev,20,4096,3788,3907,81007,81920,0.9248046875,0.9163247769466819,0.9324885332638574,0.953857421875,0.9469962963333816,0.9598680391156946,0.98885498046875,0.1512408200689872,0.0
baseline,7500,ood_dev,21,4096,3739,3882,84889,86016,0.912841796875,0.9038122249393785,0.9210977219376457,0.94775390625,0.9405100178795183,0.9541587240320502,0.9868977864583334,0.17104400471577952,0.0
baseline,7500,ood_dev,22,4096,3682,3840,88729,90112,0.89892578125,0.889317722865057,0.9077862707464496,0.9375,0.9296692192922852,0.9445109254762704,0.9846524325284091,0.21756949921503255,0.0
baseline,7500,ood_dev,23,4096,3626,3822,92551,94208,0.88525390625,0.875130353941446,0.894655510146043,0.93310546875,0.9250412981572879,0.9403580192642621,0.9824112601902174,0.2356516900247987,0.0
baseline,7500,ood_dev,24,4096,3572,3794,96345,98304,0.8720703125,0.86149162812159,0.8819517539248823,0.92626953125,0.9178607737962339,0.9338794788633074,0.980072021484375,0.27499723363390527,0.0
baseline,7500,ood_dev,25,4096,3512,3760,100105,102400,0.857421875,0.8463791651916867,0.8677947923647672,0.91796875,0.9091682131124504,0.9259860323360801,0.977587890625,0.30879557175215444,0.0
baseline,7500,ood_dev,26,4096,3462,3743,103848,106496,0.84521484375,0.8338150005188198,0.8559677699626185,0.913818359375,0.9048317022533956,0.9220295395896299,0.9751352163461539,0.3430338812532796,0.0
baseline,7500,ood_dev,27,4096,3399,3700,107548,110592,0.829833984375,0.8180181714909365,0.8410317032759822,0.9033203125,0.8938885935671609,0.9119962273913512,0.9724754050925926,0.3844329571502034,0.0
baseline,7500,ood_dev,28,4096,3336,3657,111205,114688,0.814453125,0.8022554598097227,0.8260615192426766,0.892822265625,0.8829781530794668,0.901930246994532,0.9696306501116071,0.42667119473485515,0.0
baseline,7500,ood_dev,29,4096,3286,3639,114844,118784,0.80224609375,0.7897674404539782,0.8141583515234055,0.888427734375,0.8784196529935242,0.897707919733469,0.9668305495689655,0.45945628110816794,0.0
baseline,7500,ood_dev,30,4096,3225,3600,118444,122880,0.787353515625,0.7745563548344684,0.7996121889113964,0.87890625,0.8685587962878935,0.8885436505205876,0.9638997395833333,0.5047834667773516,0.0
baseline,7500,ood_dev,31,4096,3169,3559,122003,126976,0.773681640625,0.7606139243826091,0.7862364898392384,0.868896484375,0.8582137378213254,0.878887935585643,0.9608351184475806,0.5483735850086962,0.0
baseline,7500,ood_dev,32,4096,3100,3526,125529,131072,0.7568359375,0.7434615592533041,0.7697290168050218,0.86083984375,0.8499017850055347,0.8711017049319235,0.9577102661132812,0.6012188333587336,0.0
baseline,7500,ood_dev,33,4096,3047,3507,129036,135168,0.743896484375,0.7303053240053347,0.757030593753475,0.856201171875,0.845121595652109,0.8666132431968432,0.9546342329545454,0.6475523527184852,0.0
baseline,7500,ood_dev,34,4096,2986,3463,132499,139264,0.72900390625,0.7151822526290004,0.7423964168982904,0.845458984375,0.8340660400464522,0.8562045541764863,0.9514231962316176,0.671233064590375,0.0
baseline,7500,ood_dev,35,4096,2916,3404,135903,143360,0.7119140625,0.6978516515689882,0.7255793560532807,0.8310546875,0.819270593124671,0.8422184003497494,0.9479840959821428,0.7523928329374503,0.0
baseline,7500,ood_dev,36,4096,2860,3383,139286,147456,0.6982421875,0.6840045468241523,0.7121083312740993,0.825927734375,0.8140118545714705,0.8372328403314433,0.9445936414930556,0.8008714081509181,0.0
baseline,8000,dev,1,4096,4096,4096,4096,4096,1.0,0.9990630225926348,0.9999999999999999,1.0,0.9990630225926348,0.9999999999999999,1.0,2.6468725539352533e-05,0.0
baseline,8000,dev,2,4096,4096,4096,8192,8192,1.0,0.9990630225926348,0.9999999999999999,1.0,0.9990630225926348,0.9999999999999999,1.0,2.3631817701486035e-05,0.0
baseline,8000,dev,3,4096,4096,4096,12288,12288,1.0,0.9990630225926348,0.9999999999999999,1.0,0.9990630225926348,0.9999999999999999,1.0,2.984511417569724e-05,0.0
baseline,8000,dev,4,4096,4096,4096,16384,16384,1.0,0.9990630225926348,0.9999999999999999,1.0,0.9990630225926348,0.9999999999999999,1.0,4.0499712795183385e-05,0.0
baseline,8000,dev,5,4096,4096,4096,20480,20480,1.0,0.9990630225926348,0.9999999999999999,1.0,0.9990630225926348,0.9999999999999999,1.0,6.642359488262528e-05,0.0
baseline,8000,dev,6,4096,4096,4096,24576,24576,1.0,0.9990630225926348,0.9999999999999999,1.0,0.9990630225926348,0.9999999999999999,1.0,0.00011911898553829126,0.0
baseline,8000,dev,7,4096,4096,4096,28672,28672,1.0,0.9990630225926348,0.9999999999999999,1.0,0.9990630225926348,0.9999999999999999,1.0,0.000420682659710403,0.0
baseline,8000,dev,8,4096,4095,4095,32767,32768,0.999755859375,0.9986182969663738,0.9999569018847606,0.999755859375,0.9986182969663738,0.9999569018847606,0.999969482421875,0.0009508133986619871,0.0
baseline,8000,dev,9,4096,4093,4094,36861,36864,0.999267578125,0.9978486714629491,0.9997508799051849,0.99951171875,0.9982212896544476,0.9998660854551866,0.9999186197916666,0.0015964517666080535,0.0
baseline,8000,dev,10,4096,4088,4089,40950,40960,0.998046875,0.9961504506055915,0.9990099820550408,0.998291015625,0.9964763422189936,0.9991719141831389,0.999755859375,0.0039291337144813365,0.0
baseline,8000,dev,11,4096,4085,4088,45038,45056,0.997314453125,0.9951972177470491,0.9984997436890822,0.998046875,0.9961504506055915,0.9990099820550408,0.9996004971590909,0.007132868428306738,0.0
baseline,8000,dev,12,4096,4075,4078,49116,49152,0.994873046875,0.9921745882319427,0.9966441357891856,0.99560546875,0.9930638103960733,0.9972183848495558,0.999267578125,0.013463728447743017,0.0
baseline,8000,ood_dev,1,4096,4096,4096,4096,4096,1.0,0.9990630225926348,0.9999999999999999,1.0,0.9990630225926348,0.9999999999999999,1.0,2.6547214746930337e-05,0.0
baseline,8000,ood_dev,2,4096,4096,4096,8192,8192,1.0,0.9990630225926348,0.9999999999999999,1.0,0.9990630225926348,0.9999999999999999,1.0,2.371921478305783e-05,0.0
baseline,8000,ood_dev,3,4096,4096,4096,12288,12288,1.0,0.9990630225926348,0.9999999999999999,1.0,0.9990630225926348,0.9999999999999999,1.0,3.1131761581759676e-05,0.0
baseline,8000,ood_dev,4,4096,4096,4096,16384,16384,1.0,0.9990630225926348,0.9999999999999999,1.0,0.9990630225926348,0.9999999999999999,1.0,4.107723033541788e-05,0.0
baseline,8000,ood_dev,5,4096,4096,4096,20480,20480,1.0,0.9990630225926348,0.9999999999999999,1.0,0.9990630225926348,0.9999999999999999,1.0,5.6283417017688464e-05,0.0
baseline,8000,ood_dev,6,4096,4096,4096,24576,24576,1.0,0.9990630225926348,0.9999999999999999,1.0,0.9990630225926348,0.9999999999999999,1.0,0.00011955683590014754,0.0
baseline,8000,ood_dev,7,4096,4095,4095,28671,28672,0.999755859375,0.9986182969663738,0.9999569018847606,0.999755859375,0.9986182969663738,0.9999569018847606,0.9999651227678571,0.00047640609371280007,0.0
baseline,8000,ood_dev,8,4096,4094,4095,32766,32768,0.99951171875,0.9982212896544476,0.9998660854551866,0.999755859375,0.9986182969663738,0.9999569018847606,0.99993896484375,0.001357672987924774,0.0
baseline,8000,ood_dev,9,4096,4092,4093,36859,36864,0.9990234375,0.9974915571936952,0.9996201704329383,0.999267578125,0.9978486714629491,0.9997508799051849,0.9998643663194444,0.0022677939359108112,0.0
baseline,8000,ood_dev,10,4096,4086,4087,40946,40960,0.99755859375,0.9955114747539533,0.9986733104236785,0.997802734375,0.9958290482073086,0.9988435607118235,0.999658203125,0.0041568592169884955,0.0
baseline,8000,ood_dev,11,4096,4083,4087,45033,45056,0.996826171875,0.9945771012522003,0.9981442127009305,0.997802734375,0.9958290482073086,0.9988435607118235,0.9994895241477273,0.006210329998631359,0.0
baseline,8000,ood_dev,12,4096,4074,4082,49115,49152,0.99462890625,0.9918806406223304,0.9964502596572975,0.99658203125,0.9942706398960515,0.9979628503155791,0.9992472330729166,0.009764401407408974,0.0
baseline,8000,ood_dev,13,4096,4064,4074,53189,53248,0.9921875,0.9889921727170213,0.9944604901476036,0.99462890625,0.9918806406223304,0.9964502596572975,0.9988919771634616,0.01825917616728656,0.0
baseline,8000,ood_dev,14,4096,4048,4061,57250,57344,0.98828125,0.9844979568178159,0.9911495261828039,0.991455078125,0.9881397703182205,0.9938494213219035,0.9983607700892857,0.02753125306501958,0.0
baseline,8000,ood_dev,15,4096,4029,4050,61300,61440,0.983642578125,0.9792802999311276,0.9870985319809864,0.98876953125,0.9850536128857085,0.9915695175979121,0.9977213541666666,0.036840257803235854,0.0
baseline,8000,ood_dev,16,4096,4002,4032,65332,65536,0.97705078125,0.971998448439275,0.9812091424523306,0.984375,0.9800978681444444,0.9877444349921706,0.99688720703125,0.046776408209144194,0.0
baseline,8000,ood_dev,17,4096,3971,4014,69346,69632,0.969482421875,0.963759047527144,0.974326007377952,0.97998046875,0.9752197539009314,0.983841721888678,0.9958926930147058,0.05684203291215151,0.0
baseline,8000,ood_dev,18,4096,3929,3982,73328,73728,0.959228515625,0.9527294929498811,0.9648669648122019,0.97216796875,0.9666710641443907,0.9767800519172087,0.9945746527777778,0.08086074941079247,0.0
baseline,8000,ood_dev,19,4096,3901,3970,77298,77824,0.952392578125,0.9454369948583105,0.9585003981417638,0.96923828125,0.9634948720671381,0.9741023590964577,0.9932411595394737,0.09499942243494308,0.0
baseline,8000,ood_dev,20,4096,3855,3936,81234,81920,0.941162109375,0.9335337022688429,0.9479637986222172,0.9609375,0.9545593952649127,0.9664518286876724,0.9916259765625,0.12043585420963021,0.0
baseline,8000,ood_dev,21,4096,3819,3935,85169,86016,0.932373046875,0.9242709187774049,0.9396649274196441,0.960693359375,0.9542977984787171,0.9662256017323678,0.9901529947916666,0.1316628723707971,0.0
baseline,8000,ood_dev,22,4096,3775,3904,89073,90112,0.921630859375,0.9129998108302356,0.9294717907407996,0.953125,0.9462164298287505,0.9591844343958247,0.9884699041193182,0.15200526086486144,0.0
baseline,8000,ood_dev,23,4096,3730,3876,92949,94208,0.91064453125,0.9015195779849158,0.9189999552186056,0.9462890625,0.938957308629731,0.9527844908328355,0.9866359544836957,0.1757540264440065,0.0
baseline,8000,ood_dev,24,4096,3674,3836,96785,98304,0.89697265625,0.8872879701414506,0.9059134335380535,0.9365234375,0.9286399311008992,0.943588918701655,0.9845479329427084,0.22663690629559197,0.0
baseline,8000,ood_dev,25,4096,3623,3804,100589,102400,0.884521484375,0.8743716252251424,0.8939507676378456,0.9287109375,0.920422816416333,0.9361956736582114,0.982314453125,0.2572667357066323,0.0
baseline,8000,ood_dev,26,4096,3574,3771,104360,106496,0.87255859375,0.8619961004422974,0.8824229290871757,0.920654296875,0.9119775502306317,0.9285427563744023,0.9799429086538461,0.2978413915403466,0.0
baseline,8000,ood_dev,27,4096,3527,3740,108100,110592,0.861083984375,0.8501534822368317,0.8713378314421267,0.9130859375,0.9040670637073458,0.9213307069111787,0.9774667245370371,0.33911092725695235,0.0
baseline,8000,ood_dev,28,4096,3456,3710,111810,114688,0.84375,0.8323089646819845,0.8545468633504519,0.90576171875,0.8964304105240852,0.9143326478494298,0.9749058314732143,0.37303800175856394,0.0
baseline,8000,ood_dev,29,4096,3407,3687,115497,118784,0.831787109375,0.8200221498156435,0.8429303148832779,0.900146484375,0.8905868560727095,0.9089562562462985,0.9723279229525862,0.40307774084024395,0.0
baseline,8000,ood_dev,30,4096,3341,3633,119130,122880,0.815673828125,0.803505304014572,0.8272507937453287,0.886962890625,0.8769012144234478,0.8962994158545434,0.969482421875,0.45328939100921395,0.0
baseline,8000,ood_dev,31,4096,3293,3634,122764,126976,0.803955078125,0.7915146488016144,0.8158259093662715,0.88720703125,0.8771542514698228,0.8965342025496686,0.966828377016129,0.48649121546124796,0.0
baseline,8000,ood_dev,32,4096,3236,3603,126367,131072,0.7900390625,0.7772974517872059,0.8022371531151623,0.879638671875,0.8693165892508347,0.8892493287821474,0.9641036987304688,0.5167979490916568,0.0
baseline,8000,ood_dev,33,4096,3179,3572,129939,135168,0.776123046875,0.7631021770183883,0.7886264746184621,0.8720703125,0.86149162812159,0.8819517539248823,0.9613148082386364,0.5505149846492494,0.0
baseline,8000,ood_dev,34,4096,3116,3527,133466,139264,0.7607421875,0.7474363988944884,0.7735593570278426,0.861083984375,0.8501534822368317,0.8713378314421267,0.9583668428308824,0.6031347894106829,0.0
baseline,8000,ood_dev,35,4096,3067,3507,136973,143360,0.748779296875,0.7352680906621605,0.7618243019266553,0.856201171875,0.845121595652109,0.8666132431968432,0.9554478236607142,0.633603722943406,0.0
baseline,8000,ood_dev,36,4096,3008,3490,140463,147456,0.734375,0.7206341951015064,0.7476765967387912,0.85205078125,0.8408478125539957,0.8625940226894514,0.95257568359375,0.675003828805594,0.0
baseline,8500,dev,1,4096,4096,4096,4096,4096,1.0,0.9990630225926348,0.9999999999999999,1.0,0.9990630225926348,0.9999999999999999,1.0,2.4614659175581366e-05,0.0
baseline,8500,dev,2,4096,4096,4096,8192,8192,1.0,0.9990630225926348,0.9999999999999999,1.0,0.9990630225926348,0.9999999999999999,1.0,2.180010626640083e-05,0.0
baseline,8500,dev,3,4096,4096,4096,12288,12288,1.0,0.9990630225926348,0.9999999999999999,1.0,0.9990630225926348,0.9999999999999999,1.0,2.7213813096893524e-05,0.0
baseline,8500,dev,4,4096,4096,4096,16384,16384,1.0,0.9990630225926348,0.9999999999999999,1.0,0.9990630225926348,0.9999999999999999,1.0,5.505170271835613e-05,0.0
baseline,8500,dev,5,4096,4096,4096,20480,20480,1.0,0.9990630225926348,0.9999999999999999,1.0,0.9990630225926348,0.9999999999999999,1.0,6.093674891261003e-05,0.0
baseline,8500,dev,6,4096,4096,4096,24576,24576,1.0,0.9990630225926348,0.9999999999999999,1.0,0.9990630225926348,0.9999999999999999,1.0,9.142793682226369e-05,0.0
baseline,8500,dev,7,4096,4096,4096,28672,28672,1.0,0.9990630225926348,0.9999999999999999,1.0,0.9990630225926348,0.9999999999999999,1.0,0.00030417235845392465,0.0
baseline,8500,dev,8,4096,4095,4095,32767,32768,0.999755859375,0.9986182969663738,0.9999569018847606,0.999755859375,0.9986182969663738,0.9999569018847606,0.999969482421875,0.001741806617281516,0.0
baseline,8500,dev,9,4096,4093,4093,36860,36864,0.999267578125,0.9978486714629491,0.9997508799051849,0.999267578125,0.9978486714629491,0.9997508799051849,0.9998914930555556,0.0034962765605752733,0.0
baseline,8500,dev,10,4096,4093,4094,40954,40960,0.999267578125,0.9978486714629491,0.9997508799051849,0.99951171875,0.9982212896544476,0.9998660854551866,0.999853515625,0.0041072376354612805,0.0
baseline,8500,dev,11,4096,4083,4085,45039,45056,0.996826171875,0.9945771012522003,0.9981442127009305,0.997314453125,0.9951972177470491,0.9984997436890822,0.9996226917613636,0.006029494144840775,0.0
baseline,8500,dev,12,4096,4075,4082,49121,49152,0.994873046875,0.9921745882319427,0.9966441357891856,0.99658203125,0.9942706398960515,0.9979628503155791,0.9993693033854166,0.00901172638716563,0.0
baseline,8500,ood_dev,1,4096,4096,4096,4096,4096,1.0,0.9990630225926348,0.9999999999999999,1.0,0.9990630225926348,0.9999999999999999,1.0,2.5157574499834467e-05,0.0
baseline,8500,ood_dev,2,4096,4096,4096,8192,8192,1.0,0.9990630225926348,0.9999999999999999,1.0,0.9990630225926348,0.9999999999999999,1.0,2.246544792128269e-05,0.0
baseline,8500,ood_dev,3,4096,4096,4096,12288,12288,1.0,0.9990630225926348,0.9999999999999999,1.0,0.9990630225926348,0.9999999999999999,1.0,3.0286861312234237e-05,0.0
baseline,8500,ood_dev,4,4096,4096,4096,16384,16384,1.0,0.9990630225926348,0.9999999999999999,1.0,0.9990630225926348,0.9999999999999999,1.0,4.2842348666138896e-05,0.0
baseline,8500,ood_dev,5,4096,4096,4096,20480,20480,1.0,0.9990630225926348,0.9999999999999999,1.0,0.9990630225926348,0.9999999999999999,1.0,6.69725508593011e-05,0.0
baseline,8500,ood_dev,6,4096,4096,4096,24576,24576,1.0,0.9990630225926348,0.9999999999999999,1.0,0.9990630225926348,0.9999999999999999,1.0,0.00011888191933995262,0.0
baseline,8500,ood_dev,7,4096,4096,4096,28672,28672,1.0,0.9990630225926348,0.9999999999999999,1.0,0.9990630225926348,0.9999999999999999,1.0,0.00027208559975433477,0.0
baseline,8500,ood_dev,8,4096,4095,4095,32767,32768,0.999755859375,0.9986182969663738,0.9999569018847606,0.999755859375,0.9986182969663738,0.9999569018847606,0.999969482421875,0.0009256463002320636,0.0
baseline,8500,ood_dev,9,4096,4094,4094,36861,36864,0.99951171875,0.9982212896544476,0.9998660854551866,0.99951171875,0.9982212896544476,0.9998660854551866,0.9999186197916666,0.0021093057913048607,0.0
baseline,8500,ood_dev,10,4096,4091,4092,40953,40960,0.998779296875,0.997145424476127,0.9994784794090062,0.9990234375,0.9974915571936952,0.9996201704329383,0.9998291015625,0.0032464188201829502,0.0
baseline,8500,ood_dev,11,4096,4083,4084,45037,45056,0.996826171875,0.9945771012522003,0.9981442127009305,0.9970703125,0.9948858699188933,0.9983232677757378,0.9995783025568182,0.006122890464919761,0.0
baseline,8500,ood_dev,12,4096,4081,4086,49123,49152,0.996337890625,0.9939662587473084,0.9977794077228217,0.99755859375,0.9955114747539533,0.9986733104236785,0.9994099934895834,0.008174112240917797,0.0
baseline,8500,ood_dev,13,4096,4071,4078,53201,53248,0.993896484375,0.9910051126562461,0.995862316398881,0.99560546875,0.9930638103960733,0.9972183848495558,0.9991173377403846,0.013775804155190752,0.0
baseline,8500,ood_dev,14,4096,4056,4067,57268,57344,0.990234375,0.9867300726317991,0.9928200003008232,0.992919921875,0.9898503448988859,0.9950657891902398,0.9986746651785714,0.021257976262197276,0.0
baseline,8500,ood_dev,15,4096,4042,4060,61328,61440,0.98681640625,0.9828391999625007,0.9898813405891173,0.9912109375,0.9878567926156614,0.9936445752829621,0.9981770833333333,0.024184481475392983,0.0
baseline,8500,ood_dev,16,4096,4021,4052,65380,65536,0.981689453125,0.9771094258840555,0.9853668160960561,0.9892578125,0.9856107816089336,0.9919879963576875,0.99761962890625,0.031499481801588236,0.0
baseline,8500,ood_dev,17,4096,3996,4033,69413,69632,0.9755859375,0.970395272680658,0.9798853757619459,0.984619140625,0.9803708517550201,0.9879592751230951,0.9968548943014706,0.046470811806546,0.0
baseline,8500,ood_dev,18,4096,3970,4022,73435,73728,0.96923828125,0.9634948720671381,0.9741023590964577,0.98193359375,0.9773800946662805,0.9855839710553314,0.9960259331597222,0.05836702586300491,0.0
baseline,8500,ood_dev,19,4096,3947,4015,77450,77824,0.963623046875,0.9574411905686989,0.9689360945403896,0.980224609375,0.9754891932191522,0.9840601063119575,0.9951942845394737,0.06714761857983653,0.0
baseline,8500,ood_dev,20,4096,3913,3983,81433,81920,0.955322265625,0.9485573633564719,0.9612339145416062,0.972412109375,0.9669363760022123,0.9770025638008875,0.99405517578125,0.09152537242524428,0.0
baseline,8500,ood_dev,21,4096,3878,3974,85407,86016,0.94677734375,0.9394747174237471,0.9532427295218201,0.97021484375,0.9645521097608273,0.9749964163687698,0.992919921875,0.10522070400035577,0.0
baseline,8500,ood_dev,22,4096,3834,3938,89345,90112,0.93603515625,0.9281254754775315,0.9431277268420221,0.96142578125,0.9550827758957496,0.9669040955398363,0.9914883700284091,0.13336295442181845,0.0
baseline,8500,ood_dev,23,4096,3790,3909,93254,94208,0.92529296875,0.9168366756670765,0.9329522820264635,0.954345703125,0.947516451879336,0.9603235310527409,0.9898734714673914,0.15900194254388478,0.0
baseline,8500,ood_dev,24,4096,3750,3874,97128,98304,0.91552734375,0.9066165820637565,0.9236594259697711,0.94580078125,0.9384400580444845,0.9523260939350815,0.988037109375,0.17942504835846607,0.0
baseline,8500,ood_dev,25,4096,3701,3838,100966,102400,0.903564453125,0.894142695018886,0.9122299496811264,0.93701171875,0.9291545119210666,0.9440499853644883,0.98599609375,0.21811510343820117,0.0
baseline,8500,ood_dev,26,4096,3650,3818,104784,106496,0.89111328125,0.8812048260661931,0.9002888078173035,0.93212890625,0.9240141831674432,0.9394338392881053,0.9839242788461539,0.24347659331153304,0.0
baseline,8500,ood_dev,27,4096,3609,3798,108582,110592,0.881103515625,0.8708325325922874,0.8906603278896965,0.92724609375,0.9188852789498749,0.9348062686756675,0.9818250868055556,0.2861211300036901,0.0
baseline,8500,ood_dev,28,4096,3572,3782,112364,114688,0.8720703125,0.86149162812159,0.8819517539248823,0.92333984375,0.9147896715191604,0.931096696242377,0.979736328125,0.30822096455243064,0.0
baseline,8500,ood_dev,29,4096,3520,3752,116116,118784,0.859375,0.8483918312283166,0.8696847162601397,0.916015625,0.9071267365958561,0.9241249189206721,0.9775390625,0.3439661558166357,0.0
baseline,8500,ood_dev,30,4096,3460,3716,119832,122880,0.8447265625,0.8333129502985477,0.8554941726998899,0.9072265625,0.8979563715130343,0.9157336293094827,0.9751953125,0.37342802837827493,0.0
baseline,8500,ood_dev,31,4096,3406,3681,123513,126976,0.83154296875,0.8197716222412833,0.8426930187161376,0.898681640625,0.8890639462329901,0.9075522236370159,0.9727271295362904,0.41708205985278535,0.0
baseline,8500,ood_dev,32,4096,3348,3643,127156,131072,0.8173828125,0.8052554142374909,0.828915449712912,0.889404296875,0.8794322362425625,0.8986466314504319,0.970123291015625,0.4511534434731914,0.0
baseline,8500,ood_dev,33,4096,3291,3605,130761,135168,0.803466796875,0.7910154101857612,0.815349500499124,0.880126953125,0.8698218505154235,0.889719715000559,0.9673961292613636,0.4988255391278764,0.0
baseline,8500,ood_dev,34,4096,3243,3581,134342,139264,0.791748046875,0.7790422101470098,0.8039071609458606,0.874267578125,0.8637621415848652,0.88407165413511,0.9646570542279411,0.5362946949552964,0.0
baseline,8500,ood_dev,35,4096,3207,3562,137904,143360,0.782958984375,0.7700726534090917,0.7953150629897675,0.86962890625,0.8589699942813361,0.879595150350133,0.9619419642857143,0.5686043244896725,0.0
baseline,8500,ood_dev,36,4096,3152,3528,141432,147456,0.76953125,0.7563853176930732,0.7821720929232691,0.861328125,0.8504051904661915,0.8715739469542673,0.9591471354166666,0.6190751741887061,0.0
baseline,9000,dev,1,4096,4096,4096,4096,4096,1.0,0.9990630225926348,0.9999999999999999,1.0,0.9990630225926348,0.9999999999999999,1.0,2.1157180445818824e-05,0.0
baseline,9000,dev,2,4096,4096,4096,8192,8192,1.0,0.9990630225926348,0.9999999999999999,1.0,0.9990630225926348,0.9999999999999999,1.0,1.9608538934234865e-05,0.0
baseline,9000,dev,3,4096,4096,4096,12288,12288,1.0,0.9990630225926348,0.9999999999999999,1.0,0.9990630225926348,0.9999999999999999,1.0,2.5235735252815417e-05,0.0
baseline,9000,dev,4,4096,4096,4096,16384,16384,1.0,0.9990630225926348,0.9999999999999999,1.0,0.9990630225926348,0.9999999999999999,1.0,3.099675606033081e-05,0.0
baseline,9000,dev,5,4096,4096,4096,20480,20480,1.0,0.9990630225926348,0.9999999999999999,1.0,0.9990630225926348,0.9999999999999999,1.0,4.932448895089703e-05,0.0
baseline,9000,dev,6,4096,4096,4096,24576,24576,1.0,0.9990630225926348,0.9999999999999999,1.0,0.9990630225926348,0.9999999999999999,1.0,7.543650695240878e-05,0.0
baseline,9000,dev,7,4096,4096,4096,28672,28672,1.0,0.9990630225926348,0.9999999999999999,1.0,0.9990630225926348,0.9999999999999999,1.0,0.00018803816626589143,0.0
baseline,9000,dev,8,4096,4095,4095,32767,32768,0.999755859375,0.9986182969663738,0.9999569018847606,0.999755859375,0.9986182969663738,0.9999569018847606,0.999969482421875,0.000828348516242694,0.0
baseline,9000,dev,9,4096,4095,4096,36863,36864,0.999755859375,0.9986182969663738,0.9999569018847606,1.0,0.9990630225926348,0.9999999999999999,0.9999728732638888,0.0009549227401529636,0.0
baseline,9000,dev,10,4096,4091,4092,40955,40960,0.998779296875,0.997145424476127,0.9994784794090062,0.9990234375,0.9974915571936952,0.9996201704329383,0.9998779296875,0.0022365086258818723,0.0
baseline,9000,dev,11,4096,4084,4085,45040,45056,0.9970703125,0.9948858699188933,0.9983232677757378,0.997314453125,0.9951972177470491,0.9984997436890822,0.9996448863636364,0.006055041166551645,0.0
baseline,9000,dev,12,4096,4074,4079,49119,49152,0.99462890625,0.9918806406223304,0.9964502596572975,0.995849609375,0.9933629968413301,0.9974070221457995,0.99932861328125,0.008254789882914615,0.0
baseline,9000,ood_dev,1,4096,4096,4096,4096,4096,1.0,0.9990630225926348,0.9999999999999999,1.0,0.9990630225926348,0.9999999999999999,1.0,2.1444367364509276e-05,0.0
baseline,9000,ood_dev,2,4096,4096,4096,8192,8192,1.0,0.9990630225926348,0.9999999999999999,1.0,0.9990630225926348,0.9999999999999999,1.0,1.9866066671148097e-05,0.0
baseline,9000,ood_dev,3,4096,4096,4096,12288,12288,1.0,0.9990630225926348,0.9999999999999999,1.0,0.9990630225926348,0.9999999999999999,1.0,2.4828335378535016e-05,0.0
baseline,9000,ood_dev,4,4096,4096,4096,16384,16384,1.0,0.9990630225926348,0.9999999999999999,1.0,0.9990630225926348,0.9999999999999999,1.0,3.626834646397459e-05,0.0
baseline,9000,ood_dev,5,4096,4096,4096,20480,20480,1.0,0.9990630225926348,0.9999999999999999,1.0,0.9990630225926348,0.9999999999999999,1.0,4.478827788656492e-05,0.0
baseline,9000,ood_dev,6,4096,4096,4096,24576,24576,1.0,0.9990630225926348,0.9999999999999999,1.0,0.9990630225926348,0.9999999999999999,1.0,0.00010951415124216268,0.0
baseline,9000,ood_dev,7,4096,4096,4096,28672,28672,1.0,0.9990630225926348,0.9999999999999999,1.0,0.9990630225926348,0.9999999999999999,1.0,0.00015287606347469396,0.0
baseline,9000,ood_dev,8,4096,4096,4096,32768,32768,1.0,0.9990630225926348,0.9999999999999999,1.0,0.9990630225926348,0.9999999999999999,1.0,0.00041672881898247027,0.0
baseline,9000,ood_dev,9,4096,4095,4095,36863,36864,0.999755859375,0.9986182969663738,0.9999569018847606,0.999755859375,0.9986182969663738,0.9999569018847606,0.9999728732638888,0.000818203631381853,0.0
baseline,9000,ood_dev,10,4096,4094,4095,40958,40960,0.99951171875,0.9982212896544476,0.9998660854551866,0.999755859375,0.9986182969663738,0.9999569018847606,0.999951171875,0.0016170738218479475,0.0
baseline,9000,ood_dev,11,4096,4091,4092,45050,45056,0.998779296875,0.997145424476127,0.9994784794090062,0.9990234375,0.9974915571936952,0.9996201704329383,0.9998668323863636,0.0033765269662211495,0.0
baseline,9000,ood_dev,12,4096,4088,4091,49141,49152,0.998046875,0.9961504506055915,0.9990099820550408,0.998779296875,0.997145424476127,0.9994784794090062,0.9997762044270834,0.004520744235391394,0.0
baseline,9000,ood_dev,13,4096,4081,4084,53225,53248,0.996337890625,0.9939662587473084,0.9977794077228217,0.9970703125,0.9948858699188933,0.9983232677757378,0.9995680588942307,0.00780603917202094,0.0
baseline,9000,ood_dev,14,4096,4074,4084,57309,57344,0.99462890625,0.9918806406223304,0.9964502596572975,0.9970703125,0.9948858699188933,0.9983232677757378,0.9993896484375,0.009945869434342391,0.0
baseline,9000,ood_dev,15,4096,4063,4076,61385,61440,0.991943359375,0.9887074354065306,0.9942574037165939,0.9951171875,0.9924697076331114,0.9968368401295172,0.9991048177083334,0.016203655427726615,0.0
baseline,9000,ood_dev,16,4096,4039,4058,65443,65536,0.986083984375,0.9820139840883064,0.9892430852388108,0.99072265625,0.987292434466316,0.993233285949307,0.9985809326171875,0.026597519287639426,0.0
baseline,9000,ood_dev,17,4096,4011,4037,69480,69632,0.979248046875,0.974412403486461,0.9831856010786475,0.985595703125,0.9814652366612112,0.9888161851829053,0.9978170955882353,0.03395116134135889,0.0
baseline,9000,ood_dev,18,4096,3986,4022,73502,73728,0.97314453125,0.9677329319802243,0.9776694790473764,0.98193359375,0.9773800946662805,0.9855839710553314,0.9969346788194444,0.04942434258454309,0.0
baseline,9000,ood_dev,19,4096,3960,4009,77511,77824,0.966796875,0.9608577781251862,0.9718612156234064,0.978759765625,0.9738749487182478,0.98274740836386,0.9959781044407895,0.06313826440750447,0.0
baseline,9000,ood_dev,20,4096,3938,3997,81508,81920,0.96142578125,0.9550827758957496,0.9669040955398363,0.975830078125,0.9706621520616038,0.9801063201225003,0.994970703125,0.07509873777221643,0.0
baseline,9000,ood_dev,21,4096,3912,3989,85497,86016,0.955078125,0.9482970594777964,0.9610063946787812,0.973876953125,0.9685304473439507,0.978335434908151,0.9939662388392857,0.09142577942121755,0.0
baseline,9000,ood_dev,22,4096,3875,3953,89450,90112,0.946044921875,0.9386986636872588,0.9525553120338074,0.965087890625,0.9590165375678266,0.9702876899902639,0.9926535866477273,0.11568858789399128,0.0
baseline,9000,ood_dev,23,4096,3843,3939,93389,94208,0.938232421875,0.9304415206592828,0.9452020953337735,0.961669921875,0.9553445608690955,0.9671301343079907,0.9913064707880435,0.13510522521441892,0.0
baseline,9000,ood_dev,24,4096,3810,3924,97313,98304,0.93017578125,0.9219613132494459,0.9375841192741002,0.9580078125,0.9514241848736409,0.9637331541809406,0.9899190266927084,0.15934293336968464,0.0
baseline,9000,ood_dev,25,4096,3769,3883,101196,102400,0.920166015625,0.9114665583356981,0.9280781007863353,0.947998046875,0.9407689451321072,0.9543876205209615,0.9882421875,0.191482433670898,0.0
baseline,9000,ood_dev,26,4096,3729,3865,105061,106496,0.910400390625,0.9012649382880058,0.9187667711740153,0.943603515625,0.9361143355517366,0.9502614027543265,0.9865253155048077,0.22181957699541077,0.0
baseline,9000,ood_dev,27,4096,3695,3840,108901,110592,0.902099609375,0.8926183492901923,0.9108273529608181,0.9375,0.9296692192922852,0.9445109254762704,0.9847095630787037,0.2486883925425344,0.0
baseline,9000,ood_dev,28,4096,3647,3813,112714,114688,0.890380859375,0.8804450553276408,0.8995851073313548,0.930908203125,0.9227309300951754,0.9382779736528717,0.9827880859375,0.2791222668760911,0.0
baseline,9000,ood_dev,29,4096,3611,3796,116510,118784,0.881591796875,0.8713379539693884,0.891130553995596,0.9267578125,0.9183729750294912,0.9343429251130505,0.9808560075431034,0.2862404156396028,0.0
baseline,9000,ood_dev,30,4096,3570,3780,120290,122880,0.87158203125,0.8609872046321483,0.8814805299313235,0.9228515625,0.9142781637462243,0.9306325565323126,0.9789225260416666,0.3160821861832884,0.0
baseline,9000,ood_dev,31,4096,3523,3750,124040,126976,0.860107421875,0.8491467590583891,0.8703932596545682,0.91552734375,0.9066165820637565,0.9236594259697711,0.9768775201612904,0.3422472366363597,0.0
baseline,9000,ood_dev,32,4096,3463,3702,127742,131072,0.845458984375,0.8340660400464522,0.8562045541764863,0.90380859375,0.8943968141409154,0.9124636543005972,0.9745941162109375,0.37787077285094206,0.0
baseline,9000,ood_dev,33,4096,3410,3675,131417,135168,0.83251953125,0.8207737847837412,0.8436421511396809,0.897216796875,0.8875416320542482,0.9061475953667562,0.9722493489583334,0.4109229515273385,0.0
baseline,9000,ood_dev,34,4096,3351,3629,135046,139264,0.818115234375,0.8060055796471756,0.8296287555277283,0.885986328125,0.8758892090804093,0.8953601262315807,0.9697122012867647,0.4554846434112837,0.0
baseline,9000,ood_dev,35,4096,3291,3608,138654,143360,0.803466796875,0.7910154101857612,0.815349500499124,0.880859375,0.8705798420416913,0.8904251946987922,0.9671735491071428,0.47821950092096377,0.0
baseline,9000,ood_dev,36,4096,3236,3555,142209,147456,0.7900390625,0.7772974517872059,0.8022371531151623,0.867919921875,0.8572055614004055,0.8779448170405617,0.96441650390625,0.5245108379231418,0.0
baseline,9500,dev,1,4096,4096,4096,4096,4096,1.0,0.9990630225926348,0.9999999999999999,1.0,0.9990630225926348,0.9999999999999999,1.0,1.833560677511059e-05,0.0
baseline,9500,dev,2,4096,4096,4096,8192,8192,1.0,0.9990630225926348,0.9999999999999999,1.0,0.9990630225926348,0.9999999999999999,1.0,1.7076002512772526e-05,0.0
baseline,9500,dev,3,4096,4096,4096,12288,12288,1.0,0.9990630225926348,0.9999999999999999,1.0,0.9990630225926348,0.9999999999999999,1.0,2.0261958211365005e-05,0.0
baseline,9500,dev,4,4096,4096,4096,16384,16384,1.0,0.9990630225926348,0.9999999999999999,1.0,0.9990630225926348,0.9999999999999999,1.0,2.8311602947694858e-05,0.0
baseline,9500,dev,5,4096,4096,4096,20480,20480,1.0,0.9990630225926348,0.9999999999999999,1.0,0.9990630225926348,0.9999999999999999,1.0,4.069428932096386e-05,0.0
baseline,9500,dev,6,4096,4096,4096,24576,24576,1.0,0.9990630225926348,0.9999999999999999,1.0,0.9990630225926348,0.9999999999999999,1.0,6.16613628517948e-05,0.0
baseline,9500,dev,7,4096,4096,4096,28672,28672,1.0,0.9990630225926348,0.9999999999999999,1.0,0.9990630225926348,0.9999999999999999,1.0,9.061953542144341e-05,0.0
baseline,9500,dev,8,4096,4096,4096,32768,32768,1.0,0.9990630225926348,0.9999999999999999,1.0,0.9990630225926348,0.9999999999999999,1.0,0.00029995716416741924,0.0
baseline,9500,dev,9,4096,4095,4095,36863,36864,0.999755859375,0.9986182969663738,0.9999569018847606,0.999755859375,0.9986182969663738,0.9999569018847606,0.9999728732638888,0.0009364223126960836,0.0
baseline,9500,dev,10,4096,4093,4094,40957,40960,0.999267578125,0.9978486714629491,0.9997508799051849,0.99951171875,0.9982212896544476,0.9998660854551866,0.9999267578125,0.0013797449463270883,0.0
baseline,9500,dev,11,4096,4091,4094,45051,45056,0.998779296875,0.997145424476127,0.9994784794090062,0.99951171875,0.9982212896544476,0.9998660854551866,0.9998890269886364,0.001276425391415592,0.0
baseline,9500,dev,12,4096,4089,4091,49142,49152,0.998291015625,0.9964763422189936,0.9991719141831389,0.998779296875,0.997145424476127,0.9994784794090062,0.9997965494791666,0.0037766224588372532,0.0
baseline,9500,ood_dev,1,4096,4096,4096,4096,4096,1.0,0.9990630225926348,0.9999999999999999,1.0,0.9990630225926348,0.9999999999999999,1.0,1.8100714130664386e-05,0.0
baseline,9500,ood_dev,2,4096,4096,4096,8192,8192,1.0,0.9990630225926348,0.9999999999999999,1.0,0.9990630225926348,0.9999999999999999,1.0,1.7192441381208567e-05,0.0
baseline,9500,ood_dev,3,4096,4096,4096,12288,12288,1.0,0.9990630225926348,0.9999999999999999,1.0,0.9990630225926348,0.9999999999999999,1.0,2.084317209161135e-05,0.0
baseline,9500,ood_dev,4,4096,4096,4096,16384,16384,1.0,0.9990630225926348,0.9999999999999999,1.0,0.9990630225926348,0.9999999999999999,1.0,2.8693032957494147e-05,0.0
baseline,9500,ood_dev,5,4096,4096,4096,20480,20480,1.0,0.9990630225926348,0.9999999999999999,1.0,0.9990630225926348,0.9999999999999999,1.0,4.108221568099868e-05,0.0
baseline,9500,ood_dev,6,4096,4096,4096,24576,24576,1.0,0.9990630225926348,0.9999999999999999,1.0,0.9990630225926348,0.9999999999999999,1.0,7.805907313884752e-05,0.0
baseline,9500,ood_dev,7,4096,4096,4096,28672,28672,1.0,0.9990630225926348,0.9999999999999999,1.0,0.9990630225926348,0.9999999999999999,1.0,0.0001096358918805107,0.0
baseline,9500,ood_dev,8,4096,4095,4095,32767,32768,0.999755859375,0.9986182969663738,0.9999569018847606,0.999755859375,0.9986182969663738,0.9999569018847606,0.999969482421875,0.0005717909596969495,0.0
baseline,9500,ood_dev,9,4096,4094,4095,36862,36864,0.99951171875,0.9982212896544476,0.9998660854551866,0.999755859375,0.9986182969663738,0.9999569018847606,0.9999457465277778,0.0007764217329907508,0.0
baseline,9500,ood_dev,10,4096,4092,4094,40956,40960,0.9990234375,0.9974915571936952,0.9996201704329383,0.99951171875,0.9982212896544476,0.9998660854551866,0.99990234375,0.0020087275833644558,0.0
baseline,9500,ood_dev,11,4096,4088,4091,45047,45056,0.998046875,0.9961504506055915,0.9990099820550408,0.998779296875,0.997145424476127,0.9994784794090062,0.9998002485795454,0.002572985764183522,0.0
baseline,9500,ood_dev,12,4096,4085,4090,49137,49152,0.997314453125,0.9951972177470491,0.9984997436890822,0.99853515625,0.9968075986857966,0.9993284814578364,0.99969482421875,0.005280328802862222,0.0
baseline,9500,ood_dev,13,4096,4082,4087,53224,53248,0.99658203125,0.9942706398960515,0.9979628503155791,0.997802734375,0.9958290482073086,0.9988435607118235,0.9995492788461539,0.008038155869154462,0.0
baseline,9500,ood_dev,14,4096,4071,4079,57303,57344,0.993896484375,0.9910051126562461,0.995862316398881,0.995849609375,0.9933629968413301,0.9974070221457995,0.9992850167410714,0.010907045920517389,0.0
baseline,9500,ood_dev,15,4096,4063,4077,61380,61440,0.991943359375,0.9887074354065306,0.9942574037165939,0.995361328125,0.9927660832938955,0.9970282882102334,0.9990234375,0.010572231353641715,0.0
baseline,9500,ood_dev,16,4096,4047,4065,65445,65536,0.988037109375,0.9842206673133682,0.9909389919457514,0.992431640625,0.9892775496501616,0.9946629369559636,0.9986114501953125,0.019712468808722017,0.0
baseline,9500,ood_dev,17,4096,4033,4057,69502,69632,0.984619140625,0.9803708517550201,0.9879592751230951,0.990478515625,0.9870110133784079,0.9930268832957149,0.9981330422794118,0.028541562045200308,0.0
baseline,9500,ood_dev,18,4096,4016,4044,73546,73728,0.98046875,0.9757587986106162,0.9842783246619937,0.9873046875,0.9833908284717333,0.9903053595628853,0.9975314670138888,0.03487177405038944,0.0
baseline,9500,ood_dev,19,4096,3996,4031,77577,77824,0.9755859375,0.970395272680658,0.9798853757619459,0.984130859375,0.9798251184139876,0.987529360981127,0.996826171875,0.04527277401422636,0.0
baseline,9500,ood_dev,20,4096,3966,4011,81588,81920,0.96826171875,0.9624390364554394,0.973206899742155,0.979248046875,0.974412403486461,0.9831856010786475,0.995947265625,0.057636330121860424,0.0
baseline,9500,ood_dev,21,4096,3942,3990,85578,86016,0.96240234375,0.9561303013811572,0.9678078650204299,0.97412109375,0.9687965056840521,0.9785572003095498,0.9949079241071429,0.07825069024025177,0.0
baseline,9500,ood_dev,22,4096,3918,3979,89557,90112,0.95654296875,0.9498596607971911,0.9623707358083885,0.971435546875,0.9658757308170035,0.976111914020095,0.9938409978693182,0.09939903060871524,0.0
baseline,9500,ood_dev,23,4096,3878,3958,93515,94208,0.94677734375,0.9394747174237471,0.9532427295218201,0.96630859375,0.960331329020896,0.971412017244696,0.9926439368206522,0.11772735699590797,0.0
baseline,9500,ood_dev,24,4096,3845,3935,97450,98304,0.938720703125,0.930956550506342,0.945662712969715,0.960693359375,0.9542977984787171,0.9662256017323678,0.9913126627604166,0.13917120376702374,0.0
baseline,9500,ood_dev,25,4096,3815,3922,101372,102400,0.931396484375,0.9232441468884733,0.9387404043425744,0.95751953125,0.9509024574310025,0.9632792341405783,0.9899609375,0.15505553272650296,0.0
baseline,9500,ood_dev,26,4096,3781,3899,105271,106496,0.923095703125,0.9145339056289837,0.9308646383910534,0.951904296875,0.9449176066361316,0.9580441388809422,0.9884972205528846,0.1753475371437806,0.0
baseline,9500,ood_dev,27,4096,3745,3881,109152,110592,0.914306640625,0.9053415639344976,0.9224953253915283,0.947509765625,0.9402511317503777,0.9539297864196905,0.9869791666666666,0.18897413471447122,0.0
baseline,9500,ood_dev,28,4096,3703,3855,113007,114688,0.904052734375,0.8946509509932163,0.9126973411897967,0.941162109375,0.9335337022688429,0.9479637986222172,0.9853428431919643,0.2219409273771611,0.0
baseline,9500,ood_dev,29,4096,3662,3828,116835,118784,0.89404296875,0.8842452751338212,0.903102243647679,0.9345703125,0.9265828466235786,0.9417434132469731,0.9835920662715517,0.2389624304724408,0.0
baseline,9500,ood_dev,30,4096,3611,3810,120645,122880,0.881591796875,0.8713379539693884,0.891130553995596,0.93017578125,0.9219613132494459,0.9375841192741002,0.9818115234375,0.2621545255014134,0.0
baseline,9500,ood_dev,31,4096,3571,3778,124423,126976,0.871826171875,0.8612394102878219,0.8817161480171501,0.92236328125,0.913766751587586,0.9301683212079501,0.9798938382056451,0.2975391486196174,0.0
baseline,9500,ood_dev,32,4096,3521,3752,128175,131072,0.859619140625,0.8486434629761094,0.8699209082538472,0.916015625,0.9071267365958561,0.9241249189206721,0.9778976440429688,0.32608544497724834,0.0
baseline,9500,ood_dev,33,4096,3470,3722,131897,135168,0.84716796875,0.8358235876102469,0.8578617728031939,0.90869140625,0.8994830025397677,0.9171339407317513,0.9758004853219697,0.3587867964328181,0.0
baseline,9500,ood_dev,34,4096,3427,3710,135607,139264,0.836669921875,0.8250345481893915,0.8476743913395359,0.90576171875,0.8964304105240852,0.9143326478494298,0.9737405215992647,0.3866464241054588,0.0
baseline,9500,ood_dev,35,4096,3379,3685,139292,143360,0.824951171875,0.8130106116158881,0.8362827883210245,0.899658203125,0.8900791525649845,0.908488312271023,0.9716238839285715,0.42159875176760786,0.0
baseline,9500,ood_dev,36,4096,3351,3663,142955,147456,0.818115234375,0.8060055796471756,0.8296287555277283,0.894287109375,0.8844987461372489,0.9033365963857516,0.9694756401909722,0.45723881541256317,0.0
baseline,10000,dev,1,102400,102400,102400,102400,102400,1.0,0.9999624871609701,1.0,1.0,0.9999624871609701,1.0,1.0,1.6366215810568186e-05,0.0
baseline,10000,dev,2,102400,102400,102400,204800,204800,1.0,0.9999624871609701,1.0,1.0,0.9999624871609701,1.0,1.0,1.5181867494968859e-05,0.0
baseline,10000,dev,3,102400,102400,102400,307200,307200,1.0,0.9999624871609701,1.0,1.0,0.9999624871609701,1.0,1.0,1.834759721098145e-05,0.0
baseline,10000,dev,4,102400,102400,102400,409600,409600,1.0,0.9999624871609701,1.0,1.0,0.9999624871609701,1.0,1.0,2.358452680408796e-05,0.0
baseline,10000,dev,5,102400,102400,102400,512000,512000,1.0,0.9999624871609701,1.0,1.0,0.9999624871609701,1.0,1.0,3.558453500942527e-05,0.0
baseline,10000,dev,6,102400,102400,102400,614400,614400,1.0,0.9999624871609701,1.0,1.0,0.9999624871609701,1.0,1.0,7.087297929885273e-05,0.0
baseline,10000,dev,7,102400,102396,102396,716796,716800,0.9999609375,0.9998995558365923,0.9999848092550684,0.9999609375,0.9998995558365923,0.9999848092550684,0.9999944196428572,0.0001718007463511273,0.0
baseline,10000,dev,8,102400,102391,102394,819190,819200,0.999912109375,0.9998329541276058,0.999953758377418,0.99994140625,0.9998721583660714,0.9999731456909345,0.99998779296875,0.0003375610897848347,0.0
baseline,10000,dev,9,102400,102373,102377,921567,921600,0.999736328125,0.9996163891811771,0.9998187740119542,0.999775390625,0.9996629658993142,0.9998503193631264,0.9999641927083334,0.0007351347232817984,0.0
baseline,10000,dev,10,102400,102340,102353,1023920,1024000,0.9994140625,0.999245935024263,0.9995447210970653,0.999541015625,0.9993897582662231,0.9996547945803608,0.999921875,0.0014830290651859856,0.0
baseline,10000,dev,11,102400,102290,102325,1126245,1126400,0.99892578125,0.998705560783839,0.9991085694711211,0.999267578125,0.9990820982472838,0.999415600114134,0.9998623934659091,0.0024859145383547034,0.0
baseline,10000,dev,12,102400,102181,102239,1228484,1228800,0.997861328125,0.997559094402291,0.9981262094639864,0.998427734375,0.9981656503931043,0.9986524234781603,0.9997428385416667,0.004515912619158564,0.0
baseline,10000,ood_dev,1,102400,102400,102400,102400,102400,1.0,0.9999624871609701,1.0,1.0,0.9999624871609701,1.0,1.0,1.638210160344489e-05,0.0
baseline,10000,ood_dev,2,102400,102400,102400,204800,204800,1.0,0.9999624871609701,1.0,1.0,0.9999624871609701,1.0,1.0,1.515815762853201e-05,0.0
baseline,10000,ood_dev,3,102400,102400,102400,307200,307200,1.0,0.9999624871609701,1.0,1.0,0.9999624871609701,1.0,1.0,1.826760974222852e-05,0.0
baseline,10000,ood_dev,4,102400,102400,102400,409600,409600,1.0,0.9999624871609701,1.0,1.0,0.9999624871609701,1.0,1.0,2.3964531769524732e-05,0.0
baseline,10000,ood_dev,5,102400,102400,102400,512000,512000,1.0,0.9999624871609701,1.0,1.0,0.9999624871609701,1.0,1.0,3.5530393346960845e-05,0.0
baseline,10000,ood_dev,6,102400,102399,102399,614399,614400,0.999990234375,0.9999446805183295,0.9999982761253133,0.999990234375,0.9999446805183295,0.9999982761253133,0.9999983723958333,7.87376664856354e-05,0.0
baseline,10000,ood_dev,7,102400,102396,102396,716795,716800,0.9999609375,0.9998995558365923,0.9999848092550684,0.9999609375,0.9998995558365923,0.9999848092550684,0.9999930245535714,0.00017231080158131685,0.0
baseline,10000,ood_dev,8,102400,102389,102392,819187,819200,0.999892578125,0.9998076372259771,0.9999400142443918,0.999921875,0.9998458314166382,0.9999604116057129,0.999984130859375,0.0003971382699539783,0.0
baseline,10000,ood_dev,9,102400,102362,102368,921555,921600,0.99962890625,0.9994907196411001,0.9997296078614301,0.9996875,0.9995588896466933,0.9997786209598011,0.999951171875,0.0009586293352300656,0.0
baseline,10000,ood_dev,10,102400,102326,102349,1023904,1024000,0.99927734375,0.9990929639511458,0.9994242649275994,0.999501953125,0.9993452844279009,0.9996211463493736,0.99990625,0.001623874903263487,0.0
baseline,10000,ood_dev,11,102400,102259,102299,1126203,1126400,0.998623046875,0.9983764558107984,0.9988322284070137,0.999013671875,0.9988017844178726,0.9991881204930338,0.999825106534091,0.00309919180028531,0.0
baseline,10000,ood_dev,12,102400,102156,102229,1228432,1228800,0.9976171875,0.9972993189798128,0.9978977219532806,0.998330078125,0.9980606088358721,0.9985621598621188,0.9997005208333334,0.00498118513353603,0.0
baseline,10000,ood_dev,13,102400,102022,102132,1330564,1331200,0.99630859375,0.995918074490277,0.99666187712095,0.9973828125,0.9970506748928116,0.9976776336244253,0.9995222355769231,0.007998239398244482,0.0
baseline,10000,ood_dev,14,102400,101796,101970,1432534,1433600,0.9941015625,0.9936136601587766,0.9945523945364665,0.99580078125,0.9953856863833869,0.9961786783268173,0.9992564174107142,0.011704630994005396,0.0
baseline,10000,ood_dev,15,102400,101537,101824,1534358,1536000,0.991572265625,0.9909936255026158,0.9921140252048403,0.994375,0.99389801514808,0.9948148940323293,0.9989309895833334,0.01630552625282306,0.0
baseline,10000,ood_dev,16,102400,101223,101635,1635993,1638400,0.988505859375,0.9878344203279911,0.9891406479386732,0.992529296875,0.9919830944399674,0.9930385469655704,0.9985308837890625,0.022604670901006027,0.0
baseline,10000,ood_dev,17,102400,100841,101406,1737399,1740800,0.984775390625,0.984007036027835,0.9855073746197764,0.99029296875,0.9896737920857632,0.9908753608518082,0.9980463005514706,0.029737904278078063,0.0
baseline,10000,ood_dev,18,102400,100363,101094,1838493,1843200,0.980107421875,0.9792340129056113,0.980944810459521,0.98724609375,0.9865403076575678,0.9879153238738667,0.9974462890625,0.039099778853518535,0.0
baseline,10000,ood_dev,19,102400,99804,100735,1939228,1945600,0.9746484375,0.9736677112466898,0.9755935529324467,0.983740234375,0.9829472578457985,0.9844969179651126,0.9967249177631579,0.04952415305670105,0.0
baseline,10000,ood_dev,20,102400,99221,100386,2039614,2048000,0.968955078125,0.9678750653567252,0.969999907220559,0.98033203125,0.9794633570243412,0.9811646682393205,0.9959052734375,0.06056469911897208,0.0
baseline,10000,ood_dev,21,102400,98575,99956,2139570,2150400,0.962646484375,0.9614675800045002,0.9637906783793077,0.9761328125,0.9751799240973168,0.9770499787155787,0.9949637276785714,0.07448057282086117,0.0
baseline,10000,ood_dev,22,102400,97851,99622,2239192,2252800,0.955576171875,0.9542970497194693,0.9568211141193278,0.97287109375,0.9718581724423478,0.9738485375832087,0.9939595170454546,0.08784165769586014,0.0
baseline,10000,ood_dev,23,102400,97106,99163,2338355,2355200,0.94830078125,0.946927718432803,0.9496402099971087,0.968388671875,0.9672993486529047,0.9694428539193922,0.9928477411684783,0.1036925490375901,0.0
baseline,10000,ood_dev,24,102400,96288,98752,2437107,2457600,0.9403125,0.9388448874379517,0.9417470778181775,0.964375,0.9632221992992459,0.9654929606515049,0.991661376953125,0.12050696871387809,0.0
baseline,10000,ood_dev,25,102400,95479,98314,2535421,2560000,0.932412109375,0.9308582559289365,0.9339335208093562,0.96009765625,0.9588814720543609,0.9612793213070051,0.990398828125,0.1401123868500975,0.0
baseline,10000,ood_dev,26,102400,94552,97718,2633139,2662400,0.923359375,0.9217141018971872,0.9249728852786404,0.95427734375,0.9529808283445794,0.9555397766896784,0.9890095402644231,0.16063141520717183,0.0
baseline,10000,ood_dev,27,102400,93651,97227,2730366,2764800,0.914560546875,0.9128328394885565,0.9162571515753173,0.949482421875,0.9481240656930566,0.9508070553334661,0.9875455729166667,0.18173528020385976,0.0
baseline,10000,ood_dev,28,102400,92669,96605,2826971,2867200,0.904970703125,0.9031593246504629,0.9067516983979408,0.943408203125,0.9419762760715131,0.94480686317739,0.98596923828125,0.20423502766900042,0.0
baseline,10000,ood_dev,29,102400,91710,96168,2923139,2969600,0.89560546875,0.8937177877418395,0.8974634691896234,0.939140625,0.9376597961415073,0.9405885070353383,0.984354458512931,0.2277257316651629,0.0
baseline,10000,ood_dev,30,102400,90660,95518,3018657,3072000,0.8853515625,0.883385717958795,0.8872884957789371,0.93279296875,0.9312431257173495,0.9343103411967104,0.9826357421875,0.252999571121904,0.0
baseline,10000,ood_dev,31,102400,89608,94917,3113574,3174400,0.875078125,0.8730389704369638,0.8770891390723828,0.926923828125,0.9253136900952187,0.9285019359050962,0.9808385836693548,0.27661603869674106,0.0
baseline,10000,ood_dev,32,102400,88541,94308,3207882,3276800,0.864658203125,0.8625492661598383,0.866739781361212,0.9209765625,0.9193083824097205,0.9226131585382308,0.9789678955078125,0.30574455196107025,0.0
baseline,10000,ood_dev,33,102400,87437,93693,3301575,3379200,0.853876953125,0.8517001869223412,0.8560271694693008,0.914970703125,0.913246711529495,0.916663561262128,0.9770285866477273,0.3318913078750995,0.0
baseline,10000,ood_dev,34,102400,86344,93170,3394745,3481600,0.843203125,0.8409631899059845,0.8454173110468503,0.90986328125,0.9080938414776172,0.9116019707517953,0.9750531364889706,0.35965902070789935,0.0
baseline,10000,ood_dev,35,102400,85196,92491,3487236,3584000,0.8319921875,0.8296898111988216,0.8342696558622007,0.903232421875,0.9014064982795996,0.9050280926845334,0.9730011160714286,0.38889615946480377,0.0
baseline,10000,ood_dev,36,102400,84047,91886,3579122,3686400,0.820771484375,0.8184103034924444,0.8231085991594382,0.89732421875,0.8954501717149252,0.8991684562661535,0.9708989800347222,0.41948679145059686,0.0
