setting_label,task,preset,topology,seed,report,evidence,setting_id,depth,width,heads,length,data_sha256,epoch,update,cumulative_recorded_update_seconds,ce,token_accuracy,sequence_exact_match,targets,examples,native_ce
in-context-recall V16,in-context-recall,d128,cdrm,0,.runtime/cdrm-naive/20260907T123830Z/ops-fresh-v2/report.json,OPS,cd8150d916df4aacda171b28c8a439e1cd05c818414f032ee7d16bb20ca7e68f,12,128,16,127,230954116c893f7e6061ea394c9ecb84206336c5dd80de0635ef4ca54d76d874,0,0,0.0,3.141955859157139,0.10206358059118795,0.0,1793,32,3.270179568313238
in-context-recall V16,in-context-recall,d128,cdrm,0,.runtime/cdrm-naive/20260907T123830Z/ops-fresh-v2/report.json,OPS,cd8150d916df4aacda171b28c8a439e1cd05c818414f032ee7d16bb20ca7e68f,12,128,16,127,230954116c893f7e6061ea394c9ecb84206336c5dd80de0635ef4ca54d76d874,1,16,5.4919440299563576,1.8422813436802845,0.30953708867819296,0.0,1793,32,2.003917183463029
in-context-recall V16,in-context-recall,d128,cdrm,0,.runtime/cdrm-naive/20260907T123830Z/ops-fresh-v2/report.json,OPS,cd8150d916df4aacda171b28c8a439e1cd05c818414f032ee7d16bb20ca7e68f,12,128,16,127,230954116c893f7e6061ea394c9ecb84206336c5dd80de0635ef4ca54d76d874,2,32,10.797680725969258,1.7506688336586727,0.3195761293920803,0.0,1793,32,1.9608679343396285
in-context-recall V16,in-context-recall,d128,cdrm,0,.runtime/cdrm-naive/20260907T123830Z/ops-fresh-v3/report.json,OPS,cd8150d916df4aacda171b28c8a439e1cd05c818414f032ee7d16bb20ca7e68f,12,128,16,127,230954116c893f7e6061ea394c9ecb84206336c5dd80de0635ef4ca54d76d874,0,0,0.0,3.141955859157139,0.10206358059118795,0.0,1793,32,3.270179568313238
in-context-recall V16,in-context-recall,d128,cdrm,0,.runtime/cdrm-naive/20260907T123830Z/ops-fresh-v3/report.json,OPS,cd8150d916df4aacda171b28c8a439e1cd05c818414f032ee7d16bb20ca7e68f,12,128,16,127,230954116c893f7e6061ea394c9ecb84206336c5dd80de0635ef4ca54d76d874,1,16,5.513142467942089,1.8422813436802845,0.30953708867819296,0.0,1793,32,2.003917183463029
in-context-recall V16,in-context-recall,d128,cdrm,0,.runtime/cdrm-naive/20260907T123830Z/ops-fresh-v3/report.json,OPS,cd8150d916df4aacda171b28c8a439e1cd05c818414f032ee7d16bb20ca7e68f,12,128,16,127,230954116c893f7e6061ea394c9ecb84206336c5dd80de0635ef4ca54d76d874,2,32,10.766812815927551,1.7506688336586727,0.3195761293920803,0.0,1793,32,1.9608679343396285
in-context-recall V16,in-context-recall,d128,cdrm,0,.runtime/cdrm-naive/20260907T123830Z/ops-immediate-pause-v3/report.json,OPS,cd8150d916df4aacda171b28c8a439e1cd05c818414f032ee7d16bb20ca7e68f,12,128,16,127,230954116c893f7e6061ea394c9ecb84206336c5dd80de0635ef4ca54d76d874,0,0,0.0,3.141955859157139,0.10206358059118795,0.0,1793,32,3.270179568313238
in-context-recall V16,in-context-recall,d128,cdrm,0,.runtime/cdrm-naive/20260907T123830Z/ops-immediate-pause-v3/report.json,OPS,cd8150d916df4aacda171b28c8a439e1cd05c818414f032ee7d16bb20ca7e68f,12,128,16,127,230954116c893f7e6061ea394c9ecb84206336c5dd80de0635ef4ca54d76d874,1,16,5.513142467942089,1.8422813436802845,0.30953708867819296,0.0,1793,32,2.003917183463029
in-context-recall V16,in-context-recall,d128,cdrm,0,.runtime/cdrm-naive/20260907T123830Z/ops-pause-resume-v3/report.json,OPS,cd8150d916df4aacda171b28c8a439e1cd05c818414f032ee7d16bb20ca7e68f,12,128,16,127,230954116c893f7e6061ea394c9ecb84206336c5dd80de0635ef4ca54d76d874,0,0,0.0,3.141955859157139,0.10206358059118795,0.0,1793,32,3.270179568313238
in-context-recall V16,in-context-recall,d128,cdrm,0,.runtime/cdrm-naive/20260907T123830Z/ops-pause-resume-v3/report.json,OPS,cd8150d916df4aacda171b28c8a439e1cd05c818414f032ee7d16bb20ca7e68f,12,128,16,127,230954116c893f7e6061ea394c9ecb84206336c5dd80de0635ef4ca54d76d874,1,16,5.513142467942089,1.8422813436802845,0.30953708867819296,0.0,1793,32,2.003917183463029
in-context-recall V16,in-context-recall,d128,cdrm,0,.runtime/cdrm-naive/20260907T123830Z/ops-pause-resume-v3/report.json,OPS,cd8150d916df4aacda171b28c8a439e1cd05c818414f032ee7d16bb20ca7e68f,12,128,16,127,230954116c893f7e6061ea394c9ecb84206336c5dd80de0635ef4ca54d76d874,2,32,12.175556794914883,1.7506688336586727,0.3195761293920803,0.0,1793,32,1.9608679343396285
in-context-recall V16,in-context-recall,d128,cdrm,0,.runtime/cdrm-naive/20260907T123830Z/ops-resume-v2/report.json,OPS,cd8150d916df4aacda171b28c8a439e1cd05c818414f032ee7d16bb20ca7e68f,12,128,16,127,230954116c893f7e6061ea394c9ecb84206336c5dd80de0635ef4ca54d76d874,0,0,0.0,3.141955859157139,0.10206358059118795,0.0,1793,32,3.270179568313238
in-context-recall V16,in-context-recall,d128,cdrm,0,.runtime/cdrm-naive/20260907T123830Z/ops-resume-v2/report.json,OPS,cd8150d916df4aacda171b28c8a439e1cd05c818414f032ee7d16bb20ca7e68f,12,128,16,127,230954116c893f7e6061ea394c9ecb84206336c5dd80de0635ef4ca54d76d874,1,16,5.4919440299563576,1.8422813436802845,0.30953708867819296,0.0,1793,32,2.003917183463029
in-context-recall V16,in-context-recall,d128,cdrm,0,.runtime/cdrm-naive/20260907T123830Z/ops-resume-v2/report.json,OPS,cd8150d916df4aacda171b28c8a439e1cd05c818414f032ee7d16bb20ca7e68f,12,128,16,127,230954116c893f7e6061ea394c9ecb84206336c5dd80de0635ef4ca54d76d874,2,32,12.215263955964474,1.7506688336586727,0.3195761293920803,0.0,1793,32,1.9608679343396285
in-context-recall V16,in-context-recall,d128,cdrm,0,.runtime/cdrm-naive/20260907T123830Z/ops-resume-v3/report.json,OPS,cd8150d916df4aacda171b28c8a439e1cd05c818414f032ee7d16bb20ca7e68f,12,128,16,127,230954116c893f7e6061ea394c9ecb84206336c5dd80de0635ef4ca54d76d874,0,0,0.0,3.141955859157139,0.10206358059118795,0.0,1793,32,3.270179568313238
in-context-recall V16,in-context-recall,d128,cdrm,0,.runtime/cdrm-naive/20260907T123830Z/ops-resume-v3/report.json,OPS,cd8150d916df4aacda171b28c8a439e1cd05c818414f032ee7d16bb20ca7e68f,12,128,16,127,230954116c893f7e6061ea394c9ecb84206336c5dd80de0635ef4ca54d76d874,1,16,5.513142467942089,1.8422813436802845,0.30953708867819296,0.0,1793,32,2.003917183463029
in-context-recall V16,in-context-recall,d128,cdrm,0,.runtime/cdrm-naive/20260907T123830Z/ops-resume-v3/report.json,OPS,cd8150d916df4aacda171b28c8a439e1cd05c818414f032ee7d16bb20ca7e68f,12,128,16,127,230954116c893f7e6061ea394c9ecb84206336c5dd80de0635ef4ca54d76d874,2,32,12.191480655921623,1.7506688336586727,0.3195761293920803,0.0,1793,32,1.9608679343396285
in-context-recall V16,in-context-recall,d128,cdrm,0,.runtime/cdrm-naive/20260907T123830Z/ops-tiny-fit-v2/report.json,OPS,8bdc2fe4e9c1f5e88c4a04274177862f43f8f482bb8e446019959c2207708912,12,128,16,127,7907a394745e4910c1206fb8276d0b40e06b4ecb9e50aeeaf1692487037f8df3,0,0,0.0,2.9817709241594588,0.13783482142857142,0.0,1792,32,3.205105038139764
in-context-recall V16,in-context-recall,d128,cdrm,0,.runtime/cdrm-naive/20260907T123830Z/ops-tiny-fit-v2/report.json,OPS,8bdc2fe4e9c1f5e88c4a04274177862f43f8f482bb8e446019959c2207708912,12,128,16,127,7907a394745e4910c1206fb8276d0b40e06b4ecb9e50aeeaf1692487037f8df3,1,1,0.5432517129956977,3.8946657180786133,0.10044642857142858,0.0,1792,32,3.7491209976316435
in-context-recall V16,in-context-recall,d128,cdrm,0,.runtime/cdrm-naive/20260907T123830Z/ops-tiny-fit-v2/report.json,OPS,8bdc2fe4e9c1f5e88c4a04274177862f43f8f482bb8e446019959c2207708912,12,128,16,127,7907a394745e4910c1206fb8276d0b40e06b4ecb9e50aeeaf1692487037f8df3,2,2,0.8770646059856517,3.538942881992885,0.14006696428571427,0.0,1792,32,3.4525759238896407
in-context-recall V16,in-context-recall,d128,cdrm,0,.runtime/cdrm-naive/20260907T123830Z/ops-tiny-fit-v2/report.json,OPS,8bdc2fe4e9c1f5e88c4a04274177862f43f8f482bb8e446019959c2207708912,12,128,16,127,7907a394745e4910c1206fb8276d0b40e06b4ecb9e50aeeaf1692487037f8df3,3,3,1.2047595839831047,3.2616861888340543,0.14620535714285715,0.0,1792,32,3.036378274752399
in-context-recall V16,in-context-recall,d128,cdrm,0,.runtime/cdrm-naive/20260907T123830Z/ops-tiny-fit-v2/report.json,OPS,8bdc2fe4e9c1f5e88c4a04274177862f43f8f482bb8e446019959c2207708912,12,128,16,127,7907a394745e4910c1206fb8276d0b40e06b4ecb9e50aeeaf1692487037f8df3,4,4,1.5342584099853411,3.0178451538085938,0.14732142857142858,0.0,1792,32,2.8770356666384718
in-context-recall V16,in-context-recall,d128,cdrm,0,.runtime/cdrm-naive/20260907T123830Z/ops-tiny-fit-v2/report.json,OPS,8bdc2fe4e9c1f5e88c4a04274177862f43f8f482bb8e446019959c2207708912,12,128,16,127,7907a394745e4910c1206fb8276d0b40e06b4ecb9e50aeeaf1692487037f8df3,5,5,1.8596120089787291,2.757366452898298,0.17466517857142858,0.0,1792,32,2.696690717081385
in-context-recall V16,in-context-recall,d128,cdrm,0,.runtime/cdrm-naive/20260907T123830Z/ops-tiny-fit-v2/report.json,OPS,8bdc2fe4e9c1f5e88c4a04274177862f43f8f482bb8e446019959c2207708912,12,128,16,127,7907a394745e4910c1206fb8276d0b40e06b4ecb9e50aeeaf1692487037f8df3,6,6,2.1997984479821753,2.4745497022356306,0.15848214285714285,0.0,1792,32,2.51008041261688
in-context-recall V16,in-context-recall,d128,cdrm,0,.runtime/cdrm-naive/20260907T123830Z/ops-tiny-fit-v2/report.json,OPS,8bdc2fe4e9c1f5e88c4a04274177862f43f8f482bb8e446019959c2207708912,12,128,16,127,7907a394745e4910c1206fb8276d0b40e06b4ecb9e50aeeaf1692487037f8df3,7,7,2.5347610379831167,2.193295478820801,0.19029017857142858,0.0,1792,32,2.355898879644439
in-context-recall V16,in-context-recall,d128,cdrm,0,.runtime/cdrm-naive/20260907T123830Z/ops-tiny-fit-v2/report.json,OPS,8bdc2fe4e9c1f5e88c4a04274177862f43f8f482bb8e446019959c2207708912,12,128,16,127,7907a394745e4910c1206fb8276d0b40e06b4ecb9e50aeeaf1692487037f8df3,8,8,2.8620537399838213,2.0779931204659596,0.20982142857142858,0.0,1792,32,2.2598034716027926
in-context-recall V16,in-context-recall,d128,cdrm,0,.runtime/cdrm-naive/20260907T123830Z/ops-tiny-fit-v2/report.json,OPS,8bdc2fe4e9c1f5e88c4a04274177862f43f8f482bb8e446019959c2207708912,12,128,16,127,7907a394745e4910c1206fb8276d0b40e06b4ecb9e50aeeaf1692487037f8df3,9,9,3.1962260639847955,2.1079774584089006,0.21930803571428573,0.0,1792,32,2.214719396876538
in-context-recall V16,in-context-recall,d128,cdrm,0,.runtime/cdrm-naive/20260907T123830Z/ops-tiny-fit-v2/report.json,OPS,8bdc2fe4e9c1f5e88c4a04274177862f43f8f482bb8e446019959c2207708912,12,128,16,127,7907a394745e4910c1206fb8276d0b40e06b4ecb9e50aeeaf1692487037f8df3,10,10,3.5292327529896284,2.125879560198103,0.22209821428571427,0.0,1792,32,2.1944167970672366
in-context-recall V16,in-context-recall,d128,cdrm,0,.runtime/cdrm-naive/20260907T123830Z/ops-tiny-fit-v2/report.json,OPS,8bdc2fe4e9c1f5e88c4a04274177862f43f8f482bb8e446019959c2207708912,12,128,16,127,7907a394745e4910c1206fb8276d0b40e06b4ecb9e50aeeaf1692487037f8df3,11,11,3.8591643419786124,2.213090487888881,0.23102678571428573,0.0,1792,32,2.2181463767224407
in-context-recall V16,in-context-recall,d128,cdrm,0,.runtime/cdrm-naive/20260907T123830Z/ops-tiny-fit-v2/report.json,OPS,8bdc2fe4e9c1f5e88c4a04274177862f43f8f482bb8e446019959c2207708912,12,128,16,127,7907a394745e4910c1206fb8276d0b40e06b4ecb9e50aeeaf1692487037f8df3,12,12,4.185494049976114,2.364813668387277,0.22209821428571427,0.0,1792,32,2.2972481795183315
in-context-recall V16,in-context-recall,d128,cdrm,0,.runtime/cdrm-naive/20260907T123830Z/ops-tiny-fit-v2/report.json,OPS,8bdc2fe4e9c1f5e88c4a04274177862f43f8f482bb8e446019959c2207708912,12,128,16,127,7907a394745e4910c1206fb8276d0b40e06b4ecb9e50aeeaf1692487037f8df3,13,13,4.510537613983615,2.4355377469744,0.20479910714285715,0.0,1792,32,2.332623579370694
in-context-recall V16,in-context-recall,d128,cdrm,0,.runtime/cdrm-naive/20260907T123830Z/ops-tiny-fit-v2/report.json,OPS,8bdc2fe4e9c1f5e88c4a04274177862f43f8f482bb8e446019959c2207708912,12,128,16,127,7907a394745e4910c1206fb8276d0b40e06b4ecb9e50aeeaf1692487037f8df3,14,14,4.838007101978292,2.4650137765066966,0.22823660714285715,0.0,1792,32,2.3572595551257995
in-context-recall V16,in-context-recall,d128,cdrm,0,.runtime/cdrm-naive/20260907T123830Z/ops-tiny-fit-v2/report.json,OPS,8bdc2fe4e9c1f5e88c4a04274177862f43f8f482bb8e446019959c2207708912,12,128,16,127,7907a394745e4910c1206fb8276d0b40e06b4ecb9e50aeeaf1692487037f8df3,15,15,5.172865522981738,2.6513868059430803,0.22767857142857142,0.0,1792,32,2.4552719236358884
in-context-recall V16,in-context-recall,d128,cdrm,0,.runtime/cdrm-naive/20260907T123830Z/ops-tiny-fit-v2/report.json,OPS,8bdc2fe4e9c1f5e88c4a04274177862f43f8f482bb8e446019959c2207708912,12,128,16,127,7907a394745e4910c1206fb8276d0b40e06b4ecb9e50aeeaf1692487037f8df3,16,16,5.495095509977546,2.842296736580985,0.21930803571428573,0.0,1792,32,2.544550858144685
in-context-recall V16,in-context-recall,d128,cdrm,0,.runtime/cdrm-naive/20260907T123830Z/ops-tiny-fit-v2/report.json,OPS,8bdc2fe4e9c1f5e88c4a04274177862f43f8f482bb8e446019959c2207708912,12,128,16,127,7907a394745e4910c1206fb8276d0b40e06b4ecb9e50aeeaf1692487037f8df3,17,17,5.839173395972466,3.0011611665998186,0.21875,0.0,1792,32,2.6210029181532972
in-context-recall V16,in-context-recall,d128,cdrm,0,.runtime/cdrm-naive/20260907T123830Z/ops-tiny-fit-v2/report.json,OPS,8bdc2fe4e9c1f5e88c4a04274177862f43f8f482bb8e446019959c2207708912,12,128,16,127,7907a394745e4910c1206fb8276d0b40e06b4ecb9e50aeeaf1692487037f8df3,18,18,6.16141596698435,3.098658016749791,0.22098214285714285,0.0,1792,32,2.675008097971518
in-context-recall V16,in-context-recall,d128,cdrm,0,.runtime/cdrm-naive/20260907T123830Z/ops-tiny-fit-v2/report.json,OPS,8bdc2fe4e9c1f5e88c4a04274177862f43f8f482bb8e446019959c2207708912,12,128,16,127,7907a394745e4910c1206fb8276d0b40e06b4ecb9e50aeeaf1692487037f8df3,19,19,6.492563046995201,3.1942231314522878,0.22879464285714285,0.0,1792,32,2.7372431717519685
in-context-recall V16,in-context-recall,d128,cdrm,0,.runtime/cdrm-naive/20260907T123830Z/ops-tiny-fit-v2/report.json,OPS,8bdc2fe4e9c1f5e88c4a04274177862f43f8f482bb8e446019959c2207708912,12,128,16,127,7907a394745e4910c1206fb8276d0b40e06b4ecb9e50aeeaf1692487037f8df3,20,20,6.8256035079975845,3.356124060494559,0.22321428571428573,0.0,1792,32,2.8286195289431593
in-context-recall V16,in-context-recall,d128,cdrm,0,.runtime/cdrm-naive/20260907T123830Z/ops-tiny-fit-v2/report.json,OPS,8bdc2fe4e9c1f5e88c4a04274177862f43f8f482bb8e446019959c2207708912,12,128,16,127,7907a394745e4910c1206fb8276d0b40e06b4ecb9e50aeeaf1692487037f8df3,21,21,7.159584437002195,3.529125349862235,0.21316964285714285,0.0,1792,32,2.914277084230438
in-context-recall V16,in-context-recall,d128,cdrm,0,.runtime/cdrm-naive/20260907T123830Z/ops-tiny-fit-v2/report.json,OPS,8bdc2fe4e9c1f5e88c4a04274177862f43f8f482bb8e446019959c2207708912,12,128,16,127,7907a394745e4910c1206fb8276d0b40e06b4ecb9e50aeeaf1692487037f8df3,22,22,7.486882668003091,3.6946005140032088,0.21205357142857142,0.0,1792,32,3.0062498558224657
in-context-recall V16,in-context-recall,d128,cdrm,0,.runtime/cdrm-naive/20260907T123830Z/ops-tiny-fit-v2/report.json,OPS,8bdc2fe4e9c1f5e88c4a04274177862f43f8f482bb8e446019959c2207708912,12,128,16,127,7907a394745e4910c1206fb8276d0b40e06b4ecb9e50aeeaf1692487037f8df3,23,23,7.814471813995624,3.828497750418527,0.22265625,0.0,1792,32,3.08659278689407
in-context-recall V16,in-context-recall,d128,cdrm,0,.runtime/cdrm-naive/20260907T123830Z/ops-tiny-fit-v2/report.json,OPS,8bdc2fe4e9c1f5e88c4a04274177862f43f8f482bb8e446019959c2207708912,12,128,16,127,7907a394745e4910c1206fb8276d0b40e06b4ecb9e50aeeaf1692487037f8df3,24,24,8.142711006003083,3.9882736206054688,0.21428571428571427,0.0,1792,32,3.179258331539124
in-context-recall V16,in-context-recall,d128,cdrm,0,.runtime/cdrm-naive/20260907T123830Z/ops-tiny-fit-v2/report.json,OPS,8bdc2fe4e9c1f5e88c4a04274177862f43f8f482bb8e446019959c2207708912,12,128,16,127,7907a394745e4910c1206fb8276d0b40e06b4ecb9e50aeeaf1692487037f8df3,25,25,8.487475943999016,4.149848801749093,0.20647321428571427,0.0,1792,32,3.287259319635827
in-context-recall V16,in-context-recall,d128,cdrm,0,.runtime/cdrm-naive/20260907T123830Z/ops-tiny-fit-v2/report.json,OPS,8bdc2fe4e9c1f5e88c4a04274177862f43f8f482bb8e446019959c2207708912,12,128,16,127,7907a394745e4910c1206fb8276d0b40e06b4ecb9e50aeeaf1692487037f8df3,26,26,8.817652335012099,4.327898570469448,0.19866071428571427,0.0,1792,32,3.3721935842919537
in-context-recall V16,in-context-recall,d128,cdrm,0,.runtime/cdrm-naive/20260907T123830Z/ops-tiny-fit-v2/report.json,OPS,8bdc2fe4e9c1f5e88c4a04274177862f43f8f482bb8e446019959c2207708912,12,128,16,127,7907a394745e4910c1206fb8276d0b40e06b4ecb9e50aeeaf1692487037f8df3,27,27,9.145566459017573,4.487130846296038,0.1875,0.0,1792,32,3.4878971370186393
in-context-recall V16,in-context-recall,d128,cdrm,0,.runtime/cdrm-naive/20260907T123830Z/ops-tiny-fit-v2/report.json,OPS,8bdc2fe4e9c1f5e88c4a04274177862f43f8f482bb8e446019959c2207708912,12,128,16,127,7907a394745e4910c1206fb8276d0b40e06b4ecb9e50aeeaf1692487037f8df3,28,28,9.475902171005146,4.6216949735369,0.18415178571428573,0.0,1792,32,3.5734123169906495
in-context-recall V16,in-context-recall,d128,cdrm,0,.runtime/cdrm-naive/20260907T123830Z/ops-tiny-fit-v2/report.json,OPS,8bdc2fe4e9c1f5e88c4a04274177862f43f8f482bb8e446019959c2207708912,12,128,16,127,7907a394745e4910c1206fb8276d0b40e06b4ecb9e50aeeaf1692487037f8df3,29,29,9.809159890006413,4.672258922031948,0.18973214285714285,0.0,1792,32,3.6344836377722074
in-context-recall V16,in-context-recall,d128,cdrm,0,.runtime/cdrm-naive/20260907T123830Z/ops-tiny-fit-v2/report.json,OPS,8bdc2fe4e9c1f5e88c4a04274177862f43f8f482bb8e446019959c2207708912,12,128,16,127,7907a394745e4910c1206fb8276d0b40e06b4ecb9e50aeeaf1692487037f8df3,30,30,10.14087984400976,4.685318810599191,0.19140625,0.0,1792,32,3.6837275948111468
in-context-recall V16,in-context-recall,d128,cdrm,0,.runtime/cdrm-naive/20260907T123830Z/ops-tiny-fit-v2/report.json,OPS,8bdc2fe4e9c1f5e88c4a04274177862f43f8f482bb8e446019959c2207708912,12,128,16,127,7907a394745e4910c1206fb8276d0b40e06b4ecb9e50aeeaf1692487037f8df3,31,31,10.468428533014958,4.75244985307966,0.19196428571428573,0.0,1792,32,3.734086885226993
in-context-recall V16,in-context-recall,d128,cdrm,0,.runtime/cdrm-naive/20260907T123830Z/ops-tiny-fit-v2/report.json,OPS,8bdc2fe4e9c1f5e88c4a04274177862f43f8f482bb8e446019959c2207708912,12,128,16,127,7907a394745e4910c1206fb8276d0b40e06b4ecb9e50aeeaf1692487037f8df3,32,32,10.798958716011839,4.799873897007534,0.19363839285714285,0.0,1792,32,3.8195473978838583
in-context-recall V16,in-context-recall,d128,cdrm,0,.runtime/cdrm-naive/20260907T123830Z/ops-tiny-fit-v2/report.json,OPS,8bdc2fe4e9c1f5e88c4a04274177862f43f8f482bb8e446019959c2207708912,12,128,16,127,7907a394745e4910c1206fb8276d0b40e06b4ecb9e50aeeaf1692487037f8df3,33,33,11.13515712300432,4.843849182128906,0.18582589285714285,0.0,1792,32,3.8655961404635213
in-context-recall V16,in-context-recall,d128,cdrm,0,.runtime/cdrm-naive/20260907T123830Z/ops-tiny-fit-v2/report.json,OPS,8bdc2fe4e9c1f5e88c4a04274177862f43f8f482bb8e446019959c2207708912,12,128,16,127,7907a394745e4910c1206fb8276d0b40e06b4ecb9e50aeeaf1692487037f8df3,34,34,11.461868330006837,4.951274054391043,0.18080357142857142,0.0,1792,32,3.949287474624754
in-context-recall V16,in-context-recall,d128,cdrm,0,.runtime/cdrm-naive/20260907T123830Z/ops-tiny-fit-v2/report.json,OPS,8bdc2fe4e9c1f5e88c4a04274177862f43f8f482bb8e446019959c2207708912,12,128,16,127,7907a394745e4910c1206fb8276d0b40e06b4ecb9e50aeeaf1692487037f8df3,35,35,11.79837566500646,4.970927647181919,0.18136160714285715,0.0,1792,32,3.991251066913755
in-context-recall V16,in-context-recall,d128,cdrm,0,.runtime/cdrm-naive/20260907T123830Z/ops-tiny-fit-v2/report.json,OPS,8bdc2fe4e9c1f5e88c4a04274177862f43f8f482bb8e446019959c2207708912,12,128,16,127,7907a394745e4910c1206fb8276d0b40e06b4ecb9e50aeeaf1692487037f8df3,36,36,12.125673432004987,4.967517035348075,0.18359375,0.0,1792,32,4.060739111712598
in-context-recall V16,in-context-recall,d128,cdrm,0,.runtime/cdrm-naive/20260907T123830Z/ops-tiny-fit-v2/report.json,OPS,8bdc2fe4e9c1f5e88c4a04274177862f43f8f482bb8e446019959c2207708912,12,128,16,127,7907a394745e4910c1206fb8276d0b40e06b4ecb9e50aeeaf1692487037f8df3,37,37,12.4490792130091,5.0212811061314175,0.1796875,0.0,1792,32,4.098536213551919
in-context-recall V16,in-context-recall,d128,cdrm,0,.runtime/cdrm-naive/20260907T123830Z/ops-tiny-fit-v2/report.json,OPS,8bdc2fe4e9c1f5e88c4a04274177862f43f8f482bb8e446019959c2207708912,12,128,16,127,7907a394745e4910c1206fb8276d0b40e06b4ecb9e50aeeaf1692487037f8df3,38,38,12.778375569003401,4.997288840157645,0.18415178571428573,0.0,1792,32,4.1505352831262305
in-context-recall V16,in-context-recall,d128,cdrm,0,.runtime/cdrm-naive/20260907T123830Z/ops-tiny-fit-v2/report.json,OPS,8bdc2fe4e9c1f5e88c4a04274177862f43f8f482bb8e446019959c2207708912,12,128,16,127,7907a394745e4910c1206fb8276d0b40e06b4ecb9e50aeeaf1692487037f8df3,39,39,13.124749416005216,4.991962977818081,0.18080357142857142,0.0,1792,32,4.2105227492925685
in-context-recall V16,in-context-recall,d128,cdrm,0,.runtime/cdrm-naive/20260907T123830Z/ops-tiny-fit-v2/report.json,OPS,8bdc2fe4e9c1f5e88c4a04274177862f43f8f482bb8e446019959c2207708912,12,128,16,127,7907a394745e4910c1206fb8276d0b40e06b4ecb9e50aeeaf1692487037f8df3,40,40,13.452212607997353,5.06157602582659,0.18191964285714285,0.0,1792,32,4.274713711475763
in-context-recall V16,in-context-recall,d128,cdrm,0,.runtime/cdrm-naive/20260907T123830Z/ops-tiny-fit-v2/report.json,OPS,8bdc2fe4e9c1f5e88c4a04274177862f43f8f482bb8e446019959c2207708912,12,128,16,127,7907a394745e4910c1206fb8276d0b40e06b4ecb9e50aeeaf1692487037f8df3,41,41,13.778752077996614,5.048349925449917,0.18136160714285715,0.0,1792,32,4.319167490080585
in-context-recall V16,in-context-recall,d128,cdrm,0,.runtime/cdrm-naive/20260907T123830Z/ops-tiny-fit-v2/report.json,OPS,8bdc2fe4e9c1f5e88c4a04274177862f43f8f482bb8e446019959c2207708912,12,128,16,127,7907a394745e4910c1206fb8276d0b40e06b4ecb9e50aeeaf1692487037f8df3,42,42,14.105076684994856,5.0174664088657925,0.18917410714285715,0.0,1792,32,4.447825995017224
in-context-recall V16,in-context-recall,d128,cdrm,0,.runtime/cdrm-naive/20260907T123830Z/ops-tiny-fit-v2/report.json,OPS,8bdc2fe4e9c1f5e88c4a04274177862f43f8f482bb8e446019959c2207708912,12,128,16,127,7907a394745e4910c1206fb8276d0b40e06b4ecb9e50aeeaf1692487037f8df3,43,43,14.442708337985096,5.067637852260044,0.18080357142857142,0.0,1792,32,4.486643393208661
in-context-recall V16,in-context-recall,d128,cdrm,0,.runtime/cdrm-naive/20260907T123830Z/ops-tiny-fit-v2/report.json,OPS,8bdc2fe4e9c1f5e88c4a04274177862f43f8f482bb8e446019959c2207708912,12,128,16,127,7907a394745e4910c1206fb8276d0b40e06b4ecb9e50aeeaf1692487037f8df3,44,44,14.779195620983955,5.1243743896484375,0.17522321428571427,0.0,1792,32,4.487242691160187
in-context-recall V16,in-context-recall,d128,cdrm,0,.runtime/cdrm-naive/20260907T123830Z/ops-tiny-fit-v2/report.json,OPS,8bdc2fe4e9c1f5e88c4a04274177862f43f8f482bb8e446019959c2207708912,12,128,16,127,7907a394745e4910c1206fb8276d0b40e06b4ecb9e50aeeaf1692487037f8df3,45,45,15.10601484097424,5.146439143589565,0.17131696428571427,0.0,1792,32,4.538682351900837
in-context-recall V16,in-context-recall,d128,cdrm,0,.runtime/cdrm-naive/20260907T123830Z/ops-tiny-fit-v2/report.json,OPS,8bdc2fe4e9c1f5e88c4a04274177862f43f8f482bb8e446019959c2207708912,12,128,16,127,7907a394745e4910c1206fb8276d0b40e06b4ecb9e50aeeaf1692487037f8df3,46,46,15.44518301897915,5.132753099714007,0.17522321428571427,0.0,1792,32,4.593596691221703
in-context-recall V16,in-context-recall,d128,cdrm,0,.runtime/cdrm-naive/20260907T123830Z/ops-tiny-fit-v2/report.json,OPS,8bdc2fe4e9c1f5e88c4a04274177862f43f8f482bb8e446019959c2207708912,12,128,16,127,7907a394745e4910c1206fb8276d0b40e06b4ecb9e50aeeaf1692487037f8df3,47,47,15.785084223971353,5.10082517351423,0.17689732142857142,0.0,1792,32,4.637448288324311
in-context-recall V16,in-context-recall,d128,cdrm,0,.runtime/cdrm-naive/20260907T123830Z/ops-tiny-fit-v2/report.json,OPS,8bdc2fe4e9c1f5e88c4a04274177862f43f8f482bb8e446019959c2207708912,12,128,16,127,7907a394745e4910c1206fb8276d0b40e06b4ecb9e50aeeaf1692487037f8df3,48,48,16.118170024972642,5.089491707938058,0.17857142857142858,0.0,1792,32,4.662348229115404
in-context-recall V16,in-context-recall,d128,cdrm,0,.runtime/cdrm-naive/20260907T123830Z/ops-tiny-fit-v2/report.json,OPS,8bdc2fe4e9c1f5e88c4a04274177862f43f8f482bb8e446019959c2207708912,12,128,16,127,7907a394745e4910c1206fb8276d0b40e06b4ecb9e50aeeaf1692487037f8df3,49,49,16.446371234967955,5.103330612182617,0.17801339285714285,0.0,1792,32,4.6434100293737695
in-context-recall V16,in-context-recall,d128,cdrm,0,.runtime/cdrm-naive/20260907T123830Z/ops-tiny-fit-v2/report.json,OPS,8bdc2fe4e9c1f5e88c4a04274177862f43f8f482bb8e446019959c2207708912,12,128,16,127,7907a394745e4910c1206fb8276d0b40e06b4ecb9e50aeeaf1692487037f8df3,50,50,16.778304323961493,5.119785853794643,0.17354910714285715,0.0,1792,32,4.707809328094242
in-context-recall V16,in-context-recall,d128,cdrm,0,.runtime/cdrm-naive/20260907T123830Z/ops-tiny-fit-v2/report.json,OPS,8bdc2fe4e9c1f5e88c4a04274177862f43f8f482bb8e446019959c2207708912,12,128,16,127,7907a394745e4910c1206fb8276d0b40e06b4ecb9e50aeeaf1692487037f8df3,51,51,17.10620143196138,5.083097185407366,0.18024553571428573,0.0,1792,32,4.73097625492126
in-context-recall V16,in-context-recall,d128,cdrm,0,.runtime/cdrm-naive/20260907T123830Z/ops-tiny-fit-v2/report.json,OPS,8bdc2fe4e9c1f5e88c4a04274177862f43f8f482bb8e446019959c2207708912,12,128,16,127,7907a394745e4910c1206fb8276d0b40e06b4ecb9e50aeeaf1692487037f8df3,52,52,17.44496264096233,5.018738882882254,0.18415178571428573,0.0,1792,32,4.797950804702879
in-context-recall V16,in-context-recall,d128,cdrm,0,.runtime/cdrm-naive/20260907T123830Z/ops-tiny-fit-v2/report.json,OPS,8bdc2fe4e9c1f5e88c4a04274177862f43f8f482bb8e446019959c2207708912,12,128,16,127,7907a394745e4910c1206fb8276d0b40e06b4ecb9e50aeeaf1692487037f8df3,53,53,17.78662814096606,5.02660288129534,0.18303571428571427,0.0,1792,32,4.819537786048229
in-context-recall V16,in-context-recall,d128,cdrm,0,.runtime/cdrm-naive/20260907T123830Z/ops-tiny-fit-v2/report.json,OPS,8bdc2fe4e9c1f5e88c4a04274177862f43f8f482bb8e446019959c2207708912,12,128,16,127,7907a394745e4910c1206fb8276d0b40e06b4ecb9e50aeeaf1692487037f8df3,54,54,18.114176002971362,5.03546142578125,0.18470982142857142,0.0,1792,32,4.8034523791215555
in-context-recall V16,in-context-recall,d128,cdrm,0,.runtime/cdrm-naive/20260907T123830Z/ops-tiny-fit-v2/report.json,OPS,8bdc2fe4e9c1f5e88c4a04274177862f43f8f482bb8e446019959c2207708912,12,128,16,127,7907a394745e4910c1206fb8276d0b40e06b4ecb9e50aeeaf1692487037f8df3,55,55,18.446630896971328,5.020842960902622,0.18582589285714285,0.0,1792,32,4.841782697542446
in-context-recall V16,in-context-recall,d128,cdrm,0,.runtime/cdrm-naive/20260907T123830Z/ops-tiny-fit-v2/report.json,OPS,8bdc2fe4e9c1f5e88c4a04274177862f43f8f482bb8e446019959c2207708912,12,128,16,127,7907a394745e4910c1206fb8276d0b40e06b4ecb9e50aeeaf1692487037f8df3,56,56,18.770897127964417,5.009142739432199,0.18080357142857142,0.0,1792,32,4.87893196166031
in-context-recall V16,in-context-recall,d128,cdrm,0,.runtime/cdrm-naive/20260907T123830Z/ops-tiny-fit-v2/report.json,OPS,8bdc2fe4e9c1f5e88c4a04274177862f43f8f482bb8e446019959c2207708912,12,128,16,127,7907a394745e4910c1206fb8276d0b40e06b4ecb9e50aeeaf1692487037f8df3,57,57,19.293735819956055,4.998270307268415,0.18470982142857142,0.0,1792,32,4.874710443451649
in-context-recall V16,in-context-recall,d128,cdrm,0,.runtime/cdrm-naive/20260907T123830Z/ops-tiny-fit-v2/report.json,OPS,8bdc2fe4e9c1f5e88c4a04274177862f43f8f482bb8e446019959c2207708912,12,128,16,127,7907a394745e4910c1206fb8276d0b40e06b4ecb9e50aeeaf1692487037f8df3,58,58,19.62873469296028,4.997282573154995,0.18359375,0.0,1792,32,4.919011393869956
in-context-recall V16,in-context-recall,d128,cdrm,0,.runtime/cdrm-naive/20260907T123830Z/ops-tiny-fit-v2/report.json,OPS,8bdc2fe4e9c1f5e88c4a04274177862f43f8f482bb8e446019959c2207708912,12,128,16,127,7907a394745e4910c1206fb8276d0b40e06b4ecb9e50aeeaf1692487037f8df3,59,59,19.955847945966525,4.985289982386997,0.18303571428571427,0.0,1792,32,4.950893372062623
in-context-recall V16,in-context-recall,d128,cdrm,0,.runtime/cdrm-naive/20260907T123830Z/ops-tiny-fit-v2/report.json,OPS,8bdc2fe4e9c1f5e88c4a04274177862f43f8f482bb8e446019959c2207708912,12,128,16,127,7907a394745e4910c1206fb8276d0b40e06b4ecb9e50aeeaf1692487037f8df3,60,60,20.293306476974976,4.978841236659458,0.18694196428571427,0.0,1792,32,4.943812813345842
in-context-recall V16,in-context-recall,d128,cdrm,0,.runtime/cdrm-naive/20260907T123830Z/ops-tiny-fit-v2/report.json,OPS,8bdc2fe4e9c1f5e88c4a04274177862f43f8f482bb8e446019959c2207708912,12,128,16,127,7907a394745e4910c1206fb8276d0b40e06b4ecb9e50aeeaf1692487037f8df3,61,61,20.621801306973794,4.984310695103237,0.18359375,0.0,1792,32,4.977106770192544
in-context-recall V16,in-context-recall,d128,cdrm,0,.runtime/cdrm-naive/20260907T123830Z/ops-tiny-fit-v2/report.json,OPS,8bdc2fe4e9c1f5e88c4a04274177862f43f8f482bb8e446019959c2207708912,12,128,16,127,7907a394745e4910c1206fb8276d0b40e06b4ecb9e50aeeaf1692487037f8df3,62,62,20.95162160997279,4.980118615286691,0.18415178571428573,0.0,1792,32,5.007190133642963
in-context-recall V16,in-context-recall,d128,cdrm,0,.runtime/cdrm-naive/20260907T123830Z/ops-tiny-fit-v2/report.json,OPS,8bdc2fe4e9c1f5e88c4a04274177862f43f8f482bb8e446019959c2207708912,12,128,16,127,7907a394745e4910c1206fb8276d0b40e06b4ecb9e50aeeaf1692487037f8df3,63,63,21.284141691969126,4.960916791643415,0.18415178571428573,0.0,1792,32,5.028783362681471
in-context-recall V16,in-context-recall,d128,cdrm,0,.runtime/cdrm-naive/20260907T123830Z/ops-tiny-fit-v2/report.json,OPS,8bdc2fe4e9c1f5e88c4a04274177862f43f8f482bb8e446019959c2207708912,12,128,16,127,7907a394745e4910c1206fb8276d0b40e06b4ecb9e50aeeaf1692487037f8df3,64,64,21.61051939097524,4.975537163870675,0.18415178571428573,0.0,1792,32,5.039636807178888
in-context-recall V16,in-context-recall,d128,cdrm,0,.runtime/cdrm-naive/20260907T123830Z/ops-tiny-fit-v2/report.json,OPS,8bdc2fe4e9c1f5e88c4a04274177862f43f8f482bb8e446019959c2207708912,12,128,16,127,7907a394745e4910c1206fb8276d0b40e06b4ecb9e50aeeaf1692487037f8df3,65,65,21.935907940976904,4.939032145908901,0.18638392857142858,0.0,1792,32,5.039828082707923
in-context-recall V16,in-context-recall,d128,cdrm,0,.runtime/cdrm-naive/20260907T123830Z/ops-tiny-fit-v2/report.json,OPS,8bdc2fe4e9c1f5e88c4a04274177862f43f8f482bb8e446019959c2207708912,12,128,16,127,7907a394745e4910c1206fb8276d0b40e06b4ecb9e50aeeaf1692487037f8df3,66,66,22.268146743968828,4.955907276698521,0.18415178571428573,0.0,1792,32,5.08542350708969
in-context-recall V16,in-context-recall,d128,cdrm,0,.runtime/cdrm-naive/20260907T123830Z/ops-tiny-fit-v2/report.json,OPS,8bdc2fe4e9c1f5e88c4a04274177862f43f8f482bb8e446019959c2207708912,12,128,16,127,7907a394745e4910c1206fb8276d0b40e06b4ecb9e50aeeaf1692487037f8df3,67,67,22.606971508968854,4.953756332397461,0.18694196428571427,0.0,1792,32,5.120204174612451
in-context-recall V16,in-context-recall,d128,cdrm,0,.runtime/cdrm-naive/20260907T123830Z/ops-tiny-fit-v2/report.json,OPS,8bdc2fe4e9c1f5e88c4a04274177862f43f8f482bb8e446019959c2207708912,12,128,16,127,7907a394745e4910c1206fb8276d0b40e06b4ecb9e50aeeaf1692487037f8df3,68,68,22.931575912967674,4.92907851082938,0.18526785714285715,0.0,1792,32,5.10892204224594
in-context-recall V16,in-context-recall,d128,cdrm,0,.runtime/cdrm-naive/20260907T123830Z/ops-tiny-fit-v2/report.json,OPS,8bdc2fe4e9c1f5e88c4a04274177862f43f8f482bb8e446019959c2207708912,12,128,16,127,7907a394745e4910c1206fb8276d0b40e06b4ecb9e50aeeaf1692487037f8df3,69,69,23.25867575396842,4.95041138785226,0.18470982142857142,0.0,1792,32,5.132024329478346
in-context-recall V16,in-context-recall,d128,cdrm,0,.runtime/cdrm-naive/20260907T123830Z/ops-tiny-fit-v2/report.json,OPS,8bdc2fe4e9c1f5e88c4a04274177862f43f8f482bb8e446019959c2207708912,12,128,16,127,7907a394745e4910c1206fb8276d0b40e06b4ecb9e50aeeaf1692487037f8df3,70,70,23.586371741970652,4.942186628069196,0.18415178571428573,0.0,1792,32,5.199554443359375
in-context-recall V16,in-context-recall,d128,cdrm,0,.runtime/cdrm-naive/20260907T123830Z/ops-tiny-fit-v2/report.json,OPS,8bdc2fe4e9c1f5e88c4a04274177862f43f8f482bb8e446019959c2207708912,12,128,16,127,7907a394745e4910c1206fb8276d0b40e06b4ecb9e50aeeaf1692487037f8df3,71,71,23.917387600959046,4.937894821166992,0.18247767857142858,0.0,1792,32,5.20468956654466
in-context-recall V16,in-context-recall,d128,cdrm,0,.runtime/cdrm-naive/20260907T123830Z/ops-tiny-fit-v2/report.json,OPS,8bdc2fe4e9c1f5e88c4a04274177862f43f8f482bb8e446019959c2207708912,12,128,16,127,7907a394745e4910c1206fb8276d0b40e06b4ecb9e50aeeaf1692487037f8df3,72,72,24.244932292960584,4.938644136701312,0.18247767857142858,0.0,1792,32,5.222719207523376
in-context-recall V16,in-context-recall,d128,cdrm,0,.runtime/cdrm-naive/20260907T123830Z/ops-tiny-fit-v2/report.json,OPS,8bdc2fe4e9c1f5e88c4a04274177862f43f8f482bb8e446019959c2207708912,12,128,16,127,7907a394745e4910c1206fb8276d0b40e06b4ecb9e50aeeaf1692487037f8df3,73,73,24.571149299954413,4.932615552629743,0.18359375,0.0,1792,32,5.261989323172982
in-context-recall V16,in-context-recall,d128,cdrm,0,.runtime/cdrm-naive/20260907T123830Z/ops-tiny-fit-v2/report.json,OPS,8bdc2fe4e9c1f5e88c4a04274177862f43f8f482bb8e446019959c2207708912,12,128,16,127,7907a394745e4910c1206fb8276d0b40e06b4ecb9e50aeeaf1692487037f8df3,74,74,24.897517481949762,4.9482413700648715,0.18247767857142858,0.0,1792,32,5.248838649960015
in-context-recall V16,in-context-recall,d128,cdrm,0,.runtime/cdrm-naive/20260907T123830Z/ops-tiny-fit-v2/report.json,OPS,8bdc2fe4e9c1f5e88c4a04274177862f43f8f482bb8e446019959c2207708912,12,128,16,127,7907a394745e4910c1206fb8276d0b40e06b4ecb9e50aeeaf1692487037f8df3,75,75,25.226039943940123,4.95928110395159,0.18191964285714285,0.0,1792,32,5.262820987250861
in-context-recall V16,in-context-recall,d128,cdrm,0,.runtime/cdrm-naive/20260907T123830Z/ops-tiny-fit-v2/report.json,OPS,8bdc2fe4e9c1f5e88c4a04274177862f43f8f482bb8e446019959c2207708912,12,128,16,127,7907a394745e4910c1206fb8276d0b40e06b4ecb9e50aeeaf1692487037f8df3,76,76,25.554986518938676,4.93479973929269,0.18470982142857142,0.0,1792,32,5.3079302930456445
in-context-recall V16,in-context-recall,d128,cdrm,0,.runtime/cdrm-naive/20260907T123830Z/ops-tiny-fit-v2/report.json,OPS,8bdc2fe4e9c1f5e88c4a04274177862f43f8f482bb8e446019959c2207708912,12,128,16,127,7907a394745e4910c1206fb8276d0b40e06b4ecb9e50aeeaf1692487037f8df3,77,77,25.88464601994201,4.941654205322266,0.18582589285714285,0.0,1792,32,5.346247635488435
in-context-recall V16,in-context-recall,d128,cdrm,0,.runtime/cdrm-naive/20260907T123830Z/ops-tiny-fit-v2/report.json,OPS,8bdc2fe4e9c1f5e88c4a04274177862f43f8f482bb8e446019959c2207708912,12,128,16,127,7907a394745e4910c1206fb8276d0b40e06b4ecb9e50aeeaf1692487037f8df3,78,78,26.21708762094204,4.947924750191825,0.18526785714285715,0.0,1792,32,5.345373679333784
in-context-recall V16,in-context-recall,d128,cdrm,0,.runtime/cdrm-naive/20260907T123830Z/ops-tiny-fit-v2/report.json,OPS,8bdc2fe4e9c1f5e88c4a04274177862f43f8f482bb8e446019959c2207708912,12,128,16,127,7907a394745e4910c1206fb8276d0b40e06b4ecb9e50aeeaf1692487037f8df3,79,79,26.545574555944768,4.938472747802734,0.18694196428571427,0.0,1792,32,5.351761224701649
in-context-recall V16,in-context-recall,d128,cdrm,0,.runtime/cdrm-naive/20260907T123830Z/ops-tiny-fit-v2/report.json,OPS,8bdc2fe4e9c1f5e88c4a04274177862f43f8f482bb8e446019959c2207708912,12,128,16,127,7907a394745e4910c1206fb8276d0b40e06b4ecb9e50aeeaf1692487037f8df3,80,80,26.873995404937887,4.957459586007254,0.18303571428571427,0.0,1792,32,5.367214172843873
in-context-recall V16,in-context-recall,d128,cdrm,0,.runtime/cdrm-naive/20260907T123830Z/ops-tiny-fit-v2/report.json,OPS,8bdc2fe4e9c1f5e88c4a04274177862f43f8f482bb8e446019959c2207708912,12,128,16,127,7907a394745e4910c1206fb8276d0b40e06b4ecb9e50aeeaf1692487037f8df3,81,81,27.203642065942404,4.9752287183489114,0.18582589285714285,0.0,1792,32,5.4120802991972194
in-context-recall V16,in-context-recall,d128,cdrm,0,.runtime/cdrm-naive/20260907T123830Z/ops-tiny-fit-v2/report.json,OPS,8bdc2fe4e9c1f5e88c4a04274177862f43f8f482bb8e446019959c2207708912,12,128,16,127,7907a394745e4910c1206fb8276d0b40e06b4ecb9e50aeeaf1692487037f8df3,82,82,27.534305956942262,4.96949223109654,0.18805803571428573,0.0,1792,32,5.456270713505782
in-context-recall V16,in-context-recall,d128,cdrm,0,.runtime/cdrm-naive/20260907T123830Z/ops-tiny-fit-v2/report.json,OPS,8bdc2fe4e9c1f5e88c4a04274177862f43f8f482bb8e446019959c2207708912,12,128,16,127,7907a394745e4910c1206fb8276d0b40e06b4ecb9e50aeeaf1692487037f8df3,83,83,27.860456405949662,4.957132339477539,0.18973214285714285,0.0,1792,32,5.456673930010457
in-context-recall V16,in-context-recall,d128,cdrm,0,.runtime/cdrm-naive/20260907T123830Z/ops-tiny-fit-v2/report.json,OPS,8bdc2fe4e9c1f5e88c4a04274177862f43f8f482bb8e446019959c2207708912,12,128,16,127,7907a394745e4910c1206fb8276d0b40e06b4ecb9e50aeeaf1692487037f8df3,84,84,28.19648067295202,4.989112854003906,0.18582589285714285,0.0,1792,32,5.459321269838829
in-context-recall V16,in-context-recall,d128,cdrm,0,.runtime/cdrm-naive/20260907T123830Z/ops-tiny-fit-v2/report.json,OPS,8bdc2fe4e9c1f5e88c4a04274177862f43f8f482bb8e446019959c2207708912,12,128,16,127,7907a394745e4910c1206fb8276d0b40e06b4ecb9e50aeeaf1692487037f8df3,85,85,28.532131493950146,5.0073089599609375,0.18415178571428573,0.0,1792,32,5.480380801703986
in-context-recall V16,in-context-recall,d128,cdrm,0,.runtime/cdrm-naive/20260907T123830Z/ops-tiny-fit-v2/report.json,OPS,8bdc2fe4e9c1f5e88c4a04274177862f43f8f482bb8e446019959c2207708912,12,128,16,127,7907a394745e4910c1206fb8276d0b40e06b4ecb9e50aeeaf1692487037f8df3,86,86,28.861557657946832,5.016463960920062,0.18582589285714285,0.0,1792,32,5.50363327386811
in-context-recall V16,in-context-recall,d128,cdrm,0,.runtime/cdrm-naive/20260907T123830Z/ops-tiny-fit-v2/report.json,OPS,8bdc2fe4e9c1f5e88c4a04274177862f43f8f482bb8e446019959c2207708912,12,128,16,127,7907a394745e4910c1206fb8276d0b40e06b4ecb9e50aeeaf1692487037f8df3,87,87,29.188931015945855,5.025221415928432,0.19084821428571427,0.0,1792,32,5.514857975516732
in-context-recall V16,in-context-recall,d128,cdrm,0,.runtime/cdrm-naive/20260907T123830Z/ops-tiny-fit-v2/report.json,OPS,8bdc2fe4e9c1f5e88c4a04274177862f43f8f482bb8e446019959c2207708912,12,128,16,127,7907a394745e4910c1206fb8276d0b40e06b4ecb9e50aeeaf1692487037f8df3,88,88,29.51579599994875,5.025628771100726,0.19363839285714285,0.0,1792,32,5.538216658464567
in-context-recall V16,in-context-recall,d128,cdrm,0,.runtime/cdrm-naive/20260907T123830Z/ops-tiny-fit-v2/report.json,OPS,8bdc2fe4e9c1f5e88c4a04274177862f43f8f482bb8e446019959c2207708912,12,128,16,127,7907a394745e4910c1206fb8276d0b40e06b4ecb9e50aeeaf1692487037f8df3,89,89,29.851707949943375,5.034566879272461,0.19029017857142858,0.0,1792,32,5.5699467696542815
in-context-recall V16,in-context-recall,d128,cdrm,0,.runtime/cdrm-naive/20260907T123830Z/ops-tiny-fit-v2/report.json,OPS,8bdc2fe4e9c1f5e88c4a04274177862f43f8f482bb8e446019959c2207708912,12,128,16,127,7907a394745e4910c1206fb8276d0b40e06b4ecb9e50aeeaf1692487037f8df3,90,90,30.192334902953007,5.067263739449637,0.18861607142857142,0.0,1792,32,5.597708634504183
in-context-recall V16,in-context-recall,d128,cdrm,0,.runtime/cdrm-naive/20260907T123830Z/ops-tiny-fit-v2/report.json,OPS,8bdc2fe4e9c1f5e88c4a04274177862f43f8f482bb8e446019959c2207708912,12,128,16,127,7907a394745e4910c1206fb8276d0b40e06b4ecb9e50aeeaf1692487037f8df3,91,91,30.5200439299515,5.096436091831753,0.18805803571428573,0.0,1792,32,5.617363396592028
in-context-recall V16,in-context-recall,d128,cdrm,0,.runtime/cdrm-naive/20260907T123830Z/ops-tiny-fit-v2/report.json,OPS,8bdc2fe4e9c1f5e88c4a04274177862f43f8f482bb8e446019959c2207708912,12,128,16,127,7907a394745e4910c1206fb8276d0b40e06b4ecb9e50aeeaf1692487037f8df3,92,92,30.846388688951265,5.116118294852121,0.18470982142857142,0.0,1792,32,5.631483663724163
in-context-recall V16,in-context-recall,d128,cdrm,0,.runtime/cdrm-naive/20260907T123830Z/ops-tiny-fit-v2/report.json,OPS,8bdc2fe4e9c1f5e88c4a04274177862f43f8f482bb8e446019959c2207708912,12,128,16,127,7907a394745e4910c1206fb8276d0b40e06b4ecb9e50aeeaf1692487037f8df3,93,93,31.182766427940805,5.128569466727121,0.18526785714285715,0.0,1792,32,5.649303045798474
in-context-recall V16,in-context-recall,d128,cdrm,0,.runtime/cdrm-naive/20260907T123830Z/ops-tiny-fit-v2/report.json,OPS,8bdc2fe4e9c1f5e88c4a04274177862f43f8f482bb8e446019959c2207708912,12,128,16,127,7907a394745e4910c1206fb8276d0b40e06b4ecb9e50aeeaf1692487037f8df3,94,94,31.50748785394535,5.140866415841239,0.1875,0.0,1792,32,5.668778787447712
in-context-recall V16,in-context-recall,d128,cdrm,0,.runtime/cdrm-naive/20260907T123830Z/ops-tiny-fit-v2/report.json,OPS,8bdc2fe4e9c1f5e88c4a04274177862f43f8f482bb8e446019959c2207708912,12,128,16,127,7907a394745e4910c1206fb8276d0b40e06b4ecb9e50aeeaf1692487037f8df3,95,95,31.834563317956054,5.156893048967634,0.18973214285714285,0.0,1792,32,5.685918612742987
in-context-recall V16,in-context-recall,d128,cdrm,0,.runtime/cdrm-naive/20260907T123830Z/ops-tiny-fit-v2/report.json,OPS,8bdc2fe4e9c1f5e88c4a04274177862f43f8f482bb8e446019959c2207708912,12,128,16,127,7907a394745e4910c1206fb8276d0b40e06b4ecb9e50aeeaf1692487037f8df3,96,96,32.160880919967894,5.174727303641183,0.19252232142857142,0.0,1792,32,5.701347291000246
in-context-recall V16,in-context-recall,d128,cdrm,0,.runtime/cdrm-naive/20260907T123830Z/ops-tiny-fit-v2/report.json,OPS,8bdc2fe4e9c1f5e88c4a04274177862f43f8f482bb8e446019959c2207708912,12,128,16,127,7907a394745e4910c1206fb8276d0b40e06b4ecb9e50aeeaf1692487037f8df3,97,97,32.492958151968196,5.190395627702985,0.19196428571428573,0.0,1792,32,5.714136078601747
in-context-recall V16,in-context-recall,d128,cdrm,0,.runtime/cdrm-naive/20260907T123830Z/ops-tiny-fit-v2/report.json,OPS,8bdc2fe4e9c1f5e88c4a04274177862f43f8f482bb8e446019959c2207708912,12,128,16,127,7907a394745e4910c1206fb8276d0b40e06b4ecb9e50aeeaf1692487037f8df3,98,98,32.82392189797247,5.203057970319476,0.19196428571428573,0.0,1792,32,5.724997212567668
in-context-recall V16,in-context-recall,d128,cdrm,0,.runtime/cdrm-naive/20260907T123830Z/ops-tiny-fit-v2/report.json,OPS,8bdc2fe4e9c1f5e88c4a04274177862f43f8f482bb8e446019959c2207708912,12,128,16,127,7907a394745e4910c1206fb8276d0b40e06b4ecb9e50aeeaf1692487037f8df3,99,99,33.15102725198085,5.214845657348633,0.18805803571428573,0.0,1792,32,5.736414391224779
in-context-recall V16,in-context-recall,d128,cdrm,0,.runtime/cdrm-naive/20260907T123830Z/ops-tiny-fit-v2/report.json,OPS,8bdc2fe4e9c1f5e88c4a04274177862f43f8f482bb8e446019959c2207708912,12,128,16,127,7907a394745e4910c1206fb8276d0b40e06b4ecb9e50aeeaf1692487037f8df3,100,100,33.481311171985,5.227537972586496,0.18805803571428573,0.0,1792,32,5.749517245555487
in-context-recall V16,in-context-recall,d128,cdrm,0,.runtime/cdrm-naive/20260907T123830Z/ops-tiny-fit-v2/report.json,OPS,8bdc2fe4e9c1f5e88c4a04274177862f43f8f482bb8e446019959c2207708912,12,128,16,127,7907a394745e4910c1206fb8276d0b40e06b4ecb9e50aeeaf1692487037f8df3,101,101,33.81774455399136,5.241225106375558,0.18861607142857142,0.0,1792,32,5.764071967658095
in-context-recall V16,in-context-recall,d128,cdrm,0,.runtime/cdrm-naive/20260907T123830Z/ops-tiny-fit-v2/report.json,OPS,8bdc2fe4e9c1f5e88c4a04274177862f43f8f482bb8e446019959c2207708912,12,128,16,127,7907a394745e4910c1206fb8276d0b40e06b4ecb9e50aeeaf1692487037f8df3,102,102,34.14598980799201,5.255349295479911,0.18861607142857142,0.0,1792,32,5.779056579109252
in-context-recall V16,in-context-recall,d128,cdrm,0,.runtime/cdrm-naive/20260907T123830Z/ops-tiny-fit-v2/report.json,OPS,8bdc2fe4e9c1f5e88c4a04274177862f43f8f482bb8e446019959c2207708912,12,128,16,127,7907a394745e4910c1206fb8276d0b40e06b4ecb9e50aeeaf1692487037f8df3,103,103,34.47679464798421,5.269314084734235,0.19029017857142858,0.0,1792,32,5.793446938822589
in-context-recall V16,in-context-recall,d128,cdrm,0,.runtime/cdrm-naive/20260907T123830Z/ops-tiny-fit-v2/report.json,OPS,8bdc2fe4e9c1f5e88c4a04274177862f43f8f482bb8e446019959c2207708912,12,128,16,127,7907a394745e4910c1206fb8276d0b40e06b4ecb9e50aeeaf1692487037f8df3,104,104,34.81787664197327,5.282364709036691,0.19196428571428573,0.0,1792,32,5.8061444139856055
in-context-recall V16,in-context-recall,d128,cdrm,0,.runtime/cdrm-naive/20260907T123830Z/ops-tiny-fit-v2/report.json,OPS,8bdc2fe4e9c1f5e88c4a04274177862f43f8f482bb8e446019959c2207708912,12,128,16,127,7907a394745e4910c1206fb8276d0b40e06b4ecb9e50aeeaf1692487037f8df3,105,105,35.1585019089689,5.294029780796596,0.19308035714285715,0.0,1792,32,5.816372127983514
in-context-recall V16,in-context-recall,d128,cdrm,0,.runtime/cdrm-naive/20260907T123830Z/ops-tiny-fit-v2/report.json,OPS,8bdc2fe4e9c1f5e88c4a04274177862f43f8f482bb8e446019959c2207708912,12,128,16,127,7907a394745e4910c1206fb8276d0b40e06b4ecb9e50aeeaf1692487037f8df3,106,106,35.48592833496514,5.304618290492466,0.19308035714285715,0.0,1792,32,5.824598657803272
in-context-recall V16,in-context-recall,d128,cdrm,0,.runtime/cdrm-naive/20260907T123830Z/ops-tiny-fit-v2/report.json,OPS,8bdc2fe4e9c1f5e88c4a04274177862f43f8f482bb8e446019959c2207708912,12,128,16,127,7907a394745e4910c1206fb8276d0b40e06b4ecb9e50aeeaf1692487037f8df3,107,107,35.81068162097654,5.315049307686942,0.19308035714285715,0.0,1792,32,5.832313357375738
in-context-recall V16,in-context-recall,d128,cdrm,0,.runtime/cdrm-naive/20260907T123830Z/ops-tiny-fit-v2/report.json,OPS,8bdc2fe4e9c1f5e88c4a04274177862f43f8f482bb8e446019959c2207708912,12,128,16,127,7907a394745e4910c1206fb8276d0b40e06b4ecb9e50aeeaf1692487037f8df3,108,108,36.140740721981274,5.326033183506557,0.19308035714285715,0.0,1792,32,5.84067901851624
in-context-recall V16,in-context-recall,d128,cdrm,0,.runtime/cdrm-naive/20260907T123830Z/ops-tiny-fit-v2/report.json,OPS,8bdc2fe4e9c1f5e88c4a04274177862f43f8f482bb8e446019959c2207708912,12,128,16,127,7907a394745e4910c1206fb8276d0b40e06b4ecb9e50aeeaf1692487037f8df3,109,109,36.47764546297549,5.337533133370536,0.19252232142857142,0.0,1792,32,5.849889800304503
in-context-recall V16,in-context-recall,d128,cdrm,0,.runtime/cdrm-naive/20260907T123830Z/ops-tiny-fit-v2/report.json,OPS,8bdc2fe4e9c1f5e88c4a04274177862f43f8f482bb8e446019959c2207708912,12,128,16,127,7907a394745e4910c1206fb8276d0b40e06b4ecb9e50aeeaf1692487037f8df3,110,110,36.804138248975505,5.3490254538399835,0.19140625,0.0,1792,32,5.859470878060408
in-context-recall V16,in-context-recall,d128,cdrm,0,.runtime/cdrm-naive/20260907T123830Z/ops-tiny-fit-v2/report.json,OPS,8bdc2fe4e9c1f5e88c4a04274177862f43f8f482bb8e446019959c2207708912,12,128,16,127,7907a394745e4910c1206fb8276d0b40e06b4ecb9e50aeeaf1692487037f8df3,111,111,37.13191917297081,5.360091345650809,0.19140625,0.0,1792,32,5.868903212659941
in-context-recall V16,in-context-recall,d128,cdrm,0,.runtime/cdrm-naive/20260907T123830Z/ops-tiny-fit-v2/report.json,OPS,8bdc2fe4e9c1f5e88c4a04274177862f43f8f482bb8e446019959c2207708912,12,128,16,127,7907a394745e4910c1206fb8276d0b40e06b4ecb9e50aeeaf1692487037f8df3,112,112,37.46749467396876,5.3706528799874445,0.19252232142857142,0.0,1792,32,5.878032053549458
in-context-recall V16,in-context-recall,d128,cdrm,0,.runtime/cdrm-naive/20260907T123830Z/ops-tiny-fit-v2/report.json,OPS,8bdc2fe4e9c1f5e88c4a04274177862f43f8f482bb8e446019959c2207708912,12,128,16,127,7907a394745e4910c1206fb8276d0b40e06b4ecb9e50aeeaf1692487037f8df3,113,113,37.800644966977416,5.380892889840262,0.19308035714285715,0.0,1792,32,5.887064535786786
in-context-recall V16,in-context-recall,d128,cdrm,0,.runtime/cdrm-naive/20260907T123830Z/ops-tiny-fit-v2/report.json,OPS,8bdc2fe4e9c1f5e88c4a04274177862f43f8f482bb8e446019959c2207708912,12,128,16,127,7907a394745e4910c1206fb8276d0b40e06b4ecb9e50aeeaf1692487037f8df3,114,114,38.137406461974024,5.391147613525391,0.19196428571428573,0.0,1792,32,5.8963913804902806
in-context-recall V16,in-context-recall,d128,cdrm,0,.runtime/cdrm-naive/20260907T123830Z/ops-tiny-fit-v2/report.json,OPS,8bdc2fe4e9c1f5e88c4a04274177862f43f8f482bb8e446019959c2207708912,12,128,16,127,7907a394745e4910c1206fb8276d0b40e06b4ecb9e50aeeaf1692487037f8df3,115,115,38.472249411963276,5.401640755789621,0.19196428571428573,0.0,1792,32,5.906196654312254
in-context-recall V16,in-context-recall,d128,cdrm,0,.runtime/cdrm-naive/20260907T123830Z/ops-tiny-fit-v2/report.json,OPS,8bdc2fe4e9c1f5e88c4a04274177862f43f8f482bb8e446019959c2207708912,12,128,16,127,7907a394745e4910c1206fb8276d0b40e06b4ecb9e50aeeaf1692487037f8df3,116,116,38.80231833097059,5.4122483389718195,0.19140625,0.0,1792,32,5.9161816694605065
in-context-recall V16,in-context-recall,d128,cdrm,0,.runtime/cdrm-naive/20260907T123830Z/ops-tiny-fit-v2/report.json,OPS,8bdc2fe4e9c1f5e88c4a04274177862f43f8f482bb8e446019959c2207708912,12,128,16,127,7907a394745e4910c1206fb8276d0b40e06b4ecb9e50aeeaf1692487037f8df3,117,117,39.131281098976615,5.4225455692836215,0.19140625,0.0,1792,32,5.925627460629921
in-context-recall V16,in-context-recall,d128,cdrm,0,.runtime/cdrm-naive/20260907T123830Z/ops-tiny-fit-v2/report.json,OPS,8bdc2fe4e9c1f5e88c4a04274177862f43f8f482bb8e446019959c2207708912,12,128,16,127,7907a394745e4910c1206fb8276d0b40e06b4ecb9e50aeeaf1692487037f8df3,118,118,39.462615400974755,5.432085309709821,0.19084821428571427,0.0,1792,32,5.933777816652313
in-context-recall V16,in-context-recall,d128,cdrm,0,.runtime/cdrm-naive/20260907T123830Z/ops-tiny-fit-v2/report.json,OPS,8bdc2fe4e9c1f5e88c4a04274177862f43f8f482bb8e446019959c2207708912,12,128,16,127,7907a394745e4910c1206fb8276d0b40e06b4ecb9e50aeeaf1692487037f8df3,119,119,39.792429928973434,5.440684454781668,0.19084821428571427,0.0,1792,32,5.940362885242372
in-context-recall V16,in-context-recall,d128,cdrm,0,.runtime/cdrm-naive/20260907T123830Z/ops-tiny-fit-v2/report.json,OPS,8bdc2fe4e9c1f5e88c4a04274177862f43f8f482bb8e446019959c2207708912,12,128,16,127,7907a394745e4910c1206fb8276d0b40e06b4ecb9e50aeeaf1692487037f8df3,120,120,40.12784416397335,5.4484710693359375,0.19084821428571427,0.0,1792,32,5.945758489173229
in-context-recall V16,in-context-recall,d128,cdrm,0,.runtime/cdrm-naive/20260907T123830Z/ops-tiny-fit-v2/report.json,OPS,8bdc2fe4e9c1f5e88c4a04274177862f43f8f482bb8e446019959c2207708912,12,128,16,127,7907a394745e4910c1206fb8276d0b40e06b4ecb9e50aeeaf1692487037f8df3,121,121,40.45288206798432,5.455751964024135,0.19084821428571427,0.0,1792,32,5.9506701371801185
in-context-recall V16,in-context-recall,d128,cdrm,0,.runtime/cdrm-naive/20260907T123830Z/ops-tiny-fit-v2/report.json,OPS,8bdc2fe4e9c1f5e88c4a04274177862f43f8f482bb8e446019959c2207708912,12,128,16,127,7907a394745e4910c1206fb8276d0b40e06b4ecb9e50aeeaf1692487037f8df3,122,122,40.78075565198378,5.462799617222378,0.19029017857142858,0.0,1792,32,5.955673578217274
in-context-recall V16,in-context-recall,d128,cdrm,0,.runtime/cdrm-naive/20260907T123830Z/ops-tiny-fit-v2/report.json,OPS,8bdc2fe4e9c1f5e88c4a04274177862f43f8f482bb8e446019959c2207708912,12,128,16,127,7907a394745e4910c1206fb8276d0b40e06b4ecb9e50aeeaf1692487037f8df3,123,123,41.110935799981235,5.469705854143415,0.19084821428571427,0.0,1792,32,5.96095335952879
in-context-recall V16,in-context-recall,d128,cdrm,0,.runtime/cdrm-naive/20260907T123830Z/ops-tiny-fit-v2/report.json,OPS,8bdc2fe4e9c1f5e88c4a04274177862f43f8f482bb8e446019959c2207708912,12,128,16,127,7907a394745e4910c1206fb8276d0b40e06b4ecb9e50aeeaf1692487037f8df3,124,124,41.43979744297394,5.476388113839286,0.19029017857142858,0.0,1792,32,5.966356412632259
in-context-recall V16,in-context-recall,d128,cdrm,0,.runtime/cdrm-naive/20260907T123830Z/ops-tiny-fit-v2/report.json,OPS,8bdc2fe4e9c1f5e88c4a04274177862f43f8f482bb8e446019959c2207708912,12,128,16,127,7907a394745e4910c1206fb8276d0b40e06b4ecb9e50aeeaf1692487037f8df3,125,125,41.76539320098527,5.482721601213727,0.19140625,0.0,1792,32,5.971594382458784
in-context-recall V16,in-context-recall,d128,cdrm,0,.runtime/cdrm-naive/20260907T123830Z/ops-tiny-fit-v2/report.json,OPS,8bdc2fe4e9c1f5e88c4a04274177862f43f8f482bb8e446019959c2207708912,12,128,16,127,7907a394745e4910c1206fb8276d0b40e06b4ecb9e50aeeaf1692487037f8df3,126,126,42.0889250519831,5.488677978515625,0.19140625,0.0,1792,32,5.976486326202633
in-context-recall V16,in-context-recall,d128,cdrm,0,.runtime/cdrm-naive/20260907T123830Z/ops-tiny-fit-v2/report.json,OPS,8bdc2fe4e9c1f5e88c4a04274177862f43f8f482bb8e446019959c2207708912,12,128,16,127,7907a394745e4910c1206fb8276d0b40e06b4ecb9e50aeeaf1692487037f8df3,127,127,42.41739519897965,5.494368961879185,0.19140625,0.0,1792,32,5.981081023929626
in-context-recall V16,in-context-recall,d128,cdrm,0,.runtime/cdrm-naive/20260907T123830Z/ops-tiny-fit-v2/report.json,OPS,8bdc2fe4e9c1f5e88c4a04274177862f43f8f482bb8e446019959c2207708912,12,128,16,127,7907a394745e4910c1206fb8276d0b40e06b4ecb9e50aeeaf1692487037f8df3,128,128,42.748125912985415,5.4999831063406805,0.19140625,0.0,1792,32,5.985602431409941
in-context-recall V16,in-context-recall,d128,cdrm,0,.runtime/cdrm-naive/20260907T123830Z/ops-tiny-fit-v2/report.json,OPS,8bdc2fe4e9c1f5e88c4a04274177862f43f8f482bb8e446019959c2207708912,12,128,16,127,7907a394745e4910c1206fb8276d0b40e06b4ecb9e50aeeaf1692487037f8df3,129,129,43.086261762990034,5.505674362182617,0.19196428571428573,0.0,1792,32,5.9902819535863685
in-context-recall V16,in-context-recall,d128,cdrm,0,.runtime/cdrm-naive/20260907T123830Z/ops-tiny-fit-v2/report.json,OPS,8bdc2fe4e9c1f5e88c4a04274177862f43f8f482bb8e446019959c2207708912,12,128,16,127,7907a394745e4910c1206fb8276d0b40e06b4ecb9e50aeeaf1692487037f8df3,130,130,43.408092424986535,5.511470249720982,0.19196428571428573,0.0,1792,32,5.995197686623401
in-context-recall V16,in-context-recall,d128,cdrm,0,.runtime/cdrm-naive/20260907T123830Z/ops-tiny-fit-v2/report.json,OPS,8bdc2fe4e9c1f5e88c4a04274177862f43f8f482bb8e446019959c2207708912,12,128,16,127,7907a394745e4910c1206fb8276d0b40e06b4ecb9e50aeeaf1692487037f8df3,131,131,43.733072783987154,5.517244338989258,0.19196428571428573,0.0,1792,32,6.000217467781127
in-context-recall V16,in-context-recall,d128,cdrm,0,.runtime/cdrm-naive/20260907T123830Z/ops-tiny-fit-v2/report.json,OPS,8bdc2fe4e9c1f5e88c4a04274177862f43f8f482bb8e446019959c2207708912,12,128,16,127,7907a394745e4910c1206fb8276d0b40e06b4ecb9e50aeeaf1692487037f8df3,132,132,44.08988230097748,5.5227876390729636,0.19140625,0.0,1792,32,6.005077211875615
in-context-recall V16,in-context-recall,d128,cdrm,0,.runtime/cdrm-naive/20260907T123830Z/ops-tiny-fit-v2/report.json,OPS,8bdc2fe4e9c1f5e88c4a04274177862f43f8f482bb8e446019959c2207708912,12,128,16,127,7907a394745e4910c1206fb8276d0b40e06b4ecb9e50aeeaf1692487037f8df3,133,133,44.41597608097072,5.527919769287109,0.19196428571428573,0.0,1792,32,6.009529173843504
in-context-recall V16,in-context-recall,d128,cdrm,0,.runtime/cdrm-naive/20260907T123830Z/ops-tiny-fit-v2/report.json,OPS,8bdc2fe4e9c1f5e88c4a04274177862f43f8f482bb8e446019959c2207708912,12,128,16,127,7907a394745e4910c1206fb8276d0b40e06b4ecb9e50aeeaf1692487037f8df3,134,134,44.74752250096935,5.532582146780832,0.19196428571428573,0.0,1792,32,6.01347291000246
in-context-recall V16,in-context-recall,d128,cdrm,0,.runtime/cdrm-naive/20260907T123830Z/ops-tiny-fit-v2/report.json,OPS,8bdc2fe4e9c1f5e88c4a04274177862f43f8f482bb8e446019959c2207708912,12,128,16,127,7907a394745e4910c1206fb8276d0b40e06b4ecb9e50aeeaf1692487037f8df3,135,135,45.07792228397739,5.5368467058454245,0.19140625,0.0,1792,32,6.016981710599163
in-context-recall V16,in-context-recall,d128,cdrm,0,.runtime/cdrm-naive/20260907T123830Z/ops-tiny-fit-v2/report.json,OPS,8bdc2fe4e9c1f5e88c4a04274177862f43f8f482bb8e446019959c2207708912,12,128,16,127,7907a394745e4910c1206fb8276d0b40e06b4ecb9e50aeeaf1692487037f8df3,136,136,45.41365955697256,5.5408622196742465,0.19140625,0.0,1792,32,6.02023147222564
in-context-recall V16,in-context-recall,d128,cdrm,0,.runtime/cdrm-naive/20260907T123830Z/ops-tiny-fit-v2/report.json,OPS,8bdc2fe4e9c1f5e88c4a04274177862f43f8f482bb8e446019959c2207708912,12,128,16,127,7907a394745e4910c1206fb8276d0b40e06b4ecb9e50aeeaf1692487037f8df3,137,137,45.74775149497145,5.544770377022879,0.19140625,0.0,1792,32,6.023391122893085
in-context-recall V16,in-context-recall,d128,cdrm,0,.runtime/cdrm-naive/20260907T123830Z/ops-tiny-fit-v2/report.json,OPS,8bdc2fe4e9c1f5e88c4a04274177862f43f8f482bb8e446019959c2207708912,12,128,16,127,7907a394745e4910c1206fb8276d0b40e06b4ecb9e50aeeaf1692487037f8df3,138,138,46.0779975749756,5.548651559012277,0.19140625,0.0,1792,32,6.026546207938607
in-context-recall V16,in-context-recall,d128,cdrm,0,.runtime/cdrm-naive/20260907T123830Z/ops-tiny-fit-v2/report.json,OPS,8bdc2fe4e9c1f5e88c4a04274177862f43f8f482bb8e446019959c2207708912,12,128,16,127,7907a394745e4910c1206fb8276d0b40e06b4ecb9e50aeeaf1692487037f8df3,139,139,46.40654734396958,5.552515029907227,0.19196428571428573,0.0,1792,32,6.029688076710138
in-context-recall V16,in-context-recall,d128,cdrm,0,.runtime/cdrm-naive/20260907T123830Z/ops-tiny-fit-v2/report.json,OPS,8bdc2fe4e9c1f5e88c4a04274177862f43f8f482bb8e446019959c2207708912,12,128,16,127,7907a394745e4910c1206fb8276d0b40e06b4ecb9e50aeeaf1692487037f8df3,140,140,46.74416331895918,5.556315830775669,0.19196428571428573,0.0,1792,32,6.032747523991142
in-context-recall V16,in-context-recall,d128,cdrm,0,.runtime/cdrm-naive/20260907T123830Z/ops-tiny-fit-v2/report.json,OPS,8bdc2fe4e9c1f5e88c4a04274177862f43f8f482bb8e446019959c2207708912,12,128,16,127,7907a394745e4910c1206fb8276d0b40e06b4ecb9e50aeeaf1692487037f8df3,141,141,47.081384304969106,5.55999619620187,0.19196428571428573,0.0,1792,32,6.035656546044537
in-context-recall V16,in-context-recall,d128,cdrm,0,.runtime/cdrm-naive/20260907T123830Z/ops-tiny-fit-v2/report.json,OPS,8bdc2fe4e9c1f5e88c4a04274177862f43f8f482bb8e446019959c2207708912,12,128,16,127,7907a394745e4910c1206fb8276d0b40e06b4ecb9e50aeeaf1692487037f8df3,142,142,47.419713760958984,5.563515526907785,0.19196428571428573,0.0,1792,32,6.038388229730561
in-context-recall V16,in-context-recall,d128,cdrm,0,.runtime/cdrm-naive/20260907T123830Z/ops-tiny-fit-v2/report.json,OPS,8bdc2fe4e9c1f5e88c4a04274177862f43f8f482bb8e446019959c2207708912,12,128,16,127,7907a394745e4910c1206fb8276d0b40e06b4ecb9e50aeeaf1692487037f8df3,143,143,47.752730178966885,5.566867828369141,0.19252232142857142,0.0,1792,32,6.040969968780758
in-context-recall V16,in-context-recall,d128,cdrm,0,.runtime/cdrm-naive/20260907T123830Z/ops-tiny-fit-v2/report.json,OPS,8bdc2fe4e9c1f5e88c4a04274177862f43f8f482bb8e446019959c2207708912,12,128,16,127,7907a394745e4910c1206fb8276d0b40e06b4ecb9e50aeeaf1692487037f8df3,144,144,48.08574418796343,5.570076261247907,0.19252232142857142,0.0,1792,32,6.043457271545891
in-context-recall V16,in-context-recall,d128,cdrm,0,.runtime/cdrm-naive/20260907T123830Z/ops-tiny-fit-v2/report.json,OPS,8bdc2fe4e9c1f5e88c4a04274177862f43f8f482bb8e446019959c2207708912,12,128,16,127,7907a394745e4910c1206fb8276d0b40e06b4ecb9e50aeeaf1692487037f8df3,145,145,48.4166546909546,5.573169980730329,0.19252232142857142,0.0,1792,32,6.045902762826033
in-context-recall V16,in-context-recall,d128,cdrm,0,.runtime/cdrm-naive/20260907T123830Z/ops-tiny-fit-v2/report.json,OPS,8bdc2fe4e9c1f5e88c4a04274177862f43f8f482bb8e446019959c2207708912,12,128,16,127,7907a394745e4910c1206fb8276d0b40e06b4ecb9e50aeeaf1692487037f8df3,146,146,48.754192958949716,5.576169967651367,0.19252232142857142,0.0,1792,32,6.048329511026698
in-context-recall V16,in-context-recall,d128,cdrm,0,.runtime/cdrm-naive/20260907T123830Z/ops-tiny-fit-v2/report.json,OPS,8bdc2fe4e9c1f5e88c4a04274177862f43f8f482bb8e446019959c2207708912,12,128,16,127,7907a394745e4910c1206fb8276d0b40e06b4ecb9e50aeeaf1692487037f8df3,147,147,49.08150745995226,5.579081671578543,0.19252232142857142,0.0,1792,32,6.050727664016363
in-context-recall V16,in-context-recall,d128,cdrm,0,.runtime/cdrm-naive/20260907T123830Z/ops-tiny-fit-v2/report.json,OPS,8bdc2fe4e9c1f5e88c4a04274177862f43f8f482bb8e446019959c2207708912,12,128,16,127,7907a394745e4910c1206fb8276d0b40e06b4ecb9e50aeeaf1692487037f8df3,148,148,49.41175649195793,5.581903185163226,0.19252232142857142,0.0,1792,32,6.05307175043061
in-context-recall V16,in-context-recall,d128,cdrm,0,.runtime/cdrm-naive/20260907T123830Z/ops-tiny-fit-v2/report.json,OPS,8bdc2fe4e9c1f5e88c4a04274177862f43f8f482bb8e446019959c2207708912,12,128,16,127,7907a394745e4910c1206fb8276d0b40e06b4ecb9e50aeeaf1692487037f8df3,149,149,49.747844221958076,5.5846355983189175,0.19252232142857142,0.0,1792,32,6.055341345118725
in-context-recall V16,in-context-recall,d128,cdrm,0,.runtime/cdrm-naive/20260907T123830Z/ops-tiny-fit-v2/report.json,OPS,8bdc2fe4e9c1f5e88c4a04274177862f43f8f482bb8e446019959c2207708912,12,128,16,127,7907a394745e4910c1206fb8276d0b40e06b4ecb9e50aeeaf1692487037f8df3,150,150,50.07831086796068,5.587284905569894,0.19308035714285715,0.0,1792,32,6.057533324234129
in-context-recall V16,in-context-recall,d128,cdrm,0,.runtime/cdrm-naive/20260907T123830Z/ops-tiny-fit-v2/report.json,OPS,8bdc2fe4e9c1f5e88c4a04274177862f43f8f482bb8e446019959c2207708912,12,128,16,127,7907a394745e4910c1206fb8276d0b40e06b4ecb9e50aeeaf1692487037f8df3,151,151,50.40339555196988,5.589866093226841,0.19308035714285715,0.0,1792,32,6.059661624938484
in-context-recall V16,in-context-recall,d128,cdrm,0,.runtime/cdrm-naive/20260907T123830Z/ops-tiny-fit-v2/report.json,OPS,8bdc2fe4e9c1f5e88c4a04274177862f43f8f482bb8e446019959c2207708912,12,128,16,127,7907a394745e4910c1206fb8276d0b40e06b4ecb9e50aeeaf1692487037f8df3,152,152,50.741501593976864,5.592391695295062,0.19308035714285715,0.0,1792,32,6.061751958892101
in-context-recall V16,in-context-recall,d128,cdrm,0,.runtime/cdrm-naive/20260907T123830Z/ops-tiny-fit-v2/report.json,OPS,8bdc2fe4e9c1f5e88c4a04274177862f43f8f482bb8e446019959c2207708912,12,128,16,127,7907a394745e4910c1206fb8276d0b40e06b4ecb9e50aeeaf1692487037f8df3,153,153,51.0787915429828,5.594869068690708,0.19252232142857142,0.0,1792,32,6.063821627399114
in-context-recall V16,in-context-recall,d128,cdrm,0,.runtime/cdrm-naive/20260907T123830Z/ops-tiny-fit-v2/report.json,OPS,8bdc2fe4e9c1f5e88c4a04274177862f43f8f482bb8e446019959c2207708912,12,128,16,127,7907a394745e4910c1206fb8276d0b40e06b4ecb9e50aeeaf1692487037f8df3,154,154,51.414506107976194,5.597292218889509,0.19308035714285715,0.0,1792,32,6.06587279312254
in-context-recall V16,in-context-recall,d128,cdrm,0,.runtime/cdrm-naive/20260907T123830Z/ops-tiny-fit-v2/report.json,OPS,8bdc2fe4e9c1f5e88c4a04274177862f43f8f482bb8e446019959c2207708912,12,128,16,127,7907a394745e4910c1206fb8276d0b40e06b4ecb9e50aeeaf1692487037f8df3,155,155,51.74156247997598,5.599646159580776,0.19252232142857142,0.0,1792,32,6.067889836829479
in-context-recall V16,in-context-recall,d128,cdrm,0,.runtime/cdrm-naive/20260907T123830Z/ops-tiny-fit-v2/report.json,OPS,8bdc2fe4e9c1f5e88c4a04274177862f43f8f482bb8e446019959c2207708912,12,128,16,127,7907a394745e4910c1206fb8276d0b40e06b4ecb9e50aeeaf1692487037f8df3,156,156,52.070710232976126,5.601908820016043,0.19196428571428573,0.0,1792,32,6.069844403604823
in-context-recall V16,in-context-recall,d128,cdrm,0,.runtime/cdrm-naive/20260907T123830Z/ops-tiny-fit-v2/report.json,OPS,8bdc2fe4e9c1f5e88c4a04274177862f43f8f482bb8e446019959c2207708912,12,128,16,127,7907a394745e4910c1206fb8276d0b40e06b4ecb9e50aeeaf1692487037f8df3,157,157,52.40366010997968,5.60406003679548,0.19196428571428573,0.0,1792,32,6.071707177349902
in-context-recall V16,in-context-recall,d128,cdrm,0,.runtime/cdrm-naive/20260907T123830Z/ops-tiny-fit-v2/report.json,OPS,8bdc2fe4e9c1f5e88c4a04274177862f43f8f482bb8e446019959c2207708912,12,128,16,127,7907a394745e4910c1206fb8276d0b40e06b4ecb9e50aeeaf1692487037f8df3,158,158,52.72904108998773,5.60608754839216,0.19196428571428573,0.0,1792,32,6.073458213505782
in-context-recall V16,in-context-recall,d128,cdrm,0,.runtime/cdrm-naive/20260907T123830Z/ops-tiny-fit-v2/report.json,OPS,8bdc2fe4e9c1f5e88c4a04274177862f43f8f482bb8e446019959c2207708912,12,128,16,127,7907a394745e4910c1206fb8276d0b40e06b4ecb9e50aeeaf1692487037f8df3,159,159,53.057741639975575,5.607989992414202,0.19196428571428573,0.0,1792,32,6.0750903031957435
in-context-recall V16,in-context-recall,d128,cdrm,0,.runtime/cdrm-naive/20260907T123830Z/ops-tiny-fit-v2/report.json,OPS,8bdc2fe4e9c1f5e88c4a04274177862f43f8f482bb8e446019959c2207708912,12,128,16,127,7907a394745e4910c1206fb8276d0b40e06b4ecb9e50aeeaf1692487037f8df3,160,160,53.387225085971295,5.6097758156912665,0.19196428571428573,0.0,1792,32,6.0766125776636315
in-context-recall V16,in-context-recall,d128,cdrm,0,.runtime/cdrm-naive/20260907T123830Z/ops-tiny-fit-v2/report.json,OPS,8bdc2fe4e9c1f5e88c4a04274177862f43f8f482bb8e446019959c2207708912,12,128,16,127,7907a394745e4910c1206fb8276d0b40e06b4ecb9e50aeeaf1692487037f8df3,161,161,53.715567861974705,5.611461639404297,0.19196428571428573,0.0,1792,32,6.078044020284818
in-context-recall V16,in-context-recall,d128,cdrm,0,.runtime/cdrm-naive/20260907T123830Z/ops-tiny-fit-v2/report.json,OPS,8bdc2fe4e9c1f5e88c4a04274177862f43f8f482bb8e446019959c2207708912,12,128,16,127,7907a394745e4910c1206fb8276d0b40e06b4ecb9e50aeeaf1692487037f8df3,162,162,54.040134929979104,5.613064902169364,0.19196428571428573,0.0,1792,32,6.079405777097687
in-context-recall V16,in-context-recall,d128,cdrm,0,.runtime/cdrm-naive/20260907T123830Z/ops-tiny-fit-v2/report.json,OPS,8bdc2fe4e9c1f5e88c4a04274177862f43f8f482bb8e446019959c2207708912,12,128,16,127,7907a394745e4910c1206fb8276d0b40e06b4ecb9e50aeeaf1692487037f8df3,163,163,54.36586489797628,5.614600317818778,0.19196428571428573,0.0,1792,32,6.0807175523652806
in-context-recall V16,in-context-recall,d128,cdrm,0,.runtime/cdrm-naive/20260907T123830Z/ops-tiny-fit-v2/report.json,OPS,8bdc2fe4e9c1f5e88c4a04274177862f43f8f482bb8e446019959c2207708912,12,128,16,127,7907a394745e4910c1206fb8276d0b40e06b4ecb9e50aeeaf1692487037f8df3,164,164,54.69723422997049,5.616078785487583,0.19196428571428573,0.0,1792,32,6.081991120586245
in-context-recall V16,in-context-recall,d128,cdrm,0,.runtime/cdrm-naive/20260907T123830Z/ops-tiny-fit-v2/report.json,OPS,8bdc2fe4e9c1f5e88c4a04274177862f43f8f482bb8e446019959c2207708912,12,128,16,127,7907a394745e4910c1206fb8276d0b40e06b4ecb9e50aeeaf1692487037f8df3,165,165,55.0251978229644,5.617504392351423,0.19196428571428573,0.0,1792,32,6.08322960560716
in-context-recall V16,in-context-recall,d128,cdrm,0,.runtime/cdrm-naive/20260907T123830Z/ops-tiny-fit-v2/report.json,OPS,8bdc2fe4e9c1f5e88c4a04274177862f43f8f482bb8e446019959c2207708912,12,128,16,127,7907a394745e4910c1206fb8276d0b40e06b4ecb9e50aeeaf1692487037f8df3,166,166,55.34962962096324,5.618877410888672,0.19196428571428573,0.0,1792,32,6.084429883581447
in-context-recall V16,in-context-recall,d128,cdrm,0,.runtime/cdrm-naive/20260907T123830Z/ops-tiny-fit-v2/report.json,OPS,8bdc2fe4e9c1f5e88c4a04274177862f43f8f482bb8e446019959c2207708912,12,128,16,127,7907a394745e4910c1206fb8276d0b40e06b4ecb9e50aeeaf1692487037f8df3,167,167,55.68464198196307,5.6201934814453125,0.19252232142857142,0.0,1792,32,6.0855847456323815
in-context-recall V16,in-context-recall,d128,cdrm,0,.runtime/cdrm-naive/20260907T123830Z/ops-tiny-fit-v2/report.json,OPS,8bdc2fe4e9c1f5e88c4a04274177862f43f8f482bb8e446019959c2207708912,12,128,16,127,7907a394745e4910c1206fb8276d0b40e06b4ecb9e50aeeaf1692487037f8df3,168,168,56.01156074897153,5.621448789324079,0.19252232142857142,0.0,1792,32,6.086685541107899
in-context-recall V16,in-context-recall,d128,cdrm,0,.runtime/cdrm-naive/20260907T123830Z/ops-tiny-fit-v2/report.json,OPS,8bdc2fe4e9c1f5e88c4a04274177862f43f8f482bb8e446019959c2207708912,12,128,16,127,7907a394745e4910c1206fb8276d0b40e06b4ecb9e50aeeaf1692487037f8df3,169,169,56.34420222096378,5.622638702392578,0.19252232142857142,0.0,1792,32,6.087725782018947
in-context-recall V16,in-context-recall,d128,cdrm,0,.runtime/cdrm-naive/20260907T123830Z/ops-tiny-fit-v2/report.json,OPS,8bdc2fe4e9c1f5e88c4a04274177862f43f8f482bb8e446019959c2207708912,12,128,16,127,7907a394745e4910c1206fb8276d0b40e06b4ecb9e50aeeaf1692487037f8df3,170,170,56.674423709962866,5.6237610408238,0.19252232142857142,0.0,1792,32,6.088701623631275
in-context-recall V16,in-context-recall,d128,cdrm,0,.runtime/cdrm-naive/20260907T123830Z/ops-tiny-fit-v2/report.json,OPS,8bdc2fe4e9c1f5e88c4a04274177862f43f8f482bb8e446019959c2207708912,12,128,16,127,7907a394745e4910c1206fb8276d0b40e06b4ecb9e50aeeaf1692487037f8df3,171,171,57.00462088297354,5.62481689453125,0.19252232142857142,0.0,1792,32,6.0896130659448815
in-context-recall V16,in-context-recall,d128,cdrm,0,.runtime/cdrm-naive/20260907T123830Z/ops-tiny-fit-v2/report.json,OPS,8bdc2fe4e9c1f5e88c4a04274177862f43f8f482bb8e446019959c2207708912,12,128,16,127,7907a394745e4910c1206fb8276d0b40e06b4ecb9e50aeeaf1692487037f8df3,172,172,57.334475755968015,5.625805991036551,0.19252232142857142,0.0,1792,32,6.090462271622785
in-context-recall V16,in-context-recall,d128,cdrm,0,.runtime/cdrm-naive/20260907T123830Z/ops-tiny-fit-v2/report.json,OPS,8bdc2fe4e9c1f5e88c4a04274177862f43f8f482bb8e446019959c2207708912,12,128,16,127,7907a394745e4910c1206fb8276d0b40e06b4ecb9e50aeeaf1692487037f8df3,173,173,57.67040859795816,5.626732689993722,0.19252232142857142,0.0,1792,32,6.091253806286909
in-context-recall V16,in-context-recall,d128,cdrm,0,.runtime/cdrm-naive/20260907T123830Z/ops-tiny-fit-v2/report.json,OPS,8bdc2fe4e9c1f5e88c4a04274177862f43f8f482bb8e446019959c2207708912,12,128,16,127,7907a394745e4910c1206fb8276d0b40e06b4ecb9e50aeeaf1692487037f8df3,174,174,57.99647089095379,5.627599988664899,0.19252232142857142,0.0,1792,32,6.091991995263287
in-context-recall V16,in-context-recall,d128,cdrm,0,.runtime/cdrm-naive/20260907T123830Z/ops-tiny-fit-v2/report.json,OPS,8bdc2fe4e9c1f5e88c4a04274177862f43f8f482bb8e446019959c2207708912,12,128,16,127,7907a394745e4910c1206fb8276d0b40e06b4ecb9e50aeeaf1692487037f8df3,175,175,58.32304674896295,5.628410611833845,0.19252232142857142,0.0,1792,32,6.092682125061516
in-context-recall V16,in-context-recall,d128,cdrm,0,.runtime/cdrm-naive/20260907T123830Z/ops-tiny-fit-v2/report.json,OPS,8bdc2fe4e9c1f5e88c4a04274177862f43f8f482bb8e446019959c2207708912,12,128,16,127,7907a394745e4910c1206fb8276d0b40e06b4ecb9e50aeeaf1692487037f8df3,176,176,58.65177320595831,5.6291689191545755,0.19252232142857142,0.0,1792,32,6.093328040415846
in-context-recall V16,in-context-recall,d128,cdrm,0,.runtime/cdrm-naive/20260907T123830Z/ops-tiny-fit-v2/report.json,OPS,8bdc2fe4e9c1f5e88c4a04274177862f43f8f482bb8e446019959c2207708912,12,128,16,127,7907a394745e4910c1206fb8276d0b40e06b4ecb9e50aeeaf1692487037f8df3,177,177,58.977435482956935,5.629876273018973,0.19252232142857142,0.0,1792,32,6.0939326248769685
in-context-recall V16,in-context-recall,d128,cdrm,0,.runtime/cdrm-naive/20260907T123830Z/ops-tiny-fit-v2/report.json,OPS,8bdc2fe4e9c1f5e88c4a04274177862f43f8f482bb8e446019959c2207708912,12,128,16,127,7907a394745e4910c1206fb8276d0b40e06b4ecb9e50aeeaf1692487037f8df3,178,178,59.30600562495238,5.6305356706891745,0.19252232142857142,0.0,1792,32,6.094498041107899
in-context-recall V16,in-context-recall,d128,cdrm,0,.runtime/cdrm-naive/20260907T123830Z/ops-tiny-fit-v2/report.json,OPS,8bdc2fe4e9c1f5e88c4a04274177862f43f8f482bb8e446019959c2207708912,12,128,16,127,7907a394745e4910c1206fb8276d0b40e06b4ecb9e50aeeaf1692487037f8df3,179,179,59.64166826294968,5.631148747035435,0.19252232142857142,0.0,1792,32,6.0950257308839815
in-context-recall V16,in-context-recall,d128,cdrm,0,.runtime/cdrm-naive/20260907T123830Z/ops-tiny-fit-v2/report.json,OPS,8bdc2fe4e9c1f5e88c4a04274177862f43f8f482bb8e446019959c2207708912,12,128,16,127,7907a394745e4910c1206fb8276d0b40e06b4ecb9e50aeeaf1692487037f8df3,180,180,59.97238859794743,5.631716319492885,0.19252232142857142,0.0,1792,32,6.09551665538878
in-context-recall V16,in-context-recall,d128,cdrm,0,.runtime/cdrm-naive/20260907T123830Z/ops-tiny-fit-v2/report.json,OPS,8bdc2fe4e9c1f5e88c4a04274177862f43f8f482bb8e446019959c2207708912,12,128,16,127,7907a394745e4910c1206fb8276d0b40e06b4ecb9e50aeeaf1692487037f8df3,181,181,60.29952444395167,5.632240295410156,0.19252232142857142,0.0,1792,32,6.0959708146222935
in-context-recall V16,in-context-recall,d128,cdrm,0,.runtime/cdrm-naive/20260907T123830Z/ops-tiny-fit-v2/report.json,OPS,8bdc2fe4e9c1f5e88c4a04274177862f43f8f482bb8e446019959c2207708912,12,128,16,127,7907a394745e4910c1206fb8276d0b40e06b4ecb9e50aeeaf1692487037f8df3,182,182,60.63003062896314,5.632722037179129,0.19252232142857142,0.0,1792,32,6.096389890655758
in-context-recall V16,in-context-recall,d128,cdrm,0,.runtime/cdrm-naive/20260907T123830Z/ops-tiny-fit-v2/report.json,OPS,8bdc2fe4e9c1f5e88c4a04274177862f43f8f482bb8e446019959c2207708912,12,128,16,127,7907a394745e4910c1206fb8276d0b40e06b4ecb9e50aeeaf1692487037f8df3,183,183,60.95294601697242,5.633162634713309,0.19252232142857142,0.0,1792,32,6.096773162601501
in-context-recall V16,in-context-recall,d128,cdrm,0,.runtime/cdrm-naive/20260907T123830Z/ops-tiny-fit-v2/report.json,OPS,8bdc2fe4e9c1f5e88c4a04274177862f43f8f482bb8e446019959c2207708912,12,128,16,127,7907a394745e4910c1206fb8276d0b40e06b4ecb9e50aeeaf1692487037f8df3,184,184,61.27655953996873,5.633563722882952,0.19252232142857142,0.0,1792,32,6.097122312530758
in-context-recall V16,in-context-recall,d128,cdrm,0,.runtime/cdrm-naive/20260907T123830Z/ops-tiny-fit-v2/report.json,OPS,8bdc2fe4e9c1f5e88c4a04274177862f43f8f482bb8e446019959c2207708912,12,128,16,127,7907a394745e4910c1206fb8276d0b40e06b4ecb9e50aeeaf1692487037f8df3,185,185,61.60997799996403,5.633926664079938,0.19252232142857142,0.0,1792,32,6.097439022514764
in-context-recall V16,in-context-recall,d128,cdrm,0,.runtime/cdrm-naive/20260907T123830Z/ops-tiny-fit-v2/report.json,OPS,8bdc2fe4e9c1f5e88c4a04274177862f43f8f482bb8e446019959c2207708912,12,128,16,127,7907a394745e4910c1206fb8276d0b40e06b4ecb9e50aeeaf1692487037f8df3,186,186,61.943468353973,5.634253093174526,0.19196428571428573,0.0,1792,32,6.0977242537370815
in-context-recall V16,in-context-recall,d128,cdrm,0,.runtime/cdrm-naive/20260907T123830Z/ops-tiny-fit-v2/report.json,OPS,8bdc2fe4e9c1f5e88c4a04274177862f43f8f482bb8e446019959c2207708912,12,128,16,127,7907a394745e4910c1206fb8276d0b40e06b4ecb9e50aeeaf1692487037f8df3,187,187,62.264789356981055,5.634545734950474,0.19196428571428573,0.0,1792,32,6.097978727085384
in-context-recall V16,in-context-recall,d128,cdrm,0,.runtime/cdrm-naive/20260907T123830Z/ops-tiny-fit-v2/report.json,OPS,8bdc2fe4e9c1f5e88c4a04274177862f43f8f482bb8e446019959c2207708912,12,128,16,127,7907a394745e4910c1206fb8276d0b40e06b4ecb9e50aeeaf1692487037f8df3,188,188,62.598603517981246,5.634805406842913,0.19196428571428573,0.0,1792,32,6.0982050858144685
in-context-recall V16,in-context-recall,d128,cdrm,0,.runtime/cdrm-naive/20260907T123830Z/ops-tiny-fit-v2/report.json,OPS,8bdc2fe4e9c1f5e88c4a04274177862f43f8f482bb8e446019959c2207708912,12,128,16,127,7907a394745e4910c1206fb8276d0b40e06b4ecb9e50aeeaf1692487037f8df3,189,189,62.926318945974344,5.635035378592355,0.19196428571428573,0.0,1792,32,6.098405011995571
in-context-recall V16,in-context-recall,d128,cdrm,0,.runtime/cdrm-naive/20260907T123830Z/ops-tiny-fit-v2/report.json,OPS,8bdc2fe4e9c1f5e88c4a04274177862f43f8f482bb8e446019959c2207708912,12,128,16,127,7907a394745e4910c1206fb8276d0b40e06b4ecb9e50aeeaf1692487037f8df3,190,190,63.24970194498019,5.635236740112305,0.19196428571428573,0.0,1792,32,6.098579947404035
in-context-recall V16,in-context-recall,d128,cdrm,0,.runtime/cdrm-naive/20260907T123830Z/ops-tiny-fit-v2/report.json,OPS,8bdc2fe4e9c1f5e88c4a04274177862f43f8f482bb8e446019959c2207708912,12,128,16,127,7907a394745e4910c1206fb8276d0b40e06b4ecb9e50aeeaf1692487037f8df3,191,191,63.57973692797532,5.635412216186523,0.19196428571428573,0.0,1792,32,6.0987322949987695
in-context-recall V16,in-context-recall,d128,cdrm,0,.runtime/cdrm-naive/20260907T123830Z/ops-tiny-fit-v2/report.json,OPS,8bdc2fe4e9c1f5e88c4a04274177862f43f8f482bb8e446019959c2207708912,12,128,16,127,7907a394745e4910c1206fb8276d0b40e06b4ecb9e50aeeaf1692487037f8df3,192,192,63.90277070997399,5.6355631692068915,0.19196428571428573,0.0,1792,32,6.0988634965551185
in-context-recall V16,in-context-recall,d128,cdrm,0,.runtime/cdrm-naive/20260907T123830Z/ops-tiny-fit-v2/report.json,OPS,8bdc2fe4e9c1f5e88c4a04274177862f43f8f482bb8e446019959c2207708912,12,128,16,127,7907a394745e4910c1206fb8276d0b40e06b4ecb9e50aeeaf1692487037f8df3,193,193,64.23499947397795,5.6356931413922995,0.19196428571428573,0.0,1792,32,6.0989764356237695
in-context-recall V16,in-context-recall,d128,cdrm,0,.runtime/cdrm-naive/20260907T123830Z/ops-tiny-fit-v2/report.json,OPS,8bdc2fe4e9c1f5e88c4a04274177862f43f8f482bb8e446019959c2207708912,12,128,16,127,7907a394745e4910c1206fb8276d0b40e06b4ecb9e50aeeaf1692487037f8df3,194,194,64.57516242197016,5.635803767613003,0.19196428571428573,0.0,1792,32,6.099072073388287
in-context-recall V16,in-context-recall,d128,cdrm,0,.runtime/cdrm-naive/20260907T123830Z/ops-tiny-fit-v2/report.json,OPS,8bdc2fe4e9c1f5e88c4a04274177862f43f8f482bb8e446019959c2207708912,12,128,16,127,7907a394745e4910c1206fb8276d0b40e06b4ecb9e50aeeaf1692487037f8df3,195,195,64.90421434097516,5.635897772652762,0.19196428571428573,0.0,1792,32,6.099153533695251
in-context-recall V16,in-context-recall,d128,cdrm,0,.runtime/cdrm-naive/20260907T123830Z/ops-tiny-fit-v2/report.json,OPS,8bdc2fe4e9c1f5e88c4a04274177862f43f8f482bb8e446019959c2207708912,12,128,16,127,7907a394745e4910c1206fb8276d0b40e06b4ecb9e50aeeaf1692487037f8df3,196,196,65.23610242997529,5.635976791381836,0.19196428571428573,0.0,1792,32,6.099222498615895
in-context-recall V16,in-context-recall,d128,cdrm,0,.runtime/cdrm-naive/20260907T123830Z/ops-tiny-fit-v2/report.json,OPS,8bdc2fe4e9c1f5e88c4a04274177862f43f8f482bb8e446019959c2207708912,12,128,16,127,7907a394745e4910c1206fb8276d0b40e06b4ecb9e50aeeaf1692487037f8df3,197,197,65.5657619379781,5.636044638497489,0.19196428571428573,0.0,1792,32,6.099281371109129
in-context-recall V16,in-context-recall,d128,cdrm,0,.runtime/cdrm-naive/20260907T123830Z/ops-tiny-fit-v2/report.json,OPS,8bdc2fe4e9c1f5e88c4a04274177862f43f8f482bb8e446019959c2207708912,12,128,16,127,7907a394745e4910c1206fb8276d0b40e06b4ecb9e50aeeaf1692487037f8df3,198,198,65.89400962597574,5.636102948869977,0.19196428571428573,0.0,1792,32,6.099331592950295
in-context-recall V16,in-context-recall,d128,cdrm,0,.runtime/cdrm-naive/20260907T123830Z/ops-tiny-fit-v2/report.json,OPS,8bdc2fe4e9c1f5e88c4a04274177862f43f8f482bb8e446019959c2207708912,12,128,16,127,7907a394745e4910c1206fb8276d0b40e06b4ecb9e50aeeaf1692487037f8df3,199,199,66.21897854098643,5.636154992239816,0.19196428571428573,0.0,1792,32,6.099377008873646
in-context-recall V16,in-context-recall,d128,cdrm,0,.runtime/cdrm-naive/20260907T123830Z/ops-tiny-fit-v2/report.json,OPS,8bdc2fe4e9c1f5e88c4a04274177862f43f8f482bb8e446019959c2207708912,12,128,16,127,7907a394745e4910c1206fb8276d0b40e06b4ecb9e50aeeaf1692487037f8df3,200,200,66.54808297798445,5.636202948434012,0.19196428571428573,0.0,1792,32,6.099418580062746
copy-v16-t256-k96,selective-copying,d128_6,cdrm,0,.runtime/cdrm-naive/20260907T123830Z/ops6-copy-fresh/report.json,OPS,d94171058e5974ccb10f09e69491fbccae5efbdc31fe5e9c8ff9d118162986f0,6,128,16,256,81dcf5f92295e44096f4524a531391aa8b5375c794afd51788c0d0aae8c2f053,0,0,0.0,3.1038691202799478,0.07454427083333333,0.0,3072,32,3.1038691202799478
copy-v16-t256-k96,selective-copying,d128_6,cdrm,0,.runtime/cdrm-naive/20260907T123830Z/ops6-copy-fresh/report.json,OPS,d94171058e5974ccb10f09e69491fbccae5efbdc31fe5e9c8ff9d118162986f0,6,128,16,256,81dcf5f92295e44096f4524a531391aa8b5375c794afd51788c0d0aae8c2f053,1,4,3.719105030031642,2.8156166076660156,0.07584635416666667,0.0,3072,32,2.8156166076660156
copy-v16-t256-k96,selective-copying,d128_6,cdrm,0,.runtime/cdrm-naive/20260907T123830Z/ops6-copy-fresh/report.json,OPS,d94171058e5974ccb10f09e69491fbccae5efbdc31fe5e9c8ff9d118162986f0,6,128,16,256,81dcf5f92295e44096f4524a531391aa8b5375c794afd51788c0d0aae8c2f053,2,8,7.214753845037194,2.69526735941569,0.0751953125,0.0,3072,32,2.69526735941569
copy-v16-t256-k96,selective-copying,d128_6,cdrm,0,.runtime/cdrm-naive/20260907T123830Z/ops6-copy-resume/report.json,OPS,d94171058e5974ccb10f09e69491fbccae5efbdc31fe5e9c8ff9d118162986f0,6,128,16,256,81dcf5f92295e44096f4524a531391aa8b5375c794afd51788c0d0aae8c2f053,0,0,0.0,3.1038691202799478,0.07454427083333333,0.0,3072,32,3.1038691202799478
copy-v16-t256-k96,selective-copying,d128_6,cdrm,0,.runtime/cdrm-naive/20260907T123830Z/ops6-copy-resume/report.json,OPS,d94171058e5974ccb10f09e69491fbccae5efbdc31fe5e9c8ff9d118162986f0,6,128,16,256,81dcf5f92295e44096f4524a531391aa8b5375c794afd51788c0d0aae8c2f053,1,4,3.719105030031642,2.8156166076660156,0.07584635416666667,0.0,3072,32,2.8156166076660156
copy-v16-t256-k96,selective-copying,d128_6,cdrm,0,.runtime/cdrm-naive/20260907T123830Z/ops6-copy-resume/report.json,OPS,d94171058e5974ccb10f09e69491fbccae5efbdc31fe5e9c8ff9d118162986f0,6,128,16,256,81dcf5f92295e44096f4524a531391aa8b5375c794afd51788c0d0aae8c2f053,2,8,8.665414804025204,2.69526735941569,0.0751953125,0.0,3072,32,2.69526735941569
in-context-recall V16,in-context-recall,d128_6,cdrm,0,.runtime/cdrm-naive/20260907T123830Z/ops6-tiny-recall/report.json,OPS,9e84c58a9fd74ecbc6957d98aa094e3e592992fb6f79eee2b5a086340c6b1b10,6,128,16,127,7907a394745e4910c1206fb8276d0b40e06b4ecb9e50aeeaf1692487037f8df3,0,0,0.0,3.044294902256557,0.03627232142857143,0.0,1792,32,3.20186092346672
in-context-recall V16,in-context-recall,d128_6,cdrm,0,.runtime/cdrm-naive/20260907T123830Z/ops6-tiny-recall/report.json,OPS,9e84c58a9fd74ecbc6957d98aa094e3e592992fb6f79eee2b5a086340c6b1b10,6,128,16,127,7907a394745e4910c1206fb8276d0b40e06b4ecb9e50aeeaf1692487037f8df3,1,1,0.5342179509898415,3.2705768857683455,0.11941964285714286,0.0,1792,32,3.4084418589674583
in-context-recall V16,in-context-recall,d128_6,cdrm,0,.runtime/cdrm-naive/20260907T123830Z/ops6-tiny-recall/report.json,OPS,9e84c58a9fd74ecbc6957d98aa094e3e592992fb6f79eee2b5a086340c6b1b10,6,128,16,127,7907a394745e4910c1206fb8276d0b40e06b4ecb9e50aeeaf1692487037f8df3,2,2,0.8668955439934507,3.035247938973563,0.05915178571428571,0.0,1792,32,3.0577209953248032
in-context-recall V16,in-context-recall,d128_6,cdrm,0,.runtime/cdrm-naive/20260907T123830Z/ops6-tiny-recall/report.json,OPS,9e84c58a9fd74ecbc6957d98aa094e3e592992fb6f79eee2b5a086340c6b1b10,6,128,16,127,7907a394745e4910c1206fb8276d0b40e06b4ecb9e50aeeaf1692487037f8df3,3,3,1.1809250639926177,2.804894038609096,0.05859375,0.0,1792,32,2.874184315598856
in-context-recall V16,in-context-recall,d128_6,cdrm,0,.runtime/cdrm-naive/20260907T123830Z/ops6-tiny-recall/report.json,OPS,9e84c58a9fd74ecbc6957d98aa094e3e592992fb6f79eee2b5a086340c6b1b10,6,128,16,127,7907a394745e4910c1206fb8276d0b40e06b4ecb9e50aeeaf1692487037f8df3,4,4,1.499557607996394,2.5995309012276784,0.15904017857142858,0.0,1792,32,2.763421967273622
in-context-recall V16,in-context-recall,d128_6,cdrm,0,.runtime/cdrm-naive/20260907T123830Z/ops6-tiny-recall/report.json,OPS,9e84c58a9fd74ecbc6957d98aa094e3e592992fb6f79eee2b5a086340c6b1b10,6,128,16,127,7907a394745e4910c1206fb8276d0b40e06b4ecb9e50aeeaf1692487037f8df3,5,5,1.8088719100051094,2.5066299438476562,0.16462053571428573,0.0,1792,32,2.704109251968504
in-context-recall V16,in-context-recall,d128_6,cdrm,0,.runtime/cdrm-naive/20260907T123830Z/ops6-tiny-recall/report.json,OPS,9e84c58a9fd74ecbc6957d98aa094e3e592992fb6f79eee2b5a086340c6b1b10,6,128,16,127,7907a394745e4910c1206fb8276d0b40e06b4ecb9e50aeeaf1692487037f8df3,6,6,2.1364647340087686,2.5022170203072682,0.14174107142857142,0.0,1792,32,2.6627162422720843
in-context-recall V16,in-context-recall,d128_6,cdrm,0,.runtime/cdrm-naive/20260907T123830Z/ops6-tiny-recall/report.json,OPS,9e84c58a9fd74ecbc6957d98aa094e3e592992fb6f79eee2b5a086340c6b1b10,6,128,16,127,7907a394745e4910c1206fb8276d0b40e06b4ecb9e50aeeaf1692487037f8df3,7,7,2.4537474800017662,2.509411948067801,0.15066964285714285,0.0,1792,32,2.6070758489173227
in-context-recall V16,in-context-recall,d128_6,cdrm,0,.runtime/cdrm-naive/20260907T123830Z/ops6-tiny-recall/report.json,OPS,9e84c58a9fd74ecbc6957d98aa094e3e592992fb6f79eee2b5a086340c6b1b10,6,128,16,127,7907a394745e4910c1206fb8276d0b40e06b4ecb9e50aeeaf1692487037f8df3,8,8,2.770875235000858,2.4631865365164622,0.19698660714285715,0.0,1792,32,2.519789808378445
in-context-recall V16,in-context-recall,d128_6,cdrm,0,.runtime/cdrm-naive/20260907T123830Z/ops6-tiny-recall/report.json,OPS,9e84c58a9fd74ecbc6957d98aa094e3e592992fb6f79eee2b5a086340c6b1b10,6,128,16,127,7907a394745e4910c1206fb8276d0b40e06b4ecb9e50aeeaf1692487037f8df3,9,9,3.084548705010093,2.456407002040318,0.21484375,0.0,1792,32,2.4738282932071236
in-context-recall V16,in-context-recall,d128_6,cdrm,0,.runtime/cdrm-naive/20260907T123830Z/ops6-tiny-recall/report.json,OPS,9e84c58a9fd74ecbc6957d98aa094e3e592992fb6f79eee2b5a086340c6b1b10,6,128,16,127,7907a394745e4910c1206fb8276d0b40e06b4ecb9e50aeeaf1692487037f8df3,10,10,3.4088459820050048,2.455968039376395,0.22377232142857142,0.0,1792,32,2.4379826342965676
in-context-recall V16,in-context-recall,d128_6,cdrm,0,.runtime/cdrm-naive/20260907T123830Z/ops6-tiny-recall/report.json,OPS,9e84c58a9fd74ecbc6957d98aa094e3e592992fb6f79eee2b5a086340c6b1b10,6,128,16,127,7907a394745e4910c1206fb8276d0b40e06b4ecb9e50aeeaf1692487037f8df3,11,11,3.7266878840018762,2.3926218577793668,0.22321428571428573,0.0,1792,32,2.3724370040292815
in-context-recall V16,in-context-recall,d128_6,cdrm,0,.runtime/cdrm-naive/20260907T123830Z/ops6-tiny-recall/report.json,OPS,9e84c58a9fd74ecbc6957d98aa094e3e592992fb6f79eee2b5a086340c6b1b10,6,128,16,127,7907a394745e4910c1206fb8276d0b40e06b4ecb9e50aeeaf1692487037f8df3,12,12,4.044870099998661,2.3096190861293246,0.234375,0.0,1792,32,2.300316998339075
in-context-recall V16,in-context-recall,d128_6,cdrm,0,.runtime/cdrm-naive/20260907T123830Z/ops6-tiny-recall/report.json,OPS,9e84c58a9fd74ecbc6957d98aa094e3e592992fb6f79eee2b5a086340c6b1b10,6,128,16,127,7907a394745e4910c1206fb8276d0b40e06b4ecb9e50aeeaf1692487037f8df3,13,13,4.364008347009076,2.295388494219099,0.24609375,0.0,1792,32,2.2913970947265625
in-context-recall V16,in-context-recall,d128_6,cdrm,0,.runtime/cdrm-naive/20260907T123830Z/ops6-tiny-recall/report.json,OPS,9e84c58a9fd74ecbc6957d98aa094e3e592992fb6f79eee2b5a086340c6b1b10,6,128,16,127,7907a394745e4910c1206fb8276d0b40e06b4ecb9e50aeeaf1692487037f8df3,14,14,4.677634329011198,2.4159257071358815,0.24720982142857142,0.0,1792,32,2.3570979561392718
in-context-recall V16,in-context-recall,d128_6,cdrm,0,.runtime/cdrm-naive/20260907T123830Z/ops6-tiny-recall/report.json,OPS,9e84c58a9fd74ecbc6957d98aa094e3e592992fb6f79eee2b5a086340c6b1b10,6,128,16,127,7907a394745e4910c1206fb8276d0b40e06b4ecb9e50aeeaf1692487037f8df3,15,15,4.997344613017049,2.5851958138602122,0.23381696428571427,0.0,1792,32,2.4371917003721704
in-context-recall V16,in-context-recall,d128_6,cdrm,0,.runtime/cdrm-naive/20260907T123830Z/ops6-tiny-recall/report.json,OPS,9e84c58a9fd74ecbc6957d98aa094e3e592992fb6f79eee2b5a086340c6b1b10,6,128,16,127,7907a394745e4910c1206fb8276d0b40e06b4ecb9e50aeeaf1692487037f8df3,16,16,5.316807594019338,2.626746586390904,0.22265625,0.0,1792,32,2.4534785954032357
in-context-recall V16,in-context-recall,d128_6,cdrm,0,.runtime/cdrm-naive/20260907T123830Z/ops6-tiny-recall/report.json,OPS,9e84c58a9fd74ecbc6957d98aa094e3e592992fb6f79eee2b5a086340c6b1b10,6,128,16,127,7907a394745e4910c1206fb8276d0b40e06b4ecb9e50aeeaf1692487037f8df3,17,17,5.63129713901435,2.628319331577846,0.22991071428571427,0.0,1792,32,2.452932042399729
in-context-recall V16,in-context-recall,d128_6,cdrm,0,.runtime/cdrm-naive/20260907T123830Z/ops6-tiny-recall/report.json,OPS,9e84c58a9fd74ecbc6957d98aa094e3e592992fb6f79eee2b5a086340c6b1b10,6,128,16,127,7907a394745e4910c1206fb8276d0b40e06b4ecb9e50aeeaf1692487037f8df3,18,18,5.959130036004353,2.732499531337193,0.22767857142857142,0.0,1792,32,2.507060494009904
in-context-recall V16,in-context-recall,d128_6,cdrm,0,.runtime/cdrm-naive/20260907T123830Z/ops6-tiny-recall/report.json,OPS,9e84c58a9fd74ecbc6957d98aa094e3e592992fb6f79eee2b5a086340c6b1b10,6,128,16,127,7907a394745e4910c1206fb8276d0b40e06b4ecb9e50aeeaf1692487037f8df3,19,19,6.282082225006889,2.8662283761160716,0.21875,0.0,1792,32,2.576238436961737
in-context-recall V16,in-context-recall,d128_6,cdrm,0,.runtime/cdrm-naive/20260907T123830Z/ops6-tiny-recall/report.json,OPS,9e84c58a9fd74ecbc6957d98aa094e3e592992fb6f79eee2b5a086340c6b1b10,6,128,16,127,7907a394745e4910c1206fb8276d0b40e06b4ecb9e50aeeaf1692487037f8df3,20,20,6.592306637001457,3.0170627321515764,0.21651785714285715,0.0,1792,32,2.6593308336152806
in-context-recall V16,in-context-recall,d128_6,cdrm,0,.runtime/cdrm-naive/20260907T123830Z/ops6-tiny-recall/report.json,OPS,9e84c58a9fd74ecbc6957d98aa094e3e592992fb6f79eee2b5a086340c6b1b10,6,128,16,127,7907a394745e4910c1206fb8276d0b40e06b4ecb9e50aeeaf1692487037f8df3,21,21,6.9126724079978885,3.176931517464774,0.20926339285714285,0.0,1792,32,2.751947237750677
in-context-recall V16,in-context-recall,d128_6,cdrm,0,.runtime/cdrm-naive/20260907T123830Z/ops6-tiny-recall/report.json,OPS,9e84c58a9fd74ecbc6957d98aa094e3e592992fb6f79eee2b5a086340c6b1b10,6,128,16,127,7907a394745e4910c1206fb8276d0b40e06b4ecb9e50aeeaf1692487037f8df3,22,22,7.224750954992487,3.358719825744629,0.20089285714285715,0.0,1792,32,2.8607142891470843
in-context-recall V16,in-context-recall,d128_6,cdrm,0,.runtime/cdrm-naive/20260907T123830Z/ops6-tiny-recall/report.json,OPS,9e84c58a9fd74ecbc6957d98aa094e3e592992fb6f79eee2b5a086340c6b1b10,6,128,16,127,7907a394745e4910c1206fb8276d0b40e06b4ecb9e50aeeaf1692487037f8df3,23,23,7.542525360986474,3.520557267325265,0.19196428571428573,0.0,1792,32,2.9562209722563977
in-context-recall V16,in-context-recall,d128_6,cdrm,0,.runtime/cdrm-naive/20260907T123830Z/ops6-tiny-recall/report.json,OPS,9e84c58a9fd74ecbc6957d98aa094e3e592992fb6f79eee2b5a086340c6b1b10,6,128,16,127,7907a394745e4910c1206fb8276d0b40e06b4ecb9e50aeeaf1692487037f8df3,24,24,7.868729971989524,3.6812531607491628,0.18415178571428573,0.0,1792,32,3.0449958861343505
in-context-recall V16,in-context-recall,d128_6,cdrm,0,.runtime/cdrm-naive/20260907T123830Z/ops6-tiny-recall/report.json,OPS,9e84c58a9fd74ecbc6957d98aa094e3e592992fb6f79eee2b5a086340c6b1b10,6,128,16,127,7907a394745e4910c1206fb8276d0b40e06b4ecb9e50aeeaf1692487037f8df3,25,25,8.18008608398668,3.8824593680245534,0.18973214285714285,0.0,1792,32,3.1607478584830218
in-context-recall V16,in-context-recall,d128_6,cdrm,0,.runtime/cdrm-naive/20260907T123830Z/ops6-tiny-recall/report.json,OPS,9e84c58a9fd74ecbc6957d98aa094e3e592992fb6f79eee2b5a086340c6b1b10,6,128,16,127,7907a394745e4910c1206fb8276d0b40e06b4ecb9e50aeeaf1692487037f8df3,26,26,8.496638288983377,4.033414159502302,0.18303571428571427,0.0,1792,32,3.2645521989957555
in-context-recall V16,in-context-recall,d128_6,cdrm,0,.runtime/cdrm-naive/20260907T123830Z/ops6-tiny-recall/report.json,OPS,9e84c58a9fd74ecbc6957d98aa094e3e592992fb6f79eee2b5a086340c6b1b10,6,128,16,127,7907a394745e4910c1206fb8276d0b40e06b4ecb9e50aeeaf1692487037f8df3,27,27,8.814319364973926,4.193200247628348,0.18024553571428573,0.0,1792,32,3.3706982229638287
in-context-recall V16,in-context-recall,d128_6,cdrm,0,.runtime/cdrm-naive/20260907T123830Z/ops6-tiny-recall/report.json,OPS,9e84c58a9fd74ecbc6957d98aa094e3e592992fb6f79eee2b5a086340c6b1b10,6,128,16,127,7907a394745e4910c1206fb8276d0b40e06b4ecb9e50aeeaf1692487037f8df3,28,28,9.12967822997598,4.332192284720285,0.17522321428571427,0.0,1792,32,3.47677287905235
in-context-recall V16,in-context-recall,d128_6,cdrm,0,.runtime/cdrm-naive/20260907T123830Z/ops6-tiny-recall/report.json,OPS,9e84c58a9fd74ecbc6957d98aa094e3e592992fb6f79eee2b5a086340c6b1b10,6,128,16,127,7907a394745e4910c1206fb8276d0b40e06b4ecb9e50aeeaf1692487037f8df3,29,29,9.455712030976429,4.453743253435407,0.17689732142857142,0.0,1792,32,3.571689635749877
in-context-recall V16,in-context-recall,d128_6,cdrm,0,.runtime/cdrm-naive/20260907T123830Z/ops6-tiny-recall/report.json,OPS,9e84c58a9fd74ecbc6957d98aa094e3e592992fb6f79eee2b5a086340c6b1b10,6,128,16,127,7907a394745e4910c1206fb8276d0b40e06b4ecb9e50aeeaf1692487037f8df3,30,30,9.785729227980482,4.60692514692034,0.16908482142857142,0.0,1792,32,3.6475163257028176
in-context-recall V16,in-context-recall,d128_6,cdrm,0,.runtime/cdrm-naive/20260907T123830Z/ops6-tiny-recall/report.json,OPS,9e84c58a9fd74ecbc6957d98aa094e3e592992fb6f79eee2b5a086340c6b1b10,6,128,16,127,7907a394745e4910c1206fb8276d0b40e06b4ecb9e50aeeaf1692487037f8df3,31,31,10.103606319971732,4.737536021641323,0.16294642857142858,0.0,1792,32,3.716741967388964
in-context-recall V16,in-context-recall,d128_6,cdrm,0,.runtime/cdrm-naive/20260907T123830Z/ops6-tiny-recall/report.json,OPS,9e84c58a9fd74ecbc6957d98aa094e3e592992fb6f79eee2b5a086340c6b1b10,6,128,16,127,7907a394745e4910c1206fb8276d0b40e06b4ecb9e50aeeaf1692487037f8df3,32,32,10.425653013968258,4.8132444109235495,0.16517857142857142,0.0,1792,32,3.7831374040738805
in-context-recall V16,in-context-recall,d128_6,cdrm,0,.runtime/cdrm-naive/20260907T123830Z/ops6-tiny-recall/report.json,OPS,9e84c58a9fd74ecbc6957d98aa094e3e592992fb6f79eee2b5a086340c6b1b10,6,128,16,127,7907a394745e4910c1206fb8276d0b40e06b4ecb9e50aeeaf1692487037f8df3,33,33,10.74739076696278,4.918451036725726,0.16127232142857142,0.0,1792,32,3.86468013252799
in-context-recall V16,in-context-recall,d128_6,cdrm,0,.runtime/cdrm-naive/20260907T123830Z/ops6-tiny-recall/report.json,OPS,9e84c58a9fd74ecbc6957d98aa094e3e592992fb6f79eee2b5a086340c6b1b10,6,128,16,127,7907a394745e4910c1206fb8276d0b40e06b4ecb9e50aeeaf1692487037f8df3,34,34,11.066170026970212,4.998988015311105,0.16127232142857142,0.0,1792,32,3.9424022764671505
in-context-recall V16,in-context-recall,d128_6,cdrm,0,.runtime/cdrm-naive/20260907T123830Z/ops6-tiny-recall/report.json,OPS,9e84c58a9fd74ecbc6957d98aa094e3e592992fb6f79eee2b5a086340c6b1b10,6,128,16,127,7907a394745e4910c1206fb8276d0b40e06b4ecb9e50aeeaf1692487037f8df3,35,35,11.380552182978136,5.0061430249895364,0.16071428571428573,0.0,1792,32,3.9958402378352607
in-context-recall V16,in-context-recall,d128_6,cdrm,0,.runtime/cdrm-naive/20260907T123830Z/ops6-tiny-recall/report.json,OPS,9e84c58a9fd74ecbc6957d98aa094e3e592992fb6f79eee2b5a086340c6b1b10,6,128,16,127,7907a394745e4910c1206fb8276d0b40e06b4ecb9e50aeeaf1692487037f8df3,36,36,11.696084614974097,4.933925901140485,0.16573660714285715,0.0,1792,32,4.080099631482222
in-context-recall V16,in-context-recall,d128_6,cdrm,0,.runtime/cdrm-naive/20260907T123830Z/ops6-tiny-recall/report.json,OPS,9e84c58a9fd74ecbc6957d98aa094e3e592992fb6f79eee2b5a086340c6b1b10,6,128,16,127,7907a394745e4910c1206fb8276d0b40e06b4ecb9e50aeeaf1692487037f8df3,37,37,12.009040090968483,4.95569828578404,0.16796875,0.0,1792,32,4.122994250199926
in-context-recall V16,in-context-recall,d128_6,cdrm,0,.runtime/cdrm-naive/20260907T123830Z/ops6-tiny-recall/report.json,OPS,9e84c58a9fd74ecbc6957d98aa094e3e592992fb6f79eee2b5a086340c6b1b10,6,128,16,127,7907a394745e4910c1206fb8276d0b40e06b4ecb9e50aeeaf1692487037f8df3,38,38,12.330537504982203,5.027305330548968,0.16573660714285715,0.0,1792,32,4.1458365372785435
in-context-recall V16,in-context-recall,d128_6,cdrm,0,.runtime/cdrm-naive/20260907T123830Z/ops6-tiny-recall/report.json,OPS,9e84c58a9fd74ecbc6957d98aa094e3e592992fb6f79eee2b5a086340c6b1b10,6,128,16,127,7907a394745e4910c1206fb8276d0b40e06b4ecb9e50aeeaf1692487037f8df3,39,39,12.65359989697754,5.060967036655971,0.16629464285714285,0.0,1792,32,4.178888756459154
in-context-recall V16,in-context-recall,d128_6,cdrm,0,.runtime/cdrm-naive/20260907T123830Z/ops6-tiny-recall/report.json,OPS,9e84c58a9fd74ecbc6957d98aa094e3e592992fb6f79eee2b5a086340c6b1b10,6,128,16,127,7907a394745e4910c1206fb8276d0b40e06b4ecb9e50aeeaf1692487037f8df3,40,40,12.96845256598317,5.051390511648996,0.16573660714285715,0.0,1792,32,4.211260217381275
in-context-recall V16,in-context-recall,d128_6,cdrm,0,.runtime/cdrm-naive/20260907T123830Z/ops6-tiny-recall/report.json,OPS,9e84c58a9fd74ecbc6957d98aa094e3e592992fb6f79eee2b5a086340c6b1b10,6,128,16,127,7907a394745e4910c1206fb8276d0b40e06b4ecb9e50aeeaf1692487037f8df3,41,41,13.284132123983,5.025007792881557,0.16685267857142858,0.0,1792,32,4.249480960875984
in-context-recall V16,in-context-recall,d128_6,cdrm,0,.runtime/cdrm-naive/20260907T123830Z/ops6-tiny-recall/report.json,OPS,9e84c58a9fd74ecbc6957d98aa094e3e592992fb6f79eee2b5a086340c6b1b10,6,128,16,127,7907a394745e4910c1206fb8276d0b40e06b4ecb9e50aeeaf1692487037f8df3,42,42,13.600811535972753,5.062668936593192,0.16462053571428573,0.0,1792,32,4.285540963721088
in-context-recall V16,in-context-recall,d128_6,cdrm,0,.runtime/cdrm-naive/20260907T123830Z/ops6-tiny-recall/report.json,OPS,9e84c58a9fd74ecbc6957d98aa094e3e592992fb6f79eee2b5a086340c6b1b10,6,128,16,127,7907a394745e4910c1206fb8276d0b40e06b4ecb9e50aeeaf1692487037f8df3,43,43,13.911413651978364,5.100309099469866,0.16294642857142858,0.0,1792,32,4.306283064714567
in-context-recall V16,in-context-recall,d128_6,cdrm,0,.runtime/cdrm-naive/20260907T123830Z/ops6-tiny-recall/report.json,OPS,9e84c58a9fd74ecbc6957d98aa094e3e592992fb6f79eee2b5a086340c6b1b10,6,128,16,127,7907a394745e4910c1206fb8276d0b40e06b4ecb9e50aeeaf1692487037f8df3,44,44,14.23543326096842,5.0887554713657925,0.16183035714285715,0.0,1792,32,4.3210994690422
in-context-recall V16,in-context-recall,d128_6,cdrm,0,.runtime/cdrm-naive/20260907T123830Z/ops6-tiny-recall/report.json,OPS,9e84c58a9fd74ecbc6957d98aa094e3e592992fb6f79eee2b5a086340c6b1b10,6,128,16,127,7907a394745e4910c1206fb8276d0b40e06b4ecb9e50aeeaf1692487037f8df3,45,45,14.558564091974404,5.0734759739467075,0.16294642857142858,0.0,1792,32,4.353219820758489
in-context-recall V16,in-context-recall,d128_6,cdrm,0,.runtime/cdrm-naive/20260907T123830Z/ops6-tiny-recall/report.json,OPS,9e84c58a9fd74ecbc6957d98aa094e3e592992fb6f79eee2b5a086340c6b1b10,6,128,16,127,7907a394745e4910c1206fb8276d0b40e06b4ecb9e50aeeaf1692487037f8df3,46,46,14.870156226970721,5.072672980172293,0.16238839285714285,0.0,1792,32,4.4062624953863185
in-context-recall V16,in-context-recall,d128_6,cdrm,0,.runtime/cdrm-naive/20260907T123830Z/ops6-tiny-recall/report.json,OPS,9e84c58a9fd74ecbc6957d98aa094e3e592992fb6f79eee2b5a086340c6b1b10,6,128,16,127,7907a394745e4910c1206fb8276d0b40e06b4ecb9e50aeeaf1692487037f8df3,47,47,15.187112096973578,5.031500135149274,0.16183035714285715,0.0,1792,32,4.4476239061731055
in-context-recall V16,in-context-recall,d128_6,cdrm,0,.runtime/cdrm-naive/20260907T123830Z/ops6-tiny-recall/report.json,OPS,9e84c58a9fd74ecbc6957d98aa094e3e592992fb6f79eee2b5a086340c6b1b10,6,128,16,127,7907a394745e4910c1206fb8276d0b40e06b4ecb9e50aeeaf1692487037f8df3,48,48,15.505210511983023,4.995338712419782,0.15792410714285715,0.0,1792,32,4.490458811361958
in-context-recall V16,in-context-recall,d128_6,cdrm,0,.runtime/cdrm-naive/20260907T123830Z/ops6-tiny-recall/report.json,OPS,9e84c58a9fd74ecbc6957d98aa094e3e592992fb6f79eee2b5a086340c6b1b10,6,128,16,127,7907a394745e4910c1206fb8276d0b40e06b4ecb9e50aeeaf1692487037f8df3,49,49,15.818404733989155,4.998979023524693,0.17075892857142858,0.0,1792,32,4.528897503229577
in-context-recall V16,in-context-recall,d128_6,cdrm,0,.runtime/cdrm-naive/20260907T123830Z/ops6-tiny-recall/report.json,OPS,9e84c58a9fd74ecbc6957d98aa094e3e592992fb6f79eee2b5a086340c6b1b10,6,128,16,127,7907a394745e4910c1206fb8276d0b40e06b4ecb9e50aeeaf1692487037f8df3,50,50,16.14161452598637,5.012448447091239,0.16908482142857142,0.0,1792,32,4.57267364742249
in-context-recall V16,in-context-recall,d128_6,cdrm,0,.runtime/cdrm-naive/20260907T123830Z/ops6-tiny-recall/report.json,OPS,9e84c58a9fd74ecbc6957d98aa094e3e592992fb6f79eee2b5a086340c6b1b10,6,128,16,127,7907a394745e4910c1206fb8276d0b40e06b4ecb9e50aeeaf1692487037f8df3,51,51,16.45507719098532,5.004250117710659,0.17131696428571427,0.0,1792,32,4.597699022668553
in-context-recall V16,in-context-recall,d128_6,cdrm,0,.runtime/cdrm-naive/20260907T123830Z/ops6-tiny-recall/report.json,OPS,9e84c58a9fd74ecbc6957d98aa094e3e592992fb6f79eee2b5a086340c6b1b10,6,128,16,127,7907a394745e4910c1206fb8276d0b40e06b4ecb9e50aeeaf1692487037f8df3,52,52,16.768762900988804,4.95404052734375,0.16573660714285715,0.0,1792,32,4.640001912755291
in-context-recall V16,in-context-recall,d128_6,cdrm,0,.runtime/cdrm-naive/20260907T123830Z/ops6-tiny-recall/report.json,OPS,9e84c58a9fd74ecbc6957d98aa094e3e592992fb6f79eee2b5a086340c6b1b10,6,128,16,127,7907a394745e4910c1206fb8276d0b40e06b4ecb9e50aeeaf1692487037f8df3,53,53,17.08356375299627,4.948469979422433,0.15848214285714285,0.0,1792,32,4.656670998400591
in-context-recall V16,in-context-recall,d128_6,cdrm,0,.runtime/cdrm-naive/20260907T123830Z/ops6-tiny-recall/report.json,OPS,9e84c58a9fd74ecbc6957d98aa094e3e592992fb6f79eee2b5a086340c6b1b10,6,128,16,127,7907a394745e4910c1206fb8276d0b40e06b4ecb9e50aeeaf1692487037f8df3,54,54,17.40986718199565,4.981230054582868,0.15848214285714285,0.0,1792,32,4.6660401351808565
in-context-recall V16,in-context-recall,d128_6,cdrm,0,.runtime/cdrm-naive/20260907T123830Z/ops6-tiny-recall/report.json,OPS,9e84c58a9fd74ecbc6957d98aa094e3e592992fb6f79eee2b5a086340c6b1b10,6,128,16,127,7907a394745e4910c1206fb8276d0b40e06b4ecb9e50aeeaf1692487037f8df3,55,55,17.728144333988894,5.00671740940639,0.16238839285714285,0.0,1792,32,4.67365799550935
in-context-recall V16,in-context-recall,d128_6,cdrm,0,.runtime/cdrm-naive/20260907T123830Z/ops6-tiny-recall/report.json,OPS,9e84c58a9fd74ecbc6957d98aa094e3e592992fb6f79eee2b5a086340c6b1b10,6,128,16,127,7907a394745e4910c1206fb8276d0b40e06b4ecb9e50aeeaf1692487037f8df3,56,56,18.05578925399459,5.000149318150112,0.16852678571428573,0.0,1792,32,4.709002877783588
in-context-recall V16,in-context-recall,d128_6,cdrm,0,.runtime/cdrm-naive/20260907T123830Z/ops6-tiny-recall/report.json,OPS,9e84c58a9fd74ecbc6957d98aa094e3e592992fb6f79eee2b5a086340c6b1b10,6,128,16,127,7907a394745e4910c1206fb8276d0b40e06b4ecb9e50aeeaf1692487037f8df3,57,57,18.37087668199092,4.976620810372489,0.16796875,0.0,1792,32,4.7369324691652315
in-context-recall V16,in-context-recall,d128_6,cdrm,0,.runtime/cdrm-naive/20260907T123830Z/ops6-tiny-recall/report.json,OPS,9e84c58a9fd74ecbc6957d98aa094e3e592992fb6f79eee2b5a086340c6b1b10,6,128,16,127,7907a394745e4910c1206fb8276d0b40e06b4ecb9e50aeeaf1692487037f8df3,58,58,18.69431431798148,4.948210580008371,0.16741071428571427,0.0,1792,32,4.760808749461737
in-context-recall V16,in-context-recall,d128_6,cdrm,0,.runtime/cdrm-naive/20260907T123830Z/ops6-tiny-recall/report.json,OPS,9e84c58a9fd74ecbc6957d98aa094e3e592992fb6f79eee2b5a086340c6b1b10,6,128,16,127,7907a394745e4910c1206fb8276d0b40e06b4ecb9e50aeeaf1692487037f8df3,59,59,19.013706958983676,4.959568568638393,0.15959821428571427,0.0,1792,32,4.781383844811146
in-context-recall V16,in-context-recall,d128_6,cdrm,0,.runtime/cdrm-naive/20260907T123830Z/ops6-tiny-recall/report.json,OPS,9e84c58a9fd74ecbc6957d98aa094e3e592992fb6f79eee2b5a086340c6b1b10,6,128,16,127,7907a394745e4910c1206fb8276d0b40e06b4ecb9e50aeeaf1692487037f8df3,60,60,19.330946567992214,4.965289797101702,0.15680803571428573,0.0,1792,32,4.808158333845965
in-context-recall V16,in-context-recall,d128_6,cdrm,0,.runtime/cdrm-naive/20260907T123830Z/ops6-tiny-recall/report.json,OPS,9e84c58a9fd74ecbc6957d98aa094e3e592992fb6f79eee2b5a086340c6b1b10,6,128,16,127,7907a394745e4910c1206fb8276d0b40e06b4ecb9e50aeeaf1692487037f8df3,61,61,19.646949085989036,4.94328989301409,0.16183035714285715,0.0,1792,32,4.8138893908403055
in-context-recall V16,in-context-recall,d128_6,cdrm,0,.runtime/cdrm-naive/20260907T123830Z/ops6-tiny-recall/report.json,OPS,9e84c58a9fd74ecbc6957d98aa094e3e592992fb6f79eee2b5a086340c6b1b10,6,128,16,127,7907a394745e4910c1206fb8276d0b40e06b4ecb9e50aeeaf1692487037f8df3,62,62,19.96534646199143,4.91047613961356,0.16071428571428573,0.0,1792,32,4.808647335983637
in-context-recall V16,in-context-recall,d128_6,cdrm,0,.runtime/cdrm-naive/20260907T123830Z/ops6-tiny-recall/report.json,OPS,9e84c58a9fd74ecbc6957d98aa094e3e592992fb6f79eee2b5a086340c6b1b10,6,128,16,127,7907a394745e4910c1206fb8276d0b40e06b4ecb9e50aeeaf1692487037f8df3,63,63,20.27996480598813,4.915427616664341,0.16350446428571427,0.0,1792,32,4.82957062007874
in-context-recall V16,in-context-recall,d128_6,cdrm,0,.runtime/cdrm-naive/20260907T123830Z/ops6-tiny-recall/report.json,OPS,9e84c58a9fd74ecbc6957d98aa094e3e592992fb6f79eee2b5a086340c6b1b10,6,128,16,127,7907a394745e4910c1206fb8276d0b40e06b4ecb9e50aeeaf1692487037f8df3,64,64,20.59440296298999,4.932243074689593,0.16015625,0.0,1792,32,4.887673926165723
in-context-recall V16,in-context-recall,d128_6,cdrm,0,.runtime/cdrm-naive/20260907T123830Z/ops6-tiny-recall/report.json,OPS,9e84c58a9fd74ecbc6957d98aa094e3e592992fb6f79eee2b5a086340c6b1b10,6,128,16,127,7907a394745e4910c1206fb8276d0b40e06b4ecb9e50aeeaf1692487037f8df3,65,65,20.91843161599536,4.914890289306641,0.15625,0.0,1792,32,4.9120303176519435
in-context-recall V16,in-context-recall,d128_6,cdrm,0,.runtime/cdrm-naive/20260907T123830Z/ops6-tiny-recall/report.json,OPS,9e84c58a9fd74ecbc6957d98aa094e3e592992fb6f79eee2b5a086340c6b1b10,6,128,16,127,7907a394745e4910c1206fb8276d0b40e06b4ecb9e50aeeaf1692487037f8df3,66,66,21.242895767994924,4.890466962541852,0.16015625,0.0,1792,32,4.893686850239911
in-context-recall V16,in-context-recall,d128_6,cdrm,0,.runtime/cdrm-naive/20260907T123830Z/ops6-tiny-recall/report.json,OPS,9e84c58a9fd74ecbc6957d98aa094e3e592992fb6f79eee2b5a086340c6b1b10,6,128,16,127,7907a394745e4910c1206fb8276d0b40e06b4ecb9e50aeeaf1692487037f8df3,67,67,21.558005550992675,4.893753869192941,0.15904017857142858,0.0,1792,32,4.897182674858514
in-context-recall V16,in-context-recall,d128_6,cdrm,0,.runtime/cdrm-naive/20260907T123830Z/ops6-tiny-recall/report.json,OPS,9e84c58a9fd74ecbc6957d98aa094e3e592992fb6f79eee2b5a086340c6b1b10,6,128,16,127,7907a394745e4910c1206fb8276d0b40e06b4ecb9e50aeeaf1692487037f8df3,68,68,21.874191843991866,4.921964917864118,0.15792410714285715,0.0,1792,32,4.950484148160679
in-context-recall V16,in-context-recall,d128_6,cdrm,0,.runtime/cdrm-naive/20260907T123830Z/ops6-tiny-recall/report.json,OPS,9e84c58a9fd74ecbc6957d98aa094e3e592992fb6f79eee2b5a086340c6b1b10,6,128,16,127,7907a394745e4910c1206fb8276d0b40e06b4ecb9e50aeeaf1692487037f8df3,69,69,22.184367415989982,4.90520259312221,0.16071428571428573,0.0,1792,32,4.972798024575542
in-context-recall V16,in-context-recall,d128_6,cdrm,0,.runtime/cdrm-naive/20260907T123830Z/ops6-tiny-recall/report.json,OPS,9e84c58a9fd74ecbc6957d98aa094e3e592992fb6f79eee2b5a086340c6b1b10,6,128,16,127,7907a394745e4910c1206fb8276d0b40e06b4ecb9e50aeeaf1692487037f8df3,70,70,22.501959895991604,4.880944933210101,0.16238839285714285,0.0,1792,32,4.96653687484621
in-context-recall V16,in-context-recall,d128_6,cdrm,0,.runtime/cdrm-naive/20260907T123830Z/ops6-tiny-recall/report.json,OPS,9e84c58a9fd74ecbc6957d98aa094e3e592992fb6f79eee2b5a086340c6b1b10,6,128,16,127,7907a394745e4910c1206fb8276d0b40e06b4ecb9e50aeeaf1692487037f8df3,71,71,22.81771424598992,4.903784070696149,0.16015625,0.0,1792,32,4.9992495559331935
in-context-recall V16,in-context-recall,d128_6,cdrm,0,.runtime/cdrm-naive/20260907T123830Z/ops6-tiny-recall/report.json,OPS,9e84c58a9fd74ecbc6957d98aa094e3e592992fb6f79eee2b5a086340c6b1b10,6,128,16,127,7907a394745e4910c1206fb8276d0b40e06b4ecb9e50aeeaf1692487037f8df3,72,72,23.142044907988748,4.926980699811663,0.15457589285714285,0.0,1792,32,5.065135084737943
in-context-recall V16,in-context-recall,d128_6,cdrm,0,.runtime/cdrm-naive/20260907T123830Z/ops6-tiny-recall/report.json,OPS,9e84c58a9fd74ecbc6957d98aa094e3e592992fb6f79eee2b5a086340c6b1b10,6,128,16,127,7907a394745e4910c1206fb8276d0b40e06b4ecb9e50aeeaf1692487037f8df3,73,73,23.457846899997094,4.910394396100726,0.15904017857142858,0.0,1792,32,5.056503896638165
in-context-recall V16,in-context-recall,d128_6,cdrm,0,.runtime/cdrm-naive/20260907T123830Z/ops6-tiny-recall/report.json,OPS,9e84c58a9fd74ecbc6957d98aa094e3e592992fb6f79eee2b5a086340c6b1b10,6,128,16,127,7907a394745e4910c1206fb8276d0b40e06b4ecb9e50aeeaf1692487037f8df3,74,74,23.770545393999782,4.891132354736328,0.16462053571428573,0.0,1792,32,5.031782976285679
in-context-recall V16,in-context-recall,d128_6,cdrm,0,.runtime/cdrm-naive/20260907T123830Z/ops6-tiny-recall/report.json,OPS,9e84c58a9fd74ecbc6957d98aa094e3e592992fb6f79eee2b5a086340c6b1b10,6,128,16,127,7907a394745e4910c1206fb8276d0b40e06b4ecb9e50aeeaf1692487037f8df3,75,75,24.087254219994065,4.89667102268764,0.16071428571428573,0.0,1792,32,5.060827300304503
in-context-recall V16,in-context-recall,d128_6,cdrm,0,.runtime/cdrm-naive/20260907T123830Z/ops6-tiny-recall/report.json,OPS,9e84c58a9fd74ecbc6957d98aa094e3e592992fb6f79eee2b5a086340c6b1b10,6,128,16,127,7907a394745e4910c1206fb8276d0b40e06b4ecb9e50aeeaf1692487037f8df3,76,76,24.415488626997103,4.900139127458845,0.15959821428571427,0.0,1792,32,5.081484817144439
in-context-recall V16,in-context-recall,d128_6,cdrm,0,.runtime/cdrm-naive/20260907T123830Z/ops6-tiny-recall/report.json,OPS,9e84c58a9fd74ecbc6957d98aa094e3e592992fb6f79eee2b5a086340c6b1b10,6,128,16,127,7907a394745e4910c1206fb8276d0b40e06b4ecb9e50aeeaf1692487037f8df3,77,77,24.729499768000096,4.896671840122768,0.15625,0.0,1792,32,5.101314514640748
in-context-recall V16,in-context-recall,d128_6,cdrm,0,.runtime/cdrm-naive/20260907T123830Z/ops6-tiny-recall/report.json,OPS,9e84c58a9fd74ecbc6957d98aa094e3e592992fb6f79eee2b5a086340c6b1b10,6,128,16,127,7907a394745e4910c1206fb8276d0b40e06b4ecb9e50aeeaf1692487037f8df3,78,78,25.043204806992435,4.9041227613176614,0.15457589285714285,0.0,1792,32,5.129804476039616
in-context-recall V16,in-context-recall,d128_6,cdrm,0,.runtime/cdrm-naive/20260907T123830Z/ops6-tiny-recall/report.json,OPS,9e84c58a9fd74ecbc6957d98aa094e3e592992fb6f79eee2b5a086340c6b1b10,6,128,16,127,7907a394745e4910c1206fb8276d0b40e06b4ecb9e50aeeaf1692487037f8df3,79,79,25.36150300099689,4.907055718558175,0.15569196428571427,0.0,1792,32,5.14844711183563
in-context-recall V16,in-context-recall,d128_6,cdrm,0,.runtime/cdrm-naive/20260907T123830Z/ops6-tiny-recall/report.json,OPS,9e84c58a9fd74ecbc6957d98aa094e3e592992fb6f79eee2b5a086340c6b1b10,6,128,16,127,7907a394745e4910c1206fb8276d0b40e06b4ecb9e50aeeaf1692487037f8df3,80,80,25.676447807985824,4.8876993996756415,0.16127232142857142,0.0,1792,32,5.122439166692298
in-context-recall V16,in-context-recall,d128_6,cdrm,0,.runtime/cdrm-naive/20260907T123830Z/ops6-tiny-recall/report.json,OPS,9e84c58a9fd74ecbc6957d98aa094e3e592992fb6f79eee2b5a086340c6b1b10,6,128,16,127,7907a394745e4910c1206fb8276d0b40e06b4ecb9e50aeeaf1692487037f8df3,81,81,25.999898102978477,4.878155844552176,0.16238839285714285,0.0,1792,32,5.124850535955955
in-context-recall V16,in-context-recall,d128_6,cdrm,0,.runtime/cdrm-naive/20260907T123830Z/ops6-tiny-recall/report.json,OPS,9e84c58a9fd74ecbc6957d98aa094e3e592992fb6f79eee2b5a086340c6b1b10,6,128,16,127,7907a394745e4910c1206fb8276d0b40e06b4ecb9e50aeeaf1692487037f8df3,82,82,26.32040805798897,4.892001288277762,0.15736607142857142,0.0,1792,32,5.161418284018208
in-context-recall V16,in-context-recall,d128_6,cdrm,0,.runtime/cdrm-naive/20260907T123830Z/ops6-tiny-recall/report.json,OPS,9e84c58a9fd74ecbc6957d98aa094e3e592992fb6f79eee2b5a086340c6b1b10,6,128,16,127,7907a394745e4910c1206fb8276d0b40e06b4ecb9e50aeeaf1692487037f8df3,83,83,26.637851435982157,4.908014569963727,0.15401785714285715,0.0,1792,32,5.2048964613065944
in-context-recall V16,in-context-recall,d128_6,cdrm,0,.runtime/cdrm-naive/20260907T123830Z/ops6-tiny-recall/report.json,OPS,9e84c58a9fd74ecbc6957d98aa094e3e592992fb6f79eee2b5a086340c6b1b10,6,128,16,127,7907a394745e4910c1206fb8276d0b40e06b4ecb9e50aeeaf1692487037f8df3,84,84,26.953412531976937,4.9124409811837335,0.15848214285714285,0.0,1792,32,5.212435023991142
in-context-recall V16,in-context-recall,d128_6,cdrm,0,.runtime/cdrm-naive/20260907T123830Z/ops6-tiny-recall/report.json,OPS,9e84c58a9fd74ecbc6957d98aa094e3e592992fb6f79eee2b5a086340c6b1b10,6,128,16,127,7907a394745e4910c1206fb8276d0b40e06b4ecb9e50aeeaf1692487037f8df3,85,85,27.27077812598145,4.896674019949777,0.16350446428571427,0.0,1792,32,5.199509027436024
in-context-recall V16,in-context-recall,d128_6,cdrm,0,.runtime/cdrm-naive/20260907T123830Z/ops6-tiny-recall/report.json,OPS,9e84c58a9fd74ecbc6957d98aa094e3e592992fb6f79eee2b5a086340c6b1b10,6,128,16,127,7907a394745e4910c1206fb8276d0b40e06b4ecb9e50aeeaf1692487037f8df3,86,86,27.757130838974263,4.8923653193882535,0.16183035714285715,0.0,1792,32,5.202188086321973
in-context-recall V16,in-context-recall,d128_6,cdrm,0,.runtime/cdrm-naive/20260907T123830Z/ops6-tiny-recall/report.json,OPS,9e84c58a9fd74ecbc6957d98aa094e3e592992fb6f79eee2b5a086340c6b1b10,6,128,16,127,7907a394745e4910c1206fb8276d0b40e06b4ecb9e50aeeaf1692487037f8df3,87,87,28.0670022329723,4.911396299089704,0.15904017857142858,0.0,1792,32,5.2259535902128444
in-context-recall V16,in-context-recall,d128_6,cdrm,0,.runtime/cdrm-naive/20260907T123830Z/ops6-tiny-recall/report.json,OPS,9e84c58a9fd74ecbc6957d98aa094e3e592992fb6f79eee2b5a086340c6b1b10,6,128,16,127,7907a394745e4910c1206fb8276d0b40e06b4ecb9e50aeeaf1692487037f8df3,88,88,28.390761090966407,4.9434501102992465,0.15680803571428573,0.0,1792,32,5.278969832292692
in-context-recall V16,in-context-recall,d128_6,cdrm,0,.runtime/cdrm-naive/20260907T123830Z/ops6-tiny-recall/report.json,OPS,9e84c58a9fd74ecbc6957d98aa094e3e592992fb6f79eee2b5a086340c6b1b10,6,128,16,127,7907a394745e4910c1206fb8276d0b40e06b4ecb9e50aeeaf1692487037f8df3,89,89,28.716007015973446,4.952235630580357,0.15457589285714285,0.0,1792,32,5.285979023129921
in-context-recall V16,in-context-recall,d128_6,cdrm,0,.runtime/cdrm-naive/20260907T123830Z/ops6-tiny-recall/report.json,OPS,9e84c58a9fd74ecbc6957d98aa094e3e592992fb6f79eee2b5a086340c6b1b10,6,128,16,127,7907a394745e4910c1206fb8276d0b40e06b4ecb9e50aeeaf1692487037f8df3,90,90,29.03960472997278,4.9317923954554965,0.16071428571428573,0.0,1792,32,5.263388566144808
in-context-recall V16,in-context-recall,d128_6,cdrm,0,.runtime/cdrm-naive/20260907T123830Z/ops6-tiny-recall/report.json,OPS,9e84c58a9fd74ecbc6957d98aa094e3e592992fb6f79eee2b5a086340c6b1b10,6,128,16,127,7907a394745e4910c1206fb8276d0b40e06b4ecb9e50aeeaf1692487037f8df3,91,91,29.359993352976744,4.935447420392718,0.16071428571428573,0.0,1792,32,5.275964932178888
in-context-recall V16,in-context-recall,d128_6,cdrm,0,.runtime/cdrm-naive/20260907T123830Z/ops6-tiny-recall/report.json,OPS,9e84c58a9fd74ecbc6957d98aa094e3e592992fb6f79eee2b5a086340c6b1b10,6,128,16,127,7907a394745e4910c1206fb8276d0b40e06b4ecb9e50aeeaf1692487037f8df3,92,92,29.682153504982125,4.960422515869141,0.16294642857142858,0.0,1792,32,5.308926079216905
in-context-recall V16,in-context-recall,d128_6,cdrm,0,.runtime/cdrm-naive/20260907T123830Z/ops6-tiny-recall/report.json,OPS,9e84c58a9fd74ecbc6957d98aa094e3e592992fb6f79eee2b5a086340c6b1b10,6,128,16,127,7907a394745e4910c1206fb8276d0b40e06b4ecb9e50aeeaf1692487037f8df3,93,93,30.000439864976215,4.981427873883929,0.16015625,0.0,1792,32,5.321915754183071
in-context-recall V16,in-context-recall,d128_6,cdrm,0,.runtime/cdrm-naive/20260907T123830Z/ops6-tiny-recall/report.json,OPS,9e84c58a9fd74ecbc6957d98aa094e3e592992fb6f79eee2b5a086340c6b1b10,6,128,16,127,7907a394745e4910c1206fb8276d0b40e06b4ecb9e50aeeaf1692487037f8df3,94,94,30.324028596980497,4.9857297624860495,0.16015625,0.0,1792,32,5.326748825433686
in-context-recall V16,in-context-recall,d128_6,cdrm,0,.runtime/cdrm-naive/20260907T123830Z/ops6-tiny-recall/report.json,OPS,9e84c58a9fd74ecbc6957d98aa094e3e592992fb6f79eee2b5a086340c6b1b10,6,128,16,127,7907a394745e4910c1206fb8276d0b40e06b4ecb9e50aeeaf1692487037f8df3,95,95,30.636678079987178,4.988906042916434,0.15680803571428573,0.0,1792,32,5.348880557563361
in-context-recall V16,in-context-recall,d128_6,cdrm,0,.runtime/cdrm-naive/20260907T123830Z/ops6-tiny-recall/report.json,OPS,9e84c58a9fd74ecbc6957d98aa094e3e592992fb6f79eee2b5a086340c6b1b10,6,128,16,127,7907a394745e4910c1206fb8276d0b40e06b4ecb9e50aeeaf1692487037f8df3,96,96,30.952263014987693,4.990876334054129,0.15848214285714285,0.0,1792,32,5.368329626368725
in-context-recall V16,in-context-recall,d128_6,cdrm,0,.runtime/cdrm-naive/20260907T123830Z/ops6-tiny-recall/report.json,OPS,9e84c58a9fd74ecbc6957d98aa094e3e592992fb6f79eee2b5a086340c6b1b10,6,128,16,127,7907a394745e4910c1206fb8276d0b40e06b4ecb9e50aeeaf1692487037f8df3,97,97,31.280285714979982,4.999158586774554,0.16127232142857142,0.0,1792,32,5.370266651544045
in-context-recall V16,in-context-recall,d128_6,cdrm,0,.runtime/cdrm-naive/20260907T123830Z/ops6-tiny-recall/report.json,OPS,9e84c58a9fd74ecbc6957d98aa094e3e592992fb6f79eee2b5a086340c6b1b10,6,128,16,127,7907a394745e4910c1206fb8276d0b40e06b4ecb9e50aeeaf1692487037f8df3,98,98,31.599714642972685,5.014348711286273,0.16350446428571427,0.0,1792,32,5.373855710968258
in-context-recall V16,in-context-recall,d128_6,cdrm,0,.runtime/cdrm-naive/20260907T123830Z/ops6-tiny-recall/report.json,OPS,9e84c58a9fd74ecbc6957d98aa094e3e592992fb6f79eee2b5a086340c6b1b10,6,128,16,127,7907a394745e4910c1206fb8276d0b40e06b4ecb9e50aeeaf1692487037f8df3,99,99,31.923985639965395,5.037567138671875,0.16462053571428573,0.0,1792,32,5.389428326464075
in-context-recall V16,in-context-recall,d128_6,cdrm,0,.runtime/cdrm-naive/20260907T123830Z/ops6-tiny-recall/report.json,OPS,9e84c58a9fd74ecbc6957d98aa094e3e592992fb6f79eee2b5a086340c6b1b10,6,128,16,127,7907a394745e4910c1206fb8276d0b40e06b4ecb9e50aeeaf1692487037f8df3,100,100,32.23952550395916,5.061314991542271,0.16573660714285715,0.0,1792,32,5.412875198003814
in-context-recall V16,in-context-recall,d128_6,cdrm,0,.runtime/cdrm-naive/20260907T123830Z/ops6-tiny-recall/report.json,OPS,9e84c58a9fd74ecbc6957d98aa094e3e592992fb6f79eee2b5a086340c6b1b10,6,128,16,127,7907a394745e4910c1206fb8276d0b40e06b4ecb9e50aeeaf1692487037f8df3,101,101,32.55404713496682,5.079706192016602,0.16294642857142858,0.0,1792,32,5.4352847121831935
in-context-recall V16,in-context-recall,d128_6,cdrm,0,.runtime/cdrm-naive/20260907T123830Z/ops6-tiny-recall/report.json,OPS,9e84c58a9fd74ecbc6957d98aa094e3e592992fb6f79eee2b5a086340c6b1b10,6,128,16,127,7907a394745e4910c1206fb8276d0b40e06b4ecb9e50aeeaf1692487037f8df3,102,102,32.86874683997303,5.090427126203265,0.16127232142857142,0.0,1792,32,5.447559987466167
in-context-recall V16,in-context-recall,d128_6,cdrm,0,.runtime/cdrm-naive/20260907T123830Z/ops6-tiny-recall/report.json,OPS,9e84c58a9fd74ecbc6957d98aa094e3e592992fb6f79eee2b5a086340c6b1b10,6,128,16,127,7907a394745e4910c1206fb8276d0b40e06b4ecb9e50aeeaf1692487037f8df3,103,103,33.18494091797038,5.097609656197684,0.16350446428571427,0.0,1792,32,5.45536095326341
in-context-recall V16,in-context-recall,d128_6,cdrm,0,.runtime/cdrm-naive/20260907T123830Z/ops6-tiny-recall/report.json,OPS,9e84c58a9fd74ecbc6957d98aa094e3e592992fb6f79eee2b5a086340c6b1b10,6,128,16,127,7907a394745e4910c1206fb8276d0b40e06b4ecb9e50aeeaf1692487037f8df3,104,104,33.49581451296399,5.1062308720179965,0.16350446428571427,0.0,1792,32,5.4643559493417815
in-context-recall V16,in-context-recall,d128_6,cdrm,0,.runtime/cdrm-naive/20260907T123830Z/ops6-tiny-recall/report.json,OPS,9e84c58a9fd74ecbc6957d98aa094e3e592992fb6f79eee2b5a086340c6b1b10,6,128,16,127,7907a394745e4910c1206fb8276d0b40e06b4ecb9e50aeeaf1692487037f8df3,105,105,33.81015745096374,5.118322099958148,0.1640625,0.0,1792,32,5.476518766147884
in-context-recall V16,in-context-recall,d128_6,cdrm,0,.runtime/cdrm-naive/20260907T123830Z/ops6-tiny-recall/report.json,OPS,9e84c58a9fd74ecbc6957d98aa094e3e592992fb6f79eee2b5a086340c6b1b10,6,128,16,127,7907a394745e4910c1206fb8276d0b40e06b4ecb9e50aeeaf1692487037f8df3,106,106,34.12912524596322,5.131881441388812,0.16462053571428573,0.0,1792,32,5.490720253291093
in-context-recall V16,in-context-recall,d128_6,cdrm,0,.runtime/cdrm-naive/20260907T123830Z/ops6-tiny-recall/report.json,OPS,9e84c58a9fd74ecbc6957d98aa094e3e592992fb6f79eee2b5a086340c6b1b10,6,128,16,127,7907a394745e4910c1206fb8276d0b40e06b4ecb9e50aeeaf1692487037f8df3,107,107,34.44592683594965,5.145295551845005,0.16350446428571427,0.0,1792,32,5.5047362320066435
in-context-recall V16,in-context-recall,d128_6,cdrm,0,.runtime/cdrm-naive/20260907T123830Z/ops6-tiny-recall/report.json,OPS,9e84c58a9fd74ecbc6957d98aa094e3e592992fb6f79eee2b5a086340c6b1b10,6,128,16,127,7907a394745e4910c1206fb8276d0b40e06b4ecb9e50aeeaf1692487037f8df3,108,108,34.765334233947215,5.158208574567523,0.1640625,0.0,1792,32,5.516878383366142
in-context-recall V16,in-context-recall,d128_6,cdrm,0,.runtime/cdrm-naive/20260907T123830Z/ops6-tiny-recall/report.json,OPS,9e84c58a9fd74ecbc6957d98aa094e3e592992fb6f79eee2b5a086340c6b1b10,6,128,16,127,7907a394745e4910c1206fb8276d0b40e06b4ecb9e50aeeaf1692487037f8df3,109,109,35.0870552239503,5.170534951346261,0.1640625,0.0,1792,32,5.5270380936269685
in-context-recall V16,in-context-recall,d128_6,cdrm,0,.runtime/cdrm-naive/20260907T123830Z/ops6-tiny-recall/report.json,OPS,9e84c58a9fd74ecbc6957d98aa094e3e592992fb6f79eee2b5a086340c6b1b10,6,128,16,127,7907a394745e4910c1206fb8276d0b40e06b4ecb9e50aeeaf1692487037f8df3,110,110,35.40164842295053,5.182401384626116,0.16350446428571427,0.0,1792,32,5.536257526067298
in-context-recall V16,in-context-recall,d128_6,cdrm,0,.runtime/cdrm-naive/20260907T123830Z/ops6-tiny-recall/report.json,OPS,9e84c58a9fd74ecbc6957d98aa094e3e592992fb6f79eee2b5a086340c6b1b10,6,128,16,127,7907a394745e4910c1206fb8276d0b40e06b4ecb9e50aeeaf1692487037f8df3,111,111,35.72269243795017,5.194586617606027,0.16350446428571427,0.0,1792,32,5.545797513225886
in-context-recall V16,in-context-recall,d128_6,cdrm,0,.runtime/cdrm-naive/20260907T123830Z/ops6-tiny-recall/report.json,OPS,9e84c58a9fd74ecbc6957d98aa094e3e592992fb6f79eee2b5a086340c6b1b10,6,128,16,127,7907a394745e4910c1206fb8276d0b40e06b4ecb9e50aeeaf1692487037f8df3,112,112,36.03805846294563,5.208032063075474,0.16294642857142858,0.0,1792,32,5.556403212659941
in-context-recall V16,in-context-recall,d128_6,cdrm,0,.runtime/cdrm-naive/20260907T123830Z/ops6-tiny-recall/report.json,OPS,9e84c58a9fd74ecbc6957d98aa094e3e592992fb6f79eee2b5a086340c6b1b10,6,128,16,127,7907a394745e4910c1206fb8276d0b40e06b4ecb9e50aeeaf1692487037f8df3,113,113,36.352230793942,5.22242055620466,0.16238839285714285,0.0,1792,32,5.567673810823696
in-context-recall V16,in-context-recall,d128_6,cdrm,0,.runtime/cdrm-naive/20260907T123830Z/ops6-tiny-recall/report.json,OPS,9e84c58a9fd74ecbc6957d98aa094e3e592992fb6f79eee2b5a086340c6b1b10,6,128,16,127,7907a394745e4910c1206fb8276d0b40e06b4ecb9e50aeeaf1692487037f8df3,114,114,36.68182417693606,5.236396244594029,0.16238839285714285,0.0,1792,32,5.578502745140256
in-context-recall V16,in-context-recall,d128_6,cdrm,0,.runtime/cdrm-naive/20260907T123830Z/ops6-tiny-recall/report.json,OPS,9e84c58a9fd74ecbc6957d98aa094e3e592992fb6f79eee2b5a086340c6b1b10,6,128,16,127,7907a394745e4910c1206fb8276d0b40e06b4ecb9e50aeeaf1692487037f8df3,115,115,37.001904783945065,5.249005726405552,0.16294642857142858,0.0,1792,32,5.588072528989296
in-context-recall V16,in-context-recall,d128_6,cdrm,0,.runtime/cdrm-naive/20260907T123830Z/ops6-tiny-recall/report.json,OPS,9e84c58a9fd74ecbc6957d98aa094e3e592992fb6f79eee2b5a086340c6b1b10,6,128,16,127,7907a394745e4910c1206fb8276d0b40e06b4ecb9e50aeeaf1692487037f8df3,116,116,37.316307972956565,5.260031018938337,0.16462053571428573,0.0,1792,32,5.5962399460199315
in-context-recall V16,in-context-recall,d128_6,cdrm,0,.runtime/cdrm-naive/20260907T123830Z/ops6-tiny-recall/report.json,OPS,9e84c58a9fd74ecbc6957d98aa094e3e592992fb6f79eee2b5a086340c6b1b10,6,128,16,127,7907a394745e4910c1206fb8276d0b40e06b4ecb9e50aeeaf1692487037f8df3,117,117,37.639588657955755,5.2696091788155695,0.16629464285714285,0.0,1792,32,5.603376974271038
in-context-recall V16,in-context-recall,d128_6,cdrm,0,.runtime/cdrm-naive/20260907T123830Z/ops6-tiny-recall/report.json,OPS,9e84c58a9fd74ecbc6957d98aa094e3e592992fb6f79eee2b5a086340c6b1b10,6,128,16,127,7907a394745e4910c1206fb8276d0b40e06b4ecb9e50aeeaf1692487037f8df3,118,118,37.96236791496631,5.277966635567801,0.16629464285714285,0.0,1792,32,5.610021155650221
in-context-recall V16,in-context-recall,d128_6,cdrm,0,.runtime/cdrm-naive/20260907T123830Z/ops6-tiny-recall/report.json,OPS,9e84c58a9fd74ecbc6957d98aa094e3e592992fb6f79eee2b5a086340c6b1b10,6,128,16,127,7907a394745e4910c1206fb8276d0b40e06b4ecb9e50aeeaf1692487037f8df3,119,119,38.27612715995929,5.285432270595005,0.16629464285714285,0.0,1792,32,5.616653562530758
in-context-recall V16,in-context-recall,d128_6,cdrm,0,.runtime/cdrm-naive/20260907T123830Z/ops6-tiny-recall/report.json,OPS,9e84c58a9fd74ecbc6957d98aa094e3e592992fb6f79eee2b5a086340c6b1b10,6,128,16,127,7907a394745e4910c1206fb8276d0b40e06b4ecb9e50aeeaf1692487037f8df3,120,120,38.59928065795975,5.292449951171875,0.16573660714285715,0.0,1792,32,5.62361853892409
in-context-recall V16,in-context-recall,d128_6,cdrm,0,.runtime/cdrm-naive/20260907T123830Z/ops6-tiny-recall/report.json,OPS,9e84c58a9fd74ecbc6957d98aa094e3e592992fb6f79eee2b5a086340c6b1b10,6,128,16,127,7907a394745e4910c1206fb8276d0b40e06b4ecb9e50aeeaf1692487037f8df3,121,121,38.923720911945566,5.299422945295062,0.16517857142857142,0.0,1792,32,5.631034310408465
in-context-recall V16,in-context-recall,d128_6,cdrm,0,.runtime/cdrm-naive/20260907T123830Z/ops6-tiny-recall/report.json,OPS,9e84c58a9fd74ecbc6957d98aa094e3e592992fb6f79eee2b5a086340c6b1b10,6,128,16,127,7907a394745e4910c1206fb8276d0b40e06b4ecb9e50aeeaf1692487037f8df3,122,122,39.24933607895218,5.306535175868443,0.16629464285714285,0.0,1792,32,5.638743483175443
in-context-recall V16,in-context-recall,d128_6,cdrm,0,.runtime/cdrm-naive/20260907T123830Z/ops6-tiny-recall/report.json,OPS,9e84c58a9fd74ecbc6957d98aa094e3e592992fb6f79eee2b5a086340c6b1b10,6,128,16,127,7907a394745e4910c1206fb8276d0b40e06b4ecb9e50aeeaf1692487037f8df3,123,123,39.57418366995989,5.31374386378697,0.16685267857142858,0.0,1792,32,5.646392822265625
in-context-recall V16,in-context-recall,d128_6,cdrm,0,.runtime/cdrm-naive/20260907T123830Z/ops6-tiny-recall/report.json,OPS,9e84c58a9fd74ecbc6957d98aa094e3e592992fb6f79eee2b5a086340c6b1b10,6,128,16,127,7907a394745e4910c1206fb8276d0b40e06b4ecb9e50aeeaf1692487037f8df3,124,124,39.89158565294929,5.320914132254464,0.16629464285714285,0.0,1792,32,5.653595691590797
in-context-recall V16,in-context-recall,d128_6,cdrm,0,.runtime/cdrm-naive/20260907T123830Z/ops6-tiny-recall/report.json,OPS,9e84c58a9fd74ecbc6957d98aa094e3e592992fb6f79eee2b5a086340c6b1b10,6,128,16,127,7907a394745e4910c1206fb8276d0b40e06b4ecb9e50aeeaf1692487037f8df3,125,125,40.200133921956876,5.327933720179966,0.16573660714285715,0.0,1792,32,5.660073107621801
in-context-recall V16,in-context-recall,d128_6,cdrm,0,.runtime/cdrm-naive/20260907T123830Z/ops6-tiny-recall/report.json,OPS,9e84c58a9fd74ecbc6957d98aa094e3e592992fb6f79eee2b5a086340c6b1b10,6,128,16,127,7907a394745e4910c1206fb8276d0b40e06b4ecb9e50aeeaf1692487037f8df3,126,126,40.51686385195353,5.334750039236886,0.16629464285714285,0.0,1792,32,5.665737602654405
in-context-recall V16,in-context-recall,d128_6,cdrm,0,.runtime/cdrm-naive/20260907T123830Z/ops6-tiny-recall/report.json,OPS,9e84c58a9fd74ecbc6957d98aa094e3e592992fb6f79eee2b5a086340c6b1b10,6,128,16,127,7907a394745e4910c1206fb8276d0b40e06b4ecb9e50aeeaf1692487037f8df3,127,127,40.83030196595064,5.341370173863003,0.16517857142857142,0.0,1792,32,5.670704278420276
in-context-recall V16,in-context-recall,d128_6,cdrm,0,.runtime/cdrm-naive/20260907T123830Z/ops6-tiny-recall/report.json,OPS,9e84c58a9fd74ecbc6957d98aa094e3e592992fb6f79eee2b5a086340c6b1b10,6,128,16,127,7907a394745e4910c1206fb8276d0b40e06b4ecb9e50aeeaf1692487037f8df3,128,128,41.14741724295891,5.347841807774135,0.16462053571428573,0.0,1792,32,5.675224484421137
in-context-recall V16,in-context-recall,d128_6,cdrm,0,.runtime/cdrm-naive/20260907T123830Z/ops6-tiny-recall/report.json,OPS,9e84c58a9fd74ecbc6957d98aa094e3e592992fb6f79eee2b5a086340c6b1b10,6,128,16,127,7907a394745e4910c1206fb8276d0b40e06b4ecb9e50aeeaf1692487037f8df3,129,129,41.46381803294935,5.354213169642857,0.1640625,0.0,1792,32,5.679572878860113
in-context-recall V16,in-context-recall,d128_6,cdrm,0,.runtime/cdrm-naive/20260907T123830Z/ops6-tiny-recall/report.json,OPS,9e84c58a9fd74ecbc6957d98aa094e3e592992fb6f79eee2b5a086340c6b1b10,6,128,16,127,7907a394745e4910c1206fb8276d0b40e06b4ecb9e50aeeaf1692487037f8df3,130,130,41.7768481879466,5.3605161394391745,0.16183035714285715,0.0,1792,32,5.683966208630659
in-context-recall V16,in-context-recall,d128_6,cdrm,0,.runtime/cdrm-naive/20260907T123830Z/ops6-tiny-recall/report.json,OPS,9e84c58a9fd74ecbc6957d98aa094e3e592992fb6f79eee2b5a086340c6b1b10,6,128,16,127,7907a394745e4910c1206fb8276d0b40e06b4ecb9e50aeeaf1692487037f8df3,131,131,42.11184345794027,5.366749354771206,0.16127232142857142,0.0,1792,32,5.688522939606915
in-context-recall V16,in-context-recall,d128_6,cdrm,0,.runtime/cdrm-naive/20260907T123830Z/ops6-tiny-recall/report.json,OPS,9e84c58a9fd74ecbc6957d98aa094e3e592992fb6f79eee2b5a086340c6b1b10,6,128,16,127,7907a394745e4910c1206fb8276d0b40e06b4ecb9e50aeeaf1692487037f8df3,132,132,42.429631522943964,5.37287357875279,0.16238839285714285,0.0,1792,32,5.693251001553272
in-context-recall V16,in-context-recall,d128_6,cdrm,0,.runtime/cdrm-naive/20260907T123830Z/ops6-tiny-recall/report.json,OPS,9e84c58a9fd74ecbc6957d98aa094e3e592992fb6f79eee2b5a086340c6b1b10,6,128,16,127,7907a394745e4910c1206fb8276d0b40e06b4ecb9e50aeeaf1692487037f8df3,133,133,42.74323910594103,5.378820146833148,0.16183035714285715,0.0,1792,32,5.698064368540846
in-context-recall V16,in-context-recall,d128_6,cdrm,0,.runtime/cdrm-naive/20260907T123830Z/ops6-tiny-recall/report.json,OPS,9e84c58a9fd74ecbc6957d98aa094e3e592992fb6f79eee2b5a086340c6b1b10,6,128,16,127,7907a394745e4910c1206fb8276d0b40e06b4ecb9e50aeeaf1692487037f8df3,134,134,43.062203272944316,5.384520939418247,0.16238839285714285,0.0,1792,32,5.702823909248893
in-context-recall V16,in-context-recall,d128_6,cdrm,0,.runtime/cdrm-naive/20260907T123830Z/ops6-tiny-recall/report.json,OPS,9e84c58a9fd74ecbc6957d98aa094e3e592992fb6f79eee2b5a086340c6b1b10,6,128,16,127,7907a394745e4910c1206fb8276d0b40e06b4ecb9e50aeeaf1692487037f8df3,135,135,43.39867278494057,5.389940806797573,0.16238839285714285,0.0,1792,32,5.707396499753937
in-context-recall V16,in-context-recall,d128_6,cdrm,0,.runtime/cdrm-naive/20260907T123830Z/ops6-tiny-recall/report.json,OPS,9e84c58a9fd74ecbc6957d98aa094e3e592992fb6f79eee2b5a086340c6b1b10,6,128,16,127,7907a394745e4910c1206fb8276d0b40e06b4ecb9e50aeeaf1692487037f8df3,136,136,43.71619020093931,5.395083291190011,0.16294642857142858,0.0,1792,32,5.711689385842151
in-context-recall V16,in-context-recall,d128_6,cdrm,0,.runtime/cdrm-naive/20260907T123830Z/ops6-tiny-recall/report.json,OPS,9e84c58a9fd74ecbc6957d98aa094e3e592992fb6f79eee2b5a086340c6b1b10,6,128,16,127,7907a394745e4910c1206fb8276d0b40e06b4ecb9e50aeeaf1692487037f8df3,137,137,44.109397232939955,5.39997809273856,0.16294642857142858,0.0,1792,32,5.715665321650468
in-context-recall V16,in-context-recall,d128_6,cdrm,0,.runtime/cdrm-naive/20260907T123830Z/ops6-tiny-recall/report.json,OPS,9e84c58a9fd74ecbc6957d98aa094e3e592992fb6f79eee2b5a086340c6b1b10,6,128,16,127,7907a394745e4910c1206fb8276d0b40e06b4ecb9e50aeeaf1692487037f8df3,138,138,44.431834231931134,5.4046589987618585,0.16294642857142858,0.0,1792,32,5.719337283156988
in-context-recall V16,in-context-recall,d128_6,cdrm,0,.runtime/cdrm-naive/20260907T123830Z/ops6-tiny-recall/report.json,OPS,9e84c58a9fd74ecbc6957d98aa094e3e592992fb6f79eee2b5a086340c6b1b10,6,128,16,127,7907a394745e4910c1206fb8276d0b40e06b4ecb9e50aeeaf1692487037f8df3,139,139,44.756002272930345,5.409150804792132,0.16238839285714285,0.0,1792,32,5.722756693682332
in-context-recall V16,in-context-recall,d128_6,cdrm,0,.runtime/cdrm-naive/20260907T123830Z/ops6-tiny-recall/report.json,OPS,9e84c58a9fd74ecbc6957d98aa094e3e592992fb6f79eee2b5a086340c6b1b10,6,128,16,127,7907a394745e4910c1206fb8276d0b40e06b4ecb9e50aeeaf1692487037f8df3,140,140,45.0713476849196,5.4134690420968195,0.16183035714285715,0.0,1792,32,5.72599395992249
in-context-recall V16,in-context-recall,d128_6,cdrm,0,.runtime/cdrm-naive/20260907T123830Z/ops6-tiny-recall/report.json,OPS,9e84c58a9fd74ecbc6957d98aa094e3e592992fb6f79eee2b5a086340c6b1b10,6,128,16,127,7907a394745e4910c1206fb8276d0b40e06b4ecb9e50aeeaf1692487037f8df3,141,141,45.39470856892876,5.417626789637974,0.16238839285714285,0.0,1792,32,5.72912285271592
in-context-recall V16,in-context-recall,d128_6,cdrm,0,.runtime/cdrm-naive/20260907T123830Z/ops6-tiny-recall/report.json,OPS,9e84c58a9fd74ecbc6957d98aa094e3e592992fb6f79eee2b5a086340c6b1b10,6,128,16,127,7907a394745e4910c1206fb8276d0b40e06b4ecb9e50aeeaf1692487037f8df3,142,142,45.714696728929994,5.42164421081543,0.16238839285714285,0.0,1792,32,5.7322087325449065
in-context-recall V16,in-context-recall,d128_6,cdrm,0,.runtime/cdrm-naive/20260907T123830Z/ops6-tiny-recall/report.json,OPS,9e84c58a9fd74ecbc6957d98aa094e3e592992fb6f79eee2b5a086340c6b1b10,6,128,16,127,7907a394745e4910c1206fb8276d0b40e06b4ecb9e50aeeaf1692487037f8df3,143,143,46.030840053921565,5.425548553466797,0.16294642857142858,0.0,1792,32,5.735300860067052
in-context-recall V16,in-context-recall,d128_6,cdrm,0,.runtime/cdrm-naive/20260907T123830Z/ops6-tiny-recall/report.json,OPS,9e84c58a9fd74ecbc6957d98aa094e3e592992fb6f79eee2b5a086340c6b1b10,6,128,16,127,7907a394745e4910c1206fb8276d0b40e06b4ecb9e50aeeaf1692487037f8df3,144,144,46.351395566918654,5.429366520472935,0.16350446428571427,0.0,1792,32,5.738425187238558
in-context-recall V16,in-context-recall,d128_6,cdrm,0,.runtime/cdrm-naive/20260907T123830Z/ops6-tiny-recall/report.json,OPS,9e84c58a9fd74ecbc6957d98aa094e3e592992fb6f79eee2b5a086340c6b1b10,6,128,16,127,7907a394745e4910c1206fb8276d0b40e06b4ecb9e50aeeaf1692487037f8df3,145,145,46.670396036919556,5.433109283447266,0.16350446428571427,0.0,1792,32,5.741581954355315
in-context-recall V16,in-context-recall,d128_6,cdrm,0,.runtime/cdrm-naive/20260907T123830Z/ops6-tiny-recall/report.json,OPS,9e84c58a9fd74ecbc6957d98aa094e3e592992fb6f79eee2b5a086340c6b1b10,6,128,16,127,7907a394745e4910c1206fb8276d0b40e06b4ecb9e50aeeaf1692487037f8df3,146,146,47.00022260291735,5.436767850603376,0.16350446428571427,0.0,1792,32,5.744745690052904
in-context-recall V16,in-context-recall,d128_6,cdrm,0,.runtime/cdrm-naive/20260907T123830Z/ops6-tiny-recall/report.json,OPS,9e84c58a9fd74ecbc6957d98aa094e3e592992fb6f79eee2b5a086340c6b1b10,6,128,16,127,7907a394745e4910c1206fb8276d0b40e06b4ecb9e50aeeaf1692487037f8df3,147,147,47.32363412991981,5.440312794276646,0.1640625,0.0,1792,32,5.74787338136688
in-context-recall V16,in-context-recall,d128_6,cdrm,0,.runtime/cdrm-naive/20260907T123830Z/ops6-tiny-recall/report.json,OPS,9e84c58a9fd74ecbc6957d98aa094e3e592992fb6f79eee2b5a086340c6b1b10,6,128,16,127,7907a394745e4910c1206fb8276d0b40e06b4ecb9e50aeeaf1692487037f8df3,148,148,47.63888579190825,5.443709782191685,0.1640625,0.0,1792,32,5.7509169691190944
in-context-recall V16,in-context-recall,d128_6,cdrm,0,.runtime/cdrm-naive/20260907T123830Z/ops6-tiny-recall/report.json,OPS,9e84c58a9fd74ecbc6957d98aa094e3e592992fb6f79eee2b5a086340c6b1b10,6,128,16,127,7907a394745e4910c1206fb8276d0b40e06b4ecb9e50aeeaf1692487037f8df3,149,149,47.95723769989854,5.446925299508231,0.1640625,0.0,1792,32,5.753831998569759
in-context-recall V16,in-context-recall,d128_6,cdrm,0,.runtime/cdrm-naive/20260907T123830Z/ops6-tiny-recall/report.json,OPS,9e84c58a9fd74ecbc6957d98aa094e3e592992fb6f79eee2b5a086340c6b1b10,6,128,16,127,7907a394745e4910c1206fb8276d0b40e06b4ecb9e50aeeaf1692487037f8df3,150,150,48.2895535659045,5.449941090175083,0.1640625,0.0,1792,32,5.7565848282941685
in-context-recall V16,in-context-recall,d128_6,cdrm,0,.runtime/cdrm-naive/20260907T123830Z/ops6-tiny-recall/report.json,OPS,9e84c58a9fd74ecbc6957d98aa094e3e592992fb6f79eee2b5a086340c6b1b10,6,128,16,127,7907a394745e4910c1206fb8276d0b40e06b4ecb9e50aeeaf1692487037f8df3,151,151,48.61018874689762,5.45276015145438,0.1640625,0.0,1792,32,5.759160079355315
in-context-recall V16,in-context-recall,d128_6,cdrm,0,.runtime/cdrm-naive/20260907T123830Z/ops6-tiny-recall/report.json,OPS,9e84c58a9fd74ecbc6957d98aa094e3e592992fb6f79eee2b5a086340c6b1b10,6,128,16,127,7907a394745e4910c1206fb8276d0b40e06b4ecb9e50aeeaf1692487037f8df3,152,152,48.94127478389419,5.455404009137835,0.16462053571428573,0.0,1792,32,5.761557271161418
in-context-recall V16,in-context-recall,d128_6,cdrm,0,.runtime/cdrm-naive/20260907T123830Z/ops6-tiny-recall/report.json,OPS,9e84c58a9fd74ecbc6957d98aa094e3e592992fb6f79eee2b5a086340c6b1b10,6,128,16,127,7907a394745e4910c1206fb8276d0b40e06b4ecb9e50aeeaf1692487037f8df3,153,153,49.25979341688799,5.457905360630581,0.1640625,0.0,1792,32,5.763788658802904
in-context-recall V16,in-context-recall,d128_6,cdrm,0,.runtime/cdrm-naive/20260907T123830Z/ops6-tiny-recall/report.json,OPS,9e84c58a9fd74ecbc6957d98aa094e3e592992fb6f79eee2b5a086340c6b1b10,6,128,16,127,7907a394745e4910c1206fb8276d0b40e06b4ecb9e50aeeaf1692487037f8df3,154,154,49.57757138888701,5.460304805210659,0.16350446428571427,0.0,1792,32,5.765876830093504
in-context-recall V16,in-context-recall,d128_6,cdrm,0,.runtime/cdrm-naive/20260907T123830Z/ops6-tiny-recall/report.json,OPS,9e84c58a9fd74ecbc6957d98aa094e3e592992fb6f79eee2b5a086340c6b1b10,6,128,16,127,7907a394745e4910c1206fb8276d0b40e06b4ecb9e50aeeaf1692487037f8df3,155,155,49.90078174788505,5.462634767804827,0.16350446428571427,0.0,1792,32,5.76784461314284
in-context-recall V16,in-context-recall,d128_6,cdrm,0,.runtime/cdrm-naive/20260907T123830Z/ops6-tiny-recall/report.json,OPS,9e84c58a9fd74ecbc6957d98aa094e3e592992fb6f79eee2b5a086340c6b1b10,6,128,16,127,7907a394745e4910c1206fb8276d0b40e06b4ecb9e50aeeaf1692487037f8df3,156,156,50.21631343389163,5.464922496250698,0.16350446428571427,0.0,1792,32,5.769715556948204
in-context-recall V16,in-context-recall,d128_6,cdrm,0,.runtime/cdrm-naive/20260907T123830Z/ops6-tiny-recall/report.json,OPS,9e84c58a9fd74ecbc6957d98aa094e3e592992fb6f79eee2b5a086340c6b1b10,6,128,16,127,7907a394745e4910c1206fb8276d0b40e06b4ecb9e50aeeaf1692487037f8df3,157,157,50.53792040688859,5.467180252075195,0.16350446428571427,0.0,1792,32,5.771508404589075
in-context-recall V16,in-context-recall,d128_6,cdrm,0,.runtime/cdrm-naive/20260907T123830Z/ops6-tiny-recall/report.json,OPS,9e84c58a9fd74ecbc6957d98aa094e3e592992fb6f79eee2b5a086340c6b1b10,6,128,16,127,7907a394745e4910c1206fb8276d0b40e06b4ecb9e50aeeaf1692487037f8df3,158,158,50.86373806888878,5.469408852713449,0.16350446428571427,0.0,1792,32,5.773236852931225
in-context-recall V16,in-context-recall,d128_6,cdrm,0,.runtime/cdrm-naive/20260907T123830Z/ops6-tiny-recall/report.json,OPS,9e84c58a9fd74ecbc6957d98aa094e3e592992fb6f79eee2b5a086340c6b1b10,6,128,16,127,7907a394745e4910c1206fb8276d0b40e06b4ecb9e50aeeaf1692487037f8df3,159,159,51.182676798896864,5.471601486206055,0.16350446428571427,0.0,1792,32,5.77490883173905
in-context-recall V16,in-context-recall,d128_6,cdrm,0,.runtime/cdrm-naive/20260907T123830Z/ops6-tiny-recall/report.json,OPS,9e84c58a9fd74ecbc6957d98aa094e3e592992fb6f79eee2b5a086340c6b1b10,6,128,16,127,7907a394745e4910c1206fb8276d0b40e06b4ecb9e50aeeaf1692487037f8df3,160,160,51.50376485090237,5.473744801112583,0.16350446428571427,0.0,1792,32,5.776528185746801
in-context-recall V16,in-context-recall,d128_6,cdrm,0,.runtime/cdrm-naive/20260907T123830Z/ops6-tiny-recall/report.json,OPS,9e84c58a9fd74ecbc6957d98aa094e3e592992fb6f79eee2b5a086340c6b1b10,6,128,16,127,7907a394745e4910c1206fb8276d0b40e06b4ecb9e50aeeaf1692487037f8df3,161,161,51.83244526191265,5.475824901035854,0.16350446428571427,0.0,1792,32,5.778097077617495
in-context-recall V16,in-context-recall,d128_6,cdrm,0,.runtime/cdrm-naive/20260907T123830Z/ops6-tiny-recall/report.json,OPS,9e84c58a9fd74ecbc6957d98aa094e3e592992fb6f79eee2b5a086340c6b1b10,6,128,16,127,7907a394745e4910c1206fb8276d0b40e06b4ecb9e50aeeaf1692487037f8df3,162,162,52.15659216391214,5.4778273446219305,0.16350446428571427,0.0,1792,32,5.779613825279896
in-context-recall V16,in-context-recall,d128_6,cdrm,0,.runtime/cdrm-naive/20260907T123830Z/ops6-tiny-recall/report.json,OPS,9e84c58a9fd74ecbc6957d98aa094e3e592992fb6f79eee2b5a086340c6b1b10,6,128,16,127,7907a394745e4910c1206fb8276d0b40e06b4ecb9e50aeeaf1692487037f8df3,163,163,52.48708050191635,5.479743412562779,0.16350446428571427,0.0,1792,32,5.781076986958661
in-context-recall V16,in-context-recall,d128_6,cdrm,0,.runtime/cdrm-naive/20260907T123830Z/ops6-tiny-recall/report.json,OPS,9e84c58a9fd74ecbc6957d98aa094e3e592992fb6f79eee2b5a086340c6b1b10,6,128,16,127,7907a394745e4910c1206fb8276d0b40e06b4ecb9e50aeeaf1692487037f8df3,164,164,52.815216441915254,5.481564385550363,0.16350446428571427,0.0,1792,32,5.782484640286663
in-context-recall V16,in-context-recall,d128_6,cdrm,0,.runtime/cdrm-naive/20260907T123830Z/ops6-tiny-recall/report.json,OPS,9e84c58a9fd74ecbc6957d98aa094e3e592992fb6f79eee2b5a086340c6b1b10,6,128,16,127,7907a394745e4910c1206fb8276d0b40e06b4ecb9e50aeeaf1692487037f8df3,165,165,53.13965649991587,5.483287811279297,0.16350446428571427,0.0,1792,32,5.783835103192668
in-context-recall V16,in-context-recall,d128_6,cdrm,0,.runtime/cdrm-naive/20260907T123830Z/ops6-tiny-recall/report.json,OPS,9e84c58a9fd74ecbc6957d98aa094e3e592992fb6f79eee2b5a086340c6b1b10,6,128,16,127,7907a394745e4910c1206fb8276d0b40e06b4ecb9e50aeeaf1692487037f8df3,166,166,53.45644375192933,5.484913417271206,0.16294642857142858,0.0,1792,32,5.785125972717766
in-context-recall V16,in-context-recall,d128_6,cdrm,0,.runtime/cdrm-naive/20260907T123830Z/ops6-tiny-recall/report.json,OPS,9e84c58a9fd74ecbc6957d98aa094e3e592992fb6f79eee2b5a086340c6b1b10,6,128,16,127,7907a394745e4910c1206fb8276d0b40e06b4ecb9e50aeeaf1692487037f8df3,167,167,53.77999744092813,5.486442838396345,0.16294642857142858,0.0,1792,32,5.786357248861958
in-context-recall V16,in-context-recall,d128_6,cdrm,0,.runtime/cdrm-naive/20260907T123830Z/ops6-tiny-recall/report.json,OPS,9e84c58a9fd74ecbc6957d98aa094e3e592992fb6f79eee2b5a086340c6b1b10,6,128,16,127,7907a394745e4910c1206fb8276d0b40e06b4ecb9e50aeeaf1692487037f8df3,168,168,54.09854874692974,5.487878799438477,0.16294642857142858,0.0,1792,32,5.787526288370448
in-context-recall V16,in-context-recall,d128_6,cdrm,0,.runtime/cdrm-naive/20260907T123830Z/ops6-tiny-recall/report.json,OPS,9e84c58a9fd74ecbc6957d98aa094e3e592992fb6f79eee2b5a086340c6b1b10,6,128,16,127,7907a394745e4910c1206fb8276d0b40e06b4ecb9e50aeeaf1692487037f8df3,169,169,54.41729821592162,5.489226749965122,0.16294642857142858,0.0,1792,32,5.788635013610359
in-context-recall V16,in-context-recall,d128_6,cdrm,0,.runtime/cdrm-naive/20260907T123830Z/ops6-tiny-recall/report.json,OPS,9e84c58a9fd74ecbc6957d98aa094e3e592992fb6f79eee2b5a086340c6b1b10,6,128,16,127,7907a394745e4910c1206fb8276d0b40e06b4ecb9e50aeeaf1692487037f8df3,170,170,54.738495949917706,5.49049186706543,0.16294642857142858,0.0,1792,32,5.789682943989911
in-context-recall V16,in-context-recall,d128_6,cdrm,0,.runtime/cdrm-naive/20260907T123830Z/ops6-tiny-recall/report.json,OPS,9e84c58a9fd74ecbc6957d98aa094e3e592992fb6f79eee2b5a086340c6b1b10,6,128,16,127,7907a394745e4910c1206fb8276d0b40e06b4ecb9e50aeeaf1692487037f8df3,171,171,55.05903866692097,5.4916776929582864,0.16294642857142858,0.0,1792,32,5.790670079509105
in-context-recall V16,in-context-recall,d128_6,cdrm,0,.runtime/cdrm-naive/20260907T123830Z/ops6-tiny-recall/report.json,OPS,9e84c58a9fd74ecbc6957d98aa094e3e592992fb6f79eee2b5a086340c6b1b10,6,128,16,127,7907a394745e4910c1206fb8276d0b40e06b4ecb9e50aeeaf1692487037f8df3,172,172,55.37428244292096,5.49278940473284,0.16294642857142858,0.0,1792,32,5.791598582830955
in-context-recall V16,in-context-recall,d128_6,cdrm,0,.runtime/cdrm-naive/20260907T123830Z/ops6-tiny-recall/report.json,OPS,9e84c58a9fd74ecbc6957d98aa094e3e592992fb6f79eee2b5a086340c6b1b10,6,128,16,127,7907a394745e4910c1206fb8276d0b40e06b4ecb9e50aeeaf1692487037f8df3,173,173,55.69624029491388,5.493832179478237,0.16294642857142858,0.0,1792,32,5.792469655434917
in-context-recall V16,in-context-recall,d128_6,cdrm,0,.runtime/cdrm-naive/20260907T123830Z/ops6-tiny-recall/report.json,OPS,9e84c58a9fd74ecbc6957d98aa094e3e592992fb6f79eee2b5a086340c6b1b10,6,128,16,127,7907a394745e4910c1206fb8276d0b40e06b4ecb9e50aeeaf1692487037f8df3,174,174,56.01580235491565,5.4948079245431085,0.16294642857142858,0.0,1792,32,5.793284739096333
in-context-recall V16,in-context-recall,d128_6,cdrm,0,.runtime/cdrm-naive/20260907T123830Z/ops6-tiny-recall/report.json,OPS,9e84c58a9fd74ecbc6957d98aa094e3e592992fb6f79eee2b5a086340c6b1b10,6,128,16,127,7907a394745e4910c1206fb8276d0b40e06b4ecb9e50aeeaf1692487037f8df3,175,175,56.332496510920464,5.495722089494977,0.16294642857142858,0.0,1792,32,5.794046477070005
in-context-recall V16,in-context-recall,d128_6,cdrm,0,.runtime/cdrm-naive/20260907T123830Z/ops6-tiny-recall/report.json,OPS,9e84c58a9fd74ecbc6957d98aa094e3e592992fb6f79eee2b5a086340c6b1b10,6,128,16,127,7907a394745e4910c1206fb8276d0b40e06b4ecb9e50aeeaf1692487037f8df3,176,176,56.64808427792741,5.496575219290597,0.16294642857142858,0.0,1792,32,5.7947558305394935
in-context-recall V16,in-context-recall,d128_6,cdrm,0,.runtime/cdrm-naive/20260907T123830Z/ops6-tiny-recall/report.json,OPS,9e84c58a9fd74ecbc6957d98aa094e3e592992fb6f79eee2b5a086340c6b1b10,6,128,16,127,7907a394745e4910c1206fb8276d0b40e06b4ecb9e50aeeaf1692487037f8df3,177,177,56.97023913291923,5.4973714011056085,0.16294642857142858,0.0,1792,32,5.795415923351378
in-context-recall V16,in-context-recall,d128_6,cdrm,0,.runtime/cdrm-naive/20260907T123830Z/ops6-tiny-recall/report.json,OPS,9e84c58a9fd74ecbc6957d98aa094e3e592992fb6f79eee2b5a086340c6b1b10,6,128,16,127,7907a394745e4910c1206fb8276d0b40e06b4ecb9e50aeeaf1692487037f8df3,178,178,57.28708125492267,5.498111724853516,0.16294642857142858,0.0,1792,32,5.796027956985113
in-context-recall V16,in-context-recall,d128_6,cdrm,0,.runtime/cdrm-naive/20260907T123830Z/ops6-tiny-recall/report.json,OPS,9e84c58a9fd74ecbc6957d98aa094e3e592992fb6f79eee2b5a086340c6b1b10,6,128,16,127,7907a394745e4910c1206fb8276d0b40e06b4ecb9e50aeeaf1692487037f8df3,179,179,57.61168679193361,5.498799187796457,0.16294642857142858,0.0,1792,32,5.796594094103716
in-context-recall V16,in-context-recall,d128_6,cdrm,0,.runtime/cdrm-naive/20260907T123830Z/ops6-tiny-recall/report.json,OPS,9e84c58a9fd74ecbc6957d98aa094e3e592992fb6f79eee2b5a086340c6b1b10,6,128,16,127,7907a394745e4910c1206fb8276d0b40e06b4ecb9e50aeeaf1692487037f8df3,180,180,57.93066234093567,5.4994337899344305,0.16294642857142858,0.0,1792,32,5.797116497370202
in-context-recall V16,in-context-recall,d128_6,cdrm,0,.runtime/cdrm-naive/20260907T123830Z/ops6-tiny-recall/report.json,OPS,9e84c58a9fd74ecbc6957d98aa094e3e592992fb6f79eee2b5a086340c6b1b10,6,128,16,127,7907a394745e4910c1206fb8276d0b40e06b4ecb9e50aeeaf1692487037f8df3,181,181,58.24917512694083,5.500018801007952,0.16294642857142858,0.0,1792,32,5.797596127968135
in-context-recall V16,in-context-recall,d128_6,cdrm,0,.runtime/cdrm-naive/20260907T123830Z/ops6-tiny-recall/report.json,OPS,9e84c58a9fd74ecbc6957d98aa094e3e592992fb6f79eee2b5a086340c6b1b10,6,128,16,127,7907a394745e4910c1206fb8276d0b40e06b4ecb9e50aeeaf1692487037f8df3,182,182,58.572236131934915,5.500554765973773,0.16294642857142858,0.0,1792,32,5.798036350039985
in-context-recall V16,in-context-recall,d128_6,cdrm,0,.runtime/cdrm-naive/20260907T123830Z/ops6-tiny-recall/report.json,OPS,9e84c58a9fd74ecbc6957d98aa094e3e592992fb6f79eee2b5a086340c6b1b10,6,128,16,127,7907a394745e4910c1206fb8276d0b40e06b4ecb9e50aeeaf1692487037f8df3,183,183,58.89056799093669,5.501044682094029,0.16294642857142858,0.0,1792,32,5.798436923289862
in-context-recall V16,in-context-recall,d128_6,cdrm,0,.runtime/cdrm-naive/20260907T123830Z/ops6-tiny-recall/report.json,OPS,9e84c58a9fd74ecbc6957d98aa094e3e592992fb6f79eee2b5a086340c6b1b10,6,128,16,127,7907a394745e4910c1206fb8276d0b40e06b4ecb9e50aeeaf1692487037f8df3,184,184,59.20916873993701,5.501489366803851,0.16294642857142858,0.0,1792,32,5.798801452156127
in-context-recall V16,in-context-recall,d128_6,cdrm,0,.runtime/cdrm-naive/20260907T123830Z/ops6-tiny-recall/report.json,OPS,9e84c58a9fd74ecbc6957d98aa094e3e592992fb6f79eee2b5a086340c6b1b10,6,128,16,127,7907a394745e4910c1206fb8276d0b40e06b4ecb9e50aeeaf1692487037f8df3,185,185,59.52601372193021,5.5018912724086215,0.16294642857142858,0.0,1792,32,5.799130417230561
in-context-recall V16,in-context-recall,d128_6,cdrm,0,.runtime/cdrm-naive/20260907T123830Z/ops6-tiny-recall/report.json,OPS,9e84c58a9fd74ecbc6957d98aa094e3e592992fb6f79eee2b5a086340c6b1b10,6,128,16,127,7907a394745e4910c1206fb8276d0b40e06b4ecb9e50aeeaf1692487037f8df3,186,186,59.848993513936875,5.502252851213727,0.16294642857142858,0.0,1792,32,5.799426942359744
in-context-recall V16,in-context-recall,d128_6,cdrm,0,.runtime/cdrm-naive/20260907T123830Z/ops6-tiny-recall/report.json,OPS,9e84c58a9fd74ecbc6957d98aa094e3e592992fb6f79eee2b5a086340c6b1b10,6,128,16,127,7907a394745e4910c1206fb8276d0b40e06b4ecb9e50aeeaf1692487037f8df3,187,187,60.16963762893283,5.502576010567801,0.16294642857142858,0.0,1792,32,5.799691748431348
in-context-recall V16,in-context-recall,d128_6,cdrm,0,.runtime/cdrm-naive/20260907T123830Z/ops6-tiny-recall/report.json,OPS,9e84c58a9fd74ecbc6957d98aa094e3e592992fb6f79eee2b5a086340c6b1b10,6,128,16,127,7907a394745e4910c1206fb8276d0b40e06b4ecb9e50aeeaf1692487037f8df3,188,188,60.490627641935134,5.502862112862723,0.16294642857142858,0.0,1792,32,5.7999272384042815
in-context-recall V16,in-context-recall,d128_6,cdrm,0,.runtime/cdrm-naive/20260907T123830Z/ops6-tiny-recall/report.json,OPS,9e84c58a9fd74ecbc6957d98aa094e3e592992fb6f79eee2b5a086340c6b1b10,6,128,16,127,7907a394745e4910c1206fb8276d0b40e06b4ecb9e50aeeaf1692487037f8df3,189,189,60.807580489941756,5.503115517752511,0.16294642857142858,0.0,1792,32,5.800134854053888
in-context-recall V16,in-context-recall,d128_6,cdrm,0,.runtime/cdrm-naive/20260907T123830Z/ops6-tiny-recall/report.json,OPS,9e84c58a9fd74ecbc6957d98aa094e3e592992fb6f79eee2b5a086340c6b1b10,6,128,16,127,7907a394745e4910c1206fb8276d0b40e06b4ecb9e50aeeaf1692487037f8df3,190,190,61.12756207094935,5.503337042672293,0.16294642857142858,0.0,1792,32,5.8003174789308565
in-context-recall V16,in-context-recall,d128_6,cdrm,0,.runtime/cdrm-naive/20260907T123830Z/ops6-tiny-recall/report.json,OPS,9e84c58a9fd74ecbc6957d98aa094e3e592992fb6f79eee2b5a086340c6b1b10,6,128,16,127,7907a394745e4910c1206fb8276d0b40e06b4ecb9e50aeeaf1692487037f8df3,191,191,61.46080305495707,5.50353022984096,0.16294642857142858,0.0,1792,32,5.800475833922859
in-context-recall V16,in-context-recall,d128_6,cdrm,0,.runtime/cdrm-naive/20260907T123830Z/ops6-tiny-recall/report.json,OPS,9e84c58a9fd74ecbc6957d98aa094e3e592992fb6f79eee2b5a086340c6b1b10,6,128,16,127,7907a394745e4910c1206fb8276d0b40e06b4ecb9e50aeeaf1692487037f8df3,192,192,61.78915648795373,5.503696441650391,0.16294642857142858,0.0,1792,32,5.800613283172367
in-context-recall V16,in-context-recall,d128_6,cdrm,0,.runtime/cdrm-naive/20260907T123830Z/ops6-tiny-recall/report.json,OPS,9e84c58a9fd74ecbc6957d98aa094e3e592992fb6f79eee2b5a086340c6b1b10,6,128,16,127,7907a394745e4910c1206fb8276d0b40e06b4ecb9e50aeeaf1692487037f8df3,193,193,62.10091568795906,5.503838947841099,0.16350446428571427,0.0,1792,32,5.800730787862943
in-context-recall V16,in-context-recall,d128_6,cdrm,0,.runtime/cdrm-naive/20260907T123830Z/ops6-tiny-recall/report.json,OPS,9e84c58a9fd74ecbc6957d98aa094e3e592992fb6f79eee2b5a086340c6b1b10,6,128,16,127,7907a394745e4910c1206fb8276d0b40e06b4ecb9e50aeeaf1692487037f8df3,194,194,62.42067586496705,5.503959655761719,0.16350446428571427,0.0,1792,32,5.800830991249385
in-context-recall V16,in-context-recall,d128_6,cdrm,0,.runtime/cdrm-naive/20260907T123830Z/ops6-tiny-recall/report.json,OPS,9e84c58a9fd74ecbc6957d98aa094e3e592992fb6f79eee2b5a086340c6b1b10,6,128,16,127,7907a394745e4910c1206fb8276d0b40e06b4ecb9e50aeeaf1692487037f8df3,195,195,62.74511476997577,5.504062652587891,0.16350446428571427,0.0,1792,32,5.8009158156988185
in-context-recall V16,in-context-recall,d128_6,cdrm,0,.runtime/cdrm-naive/20260907T123830Z/ops6-tiny-recall/report.json,OPS,9e84c58a9fd74ecbc6957d98aa094e3e592992fb6f79eee2b5a086340c6b1b10,6,128,16,127,7907a394745e4910c1206fb8276d0b40e06b4ecb9e50aeeaf1692487037f8df3,196,196,63.06144146497536,5.5041495731898715,0.16350446428571427,0.0,1792,32,5.800987664170153
in-context-recall V16,in-context-recall,d128_6,cdrm,0,.runtime/cdrm-naive/20260907T123830Z/ops6-tiny-recall/report.json,OPS,9e84c58a9fd74ecbc6957d98aa094e3e592992fb6f79eee2b5a086340c6b1b10,6,128,16,127,7907a394745e4910c1206fb8276d0b40e06b4ecb9e50aeeaf1692487037f8df3,197,197,63.37849950297095,5.504223687308175,0.16350446428571427,0.0,1792,32,5.8010489396222935
in-context-recall V16,in-context-recall,d128_6,cdrm,0,.runtime/cdrm-naive/20260907T123830Z/ops6-tiny-recall/report.json,OPS,9e84c58a9fd74ecbc6957d98aa094e3e592992fb6f79eee2b5a086340c6b1b10,6,128,16,127,7907a394745e4910c1206fb8276d0b40e06b4ecb9e50aeeaf1692487037f8df3,198,198,63.71593628496339,5.50428717476981,0.16350446428571427,0.0,1792,32,5.801101324126476
in-context-recall V16,in-context-recall,d128_6,cdrm,0,.runtime/cdrm-naive/20260907T123830Z/ops6-tiny-recall/report.json,OPS,9e84c58a9fd74ecbc6957d98aa094e3e592992fb6f79eee2b5a086340c6b1b10,6,128,16,127,7907a394745e4910c1206fb8276d0b40e06b4ecb9e50aeeaf1692487037f8df3,199,199,64.03492514196842,5.5043438502720425,0.16350446428571427,0.0,1792,32,5.801148181825172
in-context-recall V16,in-context-recall,d128_6,cdrm,0,.runtime/cdrm-naive/20260907T123830Z/ops6-tiny-recall/report.json,OPS,9e84c58a9fd74ecbc6957d98aa094e3e592992fb6f79eee2b5a086340c6b1b10,6,128,16,127,7907a394745e4910c1206fb8276d0b40e06b4ecb9e50aeeaf1692487037f8df3,200,200,64.34990329196444,5.504396166120257,0.16350446428571427,0.0,1792,32,5.801191915677288
