arm,first_update,injection_coefficient,latent_cosine,latent_loss,latent_relative_l2,latent_rms,latent_variation_rms,loss,predicted_latent_rms,predicted_state_ce,state_ce,teacher_predicted_kl,token_accuracy,training_seconds,update,updates_in_bin,weighted_latent_loss
injection,1,0.01,0.9871561676263809,0.03353713556192815,0.1625365950167179,0.999269649386406,0.1762794442474842,3.8258151769638062,1.0098558962345123,4.367021083831787,3.792278034687042,0.2704981118440628,0.09784912347793578,16.61848862000079,100,100,0.03353713556192815
injection,101,0.01,0.9495724141597748,0.03747130624949932,0.2937318943440914,0.9989560097455978,0.36278608441352844,3.630888454914093,0.9958257675170898,4.358864903450012,3.5934171509742736,0.41947031021118164,0.13905924946069717,32.311207335009385,200,100,0.03747130624949932
injection,201,0.01,0.9430289715528488,0.04562706656754017,0.30833426862955093,0.9986360818147659,0.4603843688964844,3.4588496017456056,0.9766012132167816,4.241171598434448,3.4132225370407103,0.5000058114528656,0.1827970427274704,47.84803207301593,300,100,0.04562706656754017
injection,301,0.01,0.9480668902397156,0.037384589426219465,0.28631001710891724,0.9982373714447021,0.4882488548755646,3.4437639141082763,0.9714497774839401,4.163029193878174,3.406379339694977,0.4351744204759598,0.18347656697034836,63.13502782600881,400,100,0.037384589426219465
injection,401,0.01,0.9473181068897247,0.03609907153993845,0.28309566527605057,0.9979228973388672,0.5266388058662415,3.440855257511139,0.9627272635698318,4.131132483482361,3.4047561836242677,0.4107050225138664,0.1834505258500576,78.46555092001108,500,100,0.03609907153993845
injection,501,0.01,0.943994477391243,0.03670059073716402,0.28703926503658295,0.997709646821022,0.5309863686561584,3.4395899772644043,0.9658584445714951,4.120427966117859,3.4028893995285032,0.39900822937488556,0.1839445036649704,93.91915684101696,600,100,0.03670059073716402
injection,601,0.01,0.9262005239725113,0.04421494860202074,0.3261704817414284,0.9976122081279755,0.567822128534317,3.41120240688324,0.953035831451416,4.12688672542572,3.366987457275391,0.44426486641168594,0.1885904997587204,109.2675544820213,700,100,0.04421494860202074
injection,701,0.01,0.537091325968504,0.21827211529016494,0.7530750632286072,0.9981490969657898,0.8509919196367264,2.6357403910160064,0.646173320710659,4.173383593559265,2.4174682688713074,1.6463782787322998,0.33356446236371995,124.47374524302177,800,100,0.21827211529016494
injection,801,0.01,0.12915924564003944,0.4271084761619568,1.0071971416473389,1.0016649216413498,0.9903187155723572,0.9327865296602249,0.31517986953258514,4.1952965259552,0.5056780524551868,3.501686155796051,0.8406632697582245,139.7710376720188,900,100,0.4271084761619568
injection,901,0.01,0.15612679719924927,0.42383613288402555,0.9939375966787338,1.0057836771011353,0.992076113820076,0.5452805364131927,0.28641005605459213,4.062434434890747,0.12144440226256847,3.8727416396141052,0.9622208881378174,154.90738820701154,1000,100,0.42383613288402555
injection,1001,0.01,0.20220977067947388,0.41551870077848435,0.9786862134933472,1.0077322125434875,0.9931640625,0.4738294783234596,0.2666581720113754,3.9172847867012024,0.05831077760085464,3.8305371403694153,0.9817537653446198,170.24502025001675,1100,100,0.41551870077848435
injection,1101,0.01,0.27716895565390587,0.4024541747570038,0.9576639831066132,1.0069937705993652,0.9902660846710205,0.4372827836871147,0.2748388722538948,3.689545512199402,0.03482860853895545,3.6325692534446716,0.9893554878234864,185.60333688201172,1200,100,0.4024541747570038
injection,1201,0.01,0.37645628303289413,0.3805957496166229,0.9265512228012085,1.0033117830753326,0.9847202599048615,0.40735107511281965,0.3020207807421684,3.3674226999282837,0.02675532571040094,3.323710322380066,0.991820495724678,201.09248987601313,1300,100,0.3805957496166229
injection,1301,0.01,0.4626474156975746,0.35383869379758837,0.8909614235162735,0.9976302981376648,0.9772641658782959,0.37578637540340426,0.3549172580242157,2.980507969856262,0.021947680916637183,2.943486750125885,0.993338235616684,216.92981055700693,1400,100,0.35383869379758837
injection,1401,0.01,0.5251128971576691,0.32685733497142794,0.8567448854446411,0.9911826848983765,0.9705096781253815,0.345148364007473,0.4127091020345688,2.6244837641716003,0.018291029259562493,2.5913211703300476,0.9945369672775268,232.67335562600056,1500,100,0.32685733497142794
injection,1501,0.01,0.5731349438428879,0.3030964255332947,0.8255303502082825,0.9847256690263748,0.9632292538881302,0.31979268312454223,0.4558160603046417,2.316842496395111,0.01669625736773014,2.2835317850112915,0.994964212179184,248.17700283000704,1600,100,0.3030964255332947
injection,1601,0.01,0.6292587965726852,0.27736658304929734,0.7873629033565521,0.9779840856790543,0.9546768963336945,0.2919089609384537,0.4811905696988106,2.04769966006279,0.014542375956662,2.023502916097641,0.9957177931070328,263.1282378220003,1700,100,0.27736658304929734
injection,1701,0.01,0.7066208869218826,0.2381300674378872,0.7238732576370239,0.9710332751274109,0.9453358948230743,0.251837897002697,0.5379147082567215,1.7752049565315247,0.013707829881459474,1.7495752274990082,0.9960140186548233,278.1338602820015,1800,100,0.2381300674378872
injection,1801,0.01,0.7731649577617645,0.19370080545544624,0.6495670676231384,0.9640693217515945,0.9379188865423203,0.20567647203803063,0.6253352165222168,1.461864560842514,0.011975666685029864,1.4398644864559174,0.9964648622274399,293.1699377060013,1900,100,0.19370080545544624
injection,1901,0.01,0.8183878064155579,0.15687444314360618,0.5858406573534012,0.9578992873430252,0.9306141436100006,0.16815694376826287,0.7038501352071762,1.1891080439090729,0.011282499791122972,1.1697704195976257,0.996731789112091,308.41664683500676,2000,100,0.15687444314360618
injection,2001,0.01,0.8422918617725372,0.13483828902244568,0.5446733832359314,0.953302800655365,0.9235241413116455,0.1459371979534626,0.7613780796527863,0.973168820142746,0.011098908928688615,0.9562877118587494,0.9966723835468292,324.0510266570145,2100,100,0.13483828902244568
injection,2101,0.01,0.8452083468437195,0.12820461347699166,0.5366756319999695,0.9505135864019394,0.9181228131055832,0.13892270550131797,0.789267435669899,0.8743153363466263,0.01071809221059084,0.8589726835489273,0.9967960804700852,339.3917286540036,2200,100,0.12820461347699166
injection,2201,0.01,0.8418119549751282,0.12956073984503746,0.540808379650116,0.9487124979496002,0.9152773320674896,0.1384527149796486,0.7901327759027481,0.796194538474083,0.008891974943690002,0.7818015515804291,0.9972558754682541,354.5076296580064,2300,100,0.12956073984503746
injection,2301,0.01,0.8385045975446701,0.1311066935956478,0.5455861687660217,0.9472276717424393,0.9114871770143509,0.14037810653448105,0.7839265167713165,0.7520234137773514,0.009271413208916784,0.7399895787239075,0.9970630103349686,369.6147560320114,2400,100,0.1311066935956478
injection,2401,0.01,0.8377691209316254,0.1318088422715664,0.54668328166008,0.9450822025537491,0.9077666103839874,0.14047425910830497,0.7759280055761337,0.6570864021778107,0.008665416822768748,0.6462143212556839,0.9972811061143875,384.74307136601965,2500,100,0.1318088422715664
injection,2501,0.01,0.8411912620067596,0.12877055138349533,0.541507214307785,0.9423539340496063,0.90277960896492,0.13839418292045594,0.7755787819623947,0.5639954209327698,0.00962363112019375,0.5545328706502914,0.9969319850206375,399.7436868860241,2600,100,0.12877055138349533
injection,2601,0.01,0.8510434329509735,0.12223069131374359,0.5262276530265808,0.9397610574960709,0.9002355635166168,0.12988000623881818,0.7783879488706589,0.46925122290849686,0.007649314401205629,0.4620639607310295,0.9976090675592423,414.87446045102297,2700,100,0.12223069131374359
injection,2701,0.01,0.8638782054185867,0.11258162744343281,0.5051761344075203,0.9369569718837738,0.8963825702667236,0.1199790932238102,0.7892704159021378,0.3915938138961792,0.007397465188987553,0.3840392529964447,0.9976758009195328,430.0604415630187,2800,100,0.11258162744343281
injection,2801,0.01,0.8754469603300095,0.10269049488008022,0.4847368001937866,0.9342652708292007,0.8930473327636719,0.10992032535374165,0.8025862127542496,0.3090207129716873,0.007229830112773925,0.30223705619573593,0.997714861035347,445.10834394402445,2900,100,0.10269049488008022
injection,2901,0.01,0.8842717260122299,0.0956156674027443,0.468471996486187,0.9318873733282089,0.8904572874307632,0.10303568564355374,0.8098174333572388,0.25389618426561356,0.007420018066186458,0.24706001207232475,0.9976937049627304,460.09873140602576,3000,100,0.0956156674027443
injection,3001,0.01,0.8905254006385803,0.09000614635646344,0.45703551173210144,0.9295441210269928,0.8885153532028198,0.09735725715756416,0.812386155128479,0.186236422508955,0.007351110375020653,0.18040727078914642,0.9976814979314804,475.19612648002294,3100,100,0.09000614635646344
injection,3101,0.01,0.8948322683572769,0.08544631779193879,0.44821880012750626,0.9270606189966202,0.8851157873868942,0.09178587213158608,0.8160228580236435,0.1332557089626789,0.006339554585283622,0.12904443964362144,0.9979777222871781,490.21043057602037,3200,100,0.08544631779193879
injection,3201,0.01,0.8964574038982391,0.08475444450974465,0.4449445381760597,0.9247992634773254,0.8839769661426544,0.0906403511017561,0.8131568729877472,0.11127250082790852,0.0058859064104035495,0.10801578685641289,0.9981648963689804,505.2255674330172,3300,100,0.08475444450974465
injection,3301,0.01,0.9002863466739655,0.08170204222202301,0.4370994418859482,0.9221593141555786,0.8819994479417801,0.0869203382730484,0.8110043853521347,0.09971107728779316,0.005218295645900071,0.09560521505773067,0.9983870625495911,520.1614339960342,3400,100,0.08170204222202301
injection,3401,0.01,0.9146847277879715,0.07110382691025734,0.40636809170246124,0.9187352508306503,0.878370925784111,0.07688801012933254,0.817874863743782,0.07759840786457062,0.005784182739444077,0.07381346449255943,0.9981941932439804,535.1943841160373,3500,100,0.07110382691025734
injection,3501,0.01,0.9352206736803055,0.05548176448792219,0.3565533086657524,0.9154338091611862,0.8755997866392136,0.06108113195747137,0.8386887311935425,0.05429329536855221,0.005599367334507405,0.05012677237391472,0.9982837092876434,550.1258988900463,3600,100,0.05548176448792219
injection,3601,0.01,0.950413778424263,0.04208220846951008,0.313419409096241,0.9131005853414536,0.8715566396713257,0.047315551564097405,0.8606960773468018,0.035028496757149696,0.005233343204017729,0.031606449745595455,0.9983895045518875,565.1197335900561,3700,100,0.04208220846951008
injection,3701,0.01,0.9593217521905899,0.03437122616916895,0.2847486436367035,0.911976546049118,0.8698824495077133,0.03999830059707165,0.8714802414178848,0.021841796347871423,0.00562707435223274,0.01879480993375182,0.9982031428813934,580.2515639910562,3800,100,0.03437122616916895
injection,3801,0.01,0.9659659117460251,0.02908932577818632,0.26106393337249756,0.911338746547699,0.8690293282270432,0.03399153921753168,0.8769704401493073,0.01702805981040001,0.004902213491150178,0.013898940058425069,0.9984342640638352,595.2790199840674,3900,100,0.02908932577818632
injection,3901,0.01,0.9691213518381119,0.026033441927284004,0.24877699837088585,0.9109232276678085,0.8688639253377914,0.03064023319631815,0.8805827498435974,0.014780920930206776,0.004606791171245277,0.01070992206223309,0.9985921394824981,610.3254548670684,4000,100,0.026033441927284004
injection,4001,0.01,0.9719947129487991,0.023635885063558817,0.2370591126382351,0.9105602949857712,0.8687582314014435,0.02897086365148425,0.8835111558437347,0.013095089700073004,0.005334978651953861,0.010575413703918457,0.9982869666814804,625.4532030220726,4100,100,0.023635885063558817
injection,4101,0.01,0.9746796041727066,0.021417984142899513,0.22555041685700417,0.9102939814329147,0.8683079332113266,0.02609620226547122,0.8866888135671616,0.00892037502489984,0.004678218084154651,0.007475612219423056,0.9985481965541839,640.5891693350677,4200,100,0.021417984142899513
injection,4201,0.01,0.9756713509559631,0.0203071060590446,0.22093023359775543,0.9102028161287308,0.8681770414113998,0.02504928197711706,0.8882243633270264,0.009948670747689903,0.004742175826104358,0.007635736605152488,0.9984749561548233,655.6137468560573,4300,100,0.0203071060590446
injection,4301,0.01,0.9768031239509583,0.019568236283957957,0.21577713638544083,0.9101399630308151,0.8683101087808609,0.02396254673600197,0.8892579525709152,0.00859429535921663,0.0043943104066420345,0.006707062944769859,0.9986181825399398,670.6452786540522,4400,100,0.019568236283957957
injection,4401,0.01,0.9773805141448975,0.01893597861751914,0.2130109816789627,0.9100622087717056,0.8680304735898972,0.02388356175273657,0.8901601582765579,0.008037365740165114,0.004947583260363899,0.006636437494307756,0.9983829921483993,685.6108164180678,4500,100,0.01893597861751914
injection,4501,0.01,0.9778565317392349,0.018457651287317276,0.21083630248904228,0.9099466502666473,0.868277370929718,0.023129074163734914,0.8903148323297501,0.007534055155701935,0.004671422857209109,0.006474799942225218,0.9984863477945328,700.5481585280577,4600,100,0.018457651287317276
injection,4601,0.01,0.9778100252151489,0.01817701108753681,0.21086932346224785,0.909834086894989,0.8683072030544281,0.02248156912624836,0.8901081532239914,0.006428276072256267,0.004304558016592637,0.006675983080640435,0.9986133027076721,715.4824017980609,4700,100,0.01817701108753681
injection,4701,0.01,0.9787046611309052,0.01768427487462759,0.2066596895456314,0.9096708744764328,0.867741659283638,0.02190921362489462,0.890821248292923,0.006405842839740217,0.004224938722909428,0.005646559700835496,0.9986279517412185,730.3612501810476,4800,100,0.01768427487462759
injection,4801,0.01,0.9787499010562897,0.01750741381198168,0.2063678614795208,0.9094621539115906,0.8673286736011505,0.022178673278540374,0.8902352601289749,0.005829373374581337,0.004671259496826678,0.0053435530280694366,0.998518899679184,745.3396031790508,4900,100,0.01750741381198168
injection,4901,0.01,0.9792955964803696,0.017158365715295075,0.20368455722928047,0.9092392325401306,0.8670506030321121,0.020932421535253525,0.8906717747449875,0.006300867942627519,0.003774055851972662,0.005537643097341061,0.9988102430105209,760.186248697064,5000,100,0.017158365715295075
injection,5001,0.01,0.9792339652776718,0.01698403412476182,0.20399850606918335,0.9090061336755753,0.86700040102005,0.02122398018836975,0.8905004411935806,0.00525164941791445,0.0042399460927117615,0.0048676233272999525,0.9986002832651139,775.2639084120456,5100,100,0.01698403412476182
injection,5101,0.01,0.980205848813057,0.01664986155927181,0.19920867308974266,0.9087211936712265,0.8664031773805618,0.020667639262974262,0.8902192860841751,0.004703868355136365,0.004017777647241019,0.004621013707946986,0.9986889863014221,790.6167377200563,5200,100,0.01664986155927181
injection,5201,0.01,0.9804531782865524,0.016285106632858516,0.1979488469660282,0.9084214717149734,0.865898534655571,0.019842562042176725,0.8900886923074722,0.004384406143799424,0.003557455410482362,0.004081372753717005,0.9988427937030793,806.0557859000546,5300,100,0.016285106632858516
injection,5301,0.01,0.9807516038417816,0.016020703744143248,0.19638266786932945,0.908072367310524,0.8657530546188354,0.01952843103557825,0.8897404968738556,0.004043409368023276,0.0035077272180933507,0.0033850522595457733,0.9988606971502304,821.0065702180527,5400,100,0.016020703744143248
injection,5401,0.01,0.980952262878418,0.015766252195462585,0.19545474275946617,0.907680407166481,0.8653268963098526,0.019593414664268494,0.8898293972015381,0.004665590531658381,0.0038271624402841553,0.004739565425552428,0.9987776911258698,835.9758958480361,5500,100,0.015766252195462585
injection,5501,0.01,0.9813249558210373,0.015488687753677368,0.19347383081912994,0.9072010666131973,0.8644667565822601,0.019128562416881323,0.8893607258796692,0.0036978627904318273,0.0036398747272323815,0.004239074274664745,0.998808611035347,850.7806137130374,5600,100,0.015488687753677368
injection,5601,0.01,0.9820669293403625,0.014917528629302979,0.1896737702190876,0.9066620618104935,0.8636446893215179,0.018336430182680486,0.8893239945173264,0.0034003432374447584,0.003418901543773245,0.003126441763015464,0.9988891792297363,865.6041646360445,5700,100,0.014917528629302979
injection,5701,0.01,0.9826399236917496,0.014294674638658762,0.18666813522577286,0.9061148017644882,0.8627968728542328,0.017834311276674272,0.8895595967769623,0.0038476194022223353,0.003539636573405005,0.004078665922861546,0.9988240760564804,880.4792285290459,5800,100,0.014294674638658762
injection,5801,0.01,0.9837462902069092,0.013529193261638284,0.18075094372034073,0.9055022597312927,0.8618392050266266,0.01710809032432735,0.8894486278295517,0.0021464459132403135,0.0035788970260182394,0.0023032829631119967,0.9988281458616257,895.3680801610462,5900,100,0.013529193261638284
injection,5901,0.01,0.9847538322210312,0.012682930957525968,0.17513972148299217,0.9049219042062759,0.8606753051280975,0.016179433818906547,0.8904242962598801,0.003299462958239019,0.003496502715279348,0.0032220384455285966,0.9988720899820328,910.14610834005,6000,100,0.012682930957525968
injection,6001,0.01,0.9860851019620895,0.011481531513854861,0.1675052046775818,0.9043816179037094,0.8589616864919662,0.014681529756635427,0.8906553387641907,0.002415948547422886,0.0031999982279376127,0.0033720096689648926,0.9989575344324112,925.0326058020564,6100,100,0.011481531513854861
injection,6101,0.01,0.9867710620164871,0.010783232878893614,0.16332557797431946,0.9038833528757095,0.8573960214853287,0.014515240667387843,0.8920755535364151,0.0035329743986949325,0.0037320078286575153,0.00347593380138278,0.9987736177444458,939.8505615750655,6200,100,0.010783232878893614
injection,6201,0.01,0.9884366393089294,0.009684297740459442,0.15285222604870796,0.9034336507320404,0.8557560443878174,0.012970452439039945,0.892680823802948,0.0028199856751598418,0.0032861546918866225,0.0029652242083102465,0.9989730030298233,954.686525372068,6300,100,0.009684297740459442
injection,6301,0.01,0.9893139451742172,0.008977360585704445,0.14695358276367188,0.9031052589416504,0.8543675988912582,0.012272310899570585,0.8931604325771332,0.0021709056600229815,0.0032949503109557556,0.002916318771895021,0.9989445173740387,969.8270798490703,6400,100,0.008977360585704445
injection,6401,0.01,0.9901757389307022,0.008216602373868226,0.14100046828389168,0.9029289036989212,0.8534849882125854,0.01094735705293715,0.8938329070806503,0.0019925047672586516,0.0027307546808151527,0.002747214341070503,0.9991382026672363,985.1787363410676,6500,100,0.008216602373868226
injection,6501,0.01,0.9908159077167511,0.007756133917719126,0.13633496686816216,0.9027554094791412,0.851899728178978,0.010951284421607851,0.89455746114254,0.0020480545063037425,0.0031951505277538674,0.0026733778649941087,0.9989445191621781,1000.408495804073,6600,100,0.007756133917719126
injection,6601,0.01,0.9913070797920227,0.007113749766722322,0.1325957514345646,0.9026344120502472,0.8501908183097839,0.010230734893120826,0.8950552493333817,0.002061419960227795,0.003116985103406478,0.003115895437076688,0.9990063673257827,1015.588665685078,6700,100,0.007113749766722322
injection,6701,0.01,0.9916526824235916,0.006887655216269195,0.13005517795681953,0.9026075452566147,0.8495016247034073,0.010050206193700433,0.8948992341756821,0.0031332673970609903,0.0031625509477453306,0.0029468941793311387,0.9989949756860733,1030.7497600520674,6800,100,0.006887655216269195
injection,6801,0.01,0.9922512322664261,0.006513522416353226,0.12534345127642155,0.9025890231132507,0.8487695008516312,0.009241229514591396,0.8955452591180801,0.0024154717102646828,0.0027277070749551057,0.0030604651547037065,0.9991105329990387,1045.9338283660709,6900,100,0.006513522416353226
injection,6901,0.01,0.992267444729805,0.0064074521232396365,0.12526264414191246,0.9025400727987289,0.8476920425891876,0.00974940175190568,0.8958034664392471,0.00220013310899958,0.003341949690366164,0.002437306655338034,0.9989388197660446,1061.00681729007,7000,100,0.0064074521232396365
injection,7001,0.01,0.9927472323179245,0.006097758715040982,0.12128011509776115,0.9025356769561768,0.8468128889799118,0.009023906006477773,0.8963814079761505,0.0016149465518537909,0.002926147324615158,0.002026617876254022,0.9990315949916839,1076.0336891330626,7100,100,0.006097758715040982
injection,7101,0.01,0.9931476563215256,0.005906508746556937,0.1179452482610941,0.9026055186986923,0.8463863134384155,0.008771587237715721,0.8967098891735077,0.002052164636552334,0.0028650785039644688,0.0018755537021206692,0.9990551960468292,1091.1347446430573,7200,100,0.005906508746556937
injection,7201,0.01,0.9931262880563736,0.005586239765398205,0.11805397644639015,0.9026302248239517,0.8456582278013229,0.008461916008964182,0.8967470824718475,0.0022675027430523187,0.0028756762167904525,0.002643681538756937,0.999027526974678,1106.1386398880422,7300,100,0.005586239765398205
injection,7301,0.01,0.9931665658950806,0.005490376693196595,0.11772449314594269,0.902712419629097,0.8453225791454315,0.008056078013032675,0.8967615365982056,0.0025479636096861213,0.002565701306448318,0.0030760254885535687,0.9991414594650269,1121.1551099600438,7400,100,0.005490376693196595
injection,7401,0.01,0.9934514760971069,0.0053675779886543755,0.11526873894035816,0.902736485004425,0.8453202992677689,0.008172554215416312,0.8975481390953064,0.0019290031923446804,0.0028049762404407375,0.002500106958905235,0.9990641468763352,1136.2159996750415,7500,100,0.0053675779886543755
injection,7501,0.01,0.9939440488815308,0.005166279738768935,0.11087822914123535,0.9027486741542816,0.8443657606840134,0.007750053550116718,0.897312119603157,0.0031692077027400956,0.00258377380319871,0.002873577264836058,0.9991650593280792,1151.3426852130433,7600,100,0.005166279738768935
injection,7601,0.01,0.9938339442014694,0.005038517382927239,0.11189141124486923,0.9027797430753708,0.8443116992712021,0.007789268945343792,0.8978471606969833,0.002670685775228776,0.002750751571729779,0.0031274320499505848,0.9991080927848816,1166.5410682570418,7700,100,0.005038517382927239
injection,7701,0.01,0.9940751791000366,0.004986008862033486,0.10974154621362686,0.9027883857488632,0.8442544341087341,0.007399515267461538,0.8977958261966705,0.0011219742737011984,0.0024135063894209453,0.0020856237097177655,0.9991911017894745,1181.6828328370411,7800,100,0.004986008862033486
injection,7801,0.01,0.994566023349762,0.004826660128310322,0.1051093190908432,0.9028013497591019,0.8435347974300385,0.007316015418618918,0.8981209099292755,0.0007608962623635307,0.0024893552728462963,0.0013222117850091308,0.9992065626382828,1196.9933758530515,7900,100,0.004826660128310322
injection,7901,0.01,0.9942281395196915,0.004706345009617507,0.10827499255537987,0.9028220027685165,0.842947855591774,0.00719915977679193,0.8982499986886978,0.0012483317404985428,0.0024928147782338783,0.0019112752634100616,0.9992000538110734,1212.2858955840547,8000,100,0.004706345009617507
injection,8001,0.01,0.9945370554924011,0.004543858449906111,0.105371268466115,0.9028600305318832,0.8424396365880966,0.006764907804317773,0.8982142806053162,0.001794613359379582,0.0022210493197781034,0.0020317753951530904,0.9992912006378174,1227.7064154380514,8100,100,0.004543858449906111
injection,8101,0.01,0.9943659752607346,0.004532009959220886,0.10700006410479546,0.9029141068458557,0.8419015258550644,0.00712342687882483,0.8982469141483307,0.0015928870998322964,0.002591416934155859,0.002418597345240414,0.9991707563400268,1243.1222227850412,8200,100,0.004532009959220886
injection,8201,0.01,0.9944608509540558,0.004414484910666943,0.10607396252453327,0.9029014706611633,0.8409799039363861,0.00689637815579772,0.89886774122715,0.0026293311966583133,0.0024818932486232372,0.00276953904540278,0.9991707557439804,1258.4208691890344,8300,100,0.004414484910666943
injection,8301,0.01,0.9947779774665833,0.0042059895745478575,0.1029426883906126,0.9029212594032288,0.8408787548542023,0.006509998538531363,0.8985688984394073,0.0016685338778188452,0.002304008966602851,0.002217430650489405,0.9992635297775269,1273.7558196580321,8400,100,0.0042059895745478575
injection,8401,0.01,0.9947995692491531,0.004303033004980535,0.1026763841509819,0.9028873890638351,0.8400177657604218,0.007265202780254185,0.8980817794799805,0.0023582713038194925,0.0029621697674156165,0.0028809231880586594,0.9990315932035446,1289.0104263150297,8500,100,0.004303033004980535
injection,8501,0.01,0.9952101558446884,0.00405968607403338,0.09872729703783989,0.9028866291046143,0.8392865210771561,0.00626869416795671,0.8985118716955185,0.0009558794845361263,0.0022090081029455177,0.0016621928953099996,0.9992480629682541,1304.3384293400304,8600,100,0.00405968607403338
injection,8601,0.01,0.9950776398181915,0.003936367046553642,0.09995616786181927,0.9029054343700409,0.838583692908287,0.006459465455263853,0.8987793773412704,0.0009914789188769646,0.0025230983941582964,0.002128015155903995,0.9991967964172364,1319.5858113800277,8700,100,0.003936367046553642
injection,8701,0.01,0.9954304546117783,0.003900177958421409,0.09640744887292385,0.9029152393341064,0.8376767039299011,0.006217603210825473,0.8995907753705978,0.0012636682076845318,0.002317425202054437,0.0018631053681019694,0.9992472517490387,1334.7715808650264,8800,100,0.003900177958421409
injection,8801,0.01,0.9954795390367508,0.0038135300762951376,0.095933448523283,0.9029835909605026,0.8383186906576157,0.00606070468435064,0.8991853147745132,0.0011400147341191769,0.00224717461358523,0.0016030861879698932,0.9992651551961899,1350.0350645550243,8900,100,0.0038135300762951376
injection,8901,0.01,0.9955619871616364,0.0037555907876230775,0.09500238113105297,0.9030316472053528,0.8381903618574142,0.005956134686712176,0.8991302251815796,0.0009350159052701201,0.002200543888611719,0.0014709285169374198,0.9992968952655792,1365.3178368160243,9000,100,0.0037555907876230775
injection,9001,0.01,0.9957667887210846,0.003680883306078613,0.09273757971823215,0.9030643701553345,0.8377280980348587,0.0059933212376199665,0.8993525952100754,0.0007139357621781528,0.0023124379632645286,0.0015175260341493413,0.999266784787178,1380.5745546190192,9100,100,0.003680883306078613
injection,9101,0.01,0.9953796714544296,0.0037389305303804576,0.0969172865152359,0.9031185805797577,0.8380049914121628,0.005992297071497887,0.8995520323514938,0.0015178666944848374,0.0022533665505761746,0.0025286170130129904,0.9992684102058411,1395.7159203340216,9200,100,0.0037389305303804576
injection,9201,0.01,0.9958348870277405,0.0035834583197720347,0.09211660362780094,0.9031553417444229,0.837784007191658,0.005717645024415106,0.8996072858572006,0.0010609951277729124,0.0021341867017326877,0.001521945872809738,0.9992944538593292,1410.6540283760169,9300,100,0.0035834583197720347
injection,9301,0.01,0.9959976971149445,0.0035580788273364304,0.09021967090666294,0.9032187610864639,0.8376273661851883,0.005511212598066777,0.8997168391942978,0.0009007622211356647,0.0019531337975058705,0.001476935896789655,0.9993685066699982,1425.6198931630042,9400,100,0.0035580788273364304
injection,9401,0.01,0.9959070086479187,0.0034229305083863437,0.09123571775853634,0.9033143669366837,0.8378975540399551,0.005352067763451487,0.9000044614076614,0.0011466992946225218,0.0019291372678708284,0.0019126439583487809,0.9993611842393875,1440.5940429890015,9500,100,0.0034229305083863437
injection,9501,0.01,0.9958378076553345,0.0034225175227038562,0.09206460788846016,0.9033917486667633,0.8374322652816772,0.005503549790009856,0.9002092927694321,0.0018157430313294753,0.0020810322352917865,0.0025415431009605527,0.9993172401189804,1455.6557461619996,9600,100,0.0034225175227038562
injection,9601,0.01,0.996166542172432,0.0034277520794421435,0.08837664499878883,0.903461366891861,0.8375170230865479,0.005636794625315815,0.9001450538635254,0.0004904690067633055,0.0022090425722126384,0.0011643401230685413,0.9992480659484864,1470.8414002099944,9700,100,0.0034277520794421435
injection,9701,0.01,0.9962978959083557,0.0032633710186928512,0.08692182786762714,0.9034882336854935,0.8366779536008835,0.005465150873642415,0.9005773961544037,0.0005173884819669183,0.0022017798441811465,0.0011291854898445308,0.9993017780780792,1486.0048376539853,9800,100,0.0032633710186928512
injection,9801,0.01,0.995782271027565,0.003362312705721706,0.09260423295199871,0.9034831672906876,0.8354962170124054,0.005774642829783261,0.9002279788255692,0.002253924438264221,0.002412330132938223,0.003301873162854463,0.9992269051074981,1501.148165928982,9900,100,0.003362312705721706
injection,9901,0.01,0.9960676580667496,0.0032067230762913824,0.08952645771205425,0.9035315066576004,0.8356050401926041,0.005279112381394953,0.9005515724420547,0.0015226990799419582,0.0020723893235845025,0.002161388605600223,0.9993204945325851,1516.1539270529847,10000,100,0.0032067230762913824
injection,10001,0.01,0.9960029572248459,0.003172533963806927,0.09017865732312202,0.9036168158054352,0.8353376984596252,0.005257849879562855,0.9004363715648651,0.0012721895618597046,0.002085315923031885,0.0021315493213478476,0.9993131732940674,1532.827677368974,10100,100,0.003172533963806927
injection,10101,0.01,0.996218666434288,0.0030706642149016263,0.0877650398761034,0.9037064462900162,0.8347804695367813,0.004764917274005711,0.9006248861551285,0.000960499353823252,0.001694253062014468,0.0018026661418844014,0.9994279181957245,1548.0838466539772,10200,100,0.0030706642149016263
injection,10201,0.01,0.9961962848901749,0.003140190064441413,0.08799636550247669,0.9037797600030899,0.8350621312856674,0.005273685141000897,0.9008699655532837,0.0007921764336060733,0.0021334950866003055,0.0016499808407388628,0.9993457233905793,1563.3300914519714,10300,100,0.003140190064441413
injection,10301,0.01,0.996160626411438,0.0030900696781463923,0.08823754452168941,0.903855562210083,0.8349806219339371,0.005172462817281485,0.9011565446853638,0.0019636359793366864,0.002082393129821867,0.0023184949823189527,0.9993050336837769,1578.79353170797,10400,100,0.0030900696781463923
injection,10401,0.01,0.9963661134243011,0.0030330071551725266,0.08601075410842896,0.9039252996444702,0.8352732062339783,0.004975073202513158,0.9010395556688309,0.000615802186075598,0.0019420660282776225,0.0014374136371770874,0.9993359583616257,1594.1962890589803,10500,100,0.0030330071551725266
injection,10501,0.01,0.9965863823890686,0.002898864052258432,0.08336017839610577,0.9040171205997467,0.8351879417896271,0.004698615774977952,0.9014626741409302,0.0005309837724780664,0.0017997517275944118,0.0009147295204456896,0.999434427022934,1609.3061518899758,10600,100,0.002898864052258432
injection,10601,0.01,0.9964748620986938,0.0029381915437988937,0.08474909514188766,0.9041177779436111,0.8357720077037811,0.004738085286226124,0.9012417495250702,0.0007776392667437904,0.001799893738643732,0.0017587679321877658,0.9993937373161316,1624.2203184609734,10700,100,0.0029381915437988937
injection,10701,0.01,0.9964893162250519,0.0030533356219530107,0.08454173244535923,0.9042082726955414,0.8357015997171402,0.005119868249166757,0.9008983224630356,0.0008834057734929956,0.0020665326215384993,0.0012516147398855537,0.9993188673257828,1639.1280579069662,10800,100,0.0030533356219530107
injection,10801,0.01,0.9964366853237152,0.002989582025911659,0.08515512198209763,0.9042368084192276,0.8350296318531036,0.005083317337557673,0.9012923836708069,0.0007077134778228356,0.0020937353138288017,0.0013999846705701202,0.9992985242605209,1654.0358275789604,10900,100,0.002989582025911659
injection,10901,0.01,0.9963241070508957,0.0029709213017486036,0.086465148255229,0.9042965471744537,0.8347352892160416,0.005089803903829306,0.9015649259090424,0.0010806985083036125,0.0021188825942226684,0.002009578631259501,0.9993115442991257,1669.1343486119422,11000,100,0.0029709213017486036
injection,11001,0.01,0.9966834634542465,0.0028308950061909856,0.08210027031600475,0.9044317305088043,0.8352249711751938,0.004368905068840832,0.9023711681365967,0.0008150777975970414,0.0015380100496986415,0.0010911144636338577,0.9995019727945328,1684.4250262819514,11100,100,0.0028308950061909856
injection,11101,0.01,0.996593713760376,0.0028950282814912496,0.08319737017154694,0.9045441746711731,0.8353213369846344,0.004782040631398559,0.9019566476345062,0.0014151353534543887,0.0018870123746455648,0.0026219846622552723,0.9993937373161316,1699.5677723659392,11200,100,0.0028950282814912496
injection,11201,0.01,0.996753141283989,0.002722947800066322,0.08124891296029091,0.9045651853084564,0.8348291516304016,0.0043536636885255576,0.9025319516658783,0.0012078107902198099,0.001630715875144233,0.001508247180026956,0.9994710463285447,1714.5039411539383,11300,100,0.002722947800066322
injection,11301,0.01,0.9964174330234528,0.002872928923461586,0.08536578342318535,0.9046033918857574,0.8342760801315308,0.004903124223928899,0.9021705687046051,0.0009352837660117075,0.002030195299885236,0.00175524088263046,0.9993611842393875,1729.4780215499413,11400,100,0.002872928923461586
injection,11401,0.01,0.9966697692871094,0.0027267039753496648,0.08243067190051079,0.9046647250652313,0.8344381600618362,0.004413139305543154,0.9019779115915298,0.0023933442134875804,0.0016864353374694474,0.0025319868000224233,0.999430359005928,1744.4372008559476,11500,100,0.0027267039753496648
injection,11501,0.01,0.9965762346982956,0.002863657821435481,0.08346180059015751,0.9046909213066101,0.8340078592300415,0.005068577481433749,0.9019935131072998,0.0017882327229017392,0.0022049196691659744,0.001994861158891581,0.9992635279893876,1759.3668486169445,11600,100,0.002863657821435481
injection,11601,0.01,0.996573269367218,0.0026980911660939456,0.08342626318335533,0.9047568440437317,0.8340198546648026,0.0044003133056685325,0.9022609740495682,0.0011967223836109042,0.0017022221300430828,0.0021019267878727987,0.999458025097847,1774.7409276469352,11700,100,0.0026980911660939456
injection,11701,0.01,0.9968474954366684,0.0027175398636609316,0.08003484085202217,0.9048130959272385,0.8341030925512314,0.004455158074852079,0.9023821353912354,0.00044404048639989924,0.0017376181969302707,0.0009868886409094557,0.9994311738014221,1790.076331553937,11800,100,0.0027175398636609316
injection,11801,0.01,0.9966851323843002,0.0027953126304782927,0.08202573098242283,0.9049658179283142,0.8348197042942047,0.0045323190023191275,0.9023458361625671,0.0017822678055381402,0.0017370063599082641,0.0026637470291461796,0.9994124543666839,1805.1578394939315,11900,100,0.0027953126304782927
injection,11901,0.01,0.9968788325786591,0.0027673364244401454,0.07981839030981064,0.90504190325737,0.8351599127054214,0.00463033561129123,0.9025038033723831,0.0008079287654254586,0.0018629991797934054,0.0012173420109320432,0.9993978035449982,1820.4842053519296,12000,100,0.0027673364244401454
injection,12001,0.01,0.9968684613704681,0.002672437811270356,0.07993780635297298,0.9051144123077393,0.8351888954639435,0.004520462988875806,0.9029759168624878,0.0009158246102742851,0.0018480251786240842,0.0013984822362544946,0.9993676948547363,1835.3174198349298,12100,100,0.002672437811270356
injection,12101,0.01,0.9968627542257309,0.0026653634617105127,0.07981275394558907,0.9051747024059296,0.8345252126455307,0.004252206338569522,0.9031026512384415,0.0010216238224529661,0.001586842895121663,0.0017129804764408618,0.9994694179296494,1850.1492509619147,12200,100,0.0026653634617105127
injection,12201,0.01,0.9968024641275406,0.002688418587204069,0.08070515654981136,0.9052575081586838,0.8350491672754288,0.004610090535134077,0.9028075486421585,0.0006673345851595514,0.0019216719521500637,0.0013179886591387913,0.9993506056070328,1865.1954595819116,12300,100,0.002688418587204069
injection,12301,0.01,0.9970750510692596,0.0025708431913517415,0.0772488433867693,0.9053125381469727,0.8345311135053635,0.004332678634673357,0.9024788588285446,0.0007331940269068582,0.001761835447177873,0.0009111510153161362,0.9994311726093292,1880.1110700969093,12400,100,0.0025708431913517415
injection,12401,0.01,0.9969552606344223,0.002648017324972898,0.07880322076380253,0.905372679233551,0.8342987895011902,0.00427628283156082,0.902622252702713,0.0015204544906737283,0.0016282654985843692,0.002365015388932079,0.9994791841506958,1895.2392040429058,12500,100,0.002648017324972898
injection,12501,0.01,0.9968072921037674,0.0026696223579347135,0.08065129444003105,0.9054757356643677,0.8346440643072128,0.004598747331183404,0.9028053730726242,0.0010769074579002336,0.0019291249907109887,0.001535031624371186,0.9993725764751434,1910.333721603909,12600,100,0.0026696223579347135
injection,12601,0.01,0.9969522953033447,0.0026695396658033134,0.0788563471287489,0.905552476644516,0.8350030183792114,0.004246374333743006,0.9030130803585052,0.0010974824690492824,0.0015768346841650782,0.0014717305602971464,0.999488136768341,1925.34258123791,12700,100,0.0026695396658033134
injection,12701,0.01,0.9967921376228333,0.0026996122230775656,0.08078768104314804,0.9056571424007416,0.8348686248064041,0.004540746952407062,0.9037526994943619,0.0008963735745055601,0.0018411347272922285,0.0015221229405142367,0.9993937343358994,1940.319147991906,12800,100,0.0026996122230775656
injection,12801,0.01,0.9969119131565094,0.0024845528160221874,0.07917480356991291,0.9057454019784927,0.8346210271120071,0.003793265491258353,0.9033046215772629,0.0006497259164461866,0.0013087126663594972,0.0014345527451951057,0.9995752114057541,1955.6866361549037,12900,100,0.0024845528160221874
injection,12901,0.01,0.9969401210546494,0.0026231395779177545,0.07902269624173641,0.9058510065078735,0.8348386734724045,0.00413560017477721,0.9037300050258636,0.0010004120995290577,0.0015124605945311487,0.0013153353065717965,0.9994930213689804,1970.5432638169168,13000,100,0.0026231395779177545
injection,13001,0.01,0.9967536479234695,0.0026844474230892958,0.08139090053737164,0.9059083014726639,0.834562361240387,0.004631030135788024,0.9031497687101364,0.0013215490107540973,0.001946582726232009,0.0014322117203846574,0.9993660658597946,1985.5975744239095,13100,100,0.0026844474230892958
injection,13101,0.01,0.9968981593847275,0.0026301946747116743,0.07959987223148346,0.9059666693210602,0.8341987133026123,0.004357866283971817,0.903483510017395,0.0004692712318501435,0.0017276715922344011,0.001259251032024622,0.9994336098432541,2000.4808724369177,13200,100,0.0026301946747116743
injection,13201,0.01,0.997034564614296,0.002516231334302574,0.07776584848761559,0.9059709459543228,0.8340078592300415,0.004354978243354708,0.9038018733263016,0.0009215652644343209,0.0018387469115259591,0.0014191437512636185,0.9994083857536316,2015.5230733359258,13300,100,0.002516231334302574
injection,13301,0.01,0.9971322417259216,0.0023857650463469326,0.07651582174003124,0.9060224741697311,0.8337753266096115,0.003920729497913271,0.9037201404571533,0.0012250135914655402,0.001534964444799698,0.0015683369056205265,0.9994954580068588,2030.513988512921,13400,100,0.0023857650463469326
injection,13401,0.01,0.9969251751899719,0.0025515256286598744,0.07913307286798954,0.9060980975627899,0.8339396268129349,0.004143671272322536,0.90350441634655,0.0013779972214251757,0.0015921456411888356,0.0021941311133559793,0.9994881385564804,2045.5874732249304,13500,100,0.0025515256286598744
injection,13501,0.01,0.9969944953918457,0.002558261272497475,0.0783084575086832,0.9061369895935059,0.8339655995368958,0.004208887596614658,0.90422722697258,0.0013662114652106538,0.0016506263353221584,0.0011735024600056931,0.9994897675514222,2060.6035547899264,13600,100,0.002558261272497475
injection,13601,0.01,0.997228279709816,0.0024453943804837765,0.07515342347323895,0.9062255322933197,0.8336226046085358,0.003703760257922113,0.9042167812585831,0.0006348003371385857,0.001258365869289264,0.001321937350439839,0.9995768415927887,2075.761799235939,13700,100,0.0024453943804837765
injection,13701,0.01,0.99711774289608,0.002475204556249082,0.07663022354245186,0.9063014835119247,0.8344377130270004,0.004111763397231698,0.9040967226028442,0.0006797938403906301,0.0016365588207554538,0.0013189885066822171,0.9994572103023529,2090.936261218929,13800,100,0.002475204556249082
injection,13801,0.01,0.9971985667943954,0.0024006658862344922,0.07555348798632622,0.9063146412372589,0.8335115164518356,0.003896644308697432,0.9044147878885269,0.0003432272933423519,0.0014959784229722573,0.000604478751483839,0.9995451056957245,2106.255163004913,13900,100,0.0024006658862344922
injection,13901,0.01,0.9971089214086533,0.002442702893167734,0.07673714868724346,0.906367689371109,0.8333803564310074,0.004047708136495203,0.9039528518915176,0.0006529639213113114,0.0016050052510399838,0.0014472972543444484,0.9994409364461899,2121.485110229909,14000,100,0.002442702893167734
injection,14001,0.01,0.9970570653676987,0.0023803217883687465,0.0774123091250658,0.9064275026321411,0.8337882608175278,0.0038908545835874974,0.9043902903795242,0.0010057017498183995,0.0015105327856144869,0.0018621901399455965,0.9995247572660446,2136.7192599728933,14100,100,0.0023803217883687465
injection,14101,0.01,0.9971501976251602,0.002469080707523972,0.07596412487328053,0.9064838737249374,0.8338965177536011,0.004074628453236073,0.9041475206613541,0.0007296077928913292,0.0016055477374902693,0.0013679928742931224,0.9994645363092423,2151.8705851039012,14200,100,0.002469080707523972
injection,14201,0.01,0.9970410764217377,0.0023941117734648286,0.07767406105995178,0.9065451323986053,0.833599328994751,0.003929070255253464,0.9039855450391769,0.0008445127459708601,0.0015349584842624608,0.0012761267280438915,0.9994791865348815,2167.0086962118967,14300,100,0.0023941117734648286
injection,14301,0.01,0.9972410500049591,0.0024553934996947645,0.07496083341538906,0.9065763056278229,0.8333883583545685,0.004115869300439954,0.904521107673645,0.0007357454887824133,0.0016604757912864444,0.0009078705916181207,0.999425476193428,2182.122018438895,14400,100,0.0024553934996947645
injection,14401,0.01,0.997024342417717,0.0024289910797961056,0.07765423320233822,0.9066198915243149,0.8332531899213791,0.003981882494408637,0.9047551900148392,0.0009341284167021513,0.0015528914239985169,0.0015570871910313144,0.9995035994052887,2197.2664215088935,14500,100,0.0024289910797961056
injection,14501,0.01,0.9972896873950958,0.002221767749870196,0.07393503747880459,0.906719833612442,0.8338787257671356,0.0035399332048837097,0.9045388698577881,0.0008272531849797815,0.0013181654479194548,0.0015232255500450265,0.9995670747756958,2212.5709462658997,14600,100,0.002221767749870196
injection,14601,0.01,0.9970922768115997,0.002380802483530715,0.0769183337688446,0.90676648914814,0.8332130014896393,0.003892383121419698,0.9046566337347031,0.0009186452043650206,0.00151158064698393,0.0009162616988760419,0.9995158064365387,2228.1246073449092,14700,100,0.002380802483530715
injection,14701,0.01,0.9972248077392578,0.0023902018764056267,0.07500237785279751,0.9068246632814407,0.8328584879636765,0.003942383604589849,0.9049882739782333,0.0010083496490551624,0.0015521817182889209,0.0015044347310322337,0.9995084846019745,2243.3646756079143,14800,100,0.0023902018764056267
injection,14801,0.01,0.9971151500940323,0.002323317746631801,0.07660231553018093,0.9068793952465057,0.8326589465141296,0.0035968407755717635,0.9051221609115601,0.0004293872771086171,0.001273523015261162,0.0009591205598553643,0.9995800983905793,2258.484294698914,14900,100,0.002323317746631801
injection,14901,0.01,0.9972123503684998,0.0023296839965041725,0.07537701725959778,0.9069410562515259,0.8333419859409332,0.0037867497000843285,0.9048506617546082,0.0004987267166143283,0.0014570657134754584,0.0009055945265572518,0.9995027858018876,2273.5451580269128,15000,100,0.0023296839965041725
injection,15001,0.01,0.9973235130310059,0.0022116470406763258,0.07388507947325706,0.9070264250040054,0.8335929214954376,0.003467523034196347,0.9049973487854004,0.0005615230675175553,0.0012558759851526702,0.0010837921836355235,0.9995800960063934,2288.8692533199173,15100,100,0.0022116470406763258
injection,15101,0.01,0.9969490468502045,0.002394203814910725,0.07877676375210285,0.9071120768785477,0.8336806893348694,0.003838585740886629,0.9052039533853531,0.0017043203406501561,0.0014443819236475974,0.0021960019948892295,0.9995263850688935,2304.4478067309155,15200,100,0.002394203814910725
injection,15201,0.01,0.9974257200956345,0.0022863912803586573,0.0724439024925232,0.9071984440088272,0.8340519517660141,0.003630275148898363,0.9047918766736984,0.00044649253686657175,0.0013438838715956081,0.0010943449306068942,0.9995695167779922,2319.806317174918,15300,100,0.0022863912803586573
injection,15301,0.01,0.9973472952842712,0.0021582972933538256,0.07342107407748699,0.9073281586170197,0.8347585499286652,0.0032113721268251538,0.9048952758312225,0.0007401019865937997,0.001053074829869729,0.0011420330702094361,0.9996525263786316,2334.8706201279183,15400,100,0.0021582972933538256
injection,15401,0.01,0.9972626715898514,0.0023472237470559777,0.07447116263210773,0.9074130356311798,0.8349290788173676,0.003803830919787288,0.9052110612392426,0.0017599299171706662,0.001456607184445602,0.0025798062997637317,0.9995125544071197,2350.1667385779238,15500,100,0.0023472237470559777
injection,15501,0.01,0.9970927089452744,0.0023507743689697236,0.07687476091086864,0.9074330776929855,0.8342754244804382,0.0038298496196512133,0.9050254672765732,0.001075577747542411,0.0014790752503904515,0.001839838776504621,0.9995206886529923,2365.22170121992,15600,100,0.0023507743689697236
injection,15601,0.01,0.9973658919334412,0.0021379341976717117,0.07313014753162861,0.907453641295433,0.834396094083786,0.003255316704744473,0.9056370258331299,0.0008568602352170274,0.0011173825017613125,0.0021342646214179695,0.9996167188882827,2380.328423148916,15700,100,0.0021379341976717117
injection,15701,0.01,0.9972104728221893,0.0023332551622297615,0.07539509050548077,0.907507449388504,0.8338812440633774,0.003916808411013335,0.9054389744997025,0.0012211801949888468,0.0015835532385972328,0.0022098174958955497,0.9994637233018875,2395.5857133299196,15800,100,0.0023332551622297615
injection,15801,0.01,0.997420996427536,0.002261060543823987,0.0725269727408886,0.9075654596090317,0.8340935409069061,0.00360736490925774,0.9053438156843185,0.001038001365486707,0.0013463043596129865,0.0007392604929918889,0.9995621943473816,2410.891360166923,15900,100,0.002261060543823987
injection,15901,0.01,0.9971456527709961,0.002298266248544678,0.07607460767030716,0.9075979590415955,0.8337977379560471,0.003857085220515728,0.9054374843835831,0.0016677403546054848,0.0015588189754635095,0.002284480258822441,0.9994970893859864,2426.3682165639184,16000,100,0.002298266248544678
injection,16001,0.01,0.9973469525575638,0.0021725978690665215,0.07355725392699242,0.9076426029205322,0.8338374644517899,0.003313430699054152,0.90520378947258,0.0008756525385251734,0.0011408328257675748,0.0011413339016144164,0.9996305525302887,2441.7176604309225,16100,100,0.0021725978690665215
injection,16101,0.01,0.9974769800901413,0.00220658014412038,0.07168310508131981,0.9076805263757706,0.8334336429834366,0.003526298415381461,0.9056861996650696,0.0007167139337980188,0.0013197182684962171,0.00107396807288751,0.9995695197582245,2456.844745759927,16200,100,0.00220658014412038
injection,16201,0.01,0.9974022805690765,0.00217143188114278,0.07257112674415112,0.9077036529779434,0.8334847837686539,0.003456838066922501,0.9057281166315079,0.0006940581297385506,0.0012854061864345568,0.0010493316149222665,0.9995703315734863,2472.018031310932,16300,100,0.00217143188114278
injection,16301,0.01,0.9970848709344864,0.0023315913835540414,0.07706479914486408,0.9077818244695663,0.833598256111145,0.0038784089125692843,0.9054454863071442,0.001476313205785118,0.0015468175168643938,0.001732041739160195,0.9994848823547363,2487.160014107949,16400,100,0.0023315913835540414
injection,16401,0.01,0.9974261075258255,0.002242679811315611,0.0724762100726366,0.9077893048524857,0.8328228294849396,0.003734256925527006,0.9060171544551849,0.0005234584714344237,0.0014915771333471638,0.0008274690408143215,0.9995084822177887,2502.397768394945,16500,100,0.002242679811315611
injection,16501,0.01,0.9974368214607239,0.0022271083702798933,0.07235598936676979,0.9078137278556824,0.8325295746326447,0.003605802448000759,0.9059380292892456,0.00043061872929683886,0.001378694079030538,0.0007976700289873406,0.9995573103427887,2517.8566614849497,16600,100,0.0022271083702798933
injection,16601,0.01,0.997387483716011,0.0021487861010245977,0.07310238480567932,0.9078742265701294,0.8327842056751251,0.0032880570460110904,0.9056349843740463,0.0005179314721317496,0.0011392709312349324,0.0007671883067814633,0.9996370625495911,2533.3557919569557,16700,100,0.0021487861010245977
injection,16701,0.01,0.9974563270807266,0.0023037652287166564,0.07201260700821877,0.907950833439827,0.8332756161689758,0.003734611829277128,0.9059271663427353,0.00038855230377521366,0.00143084660077875,0.0008843909454299137,0.9995223158597946,2548.46746162596,16800,100,0.0023037652287166564
injection,16801,0.01,0.9973564147949219,0.0022401032701600343,0.0734054371714592,0.9080410450696945,0.8337920606136322,0.00358937757788226,0.906059131026268,0.0004584010675898753,0.0013492742944799828,0.0009190785713144578,0.9995841664075852,2563.6431176759634,16900,100,0.0022401032701600343
injection,16901,0.01,0.9973863065242767,0.00215074289473705,0.07295131124556065,0.9080645740032196,0.8332258611917496,0.0034806016832590104,0.9062021374702454,0.0002944871193903964,0.0013298588039833703,0.0006023404712323099,0.9995540565252304,2578.8260543459764,17000,100,0.00215074289473705
injection,17001,0.01,0.9973903149366379,0.0022484820429235696,0.07296282425522804,0.9080990850925446,0.8330300152301788,0.003617099232506007,0.9061831831932068,0.0010462478821864352,0.0013686171871449915,0.0013356368872337043,0.9995442914962769,2594.0538104259685,17100,100,0.0022484820429235696
injection,17101,0.01,0.997459888458252,0.0021222464193124324,0.07180677726864815,0.9081451743841171,0.8328818082809448,0.0031865589786320924,0.9061920642852783,0.0010363235924160108,0.0010643125647766282,0.0012222981822560541,0.9996419441699982,2609.2374313849723,17200,100,0.0021222464193124324
injection,17201,0.01,0.9972596019506454,0.002225633249618113,0.07435589656233788,0.9082228094339371,0.8327180445194244,0.003744984590448439,0.9062701910734177,0.0005492375062203791,0.0015193513291887938,0.0010479679885975202,0.9994889527559281,2624.425599983975,17300,100,0.002225633249618113
injection,17301,0.01,0.9972643405199051,0.0022086984536144882,0.07454544119536877,0.9082231521606445,0.8321718573570251,0.003645779888611287,0.9064712077379227,0.0017425998594262637,0.0014370814355061158,0.001908366015413776,0.9995442879199982,2639.663646256975,17400,100,0.0022086984536144882
injection,17401,0.01,0.997454509139061,0.0021088374906685203,0.07192219980061054,0.9082586914300919,0.8313897401094437,0.0033926807017996908,0.9064934998750687,0.0007997879965842003,0.0012838432241551346,0.001473143813200295,0.9995752137899399,2654.8415610749817,17500,100,0.0021088374906685203
injection,17501,0.01,0.9974143356084824,0.0021374075242783872,0.07253032363951206,0.9082981050014496,0.8315423130989075,0.003396096951328218,0.906525731086731,0.000687865678628441,0.0012586894393461989,0.0013607334112748504,0.9995980000495911,2670.1512859769755,17600,100,0.0021374075242783872
injection,17601,0.01,0.9975878000259399,0.0021185228787362577,0.07012612745165825,0.9083470553159714,0.8314363956451416,0.003338302292395383,0.906224399805069,0.0002988890228152741,0.0012197794151870766,0.0005748687108280137,0.9996093928813934,2685.3292179529835,17700,100,0.0021185228787362577
injection,17701,0.01,0.9974878430366516,0.002158126829890534,0.07156326435506344,0.9084009826183319,0.8316549807786942,0.0033904177241493015,0.9062801897525787,0.0007772106491756858,0.001232290889347496,0.0009773813799256459,0.9995890498161316,2700.551632031993,17800,100,0.002158126829890534
injection,17801,0.01,0.9973315596580505,0.0020839925308246167,0.07374261505901814,0.9085115045309067,0.8320719301700592,0.0030589514621533454,0.9067679345607758,0.0006413982737285551,0.0009749589147395454,0.0015992261905921623,0.9996761244535446,2715.6084258319897,17900,100,0.0020839925308246167
injection,17901,0.01,0.997500479221344,0.00210757676162757,0.07135758735239506,0.9086414277553558,0.8325212448835373,0.0032760072126984596,0.9066788703203201,0.0010483810619916767,0.001168430454126792,0.0009603731741663069,0.999612649679184,2730.914223627995,18000,100,0.00210757676162757
injection,18001,0.01,0.997326523065567,0.0022287390276324003,0.07385879755020142,0.9086800217628479,0.8322947472333908,0.0037654048786498607,0.9065079838037491,0.0022128855998744257,0.0015366658510174603,0.0018946428608614951,0.9994913923740387,2746.4195842499958,18100,100,0.0022287390276324003
injection,18101,0.01,0.9975541085004807,0.002051696189446375,0.07050819881260395,0.9086679369211197,0.8318451195955276,0.0032931339589413254,0.9068696349859238,0.0013508907504728995,0.0012414377636014251,0.001184176726383157,0.999595558643341,2761.601375362001,18200,100,0.002051696189446375
injection,18201,0.01,0.9976064115762711,0.002101391211617738,0.06978882104158401,0.9086707234382629,0.8313372433185577,0.0033530059945769608,0.9065907448530197,0.0010686765399441356,0.0012516147898713826,0.0011979540722677484,0.9995898640155793,2776.729539208991,18300,100,0.002101391211617738
injection,18301,0.01,0.9973905682563782,0.002140377551550046,0.07285981066524982,0.9086940586566925,0.8303243815898895,0.003464930934133008,0.9068520069122314,0.0003978466702392325,0.0013245533814188093,0.0013492139842128381,0.9995589423179626,2792.0701315039933,18400,100,0.002140377551550046
injection,18401,0.01,0.9975710213184357,0.0021300911938305946,0.07043561711907387,0.9087254256010056,0.8300570994615555,0.0034442179463803767,0.9072883278131485,0.0010376321497460594,0.0013141267404716927,0.0008772453875280917,0.9995597505569458,2807.279118936989,18500,100,0.0021300911938305946
injection,18501,0.01,0.9975889623165131,0.0019893724168650808,0.070098627358675,0.9087850749492645,0.8300087451934814,0.003071153397904709,0.9067877233028412,0.0006768263774574734,0.001081780986423837,0.0013315564137883484,0.9996533370018006,2822.5733572589925,18600,100,0.0019893724168650808
injection,18601,0.01,0.9976000040769577,0.0020684262015856804,0.06999054923653603,0.9088747501373291,0.8304412961006165,0.0030680499272421,0.9068850874900818,0.00027184929967916105,0.00099962373424205,0.0007516282712458633,0.999665544629097,2837.9972123259886,18700,100,0.0020684262015856804
injection,18701,0.01,0.9975972771644592,0.0020398931892123074,0.06995211727917194,0.9089344590902328,0.8311068266630173,0.003178961327066645,0.9068944901227951,0.000607748124821228,0.001139068116171984,0.0009335685717815068,0.9996224164962768,2853.3638553689907,18800,100,0.0020398931892123074
injection,18801,0.01,0.9974414855241776,0.0021327910106629135,0.0721884686499834,0.9090264141559601,0.8310631811618805,0.003333006961038336,0.9067092388868332,0.0008252976040239446,0.001200215947246761,0.0013289373746374622,0.9995963716506958,2868.4516562119916,18900,100,0.0021327910106629135
injection,18901,0.01,0.997524082660675,0.0020583522086963057,0.07111806608736515,0.9090641438961029,0.8303364962339401,0.0032734745170455424,0.9073351323604584,0.0008331193093908951,0.0012151222979446174,0.001230852139997296,0.9996207880973816,2883.675935101988,19000,100,0.0020583522086963057
injection,19001,0.01,0.9974491000175476,0.002083567378576845,0.07208498753607273,0.9090958386659622,0.8299283534288406,0.0033918812964111567,0.9070635586977005,0.0007311418885365129,0.001308313908521086,0.0014580318820662796,0.9995581257343292,2898.9126870569708,19100,100,0.002083567378576845
injection,19101,0.01,0.9974182695150375,0.002165835357736796,0.07255891337990761,0.9091194868087769,0.8300502896308899,0.003473664098419249,0.9069947451353073,0.0012730137459584512,0.0013078287323151016,0.0016496503085363656,0.9995906764268875,2914.23925010297,19200,100,0.002165835357736796
injection,19201,0.01,0.9975963979959488,0.002091120989061892,0.07018284499645233,0.9092171490192413,0.8297662883996964,0.0034026693121995775,0.9075001031160355,0.000482659899716964,0.001311548315206892,0.0007550918235210702,0.9995743983983993,2929.825364189963,19300,100,0.002091120989061892
injection,19301,0.01,0.9976940751075745,0.0019909078080672772,0.06856847554445267,0.9092391431331635,0.8293873369693756,0.002922001201659441,0.9071200340986252,0.00034773389052134007,0.0009310933790038689,0.0007930211650091223,0.9996883308887482,2945.1490586199707,19400,100,0.0019909078080672772
injection,19401,0.01,0.9973835796117783,0.0020597304624971,0.07300451397895813,0.9093096703290939,0.8294682502746582,0.003297769979108125,0.9074269980192184,0.001026855952659389,0.0012380395099899034,0.001040071751049254,0.9995744007825852,2960.321582876957,19500,100,0.0020597304624971
injection,19501,0.01,0.9975941777229309,0.002060546223074198,0.070059759542346,0.9093975722789764,0.8300304710865021,0.0030285105854272842,0.907539114356041,0.000295533981443441,0.0009679643644631142,0.0005657811925630085,0.9996777534484863,2975.6768119549524,19600,100,0.002060546223074198
injection,19601,0.01,0.9977781474590302,0.0020072080742102117,0.06716045178472996,0.9094782769680023,0.8303413838148117,0.003027330850018188,0.9076848477125168,0.000543391090559453,0.001020122776099015,0.0008224462699217838,0.9996663612127304,2990.8140382719503,19700,100,0.0020072080742102117
injection,19701,0.01,0.9976037293672562,0.0021045408910140397,0.06981251388788223,0.909524217247963,0.8303458839654922,0.0032551171199884264,0.9072267264127731,0.00046890062003512867,0.0011505762415981735,0.000933480027015321,0.9995988124608993,3006.150215567948,19800,100,0.0021045408910140397
injection,19801,0.01,0.9978407323360443,0.0019414183299522848,0.0663768108934164,0.9095764309167862,0.8302217572927475,0.0029100614215712994,0.9076247662305832,0.0002322420186828822,0.0009686430940928403,0.0005232577823335305,0.9996867018938065,3021.3170267829464,19900,100,0.0019414183299522848
injection,19901,0.01,0.997826099395752,0.0019056719192303718,0.06658643670380116,0.909710243344307,0.8312947452068329,0.0029091834858991205,0.9079756736755371,0.0001719343963486608,0.0010035115631399094,0.0004367693036329001,0.9996655464172364,3036.460781748943,20000,100,0.0019056719192303718
baseline,1,0.0,0.9871561825275421,0.03353730537928641,0.16253703832626343,0.999269649386406,0.17628031224012375,3.8258150744438173,1.0098554193973541,4.36702299118042,3.7922777795791625,0.27049996331334114,0.09783691650256515,16.739366961999735,100,100,0.03353730537928641
baseline,101,0.0,0.9495663493871689,0.037470830287784335,0.2937450595200062,0.9989559948444366,0.3628046475350857,3.6308930993080137,0.995821014046669,4.358875513076782,3.593422269821167,0.4194849245250225,0.13906250447034835,31.689396141999623,200,100,0.037470830287784335
baseline,201,0.0,0.9430070072412491,0.04562772773206234,0.30838507413864136,0.9986360371112823,0.4605124369263649,3.458852081298828,0.9765480011701584,4.241245269775391,3.4132243490219114,0.500079520046711,0.18279053270816803,46.58989176199964,300,100,0.04562772773206234
baseline,301,0.0,0.9487460851669312,0.03736885454505682,0.28536907583475113,0.9982439130544662,0.4827941879630089,3.443724615573883,0.972304105758667,4.165030598640442,3.4063557624816894,0.43639904260635376,0.1834285531938076,61.724619285999324,400,100,0.03736885454505682
baseline,401,0.0,0.947453573346138,0.035927689373493193,0.2830207645893097,0.9979355931282043,0.5187259465456009,3.440846815109253,0.9643399119377136,4.13137948513031,3.4049191308021545,0.40977516025304794,0.18347575321793555,76.61302139099814,500,100,0.035927689373493193
baseline,501,0.0,0.94500333070755,0.03634076558053494,0.2851411923766136,0.9977095723152161,0.5317758619785309,3.439532284736633,0.964772030711174,4.119953393936157,3.4031915187835695,0.3972867727279663,0.18381103992462158,91.64433191899764,600,100,0.03634076558053494
baseline,601,0.0,0.9283871501684189,0.04260992377996445,0.32176800072193146,0.9975994378328323,0.5672148615121841,3.417393786907196,0.9542601108551025,4.125069260597229,3.3747838640213015,0.43742962181568146,0.18741455554962158,106.4799953709977,700,100,0.04260992377996445
baseline,701,0.0,0.592978723347187,0.19161146257072686,0.7075885608792305,0.998042955994606,0.8239191770553589,2.762506102323532,0.6920017898082733,4.1633607149124146,2.5708946418762206,1.4834708869457245,0.3068359461426735,121.4702005849989,800,100,0.19161146257072686
baseline,801,0.0,0.13408082723617554,0.42627849310636523,1.0063699781894684,1.0014652162790298,0.9893780201673508,0.9778224337100982,0.31838684529066086,4.1919025182724,0.5515439373254776,3.4287334084510803,0.8248340028524399,136.2873267470003,900,100,0.42627849310636523
baseline,901,0.0,0.15870585665106773,0.42375185668468474,0.9936346560716629,1.0056120455265045,0.9911644905805588,0.5440122574567795,0.2905481532216072,4.076456308364868,0.12026040274649859,3.8896247148513794,0.9632267451286316,151.17217862900054,1000,100,0.42375185668468474
baseline,1001,0.0,0.2071860246360302,0.4150659871101379,0.97780542075634,1.0077238976955414,0.991347149014473,0.475288388133049,0.2744610831141472,3.9328418374061584,0.06022239994257689,3.8351545333862305,0.9810221552848816,166.31145832300115,1100,100,0.4150659871101379
baseline,1101,0.0,0.2770768031477928,0.4026832923293114,0.9578799605369568,1.0071504414081573,0.9894914776086807,0.43999481230974197,0.2785700783133507,3.708436071872711,0.037311519179493186,3.64851051568985,0.988463562130928,181.45484642600206,1200,100,0.4026832923293114
baseline,1201,0.0,0.3707427307963371,0.3822222605347633,0.9283500611782074,1.0037225186824799,0.9844215363264084,0.40837586879730225,0.3019558936357498,3.395468771457672,0.02615360773168504,3.350309729576111,0.9919995337724685,196.3548994840022,1300,100,0.3822222605347633
baseline,1301,0.0,0.45390671491622925,0.35594561755657195,0.8942547142505646,0.9980945885181427,0.9768678098917007,0.3771988555788994,0.3570401817560196,3.044802486896515,0.021253237538039683,3.0038591623306274,0.993611673116684,211.0900435010011,1400,100,0.35594561755657195
baseline,1401,0.0,0.5187762975692749,0.32922129303216935,0.8605758249759674,0.9916147738695145,0.9699775725603104,0.3462300983071327,0.40929827839136124,2.6673008799552917,0.017008804683573544,2.6370832324028015,0.9949227076768875,225.86848783100288,1500,100,0.32922129303216935
baseline,1501,0.0,0.5673586130142212,0.3060924908518791,0.8295988291501999,0.9851249158382416,0.9631277024745941,0.3228791818022728,0.4500444158911705,2.335736095905304,0.016786691569723188,2.3030450344085693,0.9949275928735734,240.84262724200278,1600,100,0.3060924908518791
baseline,1601,0.0,0.6214832216501236,0.28066315114498136,0.7925884574651718,0.9784334897994995,0.9545321464538574,0.29585942298173906,0.47728604823350906,2.077516049146652,0.015196272623725235,2.0496865808963776,0.9954565632343292,256.1132486530031,1700,100,0.28066315114498136
baseline,1701,0.0,0.6985689401626587,0.24193527564406395,0.7307314425706863,0.9712786376476288,0.9454451650381088,0.25376390159130097,0.5334271490573883,1.808137834072113,0.011828625602647662,1.784836083650589,0.9966813349723815,271.14140460300393,1800,100,0.24193527564406395
baseline,1801,0.0,0.7659836858510971,0.19914543256163597,0.6587092131376266,0.9646512269973755,0.9385737478733063,0.21064331114292145,0.614636093378067,1.494132399559021,0.011497878334484995,1.4710361957550049,0.9967057490348816,285.9917634680029,1900,100,0.19914543256163597
baseline,1901,0.0,0.8157517910003662,0.15968949645757674,0.5900942981243134,0.9583051949739456,0.9302810579538345,0.17052101597189903,0.6978687644004822,1.2145643532276154,0.010831519644707441,1.1954782903194427,0.9968847852945327,301.08273808000365,2000,100,0.15968949645757674
baseline,2001,0.0,0.8418179005384445,0.13583485871553422,0.5454455316066742,0.9533862173557281,0.9229048639535904,0.14681671187281609,0.7602895349264145,0.9956256300210953,0.010981852165423333,0.9773195683956146,0.9966365742683411,315.95181792000324,2100,100,0.13583485871553422
baseline,2101,0.0,0.8462487608194351,0.1273733325302601,0.5348478257656097,0.950555607676506,0.9169186055660248,0.13744551435112953,0.7905373275279999,0.8781848847866058,0.01007218262180686,0.8652639836072922,0.996978372335434,330.97899865200077,2200,100,0.1273733325302601
baseline,2201,0.0,0.8397602587938309,0.13086552649736405,0.543809249997139,0.9488408118486404,0.9118588715791702,0.14060260698199273,0.7901609838008881,0.8122398108243942,0.009737081166822464,0.7988949865102768,0.9970060437917709,345.9052488220003,2300,100,0.13086552649736405
baseline,2301,0.0,0.8353575766086578,0.13438830271363258,0.5503359287977219,0.9473053961992264,0.9102810025215149,0.14373622894287108,0.7803466022014618,0.7476518303155899,0.009347926452755928,0.7366533726453781,0.997085794210434,360.8983333469988,2400,100,0.13438830271363258
baseline,2401,0.0,0.8324275761842728,0.1346966055035591,0.5549401193857193,0.9450431913137436,0.9070986211299896,0.14373363316059112,0.7691164463758469,0.6817423552274704,0.009037027452141046,0.6677965968847275,0.9971655482053756,375.73114584699977,2500,100,0.1346966055035591
baseline,2501,0.0,0.8395590633153915,0.13073281958699226,0.5443117022514343,0.9422038495540619,0.9033347368240356,0.13947191819548607,0.7672023624181747,0.5566829890012741,0.008739099139347672,0.5481174513697624,0.9972941309213639,390.7129926199997,2600,100,0.13073281958699226
baseline,2601,0.0,0.8543769866228104,0.11929716281592846,0.5210936069488525,0.9386248737573624,0.8982774615287781,0.12660019733011724,0.7784348875284195,0.4428204447031021,0.007303034400101751,0.4344070851802826,0.9977400922775268,405.59264032199906,2700,100,0.11929716281592846
baseline,2701,0.0,0.8703614473342896,0.10672426320612431,0.49369168281555176,0.9355313330888748,0.8941287994384766,0.11446717642247677,0.7991897612810135,0.36857305467128754,0.00774291300913319,0.3591153770685196,0.9975423383712768,420.66045614200027,2800,100,0.10672426320612431
baseline,2801,0.0,0.8791627734899521,0.09867379993200302,0.47763510048389435,0.9332103878259659,0.8914906084537506,0.10629452668130397,0.8106483370065689,0.3049672916531563,0.007620726709719747,0.2977032735943794,0.9975634968280792,435.6820536620004,2900,100,0.09867379993200302
baseline,2901,0.0,0.885442852973938,0.09459273494780064,0.4662434831261635,0.9312237650156021,0.8896156847476959,0.10219907537102699,0.8113404363393784,0.24752730131149292,0.007606340212514624,0.24087249860167503,0.9975911647081375,450.72242575700113,3000,100,0.09459273494780064
baseline,3001,0.0,0.8928914964199066,0.088878658041358,0.45215940475463867,0.9288874864578247,0.8882862031459808,0.09554680474102498,0.8141417652368546,0.17649435624480247,0.006668146908050403,0.17093465104699135,0.9978410035371781,465.8169646829998,3100,100,0.088878658041358
baseline,3101,0.0,0.8954869359731674,0.08541894108057022,0.4467930272221565,0.9265836924314499,0.885966882109642,0.09223013773560523,0.8167537599802017,0.13270777091383934,0.006811196678318083,0.12737761810421944,0.9977734583616257,480.8088226199985,3200,100,0.08541894108057022
baseline,3201,0.0,0.8965536057949066,0.08428534716367722,0.4444964751601219,0.9243101477622986,0.8838373422622681,0.08998981669545174,0.8145673424005508,0.10898751951754093,0.005704469543416053,0.10434999689459801,0.9982812714576721,495.7665859439984,3300,100,0.08428534716367722
baseline,3301,0.0,0.9011614620685577,0.08118506491184235,0.435006819665432,0.9218697249889374,0.8820516914129257,0.08733680494129657,0.8138532042503357,0.09822752512991428,0.006151740086497739,0.09410828910768032,0.998084329366684,510.8223493119982,3400,100,0.08118506491184235
baseline,3401,0.0,0.9119563698768616,0.07286484979093075,0.4122510850429535,0.9190072268247604,0.8800833523273468,0.07841274224221706,0.8175351023674011,0.07861925102770329,0.005547892284812406,0.07515228912234306,0.9982682520151138,525.8452093259983,3500,100,0.07286484979093075
baseline,3501,0.0,0.9302097856998444,0.059472429268062114,0.3692817986011505,0.9157446473836899,0.8768512606620789,0.06485559482127429,0.8334362655878067,0.05086247529834509,0.005383165569510311,0.048167903907597065,0.9983724170923233,540.6470280089965,3600,100,0.059472429268062114
baseline,3601,0.0,0.9470449984073639,0.04509972032159567,0.323548786342144,0.9129354953765869,0.8731247037649155,0.05090483348816633,0.8547743409872055,0.04084005020558834,0.0058051132562104615,0.035696566104888916,0.9981974494457245,555.564903033997,3700,100,0.04509972032159567
baseline,3701,0.0,0.9576950669288635,0.03572455465793609,0.2902017906308174,0.9114646464586258,0.8716730326414108,0.04087001267820597,0.867370992898941,0.026070380583405495,0.00514545796206221,0.022608274593949318,0.9984017115831375,570.3770874149976,3800,100,0.03572455465793609
baseline,3801,0.0,0.9645103961229324,0.029897022042423487,0.26649635285139084,0.9106693416833878,0.8704803138971329,0.035073545202612876,0.8751264959573746,0.017621317179873586,0.0051765232463367285,0.014324852731078863,0.9984285664558411,585.3618682259988,3900,100,0.029897022042423487
baseline,3901,0.0,0.9683524817228317,0.026540359128266574,0.25175436958670616,0.9101674556732178,0.8698925822973251,0.031366801168769595,0.8795164525508881,0.012550343992188573,0.004826442120829597,0.011003786465153098,0.9984741401672363,600.2492236699992,4000,100,0.026540359128266574
baseline,4001,0.0,0.9711799770593643,0.02422864057123661,0.2403685823082924,0.9098535776138306,0.870036169886589,0.028721451833844183,0.8822939991950989,0.010863230796530843,0.0044928112870547925,0.00932937185280025,0.9985978406667709,615.228755622,4100,100,0.02422864057123661
baseline,4101,0.0,0.9730550348758698,0.022645957712084056,0.23243262618780136,0.9096151292324066,0.8693435937166214,0.027434088587760926,0.8851894289255142,0.008797856979072094,0.004788130922242999,0.007743874914012849,0.9985091358423233,630.1275325359992,4200,100,0.022645957712084056
baseline,4201,0.0,0.9738952815532684,0.021564612090587618,0.22874163836240768,0.9094534814357758,0.8691214025020599,0.02676880605518818,0.8858772665262222,0.010052764671854675,0.005204194068210199,0.009010014706291258,0.9983187055587769,645.0758234929993,4300,100,0.021564612090587618
baseline,4301,0.0,0.9750346392393112,0.020760688576847316,0.22377172112464905,0.9093178808689117,0.8684457391500473,0.025935299005359413,0.886814296245575,0.007471914286725223,0.0051746103254845365,0.006556578795425594,0.9983716040849686,659.9043969060009,4400,100,0.020760688576847316
baseline,4401,0.0,0.9760729521512985,0.019916684739291667,0.21905655413866043,0.9092016220092773,0.8682807832956314,0.024061186984181405,0.8874340802431107,0.007271415088325739,0.004144502163399011,0.006125538900960237,0.9986718946695328,674.6067892000002,4500,100,0.019916684739291667
baseline,4501,0.0,0.9765360504388809,0.01958518799394369,0.2168652005493641,0.9090714603662491,0.8676785975694656,0.02433470506221056,0.8879180699586868,0.007472848170436919,0.004749517150921747,0.006422147620469332,0.9984912294149398,689.6630756789995,4600,100,0.01958518799394369
baseline,4601,0.0,0.9766569882631302,0.019122357200831174,0.21622534841299057,0.9089401364326477,0.8678397089242935,0.023414040952920913,0.8881241977214813,0.007876081159338355,0.004291683742776513,0.006898678955622017,0.9986189955472946,704.536817285,4700,100,0.019122357200831174
baseline,4701,0.0,0.977423831820488,0.018804168794304132,0.21259699389338493,0.9087541550397873,0.8670095652341843,0.022808633018285035,0.8880072385072708,0.005221435916610062,0.004004464285098947,0.00489306915551424,0.9987272322177887,719.5107532039998,4800,100,0.018804168794304132
baseline,4801,0.0,0.9774918705224991,0.018601581212133168,0.21225513890385628,0.9085148721933365,0.8659065216779709,0.023025207370519638,0.8880321383476257,0.006822897703386843,0.004423626090865582,0.006929835653863847,0.9985766816139221,734.5857132469981,4900,100,0.018601581212133168
baseline,4901,0.0,0.9782278388738632,0.01809818862006068,0.20878978818655014,0.9081689715385437,0.8654797971248627,0.022396815214306115,0.8882049024105072,0.006295404164120555,0.004298626502859406,0.004866370698437095,0.9986010932922363,749.7342532719975,5000,100,0.01809818862006068
baseline,5001,0.0,0.978508859872818,0.01786318637430668,0.2074369713664055,0.9078577607870102,0.8648749440908432,0.021824411191046236,0.8876352906227112,0.005030404776334763,0.003961224799859338,0.0039791526505723596,0.9987426954507828,764.6158818249972,5100,100,0.01786318637430668
baseline,5101,0.0,0.978547140955925,0.017735005859285592,0.20724022760987282,0.9075035452842712,0.8650567829608917,0.02172518990933895,0.8873729556798935,0.004686904896516353,0.003990184111753479,0.004366522538475692,0.9987150287628174,779.5395785679981,5200,100,0.017735005859285592
baseline,5201,0.0,0.9787714928388596,0.01748385464772582,0.20612840354442596,0.907068595290184,0.8640780597925186,0.02114494990557432,0.8869079053401947,0.005467972543556243,0.0036610953020863235,0.00500194588676095,0.9987915235757828,794.3593857469965,5300,100,0.01748385464772582
baseline,5301,0.0,0.9791859090328217,0.01699706297367811,0.2041921354830265,0.906511977314949,0.8632925003767014,0.02025395095348358,0.8866003155708313,0.004162142227869481,0.0032568879291648045,0.004016364866402,0.9989355665445327,809.7165061909974,5400,100,0.01699706297367811
baseline,5401,0.0,0.9797376990318298,0.01654835281893611,0.20154810324311256,0.9059187769889832,0.8622100055217743,0.02068465741351247,0.8865738362073898,0.005251652677543461,0.004136304577696137,0.005210573901422322,0.9986133027076721,825.0974439219962,5500,100,0.01654835281893611
baseline,5501,0.0,0.981379508972168,0.015405862480401994,0.1933177374303341,0.9053315818309784,0.8612329512834549,0.018653674265369773,0.8873977810144424,0.0026525697321631014,0.0032478118417202497,0.0030801680986769497,0.9989559125900268,840.1225706319962,5600,100,0.015405862480401994
baseline,5601,0.0,0.9824212193489075,0.014612439554184675,0.1879650466144085,0.9047601372003555,0.8598805814981461,0.018506037527695297,0.8873062133789062,0.003487486159428954,0.0038935980037786066,0.00398837449029088,0.9986954951286315,855.1664541819972,5700,100,0.014612439554184675
baseline,5701,0.0,0.9837462157011032,0.013518547685816885,0.18077107891440392,0.9042049795389175,0.8590430617332458,0.01694689080119133,0.8882024586200714,0.0038699109572917223,0.003428343150881119,0.004575669241603464,0.998846048116684,870.1137236059973,5800,100,0.013518547685816885
baseline,5801,0.0,0.9850526005029678,0.012489240001887083,0.17350343987345695,0.9036464542150497,0.8573780953884125,0.01592815574258566,0.8891048580408096,0.002898908918723464,0.0034389157552504913,0.0031179998768493533,0.9989111560583115,885.2777144639978,5900,100,0.012489240001887083
baseline,5901,0.0,0.9861945360898972,0.01140994087792933,0.16688024252653122,0.9031688719987869,0.8556245714426041,0.015129099218174815,0.88960400223732,0.0036883401917293668,0.0037191583483945577,0.004048387054353952,0.9987703669071197,900.2404026559988,6000,100,0.01140994087792933
baseline,6001,0.0,0.9875982254743576,0.010475204735994339,0.15829380974173546,0.9027606099843979,0.8542868345975876,0.01388047863729298,0.8900165408849716,0.0034630219743121415,0.00340527388791088,0.0036152753746137023,0.9988891804218292,915.3601890929975,6100,100,0.010475204735994339
baseline,6101,0.0,0.9886262863874435,0.009567119395360351,0.1516868658363819,0.9024465978145599,0.8530740588903427,0.012673850674182176,0.8917048126459122,0.0018091714882757515,0.0031067313009407373,0.0022260132536757737,0.999004738330841,930.4244831379971,6200,100,0.009567119395360351
baseline,6201,0.0,0.9893723726272583,0.009007794205099345,0.14661762490868568,0.9022467583417892,0.8522654175758362,0.012219096086919307,0.8923128694295883,0.002238816930912435,0.0032113018512609417,0.002895462472224608,0.9989494037628174,945.6448824509968,6300,100,0.009007794205099345
baseline,6301,0.0,0.98965784907341,0.008482462484389544,0.1445741392672062,0.9020638465881348,0.8506050407886505,0.011609278731048106,0.8926068693399429,0.002516156295314431,0.0031268162466585635,0.0030937107803765684,0.9989664906263351,960.6297477419968,6400,100,0.008482462484389544
baseline,6401,0.0,0.9902194738388062,0.008087050807662309,0.1406918540596962,0.9019957631826401,0.8502484411001205,0.01106596913188696,0.892725944519043,0.0014014194312039763,0.0029789183096727355,0.0018726304988376796,0.9990250831842422,975.8358828439963,6500,100,0.008087050807662309
baseline,6501,0.0,0.9906974285840988,0.007694963593967259,0.13723979145288467,0.901882529258728,0.8486596941947937,0.011158042810857296,0.8936336785554886,0.003025475307367742,0.0034630792116513475,0.004296454251743853,0.9988411676883697,990.960173186996,6600,100,0.007694963593967259
baseline,6601,0.0,0.9913716912269592,0.007195488405413925,0.13224739581346512,0.901836708188057,0.8483853787183762,0.010034852311946452,0.8938781023025513,0.0021942142338957638,0.0028393638695706613,0.0026852959708776325,0.9990698438882828,1006.046851932998,6700,100,0.007195488405413925
baseline,6701,0.0,0.9916035532951355,0.006952701923437416,0.13037282973527908,0.9018620401620865,0.8475696742534637,0.009951375364325941,0.8942656219005585,0.001565912360092625,0.002998673458932899,0.0022274885268416256,0.9990446144342422,1021.089559431998,6800,100,0.006952701923437416
baseline,6801,0.0,0.9918302893638611,0.006687535331584513,0.12880408391356468,0.9018293619155884,0.8468377143144608,0.009608226609416307,0.8954610079526901,0.001550077140564099,0.002920691237668507,0.0020667151256930083,0.9990665912628174,1036.1170311499986,6900,100,0.006687535331584513
baseline,6901,0.0,0.9922932386398315,0.006408351310528815,0.1250894870609045,0.9017804861068726,0.8457879573106766,0.009449752536602319,0.8951556831598282,0.002258901746245101,0.003041401252266951,0.002765315235592425,0.9990259003639221,1051.115787342999,7000,100,0.006408351310528815
baseline,7001,0.0,0.9926749169826508,0.006174472356215119,0.12192021310329437,0.9017602950334549,0.8447346836328506,0.008732201703824103,0.8956564217805862,0.002574567450210452,0.00255772934819106,0.0023724603233858943,0.9991447132825851,1066.2322876169994,7100,100,0.006174472356215119
baseline,7101,0.0,0.992927297949791,0.006036263317801058,0.11976763047277927,0.9017709940671921,0.8434473872184753,0.0087529564416036,0.8951987326145172,0.00239715316274669,0.0027166931383544577,0.0028382820601109415,0.9991097187995911,1081.6161197329986,7200,100,0.006036263317801058
baseline,7201,0.0,0.9926414787769318,0.005940470844507217,0.12216431088745594,0.9017587006092072,0.8424818366765976,0.009079413190484047,0.895251452922821,0.00200086273252964,0.0031389423308428375,0.002977381955133751,0.9989933466911316,1096.8031085210007,7300,100,0.005940470844507217
baseline,7301,0.0,0.993136927485466,0.005522047793492675,0.11801628582179546,0.9017602801322937,0.8415456265211105,0.00823502707760781,0.8962961435317993,0.0028275175718590617,0.0027129792618507055,0.0030737388879060745,0.9991382020711899,1111.9778358050032,7400,100,0.005522047793492675
baseline,7401,0.0,0.9933815002441406,0.005362352295778691,0.11591898836195469,0.9017919152975082,0.840480849146843,0.00796144949272275,0.8963274657726288,0.0025018150045070797,0.0025990971751161853,0.003103860712144524,0.9991455245018005,1127.2499728220012,7500,100,0.005362352295778691
baseline,7501,0.0,0.9936942011117935,0.0052750468533486125,0.11314264126121998,0.9018574208021164,0.8405337482690811,0.007697580680251122,0.896878570318222,0.0018750055096461438,0.0024225338266114704,0.0025606078561395407,0.9992350465059281,1142.528688723001,7600,100,0.0052750468533486125
baseline,7601,0.0,0.9937645047903061,0.00520155911333859,0.11253826878964901,0.9019223749637604,0.8401597291231155,0.00795725868549198,0.8966212570667267,0.0014259965100791305,0.002755699559056666,0.0021360708051361144,0.9990910041332245,1157.991417599001,7700,100,0.00520155911333859
baseline,7701,0.0,0.9938328564167023,0.004932998651638627,0.11189457960426807,0.9019839614629745,0.8398185223340988,0.007305551916360855,0.8971445858478546,0.001966119249118492,0.0023725532174285035,0.0027858949033543468,0.9992317879199981,1173.2975457660048,7800,100,0.004932998651638627
baseline,7801,0.0,0.9940601140260696,0.00495238030795008,0.10980734042823315,0.9019904136657715,0.8384175002574921,0.007494134288281202,0.8968448340892792,0.0014772268186789006,0.002541753981204238,0.0022964132367633283,0.999172385931015,1188.579296944007,7900,100,0.00495238030795008
baseline,7901,0.0,0.9940528273582458,0.004869135804474354,0.10994311794638634,0.9020242094993591,0.8379190415143967,0.00748974995687604,0.8971550911664963,0.002109552107867785,0.002620614163170103,0.0024480549327563494,0.9991658753156663,1203.8577039580066,8000,100,0.004869135804474354
baseline,8001,0.0,0.9944198876619339,0.0046583441644907,0.10658827051520348,0.9020787328481674,0.8379646986722946,0.007109778132289648,0.8971012830734253,0.0010044587979791686,0.002451433987298515,0.0019511046120896935,0.9991731959581375,1219.0570117310056,8100,100,0.0046583441644907
baseline,8101,0.0,0.9942958652973175,0.004598293295130134,0.1077431458979845,0.9021290242671967,0.8372652977705002,0.006915476401336491,0.8975908160209656,0.0019358326971996576,0.002317183075356297,0.002883266133721918,0.9992366760969162,1234.6396223940017,8200,100,0.004598293295130134
baseline,8201,0.0,0.9945627748966217,0.00447489314712584,0.10510454326868057,0.9021603316068649,0.836628794670105,0.006732935640029609,0.8976641446352005,0.000989098203717731,0.0022580424672923984,0.0014995470992289484,0.9992692267894745,1250.1235194590042,8300,100,0.00447489314712584
baseline,8301,0.0,0.9946626126766205,0.004400647038128227,0.10412769019603729,0.9022069573402405,0.8366709351539612,0.006744350702501833,0.8978198766708374,0.0016123982495628297,0.002343703674268909,0.002885767666157335,0.9992187702655793,1265.440048159008,8400,100,0.004400647038128227
baseline,8401,0.0,0.9948674440383911,0.004244824491906911,0.10220813192427158,0.902226984500885,0.835912212729454,0.006345729241147637,0.8976535201072693,0.0016062615177361295,0.0021009047841653227,0.0026165079907514155,0.9993286317586899,1280.858439832006,8500,100,0.004244824491906911
baseline,8501,0.0,0.9948599934577942,0.004283598077017814,0.10224180668592453,0.9022472649812698,0.8352443724870682,0.006819035480730235,0.8980133831501007,0.0019811674574157223,0.0025354373885784296,0.0026311691908631474,0.9991902846097946,1296.024356979007,8600,100,0.004283598077017814
baseline,8601,0.0,0.9950120002031326,0.0040550650493241846,0.10068625584244728,0.9022631496191025,0.8341645151376724,0.006388754162471742,0.8985070288181305,0.0013221285262261517,0.002333689133520238,0.001960110676009208,0.9992130732536316,1311.2911281180075,8700,100,0.0040550650493241846
baseline,8701,0.0,0.9950713217258453,0.004038953455165029,0.10004223510622978,0.902289867401123,0.8339978158473969,0.006346325678750872,0.8980896770954132,0.0015688415878685191,0.0023073721928813028,0.0023771365667926148,0.9992619013786316,1326.644009171004,8800,100,0.004038953455165029
baseline,8801,0.0,0.9951111227273941,0.003913988566491753,0.09971343353390694,0.9023429155349731,0.8337661623954773,0.005966337504796684,0.8984055519104004,0.00256118003744632,0.0020523489337938372,0.0035599436960183084,0.9993204951286316,1341.8251512270042,8900,100,0.003913988566491753
baseline,8901,0.0,0.9952044486999512,0.003955050893127918,0.09873677603900433,0.902359813451767,0.8325571566820145,0.006238943352364004,0.8984510153532028,0.0008286073716590181,0.0022838924804818818,0.001457697682781145,0.9992619007825851,1357.1423483570036,9000,100,0.003955050893127918
baseline,9001,0.0,0.9952928274869919,0.0038253898615948855,0.09773166663944721,0.9023819118738174,0.8316869735717773,0.00613716860068962,0.8982222378253937,0.001390752091538161,0.0023117787466617303,0.0023449088621418923,0.9992269068956375,1372.3305705860055,9100,100,0.0038253898615948855
baseline,9101,0.0,0.9954005777835846,0.003741961058694869,0.09671621769666672,0.9023946821689606,0.8305253386497498,0.00615848993184045,0.8987811058759689,0.002337005571462214,0.0024165288946824148,0.0028430867823772132,0.9992228400707245,1387.6754658320076,9200,100,0.003741961058694869
baseline,9201,0.0,0.9957151859998703,0.0036787477787584067,0.09342404827475548,0.9024388939142227,0.8306168615818024,0.005784512020181864,0.8989775031805038,0.0011014771152986214,0.0021057642679079436,0.001615592191228643,0.999283059835434,1402.8891076820066,9300,100,0.0036787477787584067
baseline,9301,0.0,0.995665654540062,0.003601772014517337,0.09397752210497856,0.9025073945522308,0.8303100168704987,0.005778178079053759,0.8989667892456055,0.0007757782805128954,0.0021764060435816644,0.0013990693114465103,0.9992952662706375,1418.2453901340066,9400,100,0.003601772014517337
baseline,9401,0.0,0.9956770688295364,0.003568395455367863,0.0937633328139782,0.9025906920433044,0.8304785043001175,0.005616195790935308,0.8989459872245789,0.0008313234502566047,0.002047800342552364,0.0013410125393420458,0.9993392109870911,1433.4751984430088,9500,100,0.003568395455367863
baseline,9501,0.0,0.9957810789346695,0.0035371876182034613,0.0927148275077343,0.902638629078865,0.8299651145935059,0.005823280727490783,0.8989468961954117,0.0009813277356442995,0.0022860930996830577,0.0015286904672393575,0.9992187702655793,1448.6917118390077,9600,100,0.0035371876182034613
baseline,9601,0.0,0.995868369936943,0.0034194174152798952,0.09171286597847939,0.9026923775672913,0.8298666477203369,0.005394727322272957,0.8991726487874985,0.0013552531891036779,0.0019753099109220784,0.0016944785311352462,0.9993440955877304,1463.875632928007,9700,100,0.0034194174152798952
baseline,9701,0.0,0.995875895023346,0.003394807050935924,0.09158248268067837,0.9027283638715744,0.8292447179555893,0.0055052290251478555,0.8996032327413559,0.0014986687165219337,0.002110422007390298,0.001967836928088218,0.9993261951208114,1479.0856154800097,9800,100,0.003394807050935924
baseline,9801,0.0,0.9959156662225723,0.003430070874746889,0.09115276485681534,0.9027375429868698,0.8284642696380615,0.005621441975235939,0.899194523692131,0.0012698659702436998,0.0021913710777880626,0.00235006315051578,0.9992610859870911,1494.5669955270075,9900,100,0.003430070874746889
baseline,9901,0.0,0.9960335195064545,0.0033634968311525883,0.089695755392313,0.9027819633483887,0.8278945237398148,0.005495692936237901,0.8998352289199829,0.002018231614783872,0.0021321961026114877,0.002271390869282186,0.9993009662628174,1510.0180769880074,10000,100,0.0033634968311525883
baseline,10001,0.0,0.9962538182735443,0.003226379218976945,0.08740213699638844,0.9028695374727249,0.8285268545150757,0.005175050750840455,0.8998454362154007,0.0008039312378969043,0.0019486715373932383,0.0014740452606929466,0.9993831598758698,1526.5749426010063,10100,100,0.003226379218976945
baseline,10101,0.0,0.9962092041969299,0.0031810380751267076,0.08786804042756557,0.9029413610696793,0.8280780464410782,0.005093311457894743,0.9000046700239182,0.0014487238659057766,0.0019122733786934986,0.0019883300992660224,0.999366883635521,1541.6864149470046,10200,100,0.0031810380751267076
baseline,10201,0.0,0.9959993064403534,0.003236688051838428,0.09024103544652462,0.9029896110296249,0.8271577656269073,0.005406766172964126,0.9002265185117722,0.001665734380367212,0.0021700781017716508,0.0024322964891325682,0.9993099164962769,1556.778102244006,10300,100,0.003236688051838428
baseline,10301,0.0,0.9960377812385559,0.003133616775739938,0.08985261991620064,0.9030697345733643,0.8263891637325287,0.0049584784638136625,0.9003520309925079,0.0012175825249869376,0.0018248616741038859,0.0020801515493076295,0.9993864148855209,1572.0250770740083,10400,100,0.003133616775739938
baseline,10401,0.0,0.9958999902009964,0.0032132367719896137,0.0913670863956213,0.9031107574701309,0.826030507683754,0.005291279091034084,0.8998999446630478,0.0014794139860896394,0.0020780423216638154,0.0023370446579065174,0.9993180525302887,1587.2159507820109,10500,100,0.0032132367719896137
baseline,10501,0.0,0.9962012022733688,0.003091638348996639,0.08783617988228798,0.9031943082809448,0.8254373371601105,0.005027231925632805,0.9006677269935608,0.001199562248075381,0.001935593583912123,0.0022071181228966452,0.9993855959177017,1602.4385192740099,10600,100,0.003091638348996639
baseline,10601,0.0,0.9961744248867035,0.0030700087849982083,0.08830621466040611,0.9032599776983261,0.8252585679292679,0.005041247003246099,0.9003902524709702,0.0011056401781388558,0.001971238208716386,0.0018889216880779713,0.9993766462802887,1617.5608616650136,10700,100,0.0030700087849982083
baseline,10701,0.0,0.9964984357357025,0.0029485400673002005,0.08449151553213596,0.9033212959766388,0.824865311384201,0.004693437474779785,0.9002579748630524,0.0010393892371212132,0.0017448974083526991,0.0014510561450151727,0.9994132685661316,1632.7748172810132,10800,100,0.0029485400673002005
baseline,10801,0.0,0.9964085817337036,0.0029477817937731744,0.08548158034682274,0.9034326672554016,0.8251250982284546,0.004940239873249084,0.9005115777254105,0.0011280291364528239,0.0019924580528459046,0.0018383244605502114,0.9993408411741257,1647.9202772580163,10900,100,0.0029477817937731744
baseline,10901,0.0,0.9965149909257889,0.002896711763460189,0.08428909443318844,0.9035196453332901,0.8252093195915222,0.004513421310111881,0.9004485458135605,0.0011022401085938327,0.0016167095292621526,0.0017693105910439044,0.9994816291332245,1662.9714457270168,11000,100,0.002896711763460189
baseline,11001,0.0,0.996488630771637,0.002904315174091607,0.08452192507684231,0.9035873115062714,0.8244697153568268,0.0046652046800591054,0.9007726907730103,0.0012169403562438674,0.0017608895088778809,0.001933139399625361,0.9994352406263352,1677.9918327480143,11100,100,0.002904315174091607
baseline,11101,0.0,0.9964875429868698,0.0029034124501049518,0.08456969447433949,0.9036441743373871,0.8235686123371124,0.004883393130730837,0.9010788798332214,0.001042579038767144,0.0019799806765513493,0.001472498377552256,0.9993530470132828,1692.9288178740137,11200,100,0.0029034124501049518
baseline,11201,0.0,0.9963644593954086,0.002877684971317649,0.08581391163170338,0.9037055522203445,0.8231199085712433,0.004708829156588763,0.9008054882287979,0.0014296578883659095,0.001831144187017344,0.002651491347933188,0.9994116407632828,1707.8694301390117,11300,100,0.002877684971317649
baseline,11301,0.0,0.9964668303728104,0.002918165735900402,0.08487983793020248,0.9037572145462036,0.8227757066488266,0.0049131163419224326,0.901566669344902,0.0020675066916737705,0.0019949506083503364,0.0019118875352432951,0.9993628108501434,1722.91172334701,11400,100,0.002918165735900402
baseline,11401,0.0,0.9966900050640106,0.0027866174187511205,0.08219816163182259,0.9038190394639969,0.8220134973526001,0.004454348161816597,0.9014477878808975,0.0007181870460044593,0.0016677307189092972,0.0016021120973164216,0.9994588416814804,1737.899776487009,11500,100,0.0027866174187511205
baseline,11501,0.0,0.9965827018022537,0.002836873845662922,0.08341364376246929,0.9039552360773087,0.8221095651388168,0.004578286367468536,0.9014277905225754,0.0012667282862821594,0.0017414125241339206,0.0017099308024626225,0.9994490760564804,1753.094580975008,11600,100,0.002836873845662922
baseline,11601,0.0,0.9965434670448303,0.002857586876489222,0.08384883776307106,0.9039733558893204,0.8212551772594452,0.004949393719434738,0.901396244764328,0.0019036831508856267,0.0020918068133323688,0.0016784554754849523,0.9993229359388351,1768.5441380430073,11700,100,0.002857586876489222
baseline,11701,0.0,0.9969439208507538,0.0027796272886916997,0.0790196917951107,0.9040467143058777,0.8208839148283005,0.004600253840908408,0.9014978110790253,0.0007746136980131269,0.0018206265852495562,0.0009408134465047624,0.9994010615348816,1783.7380376640097,11800,100,0.0027796272886916997
baseline,11801,0.0,0.9964951276779175,0.0027799170417711137,0.08456394076347351,0.9040966778993607,0.8197276741266251,0.00458283846732229,0.9013599902391434,0.001502068480476737,0.0018029214235139078,0.0018138320301659405,0.9994148969650268,1798.795624560011,11900,100,0.0027799170417711137
baseline,11901,0.0,0.9967740327119827,0.002753899779636413,0.08103124797344208,0.9041651040315628,0.8190529495477676,0.004656669448595494,0.9016676545143127,0.0012006457254756242,0.0019027696560078766,0.0018665505340322852,0.9993522357940674,1813.9209550760113,12000,100,0.002753899779636413
baseline,12001,0.0,0.9969171434640884,0.0026444817567244172,0.0793071761727333,0.90427565574646,0.8195785731077194,0.00414876066846773,0.901931956410408,0.0006778310998925008,0.001504278904176317,0.001374842060613446,0.9994946479797363,1828.9554915500114,12100,100,0.0026444817567244172
baseline,12101,0.0,0.996780127286911,0.002699452189262956,0.0808991827070713,0.9044084548950195,0.8205121904611588,0.004511230015195906,0.9019559323787689,0.0008164880746335257,0.0018117778323357924,0.0014206363266566768,0.9994059443473816,1843.9871245690117,12200,100,0.002699452189262956
baseline,12201,0.0,0.9967473298311234,0.002709607593715191,0.08136664517223835,0.9045380204916,0.8210277855396271,0.004606842875946313,0.901815339922905,0.0019404118138481863,0.0018972352669516114,0.002415509690763429,0.9993774574995041,1859.009156315013,12300,100,0.002709607593715191
baseline,12301,0.0,0.9969442188739777,0.0025325933657586574,0.07890698127448559,0.904617115855217,0.821051612496376,0.0037533926451578737,0.9021787941455841,0.00045214137935545295,0.0012207992818730417,0.001002020995656494,0.9996110224723815,1874.0974819940136,12400,100,0.0025325933657586574
baseline,12401,0.0,0.9967325776815414,0.002684877635911107,0.08145102113485336,0.9047273248434067,0.8212279081344604,0.004363895123824477,0.9019761383533478,0.0009492702738498338,0.001679017463757191,0.001567637562402524,0.9994230335950851,1889.343057429014,12500,100,0.002684877635911107
baseline,12501,0.0,0.9969079047441483,0.002605932157021016,0.07912355288863182,0.9047925919294357,0.8205418139696121,0.004387275199405849,0.9025280624628067,0.0007459534172085114,0.0017813430418027565,0.0013113906679791398,0.9994238460063934,1904.7753657650126,12600,100,0.002605932157021016
baseline,12601,0.0,0.9969777911901474,0.0025753621570765973,0.07843631692230701,0.904837504029274,0.8200587332248688,0.004258500828873366,0.9024070799350739,0.0011741429989342578,0.0016831386675767136,0.001365052637993358,0.9994555848836899,1919.8669711310138,12700,100,0.0025753621570765973
baseline,12701,0.0,0.9969631433486938,0.002602637654636055,0.07863172888755798,0.9049011319875717,0.8198889195919037,0.004224382569082081,0.9029561430215836,0.0008067842572927475,0.001621744915319141,0.0014072503545321524,0.9994694197177887,1935.0047794940144,12800,100,0.002602637654636055
baseline,12801,0.0,0.9970058500766754,0.0026081115193665027,0.07818316668272018,0.9049412161111832,0.8188971281051636,0.004281991510652006,0.902856320142746,0.0008953002179623581,0.0016738799929589732,0.0014373913581948727,0.999451516866684,1950.0312125010153,12900,100,0.0026081115193665027
baseline,12901,0.0,0.9969940334558487,0.0025519647100009026,0.0782940685749054,0.9050151258707047,0.8190738260746002,0.00406883136369288,0.9029836654663086,0.0006427849693864118,0.0015168666407407727,0.0012017978879157454,0.9994743025302887,1965.238676100016,13000,100,0.0025519647100009026
baseline,13001,0.0,0.9969004243612289,0.0025435964204370974,0.07934443466365337,0.9051258116960526,0.8189839720726013,0.004200890262145549,0.9028312265872955,0.0002618243815959431,0.001657293850730639,0.0007605886785313487,0.999461282491684,1980.329466283015,13100,100,0.0025435964204370974
baseline,13101,0.0,0.9967791885137558,0.0025097553245723245,0.08099421486258507,0.9052155315876007,0.8192211985588074,0.0040043880720622834,0.9029543101787567,0.0006432122390833683,0.0014946327597681374,0.001980391622055322,0.9994938319921494,1995.3709516250121,13200,100,0.0025097553245723245
baseline,13201,0.0,0.9969592839479446,0.002515048028435558,0.07857496291399002,0.9052864015102386,0.8194842487573624,0.004169676213059574,0.9027740955352783,0.0021045395769760944,0.0016546281709452159,0.002496022978448309,0.9994661641120911,2010.366020538015,13300,100,0.002515048028435558
baseline,13301,0.0,0.9970360845327377,0.0024708421458490195,0.0776951964944601,0.9053850769996643,0.8193083107471466,0.003875002902932465,0.9026481658220291,0.0010728721135819796,0.0014041607404942625,0.0016826076971483417,0.9995483601093292,2025.3552110270136,13400,100,0.0024708421458490195
baseline,13401,0.0,0.9970950335264206,0.002480682632885873,0.07703288272023201,0.9054604023694992,0.8190257251262665,0.004029947582166642,0.9031113982200623,0.0005356556357583031,0.0015492649551015348,0.0009795042278710753,0.9994832569360733,2040.3167816000134,13500,100,0.002480682632885873
baseline,13501,0.0,0.9968033879995346,0.0025058341177646073,0.0804726891219616,0.9054943472146988,0.8187641054391861,0.004208915869239718,0.9027318358421326,0.0011629896980593912,0.0017030817471822956,0.0017931905895238742,0.9994311672449112,2055.4119783060123,13600,100,0.0025058341177646073
baseline,13601,0.0,0.9973743259906769,0.0024474903335794805,0.07326950505375862,0.9055316597223282,0.8179794698953629,0.004088132709730416,0.9034567922353745,0.0008427091015619226,0.001640642381098587,0.0010524790632189251,0.9994669783115387,2070.440163237014,13700,100,0.0024474903335794805
baseline,13701,0.0,0.9971611350774765,0.0023988814232870936,0.07611485756933689,0.9056403040885925,0.8179609328508377,0.0037688018009066583,0.9035145193338394,0.0007167224248405546,0.0013699203838041284,0.0012671067815972492,0.9995385932922364,2085.574306381015,13800,100,0.0023988814232870936
baseline,13801,0.0,0.9967828989028931,0.002555885186884552,0.08094321005046368,0.9057168811559677,0.8174884766340256,0.0041840581828728315,0.9035589694976807,0.0008817504931357689,0.001628172980272211,0.0017517219530418515,0.9994620966911316,2100.536441557015,13900,100,0.002555885186884552
baseline,13901,0.0,0.9971176087856293,0.002506910809315741,0.07658149860799313,0.9057613164186478,0.8165313452482224,0.004110578286927193,0.9035728424787521,0.001390563731547445,0.0016036674882343505,0.0018814316717907786,0.9994596540927887,2115.5359589740156,14000,100,0.002506910809315741
baseline,14001,0.0,0.9971670210361481,0.00243732294999063,0.07599940709769726,0.9058259874582291,0.8151187896728516,0.004147033025510609,0.9036267548799515,0.0006949401176825631,0.0017097100819228217,0.001233573944773525,0.9994417494535446,2130.795405369015,14100,100,0.00243732294999063
baseline,14101,0.0,0.997182622551918,0.0023504994285758586,0.0757026132196188,0.905910313129425,0.8156438618898392,0.0036581386323086915,0.9038069546222687,0.0003901742566085886,0.001307639208898763,0.0013143348332960159,0.9995849812030793,2146.1872964120143,14200,100,0.0023504994285758586
baseline,14201,0.0,0.9972498714923859,0.002390870456583798,0.07485823146998882,0.9060348719358444,0.8158150464296341,0.0038029210874810813,0.9038669466972351,0.0009591825873940252,0.0014120506326435133,0.0012952611432410777,0.9995418483018875,2161.2982180350123,14300,100,0.002390870456583798
baseline,14301,0.0,0.9971240162849426,0.0024651416833512485,0.07654231786727905,0.9060720801353455,0.8149074912071228,0.004166688707191497,0.9039703905582428,0.0006703811814077199,0.0017015470367914532,0.0009094453416764736,0.9994547718763351,2176.4707307010126,14400,100,0.0024651416833512485
baseline,14401,0.0,0.9972898811101913,0.002330044654663652,0.07426900789141655,0.9061638712882996,0.8152773678302765,0.0037548629543744027,0.9040349125862122,0.0012717921035800828,0.0014248182855226333,0.0014925242285244167,0.9995149892568588,2191.5754062660108,14500,100,0.002330044654663652
baseline,14501,0.0,0.9972888231277466,0.002237675873329863,0.07418602518737316,0.906230017542839,0.8149547278881073,0.0035154668113682418,0.9044743627309799,0.0012258174301678082,0.0012777909240685404,0.0015658363518014085,0.9995621925592423,2206.6075042500124,14600,100,0.002237675873329863
baseline,14601,0.0,0.9972369372844696,0.0024096871819347145,0.07503559440374374,0.9062844663858414,0.8147426098585129,0.004039491906296462,0.9040305018424988,0.001243967893969966,0.0016298047157761175,0.0011373123452358413,0.9994653528928756,2221.8290564990134,14700,100,0.0024096871819347145
baseline,14701,0.0,0.9972063302993774,0.002283966691466048,0.0753335002809763,0.9063412398099899,0.8142423927783966,0.0037354028970003126,0.90400230884552,0.0007722696391283534,0.0014514362144109328,0.0013329301145859063,0.9995304560661316,2236.93361931801,14800,100,0.002283966691466048
baseline,14801,0.0,0.997250884771347,0.002325761230895296,0.07485892064869404,0.9064490497112274,0.8137903809547424,0.003805485381744802,0.9046505689620972,0.0003922875584976282,0.0014797241560154362,0.0008869173034327105,0.9995271986722947,2252.1455940330125,14900,100,0.002325761230895296
baseline,14901,0.0,0.9972395598888397,0.0023389213031623514,0.07495390065014362,0.9065345823764801,0.8139791786670685,0.0037587402388453484,0.9046477377414703,0.0006482661192421801,0.0014198189436865506,0.0009869436980807222,0.9995491707324982,2267.0729426190105,15000,100,0.0023389213031623514
baseline,15001,0.0,0.9972623288631439,0.0023106185207143427,0.07468391582369804,0.906666949391365,0.8142367452383041,0.0037221898837015033,0.9041368961334229,0.0008160447814589133,0.001411571359494701,0.0009294909687014297,0.999536966085434,2282.1542845550143,15100,100,0.0023106185207143427
baseline,15101,0.0,0.9971823990345001,0.0022551729856058957,0.07577704824507236,0.9067185372114182,0.8141787350177765,0.003529633858706802,0.9048908352851868,0.0006073229960747994,0.0012744608906359645,0.001459497245377861,0.9995866078138351,2297.238655957014,15200,100,0.0022551729856058957
baseline,15201,0.0,0.9972896724939346,0.0023275646334514023,0.07442832924425602,0.9068082422018051,0.8143033087253571,0.003796179313212633,0.9051527231931686,0.0006052964636182878,0.0014686146775784437,0.0010698082915041596,0.9995019727945328,2312.8193879900136,15300,100,0.0023275646334514023
baseline,15301,0.0,0.997126042842865,0.0021646946528926492,0.07638916932046413,0.906871035695076,0.8135512918233871,0.003380598791409284,0.9044030755758286,0.0016680336411809549,0.001215904119599145,0.0022705206647515297,0.9996020698547363,2327.973062961013,15400,100,0.0021646946528926492
baseline,15401,0.0,0.9972412288188934,0.002311098175123334,0.07498223520815372,0.90695621073246,0.8135070353746414,0.003912026591133326,0.9049355089664459,0.0009796507729333825,0.001600928399566328,0.001519221783382818,0.9994612801074981,2342.930762996012,15500,100,0.002311098175123334
baseline,15501,0.0,0.9973546713590622,0.0022008074959740044,0.07346140034496784,0.9070610255002975,0.8132425248622894,0.0033573393523693086,0.9051561206579208,0.0012802319106413051,0.0011565318618522724,0.001263792219106108,0.9996500837802887,2358.1709226650178,15600,100,0.0022008074959740044
baseline,15601,0.0,0.9970431476831436,0.002312605248298496,0.07747155800461769,0.9071419388055801,0.8126429915428162,0.003803176588844508,0.9051026850938797,0.0018939911969937384,0.0014905713242478668,0.0030558989965356886,0.9995117354393005,2373.2019398800207,15700,100,0.002312605248298496
baseline,15701,0.0,0.9974831491708755,0.0022707823012024166,0.07166407071053982,0.9072055667638779,0.8121331185102463,0.003768384570721537,0.9055452197790146,0.0004355503660917748,0.0014976022521295818,0.0006946562934899703,0.9995296400785446,2388.277214241022,15800,100,0.0022707823012024166
baseline,15801,0.0,0.9976265728473663,0.00220700204372406,0.06956038065254688,0.907259002327919,0.8105777204036713,0.0035079829953610898,0.9056061804294586,0.0006710502675559837,0.0013009809564391616,0.0009187076320813503,0.9995825386047363,2403.389030157022,15900,100,0.00220700204372406
baseline,15901,0.0,0.9973633289337158,0.0021267060737591237,0.07314515113830566,0.9073692709207535,0.8108912110328674,0.0032823014724999667,0.9052107781171799,0.0009487660718150437,0.0011555954000505152,0.0017124187725130469,0.9996264827251434,2418.520320157021,16000,100,0.0021267060737591237
baseline,16001,0.0,0.9972743391990662,0.002280244572320953,0.07434300892055035,0.9074276685714722,0.8104692548513412,0.0038435699907131493,0.904969722032547,0.0005720417711927439,0.0015633254183194368,0.001001654818537645,0.9995044147968293,2433.7812953390207,16100,100,0.002280244572320953
baseline,16101,0.0,0.997409850358963,0.002264613240258768,0.07262366451323032,0.907454177737236,0.8088329881429672,0.003639285904355347,0.9048243165016174,0.0005475581838254584,0.0013746726672252407,0.0012427054971340112,0.9995540529489517,2448.6723688520187,16200,100,0.002264613240258768
baseline,16201,0.0,0.9973744302988052,0.002251885390141979,0.07308976538479328,0.9075342416763306,0.8083867877721786,0.0038372432545293123,0.9053100794553757,0.0005113140141475014,0.0015853578531095992,0.0014099584659561515,0.9994848829507827,2463.82509555502,16300,100,0.002251885390141979
baseline,16301,0.0,0.9973020702600479,0.0022526182793080806,0.07411818392574787,0.907651737332344,0.8090276122093201,0.00346170466626063,0.9053589254617691,0.0011956175803788938,0.0012090863792400342,0.0017162017757073045,0.9995800983905793,2478.8270539870205,16400,100,0.0022526182793080806
baseline,16401,0.0,0.9973744451999664,0.0021894503454677763,0.07312099263072014,0.9077269732952118,0.8084809482097626,0.003734672290738672,0.9056573808193207,0.001201516355649801,0.0015452219463622896,0.0018841342389350757,0.9994889509677887,2493.978750158021,16500,100,0.0021894503454677763
baseline,16501,0.0,0.9975288957357407,0.0021128251391928643,0.0708640106022358,0.9078237265348434,0.8084241598844528,0.003391298947390169,0.9059235453605652,0.00030449317273451015,0.0012784738204209133,0.0005070198931207415,0.9995735877752304,2508.971363915021,16600,100,0.0021128251391928643
baseline,16601,0.0,0.9972242265939713,0.002245648967800662,0.07505291700363159,0.9078882485628128,0.8078665733337402,0.003632769223768264,0.9056083858013153,0.0013132153180777095,0.0013871202563314,0.002010163734667003,0.9995491725206375,2524.0467256980232,16700,100,0.002245648967800662
baseline,16701,0.0,0.997402012348175,0.0021854479832109064,0.07268132641911507,0.9079568088054657,0.8076727986335754,0.003604802251793444,0.9059563279151917,0.000895676072104834,0.0014193542772409273,0.0013468844845192507,0.9995345258712769,2539.0007188650256,16800,100,0.0021854479832109064
baseline,16801,0.0,0.9976068735122681,0.0019756149710156022,0.06980620883405209,0.9080153256654739,0.8074088543653488,0.0029553758236579596,0.9060763418674469,0.000642285289359279,0.0009797608525695977,0.00121920518722618,0.9996891468763351,2554.130362440029,16900,100,0.0019756149710156022
baseline,16901,0.0,0.997549906373024,0.0021514578466303646,0.07069404609501362,0.9081525802612305,0.8083064258098602,0.0033989015663973988,0.9061655849218369,0.0006916782949701883,0.0012474437271885108,0.001020517185679637,0.9995646357536316,2569.1728720430233,17000,100,0.0021514578466303646
baseline,17001,0.0,0.9974780678749084,0.002207097173668444,0.07167121395468712,0.9082355201244354,0.8082141727209091,0.0035913087124936284,0.9064021408557892,0.0011868487199535593,0.001384211539698299,0.0017661741003394127,0.9995337098836898,2584.175968004025,17100,100,0.002207097173668444
baseline,17101,0.0,0.9973903894424438,0.0020570907881483436,0.07280769385397434,0.9083469361066818,0.8079695403575897,0.003159480888862163,0.9062405973672867,0.0006245990807656199,0.0011023901020234916,0.0012163626815890893,0.999624856710434,2599.1752669500256,17200,100,0.0020570907881483436
baseline,17201,0.0,0.997534453868866,0.002143943071132526,0.07088839262723923,0.9084512293338776,0.8079313039779663,0.003547957080882043,0.9061716049909592,0.0005958325491519645,0.001404014026193181,0.0012182643840787932,0.999529640674591,2614.2671203480236,17300,100,0.002143943071132526
baseline,17301,0.0,0.9974519312381744,0.0021916218672413377,0.07206805795431137,0.9084867537021637,0.8066717982292175,0.00387115569668822,0.9064584970474243,0.00127576071099611,0.0016795338373776759,0.001509005989646539,0.9994482660293579,2629.226432078024,17400,100,0.0021916218672413377
baseline,17401,0.0,0.9976842850446701,0.002102703040000051,0.06871460191905499,0.9085406213998795,0.8057252913713455,0.003249185332097113,0.9063649624586105,0.0003250253721489571,0.0011464823018468451,0.0006736946743330918,0.9996191591024399,2644.4134418130247,17500,100,0.002102703040000051
baseline,17501,0.0,0.9974397867918015,0.0020601091149728746,0.07200724259018898,0.9086366444826126,0.804967612028122,0.003422880017897114,0.906732901930809,0.0005205156912779785,0.0013627709027787204,0.0008939808521972736,0.9995459145307541,2659.3875827110237,17600,100,0.0020601091149728746
baseline,17601,0.0,0.9973817318677902,0.002121133175678551,0.07305009290575981,0.9087343961000443,0.8052935302257538,0.0033334491413552314,0.9067254364490509,0.00040119197001331486,0.0012123159585826215,0.0007090890503604896,0.9995874220132828,2674.499397147024,17700,100,0.002121133175678551
baseline,17701,0.0,0.9974415302276611,0.0021159440977498887,0.07195786572992802,0.908832311630249,0.8054919242858887,0.0033658553881105034,0.9066375344991684,0.0007097639936546329,0.0012499113003286767,0.0014410912117455155,0.9995841664075852,2689.4283041430253,17800,100,0.0021159440977498887
baseline,17801,0.0,0.9975187480449677,0.0019829296111129224,0.07108274288475513,0.9089380949735641,0.8057421743869781,0.003020157938590273,0.9066577404737473,0.0009757596635608934,0.0010372283122705994,0.0015319854283006862,0.9996574062108994,2704.5347800620266,17900,100,0.0019829296111129224
baseline,17901,0.0,0.9975433796644211,0.0020048590120859446,0.07073832117021084,0.9090406894683838,0.8052457571029663,0.0032484253344591705,0.90694260597229,0.001555783863295801,0.0012435663188807666,0.0018403280118945986,0.9996134620904923,2719.441844709024,18000,100,0.0020048590120859446
baseline,18001,0.0,0.9975416958332062,0.0020822648133616895,0.07064704224467278,0.9091009050607681,0.8045120090246201,0.003369421979878098,0.9072059094905853,0.0016856896836543456,0.0012871571461801068,0.0011831110023194924,0.9995906734466553,2734.210771961026,18100,100,0.0020822648133616895
baseline,18101,0.0,0.9974052906036377,0.002020572436740622,0.07261981815099716,0.9091998338699341,0.8041783571243286,0.003191413077292964,0.9074001759290695,0.0007606846120324917,0.001170840660270187,0.001126983217545785,0.9995996290445328,2749.162136837027,18200,100,0.002020572436740622
baseline,18201,0.0,0.9977075010538101,0.001953193915542215,0.06820432841777802,0.9092650562524796,0.8049238622188568,0.00290909449220635,0.9074502289295197,0.0008599992725066841,0.0009559005696792156,0.0011144860291096848,0.9997005379199981,2763.871680635026,18300,100,0.001953193915542215
baseline,18301,0.0,0.9975731819868088,0.0020312298578210176,0.070255097001791,0.9093624800443649,0.8049751073122025,0.0032185612409375607,0.9075165688991547,0.0016240749682765454,0.0011873313793330452,0.0018357110093347728,0.9995890510082245,2778.7387679690273,18400,100,0.0020312298578210176
baseline,18401,0.0,0.9975774437189102,0.002104989143554121,0.07021340169012547,0.9094898700714111,0.8045452833175659,0.00320496451924555,0.9077480286359787,0.0006132909456937341,0.0010999753781652543,0.0009760151806403883,0.9996386909484863,2793.5847550570284,18500,100,0.002104989143554121
baseline,18501,0.0,0.9976161271333694,0.0021434563689399513,0.06969504617154598,0.9095963388681412,0.8041229993104935,0.0035415808926336466,0.9079095125198364,0.0005633629152725916,0.001398124525367166,0.0005711337435059249,0.9995499897003174,2808.356743824029,18600,100,0.0021434563689399513
baseline,18601,0.0,0.9975976943969727,0.0020794319349806754,0.0698676835745573,0.9096746742725372,0.803415447473526,0.003340094215236604,0.9080627858638763,0.00030011044418642996,0.0012606622778548627,0.0005043925175414188,0.9995678883790969,2823.31290198803,18700,100,0.0020794319349806754
baseline,18701,0.0,0.9976030588150024,0.00211247525527142,0.06991318613290787,0.9097308814525604,0.8014679551124573,0.0034756102983374147,0.9078154861927032,0.000911360104510095,0.0013631350467039737,0.000987963387160562,0.9995719599723816,2838.2332251560297,18800,100,0.00211247525527142
baseline,18801,0.0,0.9976405948400497,0.002048964601708576,0.06932941265404224,0.9098175466060638,0.800907239317894,0.003191344563383609,0.9080222100019455,0.0007195929920271738,0.0011423799613839948,0.0008452425245195627,0.9996004420518875,2853.080815283029,18900,100,0.002048964601708576
baseline,18901,0.0,0.9975420981645584,0.0020647226320579647,0.07047535106539726,0.9099294543266296,0.8004071116447449,0.0034476198232732715,0.9078035950660706,0.0009656344227551017,0.0013828971698239911,0.0016186160792130977,0.9995556801557541,2867.930832626031,19000,100,0.0020647226320579647
baseline,19001,0.0,0.9977220445871353,0.001949570180149749,0.0681261420249939,0.9100403338670731,0.8002835512161255,0.0028799755696672946,0.9082353264093399,0.00026189622440142557,0.0009304053784217103,0.0008386990157305263,0.9996915853023529,2883.0668391760328,19100,100,0.001949570180149749
baseline,19101,0.0,0.9973865151405334,0.002131831768201664,0.07285853289067745,0.9101259410381317,0.7996187508106232,0.0035664228512905538,0.9079873412847519,0.0014620924594055396,0.001434591077195364,0.0017718861854518764,0.9995483577251434,2898.182139138032,19200,100,0.002131831768201664
baseline,19201,0.0,0.9976784884929657,0.0019627408485393973,0.06861478742212057,0.9102005809545517,0.7987362593412399,0.003052195627242327,0.9084370136260986,0.0003039965667994693,0.0010894547867428628,0.0006398530749720521,0.9996565955877305,2913.2915623200324,19300,100,0.0019627408485393973
baseline,19301,0.0,0.9977424740791321,0.00201822703005746,0.06778476573526859,0.9102728813886642,0.7987443208694458,0.003184158317744732,0.9085144996643066,0.0011269245005678385,0.0011659313001291594,0.0007978133944561705,0.9996321803331375,2928.1572223640314,19400,100,0.00201822703005746
baseline,19401,0.0,0.9976621121168137,0.0019004677585326135,0.06875734776258469,0.910391703248024,0.798893928527832,0.002956224378431216,0.9084503054618835,0.0006921292442712002,0.0010557566181887523,0.0010789044681587256,0.9996460151672363,2943.1387177770316,19500,100,0.0019004677585326135
baseline,19501,0.0,0.9976758360862732,0.0020067262975499035,0.06869381479918957,0.9104903340339661,0.7991145253181458,0.003142227140488103,0.9087729007005692,0.0006809213664382696,0.0011355008505051956,0.0009376852249260992,0.9996248543262481,2958.147570616031,19600,100,0.0020067262975499035
baseline,19601,0.0,0.997722864151001,0.0019131867156829685,0.06813542731106281,0.9106164425611496,0.7993041425943375,0.0030011067586019637,0.9088343679904938,0.00041530618000251707,0.001087920044810744,0.0008426908025285229,0.9996378755569458,2973.146455123029,19700,100,0.0019131867156829685
baseline,19701,0.0,0.9977482855319977,0.0019451644155196845,0.06766758300364017,0.9106992483139038,0.7992818653583527,0.0030586888443212955,0.9087763726711273,0.0004425303923198953,0.001113524442880589,0.0007025036320555955,0.999645202755928,2988.6022267120306,19800,100,0.0019451644155196845
baseline,19801,0.0,0.99757981300354,0.0020389381074346602,0.07014463655650616,0.9108186215162277,0.7989417314529419,0.0031933923903852703,0.9089417010545731,0.0007786141068208963,0.0011544542745832588,0.0009682327654445544,0.9996207904815674,3003.985759342032,19900,100,0.0020389381074346602
baseline,19901,0.0,0.9975111335515976,0.002024222417967394,0.07110044918954372,0.9109243005514145,0.7977169752120972,0.003322346523636952,0.9094759374856949,0.0011875987402163446,0.0012981241123270592,0.0012393386859912425,0.9995687049627304,3018.9931299210325,20000,100,0.002024222417967394
