arm,role,update,length,words,prefix_exact_count,state_correct_count,token_correct_count,token_denominator,E,E_low95,E_high95,A,A_low95,A_high95,M,state_ce
seq,dev,10000,1,102400,102400,102400,102400,102400,1.0,0.9999624871609701,1.0,1.0,0.9999624871609701,1.0,1.0,0.017968715945939948
seq,dev,10000,2,102400,100640,100640,203040,204800,0.9828125,0.9819981482431794,0.9835906284216323,0.9828125,0.9819981482431794,0.9835906284216323,0.99140625,0.08150033060993418
seq,dev,10000,3,102400,100257,100914,303954,307200,0.979072265625,0.978177395068133,0.979931193460299,0.98548828125,0.9847373976427334,0.9862027407697758,0.98943359375,0.05554506380637538
seq,dev,10000,4,102400,93908,94307,398261,409600,0.9170703125,0.9153655297994435,0.9187438042175625,0.920966796875,0.9192985238272916,0.9226034866033322,0.97231689453125,0.27331282288329495
seq,dev,10000,5,102400,63327,66897,465158,512000,0.618427734375,0.615448042729984,0.6213985408989433,0.653291015625,0.6503703448244923,0.65620018566312,0.90851171875,1.1400266366924003
seq,dev,10000,6,102400,8825,10897,476055,614400,0.086181640625,0.08447828634931419,0.08791604190369155,0.106416015625,0.10454203032048291,0.10831952983481834,0.7748291015625,3.5001965042348435
seq,dev,10000,7,102400,894,3238,479293,716800,0.00873046875,0.008178823086830081,0.009318972242862126,0.03162109375,0.03056675125872842,0.032710576686301965,0.6686565290178571,3.997670745271307
seq,dev,10000,8,102400,86,1966,481259,819200,0.00083984375,0.0006801615834049997,0.0010369757457781507,0.01919921875,0.018376591583629278,0.02005791832099574,0.587474365234375,4.081374532982968
seq,dev,10000,9,102400,6,1757,483016,921600,5.859375e-05,2.6854309065424834e-05,0.00012784163392870978,0.017158203125,0.016380742477780357,0.01797188930542586,0.5241059027777778,4.094635151157272
seq,dev,10000,10,102400,1,1702,484718,1024000,9.765625e-06,1.7238746867777096e-06,5.5319481670543434e-05,0.01662109375,0.015855983477047735,0.017422469853153533,0.473357421875,4.09613347253995
seq,dev,10000,11,102400,0,1621,486339,1126400,0.0,3.3881317890172014e-21,3.751283902995844e-05,0.015830078125,0.01508354426487691,0.016612937161807978,0.43176402698863636,4.0966854426311325
seq,dev,10000,12,102400,0,1727,488066,1228800,0.0,3.3881317890172014e-21,3.751283902995844e-05,0.016865234375,0.016094484703258225,0.01767223156012711,0.3971891276041667,4.096657239331398
seq,ood_dev,10000,1,102400,102400,102400,102400,102400,1.0,0.9999624871609701,1.0,1.0,0.9999624871609701,1.0,1.0,0.017943170667188042
seq,ood_dev,10000,2,102400,100663,100663,203063,204800,0.983037109375,0.9822278757678217,0.9838101027955194,0.983037109375,0.9822278757678217,0.9838101027955194,0.9915185546875,0.08017362610894083
seq,ood_dev,10000,3,102400,100280,100875,303938,307200,0.979296875,0.9784066122672529,0.9801511781597082,0.985107421875,0.9843471499215307,0.9858312983152112,0.9893815104166667,0.056735046376651825
seq,ood_dev,10000,4,102400,93832,94226,398164,409600,0.916328125,0.9146165159723147,0.9180084987278119,0.92017578125,0.9185000032309285,0.921820035296179,0.972080078125,0.2727210363459203
seq,ood_dev,10000,5,102400,63378,67033,465197,512000,0.61892578125,0.6159468162209417,0.6218958237916811,0.654619140625,0.6517010524886957,0.657525628355438,0.908587890625,1.1315841230737038
seq,ood_dev,10000,6,102400,8812,10818,476015,614400,0.0860546875,0.08435248503930215,0.0877879464884479,0.10564453125,0.10377662097976816,0.10754202830667146,0.7747639973958333,3.50199236623614
seq,ood_dev,10000,7,102400,891,3203,479218,716800,0.008701171875,0.008150475177496641,0.009288728600213477,0.031279296875,0.030230586319959184,0.0323631735186135,0.6685518973214286,3.9986602661888444
seq,ood_dev,10000,8,102400,75,1988,481206,819200,0.000732421875,0.0005843998858659578,0.000917901752716203,0.0194140625,0.018586831624648362,0.020277349661178636,0.58740966796875,4.08304346029563
seq,ood_dev,10000,9,102400,12,1789,482995,921600,0.0001171875,6.703989323386348e-05,0.00020483915372444735,0.017470703125,0.016686150166160145,0.018291458171521675,0.5240831163194445,4.094759087868733
seq,ood_dev,10000,10,102400,0,1777,484772,1024000,0.0,3.3881317890172014e-21,3.751283902995844e-05,0.017353515625,0.016571614402483354,0.01817162772727011,0.47341015625,4.0966549642221075
seq,ood_dev,10000,11,102400,0,1645,486417,1126400,0.0,3.3881317890172014e-21,3.751283902995844e-05,0.016064453125,0.01531236540613202,0.01685284843640957,0.43183327414772726,4.096263623870909
seq,ood_dev,10000,12,102400,0,1735,488152,1228800,0.0,3.3881317890172014e-21,3.751283902995844e-05,0.016943359375,0.016170814160317883,0.017752146241686355,0.39725911458333335,4.09632214683108
seq,ood_dev,10000,13,102400,0,1716,489868,1331200,0.0,3.3881317890172014e-21,3.751283902995844e-05,0.0167578125,0.01598953884727668,0.017562341725507667,0.36798978365384616,4.096431038801093
seq,ood_dev,10000,14,102400,0,1667,491535,1433600,0.0,3.3881317890172014e-21,3.751283902995844e-05,0.016279296875,0.015522155292928382,0.017072729930815194,0.34286760602678573,4.096587334487122
seq,ood_dev,10000,15,102400,0,1695,493230,1536000,0.0,3.3881317890172014e-21,3.751283902995844e-05,0.016552734375,0.015789210913578336,0.01735252879533139,0.32111328125,4.09643744782079
seq,ood_dev,10000,16,102400,0,1820,495050,1638400,0.0,3.3881317890172014e-21,3.751283902995844e-05,0.0177734375,0.01698207724119868,0.018600977133631385,0.302154541015625,4.0960546211735345
seq,ood_dev,10000,17,102400,0,1683,496733,1740800,0.0,3.3881317890172014e-21,3.751283902995844e-05,0.016435546875,0.01567475168184742,0.01723262181913395,0.2853475413602941,4.096511540601496
seq,ood_dev,10000,18,102400,0,1689,498422,1843200,0.0,3.3881317890172014e-21,3.751283902995844e-05,0.016494140625,0.01573198002662403,0.017292576578321527,0.27041124131944444,4.096574634832796
seq,ood_dev,10000,19,102400,0,1702,500124,1945600,0.0,3.3881317890172014e-21,3.751283902995844e-05,0.01662109375,0.015855983477047735,0.017422469853153533,0.25705386513157896,4.096356398737989
seq,ood_dev,10000,20,102400,0,1665,501789,2048000,0.0,3.3881317890172014e-21,3.751283902995844e-05,0.016259765625,0.015503082034887343,0.017052742154201505,0.24501416015625,4.096570551707409
seq,ood_dev,10000,21,102400,0,1662,503451,2150400,0.0,3.3881317890172014e-21,3.751283902995844e-05,0.01623046875,0.015474472688896538,0.017022759948210224,0.23411969866071428,4.0963192805391735
seq,ood_dev,10000,22,102400,0,1700,505151,2252800,0.0,3.3881317890172014e-21,3.751283902995844e-05,0.0166015625,0.015836905251750164,0.017402487043796374,0.2242325106534091,4.096475720172748
seq,ood_dev,10000,23,102400,0,1746,506897,2355200,0.0,3.3881317890172014e-21,3.751283902995844e-05,0.01705078125,0.016275774250670384,0.017862021841934844,0.215224609375,4.096198049120139
seq,ood_dev,10000,24,102400,0,1757,508654,2457600,0.0,3.3881317890172014e-21,3.751283902995844e-05,0.017158203125,0.016380742477780357,0.01797188930542586,0.20697184244791667,4.096443514716811
seq,ood_dev,10000,25,102400,0,1670,510324,2560000,0.0,3.3881317890172014e-21,3.751283902995844e-05,0.01630859375,0.01555076571978533,0.01710271105594033,0.1993453125,4.096003307097126
seq,ood_dev,10000,26,102400,0,1684,512008,2662400,0.0,3.3881317890172014e-21,3.751283902995844e-05,0.0164453125,0.015684289562204114,0.017242614456104623,0.19231069711538462,4.096335193095729
seq,ood_dev,10000,27,102400,0,1744,513752,2764800,0.0,3.3881317890172014e-21,3.751283902995844e-05,0.01703125,0.016256689990451302,0.0178420450674992,0.18581886574074075,4.096203014764469
seq,ood_dev,10000,28,102400,0,1791,515543,2867200,0.0,3.3881317890172014e-21,3.751283902995844e-05,0.017490234375,0.016705240370903412,0.018311429001433132,0.17980712890625,4.096470903244335
seq,ood_dev,10000,29,102400,0,1686,517229,2969600,0.0,3.3881317890172014e-21,3.751283902995844e-05,0.01646484375,0.015703365535630627,0.017262599517332833,0.17417463631465518,4.096310041632969
seq,ood_dev,10000,30,102400,0,1696,518925,3072000,0.0,3.3881317890172014e-21,3.751283902995844e-05,0.0165625,0.01579874964096129,0.017362520585275803,0.1689208984375,4.096243848011364
seq,ood_dev,10000,31,102400,0,1657,520582,3174400,0.0,3.3881317890172014e-21,3.751283902995844e-05,0.016181640625,0.015426791892705764,0.01697278815776418,0.16399382560483872,4.096220273389481
seq,ood_dev,10000,32,102400,0,1718,522300,3276800,0.0,3.3881317890172014e-21,3.751283902995844e-05,0.01677734375,0.016008619293442074,0.017582322313996996,0.159393310546875,4.095874779140576
seq,ood_dev,10000,33,102400,0,1704,524004,3379200,0.0,3.3881317890172014e-21,3.751283902995844e-05,0.016640625,0.01587506198163439,0.0174424523832216,0.15506747159090908,4.0963547348650176
seq,ood_dev,10000,34,102400,0,1676,525680,3481600,0.0,3.3881317890172014e-21,3.751283902995844e-05,0.0163671875,0.01560798851048257,0.017162671369207273,0.15098805147058825,4.096063864701428
seq,ood_dev,10000,35,102400,0,1769,527449,3584000,0.0,3.3881317890172014e-21,3.751283902995844e-05,0.017275390625,0.016495262462912757,0.018091735528221815,0.14716768973214286,4.0960364366672
seq,ood_dev,10000,36,102400,0,1706,529155,3686400,0.0,3.3881317890172014e-21,3.751283902995844e-05,0.01666015625,0.015894140765027154,0.017462434634483562,0.14354248046875,4.096186327284667
seq,dev,25000,1,102400,102400,102400,102400,102400,1.0,0.9999624871609701,1.0,1.0,0.9999624871609701,1.0,1.0,0.01710725238997089
seq,dev,25000,2,102400,100694,100694,203094,204800,0.98333984375,0.9825375653655165,0.9841058592349728,0.98333984375,0.9825375653655165,0.9841058592349728,0.991669921875,0.07432223840150012
seq,dev,25000,3,102400,100505,102124,305218,307200,0.981494140625,0.9806504352306518,0.9823017215949659,0.9973046875,0.9969679373533121,0.9976041270253059,0.9935481770833333,0.010642535276559444
seq,dev,25000,4,102400,98728,99730,404948,409600,0.964140625,0.9629842438163991,0.9652621837184951,0.97392578125,0.9729318214198084,0.9748841844771032,0.988642578125,0.08636901946775492
seq,dev,25000,5,102400,89862,91533,496481,512000,0.87755859375,0.8755367111752987,0.8795521497351979,0.893876953125,0.8919757202341261,0.8957486351303936,0.969689453125,0.340979262495115
seq,dev,25000,6,102400,54780,58619,555100,614400,0.5349609375,0.531904734730418,0.5380145173015403,0.572451171875,0.5694183870648037,0.5754785209869002,0.9034830729166666,1.428527625465785
seq,dev,25000,7,102400,14681,19292,574392,716800,0.143369140625,0.14123605737158032,0.14552898035046138,0.1883984375,0.18601512817441002,0.19080512494410107,0.801328125,3.066771628734138
seq,dev,25000,8,102400,2653,6427,580819,819200,0.025908203125,0.024952834730634085,0.02689914057788911,0.062763671875,0.06129449685054819,0.06426565085144181,0.709007568359375,3.7858651674519788
seq,dev,25000,9,102400,357,3050,583869,921600,0.003486328125,0.0031434665138013167,0.003866441011097124,0.02978515625,0.028761470616859762,0.030844120070626417,0.6335384114583333,4.014432777821261
seq,dev,25000,10,102400,44,2119,585988,1024000,0.0004296875,0.00032011930198977835,0.0005767362994441386,0.020693359375,0.019839257891671375,0.02158342116404014,0.57225390625,4.076132441283553
seq,dev,25000,11,102400,5,1934,587922,1126400,4.8828125e-05,2.0856631032296734e-05,0.0001143087946344752,0.01888671875,0.018070836802337807,0.0197386965478116,0.5219477982954546,4.09135448082874
seq,dev,25000,12,102400,1,1836,589758,1228800,9.765625e-06,1.7238746867777096e-06,5.5319481670543434e-05,0.0179296875,0.017134837678754334,0.018760704973313534,0.4799462890625,4.095045521149295
seq,ood_dev,25000,1,102400,102400,102400,102400,102400,1.0,0.9999624871609701,1.0,1.0,0.9999624871609701,1.0,1.0,0.01707070653430293
seq,ood_dev,25000,2,102400,100708,100708,203108,204800,0.9834765625,0.9826774469962324,0.98423940484684,0.9834765625,0.9826774469962324,0.98423940484684,0.99173828125,0.07336012977213995
seq,ood_dev,25000,3,102400,100508,102075,305183,307200,0.9815234375,0.980680372165165,0.9823303762124348,0.996826171875,0.9964625290351344,0.9971525399944426,0.9934342447916666,0.012551081513122146
seq,ood_dev,25000,4,102400,98854,99809,404992,409600,0.96537109375,0.9642336589453169,0.9664736137728249,0.974697265625,0.9737174408592257,0.9756414759065477,0.98875,0.08394302630195381
seq,ood_dev,25000,5,102400,89973,91576,496568,512000,0.878642578125,0.876628327117032,0.880628421216802,0.894296875,0.892398919847166,0.8961652477624302,0.969859375,0.34034649739416706
seq,ood_dev,25000,6,102400,54645,58552,555120,614400,0.533642578125,0.5305858695735584,0.5366967626192063,0.571796875,0.568763530584383,0.5748248328063874,0.903515625,1.4339737516279734
seq,ood_dev,25000,7,102400,14641,19207,574327,716800,0.142978515625,0.14084788429654965,0.14513593273239755,0.187568359375,0.18518914116290727,0.18997101798277796,0.8012374441964286,3.0676214679329736
seq,ood_dev,25000,8,102400,2709,6497,580824,819200,0.026455078125,0.02548975186212743,0.02745593241672807,0.063447265625,0.06197054275428666,0.06495674116061871,0.709013671875,3.7868838845579416
seq,ood_dev,25000,9,102400,413,3097,583921,921600,0.004033203125,0.003663178810924714,0.004440437684306037,0.030244140625,0.029212695861569396,0.03131082914030283,0.6335948350694445,4.012627813406118
seq,ood_dev,25000,10,102400,50,2062,585983,1024000,0.00048828125,0.00037042144397575276,0.0006436172614223406,0.02013671875,0.01929419753495547,0.021015242033096366,0.5722490234375,4.076383658733684
seq,ood_dev,25000,11,102400,5,1808,587791,1126400,4.8828125e-05,2.0856631032296734e-05,0.0001143087946344752,0.01765625,0.016867517529074724,0.018481170637826987,0.5218314985795455,4.092449887290131
seq,ood_dev,25000,12,102400,1,1784,589575,1228800,9.765625e-06,1.7238746867777096e-06,5.5319481670543434e-05,0.017421875,0.01663842579060641,0.0182415299604386,0.47979736328125,4.095193337250967
seq,ood_dev,25000,13,102400,0,1718,591293,1331200,0.0,3.3881317890172014e-21,3.751283902995844e-05,0.01677734375,0.016008619293442074,0.017582322313996996,0.4441804387019231,4.095883297114633
seq,ood_dev,25000,14,102400,0,1686,592979,1433600,0.0,3.3881317890172014e-21,3.751283902995844e-05,0.01646484375,0.015703365535630627,0.017262599517332833,0.4136293247767857,4.095590533963405
seq,ood_dev,25000,15,102400,0,1771,594750,1536000,0.0,3.3881317890172014e-21,3.751283902995844e-05,0.017294921875,0.016514350053133026,0.01811170897265627,0.38720703125,4.095641956571489
seq,ood_dev,25000,16,102400,0,1655,596405,1638400,0.0,3.3881317890172014e-21,3.751283902995844e-05,0.016162109375,0.015407720082225901,0.016952798933589322,0.3640167236328125,4.09568918540841
seq,ood_dev,25000,17,102400,0,1721,598126,1740800,0.0,3.3881317890172014e-21,3.751283902995844e-05,0.016806640625,0.01603724047903842,0.017612292680382738,0.34359260110294115,4.095187308399472
seq,ood_dev,25000,18,102400,0,1675,599801,1843200,0.0,3.3881317890172014e-21,3.751283902995844e-05,0.016357421875,0.015598451199770717,0.01715267816259176,0.3254128689236111,4.095524325219449
seq,ood_dev,25000,19,102400,0,1711,601512,1945600,0.0,3.3881317890172014e-21,3.751283902995844e-05,0.016708984375,0.015941838940128936,0.01751238904601859,0.3091652960526316,4.095427858766634
seq,ood_dev,25000,20,102400,0,1707,603219,2048000,0.0,3.3881317890172014e-21,3.751283902995844e-05,0.016669921875,0.01590368026112528,0.0174724256557128,0.29454052734375,4.095550467460416
seq,ood_dev,25000,21,102400,0,1755,604974,2150400,0.0,3.3881317890172014e-21,3.751283902995844e-05,0.017138671875,0.016361656743758564,0.01795191400479293,0.28133091517857145,4.095333039658144
seq,ood_dev,25000,22,102400,0,1738,606712,2252800,0.0,3.3881317890172014e-21,3.751283902995844e-05,0.01697265625,0.016199438828229357,0.017782113125756963,0.26931463068181816,4.095253512554336
seq,ood_dev,25000,23,102400,0,1756,608468,2355200,0.0,3.3881317890172014e-21,3.751283902995844e-05,0.0171484375,0.016371199577428573,0.01796190168845028,0.2583508831521739,4.095264719857369
seq,ood_dev,25000,24,102400,0,1669,610137,2457600,0.0,3.3881317890172014e-21,3.751283902995844e-05,0.016298828125,0.015541228838945096,0.0170927174194532,0.248265380859375,4.09543872266775
seq,ood_dev,25000,25,102400,0,1705,611842,2560000,0.0,3.3881317890172014e-21,3.751283902995844e-05,0.016650390625,0.01588460133851014,0.017452443543673216,0.23900078125,4.09525903781876
seq,ood_dev,25000,26,102400,0,1704,613546,2662400,0.0,3.3881317890172014e-21,3.751283902995844e-05,0.016640625,0.01587506198163439,0.0174424523832216,0.23044846754807694,4.095340816169045
seq,ood_dev,25000,27,102400,0,1718,615264,2764800,0.0,3.3881317890172014e-21,3.751283902995844e-05,0.01677734375,0.016008619293442074,0.017582322313996996,0.22253472222222223,4.095335889451672
seq,ood_dev,25000,28,102400,0,1712,616976,2867200,0.0,3.3881317890172014e-21,3.751283902995844e-05,0.01671875,0.01595137878323341,0.017522379720241482,0.2151841517857143,4.095236563102808
seq,ood_dev,25000,29,102400,0,1685,618661,2969600,0.0,3.3881317890172014e-21,3.751283902995844e-05,0.016455078125,0.015693827513485862,0.01725260702215024,0.20833142510775862,4.095551750585437
seq,ood_dev,25000,30,102400,0,1812,620473,3072000,0.0,3.3881317890172014e-21,3.751283902995844e-05,0.0176953125,0.016905703082172777,0.018521107154038388,0.20197688802083333,4.095183785445988
seq,ood_dev,25000,31,102400,0,1710,622183,3174400,0.0,3.3881317890172014e-21,3.751283902995844e-05,0.01669921875,0.01593229916630613,0.01750239830251404,0.1960001890120968,4.095435353196226
seq,ood_dev,25000,32,102400,0,1691,623874,3276800,0.0,3.3881317890172014e-21,3.751283902995844e-05,0.016513671875,0.01575105670713481,0.01731256093246547,0.1903912353515625,4.095406214329414
seq,ood_dev,25000,33,102400,0,1705,625579,3379200,0.0,3.3881317890172014e-21,3.751283902995844e-05,0.016650390625,0.01588460133851014,0.017452443543673216,0.1851263612689394,4.095305373652373
seq,ood_dev,25000,34,102400,0,1762,627341,3481600,0.0,3.3881317890172014e-21,3.751283902995844e-05,0.01720703125,0.01642845797781226,0.01802182639203077,0.18018755744485293,4.095357059752569
seq,ood_dev,25000,35,102400,0,1702,629043,3584000,0.0,3.3881317890172014e-21,3.751283902995844e-05,0.01662109375,0.015855983477047735,0.017422469853153533,0.17551422991071428,4.095528282427694
seq,ood_dev,25000,36,102400,0,1678,630721,3686400,0.0,3.3881317890172014e-21,3.751283902995844e-05,0.01638671875,0.015627063346117524,0.017182657568227042,0.17109402126736112,4.095431035456714
seq,dev,50000,1,102400,102400,102400,102400,102400,1.0,0.9999624871609701,1.0,1.0,0.9999624871609701,1.0,1.0,0.0160852591940467
seq,dev,50000,2,102400,100694,100694,203094,204800,0.98333984375,0.9825375653655165,0.9841058592349728,0.98333984375,0.9825375653655165,0.9841058592349728,0.991669921875,0.07419247548430942
seq,dev,50000,3,102400,100600,102244,305338,307200,0.982421875,0.9815987054640247,0.9832088505076926,0.9984765625,0.9982182571640615,0.9986974692938401,0.9939388020833333,0.007014175858907108
seq,dev,50000,4,102400,99443,100922,406260,409600,0.971123046875,0.9700795629653315,0.972131184458627,0.98556640625,0.9848174643320663,0.9862789182190618,0.991845703125,0.04553902540749013
seq,dev,50000,5,102400,94936,96860,503120,512000,0.927109375,0.9255010955062971,0.9286856103232378,0.9458984375,0.9444960758192038,0.947267345348177,0.98265625,0.17139791239282182
seq,dev,50000,6,102400,80268,83861,586981,614400,0.7838671875,0.7813355237982833,0.7863775538734954,0.818955078125,0.8165847061350946,0.8213015202938985,0.9553727213541666,0.5858942091164725
seq,dev,50000,7,102400,48603,54833,641814,716800,0.474638671875,0.47158117878984485,0.4776980677109942,0.535478515625,0.5324225172837109,0.5385318521665978,0.8953878348214286,1.5902551659887367
seq,dev,50000,8,102400,18905,26160,667974,819200,0.184619140625,0.18225460196734097,0.1870073409454808,0.25546875,0.2528067447207949,0.2581491014020433,0.81539794921875,2.7564786560068684
seq,dev,50000,9,102400,4924,10792,678766,921600,0.0480859375,0.04679239853662317,0.04941338162234072,0.105390625,0.10352472095570628,0.1072861348802219,0.7365082465277778,3.5473170377417294
seq,dev,50000,10,102400,1057,5029,683795,1024000,0.010322265625,0.00972131426816833,0.010959955385883999,0.049111328125,0.04780456804535028,0.05045191643298668,0.6677685546875,3.90546147639187
seq,dev,50000,11,102400,195,2858,686653,1126400,0.001904296875,0.0016553091554200054,0.002190654562445679,0.02791015625,0.026918865585915195,0.02893686577471735,0.609599609375,4.041416230548347
seq,dev,50000,12,102400,36,2120,688773,1228800,0.0003515625,0.00025396665907567153,0.0004866448037393439,0.020703125,0.019848821840291804,0.02159338773274707,0.56052490234375,4.081989593751496
seq,ood_dev,50000,1,102400,102400,102400,102400,102400,1.0,0.9999624871609701,1.0,1.0,0.9999624871609701,1.0,1.0,0.016052322001254424
seq,ood_dev,50000,2,102400,100708,100708,203108,204800,0.9834765625,0.9826774469962324,0.98423940484684,0.9834765625,0.9826774469962324,0.98423940484684,0.99173828125,0.0737427550280817
seq,ood_dev,50000,3,102400,100599,102219,305327,307200,0.982412109375,0.9815887207268107,0.9831993047275792,0.998232421875,0.9979557802331772,0.9984716832915402,0.9939029947916667,0.008238581757427194
seq,ood_dev,50000,4,102400,99487,100982,406309,409600,0.971552734375,0.9705166672372647,0.9725534229490977,0.98615234375,0.9854181430288471,0.9868500705619228,0.99196533203125,0.04484120801233454
seq,ood_dev,50000,5,102400,95066,96930,503239,512000,0.92837890625,0.9267834241035962,0.9299422489784959,0.94658203125,0.9451879268112047,0.9479426305690914,0.982888671875,0.16904839619792603
seq,ood_dev,50000,6,102400,80350,83843,587082,614400,0.78466796875,0.7821396643981549,0.7871749156944678,0.818779296875,0.8164080401354675,0.8211266369816329,0.955537109375,0.5893893564743276
seq,ood_dev,50000,7,102400,48434,54582,641664,716800,0.47298828125,0.46993138018480135,0.4760472088877134,0.53302734375,0.5299704065033259,0.5360818030978147,0.8951785714285714,1.6003933647330195
seq,ood_dev,50000,8,102400,18764,26276,667940,819200,0.1832421875,0.18088458036709726,0.18562355960256632,0.2566015625,0.25393563651971357,0.2592857496130985,0.8153564453125,2.7564564626463244
seq,ood_dev,50000,9,102400,5087,10955,678895,921600,0.049677734375,0.048363739891694985,0.05102551459162902,0.106982421875,0.10510399621814721,0.10889033394214108,0.7366482204861111,3.5442517922290584
seq,ood_dev,50000,10,102400,1070,4993,683888,1024000,0.01044921875,0.009844509172952442,0.0110906572063556,0.048759765625,0.04745752029084213,0.05009586556370978,0.667859375,3.9052881322209534
seq,ood_dev,50000,11,102400,182,2839,686727,1126400,0.00177734375,0.0015373753910801126,0.0020546916015298563,0.027724609375,0.02673658808286161,0.028748063448551044,0.6096653053977272,4.040731444949415
seq,ood_dev,50000,12,102400,29,2104,688831,1228800,0.000283203125,0.00019720089252478316,0.00040669694899869344,0.020546875,0.019695804752138613,0.02143391654366246,0.5605721028645834,4.0815613292847415
seq,ood_dev,50000,13,102400,3,1808,690639,1331200,2.9296875e-05,9.963630217849646e-06,8.614076079419689e-05,0.01765625,0.016867517529074724,0.018481170637826987,0.5188093449519231,4.093558890010463
seq,ood_dev,50000,14,102400,0,1765,692404,1433600,0.0,3.3881317890172014e-21,3.751283902995844e-05,0.017236328125,0.01645708807444747,0.01805178784737764,0.48298270089285716,4.096228059645509
seq,ood_dev,50000,15,102400,0,1735,694139,1536000,0.0,3.3881317890172014e-21,3.751283902995844e-05,0.016943359375,0.016170814160317883,0.017752146241686355,0.45191341145833336,4.096361839987804
seq,ood_dev,50000,16,102400,0,1754,695893,1638400,0.0,3.3881317890172014e-21,3.751283902995844e-05,0.01712890625,0.016352113976826295,0.017941926254397833,0.4247393798828125,4.096056577104609
seq,ood_dev,50000,17,102400,0,1733,697626,1740800,0.0,3.3881317890172014e-21,3.751283902995844e-05,0.016923828125,0.016151731387651833,0.017732167979697674,0.40075022977941177,4.096058295830153
seq,ood_dev,50000,18,102400,0,1665,699291,1843200,0.0,3.3881317890172014e-21,3.751283902995844e-05,0.016259765625,0.015503082034887343,0.017052742154201505,0.3793896484375,4.095900054951199
seq,ood_dev,50000,19,102400,0,1655,700946,1945600,0.0,3.3881317890172014e-21,3.751283902995844e-05,0.016162109375,0.015407720082225901,0.016952798933589322,0.3602724095394737,4.095939869775902
seq,ood_dev,50000,20,102400,0,1677,702623,2048000,0.0,3.3881317890172014e-21,3.751283902995844e-05,0.016376953125,0.015617525892619095,0.017172664504398104,0.34307763671875,4.096139812620822
seq,ood_dev,50000,21,102400,0,1715,704338,2150400,0.0,3.3881317890172014e-21,3.751283902995844e-05,0.016748046875,0.015979998727640964,0.017552351327816018,0.3275381324404762,4.095638978418428
seq,ood_dev,50000,22,102400,0,1649,705987,2252800,0.0,3.3881317890172014e-21,3.751283902995844e-05,0.016103515625,0.015350506399222991,0.016892829512628053,0.31338201349431816,4.095983325478155
seq,ood_dev,50000,23,102400,0,1697,707684,2355200,0.0,3.3881317890172014e-21,3.751283902995844e-05,0.016572265625,0.01580828843853085,0.0173725123050336,0.3004772418478261,4.09614744864637
seq,ood_dev,50000,24,102400,0,1767,709451,2457600,0.0,3.3881317890172014e-21,3.751283902995844e-05,0.017255859375,0.01647617513653759,0.01807176181994226,0.2886763509114583,4.095606930085924
seq,ood_dev,50000,25,102400,0,1715,711166,2560000,0.0,3.3881317890172014e-21,3.751283902995844e-05,0.016748046875,0.015979998727640964,0.017552351327816018,0.27779921875,4.095673994026146
seq,ood_dev,50000,26,102400,0,1679,712845,2662400,0.0,3.3881317890172014e-21,3.751283902995844e-05,0.016396484375,0.01563660087091516,0.017192650560756764,0.2677452674278846,4.095869730724953
seq,ood_dev,50000,27,102400,0,1718,714563,2764800,0.0,3.3881317890172014e-21,3.751283902995844e-05,0.01677734375,0.016008619293442074,0.017582322313996996,0.25845015914351854,4.095849001945462
seq,ood_dev,50000,28,102400,0,1654,716217,2867200,0.0,3.3881317890172014e-21,3.751283902995844e-05,0.01615234375,0.015398184286100883,0.01694280421238697,0.24979666573660714,4.095651994724758
seq,ood_dev,50000,29,102400,0,1765,717982,2969600,0.0,3.3881317890172014e-21,3.751283902995844e-05,0.017236328125,0.01645708807444747,0.01805178784737764,0.24177734375,4.095759297560435
seq,ood_dev,50000,30,102400,0,1736,719718,3072000,0.0,3.3881317890172014e-21,3.751283902995844e-05,0.016953125,0.01618035564849098,0.017762135270840616,0.234283203125,4.095712942036334
seq,ood_dev,50000,31,102400,0,1725,721443,3174400,0.0,3.3881317890172014e-21,3.751283902995844e-05,0.016845703125,0.016075403021209946,0.01765225220752066,0.2272690902217742,4.096120377625339
seq,ood_dev,50000,32,102400,0,1741,723184,3276800,0.0,3.3881317890172014e-21,3.751283902995844e-05,0.017001953125,0.016228064105455898,0.017812079400512517,0.2206982421875,4.0959794224333015
seq,ood_dev,50000,33,102400,0,1730,724914,3379200,0.0,3.3881317890172014e-21,3.751283902995844e-05,0.01689453125,0.016123107738719566,0.01770220007664786,0.2145223721590909,4.0957540216087365
seq,ood_dev,50000,34,102400,0,1724,726638,3481600,0.0,3.3881317890172014e-21,3.751283902995844e-05,0.0168359375,0.01606586228283863,0.01764226242856461,0.20870806525735294,4.095785079326015
seq,ood_dev,50000,35,102400,0,1725,728363,3584000,0.0,3.3881317890172014e-21,3.751283902995844e-05,0.016845703125,0.016075403021209946,0.01765225220752066,0.20322628348214286,4.096048877632711
seq,ood_dev,50000,36,102400,0,1642,730005,3686400,0.0,3.3881317890172014e-21,3.751283902995844e-05,0.01603515625,0.015283760431974203,0.016822861858585305,0.19802652994791667,4.095993814738467
seq,dev,100000,1,102400,102400,102400,102400,102400,1.0,0.9999624871609701,1.0,1.0,0.9999624871609701,1.0,1.0,0.020343621728175235
seq,dev,100000,2,102400,100694,100694,203094,204800,0.98333984375,0.9825375653655165,0.9841058592349728,0.98333984375,0.9825375653655165,0.9841058592349728,0.991669921875,0.06844669344724304
seq,dev,100000,3,102400,100604,102265,305359,307200,0.9824609375,0.9816386450563598,0.9832470329846669,0.998681640625,0.998439908654375,0.9988859586674009,0.9940071614583333,0.005490018862345502
seq,dev,100000,4,102400,99763,101378,406737,409600,0.974248046875,0.9732599636213268,0.9752005493473879,0.99001953125,0.9893920540187835,0.9906102444336218,0.99301025390625,0.03449037200804004
seq,dev,100000,5,102400,96945,99003,505740,512000,0.946728515625,0.945336188741904,0.9480873263983026,0.966826171875,0.9657116329373813,0.9679056868625376,0.9877734375,0.1055944158229892
seq,dev,100000,6,102400,89073,92456,598196,614400,0.869853515625,0.8677788259684942,0.8719004567707132,0.902890625,0.9010618626078251,0.9046891602498501,0.9736263020833333,0.3205491704233085
seq,dev,100000,7,102400,70215,76355,674551,716800,0.685693359375,0.6828430258253241,0.6885297611544775,0.745654296875,0.7429777714979009,0.7483123918719077,0.9410588727678572,0.860911523432745
seq,dev,100000,8,102400,41349,50849,725400,819200,0.403798828125,0.4007972656935249,0.40680760811462513,0.496572265625,0.4935100798845438,0.4996347085335519,0.885498046875,1.7660372880594069
seq,dev,100000,9,102400,15835,24660,750060,921600,0.154638671875,0.15243711737412802,0.1568661373436902,0.2408203125,0.23821117793063956,0.24344889220115445,0.8138671875,2.8598449929839034
seq,dev,100000,10,102400,4203,10402,760462,1024000,0.041044921875,0.039846897610090866,0.04227737955584452,0.10158203125,0.0997466359386243,0.10344731813963241,0.742638671875,3.592868022465065
seq,dev,100000,11,102400,857,4776,765238,1126400,0.008369140625,0.00782931536624605,0.008945850822333738,0.046640625,0.04536600181409122,0.047949261780422976,0.6793661221590909,3.923020637201587
seq,dev,100000,12,102400,155,2696,767934,1228800,0.001513671875,0.001293528768478345,0.0017712142562928315,0.026328125,0.025365100392005485,0.027326687161594303,0.6249462890625,4.0463519835987976
seq,ood_dev,100000,1,102400,102400,102400,102400,102400,1.0,0.9999624871609701,1.0,1.0,0.9999624871609701,1.0,1.0,0.020298018899590032
seq,ood_dev,100000,2,102400,100708,100708,203108,204800,0.9834765625,0.9826774469962324,0.98423940484684,0.9834765625,0.9826774469962324,0.98423940484684,0.99173828125,0.06806901577660833
seq,ood_dev,100000,3,102400,100614,102257,305365,307200,0.98255859375,0.9817384985600655,0.9833424846542347,0.998603515625,0.9983553278708656,0.9988142953122917,0.9940266927083333,0.006358583132331979
seq,ood_dev,100000,4,102400,99733,101336,406701,409600,0.973955078125,0.9729616508953625,0.9749129465535313,0.989609375,0.9889696637723764,0.9902123529522797,0.99292236328125,0.03537808231535574
seq,ood_dev,100000,5,102400,97027,99111,505812,512000,0.947529296875,0.9461467388579542,0.9488782787030962,0.967880859375,0.9667832668671825,0.9689433488040917,0.9879140625,0.10548238526988472
seq,ood_dev,100000,6,102400,89156,92451,598263,614400,0.8706640625,0.8685948124059296,0.8727055032714487,0.902841796875,0.9010126295035601,0.9046407407674786,0.9737353515625,0.31717514401620694
seq,ood_dev,100000,7,102400,70163,76213,674476,716800,0.685185546875,0.6823339903184583,0.6880232097603204,0.744267578125,0.7415863318169837,0.7469304980923395,0.9409542410714286,0.8538142602926933
seq,ood_dev,100000,8,102400,41374,50844,725320,819200,0.40404296875,0.40104110437954693,0.4070520323617873,0.4965234375,0.4934612556560042,0.4995858801754547,0.885400390625,1.770945606148457
seq,ood_dev,100000,9,102400,15902,24830,750150,921600,0.15529296875,0.153087568955877,0.15752423042287456,0.24248046875,0.23986513569491807,0.24511512238252764,0.81396484375,2.859634923599865
seq,ood_dev,100000,10,102400,4242,10444,760594,1024000,0.04142578125,0.04022236129751111,0.04266360604419142,0.1019921875,0.1001534686277989,0.10386076717820704,0.742767578125,3.585031977931135
seq,ood_dev,100000,11,102400,875,4810,765404,1126400,0.008544921875,0.0079993141929676,0.009127401307504716,0.04697265625,0.04569365791027501,0.048285643273369525,0.6795134943181819,3.9223324203096297
seq,ood_dev,100000,12,102400,154,2801,768205,1228800,0.00150390625,0.0012845292931654567,0.001760683214278357,0.027353515625,0.026372068909880156,0.028370422963092716,0.6251668294270833,4.042969624943762
seq,ood_dev,100000,13,102400,22,2101,770306,1331200,0.00021484375,0.000141890591557798,0.00032529362867413976,0.020517578125,0.019667115500478814,0.02140401424334017,0.5786553485576923,4.083122560775373
seq,ood_dev,100000,14,102400,1,1762,772068,1433600,9.765625e-06,1.7238746867777096e-06,5.5319481670543434e-05,0.01720703125,0.01642845797781226,0.01802182639203077,0.5385518973214286,4.0934115684888095
seq,ood_dev,100000,15,102400,0,1795,773863,1536000,0.0,3.3881317890172014e-21,3.751283902995844e-05,0.017529296875,0.016743421557222922,0.018351369884423076,0.5038170572916667,4.09557623925386
seq,ood_dev,100000,16,102400,0,1793,775656,1638400,0.0,3.3881317890172014e-21,3.751283902995844e-05,0.017509765625,0.016724330834732817,0.018331399572258458,0.4734228515625,4.096233525356511
seq,ood_dev,100000,17,102400,0,1771,777427,1740800,0.0,3.3881317890172014e-21,3.751283902995844e-05,0.017294921875,0.016514350053133026,0.01811170897265627,0.446591796875,4.097571959511843
seq,ood_dev,100000,18,102400,0,1673,779100,1843200,0.0,3.3881317890172014e-21,3.751283902995844e-05,0.016337890625,0.01557937679287261,0.017132691534835136,0.4226888020833333,4.097666452772683
seq,ood_dev,100000,19,102400,0,1699,780799,1945600,0.0,3.3881317890172014e-21,3.751283902995844e-05,0.016591796875,0.015827366243986105,0.01739249553423307,0.40131527549342105,4.100886240670224
seq,ood_dev,100000,20,102400,0,1714,782513,2048000,0.0,3.3881317890172014e-21,3.751283902995844e-05,0.01673828125,0.015970458677048924,0.0175423608610807,0.38208642578125,4.102324661132879
seq,ood_dev,100000,21,102400,0,1745,784258,2150400,0.0,3.3881317890172014e-21,3.751283902995844e-05,0.017041015625,0.01626623208690989,0.01785203348836797,0.3647033110119048,4.106001351445448
seq,ood_dev,100000,22,102400,0,1699,785957,2252800,0.0,3.3881317890172014e-21,3.751283902995844e-05,0.016591796875,0.015827366243986105,0.01739249553423307,0.3488800603693182,4.111002527966048
seq,ood_dev,100000,23,102400,0,1685,787642,2355200,0.0,3.3881317890172014e-21,3.751283902995844e-05,0.016455078125,0.015693827513485862,0.01725260702215024,0.33442680027173916,4.115775393070362
seq,ood_dev,100000,24,102400,0,1718,789360,2457600,0.0,3.3881317890172014e-21,3.751283902995844e-05,0.01677734375,0.016008619293442074,0.017582322313996996,0.32119140625,4.122392551431549
seq,ood_dev,100000,25,102400,0,1687,791047,2560000,0.0,3.3881317890172014e-21,3.751283902995844e-05,0.016474609375,0.015712903628576462,0.017272591941714363,0.309002734375,4.126611578460434
seq,ood_dev,100000,26,102400,0,1647,792694,2662400,0.0,3.3881317890172014e-21,3.751283902995844e-05,0.016083984375,0.015331435756104178,0.016872839121092133,0.2977366286057692,4.13731724314508
seq,ood_dev,100000,27,102400,0,1707,794401,2764800,0.0,3.3881317890172014e-21,3.751283902995844e-05,0.016669921875,0.01590368026112528,0.0174724256557128,0.2873267505787037,4.14318106437393
seq,ood_dev,100000,28,102400,0,1767,796168,2867200,0.0,3.3881317890172014e-21,3.751283902995844e-05,0.017255859375,0.01647617513653759,0.01807176181994226,0.27768136160714285,4.151963825745624
seq,ood_dev,100000,29,102400,0,1710,797878,2969600,0.0,3.3881317890172014e-21,3.751283902995844e-05,0.01669921875,0.01593229916630613,0.01750239830251404,0.26868197737068966,4.1578832667155075
seq,ood_dev,100000,30,102400,0,1669,799547,3072000,0.0,3.3881317890172014e-21,3.751283902995844e-05,0.016298828125,0.015541228838945096,0.0170927174194532,0.2602692057291667,4.167445083608909
seq,ood_dev,100000,31,102400,0,1723,801270,3174400,0.0,3.3881317890172014e-21,3.751283902995844e-05,0.016826171875,0.016056321612980526,0.017632272581095357,0.2524162046370968,4.173766780581791
seq,ood_dev,100000,32,102400,0,1715,802985,3276800,0.0,3.3881317890172014e-21,3.751283902995844e-05,0.016748046875,0.015979998727640964,0.017552351327816018,0.24505157470703126,4.176236407639226
seq,ood_dev,100000,33,102400,0,1701,804686,3379200,0.0,3.3881317890172014e-21,3.751283902995844e-05,0.016611328125,0.015846444329457577,0.017412478483416333,0.23812914299242424,4.187943520231056
seq,ood_dev,100000,34,102400,0,1727,806413,3481600,0.0,3.3881317890172014e-21,3.751283902995844e-05,0.016865234375,0.016094484703258225,0.01767223156012711,0.2316213809742647,4.191982746191789
seq,ood_dev,100000,35,102400,0,1687,808100,3584000,0.0,3.3881317890172014e-21,3.751283902995844e-05,0.016474609375,0.015712903628576462,0.017272591941714363,0.22547433035714284,4.196606297871913
seq,ood_dev,100000,36,102400,0,1700,809800,3686400,0.0,3.3881317890172014e-21,3.751283902995844e-05,0.0166015625,0.015836905251750164,0.017402487043796374,0.2196723090277778,4.202870835481445
reference_gpt,dev,10000,1,102400,102400,102400,102400,102400,1.0,0.9999624871609701,1.0,1.0,0.9999624871609701,1.0,1.0,0.016544923086415794
reference_gpt,dev,10000,2,102400,100694,100694,203094,204800,0.98333984375,0.9825375653655165,0.9841058592349728,0.98333984375,0.9825375653655165,0.9841058592349728,0.991669921875,0.07188766157428747
reference_gpt,dev,10000,3,102400,100676,102338,305432,307200,0.9831640625,0.9823577375714354,0.9839341377171613,0.99939453125,0.9992239751088952,0.9995276199777785,0.9942447916666667,0.004668374502571265
reference_gpt,dev,10000,4,102400,100499,101857,407289,409600,0.981435546875,0.9805905629698027,0.9822444107518508,0.994697265625,0.9942335001089072,0.9951239161433051,0.99435791015625,0.019669735266215772
reference_gpt,dev,10000,5,102400,100125,101837,509126,512000,0.977783203125,0.9768623844763208,0.9786681757648991,0.994501953125,0.9940301287546868,0.9949366771509781,0.99438671875,0.021520905400482036
reference_gpt,dev,10000,6,102400,99488,101640,610766,614400,0.9715625,0.9705266021349174,0.9725630185687725,0.992578125,0.9920336330485472,0.9930856609436273,0.9940852864583334,0.03496016679145371
reference_gpt,dev,10000,7,102400,97597,98841,709607,716800,0.953095703125,0.9517836102774659,0.9543738021601811,0.965244140625,0.964104733818621,0.9663486421742651,0.9899651227678572,0.13417379469008103
reference_gpt,dev,10000,8,102400,95334,99450,809057,819200,0.93099609375,0.9294274520373013,0.9325323996885241,0.97119140625,0.9701490982224652,0.9721983628227848,0.987618408203125,0.0984296006614574
reference_gpt,dev,10000,9,102400,48232,51457,860514,921600,0.471015625,0.46795947552256084,0.47407394904982664,0.502509765625,0.49944732377000983,0.5055720191831224,0.9337174479166667,1.5262293136455665
reference_gpt,dev,10000,10,102400,4678,7124,867638,1024000,0.04568359375,0.044421682655224635,0.04697959024120802,0.0695703125,0.06802810184984397,0.07114481642931782,0.847302734375,3.690359950228019
reference_gpt,dev,10000,11,102400,187,2167,869805,1126400,0.001826171875,0.001582697572600103,0.00210702200664668,0.021162109375,0.020298383847567818,0.022061760039857103,0.7721990411931818,4.071466583107922
reference_gpt,dev,10000,12,102400,7,1772,871577,1228800,6.8359375e-05,3.3114285575679005e-05,0.00014111217474581833,0.0173046875,0.01652389394704792,0.018121695596068733,0.7092911783854167,4.096618834894616
reference_gpt,ood_dev,10000,1,102400,102400,102400,102400,102400,1.0,0.9999624871609701,1.0,1.0,0.9999624871609701,1.0,1.0,0.016570780568158625
reference_gpt,ood_dev,10000,2,102400,100708,100708,203108,204800,0.9834765625,0.9826774469962324,0.98423940484684,0.9834765625,0.9826774469962324,0.98423940484684,0.99173828125,0.07096192476761495
reference_gpt,ood_dev,10000,3,102400,100698,102327,305435,307200,0.98337890625,0.9825775301468465,0.9841440165229522,0.999287109375,0.9991038370362532,0.9994329223598194,0.9942545572916667,0.005609754205030514
reference_gpt,ood_dev,10000,4,102400,100490,101869,407304,409600,0.98134765625,0.980500758580344,0.9821584404853632,0.994814453125,0.9943555954058877,0.9952361870542529,0.99439453125,0.01917031551999231
reference_gpt,ood_dev,10000,5,102400,100113,101805,509109,512000,0.977666015625,0.9767428784928026,0.978553315540489,0.994189453125,0.9937050313659933,0.9946367979851959,0.994353515625,0.022326953424874462
reference_gpt,ood_dev,10000,6,102400,99449,101619,610728,614400,0.971181640625,0.970139164520864,0.9721887660070588,0.992373046875,0.9918214089733547,0.9928877441549452,0.9940234375,0.0357696971865221
reference_gpt,ood_dev,10000,7,102400,97605,98915,709643,716800,0.953173828125,0.9518627581194772,0.9544508984567885,0.965966796875,0.964838669564519,0.967059964710592,0.9900153459821428,0.13180362157134592
reference_gpt,ood_dev,10000,8,102400,95383,99497,809140,819200,0.931474609375,0.9299109437161754,0.9330059033586906,0.971650390625,0.9706160176458676,0.9726493777137686,0.9877197265625,0.09785271407255244
reference_gpt,ood_dev,10000,9,102400,48348,51544,860684,921600,0.4721484375,0.46909185056348585,0.4752071140188758,0.503359375,0.5002969318141784,0.5064215661464345,0.9339019097222222,1.527275093861739
reference_gpt,ood_dev,10000,10,102400,4764,7211,867895,1024000,0.0465234375,0.04525036277379384,0.04783053461279202,0.070419921875,0.0688689099704358,0.07200316331620657,0.8475537109375,3.688272415920695
reference_gpt,ood_dev,10000,11,102400,205,2215,870110,1126400,0.002001953125,0.0017462303776450004,0.00229503851349431,0.021630859375,0.02075762259747999,0.022539986121658338,0.7724698153409091,4.071362089733302
reference_gpt,ood_dev,10000,12,102400,6,1735,871845,1228800,5.859375e-05,2.6854309065424834e-05,0.00012784163392870978,0.016943359375,0.016170814160317883,0.017752146241686355,0.70950927734375,4.096118222088553
reference_gpt,ood_dev,10000,13,102400,0,1767,873612,1331200,0.0,3.3881317890172014e-21,3.751283902995844e-05,0.017255859375,0.01647617513653759,0.01807176181994226,0.6562590144230769,4.097222873182036
reference_gpt,ood_dev,10000,14,102400,0,1703,875315,1433600,0.0,3.3881317890172014e-21,3.751283902995844e-05,0.016630859375,0.01586552269446015,0.017432461153068485,0.6105712890625,4.097597362417727
reference_gpt,ood_dev,10000,15,102400,0,1702,877017,1536000,0.0,3.3881317890172014e-21,3.751283902995844e-05,0.01662109375,0.015855983477047735,0.017422469853153533,0.570974609375,4.098880892598536
reference_gpt,ood_dev,10000,16,102400,0,1681,878698,1638400,0.0,3.3881317890172014e-21,3.751283902995844e-05,0.016416015625,0.015655676134157807,0.01721263633216884,0.536314697265625,4.117027536283713
reference_gpt,ood_dev,10000,17,102400,0,1682,880380,1740800,0.0,3.3881317890172014e-21,3.751283902995844e-05,0.01642578125,0.015665213872477914,0.0172226291111761,0.5057329963235294,4.137733318301616
reference_gpt,ood_dev,10000,18,102400,0,1659,882039,1843200,0.0,3.3881317890172014e-21,3.751283902995844e-05,0.016201171875,0.015445863993727361,0.016992777091397307,0.47853678385416665,4.13743273877073
reference_gpt,ood_dev,10000,19,102400,0,1706,883745,1945600,0.0,3.3881317890172014e-21,3.751283902995844e-05,0.01666015625,0.015894140765027154,0.017462434634483562,0.4542274876644737,4.125734189250302
reference_gpt,ood_dev,10000,20,102400,0,1697,885442,2048000,0.0,3.3881317890172014e-21,3.751283902995844e-05,0.016572265625,0.01580828843853085,0.0173725123050336,0.4323447265625,4.119173825061298
reference_gpt,ood_dev,10000,21,102400,0,1642,887084,2150400,0.0,3.3881317890172014e-21,3.751283902995844e-05,0.01603515625,0.015283760431974203,0.016822861858585305,0.4125204613095238,4.113924625620712
reference_gpt,ood_dev,10000,22,102400,0,1709,888793,2252800,0.0,3.3881317890172014e-21,3.751283902995844e-05,0.016689453125,0.0159227594618247,0.017492407489668103,0.3945281427556818,4.109745474685915
reference_gpt,ood_dev,10000,23,102400,0,1695,890488,2355200,0.0,3.3881317890172014e-21,3.751283902995844e-05,0.016552734375,0.015789210913578336,0.01735252879533139,0.3780944293478261,4.118467610330554
reference_gpt,ood_dev,10000,24,102400,0,1755,892243,2457600,0.0,3.3881317890172014e-21,3.751283902995844e-05,0.017138671875,0.016361656743758564,0.01795191400479293,0.3630546061197917,4.159262537840404
reference_gpt,ood_dev,10000,25,102400,0,1686,893929,2560000,0.0,3.3881317890172014e-21,3.751283902995844e-05,0.01646484375,0.015703365535630627,0.017262599517332833,0.349191015625,4.1529805209997
reference_gpt,ood_dev,10000,26,102400,0,1664,895593,2662400,0.0,3.3881317890172014e-21,3.751283902995844e-05,0.01625,0.015493545514017064,0.01704274815774442,0.33638559194711537,4.122941646992549
reference_gpt,ood_dev,10000,27,102400,0,1729,897322,2764800,0.0,3.3881317890172014e-21,3.751283902995844e-05,0.016884765625,0.01611356665865825,0.01769221063938181,0.32455222800925926,4.108884730166755
reference_gpt,ood_dev,10000,28,102400,0,1713,899035,2867200,0.0,3.3881317890172014e-21,3.751283902995844e-05,0.016728515625,0.015960918695559916,0.017532370325242335,0.3135585239955357,4.1072844058444025
reference_gpt,ood_dev,10000,29,102400,0,1694,900729,2969600,0.0,3.3881317890172014e-21,3.751283902995844e-05,0.01654296875,0.015779672256443042,0.017342536935139326,0.3033166082974138,4.110160331500229
reference_gpt,ood_dev,10000,30,102400,0,1739,902468,3072000,0.0,3.3881317890172014e-21,3.751283902995844e-05,0.016982421875,0.016208980519679686,0.017792101951634,0.2937721354166667,4.125651166018797
reference_gpt,ood_dev,10000,31,102400,0,1697,904165,3174400,0.0,3.3881317890172014e-21,3.751283902995844e-05,0.016572265625,0.01580828843853085,0.0173725123050336,0.28483020413306454,4.139435993660881
reference_gpt,ood_dev,10000,32,102400,0,1702,905867,3276800,0.0,3.3881317890172014e-21,3.751283902995844e-05,0.01662109375,0.015855983477047735,0.017422469853153533,0.27644866943359375,4.1331840083238784
reference_gpt,ood_dev,10000,33,102400,0,1629,907496,3379200,0.0,3.3881317890172014e-21,3.751283902995844e-05,0.015908203125,0.015159813223057182,0.016692912342246607,0.2685535037878788,4.120440361299552
reference_gpt,ood_dev,10000,34,102400,0,1714,909210,3481600,0.0,3.3881317890172014e-21,3.751283902995844e-05,0.01673828125,0.015970458677048924,0.0175423608610807,0.2611471737132353,4.109427668903955
reference_gpt,ood_dev,10000,35,102400,0,1696,910906,3584000,0.0,3.3881317890172014e-21,3.751283902995844e-05,0.0165625,0.01579874964096129,0.017362520585275803,0.25415904017857144,4.111916771460091
reference_gpt,ood_dev,10000,36,102400,0,1733,912639,3686400,0.0,3.3881317890172014e-21,3.751283902995844e-05,0.016923828125,0.016151731387651833,0.017732167979697674,0.24756917317708332,4.109016832800116
reference_gpt,dev,25000,1,102400,102400,102400,102400,102400,1.0,0.9999624871609701,1.0,1.0,0.9999624871609701,1.0,1.0,0.01948321156399743
reference_gpt,dev,25000,2,102400,100694,100694,203094,204800,0.98333984375,0.9825375653655165,0.9841058592349728,0.98333984375,0.9825375653655165,0.9841058592349728,0.991669921875,0.06873307319523664
reference_gpt,dev,25000,3,102400,100664,102325,305419,307200,0.983046875,0.9822378647291594,0.983819644351509,0.999267578125,0.9990820982472838,0.999415600114134,0.9942024739583334,0.0031598985697560843
reference_gpt,dev,25000,4,102400,100551,102147,407566,409600,0.981943359375,0.9811095279380568,0.9827410326846195,0.997529296875,0.997205998223832,0.9978152680533153,0.9950341796875,0.008711888409770392
reference_gpt,dev,25000,5,102400,100384,102156,509722,512000,0.9803125,0.9794434129198355,0.9811455513091714,0.9976171875,0.9972993189798128,0.9978977219532806,0.99555078125,0.008910257111680605
reference_gpt,dev,25000,6,102400,99844,101807,611529,614400,0.9750390625,0.9740655746744007,0.9759769101978304,0.994208984375,0.9937253397072083,0.9946555506786356,0.9953271484375,0.02058409432171713
reference_gpt,dev,25000,7,102400,99456,100423,711952,716800,0.97125,0.9702087010875485,0.9722559430616656,0.980693359375,0.979832362620353,0.9815182917844211,0.9932366071428571,0.07533427502358159
reference_gpt,dev,25000,8,102400,99016,101795,813747,819200,0.966953125,0.9658406099434412,0.9680306065817333,0.994091796875,0.9936035094354246,0.9945430147424911,0.993343505859375,0.02408458988114242
reference_gpt,dev,25000,9,102400,95889,98949,912696,921600,0.936416015625,0.9349050467279761,0.9378942421145354,0.966298828125,0.9651759280013812,0.9673867438628603,0.9903385416666667,0.10979709821121497
reference_gpt,dev,25000,10,102400,89790,94766,1007462,1024000,0.87685546875,0.874828663317252,0.8788540003456744,0.92544921875,0.923824415691926,0.9270421021919573,0.983849609375,0.22391383728292183
reference_gpt,dev,25000,11,102400,12942,14285,1021747,1126400,0.12638671875,0.12436551762430943,0.12843595046544853,0.139501953125,0.13739338606353999,0.1416375667968661,0.9070907315340909,3.268026041130679
reference_gpt,dev,25000,12,102400,567,2356,1024103,1228800,0.005537109375,0.005100788189102959,0.006010527974541647,0.0230078125,0.022107255635040374,0.023944156027256094,0.8334171549479167,4.05507555470283
reference_gpt,ood_dev,25000,1,102400,102400,102400,102400,102400,1.0,0.9999624871609701,1.0,1.0,0.9999624871609701,1.0,1.0,0.01950603640762438
reference_gpt,ood_dev,25000,2,102400,100708,100708,203108,204800,0.9834765625,0.9826774469962324,0.98423940484684,0.9834765625,0.9826774469962324,0.98423940484684,0.99173828125,0.06831607058663394
reference_gpt,ood_dev,25000,3,102400,100677,102315,305423,307200,0.983173828125,0.9823677274189047,0.9839436783870195,0.999169921875,0.9989738174076627,0.9993285757804814,0.9942154947916667,0.004364799540868514
reference_gpt,ood_dev,25000,4,102400,100551,102109,407532,409600,0.981943359375,0.9811095279380568,0.9827410326846195,0.997158203125,0.9968129821259797,0.9974661244927279,0.994951171875,0.010050786664693372
reference_gpt,ood_dev,25000,5,102400,100390,102162,509694,512000,0.98037109375,0.9795032458877102,0.9812029014452608,0.99767578125,0.9973615888553815,0.9979526351816763,0.99549609375,0.008705526350181937
reference_gpt,ood_dev,25000,6,102400,99854,101807,611501,614400,0.97513671875,0.9741650500865181,0.9760727399589865,0.994208984375,0.9937253397072083,0.9946555506786356,0.9952815755208333,0.020018109508845458
reference_gpt,ood_dev,25000,7,102400,99478,100436,711937,716800,0.97146484375,0.9704272545859406,0.9724670609444755,0.9808203125,0.9799620313312276,0.9816425197988021,0.9932156808035715,0.07201100970039498
reference_gpt,ood_dev,25000,8,102400,99012,101745,813682,819200,0.9669140625,0.9658009242519646,0.9679921702039006,0.993603515625,0.9930963701450949,0.9940736281664527,0.99326416015625,0.0258127870428759
reference_gpt,ood_dev,25000,9,102400,95872,98921,912603,921600,0.93625,0.9347372203828292,0.9377300496651171,0.966025390625,0.9648981836908033,0.9671176336882721,0.9902376302083333,0.11076493409405451
reference_gpt,ood_dev,25000,10,102400,89637,94539,1007142,1024000,0.875361328125,0.8733241322544107,0.8773703622574291,0.923232421875,0.9215859168446441,0.9248471736059278,0.983537109375,0.23257050996412257
reference_gpt,ood_dev,25000,11,102400,13097,14488,1021630,1126400,0.127900390625,0.1258687569359685,0.1299599413395307,0.141484375,0.13936317270623524,0.14363247517162545,0.9069868607954545,3.266694789614379
reference_gpt,ood_dev,25000,12,102400,537,2387,1024017,1228800,0.005244140625,0.004819941443434317,0.005705459200389409,0.023310546875,0.022404101650450297,0.024252756048994416,0.83334716796875,4.056042132551306
reference_gpt,ood_dev,25000,13,102400,12,1748,1025765,1331200,0.0001171875,6.703989323386348e-05,0.00020483915372444735,0.0170703125,0.01629485877987003,0.017881998347389922,0.770556640625,4.102884042278165
reference_gpt,ood_dev,25000,14,102400,0,1696,1027461,1433600,0.0,3.3881317890172014e-21,3.751283902995844e-05,0.0165625,0.01579874964096129,0.017362520585275803,0.7166999162946428,4.146893083969481
reference_gpt,ood_dev,25000,15,102400,0,1650,1029111,1536000,0.0,3.3881317890172014e-21,3.751283902995844e-05,0.01611328125,0.01536004183054854,0.01690282459862987,0.669994140625,4.492217886069648
reference_gpt,ood_dev,25000,16,102400,0,1684,1030795,1638400,0.0,3.3881317890172014e-21,3.751283902995844e-05,0.0164453125,0.015684289562204114,0.017242614456104623,0.6291473388671875,7.141426977770028
reference_gpt,ood_dev,25000,17,102400,0,1658,1032453,1740800,0.0,3.3881317890172014e-21,3.751283902995844e-05,0.01619140625,0.01543632790693115,0.016982782660866155,0.5930911075367648,7.6961327654083656
reference_gpt,ood_dev,25000,18,102400,0,1676,1034129,1843200,0.0,3.3881317890172014e-21,3.751283902995844e-05,0.0163671875,0.01560798851048257,0.017162671369207273,0.5610508897569444,9.18042522872322
reference_gpt,ood_dev,25000,19,102400,0,1690,1035819,1945600,0.0,3.3881317890172014e-21,3.751283902995844e-05,0.01650390625,0.015741518331602318,0.017302568790670596,0.5323905222039473,8.33135749248526
reference_gpt,ood_dev,25000,20,102400,0,1677,1037496,2048000,0.0,3.3881317890172014e-21,3.751283902995844e-05,0.016376953125,0.015617525892619095,0.017172664504398104,0.50658984375,7.45375880054319
reference_gpt,ood_dev,25000,21,102400,0,1655,1039151,2150400,0.0,3.3881317890172014e-21,3.751283902995844e-05,0.016162109375,0.015407720082225901,0.016952798933589322,0.48323614211309524,5.230826201904884
reference_gpt,ood_dev,25000,22,102400,0,1760,1040911,2252800,0.0,3.3881317890172014e-21,3.751283902995844e-05,0.0171875,0.016409371578367776,0.01800185175682053,0.46205211292613635,4.614343365187003
reference_gpt,ood_dev,25000,23,102400,0,1754,1042665,2355200,0.0,3.3881317890172014e-21,3.751283902995844e-05,0.01712890625,0.016352113976826295,0.017941926254397833,0.44270762567934785,5.336277693932625
reference_gpt,ood_dev,25000,24,102400,0,1673,1044338,2457600,0.0,3.3881317890172014e-21,3.751283902995844e-05,0.016337890625,0.01557937679287261,0.017132691534835136,0.4249422200520833,8.458920850873762
reference_gpt,ood_dev,25000,25,102400,0,1689,1046027,2560000,0.0,3.3881317890172014e-21,3.751283902995844e-05,0.016494140625,0.01573198002662403,0.017292576578321527,0.408604296875,11.27765211055584
reference_gpt,ood_dev,25000,26,102400,0,1683,1047710,2662400,0.0,3.3881317890172014e-21,3.751283902995844e-05,0.016435546875,0.01567475168184742,0.01723262181913395,0.39352088341346153,10.313693752227325
reference_gpt,ood_dev,25000,27,102400,0,1772,1049482,2764800,0.0,3.3881317890172014e-21,3.751283902995844e-05,0.0173046875,0.01652389394704792,0.018121695596068733,0.3795869502314815,11.203542111631155
reference_gpt,ood_dev,25000,28,102400,0,1755,1051237,2867200,0.0,3.3881317890172014e-21,3.751283902995844e-05,0.017138671875,0.016361656743758564,0.01795191400479293,0.3666423688616071,11.374047406893162
reference_gpt,ood_dev,25000,29,102400,0,1647,1052884,2969600,0.0,3.3881317890172014e-21,3.751283902995844e-05,0.016083984375,0.015331435756104178,0.016872839121092133,0.35455414870689655,8.431411661722615
reference_gpt,ood_dev,25000,30,102400,0,1708,1054592,3072000,0.0,3.3881317890172014e-21,3.751283902995844e-05,0.0166796875,0.015913219826744453,0.017482416607420986,0.34329166666666666,12.003730851120176
reference_gpt,ood_dev,25000,31,102400,0,1694,1056286,3174400,0.0,3.3881317890172014e-21,3.751283902995844e-05,0.01654296875,0.015779672256443042,0.017342536935139326,0.3327513860887097,15.335392099469791
reference_gpt,ood_dev,25000,32,102400,0,1759,1058045,3276800,0.0,3.3881317890172014e-21,3.751283902995844e-05,0.017177734375,0.016399828478305734,0.017991864339555207,0.32288970947265627,12.084469787174099
reference_gpt,ood_dev,25000,33,102400,0,1673,1059718,3379200,0.0,3.3881317890172014e-21,3.751283902995844e-05,0.016337890625,0.01557937679287261,0.017132691534835136,0.31360026041666667,9.292139679659607
reference_gpt,ood_dev,25000,34,102400,0,1672,1061390,3481600,0.0,3.3881317890172014e-21,3.751283902995844e-05,0.016328125,0.01556983969681238,0.017122698113568,0.3048569623161765,6.845934661779013
reference_gpt,ood_dev,25000,35,102400,0,1615,1063005,3584000,0.0,3.3881317890172014e-21,3.751283902995844e-05,0.015771484375,0.015026345695475042,0.016552952627245668,0.29659737723214286,9.417294447885556
reference_gpt,ood_dev,25000,36,102400,0,1631,1064636,3686400,0.0,3.3881317890172014e-21,3.751283902995844e-05,0.015927734375,0.015178881208795401,0.01671290539116311,0.2888009982638889,5.793481118288664
reference_gpt,dev,50000,1,102400,102400,102400,102400,102400,1.0,0.9999624871609701,1.0,1.0,0.9999624871609701,1.0,1.0,0.01612559725038974
reference_gpt,dev,50000,2,102400,100694,100694,203094,204800,0.98333984375,0.9825375653655165,0.9841058592349728,0.98333984375,0.9825375653655165,0.9841058592349728,0.991669921875,0.07090099209023744
reference_gpt,dev,50000,3,102400,100681,102365,305459,307200,0.983212890625,0.982407687495087,0.9839818403801465,0.999658203125,0.9995247045222765,0.9997542145322359,0.9943326822916667,0.0019726276277553263
reference_gpt,dev,50000,4,102400,100634,102286,407745,409600,0.98275390625,0.9819382251332769,0.9835333684275707,0.99888671875,0.9986629039087956,0.9990731042768551,0.99547119140625,0.004381538370213094
reference_gpt,dev,50000,5,102400,100557,102251,509996,512000,0.982001953125,0.9811694191360659,0.9827983245905748,0.998544921875,0.9982920097794027,0.9987604302997902,0.9960859375,0.006448439564492312
reference_gpt,dev,50000,6,102400,100262,102078,612074,614400,0.97912109375,0.9782272226406565,0.9799790184744122,0.99685546875,0.9964934110762104,0.9971802495053489,0.9962141927083333,0.01148095826402057
reference_gpt,dev,50000,7,102400,99988,100662,712736,716800,0.9764453125,0.975498402740993,0.9773564766263783,0.98302734375,0.982217886874243,0.9838005611717706,0.9943303571428571,0.06451352279902492
reference_gpt,dev,50000,8,102400,99514,101760,814496,819200,0.97181640625,0.9707849206759084,0.9728124934782928,0.99375,0.9932484325287392,0.9942145235427189,0.9942578125,0.024078801911833134
reference_gpt,dev,50000,9,102400,98330,101008,915504,921600,0.96025390625,0.959039967960617,0.9614333136779869,0.98640625,0.9856785381651912,0.98709746887609,0.9933854166666667,0.04984197379496491
reference_gpt,dev,50000,10,102400,96459,99998,1015502,1024000,0.941982421875,0.9405339168360588,0.9433977668830494,0.97654296875,0.9755979360646788,0.9774522484759661,0.991701171875,0.07670015503920224
reference_gpt,dev,50000,11,102400,87874,92844,1108346,1126400,0.85814453125,0.8559941095731528,0.8602680828905468,0.9066796875,0.9048827878137023,0.90844607576699,0.9839719460227273,0.2787235697371038
reference_gpt,dev,50000,12,102400,5384,6084,1114430,1228800,0.052578125,0.05122781955402333,0.053961998575527394,0.0594140625,0.057982611591118526,0.060878568667586085,0.9069254557291667,3.670682010210821
reference_gpt,ood_dev,50000,1,102400,102400,102400,102400,102400,1.0,0.9999624871609701,1.0,1.0,0.9999624871609701,1.0,1.0,0.016060233068866125
reference_gpt,ood_dev,50000,2,102400,100708,100708,203108,204800,0.9834765625,0.9826774469962324,0.98423940484684,0.9834765625,0.9826774469962324,0.98423940484684,0.99173828125,0.07065556614257437
reference_gpt,ood_dev,50000,3,102400,100702,102361,305469,307200,0.98341796875,0.9826174960453342,0.9841821726937738,0.999619140625,0.9994794317923406,0.9997213651928625,0.994365234375,0.0031208438054828795
reference_gpt,ood_dev,50000,4,102400,100665,102277,407746,409600,0.983056640625,0.9822478537583136,0.983829185839682,0.998798828125,0.9985671487903861,0.9989930847393184,0.9954736328125,0.005786686904281881
reference_gpt,ood_dev,50000,5,102400,100590,102240,509986,512000,0.98232421875,0.9814988609765215,0.9831133898219221,0.9984375,0.9981761670054985,0.9986614373830935,0.99606640625,0.0074367032180033075
reference_gpt,ood_dev,50000,6,102400,100279,102058,612044,614400,0.979287109375,0.9783966457490948,0.9801416141605389,0.99666015625,0.9962876668111135,0.9969953834238986,0.9961653645833334,0.012250741687516845
reference_gpt,ood_dev,50000,7,102400,99989,100670,712714,716800,0.976455078125,0.9755083558846648,0.9773660540000338,0.98310546875,0.9822977999233522,0.9838768922612804,0.9942996651785714,0.06356223459126747
reference_gpt,ood_dev,50000,8,102400,99510,101731,814445,819200,0.97177734375,0.9707451779522546,0.9727741141326373,0.993466796875,0.9929545036838278,0.9939420673851366,0.994195556640625,0.025021372664099664
reference_gpt,ood_dev,50000,9,102400,98313,101002,915447,921600,0.960087890625,0.9588715662259846,0.9612696966180541,0.98634765625,0.9856184414060575,0.9870403825312596,0.9933235677083333,0.05033144819344356
reference_gpt,ood_dev,50000,10,102400,96389,99945,1015392,1024000,0.941298828125,0.9398424616530878,0.9427220858531051,0.976025390625,0.9750704568106475,0.9769446103116471,0.99159375,0.07927101703446206
reference_gpt,ood_dev,50000,11,102400,87833,92834,1108226,1126400,0.857744140625,0.8555912197332206,0.8598702215200572,0.90658203125,0.9047842993522688,0.9083492590551498,0.9838654119318182,0.27996174571551863
reference_gpt,ood_dev,50000,12,102400,5300,5977,1114203,1228800,0.0517578125,0.05041765527939633,0.05313159939465592,0.058369140625,0.0569497192829288,0.05982169562174801,0.90674072265625,3.6787174647623946
reference_gpt,ood_dev,50000,13,102400,135,1784,1115987,1331200,0.001318359375,0.001114041332599049,0.0015600913456248738,0.017421875,0.01663842579060641,0.0182415299604386,0.8383315805288462,4.1943439397943685
reference_gpt,ood_dev,50000,14,102400,4,1723,1117710,1433600,3.90625e-05,1.5190744931649625e-05,0.00010044416340775962,0.016826171875,0.016056321612980526,0.017632272581095357,0.7796526227678572,4.616981582188928
reference_gpt,ood_dev,50000,15,102400,1,1710,1119420,1536000,9.765625e-06,1.7238746867777096e-06,5.5319481670543434e-05,0.01669921875,0.01593229916630613,0.01750239830251404,0.7287890625,8.598937707943048
reference_gpt,ood_dev,50000,16,102400,1,1619,1121039,1638400,9.765625e-06,1.7238746867777096e-06,5.5319481670543434e-05,0.015810546875,0.015064477774239048,0.016592942617791116,0.6842279052734375,10.734570896544891
reference_gpt,ood_dev,50000,17,102400,0,1662,1122701,1740800,0.0,3.3881317890172014e-21,3.751283902995844e-05,0.01623046875,0.015474472688896538,0.017022759948210224,0.6449339384191176,14.453777554953476
reference_gpt,ood_dev,50000,18,102400,0,1707,1124408,1843200,0.0,3.3881317890172014e-21,3.751283902995844e-05,0.016669921875,0.01590368026112528,0.0174724256557128,0.6100303819444445,19.531430094870053
reference_gpt,ood_dev,50000,19,102400,0,1609,1126017,1945600,0.0,3.3881317890172014e-21,3.751283902995844e-05,0.015712890625,0.014969149841863918,0.016492965376892613,0.5787505139802631,20.591256672021867
reference_gpt,ood_dev,50000,20,102400,0,1706,1127723,2048000,0.0,3.3881317890172014e-21,3.751283902995844e-05,0.01666015625,0.015894140765027154,0.017462434634483562,0.55064599609375,19.959572970560554
reference_gpt,ood_dev,50000,21,102400,0,1716,1129439,2150400,0.0,3.3881317890172014e-21,3.751283902995844e-05,0.0167578125,0.01598953884727668,0.017562341725507667,0.5252227492559524,12.69996894090962
reference_gpt,ood_dev,50000,22,102400,0,1760,1131199,2252800,0.0,3.3881317890172014e-21,3.751283902995844e-05,0.0171875,0.016409371578367776,0.01800185175682053,0.5021302379261363,7.3261594115562305
reference_gpt,ood_dev,50000,23,102400,0,1692,1132891,2355200,0.0,3.3881317890172014e-21,3.751283902995844e-05,0.0165234375,0.015760595153160015,0.01732255300376763,0.4810168987771739,10.31937820654241
reference_gpt,ood_dev,50000,24,102400,0,1706,1134597,2457600,0.0,3.3881317890172014e-21,3.751283902995844e-05,0.01666015625,0.015894140765027154,0.017462434634483562,0.461668701171875,16.72361995752897
reference_gpt,ood_dev,50000,25,102400,0,1751,1136348,2560000,0.0,3.3881317890172014e-21,3.751283902995844e-05,0.017099609375,0.016323486077016922,0.017911962602225117,0.4438859375,16.84567116477222
reference_gpt,ood_dev,50000,26,102400,0,1665,1138013,2662400,0.0,3.3881317890172014e-21,3.751283902995844e-05,0.016259765625,0.015503082034887343,0.017052742154201505,0.4274387770432692,16.684959447311144
reference_gpt,ood_dev,50000,27,102400,0,1710,1139723,2764800,0.0,3.3881317890172014e-21,3.751283902995844e-05,0.01669921875,0.01593229916630613,0.01750239830251404,0.4122262008101852,17.560911511231865
reference_gpt,ood_dev,50000,28,102400,0,1727,1141450,2867200,0.0,3.3881317890172014e-21,3.751283902995844e-05,0.016865234375,0.016094484703258225,0.01767223156012711,0.39810616629464285,17.12985801899194
reference_gpt,ood_dev,50000,29,102400,0,1723,1143173,2969600,0.0,3.3881317890172014e-21,3.751283902995844e-05,0.016826171875,0.016056321612980526,0.017632272581095357,0.38495858028017244,15.420451541199405
reference_gpt,ood_dev,50000,30,102400,0,1727,1144900,3072000,0.0,3.3881317890172014e-21,3.751283902995844e-05,0.016865234375,0.016094484703258225,0.01767223156012711,0.3726888020833333,16.31439561930734
reference_gpt,ood_dev,50000,31,102400,0,1705,1146605,3174400,0.0,3.3881317890172014e-21,3.751283902995844e-05,0.016650390625,0.01588460133851014,0.017452443543673216,0.3612036920362903,16.03541780693179
reference_gpt,ood_dev,50000,32,102400,0,1709,1148314,3276800,0.0,3.3881317890172014e-21,3.751283902995844e-05,0.016689453125,0.0159227594618247,0.017492407489668103,0.3504376220703125,13.717433403165694
reference_gpt,ood_dev,50000,33,102400,0,1641,1149955,3379200,0.0,3.3881317890172014e-21,3.751283902995844e-05,0.016025390625,0.015274225587732131,0.016812866185500014,0.34030391808712124,14.31523097248122
reference_gpt,ood_dev,50000,34,102400,0,1701,1151656,3481600,0.0,3.3881317890172014e-21,3.751283902995844e-05,0.016611328125,0.015846444329457577,0.017412478483416333,0.33078354779411767,10.208173310351594
reference_gpt,ood_dev,50000,35,102400,0,1702,1153358,3584000,0.0,3.3881317890172014e-21,3.751283902995844e-05,0.01662109375,0.015855983477047735,0.017422469853153533,0.32180747767857143,8.240191777124858
reference_gpt,ood_dev,50000,36,102400,0,1694,1155052,3686400,0.0,3.3881317890172014e-21,3.751283902995844e-05,0.01654296875,0.015779672256443042,0.017342536935139326,0.3133279079861111,13.4082235888071
reference_gpt,dev,100000,1,102400,102400,102400,102400,102400,1.0,0.9999624871609701,1.0,1.0,0.9999624871609701,1.0,1.0,0.018319341946873485
reference_gpt,dev,100000,2,102400,100694,100694,203094,204800,0.98333984375,0.9825375653655165,0.9841058592349728,0.98333984375,0.9825375653655165,0.9841058592349728,0.991669921875,0.06757579327896245
reference_gpt,dev,100000,3,102400,100690,102375,305469,307200,0.98330078125,0.9824976016974859,0.9840677008336939,0.999755859375,0.9996396050278641,0.999834619199922,0.994365234375,0.0016345496610722637
reference_gpt,dev,100000,4,102400,100646,102293,407762,409600,0.98287109375,0.9820580737456023,0.9836478860231738,0.998955078125,0.998737596314964,0.9991351254919781,0.9955126953125,0.005101617692364871
reference_gpt,dev,100000,5,102400,100540,102224,509986,512000,0.9818359375,0.9809997331793234,0.9826359917527521,0.99828125,0.9980081690540892,0.998516947057265,0.99606640625,0.008996131635156137
reference_gpt,dev,100000,6,102400,100153,101956,611942,614400,0.978056640625,0.9771412573843749,0.9789361573420111,0.9956640625,0.995242611688484,0.9960483257791368,0.9959993489583333,0.019006987966262757
reference_gpt,dev,100000,7,102400,99848,101755,713697,716800,0.975078125,0.9741053643767557,0.9760152425647848,0.993701171875,0.9931977377396126,0.9941675657452085,0.9956710379464285,0.023344365237922205
reference_gpt,dev,100000,8,102400,99640,102087,815784,819200,0.973046875,0.9720370857440132,0.9740211735934358,0.996943359375,0.9965861023526886,0.9972633328848169,0.995830078125,0.015171772236293542
reference_gpt,dev,100000,9,102400,98521,101082,916866,921600,0.962119140625,0.9609324080754554,0.9632712023726747,0.98712890625,0.9864200165415422,0.9878012487819638,0.99486328125,0.05705731435879164
reference_gpt,dev,100000,10,102400,96465,99807,1016673,1024000,0.942041015625,0.9405931870153998,0.9434556798076725,0.974677734375,0.9736975489013137,0.975622306829805,0.9928447265625,0.10834600025279353
reference_gpt,dev,100000,11,102400,87050,92014,1108687,1126400,0.85009765625,0.8478980888396423,0.8522709573463103,0.89857421875,0.8967101887105325,0.9004083454884485,0.9842746803977273,0.3691137715206492
reference_gpt,dev,100000,12,102400,6007,6890,1115577,1228800,0.058662109375,0.05723930231002297,0.06011802811447471,0.06728515625,0.06576695414329042,0.06883582308126851,0.90785888671875,3.8231093606313653
reference_gpt,ood_dev,100000,1,102400,102400,102400,102400,102400,1.0,0.9999624871609701,1.0,1.0,0.9999624871609701,1.0,1.0,0.01827346488313786
reference_gpt,ood_dev,100000,2,102400,100708,100708,203108,204800,0.9834765625,0.9826774469962324,0.98423940484684,0.9834765625,0.9826774469962324,0.98423940484684,0.99173828125,0.06700995405680371
reference_gpt,ood_dev,100000,3,102400,100707,102365,305473,307200,0.983466796875,0.9826674549953616,0.9842298663303835,0.999658203125,0.9995247045222765,0.9997542145322359,0.9943782552083333,0.0029331142355775836
reference_gpt,ood_dev,100000,4,102400,100668,102298,407771,409600,0.9830859375,0.9822778212532521,0.9838578098967257,0.99900390625,0.9987910751489584,0.9991792992446207,0.99553466796875,0.004833471786882182
reference_gpt,ood_dev,100000,5,102400,100575,102221,509992,512000,0.982177734375,0.9813491061866717,0.9829701868518614,0.998251953125,0.9979767297827973,0.998489794776575,0.996078125,0.00988859447878638
reference_gpt,ood_dev,100000,6,102400,100164,101918,611910,614400,0.9781640625,0.9772508245177007,0.9790414258992863,0.99529296875,0.9948547602873434,0.9956940175218376,0.995947265625,0.02179165200015145
reference_gpt,ood_dev,100000,7,102400,99891,101794,713704,716800,0.975498046875,0.9745331429006996,0.9764272762859174,0.99408203125,0.9935933590357231,0.9945336346248652,0.9956808035714285,0.02217175713354009
reference_gpt,ood_dev,100000,8,102400,99700,102089,815793,819200,0.9736328125,0.9726335444294875,0.9745965459476033,0.996962890625,0.9966067098155661,0.997281786456594,0.995841064453125,0.014774783591392004
reference_gpt,ood_dev,100000,9,102400,98492,100998,916791,921600,0.9618359375,0.9606450262565915,0.9629921991890451,0.98630859375,0.9855783787683547,0.9870023230996527,0.9947819010416666,0.055346520597471534
reference_gpt,ood_dev,100000,10,102400,96496,99906,1016697,1024000,0.94234375,0.9408994228509112,0.9437548900093095,0.97564453125,0.9746823850552598,0.9765709918912676,0.9928681640625,0.10281927386923563
reference_gpt,ood_dev,100000,11,102400,86974,91879,1108576,1126400,0.84935546875,0.8471514805348973,0.8515332463341757,0.897255859375,0.8953812670150206,0.8991006473447664,0.9841761363636363,0.3707304312493045
reference_gpt,ood_dev,100000,12,102400,5907,6818,1115394,1228800,0.057685546875,0.05627406533379686,0.05913021335796455,0.06658203125,0.06507131759470916,0.06812526238227967,0.9077099609375,3.832401986734074
reference_gpt,ood_dev,100000,13,102400,145,1738,1117132,1331200,0.001416015625,0.0012036488873177747,0.0016657889641797747,0.01697265625,0.016199438828229357,0.017782113125756963,0.8391917067307693,5.11519264888897
reference_gpt,ood_dev,100000,14,102400,2,1708,1118840,1433600,1.953125e-05,5.356189565375578e-06,7.121768411930826e-05,0.0166796875,0.015913219826744453,0.017482416607420986,0.7804408482142857,5.748015440132956
reference_gpt,ood_dev,100000,15,102400,1,1684,1120524,1536000,9.765625e-06,1.7238746867777096e-06,5.5319481670543434e-05,0.0164453125,0.015684289562204114,0.017242614456104623,0.7295078125,11.954156107600488
reference_gpt,ood_dev,100000,16,102400,0,1663,1122187,1638400,0.0,3.3881317890172014e-21,3.751283902995844e-05,0.016240234375,0.015484009065332125,0.017032754089101997,0.6849285888671875,17.472388843129387
reference_gpt,ood_dev,100000,17,102400,0,1702,1123889,1740800,0.0,3.3881317890172014e-21,3.751283902995844e-05,0.01662109375,0.015855983477047735,0.017422469853153533,0.6456163832720588,17.014374981148613
reference_gpt,ood_dev,100000,18,102400,0,1729,1125618,1843200,0.0,3.3881317890172014e-21,3.751283902995844e-05,0.016884765625,0.01611356665865825,0.01769221063938181,0.6106868489583334,17.528428073468675
reference_gpt,ood_dev,100000,19,102400,0,1727,1127345,1945600,0.0,3.3881317890172014e-21,3.751283902995844e-05,0.016865234375,0.016094484703258225,0.01767223156012711,0.5794330797697368,17.865842311170606
reference_gpt,ood_dev,100000,20,102400,0,1783,1129128,2048000,0.0,3.3881317890172014e-21,3.751283902995844e-05,0.017412109375,0.01662888111071926,0.018231544122998385,0.55133203125,17.53469441675924
reference_gpt,ood_dev,100000,21,102400,0,1735,1130863,2150400,0.0,3.3881317890172014e-21,3.751283902995844e-05,0.016943359375,0.016170814160317883,0.017752146241686355,0.5258849516369047,15.273053049429798
reference_gpt,ood_dev,100000,22,102400,0,1727,1132590,2252800,0.0,3.3881317890172014e-21,3.751283902995844e-05,0.016865234375,0.016094484703258225,0.01767223156012711,0.5027476917613637,14.201507683684847
reference_gpt,ood_dev,100000,23,102400,0,1755,1134345,2355200,0.0,3.3881317890172014e-21,3.751283902995844e-05,0.017138671875,0.016361656743758564,0.01795191400479293,0.4816342561141304,17.349794308136108
reference_gpt,ood_dev,100000,24,102400,0,1665,1136010,2457600,0.0,3.3881317890172014e-21,3.751283902995844e-05,0.016259765625,0.015503082034887343,0.017052742154201505,0.46224365234375,17.484038218272257
reference_gpt,ood_dev,100000,25,102400,0,1663,1137673,2560000,0.0,3.3881317890172014e-21,3.751283902995844e-05,0.016240234375,0.015484009065332125,0.017032754089101997,0.444403515625,16.939884686755043
reference_gpt,ood_dev,100000,26,102400,0,1679,1139352,2662400,0.0,3.3881317890172014e-21,3.751283902995844e-05,0.016396484375,0.01563660087091516,0.017192650560756764,0.42794170673076926,16.840046651939332
reference_gpt,ood_dev,100000,27,102400,0,1749,1141101,2764800,0.0,3.3881317890172014e-21,3.751283902995844e-05,0.017080078125,0.01630440114519587,0.01789198649939144,0.412724609375,17.249491962294815
reference_gpt,ood_dev,100000,28,102400,0,1758,1142859,2867200,0.0,3.3881317890172014e-21,3.751283902995844e-05,0.01716796875,0.016390285444758016,0.01798187685577556,0.3985975864955357,17.124921615769452
reference_gpt,ood_dev,100000,29,102400,0,1711,1144570,2969600,0.0,3.3881317890172014e-21,3.751283902995844e-05,0.016708984375,0.015941838940128936,0.01751238904601859,0.3854290140086207,17.795550410635713
reference_gpt,ood_dev,100000,30,102400,0,1696,1146266,3072000,0.0,3.3881317890172014e-21,3.751283902995844e-05,0.0165625,0.01579874964096129,0.017362520585275803,0.37313346354166665,17.776405491202937
reference_gpt,ood_dev,100000,31,102400,0,1751,1148017,3174400,0.0,3.3881317890172014e-21,3.751283902995844e-05,0.017099609375,0.016323486077016922,0.017911962602225117,0.36164850050403224,15.282361807556178
reference_gpt,ood_dev,100000,32,102400,0,1682,1149699,3276800,0.0,3.3881317890172014e-21,3.751283902995844e-05,0.01642578125,0.015665213872477914,0.0172226291111761,0.35086029052734374,14.298684288274519
reference_gpt,ood_dev,100000,33,102400,0,1711,1151410,3379200,0.0,3.3881317890172014e-21,3.751283902995844e-05,0.016708984375,0.015941838940128936,0.01751238904601859,0.34073449337121214,15.823271441156418
reference_gpt,ood_dev,100000,34,102400,0,1718,1153128,3481600,0.0,3.3881317890172014e-21,3.751283902995844e-05,0.01677734375,0.016008619293442074,0.017582322313996996,0.3312063419117647,13.627036947716645
reference_gpt,ood_dev,100000,35,102400,0,1761,1154889,3584000,0.0,3.3881317890172014e-21,3.751283902995844e-05,0.017197265625,0.016418914744888474,0.01801183910762719,0.32223465401785717,13.185040786156693
reference_gpt,ood_dev,100000,36,102400,0,1709,1156598,3686400,0.0,3.3881317890172014e-21,3.751283902995844e-05,0.016689453125,0.0159227594618247,0.017492407489668103,0.3137472873263889,14.726836997617015
rt,dev,10000,1,102400,102400,102400,102400,102400,1.0,0.9999624871609701,1.0,1.0,0.9999624871609701,1.0,1.0,6.486767415244898e-05
rt,dev,10000,2,102400,102400,102400,204800,204800,1.0,0.9999624871609701,1.0,1.0,0.9999624871609701,1.0,1.0,9.55181346791889e-05
rt,dev,10000,3,102400,102400,102400,307200,307200,1.0,0.9999624871609701,1.0,1.0,0.9999624871609701,1.0,1.0,0.00015314341588442914
rt,dev,10000,4,102400,102400,102400,409600,409600,1.0,0.9999624871609701,1.0,1.0,0.9999624871609701,1.0,1.0,0.00029788370646003146
rt,dev,10000,5,102400,102395,102395,511995,512000,0.999951171875,0.9998856912053655,0.9999791433689678,0.999951171875,0.9998856912053655,0.9999791433689678,0.999990234375,0.0005685550354879099
rt,dev,10000,6,102400,102385,102385,614380,614400,0.999853515625,0.9997583066269857,0.9999112227740738,0.999853515625,0.9997583066269857,0.9999112227740738,0.9999674479166667,0.0009442685004694761
rt,dev,10000,7,102400,102342,102350,716730,716800,0.99943359375,0.999267935201936,0.999561781954047,0.99951171875,0.9993563827385776,0.9996295785560243,0.99990234375,0.001675849040960935
rt,dev,10000,8,102400,102292,102323,819053,819200,0.9989453125,0.9987269136098458,0.9991262776797689,0.999248046875,0.9990603884072679,0.9993982489194954,0.999820556640625,0.0026211840348033867
rt,dev,10000,9,102400,102205,102254,921307,921600,0.998095703125,0.9978093454375543,0.9983446908445799,0.99857421875,0.9983236567113399,0.9987873749198352,0.9996820746527778,0.004207619960625698
rt,dev,10000,10,102400,102092,102179,1023486,1024000,0.9969921875,0.9966376275634656,0.9973094602606767,0.997841796875,0.997538280459542,0.9981079623720809,0.999498046875,0.007057621374539453
rt,dev,10000,11,102400,101907,102026,1125512,1126400,0.995185546875,0.9947426134772077,0.9955913286413727,0.99634765625,0.9959590962250753,0.9966989774554611,0.9992116477272728,0.011946618523487405
rt,dev,10000,12,102400,101565,101755,1227267,1228800,0.991845703125,0.9912761292675759,0.9923783759250463,0.993701171875,0.9931977377396126,0.9941675657452085,0.99875244140625,0.02091434174538247
rt,ood_dev,10000,1,102400,102400,102400,102400,102400,1.0,0.9999624871609701,1.0,1.0,0.9999624871609701,1.0,1.0,6.49069739012198e-05
rt,ood_dev,10000,2,102400,102400,102400,204800,204800,1.0,0.9999624871609701,1.0,1.0,0.9999624871609701,1.0,1.0,9.511368449588887e-05
rt,ood_dev,10000,3,102400,102400,102400,307200,307200,1.0,0.9999624871609701,1.0,1.0,0.9999624871609701,1.0,1.0,0.00014832080991650454
rt,ood_dev,10000,4,102400,102397,102397,409597,409600,0.999970703125,0.9999138592392058,0.9999900363697822,0.999970703125,0.9999138592392058,0.9999900363697822,0.99999267578125,0.00030484709194636525
rt,ood_dev,10000,5,102400,102390,102391,511988,512000,0.99990234375,0.9998202295599984,0.9999469524276979,0.999912109375,0.9998329541276058,0.999953758377418,0.9999765625,0.0005817800497738201
rt,ood_dev,10000,6,102400,102373,102379,614367,614400,0.999736328125,0.9996163891811771,0.9998187740119542,0.999794921875,0.9996864903756401,0.9998658559214554,0.9999462890625,0.0010997667375026421
rt,ood_dev,10000,7,102400,102336,102346,716713,716800,0.999375,0.9992020535530068,0.999510480499012,0.99947265625,0.99931206478972,0.9995957744355726,0.9998786272321428,0.001847881107383308
rt,ood_dev,10000,8,102400,102289,102318,819031,819200,0.998916015625,0.9986948905496533,0.9990997091879794,0.99919921875,0.9990062333665538,0.9993547513735724,0.999793701171875,0.002910367965343114
rt,ood_dev,10000,9,102400,102209,102253,921284,921600,0.998134765625,0.9978511472800239,0.9983810110714199,0.998564453125,0.9983131050785029,0.9987783960353448,0.9996571180555556,0.004803535553428224
rt,ood_dev,10000,10,102400,102100,102171,1023455,1024000,0.9970703125,0.9967201141559111,0.9973832178068501,0.997763671875,0.9974550819919834,0.9980349167010207,0.9994677734375,0.007532742087503152
rt,ood_dev,10000,11,102400,101916,102029,1125484,1126400,0.9952734375,0.9948343659258698,0.9956753508486567,0.996376953125,0.9959898694750091,0.9967267957575092,0.9991867897727272,0.01156337002383285
rt,ood_dev,10000,12,102400,101551,101739,1227223,1228800,0.991708984375,0.9911348582218029,0.9922462197282362,0.993544921875,0.9930355634343955,0.9940172517731878,0.9987166341145833,0.021310333854076765
rt,ood_dev,10000,13,102400,81790,82047,1309270,1331200,0.79873046875,0.7962635154671651,0.8011750095768597,0.801240234375,0.7987847144065059,0.8036731535906512,0.9835261418269231,0.8573277318868339
rt,ood_dev,10000,14,102400,22032,24065,1333335,1433600,0.21515625,0.21265005555205443,0.2176838150434304,0.235009765625,0.23242275340719337,0.23761665891481987,0.9300606863839286,4.818640455251234
rt,ood_dev,10000,15,102400,2878,6572,1339907,1536000,0.02810546875,0.027110749376996868,0.02913559233018293,0.0641796875,0.06269493243805818,0.06569714027639942,0.8723352864583334,7.042144668171185
rt,ood_dev,10000,16,102400,250,2823,1342730,1638400,0.00244140625,0.0021572363750728446,0.002762905795797788,0.027568359375,0.026583100467505286,0.028589062786669565,0.819537353515625,7.626690827085692
rt,ood_dev,10000,17,102400,19,1968,1344698,1740800,0.000185546875,0.0001187940488148779,0.0002897986194349718,0.01921875,0.01839570319194052,0.020077867747339224,0.7724597886029412,7.435241125181274
rt,ood_dev,10000,18,102400,0,1653,1346351,1843200,0.0,3.3881317890172014e-21,3.751283902995844e-05,0.016142578125,0.015388648562805618,0.016932809418354882,0.7304421657986111,7.175669874127489
rt,ood_dev,10000,19,102400,0,1736,1348087,1945600,0.0,3.3881317890172014e-21,3.751283902995844e-05,0.016953125,0.01618035564849098,0.017762135270840616,0.6928901110197369,7.044487907368166
rt,ood_dev,10000,20,102400,0,1743,1349830,2048000,0.0,3.3881317890172014e-21,3.751283902995844e-05,0.017021484375,0.016247147961351464,0.017832056579271675,0.6590966796875,7.028608285252122
rt,ood_dev,10000,21,102400,0,1662,1351492,2150400,0.0,3.3881317890172014e-21,3.751283902995844e-05,0.01623046875,0.015474472688896538,0.017022759948210224,0.6284840029761904,7.091039432793041
rt,ood_dev,10000,22,102400,0,1673,1353165,2252800,0.0,3.3881317890172014e-21,3.751283902995844e-05,0.016337890625,0.01557937679287261,0.017132691534835136,0.6006591796875,7.173542660016101
rt,ood_dev,10000,23,102400,0,1711,1354876,2355200,0.0,3.3881317890172014e-21,3.751283902995844e-05,0.016708984375,0.015941838940128936,0.01751238904601859,0.5752700407608695,7.242056083529605
rt,ood_dev,10000,24,102400,0,1713,1356589,2457600,0.0,3.3881317890172014e-21,3.751283902995844e-05,0.016728515625,0.015960918695559916,0.017532370325242335,0.5519974772135416,7.331082493425347
rt,ood_dev,10000,25,102400,0,1697,1358286,2560000,0.0,3.3881317890172014e-21,3.751283902995844e-05,0.016572265625,0.01580828843853085,0.0173725123050336,0.53058046875,7.369755607581173
rt,ood_dev,10000,26,102400,0,1675,1359961,2662400,0.0,3.3881317890172014e-21,3.751283902995844e-05,0.016357421875,0.015598451199770717,0.01715267816259176,0.5108026592548077,7.455364310970181
rt,ood_dev,10000,27,102400,0,1685,1361646,2764800,0.0,3.3881317890172014e-21,3.751283902995844e-05,0.016455078125,0.015693827513485862,0.01725260702215024,0.49249348958333333,7.470764001853822
rt,ood_dev,10000,28,102400,0,1694,1363340,2867200,0.0,3.3881317890172014e-21,3.751283902995844e-05,0.01654296875,0.015779672256443042,0.017342536935139326,0.47549525669642856,7.523339372592455
rt,ood_dev,10000,29,102400,0,1769,1365109,2969600,0.0,3.3881317890172014e-21,3.751283902995844e-05,0.017275390625,0.016495262462912757,0.018091735528221815,0.45969457165948274,7.5073166196787495
rt,ood_dev,10000,30,102400,0,1786,1366895,3072000,0.0,3.3881317890172014e-21,3.751283902995844e-05,0.01744140625,0.016657515345765293,0.01826150143993444,0.44495279947916666,7.518584223793587
rt,ood_dev,10000,31,102400,0,1703,1368598,3174400,0.0,3.3881317890172014e-21,3.751283902995844e-05,0.016630859375,0.01586552269446015,0.017432461153068485,0.4311359627016129,7.539903777716681
rt,ood_dev,10000,32,102400,0,1666,1370264,3276800,0.0,3.3881317890172014e-21,3.751283902995844e-05,0.01626953125,0.015512618627879053,0.017062736078537158,0.41817138671875,7.553082603764487
rt,ood_dev,10000,33,102400,0,1741,1372005,3379200,0.0,3.3881317890172014e-21,3.751283902995844e-05,0.017001953125,0.016228064105455898,0.017812079400512517,0.4060147372159091,7.557570508139979
rt,ood_dev,10000,34,102400,0,1736,1373741,3481600,0.0,3.3881317890172014e-21,3.751283902995844e-05,0.016953125,0.01618035564849098,0.017762135270840616,0.39457174862132355,7.554000536268577
rt,ood_dev,10000,35,102400,0,1718,1375459,3584000,0.0,3.3881317890172014e-21,3.751283902995844e-05,0.01677734375,0.016008619293442074,0.017582322313996996,0.38377762276785715,7.564403365573671
rt,ood_dev,10000,36,102400,0,1737,1377196,3686400,0.0,3.3881317890172014e-21,3.751283902995844e-05,0.016962890625,0.016189897204480646,0.017772124232178315,0.3735883246527778,7.590205698145728
rt,dev,25000,1,102400,102400,102400,102400,102400,1.0,0.9999624871609701,1.0,1.0,0.9999624871609701,1.0,1.0,3.316076624764186e-05
rt,dev,25000,2,102400,102400,102400,204800,204800,1.0,0.9999624871609701,1.0,1.0,0.9999624871609701,1.0,1.0,5.625048233801888e-05
rt,dev,25000,3,102400,102399,102399,307199,307200,0.999990234375,0.9999446805183295,0.9999982761253133,0.999990234375,0.9999446805183295,0.9999982761253133,0.9999967447916667,0.00013163153112418695
rt,dev,25000,4,102400,102390,102391,409590,409600,0.99990234375,0.9998202295599984,0.9999469524276979,0.999912109375,0.9998329541276058,0.999953758377418,0.9999755859375,0.0003602483587079819
rt,dev,25000,5,102400,102374,102377,511967,512000,0.99974609375,0.9996279799998077,0.999826713710651,0.999775390625,0.9996629658993142,0.9998503193631264,0.999935546875,0.0007417369308573707
rt,dev,25000,6,102400,102360,102366,614333,614400,0.999609375,0.9994681629006475,0.9997131035672281,0.99966796875,0.9995360760544642,0.9997623735173754,0.9998909505208333,0.0011496370829168579
rt,dev,25000,7,102400,102346,102354,716687,716800,0.99947265625,0.99931206478972,0.9995957744355726,0.99955078125,0.9994009117003653,0.999663171663546,0.9998423549107143,0.001872158470945532
rt,dev,25000,8,102400,102332,102348,819035,819200,0.9993359375,0.9991583186202075,0.999476093362502,0.9994921875,0.9993341989036343,0.9996127013563129,0.999798583984375,0.002544931434112241
rt,dev,25000,9,102400,102308,102328,921363,921600,0.9991015625,0.9988983859912574,0.9992672935755954,0.999296875,0.9991147176527119,0.9994415722606881,0.9997428385416667,0.0036018399686178664
rt,dev,25000,10,102400,102287,102315,1023678,1024000,0.998896484375,0.9986735621650938,0.9990819765378843,0.999169921875,0.9989738174076627,0.9993285757804814,0.999685546875,0.004561769596471772
rt,dev,25000,11,102400,102255,102285,1125963,1126400,0.998583984375,0.9983342110358201,0.9987963511126822,0.998876953125,0.9986522495411198,0.9990642281272036,0.9996120383522727,0.006335032818139134
rt,dev,25000,12,102400,102182,102223,1228186,1228800,0.99787109375,0.9975695035759508,0.9981353308076543,0.998271484375,0.9979976872817966,0.9985078983122302,0.9995003255208333,0.008930971819689867
rt,ood_dev,25000,1,102400,102400,102400,102400,102400,1.0,0.9999624871609701,1.0,1.0,0.9999624871609701,1.0,1.0,3.3304398915152686e-05
rt,ood_dev,25000,2,102400,102400,102400,204800,204800,1.0,0.9999624871609701,1.0,1.0,0.9999624871609701,1.0,1.0,5.546637489180772e-05
rt,ood_dev,25000,3,102400,102396,102396,307196,307200,0.9999609375,0.9998995558365923,0.9999848092550684,0.9999609375,0.9998995558365923,0.9999848092550684,0.9999869791666667,0.00018474533310158637
rt,ood_dev,25000,4,102400,102389,102391,409587,409600,0.999892578125,0.9998076372259771,0.9999400142443918,0.999912109375,0.9998329541276058,0.999953758377418,0.99996826171875,0.0003468711652110673
rt,ood_dev,25000,5,102400,102375,102382,511969,512000,0.999755859375,0.9996396050278641,0.999834619199922,0.99982421875,0.9997221355543948,0.9998888022946828,0.999939453125,0.0005800893046241585
rt,ood_dev,25000,6,102400,102368,102377,614346,614400,0.9996875,0.9995588896466933,0.9997786209598011,0.999775390625,0.9996629658993142,0.9998503193631264,0.999912109375,0.0008786732115156012
rt,ood_dev,25000,7,102400,102358,102363,716709,716800,0.99958984375,0.9994456792698375,0.9996965261633833,0.999638671875,0.9995020271813618,0.9997378308384958,0.999873046875,0.0016590713933267284
rt,ood_dev,25000,8,102400,102344,102352,819061,819200,0.999453125,0.9992899777075444,0.9995788004830934,0.99953125,0.9993786192504616,0.9996464030787949,0.999830322265625,0.0024189085032299057
rt,ood_dev,25000,9,102400,102313,102327,921388,921600,0.999150390625,0.9989522370091191,0.9993110951443704,0.999287109375,0.9991038370362532,0.9994329223598194,0.9997699652777777,0.00338200861029561
rt,ood_dev,25000,10,102400,102290,102310,1023698,1024000,0.99892578125,0.998705560783839,0.9991085694711211,0.99912109375,0.998919909733904,0.9992848308676036,0.999705078125,0.004833843970312519
rt,ood_dev,25000,11,102400,102267,102293,1125991,1126400,0.998701171875,0.998461083452209,0.9989038449042218,0.998955078125,0.998737596314964,0.9991351254919781,0.9996368963068182,0.006359618729565949
rt,ood_dev,25000,12,102400,102204,102243,1228234,1228800,0.9980859375,0.9977988993841387,0.9983356063806683,0.998466796875,0.9982077310233255,0.9986884649172485,0.9995393880208333,0.00876937673059623
rt,ood_dev,25000,13,102400,77404,77451,1305685,1331200,0.7558984375,0.7532579045823923,0.7585197714638198,0.756357421875,0.7537185484074036,0.7589770619531946,0.9808330829326923,0.984274717699495
rt,ood_dev,25000,14,102400,22118,24725,1330410,1433600,0.21599609375,0.21348631018319142,0.21852718490244666,0.241455078125,0.2388435671928958,0.24408598656517683,0.9280203683035714,3.864999534564786
rt,ood_dev,25000,15,102400,3376,7254,1337664,1536000,0.03296875,0.03189252188985055,0.03408001744635587,0.07083984375,0.06928450623386831,0.07242737929785065,0.870875,6.130718401862269
rt,ood_dev,25000,16,102400,327,2807,1340471,1638400,0.003193359375,0.0028659371040042135,0.0035580549010733463,0.027412109375,0.02642962136449995,0.028430053612437098,0.8181585693359374,7.495803192275157
rt,ood_dev,25000,17,102400,24,1901,1342372,1740800,0.000234375,0.00015751151647495063,0.00034873373841171247,0.018564453125,0.017755589248149257,0.01940943703019719,0.7711236213235294,7.931702592151814
rt,ood_dev,25000,18,102400,1,1731,1344103,1843200,9.765625e-06,1.7238746867777096e-06,5.5319481670543434e-05,0.016904296875,0.01613264888694426,0.017712189445750523,0.7292225477430555,8.051575586874533
rt,ood_dev,25000,19,102400,0,1719,1345822,1945600,0.0,3.3881317890172014e-21,3.751283902995844e-05,0.016787109375,0.016018159619853447,0.01759231250491299,0.6917259457236842,8.180861941263355
rt,ood_dev,25000,20,102400,0,1720,1347542,2048000,0.0,3.3881317890172014e-21,3.751283902995844e-05,0.016796875,0.016027700015071877,0.017602302627021917,0.6579794921875,8.34742083072102
rt,ood_dev,25000,21,102400,0,1764,1349306,2150400,0.0,3.3881317890172014e-21,3.751283902995844e-05,0.0172265625,0.016447544642647142,0.01804180076185061,0.6274674479166666,8.538739552986808
rt,ood_dev,25000,22,102400,0,1722,1351028,2252800,0.0,3.3881317890172014e-21,3.751283902995844e-05,0.01681640625,0.016046781011694225,0.017622282665054292,0.5997105823863637,8.730686564716452
rt,ood_dev,25000,23,102400,0,1665,1352693,2355200,0.0,3.3881317890172014e-21,3.751283902995844e-05,0.016259765625,0.015503082034887343,0.017052742154201505,0.5743431555706522,8.922078214426874
rt,ood_dev,25000,24,102400,0,1750,1354443,2457600,0.0,3.3881317890172014e-21,3.751283902995844e-05,0.01708984375,0.01631394357759699,0.017901974584317686,0.551124267578125,9.085808962211377
rt,ood_dev,25000,25,102400,0,1672,1356115,2560000,0.0,3.3881317890172014e-21,3.751283902995844e-05,0.016328125,0.01556983969681238,0.017122698113568,0.529732421875,9.207505647816943
rt,ood_dev,25000,26,102400,0,1737,1357852,2662400,0.0,3.3881317890172014e-21,3.751283902995844e-05,0.016962890625,0.016189897204480646,0.017772124232178315,0.5100105168269231,9.347131978840116
rt,ood_dev,25000,27,102400,0,1707,1359559,2764800,0.0,3.3881317890172014e-21,3.751283902995844e-05,0.016669921875,0.01590368026112528,0.0174724256557128,0.49173864293981484,9.454080277531029
rt,ood_dev,25000,28,102400,0,1711,1361270,2867200,0.0,3.3881317890172014e-21,3.751283902995844e-05,0.016708984375,0.015941838940128936,0.01751238904601859,0.47477329799107143,9.56902348582429
rt,ood_dev,25000,29,102400,0,1712,1362982,2969600,0.0,3.3881317890172014e-21,3.751283902995844e-05,0.01671875,0.01595137878323341,0.017522379720241482,0.4589783135775862,9.610426619172795
rt,ood_dev,25000,30,102400,0,1803,1364785,3072000,0.0,3.3881317890172014e-21,3.751283902995844e-05,0.017607421875,0.016819787025322986,0.018431248554941913,0.44426595052083334,9.69623258116917
rt,ood_dev,25000,31,102400,0,1699,1366484,3174400,0.0,3.3881317890172014e-21,3.751283902995844e-05,0.016591796875,0.015827366243986105,0.01739249553423307,0.43047001008064517,9.757724398642894
rt,ood_dev,25000,32,102400,0,1711,1368195,3276800,0.0,3.3881317890172014e-21,3.751283902995844e-05,0.016708984375,0.015941838940128936,0.01751238904601859,0.41753997802734377,9.815068939519914
rt,ood_dev,25000,33,102400,0,1666,1369861,3379200,0.0,3.3881317890172014e-21,3.751283902995844e-05,0.01626953125,0.015512618627879053,0.017062736078537158,0.4053802675189394,9.878312539617037
rt,ood_dev,25000,34,102400,0,1682,1371543,3481600,0.0,3.3881317890172014e-21,3.751283902995844e-05,0.01642578125,0.015665213872477914,0.0172226291111761,0.3939404296875,9.928957783133956
rt,ood_dev,25000,35,102400,0,1757,1373300,3584000,0.0,3.3881317890172014e-21,3.751283902995844e-05,0.017158203125,0.016380742477780357,0.01797188930542586,0.3831752232142857,9.947683713731385
rt,ood_dev,25000,36,102400,0,1654,1374954,3686400,0.0,3.3881317890172014e-21,3.751283902995844e-05,0.01615234375,0.015398184286100883,0.01694280421238697,0.37298014322916667,9.998129179066455
rt,dev,50000,1,102400,102400,102400,102400,102400,1.0,0.9999624871609701,1.0,1.0,0.9999624871609701,1.0,1.0,4.828846034152234e-07
rt,dev,50000,2,102400,102400,102400,204800,204800,1.0,0.9999624871609701,1.0,1.0,0.9999624871609701,1.0,1.0,1.1819584788106824e-05
rt,dev,50000,3,102400,102399,102399,307199,307200,0.999990234375,0.9999446805183295,0.9999982761253133,0.999990234375,0.9999446805183295,0.9999982761253133,0.9999967447916667,2.9424125238846493e-05
rt,dev,50000,4,102400,102396,102396,409595,409600,0.9999609375,0.9998995558365923,0.9999848092550684,0.9999609375,0.9998995558365923,0.9999848092550684,0.99998779296875,0.0002074713045208066
rt,dev,50000,5,102400,102388,102390,511985,512000,0.9998828125,0.9997951608462756,0.9999329601067661,0.99990234375,0.9998202295599984,0.9999469524276979,0.999970703125,0.0004820679578815244
rt,dev,50000,6,102400,102378,102382,614367,614400,0.99978515625,0.9996747063713258,0.9998581094084422,0.99982421875,0.9997221355543948,0.9998888022946828,0.9999462890625,0.0008421184054636549
rt,dev,50000,7,102400,102366,102376,716743,716800,0.99966796875,0.9995360760544642,0.9997623735173754,0.999765625,0.9996512662615883,0.999842488483525,0.9999204799107143,0.001260793347435873
rt,dev,50000,8,102400,102356,102368,819111,819200,0.9995703125,0.9994232637005559,0.9996798806980102,0.9996875,0.9995588896466933,0.9997786209598011,0.999891357421875,0.0018516885730320168
rt,dev,50000,9,102400,102350,102364,921475,921600,0.99951171875,0.9993563827385776,0.9996295785560243,0.9996484375,0.9995133551962606,0.9997460333409244,0.9998643663194444,0.002617335895603098
rt,dev,50000,10,102400,102346,102362,1023837,1024000,0.99947265625,0.99931206478972,0.9995957744355726,0.99962890625,0.9994907196411001,0.9997296078614301,0.9998408203125,0.0030696053084290466
rt,dev,50000,11,102400,102341,102360,1126197,1126400,0.999423828125,0.9992569299552471,0.9995532566834086,0.999609375,0.9994681629006475,0.9997131035672281,0.9998197798295455,0.0034196986570553833
rt,dev,50000,12,102400,102327,102349,1228546,1228800,0.999287109375,0.9991038370362532,0.9994329223598194,0.999501953125,0.9993452844279009,0.9996211463493736,0.9997932942708333,0.004191412771110176
rt,ood_dev,50000,1,102400,102400,102400,102400,102400,1.0,0.9999624871609701,1.0,1.0,0.9999624871609701,1.0,1.0,4.86907912860407e-07
rt,ood_dev,50000,2,102400,102400,102400,204800,204800,1.0,0.9999624871609701,1.0,1.0,0.9999624871609701,1.0,1.0,1.1621829886525881e-05
rt,ood_dev,50000,3,102400,102400,102400,307200,307200,1.0,0.9999624871609701,1.0,1.0,0.9999624871609701,1.0,1.0,2.075879957613637e-05
rt,ood_dev,50000,4,102400,102399,102399,409599,409600,0.999990234375,0.9999446805183295,0.9999982761253133,0.999990234375,0.9999446805183295,0.9999982761253133,0.99999755859375,9.376177039990912e-05
rt,ood_dev,50000,5,102400,102384,102385,511984,512000,0.99984375,0.9997461828910157,0.9999038159927167,0.999853515625,0.9997583066269857,0.9999112227740738,0.99996875,0.0004233934199110344
rt,ood_dev,50000,6,102400,102376,102381,614365,614400,0.999765625,0.9996512662615883,0.999842488483525,0.999814453125,0.999710201380565,0.999881205951185,0.9999430338541667,0.0009239965923872478
rt,ood_dev,50000,7,102400,102361,102369,716734,716800,0.999619140625,0.9994794317923406,0.9997213651928625,0.999697265625,0.9995703338469782,0.9997867072768437,0.9999079241071429,0.0015528518512265188
rt,ood_dev,50000,8,102400,102355,102367,819101,819200,0.999560546875,0.9994120800157498,0.9996715338654889,0.999677734375,0.9995474707523628,0.9997705093368041,0.999879150390625,0.0023726186616420957
rt,ood_dev,50000,9,102400,102349,102363,921464,921600,0.999501953125,0.9993452844279009,0.9996211463493736,0.999638671875,0.9995020271813618,0.9997378308384958,0.9998524305555555,0.0030755841136237807
rt,ood_dev,50000,10,102400,102344,102358,1023822,1024000,0.999453125,0.9992899777075444,0.9995788004830934,0.99958984375,0.9994456792698375,0.9996965261633833,0.999826171875,0.0034713566998386476
rt,ood_dev,50000,11,102400,102333,102350,1126172,1126400,0.999345703125,0.9991692393347998,0.9994847031652371,0.99951171875,0.9993563827385776,0.9996295785560243,0.9997975852272727,0.004214433153868722
rt,ood_dev,50000,12,102400,102317,102340,1228512,1228800,0.999189453125,0.9989954218558749,0.999346032366924,0.9994140625,0.999245935024263,0.9995447210970653,0.999765625,0.005437315685233325
rt,ood_dev,50000,13,102400,83761,83781,1312293,1331200,0.817978515625,0.8156032388195201,0.8203299358767367,0.818173828125,0.8157995302442808,0.8205242547985231,0.9857970252403846,1.3561430130124155
rt,ood_dev,50000,14,102400,22207,23529,1335822,1433600,0.216865234375,0.21435175280427976,0.21939995832349357,0.229775390625,0.22720888730971361,0.2323621677248332,0.9317954799107143,8.856902158406502
rt,ood_dev,50000,15,102400,3664,7010,1342832,1536000,0.03578125,0.034660889177841624,0.03693643914864526,0.06845703125,0.06692645502941368,0.07001998427442878,0.8742395833333333,14.09637134866987
rt,ood_dev,50000,16,102400,440,3119,1345951,1638400,0.004296875,0.003914420162041906,0.004716520301027639,0.030458984375,0.02942392982108112,0.03152926656199309,0.8215032958984375,16.97279154994643
rt,ood_dev,50000,17,102400,48,2233,1348184,1740800,0.00046875,0.00035359692120503074,0.000621380749538337,0.021806640625,0.02092986547421293,0.02271929255681792,0.7744623161764705,18.230415699496128
rt,ood_dev,50000,18,102400,4,1932,1350116,1843200,3.90625e-05,1.5190744931649625e-05,0.00010044416340775962,0.0188671875,0.0180517290805688,0.019718743234925885,0.7324848090277778,18.701044671935364
rt,ood_dev,50000,19,102400,1,1739,1351855,1945600,9.765625e-06,1.7238746867777096e-06,5.5319481670543434e-05,0.016982421875,0.016208980519679686,0.017792101951634,0.6948267886513158,18.832906405272926
rt,ood_dev,50000,20,102400,0,1708,1353563,2048000,0.0,3.3881317890172014e-21,3.751283902995844e-05,0.0166796875,0.015913219826744453,0.017482416607420986,0.66091943359375,18.84939599629679
rt,ood_dev,50000,21,102400,0,1678,1355241,2150400,0.0,3.3881317890172014e-21,3.751283902995844e-05,0.01638671875,0.015627063346117524,0.017182657568227042,0.6302273995535714,18.966684262645042
rt,ood_dev,50000,22,102400,0,1701,1356942,2252800,0.0,3.3881317890172014e-21,3.751283902995844e-05,0.016611328125,0.015846444329457577,0.017412478483416333,0.6023357599431818,19.06496346285917
rt,ood_dev,50000,23,102400,0,1734,1358676,2355200,0.0,3.3881317890172014e-21,3.751283902995844e-05,0.01693359375,0.01616127274001894,0.017742157144657933,0.5768834918478261,19.223343335726184
rt,ood_dev,50000,24,102400,0,1703,1360379,2457600,0.0,3.3881317890172014e-21,3.751283902995844e-05,0.016630859375,0.01586552269446015,0.017432461153068485,0.5535396321614583,19.311981969513273
rt,ood_dev,50000,25,102400,0,1737,1362116,2560000,0.0,3.3881317890172014e-21,3.751283902995844e-05,0.016962890625,0.016189897204480646,0.017772124232178315,0.5320765625,19.447049458966344
rt,ood_dev,50000,26,102400,0,1607,1363723,2662400,0.0,3.3881317890172014e-21,3.751283902995844e-05,0.015693359375,0.014950085163416258,0.01647296902068555,0.5122156700721154,19.640117906194313
rt,ood_dev,50000,27,102400,0,1679,1365402,2764800,0.0,3.3881317890172014e-21,3.751283902995844e-05,0.016396484375,0.01563660087091516,0.017192650560756764,0.4938519965277778,19.62804718063813
rt,ood_dev,50000,28,102400,0,1662,1367064,2867200,0.0,3.3881317890172014e-21,3.751283902995844e-05,0.01623046875,0.015474472688896538,0.017022759948210224,0.4767940848214286,19.73292644427945
rt,ood_dev,50000,29,102400,0,1649,1368713,2969600,0.0,3.3881317890172014e-21,3.751283902995844e-05,0.016103515625,0.015350506399222991,0.016892829512628053,0.460908203125,19.864759938295617
rt,ood_dev,50000,30,102400,0,1674,1370387,3072000,0.0,3.3881317890172014e-21,3.751283902995844e-05,0.01634765625,0.015588913960546404,0.0171426848844887,0.44608951822916665,19.93567183559771
rt,ood_dev,50000,31,102400,0,1730,1372117,3174400,0.0,3.3881317890172014e-21,3.751283902995844e-05,0.01689453125,0.016123107738719566,0.01770220007664786,0.43224451864919355,19.951139385919703
rt,ood_dev,50000,32,102400,0,1708,1373825,3276800,0.0,3.3881317890172014e-21,3.751283902995844e-05,0.0166796875,0.015913219826744453,0.017482416607420986,0.41925811767578125,20.031371352843294
rt,ood_dev,50000,33,102400,0,1671,1375496,3379200,0.0,3.3881317890172014e-21,3.751283902995844e-05,0.016318359375,0.015560302672428875,0.01711270462062415,0.40704782196969697,20.144189421590337
rt,ood_dev,50000,34,102400,0,1694,1377190,3481600,0.0,3.3881317890172014e-21,3.751283902995844e-05,0.01654296875,0.015779672256443042,0.017342536935139326,0.3955623851102941,20.190619500426994
rt,ood_dev,50000,35,102400,0,1759,1378949,3584000,0.0,3.3881317890172014e-21,3.751283902995844e-05,0.017177734375,0.016399828478305734,0.017991864339555207,0.38475139508928574,20.191394335419517
rt,ood_dev,50000,36,102400,0,1751,1380700,3686400,0.0,3.3881317890172014e-21,3.751283902995844e-05,0.017099609375,0.016323486077016922,0.017911962602225117,0.3745388454861111,20.227920153857234
rt,dev,100000,1,102400,102400,102400,102400,102400,1.0,0.9999624871609701,1.0,1.0,0.9999624871609701,1.0,1.0,2.8235527134594376e-07
rt,dev,100000,2,102400,102400,102400,204800,204800,1.0,0.9999624871609701,1.0,1.0,0.9999624871609701,1.0,1.0,8.444485955844822e-07
rt,dev,100000,3,102400,102400,102400,307200,307200,1.0,0.9999624871609701,1.0,1.0,0.9999624871609701,1.0,1.0,9.049463616656039e-07
rt,dev,100000,4,102400,102400,102400,409600,409600,1.0,0.9999624871609701,1.0,1.0,0.9999624871609701,1.0,1.0,8.477499221347661e-06
rt,dev,100000,5,102400,102397,102397,511997,512000,0.999970703125,0.9999138592392058,0.9999900363697822,0.999970703125,0.9999138592392058,0.9999900363697822,0.999994140625,8.899563714215811e-05
rt,dev,100000,6,102400,102396,102396,614393,614400,0.9999609375,0.9998995558365923,0.9999848092550684,0.9999609375,0.9998995558365923,0.9999848092550684,0.9999886067708333,0.0003248429549406531
rt,dev,100000,7,102400,102396,102396,716789,716800,0.9999609375,0.9998995558365923,0.9999848092550684,0.9999609375,0.9998995558365923,0.9999848092550684,0.9999846540178572,0.00034627091862809403
rt,dev,100000,8,102400,102392,102393,819182,819200,0.999921875,0.9998458314166382,0.9999604116057129,0.999931640625,0.9998588878252541,0.9999668857144244,0.99997802734375,0.0005043286918209976
rt,dev,100000,9,102400,102372,102373,921555,921600,0.9997265625,0.99960483075273,0.9998108019230739,0.999736328125,0.9996163891811771,0.9998187740119542,0.999951171875,0.0012463771762581976
rt,dev,100000,10,102400,102356,102364,1023919,1024000,0.9995703125,0.9994232637005559,0.9996798806980102,0.9996484375,0.9995133551962606,0.9997460333409244,0.9999208984375,0.002006086191843067
rt,dev,100000,11,102400,102334,102343,1126262,1126400,0.99935546875,0.9991801685991595,0.9994933044182046,0.999443359375,0.9992789510277558,0.9995702966455544,0.9998774857954545,0.0030604225205371504
rt,dev,100000,12,102400,102309,102324,1228586,1228800,0.999111328125,0.9989091451458519,0.9992760649383282,0.9992578125,0.9990712397794851,0.9994069280646055,0.9998258463541667,0.004528736423096801
rt,ood_dev,100000,1,102400,102400,102400,102400,102400,1.0,0.9999624871609701,1.0,1.0,0.9999624871609701,1.0,1.0,2.9070920221474504e-07
rt,ood_dev,100000,2,102400,102400,102400,204800,204800,1.0,0.9999624871609701,1.0,1.0,0.9999624871609701,1.0,1.0,8.848562019081463e-07
rt,ood_dev,100000,3,102400,102400,102400,307200,307200,1.0,0.9999624871609701,1.0,1.0,0.9999624871609701,1.0,1.0,7.182433974420311e-07
rt,ood_dev,100000,4,102400,102400,102400,409600,409600,1.0,0.9999624871609701,1.0,1.0,0.9999624871609701,1.0,1.0,1.6153858739995085e-06
rt,ood_dev,100000,5,102400,102400,102400,512000,512000,1.0,0.9999624871609701,1.0,1.0,0.9999624871609701,1.0,1.0,5.345742611196427e-06
rt,ood_dev,100000,6,102400,102399,102399,614399,614400,0.999990234375,0.9999446805183295,0.9999982761253133,0.999990234375,0.9999446805183295,0.9999982761253133,0.9999983723958333,4.684234796550453e-05
rt,ood_dev,100000,7,102400,102396,102396,716795,716800,0.9999609375,0.9998995558365923,0.9999848092550684,0.9999609375,0.9998995558365923,0.9999848092550684,0.9999930245535714,0.00015078197269946005
rt,ood_dev,100000,8,102400,102393,102395,819190,819200,0.999931640625,0.9998588878252541,0.9999668857144244,0.999951171875,0.9998856912053655,0.9999791433689678,0.99998779296875,0.0003137421208662362
rt,ood_dev,100000,9,102400,102380,102383,921573,921600,0.9998046875,0.9996983209212157,0.9998735558932069,0.999833984375,0.9997341277518229,0.9998963406145821,0.999970703125,0.0005583693600642684
rt,ood_dev,100000,10,102400,102363,102372,1023945,1024000,0.999638671875,0.9995020271813618,0.9997378308384958,0.9997265625,0.99960483075273,0.9998108019230739,0.9999462890625,0.0010545965816683733
rt,ood_dev,100000,11,102400,102339,102354,1126299,1126400,0.999404296875,0.9992349501563167,0.9995361754476841,0.99955078125,0.9994009117003653,0.999663171663546,0.9999103338068182,0.0018846503626596897
rt,ood_dev,100000,12,102400,102318,102342,1228641,1228800,0.99919921875,0.9990062333665538,0.9993547513735724,0.99943359375,0.999267935201936,0.999561781954047,0.99987060546875,0.003164163290195624
rt,ood_dev,100000,13,102400,49913,49932,1278573,1331200,0.487431640625,0.48437069342306394,0.4904935307766203,0.4876171875,0.4845562049745868,0.49067909905431734,0.9604664963942308,6.4551839049096555
rt,ood_dev,100000,14,102400,7248,8794,1287367,1433600,0.07078125,0.06922651509491337,0.07236818733284142,0.08587890625,0.08417830045734268,0.08761058175851483,0.8979959542410715,15.916351471965838
rt,ood_dev,100000,15,102400,642,2685,1290052,1536000,0.00626953125,0.005804258688126558,0.00677184627507025,0.026220703125,0.025259630763273137,0.02721732109972566,0.8398776041666667,19.587412969892938
rt,ood_dev,100000,16,102400,43,1932,1291984,1638400,0.000419921875,0.00031178835436964573,0.0005655367297369087,0.0188671875,0.0180517290805688,0.019718743234925885,0.788564453125,20.01732566682405
rt,ood_dev,100000,17,102400,1,1778,1293762,1740800,9.765625e-06,1.7238746867777096e-06,5.5319481670543434e-05,0.01736328125,0.016581158690361173,0.018181613956719658,0.7431996783088235,19.825729858182864
rt,ood_dev,100000,18,102400,0,1718,1295480,1843200,0.0,3.3881317890172014e-21,3.751283902995844e-05,0.01677734375,0.016008619293442074,0.017582322313996996,0.7028428819444444,19.77351975587806
rt,ood_dev,100000,19,102400,0,1670,1297150,1945600,0.0,3.3881317890172014e-21,3.751283902995844e-05,0.01630859375,0.01555076571978533,0.01710271105594033,0.6667094983552632,19.951331822508976
rt,ood_dev,100000,20,102400,0,1761,1298911,2048000,0.0,3.3881317890172014e-21,3.751283902995844e-05,0.017197265625,0.016418914744888474,0.01801183910762719,0.63423388671875,20.24699635017079
rt,ood_dev,100000,21,102400,0,1731,1300642,2150400,0.0,3.3881317890172014e-21,3.751283902995844e-05,0.016904296875,0.01613264888694426,0.017712189445750523,0.6048372395833334,20.778459443424143
rt,ood_dev,100000,22,102400,0,1778,1302420,2252800,0.0,3.3881317890172014e-21,3.751283902995844e-05,0.01736328125,0.016581158690361173,0.018181613956719658,0.5781338778409091,21.39771877657574
rt,ood_dev,100000,23,102400,0,1728,1304148,2355200,0.0,3.3881317890172014e-21,3.751283902995844e-05,0.016875,0.016104025646818412,0.01768222113389429,0.5537313179347826,22.05640465858895
rt,ood_dev,100000,24,102400,0,1699,1305847,2457600,0.0,3.3881317890172014e-21,3.751283902995844e-05,0.016591796875,0.015827366243986105,0.01739249553423307,0.5313505045572917,22.733614058876995
rt,ood_dev,100000,25,102400,0,1704,1307551,2560000,0.0,3.3881317890172014e-21,3.751283902995844e-05,0.016640625,0.01587506198163439,0.0174424523832216,0.510762109375,23.42709370543478
rt,ood_dev,100000,26,102400,0,1723,1309274,2662400,0.0,3.3881317890172014e-21,3.751283902995844e-05,0.016826171875,0.016056321612980526,0.017632272581095357,0.4917645733173077,24.039096633595538
rt,ood_dev,100000,27,102400,0,1633,1310907,2764800,0.0,3.3881317890172014e-21,3.751283902995844e-05,0.015947265625,0.015197949491931064,0.01673289814268217,0.47414171006944444,24.670576861379804
rt,ood_dev,100000,28,102400,0,1728,1312635,2867200,0.0,3.3881317890172014e-21,3.751283902995844e-05,0.016875,0.016104025646818412,0.01768222113389429,0.45781075613839284,25.34198349533407
rt,ood_dev,100000,29,102400,0,1686,1314321,2969600,0.0,3.3881317890172014e-21,3.751283902995844e-05,0.01646484375,0.015703365535630627,0.017262599517332833,0.44259193157327587,25.935604281878238
rt,ood_dev,100000,30,102400,0,1671,1315992,3072000,0.0,3.3881317890172014e-21,3.751283902995844e-05,0.016318359375,0.015560302672428875,0.01711270462062415,0.4283828125,26.448106103206722
rt,ood_dev,100000,31,102400,0,1713,1317705,3174400,0.0,3.3881317890172014e-21,3.751283902995844e-05,0.016728515625,0.015960918695559916,0.017532370325242335,0.4151036416330645,26.914362411629746
rt,ood_dev,100000,32,102400,0,1724,1319429,3276800,0.0,3.3881317890172014e-21,3.751283902995844e-05,0.0168359375,0.01606586228283863,0.01764226242856461,0.4026577758789063,27.356340569576442
rt,ood_dev,100000,33,102400,0,1671,1321100,3379200,0.0,3.3881317890172014e-21,3.751283902995844e-05,0.016318359375,0.015560302672428875,0.01711270462062415,0.3909505208333333,27.83089095920432
rt,ood_dev,100000,34,102400,0,1669,1322769,3481600,0.0,3.3881317890172014e-21,3.751283902995844e-05,0.016298828125,0.015541228838945096,0.0170927174194532,0.3799313534007353,28.16340932790808
rt,ood_dev,100000,35,102400,0,1709,1324478,3584000,0.0,3.3881317890172014e-21,3.751283902995844e-05,0.016689453125,0.0159227594618247,0.017492407489668103,0.3695530133928571,28.493458636511836
rt,ood_dev,100000,36,102400,0,1681,1326159,3686400,0.0,3.3881317890172014e-21,3.751283902995844e-05,0.016416015625,0.015655676134157807,0.01721263633216884,0.35974365234375,28.8165720327351
