arm,update,role,length,words,prefix_exact_count,state_correct_count,token_correct_count,token_denominator,E,E_low95,E_high95,A,A_low95,A_high95,M,state_ce,injection_coefficient
six_layer_input,500,dev,1,4096,4096,4096,4096,4096,1.0,0.9990630225926348,0.9999999999999999,1.0,0.9990630225926348,0.9999999999999999,1.0,0.003232067664725946,0.01
six_layer_input,500,dev,2,4096,4096,4096,8192,8192,1.0,0.9990630225926348,0.9999999999999999,1.0,0.9990630225926348,0.9999999999999999,1.0,0.010241346285994268,0.01
six_layer_input,500,dev,3,4096,233,233,8425,12288,0.056884765625,0.05019782963467251,0.0644020795422649,0.056884765625,0.05019782963467251,0.0644020795422649,0.6856282552083334,3.943161601093493,0.01
six_layer_input,500,dev,4,4096,6,85,8510,16384,0.00146484375,0.0006715185421635897,0.0031924013142034585,0.020751953125,0.016814398921352457,0.02558759651353908,0.5194091796875,4.095181983546354,0.01
six_layer_input,500,dev,5,4096,0,63,8573,20480,0.0,0.0,0.0009369774073651883,0.015380859375,0.012040724876904885,0.019629148244979834,0.418603515625,4.099691572657321,0.01
six_layer_input,500,dev,6,4096,0,73,8646,24576,0.0,0.0,0.0009369774073651883,0.017822265625,0.014199063362519719,0.022349047174368093,0.351806640625,4.097827608988155,0.01
six_layer_input,500,dev,7,4096,0,79,8725,28672,0.0,0.0,0.0009369774073651883,0.019287109375,0.015503626084669948,0.023971426901219724,0.30430385044642855,4.095528410514817,0.01
six_layer_input,500,dev,8,4096,0,52,8777,32768,0.0,0.0,0.0009369774073651883,0.0126953125,0.009694640437114613,0.016609171528266693,0.267852783203125,4.098482688656077,0.01
six_layer_input,500,dev,9,4096,0,73,8850,36864,0.0,0.0,0.0009369774073651883,0.017822265625,0.014199063362519719,0.022349047174368093,0.24007161458333334,4.097045483242255,0.01
six_layer_input,500,dev,10,4096,0,70,8920,40960,0.0,0.0,0.0009369774073651883,0.01708984375,0.0135493413532538,0.021535297959133087,0.2177734375,4.09751263668295,0.01
six_layer_input,500,dev,11,4096,0,73,8993,45056,0.0,0.0,0.0009369774073651883,0.017822265625,0.014199063362519719,0.022349047174368093,0.19959605823863635,4.096407136123162,0.01
six_layer_input,500,dev,12,4096,0,75,9068,49152,0.0,0.0,0.0009369774073651883,0.018310546875,0.014633183903943853,0.022890574115944584,0.18448893229166666,4.097521514457185,0.01
six_layer_input,500,ood_dev,1,4096,4096,4096,4096,4096,1.0,0.9990630225926348,0.9999999999999999,1.0,0.9990630225926348,0.9999999999999999,1.0,0.0032404789138809065,0.01
six_layer_input,500,ood_dev,2,4096,4096,4096,8192,8192,1.0,0.9990630225926348,0.9999999999999999,1.0,0.9990630225926348,0.9999999999999999,1.0,0.010232461039038299,0.01
six_layer_input,500,ood_dev,3,4096,222,222,8414,12288,0.05419921875,0.047673906064918524,0.06155994195551547,0.05419921875,0.047673906064918524,0.06155994195551547,0.6847330729166666,3.9639977893833134,0.01
six_layer_input,500,ood_dev,4,4096,1,54,8468,16384,0.000244140625,4.309811523941186e-05,0.0013817030336260863,0.01318359375,0.010118659410882703,0.017160800037499223,0.516845703125,4.099050458811689,0.01
six_layer_input,500,ood_dev,5,4096,0,67,8535,20480,0.0,0.0,0.0009369774073651883,0.016357421875,0.012901468019013623,0.020719700068872332,0.416748046875,4.097126937995199,0.01
six_layer_input,500,ood_dev,6,4096,0,66,8601,24576,0.0,0.0,0.0009369774073651883,0.01611328125,0.01268594169611479,0.020447402650270854,0.3499755859375,4.0970537483808585,0.01
six_layer_input,500,ood_dev,7,4096,0,69,8670,28672,0.0,0.0,0.0009369774073651883,0.016845703125,0.013333172427690648,0.02126364314319593,0.30238560267857145,4.09820456180023,0.01
six_layer_input,500,ood_dev,8,4096,0,74,8744,32768,0.0,0.0,0.0009369774073651883,0.01806640625,0.014416028944668636,0.02261990533371949,0.266845703125,4.098347099439707,0.01
six_layer_input,500,ood_dev,9,4096,0,70,8814,36864,0.0,0.0,0.0009369774073651883,0.01708984375,0.0135493413532538,0.021535297959133087,0.23909505208333334,4.098900937649887,0.01
six_layer_input,500,ood_dev,10,4096,0,60,8874,40960,0.0,0.0,0.0009369774073651883,0.0146484375,0.01139766303294143,0.018808738864442356,0.216650390625,4.09768856986193,0.01
six_layer_input,500,ood_dev,11,4096,0,66,8940,45056,0.0,0.0,0.0009369774073651883,0.01611328125,0.01268594169611479,0.020447402650270854,0.19841974431818182,4.098728880286217,0.01
six_layer_input,500,ood_dev,12,4096,0,56,8996,49152,0.0,0.0,0.0009369774073651883,0.013671875,0.01054387645975476,0.017711230471627787,0.18302408854166666,4.097497576731257,0.01
six_layer_input,500,ood_dev,13,4096,0,72,9068,53248,0.0,0.0,0.0009369774073651883,0.017578125,0.013982290939508705,0.022077995855878798,0.17029747596153846,4.097979313810356,0.01
six_layer_input,500,ood_dev,14,4096,0,78,9146,57344,0.0,0.0,0.0009369774073651883,0.01904296875,0.01528574904596704,0.023701480198422328,0.15949358258928573,4.096956498688087,0.01
six_layer_input,500,ood_dev,15,4096,0,66,9212,61440,0.0,0.0,0.0009369774073651883,0.01611328125,0.01268594169611479,0.020447402650270854,0.14993489583333333,4.097226502548438,0.01
six_layer_input,500,ood_dev,16,4096,0,87,9299,65536,0.0,0.0,0.0009369774073651883,0.021240234375,0.017252591636140006,0.026125051281752146,0.1418914794921875,4.098532469884958,0.01
six_layer_input,500,ood_dev,17,4096,0,62,9361,69632,0.0,0.0,0.0009369774073651883,0.01513671875,0.011826124044008677,0.01935592533637573,0.13443531709558823,4.098817463265732,0.01
six_layer_input,500,ood_dev,18,4096,0,71,9432,73728,0.0,0.0,0.0009369774073651883,0.017333984375,0.01376571558724534,0.02180674746664186,0.1279296875,4.096984466712456,0.01
six_layer_input,500,ood_dev,19,4096,0,77,9509,77824,0.0,0.0,0.0009369774073651883,0.018798828125,0.01506804743850219,0.023431358064386867,0.12218595805921052,4.096942538395524,0.01
six_layer_input,500,ood_dev,20,4096,0,57,9566,81920,0.0,0.0,0.0009369774073651883,0.013916015625,0.01075691476118927,0.017986015911693586,0.1167724609375,4.096641002688557,0.01
six_layer_input,500,ood_dev,21,4096,0,57,9623,86016,0.0,0.0,0.0009369774073651883,0.013916015625,0.01075691476118927,0.017986015911693586,0.1118745349702381,4.094973145343829,0.01
six_layer_input,500,ood_dev,22,4096,0,75,9698,90112,0.0,0.0,0.0009369774073651883,0.018310546875,0.014633183903943853,0.022890574115944584,0.10762162642045454,4.095490750391036,0.01
six_layer_input,500,ood_dev,23,4096,0,74,9772,94208,0.0,0.0,0.0009369774073651883,0.01806640625,0.014416028944668636,0.02261990533371949,0.10372792119565218,4.096580150187947,0.01
six_layer_input,500,ood_dev,24,4096,0,67,9839,98304,0.0,0.0,0.0009369774073651883,0.016357421875,0.012901468019013623,0.020719700068872332,0.10008748372395833,4.095809723541606,0.01
six_layer_input,500,ood_dev,25,4096,0,72,9911,102400,0.0,0.0,0.0009369774073651883,0.017578125,0.013982290939508705,0.022077995855878798,0.096787109375,4.097230689134449,0.01
six_layer_input,500,ood_dev,26,4096,0,58,9969,106496,0.0,0.0,0.0009369774073651883,0.01416015625,0.010970229851119503,0.018260524563263665,0.09360914963942307,4.097102437634021,0.01
six_layer_input,500,ood_dev,27,4096,0,63,10032,110592,0.0,0.0,0.0009369774073651883,0.015380859375,0.012040724876904885,0.019629148244979834,0.09071180555555555,4.09667294472456,0.01
six_layer_input,500,ood_dev,28,4096,0,69,10101,114688,0.0,0.0,0.0009369774073651883,0.016845703125,0.013333172427690648,0.02126364314319593,0.08807373046875,4.09735365153756,0.01
six_layer_input,500,ood_dev,29,4096,0,68,10169,118784,0.0,0.0,0.0009369774073651883,0.0166015625,0.013117213150496153,0.020991778678890113,0.0856091729525862,4.099808624305297,0.01
six_layer_input,500,ood_dev,30,4096,0,89,10258,122880,0.0,0.0,0.0009369774073651883,0.021728515625,0.01769138325529709,0.026661907145595683,0.08347981770833333,4.096284209226724,0.01
six_layer_input,500,ood_dev,31,4096,0,54,10312,126976,0.0,0.0,0.0009369774073651883,0.01318359375,0.010118659410882703,0.017160800037499223,0.08121219758064516,4.096684159128927,0.01
six_layer_input,500,ood_dev,32,4096,0,86,10398,131072,0.0,0.0,0.0009369774073651883,0.02099609375,0.017033419158058095,0.025856400018333753,0.0793304443359375,4.096328654559329,0.01
six_layer_input,500,ood_dev,33,4096,0,65,10463,135168,0.0,0.0,0.0009369774073651883,0.015869140625,0.012470639018872916,0.020174881586012418,0.07740737452651515,4.099059208470862,0.01
six_layer_input,500,ood_dev,34,4096,0,64,10527,139264,0.0,0.0,0.0009369774073651883,0.015625,0.012255565007829483,0.01990213185555554,0.07559024586397059,4.096364566241391,0.01
six_layer_input,500,ood_dev,35,4096,0,69,10596,143360,0.0,0.0,0.0009369774073651883,0.016845703125,0.013333172427690648,0.02126364314319593,0.07391183035714285,4.099662297288887,0.01
six_layer_input,500,ood_dev,36,4096,0,68,10664,147456,0.0,0.0,0.0009369774073651883,0.0166015625,0.013117213150496153,0.020991778678890113,0.07231987847222222,4.09761836664984,0.01
six_layer_input,1000,dev,1,102400,102400,102400,102400,102400,1.0,0.9999624871609701,1.0,1.0,0.9999624871609701,1.0,1.0,0.002392069082034993,0.01
six_layer_input,1000,dev,2,102400,102400,102400,204800,204800,1.0,0.9999624871609701,1.0,1.0,0.9999624871609701,1.0,1.0,0.006247358117108206,0.01
six_layer_input,1000,dev,3,102400,102386,102386,307186,307200,0.99986328125,0.9997705055160856,0.9999185544023014,0.99986328125,0.9997705055160856,0.9999185544023014,0.9999544270833334,0.009642394029317814,0.01
six_layer_input,1000,dev,4,102400,102344,102357,409543,409600,0.999453125,0.9992899777075444,0.9995788004830934,0.999580078125,0.9994344632702631,0.9996882116456304,0.99986083984375,0.0132360246939254,0.01
six_layer_input,1000,dev,5,102400,102162,102204,511747,512000,0.99767578125,0.9973615888553815,0.9979526351816763,0.9980859375,0.9977988993841387,0.9983356063806683,0.999505859375,0.019551088081126124,0.01
six_layer_input,1000,dev,6,102400,101719,101886,613633,614400,0.993349609375,0.9928329474008583,0.9938292574601778,0.99498046875,0.9945286611082025,0.9953951401465031,0.9987516276041667,0.029751581038458142,0.01
six_layer_input,1000,dev,7,102400,100902,101348,714981,716800,0.98537109375,0.9846173078314838,0.9860884643730968,0.9897265625,0.9890903208770121,0.9903260620555725,0.9974623325892857,0.044902795906785684,0.01
six_layer_input,1000,dev,8,102400,99688,100645,815626,819200,0.973515625,0.9725142426041413,0.9744814815650211,0.982861328125,0.9820480859952071,0.9836383432562416,0.99563720703125,0.06290738008565995,0.01
six_layer_input,1000,dev,9,102400,98116,99770,915396,921600,0.9581640625,0.9569204891071809,0.9593732618233674,0.97431640625,0.973329574660052,0.9752676519299542,0.9932682291666667,0.08511628200952032,0.01
six_layer_input,1000,dev,10,102400,96049,98587,1013983,1024000,0.937978515625,0.9364847325688558,0.9394394390460338,0.962763671875,0.9615865155329966,0.9639061090587395,0.9902177734375,0.11308427689179211,0.01
six_layer_input,1000,dev,11,102400,93695,97371,1111354,1126400,0.914990234375,0.9132664200173446,0.9166829138089332,0.950888671875,0.9495480835670134,0.9521954319546497,0.9866424005681819,0.14343284516239976,0.01
six_layer_input,1000,dev,12,102400,91116,96078,1207432,1228800,0.8898046875,0.8878721403738115,0.8917079892651978,0.93826171875,0.9367710788714562,0.9397194777459269,0.9826106770833334,0.17789557057032085,0.01
six_layer_input,1000,ood_dev,1,102400,102400,102400,102400,102400,1.0,0.9999624871609701,1.0,1.0,0.9999624871609701,1.0,1.0,0.0024037381876869544,0.01
six_layer_input,1000,ood_dev,2,102400,102400,102400,204800,204800,1.0,0.9999624871609701,1.0,1.0,0.9999624871609701,1.0,1.0,0.006222987717678165,0.01
six_layer_input,1000,ood_dev,3,102400,102396,102396,307196,307200,0.9999609375,0.9998995558365923,0.9999848092550684,0.9999609375,0.9998995558365923,0.9999848092550684,0.9999869791666667,0.009439990252906937,0.01
six_layer_input,1000,ood_dev,4,102400,102344,102348,409544,409600,0.999453125,0.9992899777075444,0.9995788004830934,0.9994921875,0.9993341989036343,0.9996127013563129,0.99986328125,0.013309304459373266,0.01
six_layer_input,1000,ood_dev,5,102400,102138,102180,511724,512000,0.99744140625,0.9971127736290071,0.997732717992194,0.9978515625,0.9975486867001404,0.9981170866488098,0.9994609375,0.019852599507838988,0.01
six_layer_input,1000,ood_dev,6,102400,101690,101882,613606,614400,0.99306640625,0.9925393457928984,0.9935564740656442,0.99494140625,0.9944879292526507,0.9953577499327455,0.9987076822916666,0.02976621553316079,0.01
six_layer_input,1000,ood_dev,7,102400,100936,101436,715042,716800,0.985703125,0.9849575943066979,0.9864122154870132,0.9905859375,0.9899757890705045,0.991159279386888,0.9975474330357142,0.04291533220811317,0.01
six_layer_input,1000,ood_dev,8,102400,99701,100657,815699,819200,0.973642578125,0.9726434864784456,0.9746061344159725,0.982978515625,0.9821679434207283,0.9837528520386486,0.995726318359375,0.06273142851505951,0.01
six_layer_input,1000,ood_dev,9,102400,98067,99724,915423,921600,0.957685546875,0.9564353073051971,0.9589014482763104,0.9738671875,0.9728721634419374,0.9748266593510101,0.9932975260416667,0.08575228644185585,0.01
six_layer_input,1000,ood_dev,10,102400,96044,98636,1014059,1024000,0.9379296875,0.9364353634026499,0.9393911556256029,0.9632421875,0.962072201231304,0.9643774187094728,0.9902919921875,0.11224485821324151,0.01
six_layer_input,1000,ood_dev,11,102400,93715,97350,1111409,1126400,0.915185546875,0.9134635063778878,0.9168764377949372,0.95068359375,0.9493403958966828,0.9519929787611057,0.9866912286931818,0.1442355478076155,0.01
six_layer_input,1000,ood_dev,12,102400,91068,95965,1207374,1228800,0.8893359375,0.8873998397063318,0.8912428251009641,0.937158203125,0.9356553648754506,0.9386282432839403,0.9825634765625,0.17852227686660455,0.01
six_layer_input,1000,ood_dev,13,102400,88297,94584,1301958,1331200,0.862275390625,0.8601510946730234,0.8643725066201505,0.923671875,0.9220296399243602,0.9252823238059431,0.9780333533653847,0.21410313116039162,0.01
six_layer_input,1000,ood_dev,14,102400,85427,93118,1395076,1433600,0.834248046875,0.8319579291518383,0.8365130874118046,0.90935546875,0.9075816053813304,0.911098619947059,0.9731277901785714,0.2535374898879627,0.01
six_layer_input,1000,ood_dev,15,102400,82306,91504,1486580,1536000,0.80376953125,0.8013256871088088,0.806190584876135,0.89359375,0.8916903117618572,0.8954676586001687,0.9678255208333333,0.29667825681598914,0.01
six_layer_input,1000,ood_dev,16,102400,79136,89880,1576460,1638400,0.7728125,0.7702358757290411,0.7753686563281632,0.877734375,0.8757137264914506,0.8797266837309384,0.96219482421875,0.3415572338498663,0.01
six_layer_input,1000,ood_dev,17,102400,75936,88235,1664695,1740800,0.7415625,0.7388721464276977,0.7442347301819459,0.861669921875,0.8595417572594497,0.8637709519594279,0.9562815946691177,0.3893269159239128,0.01
six_layer_input,1000,ood_dev,18,102400,72782,86542,1751237,1843200,0.71076171875,0.707976775727554,0.7135308492315878,0.84513671875,0.8429079485472057,0.8473395948364466,0.9501068793402778,0.4382548212981982,0.01
six_layer_input,1000,ood_dev,19,102400,69715,85150,1836387,1945600,0.680810546875,0.6779486163504067,0.6836589119657135,0.83154296875,0.8292381692241293,0.8338228940398342,0.9438666735197369,0.4828731689234462,0.01
six_layer_input,1000,ood_dev,20,102400,66521,83334,1919721,2048000,0.649619140625,0.6466914596991449,0.652535596273379,0.81380859375,0.8114126574238901,0.8161809863735828,0.93736376953125,0.535363574750291,0.01
six_layer_input,1000,ood_dev,21,102400,63627,81930,2001651,2150400,0.621357421875,0.618382052101811,0.6243236867253251,0.80009765625,0.7976369125437488,0.8025358849261068,0.9308272879464285,0.5856582350664234,0.01
six_layer_input,1000,ood_dev,22,102400,60729,80366,2082017,2252800,0.593056640625,0.5900442666123139,0.5960620330001251,0.78482421875,0.7822965715275333,0.787330496842327,0.9241907848011364,0.6360971273039524,0.01
six_layer_input,1000,ood_dev,23,102400,57953,78960,2160977,2355200,0.565947265625,0.5629091582188479,0.5689804252928323,0.77109375,0.7685103672763085,0.7736567937312799,0.9175343919836957,0.6868675615683151,0.01
six_layer_input,1000,ood_dev,24,102400,55317,77570,2238547,2457600,0.540205078125,0.5371510996946007,0.5432560401421513,0.75751953125,0.7548848776174724,0.760134864305082,0.9108671061197917,0.7341818690329615,0.01
six_layer_input,1000,ood_dev,25,102400,52684,76167,2314714,2560000,0.5144921875,0.5114305441402418,0.5175527435735645,0.743818359375,0.7411355913641242,0.74648283474814,0.90418515625,0.7862374840451184,0.01
six_layer_input,1000,ood_dev,26,102400,50183,74782,2389496,2662400,0.490068359375,0.4870069498233104,0.4931305140547617,0.73029296875,0.7275660957215039,0.7330025638923633,0.8974969951923077,0.8373838996047607,0.01
six_layer_input,1000,ood_dev,27,102400,47770,73324,2462820,2764800,0.46650390625,0.46344965589109083,0.4695606696760551,0.7160546875,0.7132848458893345,0.7188083194612379,0.8907769097222222,0.8883680544019182,0.01
six_layer_input,1000,ood_dev,28,102400,45447,72022,2534842,2867200,0.443818359375,0.4407774733905142,0.4468634604251682,0.70333984375,0.7005344987663348,0.7061299330240113,0.8840827287946429,0.9399010050559059,0.01
six_layer_input,1000,ood_dev,29,102400,43165,70812,2605654,2969600,0.421533203125,0.4185117044675289,0.42456058880711184,0.6915234375,0.6886874290562156,0.6943450767680216,0.8774427532327587,0.9883647109107426,0.01
six_layer_input,1000,ood_dev,30,102400,41066,69475,2675129,3072000,0.40103515625,0.39803706569695424,0.40404067170755226,0.678466796875,0.6755994280777636,0.6813207760797896,0.8708102213541666,1.0366772343501451,0.01
six_layer_input,1000,ood_dev,31,102400,38949,68282,2743411,3174400,0.380361328125,0.377392384896904,0.3833392473255756,0.66681640625,0.6639232206477192,0.6696970763382903,0.8642297757056452,1.0812190143854274,0.01
six_layer_input,1000,ood_dev,32,102400,37011,67191,2810602,3276800,0.361435546875,0.3584982992008386,0.3643831904412121,0.656162109375,0.6532470532383498,0.659065449343507,0.8577276611328125,1.1306576769206447,0.01
six_layer_input,1000,ood_dev,33,102400,35186,66079,2876681,3379200,0.34361328125,0.3407104023336459,0.3465278931859679,0.645302734375,0.6423670558115541,0.6482275115022754,0.8512905421401515,1.180073019305156,0.01
six_layer_input,1000,ood_dev,34,102400,33422,65001,2941682,3481600,0.32638671875,0.323521375586525,0.329265087367621,0.634775390625,0.6318212948239432,0.6377193748109893,0.8449224494485295,1.2290255851403855,0.01
six_layer_input,1000,ood_dev,35,102400,31724,63842,3005524,3584000,0.3098046875,0.30697963908238207,0.31264400544990206,0.62345703125,0.6204848296274857,0.6264199704250334,0.8385948660714285,1.2758072288282438,0.01
six_layer_input,1000,ood_dev,36,102400,30040,62957,3068481,3686400,0.293359375,0.29057849644488937,0.29615575690811596,0.614814453125,0.6118295890116562,0.617790703206147,0.8323787434895833,1.3248935034968634,0.01
six_layer_input,1500,dev,1,4096,4096,4096,4096,4096,1.0,0.9990630225926348,0.9999999999999999,1.0,0.9990630225926348,0.9999999999999999,1.0,0.002180707687557515,0.01
six_layer_input,1500,dev,2,4096,4096,4096,8192,8192,1.0,0.9990630225926348,0.9999999999999999,1.0,0.9990630225926348,0.9999999999999999,1.0,0.0018008002237923648,0.01
six_layer_input,1500,dev,3,4096,4096,4096,12288,12288,1.0,0.9990630225926348,0.9999999999999999,1.0,0.9990630225926348,0.9999999999999999,1.0,0.0017416429889198781,0.01
six_layer_input,1500,dev,4,4096,4096,4096,16384,16384,1.0,0.9990630225926348,0.9999999999999999,1.0,0.9990630225926348,0.9999999999999999,1.0,0.0022000543850939636,0.01
six_layer_input,1500,dev,5,4096,4096,4096,20480,20480,1.0,0.9990630225926348,0.9999999999999999,1.0,0.9990630225926348,0.9999999999999999,1.0,0.0034603939941337813,0.01
six_layer_input,1500,dev,6,4096,4091,4091,24571,24576,0.998779296875,0.997145424476127,0.9994784794090062,0.998779296875,0.997145424476127,0.9994784794090062,0.9997965494791666,0.006511729177628212,0.01
six_layer_input,1500,dev,7,4096,4083,4087,28658,28672,0.996826171875,0.9945771012522003,0.9981442127009305,0.997802734375,0.9958290482073086,0.9988435607118235,0.99951171875,0.009837254707067089,0.01
six_layer_input,1500,dev,8,4096,4068,4075,32733,32768,0.9931640625,0.9901378308615215,0.9952661269691047,0.994873046875,0.9921745882319427,0.9966441357891856,0.998931884765625,0.018462740154776114,0.01
six_layer_input,1500,dev,9,4096,4049,4064,36797,36864,0.988525390625,0.9847756016627256,0.9913597050793945,0.9921875,0.9889921727170213,0.9944604901476036,0.9981825086805556,0.028982514268516724,0.01
six_layer_input,1500,dev,10,4096,4018,4044,40841,40960,0.98095703125,0.9762985198015777,0.984714250954033,0.9873046875,0.9833908284717333,0.9903053595628853,0.9970947265625,0.03997777936473135,0.01
six_layer_input,1500,dev,11,4096,3983,4019,44860,45056,0.972412109375,0.9669363760022123,0.9770025638008875,0.981201171875,0.9765686419356131,0.9849319525614978,0.9956498579545454,0.061054613741909236,0.01
six_layer_input,1500,dev,12,4096,3946,4007,48867,49152,0.96337890625,0.9571788776441608,0.9687105837234276,0.978271484375,0.9733380928544043,0.9823086167447029,0.99420166015625,0.06944168365146908,0.01
six_layer_input,1500,ood_dev,1,4096,4096,4096,4096,4096,1.0,0.9990630225926348,0.9999999999999999,1.0,0.9990630225926348,0.9999999999999999,1.0,0.002188576089451999,0.01
six_layer_input,1500,ood_dev,2,4096,4096,4096,8192,8192,1.0,0.9990630225926348,0.9999999999999999,1.0,0.9990630225926348,0.9999999999999999,1.0,0.001793946962072468,0.01
six_layer_input,1500,ood_dev,3,4096,4096,4096,12288,12288,1.0,0.9990630225926348,0.9999999999999999,1.0,0.9990630225926348,0.9999999999999999,1.0,0.0017475815927490146,0.01
six_layer_input,1500,ood_dev,4,4096,4096,4096,16384,16384,1.0,0.9990630225926348,0.9999999999999999,1.0,0.9990630225926348,0.9999999999999999,1.0,0.0023971151317123685,0.01
six_layer_input,1500,ood_dev,5,4096,4095,4095,20479,20480,0.999755859375,0.9986182969663738,0.9999569018847606,0.999755859375,0.9986182969663738,0.9999569018847606,0.999951171875,0.0036617373352694216,0.01
six_layer_input,1500,ood_dev,6,4096,4090,4090,24569,24576,0.99853515625,0.9968075986857966,0.9993284814578364,0.99853515625,0.9968075986857966,0.9993284814578364,0.9997151692708334,0.007667526112058454,0.01
six_layer_input,1500,ood_dev,7,4096,4078,4081,28650,28672,0.99560546875,0.9930638103960733,0.9972183848495558,0.996337890625,0.9939662587473084,0.9977794077228217,0.9992327008928571,0.01391361037721417,0.01
six_layer_input,1500,ood_dev,8,4096,4061,4072,32722,32768,0.991455078125,0.9881397703182205,0.9938494213219035,0.994140625,0.9912959670744264,0.996059285722201,0.99859619140625,0.019355808999211632,0.01
six_layer_input,1500,ood_dev,9,4096,4041,4060,36782,36864,0.986572265625,0.9825638389733109,0.9896688778368068,0.9912109375,0.9878567926156614,0.9936445752829621,0.9977756076388888,0.027779109141320646,0.01
six_layer_input,1500,ood_dev,10,4096,4016,4050,40832,40960,0.98046875,0.9757587986106162,0.9842783246619937,0.98876953125,0.9850536128857085,0.9915695175979121,0.996875,0.03719605532410597,0.01
six_layer_input,1500,ood_dev,11,4096,3973,4011,44843,45056,0.969970703125,0.964287665331574,0.9747730370565226,0.979248046875,0.974412403486461,0.9831856010786475,0.9952725497159091,0.0584397401336858,0.01
six_layer_input,1500,ood_dev,12,4096,3919,3973,48816,49152,0.956787109375,0.9501202787839275,0.9625979415631524,0.969970703125,0.964287665331574,0.9747730370565226,0.9931640625,0.08203642333636729,0.01
six_layer_input,1500,ood_dev,13,4096,3863,3941,52757,53248,0.943115234375,0.935597920457735,0.9498021703653275,0.962158203125,0.9558683230202784,0.9675820196398083,0.9907789963942307,0.10732853558700128,0.01
six_layer_input,1500,ood_dev,14,4096,3813,3918,56675,57344,0.930908203125,0.9227309300951754,0.9382779736528717,0.95654296875,0.9498596607971911,0.9623707358083885,0.9883335658482143,0.13151209967263178,0.01
six_layer_input,1500,ood_dev,15,4096,3760,3900,60575,61440,0.91796875,0.9091682131124504,0.9259860323360801,0.9521484375,0.9451772774654191,0.9582722917931549,0.9859212239583334,0.1513122908789981,0.01
six_layer_input,1500,ood_dev,16,4096,3690,3857,64432,65536,0.90087890625,0.891348537986598,0.909658045556911,0.941650390625,0.9340495438956447,0.948423604478416,0.983154296875,0.18026762945346597,0.01
six_layer_input,1500,ood_dev,17,4096,3605,3784,68216,69632,0.880126953125,0.8698218505154235,0.889719715000559,0.923828125,0.9153012757420427,0.9315607395024954,0.9796645220588235,0.22173803588122887,0.01
six_layer_input,1500,ood_dev,18,4096,3523,3744,71960,73728,0.860107421875,0.8491467590583891,0.8703932596545682,0.9140625,0.905086622776321,0.9222624428082047,0.9760199652777778,0.2672072898373745,0.01
six_layer_input,1500,ood_dev,19,4096,3438,3705,75665,77824,0.83935546875,0.8277928955098375,0.8502821051755933,0.904541015625,0.8951592781303872,0.9131646615356264,0.9722579152960527,0.31282317199332965,0.01
six_layer_input,1500,ood_dev,20,4096,3366,3671,79336,81920,0.82177734375,0.8097574842118065,0.833194207085602,0.896240234375,0.8865270812946906,0.9052108511603125,0.96845703125,0.3375810113086466,0.01
six_layer_input,1500,ood_dev,21,4096,3282,3602,82938,86016,0.80126953125,0.7887691944326741,0.8132053025787084,0.87939453125,0.8690639784398397,0.889014115851642,0.9642159598214286,0.3795297715609518,0.01
six_layer_input,1500,ood_dev,22,4096,3187,3557,86495,90112,0.778076171875,0.7650932315093113,0.7905380100595418,0.868408203125,0.8577096260573646,0.8784163998666031,0.9598610617897727,0.4229952704626392,0.01
six_layer_input,1500,ood_dev,23,4096,3105,3534,90029,94208,0.758056640625,0.7447035368445035,0.7709261579213241,0.86279296875,0.851915672171129,0.8729904076983317,0.9556407099184783,0.4533080930564921,0.01
six_layer_input,1500,ood_dev,24,4096,3022,3477,93506,98304,0.73779296875,0.724104942379365,0.751035381841937,0.848876953125,0.8375816138522119,0.8595185127517311,0.9511922200520834,0.4982882198311138,0.01
six_layer_input,1500,ood_dev,25,4096,2942,3444,96950,102400,0.71826171875,0.7042858552817193,0.7318285696195579,0.8408203125,0.8292979160033407,0.8517040271310921,0.94677734375,0.5405288414846545,0.01
six_layer_input,1500,ood_dev,26,4096,2864,3404,100354,106496,0.69921875,0.6849931288660066,0.7130710441982463,0.8310546875,0.819270593124671,0.8422184003497494,0.9423264723557693,0.5856871251638118,0.01
six_layer_input,1500,ood_dev,27,4096,2775,3358,103712,110592,0.677490234375,0.6630146808323167,0.6916331792384085,0.81982421875,0.8077562437830561,0.8312928575823499,0.9377893518518519,0.622096091628837,0.01
six_layer_input,1500,ood_dev,28,4096,2704,3346,107058,114688,0.66015625,0.6455067604197328,0.6745056140044706,0.81689453125,0.8047553434565755,0.8284398730108269,0.9334716796875,0.6764834346108781,0.01
six_layer_input,1500,ood_dev,29,4096,2623,3252,110310,118784,0.640380859375,0.6255593004941251,0.654939350868553,0.7939453125,0.7812859610293499,0.8060538237370234,0.9286604256465517,0.7237447317057537,0.01
six_layer_input,1500,ood_dev,30,4096,2540,3231,113541,122880,0.6201171875,0.6051473802758651,0.6348619005422873,0.788818359375,0.776051398203665,0.8010440879912017,0.9239990234375,0.7640151885438158,0.01
six_layer_input,1500,ood_dev,31,4096,2468,3189,116730,126976,0.6025390625,0.5874629336746127,0.6174230377555174,0.778564453125,0.7655910584529526,0.791015830598901,0.9193075856854839,0.8087729786264575,0.01
six_layer_input,1500,ood_dev,32,4096,2389,3133,119863,131072,0.583251953125,0.5680823492210488,0.5982655466305568,0.764892578125,0.7516613119248298,0.7776274476030066,0.9144821166992188,0.8577564881857462,0.01
six_layer_input,1500,ood_dev,33,4096,2334,3114,122977,135168,0.56982421875,0.5546035823245746,0.584914007744514,0.76025390625,0.7469394623351187,0.7730806461042117,0.9098085345643939,0.9065472619194814,0.01
six_layer_input,1500,ood_dev,34,4096,2263,3057,126034,139264,0.552490234375,0.5372205007289629,0.5676616036936039,0.746337890625,0.7327864308470848,0.759427724326728,0.9050005744485294,0.9675593307754831,0.01
six_layer_input,1500,ood_dev,35,4096,2197,2992,129026,143360,0.536376953125,0.5210783468830467,0.5516073906004995,0.73046875,0.7166688950205478,0.7438367169557449,0.9000139508928572,1.0335168006069075,0.01
six_layer_input,1500,ood_dev,36,4096,2126,2968,131994,147456,0.51904296875,0.5037311764702663,0.5343190753667579,0.724609375,0.7107234422491626,0.7380743999311226,0.8951416015625,1.0780467255836879,0.01
six_layer_input,2000,dev,1,4096,4096,4096,4096,4096,1.0,0.9990630225926348,0.9999999999999999,1.0,0.9990630225926348,0.9999999999999999,1.0,0.00173646482011236,0.01
six_layer_input,2000,dev,2,4096,4096,4096,8192,8192,1.0,0.9990630225926348,0.9999999999999999,1.0,0.9990630225926348,0.9999999999999999,1.0,0.0009593117720889666,0.01
six_layer_input,2000,dev,3,4096,4096,4096,12288,12288,1.0,0.9990630225926348,0.9999999999999999,1.0,0.9990630225926348,0.9999999999999999,1.0,0.0009033974200463035,0.01
six_layer_input,2000,dev,4,4096,4096,4096,16384,16384,1.0,0.9990630225926348,0.9999999999999999,1.0,0.9990630225926348,0.9999999999999999,1.0,0.0011528801525848564,0.01
six_layer_input,2000,dev,5,4096,4096,4096,20480,20480,1.0,0.9990630225926348,0.9999999999999999,1.0,0.9990630225926348,0.9999999999999999,1.0,0.0018435564225303125,0.01
six_layer_input,2000,dev,6,4096,4095,4095,24575,24576,0.999755859375,0.9986182969663738,0.9999569018847606,0.999755859375,0.9986182969663738,0.9999569018847606,0.9999593098958334,0.002838444856068989,0.01
six_layer_input,2000,dev,7,4096,4092,4092,28667,28672,0.9990234375,0.9974915571936952,0.9996201704329383,0.9990234375,0.9974915571936952,0.9996201704329383,0.9998256138392857,0.00518051656919738,0.01
six_layer_input,2000,dev,8,4096,4087,4088,32755,32768,0.997802734375,0.9958290482073086,0.9988435607118235,0.998046875,0.9961504506055915,0.9990099820550408,0.999603271484375,0.007835818033317565,0.01
six_layer_input,2000,dev,9,4096,4081,4084,36839,36864,0.996337890625,0.9939662587473084,0.9977794077228217,0.9970703125,0.9948858699188933,0.9983232677757378,0.9993218315972222,0.010343687820522973,0.01
six_layer_input,2000,dev,10,4096,4062,4071,40910,40960,0.99169921875,0.9884233098915096,0.9940537054901146,0.993896484375,0.9910051126562461,0.995862316398881,0.998779296875,0.019614473979892466,0.01
six_layer_input,2000,dev,11,4096,4039,4060,44970,45056,0.986083984375,0.9820139840883064,0.9892430852388108,0.9912109375,0.9878567926156614,0.9936445752829621,0.9980912642045454,0.0278848908953222,0.01
six_layer_input,2000,dev,12,4096,4001,4028,48998,49152,0.976806640625,0.9717309295309884,0.9809888376191169,0.9833984375,0.9790082213211099,0.9868827868495039,0.9968668619791666,0.045462329674279545,0.01
six_layer_input,2000,ood_dev,1,4096,4096,4096,4096,4096,1.0,0.9990630225926348,0.9999999999999999,1.0,0.9990630225926348,0.9999999999999999,1.0,0.001739231452461354,0.01
six_layer_input,2000,ood_dev,2,4096,4096,4096,8192,8192,1.0,0.9990630225926348,0.9999999999999999,1.0,0.9990630225926348,0.9999999999999999,1.0,0.0009841345826622216,0.01
six_layer_input,2000,ood_dev,3,4096,4096,4096,12288,12288,1.0,0.9990630225926348,0.9999999999999999,1.0,0.9990630225926348,0.9999999999999999,1.0,0.0009664542853844438,0.01
six_layer_input,2000,ood_dev,4,4096,4096,4096,16384,16384,1.0,0.9990630225926348,0.9999999999999999,1.0,0.9990630225926348,0.9999999999999999,1.0,0.0011663978292819621,0.01
six_layer_input,2000,ood_dev,5,4096,4095,4095,20479,20480,0.999755859375,0.9986182969663738,0.9999569018847606,0.999755859375,0.9986182969663738,0.9999569018847606,0.999951171875,0.0022075730604775856,0.01
six_layer_input,2000,ood_dev,6,4096,4095,4095,24574,24576,0.999755859375,0.9986182969663738,0.9999569018847606,0.999755859375,0.9986182969663738,0.9999569018847606,0.9999186197916666,0.0030410672747009926,0.01
six_layer_input,2000,ood_dev,7,4096,4089,4090,28664,28672,0.998291015625,0.9964763422189936,0.9991719141831389,0.99853515625,0.9968075986857966,0.9993284814578364,0.9997209821428571,0.005613893905049849,0.01
six_layer_input,2000,ood_dev,8,4096,4083,4089,32753,32768,0.996826171875,0.9945771012522003,0.9981442127009305,0.998291015625,0.9964763422189936,0.9991719141831389,0.999542236328125,0.008190817008859597,0.01
six_layer_input,2000,ood_dev,9,4096,4071,4075,36828,36864,0.993896484375,0.9910051126562461,0.995862316398881,0.994873046875,0.9921745882319427,0.9966441357891856,0.9990234375,0.015769480013393178,0.01
six_layer_input,2000,ood_dev,10,4096,4057,4069,40897,40960,0.990478515625,0.9870110133784079,0.9930268832957149,0.993408203125,0.9904260923610462,0.9954656892110803,0.9984619140625,0.02106103797823522,0.01
six_layer_input,2000,ood_dev,11,4096,4031,4052,44949,45056,0.984130859375,0.9798251184139876,0.987529360981127,0.9892578125,0.9856107816089336,0.9919879963576875,0.9976251775568182,0.02930747287030755,0.01
six_layer_input,2000,ood_dev,12,4096,4004,4031,48980,49152,0.9775390625,0.9725338897863597,0.9816493485882466,0.984130859375,0.9798251184139876,0.987529360981127,0.9965006510416666,0.04534403301594381,0.01
six_layer_input,2000,ood_dev,13,4096,3970,4006,52986,53248,0.96923828125,0.9634948720671381,0.9741023590964577,0.97802734375,0.9730698833974413,0.9820890024601655,0.9950796274038461,0.0625485801482224,0.01
six_layer_input,2000,ood_dev,14,4096,3931,3988,56974,57344,0.959716796875,0.9532520220922961,0.9653200831527876,0.9736328125,0.9682644999293395,0.9781135585812619,0.9935477120535714,0.07324695769707645,0.01
six_layer_input,2000,ood_dev,15,4096,3889,3968,60942,61440,0.949462890625,0.9423233877337558,0.9557601203683148,0.96875,0.9629667829716362,0.9736548007089589,0.99189453125,0.09209731475279526,0.01
six_layer_input,2000,ood_dev,16,4096,3850,3942,64884,65536,0.93994140625,0.9322447036840906,0.9468136784994678,0.96240234375,0.9561303013811572,0.9678078650204299,0.99005126953125,0.11114243918421174,0.01
six_layer_input,2000,ood_dev,17,4096,3795,3905,68789,69632,0.926513671875,0.9181168616357552,0.9341112147652862,0.953369140625,0.9464763369080933,0.9594123510579824,0.9878934972426471,0.13198024946278508,0.01
six_layer_input,2000,ood_dev,18,4096,3740,3894,72683,73728,0.9130859375,0.9040670637073458,0.9213307069111787,0.95068359375,0.9436199393767509,0.9569026874328211,0.9858262803819444,0.15403871502815392,0.01
six_layer_input,2000,ood_dev,19,4096,3682,3858,76541,77824,0.89892578125,0.889317722865057,0.9077862707464496,0.94189453125,0.9343075174163912,0.9486534546991697,0.9835140830592105,0.18263087299449943,0.01
six_layer_input,2000,ood_dev,20,4096,3642,3852,80393,81920,0.88916015625,0.8791790684271216,0.8984119755243726,0.9404296875,0.9327602003167239,0.9472738293498353,0.98135986328125,0.20037700304198758,0.01
six_layer_input,2000,ood_dev,21,4096,3582,3800,84193,86016,0.87451171875,0.864014482855838,0.8843071366056374,0.927734375,0.9193976865076721,0.9352695086008709,0.9788062686011905,0.23162834715763836,0.01
six_layer_input,2000,ood_dev,22,4096,3505,3751,87944,90112,0.855712890625,0.8446186417242619,0.8661405496416897,0.915771484375,0.9068716487271989,0.9238921830478289,0.9759410511363636,0.2708444269853807,0.01
six_layer_input,2000,ood_dev,23,4096,3433,3729,91673,94208,0.838134765625,0.8265389647215343,0.849096917256395,0.910400390625,0.9012649382880058,0.9187667711740153,0.9730914572010869,0.29348252030300515,0.01
six_layer_input,2000,ood_dev,24,4096,3356,3669,95342,98304,0.8193359375,0.807256014123365,0.8308174397590403,0.895751953125,0.886019902303846,0.9047423826681564,0.9698689778645834,0.347521336199879,0.01
six_layer_input,2000,ood_dev,25,4096,3286,3630,98972,102400,0.80224609375,0.7897674404539782,0.8141583515234055,0.88623046875,0.8761421890699558,0.8955949699835345,0.9665234375,0.3851344500295255,0.01
six_layer_input,2000,ood_dev,26,4096,3226,3610,102582,106496,0.78759765625,0.7748055120625974,0.7998508554247676,0.88134765625,0.8710852365562697,0.8908954476672145,0.9632474459134616,0.4247757579116431,0.01
six_layer_input,2000,ood_dev,27,4096,3163,3568,106150,110592,0.772216796875,0.7591212716179107,0.784802200154935,0.87109375,0.8604828297370326,0.8810092573434385,0.9598343460648148,0.44960417408391606,0.01
six_layer_input,2000,ood_dev,28,4096,3098,3531,109681,114688,0.75634765625,0.7429648086418345,0.769250119933491,0.862060546875,0.8511603813863905,0.8722822272585692,0.9563424246651786,0.49515560872191067,0.01
six_layer_input,2000,ood_dev,29,4096,3020,3472,113153,118784,0.7373046875,0.7236090574040263,0.750555619334275,0.84765625,0.8363258316896912,0.8583351762067503,0.9525946255387931,0.5357156801374181,0.01
six_layer_input,2000,ood_dev,30,4096,2949,3435,116588,122880,0.719970703125,0.7060187160513224,0.733510475040457,0.838623046875,0.8270405095935828,0.8495710198673471,0.9487955729166667,0.5808095403087918,0.01
six_layer_input,2000,ood_dev,31,4096,2879,3392,119980,126976,0.702880859375,0.6887009863532034,0.7166805428335541,0.828125,0.8162651410976517,0.8393699674787648,0.9449029737903226,0.6157027129136914,0.01
six_layer_input,2000,ood_dev,32,4096,2817,3353,123333,131072,0.687744140625,0.6733820083135761,0.7017544489001623,0.818603515625,0.8065057295564372,0.8301042531014674,0.9409561157226562,0.6659246468030169,0.01
six_layer_input,2000,ood_dev,33,4096,2739,3329,126662,135168,0.668701171875,0.6541346717992881,0.682951533577426,0.812744140625,0.8005060030957817,0.8243962097661154,0.9370709043560606,0.7035501968094575,0.01
six_layer_input,2000,ood_dev,34,4096,2671,3284,129946,139264,0.652099609375,0.6373766855417953,0.6665375054128979,0.8017578125,0.7892683030719067,0.8136818414224763,0.9330911075367647,0.7681799254623627,0.01
six_layer_input,2000,ood_dev,35,4096,2604,3258,133204,143360,0.6357421875,0.6208842215560911,0.6503457787180812,0.79541015625,0.7827821042268083,0.8074846229885667,0.9291573660714286,0.7923079202679784,0.01
six_layer_input,2000,ood_dev,36,4096,2527,3200,136404,147456,0.616943359375,0.6019528422341264,0.6317147299445222,0.78125,0.7683295631481669,0.7936433870601901,0.925048828125,0.8512821359864056,0.01
six_layer_input,2500,dev,1,4096,4096,4096,4096,4096,1.0,0.9990630225926348,0.9999999999999999,1.0,0.9990630225926348,0.9999999999999999,1.0,0.0006545558516393157,0.01
six_layer_input,2500,dev,2,4096,4096,4096,8192,8192,1.0,0.9990630225926348,0.9999999999999999,1.0,0.9990630225926348,0.9999999999999999,1.0,0.00035146869961533156,0.01
six_layer_input,2500,dev,3,4096,4096,4096,12288,12288,1.0,0.9990630225926348,0.9999999999999999,1.0,0.9990630225926348,0.9999999999999999,1.0,0.0003709549503234655,0.01
six_layer_input,2500,dev,4,4096,4096,4096,16384,16384,1.0,0.9990630225926348,0.9999999999999999,1.0,0.9990630225926348,0.9999999999999999,1.0,0.0004483267404742364,0.01
six_layer_input,2500,dev,5,4096,4096,4096,20480,20480,1.0,0.9990630225926348,0.9999999999999999,1.0,0.9990630225926348,0.9999999999999999,1.0,0.0007498812142161526,0.01
six_layer_input,2500,dev,6,4096,4094,4094,24574,24576,0.99951171875,0.9982212896544476,0.9998660854551866,0.99951171875,0.9982212896544476,0.9998660854551866,0.9999186197916666,0.0018285079081454825,0.01
six_layer_input,2500,dev,7,4096,4093,4094,28668,28672,0.999267578125,0.9978486714629491,0.9997508799051849,0.99951171875,0.9982212896544476,0.9998660854551866,0.9998604910714286,0.0022233122271266836,0.01
six_layer_input,2500,dev,8,4096,4091,4092,32760,32768,0.998779296875,0.997145424476127,0.9994784794090062,0.9990234375,0.9974915571936952,0.9996201704329383,0.999755859375,0.004194291701910657,0.01
six_layer_input,2500,dev,9,4096,4083,4087,36847,36864,0.996826171875,0.9945771012522003,0.9981442127009305,0.997802734375,0.9958290482073086,0.9988435607118235,0.9995388454861112,0.007063859549366391,0.01
six_layer_input,2500,dev,10,4096,4072,4079,40926,40960,0.994140625,0.9912959670744264,0.996059285722201,0.995849609375,0.9933629968413301,0.9974070221457995,0.999169921875,0.011527445487025112,0.01
six_layer_input,2500,dev,11,4096,4062,4072,44998,45056,0.99169921875,0.9884233098915096,0.9940537054901146,0.994140625,0.9912959670744264,0.996059285722201,0.9987127130681818,0.017752375430354128,0.01
six_layer_input,2500,dev,12,4096,4042,4058,49056,49152,0.98681640625,0.9828391999625007,0.9898813405891173,0.99072265625,0.987292434466316,0.993233285949307,0.998046875,0.025093804002256803,0.01
six_layer_input,2500,ood_dev,1,4096,4096,4096,4096,4096,1.0,0.9990630225926348,0.9999999999999999,1.0,0.9990630225926348,0.9999999999999999,1.0,0.0006765492731020117,0.01
six_layer_input,2500,ood_dev,2,4096,4096,4096,8192,8192,1.0,0.9990630225926348,0.9999999999999999,1.0,0.9990630225926348,0.9999999999999999,1.0,0.00034738291395353116,0.01
six_layer_input,2500,ood_dev,3,4096,4096,4096,12288,12288,1.0,0.9990630225926348,0.9999999999999999,1.0,0.9990630225926348,0.9999999999999999,1.0,0.00036015367405717313,0.01
six_layer_input,2500,ood_dev,4,4096,4096,4096,16384,16384,1.0,0.9990630225926348,0.9999999999999999,1.0,0.9990630225926348,0.9999999999999999,1.0,0.000497268975934162,0.01
six_layer_input,2500,ood_dev,5,4096,4096,4096,20480,20480,1.0,0.9990630225926348,0.9999999999999999,1.0,0.9990630225926348,0.9999999999999999,1.0,0.0008358712310796435,0.01
six_layer_input,2500,ood_dev,6,4096,4096,4096,24576,24576,1.0,0.9990630225926348,0.9999999999999999,1.0,0.9990630225926348,0.9999999999999999,1.0,0.0013058410077402272,0.01
six_layer_input,2500,ood_dev,7,4096,4092,4092,28668,28672,0.9990234375,0.9974915571936952,0.9996201704329383,0.9990234375,0.9974915571936952,0.9996201704329383,0.9998604910714286,0.003405581005346825,0.01
six_layer_input,2500,ood_dev,8,4096,4087,4088,32756,32768,0.997802734375,0.9958290482073086,0.9988435607118235,0.998046875,0.9961504506055915,0.9990099820550408,0.9996337890625,0.00640602410544755,0.01
six_layer_input,2500,ood_dev,9,4096,4077,4081,36837,36864,0.995361328125,0.9927660832938955,0.9970282882102334,0.996337890625,0.9939662587473084,0.9977794077228217,0.999267578125,0.009498994410106931,0.01
six_layer_input,2500,ood_dev,10,4096,4069,4077,40914,40960,0.993408203125,0.9904260923610462,0.9954656892110803,0.995361328125,0.9927660832938955,0.9970282882102334,0.998876953125,0.015483406326711524,0.01
six_layer_input,2500,ood_dev,11,4096,4054,4066,44980,45056,0.98974609375,0.9861695639225535,0.9924048615270683,0.99267578125,0.9895635962243474,0.994864714123278,0.9983132102272727,0.02139620953563437,0.01
six_layer_input,2500,ood_dev,12,4096,4041,4058,49038,49152,0.986572265625,0.9825638389733109,0.9896688778368068,0.99072265625,0.987292434466316,0.993233285949307,0.9976806640625,0.029460125462355435,0.01
six_layer_input,2500,ood_dev,13,4096,4020,4038,53076,53248,0.9814453125,0.9768389428205996,0.9851494754180116,0.98583984375,0.9817394754367362,0.9890297701488805,0.9967698317307693,0.0424729426637489,0.01
six_layer_input,2500,ood_dev,14,4096,3994,4027,57103,57344,0.97509765625,0.969861879182557,0.9794431217770462,0.983154296875,0.978736356856804,0.9866668275723093,0.9957972935267857,0.05267233284163453,0.01
six_layer_input,2500,ood_dev,15,4096,3963,4009,61112,61440,0.967529296875,0.9616480425458757,0.972534422427218,0.978759765625,0.9738749487182478,0.98274740836386,0.9946614583333333,0.06444496862247195,0.01
six_layer_input,2500,ood_dev,16,4096,3921,3983,65095,65536,0.957275390625,0.9506416766616401,0.9630521911684404,0.972412109375,0.9669363760022123,0.9770025638008875,0.9932708740234375,0.08779652983406816,0.01
six_layer_input,2500,ood_dev,17,4096,3879,3951,69046,69632,0.947021484375,0.9397334817874256,0.9534717888996419,0.964599609375,0.958491137419128,0.9698374426559618,0.9915843290441176,0.11451961090389329,0.01
six_layer_input,2500,ood_dev,18,4096,3819,3907,72953,73728,0.932373046875,0.9242709187774049,0.9396649274196441,0.953857421875,0.9469962963333816,0.9598680391156946,0.9894883897569444,0.1385410829050695,0.01
six_layer_input,2500,ood_dev,19,4096,3778,3883,76836,77824,0.92236328125,0.913766751587586,0.9301683212079501,0.947998046875,0.9407689451321072,0.9543876205209615,0.9873046875,0.16853767358368188,0.01
six_layer_input,2500,ood_dev,20,4096,3716,3848,80684,81920,0.9072265625,0.8979563715130343,0.9157336293094827,0.939453125,0.9317293423030818,0.9463533923974762,0.984912109375,0.1953734665228657,0.01
six_layer_input,2500,ood_dev,21,4096,3670,3830,84514,86016,0.89599609375,0.8862734838085056,0.9049766249049971,0.93505859375,0.9270969345308054,0.942204972822747,0.9825381324404762,0.23234925718236443,0.01
six_layer_input,2500,ood_dev,22,4096,3618,3786,88300,90112,0.88330078125,0.8731073554786435,0.8927759186768431,0.92431640625,0.9158129772637488,0.93202468546379,0.9798916903409091,0.25387711438976446,0.01
six_layer_input,2500,ood_dev,23,4096,3564,3768,92068,94208,0.8701171875,0.8594742247930802,0.8800665673213897,0.919921875,0.911211096651605,0.9278457387289282,0.9772843070652174,0.27848967547917614,0.01
six_layer_input,2500,ood_dev,24,4096,3501,3710,95778,98304,0.854736328125,0.8436128595565577,0.8651950368433927,0.90576171875,0.8964304105240852,0.9143326478494298,0.97430419921875,0.31945003379979653,0.01
six_layer_input,2500,ood_dev,25,4096,3437,3686,99464,102400,0.839111328125,0.8275420910342984,0.8500450859096321,0.89990234375,0.8903329959119337,0.908722292665574,0.971328125,0.3538671582511048,0.01
six_layer_input,2500,ood_dev,26,4096,3386,3648,103112,106496,0.82666015625,0.8147628744218799,0.8379452917055349,0.890625,0.8806982972702632,0.8998196891302327,0.9682241586538461,0.3996513096844403,0.01
six_layer_input,2500,ood_dev,27,4096,3321,3613,106725,110592,0.810791015625,0.7985070838749817,0.8224925390549129,0.882080078125,0.8718434292869487,0.8916007261610365,0.9650336371527778,0.43306536111135774,0.01
six_layer_input,2500,ood_dev,28,4096,3247,3561,110286,114688,0.792724609375,0.7800393643630118,0.8048613016958598,0.869384765625,0.8587178969153175,0.8793594239746514,0.9616176060267857,0.4770868103333674,0.01
six_layer_input,2500,ood_dev,29,4096,3192,3557,113843,118784,0.779296875,0.7663378466019042,0.7917325136744504,0.868408203125,0.8577096260573646,0.8784163998666031,0.9584034886853449,0.5143207186983441,0.01
six_layer_input,2500,ood_dev,30,4096,3138,3520,117363,122880,0.76611328125,0.7529042604815391,0.7788236177537987,0.859375,0.8483918312283166,0.8696847162601397,0.9551025390625,0.5436805695449927,0.01
six_layer_input,2500,ood_dev,31,4096,3073,3473,120836,126976,0.750244140625,0.7367573541908395,0.7632619808469782,0.847900390625,0.8365769684304168,0.8585718632075249,0.9516444052419355,0.5997573039850028,0.01
six_layer_input,2500,ood_dev,32,4096,2990,3421,124257,131072,0.72998046875,0.7161733267469002,0.7433566377463918,0.835205078125,0.8235304560358756,0.8462515410440499,0.9480056762695312,0.6417786729504105,0.01
six_layer_input,2500,ood_dev,33,4096,2917,3390,127647,135168,0.712158203125,0.6980990592090635,0.7258197721547059,0.82763671875,0.8157643517817602,0.8388951093116558,0.9443581321022727,0.6831720986085541,0.01
six_layer_input,2500,ood_dev,34,4096,2851,3345,130992,139264,0.696044921875,0.6817805124802448,0.7099419519445039,0.816650390625,0.8045053198770175,0.8282020728488845,0.9406020220588235,0.7251639188913677,0.01
six_layer_input,2500,ood_dev,35,4096,2785,3305,134297,143360,0.679931640625,0.6654823708487559,0.6940437266369724,0.806884765625,0.7945106946476496,0.81868374841824,0.9367815290178572,0.7681671187411157,0.01
six_layer_input,2500,ood_dev,36,4096,2711,3274,137571,147456,0.661865234375,0.6472319193664302,0.6761952212482754,0.79931640625,0.7867730457201327,0.8112988613592473,0.9329630533854166,0.8160235270580998,0.01
six_layer_input,3000,dev,1,4096,4096,4096,4096,4096,1.0,0.9990630225926348,0.9999999999999999,1.0,0.9990630225926348,0.9999999999999999,1.0,0.000470893875611722,0.01
six_layer_input,3000,dev,2,4096,4096,4096,8192,8192,1.0,0.9990630225926348,0.9999999999999999,1.0,0.9990630225926348,0.9999999999999999,1.0,0.0002950213885375419,0.01
six_layer_input,3000,dev,3,4096,4096,4096,12288,12288,1.0,0.9990630225926348,0.9999999999999999,1.0,0.9990630225926348,0.9999999999999999,1.0,0.000409571012186305,0.01
six_layer_input,3000,dev,4,4096,4096,4096,16384,16384,1.0,0.9990630225926348,0.9999999999999999,1.0,0.9990630225926348,0.9999999999999999,1.0,0.0004929735182601647,0.01
six_layer_input,3000,dev,5,4096,4096,4096,20480,20480,1.0,0.9990630225926348,0.9999999999999999,1.0,0.9990630225926348,0.9999999999999999,1.0,0.0006980952111881322,0.01
six_layer_input,3000,dev,6,4096,4095,4095,24575,24576,0.999755859375,0.9986182969663738,0.9999569018847606,0.999755859375,0.9986182969663738,0.9999569018847606,0.9999593098958334,0.0017265649130684402,0.01
six_layer_input,3000,dev,7,4096,4092,4093,28668,28672,0.9990234375,0.9974915571936952,0.9996201704329383,0.999267578125,0.9978486714629491,0.9997508799051849,0.9998604910714286,0.004530001660833172,0.01
six_layer_input,3000,dev,8,4096,4087,4089,32757,32768,0.997802734375,0.9958290482073086,0.9988435607118235,0.998291015625,0.9964763422189936,0.9991719141831389,0.999664306640625,0.006166474568806812,0.01
six_layer_input,3000,dev,9,4096,4077,4083,36840,36864,0.995361328125,0.9927660832938955,0.9970282882102334,0.996826171875,0.9945771012522003,0.9981442127009305,0.9993489583333334,0.011087839318274284,0.01
six_layer_input,3000,dev,10,4096,4065,4073,40913,40960,0.992431640625,0.9892775496501616,0.9946629369559636,0.994384765625,0.991587789433178,0.9962552871049496,0.9988525390625,0.01747434715122065,0.01
six_layer_input,3000,dev,11,4096,4048,4061,44974,45056,0.98828125,0.9844979568178159,0.9911495261828039,0.991455078125,0.9881397703182205,0.9938494213219035,0.9981800426136364,0.02679604009386294,0.01
six_layer_input,3000,dev,12,4096,4023,4047,49021,49152,0.982177734375,0.9776509528256319,0.9858009366374803,0.988037109375,0.9842206673133682,0.9909389919457514,0.9973347981770834,0.033473436042562366,0.01
six_layer_input,3000,ood_dev,1,4096,4096,4096,4096,4096,1.0,0.9990630225926348,0.9999999999999999,1.0,0.9990630225926348,0.9999999999999999,1.0,0.0004866478360519011,0.01
six_layer_input,3000,ood_dev,2,4096,4096,4096,8192,8192,1.0,0.9990630225926348,0.9999999999999999,1.0,0.9990630225926348,0.9999999999999999,1.0,0.00028516325175553803,0.01
six_layer_input,3000,ood_dev,3,4096,4096,4096,12288,12288,1.0,0.9990630225926348,0.9999999999999999,1.0,0.9990630225926348,0.9999999999999999,1.0,0.000349060037364346,0.01
six_layer_input,3000,ood_dev,4,4096,4096,4096,16384,16384,1.0,0.9990630225926348,0.9999999999999999,1.0,0.9990630225926348,0.9999999999999999,1.0,0.0004760685978899559,0.01
six_layer_input,3000,ood_dev,5,4096,4096,4096,20480,20480,1.0,0.9990630225926348,0.9999999999999999,1.0,0.9990630225926348,0.9999999999999999,1.0,0.0008081466935134785,0.01
six_layer_input,3000,ood_dev,6,4096,4096,4096,24576,24576,1.0,0.9990630225926348,0.9999999999999999,1.0,0.9990630225926348,0.9999999999999999,1.0,0.0012424718369357102,0.01
six_layer_input,3000,ood_dev,7,4096,4091,4091,28667,28672,0.998779296875,0.997145424476127,0.9994784794090062,0.998779296875,0.997145424476127,0.9994784794090062,0.9998256138392857,0.0038465422647382397,0.01
six_layer_input,3000,ood_dev,8,4096,4089,4091,32758,32768,0.998291015625,0.9964763422189936,0.9991719141831389,0.998779296875,0.997145424476127,0.9994784794090062,0.99969482421875,0.005570736694453071,0.01
six_layer_input,3000,ood_dev,9,4096,4077,4082,36840,36864,0.995361328125,0.9927660832938955,0.9970282882102334,0.99658203125,0.9942706398960515,0.9979628503155791,0.9993489583333334,0.009733257607431156,0.01
six_layer_input,3000,ood_dev,10,4096,4064,4072,40912,40960,0.9921875,0.9889921727170213,0.9944604901476036,0.994140625,0.9912959670744264,0.996059285722201,0.998828125,0.015855968567818124,0.01
six_layer_input,3000,ood_dev,11,4096,4044,4064,44976,45056,0.9873046875,0.9833908284717333,0.9903053595628853,0.9921875,0.9889921727170213,0.9944604901476036,0.9982244318181818,0.025215225533510743,0.01
six_layer_input,3000,ood_dev,12,4096,4017,4048,49024,49152,0.980712890625,0.9760285730987803,0.9844963739153301,0.98828125,0.9844979568178159,0.9911495261828039,0.9973958333333334,0.03250408215473666,0.01
six_layer_input,3000,ood_dev,13,4096,3984,4023,53047,53248,0.97265625,0.9672017903723954,0.9772249731722046,0.982177734375,0.9776509528256319,0.9858009366374803,0.9962252103365384,0.049090240304475063,0.01
six_layer_input,3000,ood_dev,14,4096,3946,4007,57054,57344,0.96337890625,0.9571788776441608,0.9687105837234276,0.978271484375,0.9733380928544043,0.9823086167447029,0.9949428013392857,0.057654321202910364,0.01
six_layer_input,3000,ood_dev,15,4096,3901,3985,61039,61440,0.952392578125,0.9454369948583105,0.9585003981417638,0.972900390625,0.9674673085801575,0.977447278705943,0.9934733072916667,0.08236179275496047,0.01
six_layer_input,3000,ood_dev,16,4096,3862,3972,65011,65536,0.94287109375,0.9353397677479732,0.9495724993335891,0.9697265625,0.964023311604608,0.9745495670419884,0.9919891357421875,0.09470656957162982,0.01
six_layer_input,3000,ood_dev,17,4096,3801,3932,68943,69632,0.927978515625,0.9196539294518923,0.9355010893981511,0.9599609375,0.95351337564485,0.965546553341734,0.9901051240808824,0.11878559447456505,0.01
six_layer_input,3000,ood_dev,18,4096,3742,3906,72849,73728,0.91357421875,0.9045768022865681,0.9217966158149569,0.95361328125,0.946736292289229,0.959640219418347,0.9880777994791666,0.14839904270097115,0.01
six_layer_input,3000,ood_dev,19,4096,3687,3880,76729,77824,0.900146484375,0.8905868560727095,0.9089562562462985,0.947265625,0.9399922864751624,0.9537008079534055,0.9859297902960527,0.16049236427225244,0.01
six_layer_input,3000,ood_dev,20,4096,3627,3847,80576,81920,0.885498046875,0.8753832915554963,0.894890396273493,0.939208984375,0.9314717118550057,0.9461231991040518,0.98359375,0.1932520780981548,0.01
six_layer_input,3000,ood_dev,21,4096,3568,3815,84391,86016,0.87109375,0.8604828297370326,0.8810092573434385,0.931396484375,0.9232441468884733,0.9387404043425744,0.9811081659226191,0.22413704070534424,0.01
six_layer_input,3000,ood_dev,22,4096,3507,3785,88176,90112,0.856201171875,0.845121595652109,0.8666132431968432,0.924072265625,0.9155571142869631,0.9317927246990753,0.978515625,0.2546893388241456,0.01
six_layer_input,3000,ood_dev,23,4096,3445,3759,91935,94208,0.841064453125,0.8295487851853267,0.8519409816906063,0.917724609375,0.9089129525352261,0.9257534691718042,0.9758725373641305,0.2918904689354762,0.01
six_layer_input,3000,ood_dev,24,4096,3395,3743,95678,98304,0.828857421875,0.8170163886865339,0.8400821911143835,0.913818359375,0.9048317022533956,0.9220295395896299,0.9732869466145834,0.3085192928105229,0.01
six_layer_input,3000,ood_dev,25,4096,3313,3658,99336,102400,0.808837890625,0.7965086496170335,0.8205883833808585,0.89306640625,0.8832315465848233,0.9021646772306757,0.970078125,0.37390844349032637,0.01
six_layer_input,3000,ood_dev,26,4096,3234,3620,102956,106496,0.78955078125,0.7767990101925961,0.8017599472267716,0.8837890625,0.8736130218885932,0.8932458997498941,0.9667593149038461,0.40266797747931227,0.01
six_layer_input,3000,ood_dev,27,4096,3178,3612,106568,110592,0.77587890625,0.7628533235793794,0.7883875043159708,0.8818359375,0.8715906848675761,0.8913656468389086,0.9636140046296297,0.43680411022727395,0.01
six_layer_input,3000,ood_dev,28,4096,3114,3574,110142,114688,0.76025390625,0.7469394623351187,0.7730806461042117,0.87255859375,0.8619961004422974,0.8824229290871757,0.9603620256696429,0.47844285099898887,0.01
six_layer_input,3000,ood_dev,29,4096,3056,3542,113684,118784,0.74609375,0.7325382953659023,0.75918803606641,0.86474609375,0.8539302742900043,0.8748783955114587,0.9570649245689655,0.5102143394380501,0.01
six_layer_input,3000,ood_dev,30,4096,2990,3506,117190,122880,0.72998046875,0.7161733267469002,0.7433566377463918,0.85595703125,0.8448701134327965,0.8663769016746554,0.9536946614583334,0.5439497645030946,0.01
six_layer_input,3000,ood_dev,31,4096,2930,3488,120678,126976,0.71533203125,0.7013158065663442,0.7289447334369291,0.8515625,0.8403452097309037,0.8621209780295427,0.9504000756048387,0.5867939792206958,0.01
six_layer_input,3000,ood_dev,32,4096,2855,3438,124116,131072,0.697021484375,0.68276892523402,0.7109048341567302,0.83935546875,0.8277928955098375,0.8502821051755933,0.946929931640625,0.6230273556273924,0.01
six_layer_input,3000,ood_dev,33,4096,2774,3370,127486,135168,0.67724609375,0.6627679364095294,0.6913920999196956,0.82275390625,0.8107582989442972,0.8341446873191125,0.943167021780303,0.6873111341949532,0.01
six_layer_input,3000,ood_dev,34,4096,2711,3358,130844,139264,0.661865234375,0.6472319193664302,0.6761952212482754,0.81982421875,0.8077562437830561,0.8312928575823499,0.9395392922794118,0.7229090956777275,0.01
six_layer_input,3000,ood_dev,35,4096,2635,3307,134151,143360,0.643310546875,0.6285127480109498,0.6578397882497322,0.807373046875,0.7950101387615238,0.8191599517873664,0.9357631138392857,0.7732790954655253,0.01
six_layer_input,3000,ood_dev,36,4096,2575,3312,137463,147456,0.628662109375,0.613751416646233,0.6433316951244303,0.80859375,0.7962588791495391,0.8203503301068527,0.9322306315104166,0.8065824509213844,0.01
six_layer_input,3500,dev,1,4096,4096,4096,4096,4096,1.0,0.9990630225926348,0.9999999999999999,1.0,0.9990630225926348,0.9999999999999999,1.0,0.00035523886611876776,0.01
six_layer_input,3500,dev,2,4096,4096,4096,8192,8192,1.0,0.9990630225926348,0.9999999999999999,1.0,0.9990630225926348,0.9999999999999999,1.0,0.0002730848121199614,0.01
six_layer_input,3500,dev,3,4096,4096,4096,12288,12288,1.0,0.9990630225926348,0.9999999999999999,1.0,0.9990630225926348,0.9999999999999999,1.0,0.0003324025898541194,0.01
six_layer_input,3500,dev,4,4096,4096,4096,16384,16384,1.0,0.9990630225926348,0.9999999999999999,1.0,0.9990630225926348,0.9999999999999999,1.0,0.00045038665611940587,0.01
six_layer_input,3500,dev,5,4096,4096,4096,20480,20480,1.0,0.9990630225926348,0.9999999999999999,1.0,0.9990630225926348,0.9999999999999999,1.0,0.0007559074542609068,0.01
six_layer_input,3500,dev,6,4096,4095,4095,24575,24576,0.999755859375,0.9986182969663738,0.9999569018847606,0.999755859375,0.9986182969663738,0.9999569018847606,0.9999593098958334,0.0017519434258694844,0.01
six_layer_input,3500,dev,7,4096,4095,4096,28671,28672,0.999755859375,0.9986182969663738,0.9999569018847606,1.0,0.9990630225926348,0.9999999999999999,0.9999651227678571,0.002257168766238493,0.01
six_layer_input,3500,dev,8,4096,4090,4091,32762,32768,0.99853515625,0.9968075986857966,0.9993284814578364,0.998779296875,0.997145424476127,0.9994784794090062,0.99981689453125,0.005313757760071702,0.01
six_layer_input,3500,dev,9,4096,4085,4090,36852,36864,0.997314453125,0.9951972177470491,0.9984997436890822,0.99853515625,0.9968075986857966,0.9993284814578364,0.9996744791666666,0.007551114385657698,0.01
six_layer_input,3500,dev,10,4096,4074,4082,40934,40960,0.99462890625,0.9918806406223304,0.9964502596572975,0.99658203125,0.9942706398960515,0.9979628503155791,0.999365234375,0.01171889048118313,0.01
six_layer_input,3500,dev,11,4096,4051,4063,44997,45056,0.989013671875,0.9853320021138738,0.991778952111247,0.991943359375,0.9887074354065306,0.9942574037165939,0.9986905184659091,0.02530603611710802,0.01
six_layer_input,3500,dev,12,4096,4021,4046,49043,49152,0.981689453125,0.9771094258840555,0.9853668160960561,0.98779296875,0.983943722660208,0.9907281128574114,0.9977823893229166,0.03429167302059177,0.01
six_layer_input,3500,ood_dev,1,4096,4096,4096,4096,4096,1.0,0.9990630225926348,0.9999999999999999,1.0,0.9990630225926348,0.9999999999999999,1.0,0.0003599482516047914,0.01
six_layer_input,3500,ood_dev,2,4096,4096,4096,8192,8192,1.0,0.9990630225926348,0.9999999999999999,1.0,0.9990630225926348,0.9999999999999999,1.0,0.00027399833632379966,0.01
six_layer_input,3500,ood_dev,3,4096,4096,4096,12288,12288,1.0,0.9990630225926348,0.9999999999999999,1.0,0.9990630225926348,0.9999999999999999,1.0,0.00031119899672393814,0.01
six_layer_input,3500,ood_dev,4,4096,4095,4095,16383,16384,0.999755859375,0.9986182969663738,0.9999569018847606,0.999755859375,0.9986182969663738,0.9999569018847606,0.99993896484375,0.0006823942383240578,0.01
six_layer_input,3500,ood_dev,5,4096,4095,4096,20479,20480,0.999755859375,0.9986182969663738,0.9999569018847606,1.0,0.9990630225926348,0.9999999999999999,0.999951171875,0.000826248507212135,0.01
six_layer_input,3500,ood_dev,6,4096,4094,4094,24573,24576,0.99951171875,0.9982212896544476,0.9998660854551866,0.99951171875,0.9982212896544476,0.9998660854551866,0.9998779296875,0.0017061209074222816,0.01
six_layer_input,3500,ood_dev,7,4096,4091,4092,28665,28672,0.998779296875,0.997145424476127,0.9994784794090062,0.9990234375,0.9974915571936952,0.9996201704329383,0.999755859375,0.0035728186351020597,0.01
six_layer_input,3500,ood_dev,8,4096,4089,4090,32755,32768,0.998291015625,0.9964763422189936,0.9991719141831389,0.99853515625,0.9968075986857966,0.9993284814578364,0.999603271484375,0.0060279364871025365,0.01
six_layer_input,3500,ood_dev,9,4096,4078,4081,36836,36864,0.99560546875,0.9930638103960733,0.9972183848495558,0.996337890625,0.9939662587473084,0.9977794077228217,0.9992404513888888,0.013248387512398985,0.01
six_layer_input,3500,ood_dev,10,4096,4059,4068,40904,40960,0.990966796875,0.9875743543279273,0.993439189829196,0.9931640625,0.9901378308615215,0.9952661269691047,0.9986328125,0.0192066503881696,0.01
six_layer_input,3500,ood_dev,11,4096,4039,4057,44961,45056,0.986083984375,0.9820139840883064,0.9892430852388108,0.990478515625,0.9870110133784079,0.9930268832957149,0.9978915127840909,0.028587911858982906,0.01
six_layer_input,3500,ood_dev,12,4096,4016,4044,49005,49152,0.98046875,0.9757587986106162,0.9842783246619937,0.9873046875,0.9833908284717333,0.9903053595628853,0.99700927734375,0.040992970294823294,0.01
six_layer_input,3500,ood_dev,13,4096,3987,4031,53036,53248,0.973388671875,0.9679986619577605,0.9778915728113404,0.984130859375,0.9798251184139876,0.987529360981127,0.9960186298076923,0.05087258997062172,0.01
six_layer_input,3500,ood_dev,14,4096,3955,4011,57047,57344,0.965576171875,0.9595422298231,0.970737645217991,0.979248046875,0.974412403486461,0.9831856010786475,0.9948207310267857,0.06753988407644673,0.01
six_layer_input,3500,ood_dev,15,4096,3911,3978,61025,61440,0.954833984375,0.9480368065317946,0.9607788238832828,0.97119140625,0.9656108163160309,0.9758890047795674,0.9932454427083334,0.08353003176451601,0.01
six_layer_input,3500,ood_dev,16,4096,3865,3959,64984,65536,0.943603515625,0.9361143355517366,0.9502614027543265,0.966552734375,0.9605945147420692,0.971636655265023,0.9915771484375,0.09914125213241043,0.01
six_layer_input,3500,ood_dev,17,4096,3817,3933,68917,69632,0.931884765625,0.9237574760767748,0.9392027226372734,0.960205078125,0.9537747892075905,0.9657729635204937,0.9897317325367647,0.12333101792079582,0.01
six_layer_input,3500,ood_dev,18,4096,3763,3917,72834,73728,0.918701171875,0.9099341270902004,0.9266835895828311,0.956298828125,0.9495990962030896,0.9621434766609898,0.9878743489583334,0.13626798178184352,0.01
six_layer_input,3500,ood_dev,19,4096,3699,3868,76702,77824,0.903076171875,0.8936345097261459,0.9117624874908657,0.9443359375,0.9368892357284203,0.9509499738021437,0.985582853618421,0.1777487767830639,0.01
six_layer_input,3500,ood_dev,20,4096,3643,3839,80541,81920,0.889404296875,0.8794322362425625,0.8986466314504319,0.937255859375,0.9294118497021406,0.9442804713249144,0.98316650390625,0.2004686039308039,0.01
six_layer_input,3500,ood_dev,21,4096,3574,3806,84347,86016,0.87255859375,0.8619961004422974,0.8824229290871757,0.92919921875,0.9209355407485826,0.9366585968089622,0.9805966331845238,0.23676937491556327,0.01
six_layer_input,3500,ood_dev,22,4096,3503,3772,88119,90112,0.855224609375,0.844115729751073,0.865667814131878,0.9208984375,0.9122330806334249,0.9287750497131095,0.9778830788352273,0.28105372923602445,0.01
six_layer_input,3500,ood_dev,23,4096,3441,3732,91851,94208,0.840087890625,0.8285453641599779,0.8509931077499538,0.9111328125,0.9020289161772014,0.9194662645093207,0.9749808933423914,0.31067992835961267,0.01
six_layer_input,3500,ood_dev,24,4096,3363,3679,95530,98304,0.821044921875,0.8090069584911099,0.8324812615817976,0.898193359375,0.8885564425517519,0.9070840798352536,0.9717814127604166,0.34936082757529885,0.01
six_layer_input,3500,ood_dev,25,4096,3305,3647,99177,102400,0.806884765625,0.7945106946476496,0.81868374841824,0.890380859375,0.8804450553276408,0.8995851073313548,0.968525390625,0.3933818770983182,0.01
six_layer_input,3500,ood_dev,26,4096,3231,3612,102789,106496,0.788818359375,0.776051398203665,0.8010440879912017,0.8818359375,0.8715906848675761,0.8913656468389086,0.9651911808894231,0.4299767700471424,0.01
six_layer_input,3500,ood_dev,27,4096,3165,3583,106372,110592,0.772705078125,0.7596187977707335,0.7852803214851126,0.874755859375,0.8642668366393406,0.8845426065636351,0.9618417245370371,0.4601575795452453,0.01
six_layer_input,3500,ood_dev,28,4096,3094,3538,109910,114688,0.75537109375,0.7419713764602902,0.768292257149034,0.86376953125,0.8529228830570302,0.8739344917784316,0.9583391462053571,0.5055757046167377,0.01
six_layer_input,3500,ood_dev,29,4096,3018,3488,113398,118784,0.73681640625,0.72311319380395,0.7500758354513507,0.8515625,0.8403452097309037,0.8621209780295427,0.954657192887931,0.5556884477988033,0.01
six_layer_input,3500,ood_dev,30,4096,2963,3458,116856,122880,0.723388671875,0.7094851787121379,0.7368735447606458,0.84423828125,0.8328109384018381,0.855020537113599,0.9509765625,0.5970285356164169,0.01
six_layer_input,3500,ood_dev,31,4096,2890,3423,120279,126976,0.70556640625,0.6914207638277091,0.7193268265155518,0.835693359375,0.8240317842605936,0.8467258603023325,0.9472577494959677,0.6263847429108749,0.01
six_layer_input,3500,ood_dev,32,4096,2829,3391,123670,131072,0.690673828125,0.6763455759062833,0.7046447662054587,0.827880859375,0.8160147422082297,0.8391325426266866,0.9435272216796875,0.6824118401611958,0.01
six_layer_input,3500,ood_dev,33,4096,2753,3333,127003,135168,0.672119140625,0.6575873293599489,0.6863284083977695,0.813720703125,0.8015056463812547,0.8253478614466436,0.9395936908143939,0.7287167250540971,0.01
six_layer_input,3500,ood_dev,34,4096,2698,3336,130339,139264,0.65869140625,0.6440282199991205,0.6730572119760809,0.814453125,0.8022554598097227,0.8260615192426766,0.9359130859375,0.7512778340214652,0.01
six_layer_input,3500,ood_dev,35,4096,2633,3278,133617,143360,0.642822265625,0.6280204653928259,0.6573564233848554,0.80029296875,0.7877710630649415,0.8122521389804398,0.9320382254464286,0.7985046460996923,0.01
six_layer_input,3500,ood_dev,36,4096,2575,3262,136879,147456,0.628662109375,0.613751416646233,0.6433316951244303,0.79638671875,0.783779671632706,0.8084383505486702,0.9282701280381944,0.8686374509108239,0.01
six_layer_input,4000,dev,1,4096,4096,4096,4096,4096,1.0,0.9990630225926348,0.9999999999999999,1.0,0.9990630225926348,0.9999999999999999,1.0,0.0002663314809296935,0.01
six_layer_input,4000,dev,2,4096,4096,4096,8192,8192,1.0,0.9990630225926348,0.9999999999999999,1.0,0.9990630225926348,0.9999999999999999,1.0,0.00017784227064066016,0.01
six_layer_input,4000,dev,3,4096,4096,4096,12288,12288,1.0,0.9990630225926348,0.9999999999999999,1.0,0.9990630225926348,0.9999999999999999,1.0,0.000232464800622445,0.01
six_layer_input,4000,dev,4,4096,4096,4096,16384,16384,1.0,0.9990630225926348,0.9999999999999999,1.0,0.9990630225926348,0.9999999999999999,1.0,0.0004672573195296792,0.01
six_layer_input,4000,dev,5,4096,4096,4096,20480,20480,1.0,0.9990630225926348,0.9999999999999999,1.0,0.9990630225926348,0.9999999999999999,1.0,0.000682804572934792,0.01
six_layer_input,4000,dev,6,4096,4095,4095,24575,24576,0.999755859375,0.9986182969663738,0.9999569018847606,0.999755859375,0.9986182969663738,0.9999569018847606,0.9999593098958334,0.0016141139019163475,0.01
six_layer_input,4000,dev,7,4096,4092,4093,28668,28672,0.9990234375,0.9974915571936952,0.9996201704329383,0.999267578125,0.9978486714629491,0.9997508799051849,0.9998604910714286,0.0028898492843918433,0.01
six_layer_input,4000,dev,8,4096,4090,4090,32758,32768,0.99853515625,0.9968075986857966,0.9993284814578364,0.99853515625,0.9968075986857966,0.9993284814578364,0.99969482421875,0.00575225572566751,0.01
six_layer_input,4000,dev,9,4096,4073,4075,36833,36864,0.994384765625,0.991587789433178,0.9962552871049496,0.994873046875,0.9921745882319427,0.9966441357891856,0.9991590711805556,0.015127160558850328,0.01
six_layer_input,4000,dev,10,4096,4059,4069,40902,40960,0.990966796875,0.9875743543279273,0.993439189829196,0.993408203125,0.9904260923610462,0.9954656892110803,0.998583984375,0.02179183269813567,0.01
six_layer_input,4000,dev,11,4096,4040,4053,44955,45056,0.986328125,0.9822887695283722,0.9894561235402453,0.989501953125,0.9858899643168433,0.9921966373912783,0.9977583451704546,0.03167967163325436,0.01
six_layer_input,4000,dev,12,4096,4019,4049,49004,49152,0.981201171875,0.9765686419356131,0.9849319525614978,0.988525390625,0.9847756016627256,0.9913597050793945,0.9969889322916666,0.03378610796482473,0.01
six_layer_input,4000,ood_dev,1,4096,4096,4096,4096,4096,1.0,0.9990630225926348,0.9999999999999999,1.0,0.9990630225926348,0.9999999999999999,1.0,0.0002689011168719446,0.01
six_layer_input,4000,ood_dev,2,4096,4096,4096,8192,8192,1.0,0.9990630225926348,0.9999999999999999,1.0,0.9990630225926348,0.9999999999999999,1.0,0.00017658594961655893,0.01
six_layer_input,4000,ood_dev,3,4096,4096,4096,12288,12288,1.0,0.9990630225926348,0.9999999999999999,1.0,0.9990630225926348,0.9999999999999999,1.0,0.00022294189018712274,0.01
six_layer_input,4000,ood_dev,4,4096,4096,4096,16384,16384,1.0,0.9990630225926348,0.9999999999999999,1.0,0.9990630225926348,0.9999999999999999,1.0,0.0003167278590270328,0.01
six_layer_input,4000,ood_dev,5,4096,4095,4095,20479,20480,0.999755859375,0.9986182969663738,0.9999569018847606,0.999755859375,0.9986182969663738,0.9999569018847606,0.999951171875,0.00098720466225366,0.01
six_layer_input,4000,ood_dev,6,4096,4095,4095,24574,24576,0.999755859375,0.9986182969663738,0.9999569018847606,0.999755859375,0.9986182969663738,0.9999569018847606,0.9999186197916666,0.0012981395808786544,0.01
six_layer_input,4000,ood_dev,7,4096,4092,4093,28667,28672,0.9990234375,0.9974915571936952,0.9996201704329383,0.999267578125,0.9978486714629491,0.9997508799051849,0.9998256138392857,0.003228964098373588,0.01
six_layer_input,4000,ood_dev,8,4096,4086,4087,32754,32768,0.99755859375,0.9955114747539533,0.9986733104236785,0.997802734375,0.9958290482073086,0.9988435607118235,0.99957275390625,0.005915531261666551,0.01
six_layer_input,4000,ood_dev,9,4096,4068,4072,36826,36864,0.9931640625,0.9901378308615215,0.9952661269691047,0.994140625,0.9912959670744264,0.996059285722201,0.9989691840277778,0.013998090804182794,0.01
six_layer_input,4000,ood_dev,10,4096,4054,4069,40895,40960,0.98974609375,0.9861695639225535,0.9924048615270683,0.993408203125,0.9904260923610462,0.9954656892110803,0.9984130859375,0.01863536536403032,0.01
six_layer_input,4000,ood_dev,11,4096,4027,4048,44943,45056,0.983154296875,0.978736356856804,0.9866668275723093,0.98828125,0.9844979568178159,0.9911495261828039,0.9974920099431818,0.029501430766765147,0.01
six_layer_input,4000,ood_dev,12,4096,4010,4041,48984,49152,0.97900390625,0.9741435999816663,0.9829665808419419,0.986572265625,0.9825638389733109,0.9896688778368068,0.99658203125,0.0357080699995409,0.01
six_layer_input,4000,ood_dev,13,4096,3980,4025,53009,53248,0.9716796875,0.9661407428071721,0.9763347257714267,0.982666015625,0.9781932525333582,0.9862342844127546,0.9955115685096154,0.04854019646388341,0.01
six_layer_input,4000,ood_dev,14,4096,3953,4020,57029,57344,0.965087890625,0.9590165375678266,0.9702876899902639,0.9814453125,0.9768389428205996,0.9851494754180116,0.9945068359375,0.05865132224460101,0.01
six_layer_input,4000,ood_dev,15,4096,3915,4001,61030,61440,0.955810546875,0.9490781255019948,0.9616887998790838,0.976806640625,0.9717309295309884,0.9809888376191169,0.9933268229166666,0.07129877738265122,0.01
six_layer_input,4000,ood_dev,16,4096,3865,3958,64988,65536,0.943603515625,0.9361143355517366,0.9502614027543265,0.96630859375,0.960331329020896,0.971412017244696,0.99163818359375,0.09548681841642015,0.01
six_layer_input,4000,ood_dev,17,4096,3810,3931,68919,69632,0.93017578125,0.9219613132494459,0.9375841192741002,0.959716796875,0.9532520220922961,0.9653200831527876,0.9897604549632353,0.12147551865788131,0.01
six_layer_input,4000,ood_dev,18,4096,3752,3896,72815,73728,0.916015625,0.9071267365958561,0.9241249189206721,0.951171875,0.9441388702045643,0.9573594040880085,0.9876166449652778,0.14390378292836825,0.01
six_layer_input,4000,ood_dev,19,4096,3701,3865,76680,77824,0.903564453125,0.894142695018886,0.9122299496811264,0.943603515625,0.9361143355517366,0.9502614027543265,0.9853001644736842,0.17522104555972984,0.01
six_layer_input,4000,ood_dev,20,4096,3648,3833,80513,81920,0.890625,0.8806982972702632,0.8998196891302327,0.935791015625,0.9278682941984233,0.94289708437963,0.98282470703125,0.21475118664379966,0.01
six_layer_input,4000,ood_dev,21,4096,3572,3779,84292,86016,0.8720703125,0.86149162812159,0.8819517539248823,0.922607421875,0.9140224457668371,0.9304004507701995,0.9799572172619048,0.2522855419003296,0.01
six_layer_input,4000,ood_dev,22,4096,3508,3771,88063,90112,0.8564453125,0.8453730884044298,0.8668495741860228,0.920654296875,0.9119775502306317,0.9285427563744023,0.9772616299715909,0.27794778864934333,0.01
six_layer_input,4000,ood_dev,23,4096,3433,3713,91776,94208,0.838134765625,0.8265389647215343,0.849096917256395,0.906494140625,0.8971933081475053,0.9150332214505107,0.9741847826086957,0.32811471239293954,0.01
six_layer_input,4000,ood_dev,24,4096,3367,3676,95452,98304,0.822021484375,0.8100076756789758,0.8334318393599329,0.8974609375,0.8877953102002933,0.9063817409622112,0.9709879557291666,0.3763026943174541,0.01
six_layer_input,4000,ood_dev,25,4096,3290,3617,99069,102400,0.80322265625,0.7907658017674122,0.8151112851759728,0.883056640625,0.8728545429050968,0.8925409075088896,0.967470703125,0.40995801829425815,0.01
six_layer_input,4000,ood_dev,26,4096,3212,3591,102660,106496,0.7841796875,0.7713179127499563,0.7965089223564046,0.876708984375,0.8662861211444994,0.8864259119904789,0.9639798677884616,0.44347298999903373,0.01
six_layer_input,4000,ood_dev,27,4096,3134,3553,106213,110592,0.76513671875,0.7519098896658064,0.7778666936035302,0.867431640625,0.856701543629456,0.8774731873285104,0.9604040075231481,0.4926588399113765,0.01
six_layer_input,4000,ood_dev,28,4096,3074,3542,109755,114688,0.75048828125,0.7370055844016786,0.7635015743776393,0.86474609375,0.8539302742900043,0.8748783955114587,0.9569876534598214,0.5373078502329003,0.01
six_layer_input,4000,ood_dev,29,4096,3006,3469,113224,118784,0.73388671875,0.7201384589570692,0.7471966854002277,0.846923828125,0.835572480233076,0.8576250564388646,0.953192349137931,0.590554565815788,0.01
six_layer_input,4000,ood_dev,30,4096,2945,3442,116666,122880,0.718994140625,0.7050284797922702,0.7325494163335079,0.84033203125,0.8287962055079064,0.8512300901435256,0.9494303385416667,0.6547761752646784,0.01
six_layer_input,4000,ood_dev,31,4096,2872,3360,120026,126976,0.701171875,0.6869705198901412,0.7149962431061141,0.8203125,0.8082565055194743,0.8317682433289325,0.9452652469758065,0.7114721531323145,0.01
six_layer_input,4000,ood_dev,32,4096,2810,3327,123353,131072,0.68603515625,0.6716535653136392,0.700068125709597,0.812255859375,0.800006227509423,0.8239203378694734,0.9411087036132812,0.7704603531414032,0.01
six_layer_input,4000,ood_dev,33,4096,2743,3295,126648,135168,0.669677734375,0.6551210577054496,0.6839164426372659,0.804443359375,0.7920139165246001,0.8163022891262866,0.9369673295454546,0.8140006966781774,0.01
six_layer_input,4000,ood_dev,34,4096,2668,3257,129905,139264,0.6513671875,0.6366378166615907,0.6658129030686015,0.795166015625,0.7825327297395679,0.8072461737343068,0.9327967026654411,0.85075076165485,0.01
six_layer_input,4000,ood_dev,35,4096,2607,3237,133142,143360,0.636474609375,0.6216222934714891,0.6510711780271842,0.790283203125,0.7775466826908525,0.802475745953016,0.9287248883928572,0.9094224883998843,0.01
six_layer_input,4000,ood_dev,36,4096,2538,3187,136329,147456,0.61962890625,0.6046558691281902,0.6343777642069617,0.778076171875,0.7650932315093113,0.7905380100595418,0.9245402018229166,0.9596838084703005,0.01
six_layer_input,4500,dev,1,4096,4096,4096,4096,4096,1.0,0.9990630225926348,0.9999999999999999,1.0,0.9990630225926348,0.9999999999999999,1.0,0.00014053564118299278,0.01
six_layer_input,4500,dev,2,4096,4096,4096,8192,8192,1.0,0.9990630225926348,0.9999999999999999,1.0,0.9990630225926348,0.9999999999999999,1.0,9.717589221303058e-05,0.01
six_layer_input,4500,dev,3,4096,4096,4096,12288,12288,1.0,0.9990630225926348,0.9999999999999999,1.0,0.9990630225926348,0.9999999999999999,1.0,0.00011515764573832854,0.01
six_layer_input,4500,dev,4,4096,4096,4096,16384,16384,1.0,0.9990630225926348,0.9999999999999999,1.0,0.9990630225926348,0.9999999999999999,1.0,0.0001452682577762765,0.01
six_layer_input,4500,dev,5,4096,4096,4096,20480,20480,1.0,0.9990630225926348,0.9999999999999999,1.0,0.9990630225926348,0.9999999999999999,1.0,0.0002505727231341126,0.01
six_layer_input,4500,dev,6,4096,4096,4096,24576,24576,1.0,0.9990630225926348,0.9999999999999999,1.0,0.9990630225926348,0.9999999999999999,1.0,0.0003730842081104413,0.01
six_layer_input,4500,dev,7,4096,4096,4096,28672,28672,1.0,0.9990630225926348,0.9999999999999999,1.0,0.9990630225926348,0.9999999999999999,1.0,0.0008600240766587497,0.01
six_layer_input,4500,dev,8,4096,4093,4093,32765,32768,0.999267578125,0.9978486714629491,0.9997508799051849,0.999267578125,0.9978486714629491,0.9997508799051849,0.999908447265625,0.0028460216888244183,0.01
six_layer_input,4500,dev,9,4096,4090,4092,36857,36864,0.99853515625,0.9968075986857966,0.9993284814578364,0.9990234375,0.9974915571936952,0.9996201704329383,0.9998101128472222,0.004437132142516287,0.01
six_layer_input,4500,dev,10,4096,4085,4087,40944,40960,0.997314453125,0.9951972177470491,0.9984997436890822,0.997802734375,0.9958290482073086,0.9988435607118235,0.999609375,0.006744197909207994,0.01
six_layer_input,4500,dev,11,4096,4077,4083,45027,45056,0.995361328125,0.9927660832938955,0.9970282882102334,0.996826171875,0.9945771012522003,0.9981442127009305,0.9993563565340909,0.012353797768510866,0.01
six_layer_input,4500,dev,12,4096,4058,4067,49094,49152,0.99072265625,0.987292434466316,0.993233285949307,0.992919921875,0.9898503448988859,0.9950657891902398,0.9988199869791666,0.020311603743553786,0.01
six_layer_input,4500,ood_dev,1,4096,4096,4096,4096,4096,1.0,0.9990630225926348,0.9999999999999999,1.0,0.9990630225926348,0.9999999999999999,1.0,0.0001405747354912279,0.01
six_layer_input,4500,ood_dev,2,4096,4096,4096,8192,8192,1.0,0.9990630225926348,0.9999999999999999,1.0,0.9990630225926348,0.9999999999999999,1.0,9.699293111475882e-05,0.01
six_layer_input,4500,ood_dev,3,4096,4096,4096,12288,12288,1.0,0.9990630225926348,0.9999999999999999,1.0,0.9990630225926348,0.9999999999999999,1.0,0.00011111234699834327,0.01
six_layer_input,4500,ood_dev,4,4096,4096,4096,16384,16384,1.0,0.9990630225926348,0.9999999999999999,1.0,0.9990630225926348,0.9999999999999999,1.0,0.0001466875733027173,0.01
six_layer_input,4500,ood_dev,5,4096,4096,4096,20480,20480,1.0,0.9990630225926348,0.9999999999999999,1.0,0.9990630225926348,0.9999999999999999,1.0,0.00027265087941685806,0.01
six_layer_input,4500,ood_dev,6,4096,4096,4096,24576,24576,1.0,0.9990630225926348,0.9999999999999999,1.0,0.9990630225926348,0.9999999999999999,1.0,0.00046774841351426844,0.01
six_layer_input,4500,ood_dev,7,4096,4095,4095,28671,28672,0.999755859375,0.9986182969663738,0.9999569018847606,0.999755859375,0.9986182969663738,0.9999569018847606,0.9999651227678571,0.001097959457646347,0.01
six_layer_input,4500,ood_dev,8,4096,4093,4093,32764,32768,0.999267578125,0.9978486714629491,0.9997508799051849,0.999267578125,0.9978486714629491,0.9997508799051849,0.9998779296875,0.003537273307502531,0.01
six_layer_input,4500,ood_dev,9,4096,4093,4094,36858,36864,0.999267578125,0.9978486714629491,0.9997508799051849,0.99951171875,0.9982212896544476,0.9998660854551866,0.9998372395833334,0.004521878942643109,0.01
six_layer_input,4500,ood_dev,10,4096,4086,4087,40945,40960,0.99755859375,0.9955114747539533,0.9986733104236785,0.997802734375,0.9958290482073086,0.9988435607118235,0.9996337890625,0.006553234004230468,0.01
six_layer_input,4500,ood_dev,11,4096,4073,4076,45021,45056,0.994384765625,0.991587789433178,0.9962552871049496,0.9951171875,0.9924697076331114,0.9968368401295172,0.9992231889204546,0.013941776083684854,0.01
six_layer_input,4500,ood_dev,12,4096,4062,4071,49092,49152,0.99169921875,0.9884233098915096,0.9940537054901146,0.993896484375,0.9910051126562461,0.995862316398881,0.998779296875,0.01841174451214167,0.01
six_layer_input,4500,ood_dev,13,4096,4045,4059,53151,53248,0.987548828125,0.9836671128801424,0.9905168988959765,0.990966796875,0.9875743543279273,0.993439189829196,0.9981783353365384,0.025047090606762357,0.01
six_layer_input,4500,ood_dev,14,4096,4026,4049,57200,57344,0.98291015625,0.9784647020408669,0.9864506586467462,0.988525390625,0.9847756016627256,0.9913597050793945,0.9974888392857143,0.03295778644474323,0.01
six_layer_input,4500,ood_dev,15,4096,3999,4027,61227,61440,0.976318359375,0.9711962850581976,0.9805478346089073,0.983154296875,0.978736356856804,0.9866668275723093,0.996533203125,0.0496990384347602,0.01
six_layer_input,4500,ood_dev,16,4096,3968,4002,65229,65536,0.96875,0.9629667829716362,0.9736548007089589,0.97705078125,0.971998448439275,0.9812091424523306,0.9953155517578125,0.06149549720019776,0.01
six_layer_input,4500,ood_dev,17,4096,3923,3981,69210,69632,0.957763671875,0.951163293350015,0.9635062219630662,0.971923828125,0.9664058535023272,0.976557438817772,0.9939395680147058,0.08225084419735618,0.01
six_layer_input,4500,ood_dev,18,4096,3887,3967,73177,73728,0.948974609375,0.9418050708778951,0.955302789741175,0.968505859375,0.9627028673707351,0.9734308925683598,0.9925265842013888,0.10510848040125964,0.01
six_layer_input,4500,ood_dev,19,4096,3849,3945,77122,77824,0.939697265625,0.9319870061829958,0.9465835522590624,0.963134765625,0.9569166329042106,0.9684850047218775,0.990979646381579,0.12249912837211774,0.01
six_layer_input,4500,ood_dev,20,4096,3800,3917,81039,81920,0.927734375,0.9193976865076721,0.9352695086008709,0.956298828125,0.9495990962030896,0.9621434766609898,0.98924560546875,0.14771847639814073,0.01
six_layer_input,4500,ood_dev,21,4096,3750,3876,84915,86016,0.91552734375,0.9066165820637565,0.9236594259697711,0.9462890625,0.938957308629731,0.9527844908328355,0.9872000558035714,0.1736137907063382,0.01
six_layer_input,4500,ood_dev,22,4096,3707,3869,88784,90112,0.905029296875,0.895667676917727,0.9136319102312873,0.944580078125,0.9371476107069147,0.9511794225651499,0.9852627840909091,0.19687798383953625,0.01
six_layer_input,4500,ood_dev,23,4096,3653,3837,92621,94208,0.891845703125,0.8819647321995695,0.900992372908428,0.936767578125,0.9288972057773469,0.9438194677667077,0.983154296875,0.2199716870791999,0.01
six_layer_input,4500,ood_dev,24,4096,3594,3796,96417,98304,0.87744140625,0.8670435631414155,0.8871319412180636,0.9267578125,0.9183729750294912,0.9343429251130505,0.980804443359375,0.2610788073559456,0.01
six_layer_input,4500,ood_dev,25,4096,3544,3766,100183,102400,0.865234375,0.8544340380494773,0.8753502792349863,0.91943359375,0.9107002413356831,0.9273809465618494,0.978349609375,0.2855244242999553,0.01
six_layer_input,4500,ood_dev,26,4096,3493,3725,103908,106496,0.852783203125,0.8416017930965025,0.8633035133714453,0.909423828125,0.9002465738230481,0.9178338406729718,0.9756986177884616,0.32739979433533506,0.01
six_layer_input,4500,ood_dev,27,4096,3445,3698,107606,110592,0.841064453125,0.8295487851853267,0.8519409816906063,0.90283203125,0.8933804434366174,0.911528730038894,0.9729998553240741,0.3464497231431505,0.01
six_layer_input,4500,ood_dev,28,4096,3400,3652,111258,114688,0.830078125,0.8182686386018024,0.8412690599066167,0.8916015625,0.8817114150371916,0.9007578663293054,0.9700927734375,0.39499774671075993,0.01
six_layer_input,4500,ood_dev,29,4096,3349,3636,114894,118784,0.817626953125,0.8055054614633155,0.8291532262285877,0.8876953125,0.8776603686981093,0.897003732804383,0.9672514816810345,0.42610589428321655,0.01
six_layer_input,4500,ood_dev,30,4096,3288,3613,118507,122880,0.802734375,0.7902666066589564,0.814634832801428,0.882080078125,0.8718434292869487,0.8916007261610365,0.9644124348958333,0.4550131909176538,0.01
six_layer_input,4500,ood_dev,31,4096,3219,3554,122061,126976,0.785888671875,0.7730615507648547,0.7981800505320081,0.86767578125,0.8569535466679127,0.877709008031554,0.9612918976814516,0.5111654120934603,0.01
six_layer_input,4500,ood_dev,32,4096,3152,3519,125580,131072,0.76953125,0.7563853176930732,0.7821720929232691,0.859130859375,0.8481402103112613,0.8694485134356947,0.958099365234375,0.5437352843061833,0.01
six_layer_input,4500,ood_dev,33,4096,3099,3488,129068,135168,0.756591796875,0.7432131810659658,0.7694895712508599,0.8515625,0.8403452097309037,0.8621209780295427,0.9548709753787878,0.5909968288768268,0.01
six_layer_input,4500,ood_dev,34,4096,3045,3451,132519,139264,0.743408203125,0.7298091685341473,0.7565511017416616,0.842529296875,0.8310541964535841,0.8533625128713508,0.9515668083639706,0.6332341320861796,0.01
six_layer_input,4500,ood_dev,35,4096,2994,3449,135968,143360,0.73095703125,0.7171644841514457,0.7443167753078475,0.842041015625,0.8305523552137561,0.8528887066281781,0.9484375,0.6663844268130994,0.01
six_layer_input,4500,ood_dev,36,4096,2933,3418,139386,147456,0.716064453125,0.7020582515570757,0.7296657596706986,0.83447265625,0.8227785305145862,0.8455399953408386,0.9452718098958334,0.6872797970212523,0.01
six_layer_input,5000,dev,1,102400,102400,102400,102400,102400,1.0,0.9999624871609701,1.0,1.0,0.9999624871609701,1.0,1.0,9.649547909130973e-05,0.01
six_layer_input,5000,dev,2,102400,102400,102400,204800,204800,1.0,0.9999624871609701,1.0,1.0,0.9999624871609701,1.0,1.0,6.631551558182736e-05,0.01
six_layer_input,5000,dev,3,102400,102400,102400,307200,307200,1.0,0.9999624871609701,1.0,1.0,0.9999624871609701,1.0,1.0,7.772534219866677e-05,0.01
six_layer_input,5000,dev,4,102400,102400,102400,409600,409600,1.0,0.9999624871609701,1.0,1.0,0.9999624871609701,1.0,1.0,0.00011096912118000013,0.01
six_layer_input,5000,dev,5,102400,102399,102399,511999,512000,0.999990234375,0.9999446805183295,0.9999982761253133,0.999990234375,0.9999446805183295,0.9999982761253133,0.999998046875,0.00019673328289247395,0.01
six_layer_input,5000,dev,6,102400,102395,102395,614394,614400,0.999951171875,0.9998856912053655,0.9999791433689678,0.999951171875,0.9998856912053655,0.9999791433689678,0.999990234375,0.00037486676911934857,0.01
six_layer_input,5000,dev,7,102400,102379,102383,716777,716800,0.999794921875,0.9996864903756401,0.9998658559214554,0.999833984375,0.9997341277518229,0.9998963406145821,0.9999679129464286,0.0008408197747911927,0.01
six_layer_input,5000,dev,8,102400,102327,102342,819119,819200,0.999287109375,0.9991038370362532,0.9994329223598194,0.99943359375,0.999267935201936,0.999561781954047,0.999901123046875,0.002027927432214485,0.01
six_layer_input,5000,dev,9,102400,102225,102260,921379,921600,0.998291015625,0.9980186528643292,0.9985259937643524,0.9986328125,0.9983870240182692,0.99884119071687,0.9997601996527777,0.004116504685735096,0.01
six_layer_input,5000,dev,10,102400,102081,102183,1023562,1024000,0.996884765625,0.9965243005725681,0.9972079515609731,0.997880859375,0.9975799142311897,0.9981444506697427,0.999572265625,0.006604924590915821,0.01
six_layer_input,5000,dev,11,102400,101860,102029,1125591,1126400,0.9947265625,0.9942640187292358,0.9951519890749585,0.996376953125,0.9959898694750091,0.9967267957575092,0.9992817826704545,0.010480372914868842,0.01
six_layer_input,5000,dev,12,102400,101549,101832,1227423,1228800,0.991689453125,0.991114679794406,0.9922273371209783,0.994453125,0.9939793087366762,0.994889844582352,0.99887939453125,0.017023592595932512,0.01
six_layer_input,5000,ood_dev,1,102400,102400,102400,102400,102400,1.0,0.9999624871609701,1.0,1.0,0.9999624871609701,1.0,1.0,9.683519508079996e-05,0.01
six_layer_input,5000,ood_dev,2,102400,102400,102400,204800,204800,1.0,0.9999624871609701,1.0,1.0,0.9999624871609701,1.0,1.0,6.72074430707248e-05,0.01
six_layer_input,5000,ood_dev,3,102400,102400,102400,307200,307200,1.0,0.9999624871609701,1.0,1.0,0.9999624871609701,1.0,1.0,7.626956577562183e-05,0.01
six_layer_input,5000,ood_dev,4,102400,102400,102400,409600,409600,1.0,0.9999624871609701,1.0,1.0,0.9999624871609701,1.0,1.0,0.000108399528976042,0.01
six_layer_input,5000,ood_dev,5,102400,102399,102399,511999,512000,0.999990234375,0.9999446805183295,0.9999982761253133,0.999990234375,0.9999446805183295,0.9999982761253133,0.999998046875,0.0002020897920946041,0.01
six_layer_input,5000,ood_dev,6,102400,102393,102394,614393,614400,0.999931640625,0.9998588878252541,0.9999668857144244,0.99994140625,0.9998721583660714,0.9999731456909345,0.9999886067708333,0.00040202034629596814,0.01
six_layer_input,5000,ood_dev,7,102400,102372,102378,716771,716800,0.9997265625,0.99960483075273,0.9998108019230739,0.99978515625,0.9996747063713258,0.9998581094084422,0.9999595424107143,0.0009644032287301574,0.01
six_layer_input,5000,ood_dev,8,102400,102338,102353,819124,819200,0.99939453125,0.9992239751088952,0.9995276199777785,0.999541015625,0.9993897582662231,0.9996547945803608,0.9999072265625,0.0020564781622300996,0.01
six_layer_input,5000,ood_dev,9,102400,102258,102283,921407,921600,0.99861328125,0.9983658904382146,0.9988232632622701,0.998857421875,0.9986309522721535,0.9990464643615151,0.9997905815972222,0.003919448793633924,0.01
six_layer_input,5000,ood_dev,10,102400,102114,102185,1023592,1024000,0.99720703125,0.996864608934393,0.9975121502709513,0.997900390625,0.9976007400272681,0.9981626859083191,0.9996015625,0.006564537715957854,0.01
six_layer_input,5000,ood_dev,11,102400,101900,102038,1125630,1126400,0.9951171875,0.9946712750985376,0.995525953398751,0.99646484375,0.9960822257366198,0.9968102141518449,0.99931640625,0.01090931221332931,0.01
six_layer_input,5000,ood_dev,12,102400,101574,101814,1227444,1228800,0.99193359375,0.9913669670515727,0.9924633127969958,0.99427734375,0.9937964294494167,0.9947211745577188,0.998896484375,0.01635489646974336,0.01
six_layer_input,5000,ood_dev,13,102400,101151,101543,1328987,1331200,0.987802734375,0.9871118970332936,0.9884569739858003,0.991630859375,0.9910541491776663,0.9921706846337539,0.9983375901442307,0.02418972479702913,0.01
six_layer_input,5000,ood_dev,14,102400,100623,101212,1430199,1433600,0.982646484375,0.98182837227273,0.9834283855975167,0.9883984375,0.9877239957763764,0.9890362367996868,0.9976276506696429,0.03406870371954253,0.01
six_layer_input,5000,ood_dev,15,102400,99941,100752,1530951,1536000,0.975986328125,0.975030651749441,0.9769062933035441,0.98390625,0.9831171656465294,0.984659028958947,0.996712890625,0.04787625238794688,0.01
six_layer_input,5000,ood_dev,16,102400,99207,100323,1631274,1638400,0.968818359375,0.9677360907323492,0.9698654546023519,0.979716796875,0.9788352208366781,0.9805623818353596,0.995650634765625,0.06284100142833943,0.01
six_layer_input,5000,ood_dev,17,102400,98369,99824,1731098,1740800,0.960634765625,0.9594263227862856,0.9618086490280855,0.97484375,0.9738666353598087,0.975785239165875,0.994426700367647,0.07833914726476202,0.01
six_layer_input,5000,ood_dev,18,102400,97456,99342,1830440,1843200,0.95171875,0.9503887897031938,0.953014819791295,0.97013671875,0.9690764354928284,0.9711617296810665,0.9930772569444445,0.09491458515680648,0.01
six_layer_input,5000,ood_dev,19,102400,96472,98776,1929216,1945600,0.942109375,0.9406623360786631,0.943523244365701,0.964609375,0.9634601679855384,0.9657237243810692,0.991578947368421,0.11533407472598237,0.01
six_layer_input,5000,ood_dev,20,102400,95327,98031,2027247,2048000,0.930927734375,0.9293583835597032,0.9324647545448304,0.957333984375,0.9560788746244764,0.9585547823332459,0.98986669921875,0.13993701735392855,0.01
six_layer_input,5000,ood_dev,21,102400,94095,97319,2124566,2150400,0.918896484375,0.91720867024868,0.920552870508543,0.950380859375,0.9490338209154312,0.951694107705209,0.9879864211309524,0.16584072287555415,0.01
six_layer_input,5000,ood_dev,22,102400,92885,96724,2221290,2252800,0.907080078125,0.9052865967168177,0.9088430180742965,0.9445703125,0.9431520838586581,0.9459551869522013,0.9860129616477272,0.18955391139259803,0.01
six_layer_input,5000,ood_dev,23,102400,91577,95917,2317207,2355200,0.894306640625,0.8924087618089638,0.8961749363179599,0.936689453125,0.9351814729262742,0.9381646704014035,0.9838684612771739,0.2201101352336148,0.01
six_layer_input,5000,ood_dev,24,102400,90210,95169,2412376,2457600,0.88095703125,0.8789592483626885,0.8829262325777303,0.929384765625,0.9277995249280188,0.9309377914387916,0.9815983072916666,0.24870260391699803,0.01
six_layer_input,5000,ood_dev,25,102400,88875,94436,2506812,2560000,0.867919921875,0.8658323621633499,0.8699798781450396,0.9222265625,0.9205703427981,0.9238511043677535,0.9792234375,0.27826648104793233,0.01
six_layer_input,5000,ood_dev,26,102400,87503,93662,2600474,2662400,0.854521484375,0.8523486558429721,0.8566677146922758,0.91466796875,0.9129412334040916,0.9163635933503833,0.9767405348557693,0.3118751965905932,0.01
six_layer_input,5000,ood_dev,27,102400,86044,92794,2693268,2764800,0.8402734375,0.8380168122192174,0.8425045335354086,0.90619140625,0.9043903514221548,0.9079619862921692,0.9741276041666667,0.3462383537459223,0.01
six_layer_input,5000,ood_dev,28,102400,84630,92064,2785332,2867200,0.82646484375,0.8241330566918158,0.8287721375619191,0.8990625,0.8972024063859718,0.9008926536793773,0.9714467075892858,0.3850223355566699,0.01
six_layer_input,5000,ood_dev,29,102400,83184,91268,2876600,2969600,0.81234375,0.809940663971659,0.8147234022267095,0.8912890625,0.8893678317312275,0.8931809365415408,0.968682650862069,0.42104988657746206,0.01
six_layer_input,5000,ood_dev,30,102400,81699,90490,2967090,3072000,0.797841796875,0.7953708311985808,0.8002904167686542,0.88369140625,0.8817133910626351,0.8856406347294452,0.965849609375,0.45864802153334333,0.01
six_layer_input,5000,ood_dev,31,102400,80185,89625,3056715,3174400,0.783056640625,0.7805215909435697,0.7855704537900381,0.875244140625,0.8732061338482939,0.8772539944556177,0.9629268523185484,0.4993227565711939,0.01
six_layer_input,5000,ood_dev,32,102400,78737,88838,3145553,3276800,0.768916015625,0.7663241571742524,0.7714876984693341,0.86755859375,0.8654686454663003,0.8696209657009768,0.9599465942382812,0.5389502627409835,0.01
six_layer_input,5000,ood_dev,33,102400,77276,87965,3233518,3379200,0.7546484375,0.7520034058400908,0.7572743639882189,0.859033203125,0.8568883491633045,0.861151120377185,0.956888612689394,0.5806378002665488,0.01
six_layer_input,5000,ood_dev,34,102400,75788,87173,3320691,3481600,0.7401171875,0.7374220227763328,0.742794337268861,0.851298828125,0.8491064547709521,0.8534648450462661,0.9537830307904411,0.6222277991434065,0.01
six_layer_input,5000,ood_dev,35,102400,74321,86289,3406980,3584000,0.725791015625,0.7230501807277585,0.7285149103981945,0.842666015625,0.8404230003815779,0.8448833221182518,0.9506082589285715,0.6673190194709667,0.01
six_layer_input,5000,ood_dev,36,102400,72939,85632,3492612,3686400,0.712294921875,0.7095143055663027,0.715059610613235,0.83625,0.8339708879323897,0.8385038846833628,0.947431640625,0.7079461219723148,0.01
six_layer_input,5500,dev,1,4096,4096,4096,4096,4096,1.0,0.9990630225926348,0.9999999999999999,1.0,0.9990630225926348,0.9999999999999999,1.0,6.656109992331238e-05,0.01
six_layer_input,5500,dev,2,4096,4096,4096,8192,8192,1.0,0.9990630225926348,0.9999999999999999,1.0,0.9990630225926348,0.9999999999999999,1.0,4.76157005950828e-05,0.01
six_layer_input,5500,dev,3,4096,4096,4096,12288,12288,1.0,0.9990630225926348,0.9999999999999999,1.0,0.9990630225926348,0.9999999999999999,1.0,6.039331365492728e-05,0.01
six_layer_input,5500,dev,4,4096,4096,4096,16384,16384,1.0,0.9990630225926348,0.9999999999999999,1.0,0.9990630225926348,0.9999999999999999,1.0,0.00011210599289723788,0.01
six_layer_input,5500,dev,5,4096,4096,4096,20480,20480,1.0,0.9990630225926348,0.9999999999999999,1.0,0.9990630225926348,0.9999999999999999,1.0,0.00015151578461725101,0.01
six_layer_input,5500,dev,6,4096,4096,4096,24576,24576,1.0,0.9990630225926348,0.9999999999999999,1.0,0.9990630225926348,0.9999999999999999,1.0,0.0003863328092725826,0.01
six_layer_input,5500,dev,7,4096,4096,4096,28672,28672,1.0,0.9990630225926348,0.9999999999999999,1.0,0.9990630225926348,0.9999999999999999,1.0,0.0005622201715060893,0.01
six_layer_input,5500,dev,8,4096,4095,4095,32767,32768,0.999755859375,0.9986182969663738,0.9999569018847606,0.999755859375,0.9986182969663738,0.9999569018847606,0.999969482421875,0.0014352246353952491,0.01
six_layer_input,5500,dev,9,4096,4092,4093,36860,36864,0.9990234375,0.9974915571936952,0.9996201704329383,0.999267578125,0.9978486714629491,0.9997508799051849,0.9998914930555556,0.0023358354592086794,0.01
six_layer_input,5500,dev,10,4096,4086,4087,40947,40960,0.99755859375,0.9955114747539533,0.9986733104236785,0.997802734375,0.9958290482073086,0.9988435607118235,0.9996826171875,0.006451679346017647,0.01
six_layer_input,5500,dev,11,4096,4069,4073,45020,45056,0.993408203125,0.9904260923610462,0.9954656892110803,0.994384765625,0.991587789433178,0.9962552871049496,0.9992009943181818,0.01304332472560854,0.01
six_layer_input,5500,dev,12,4096,4061,4071,49091,49152,0.991455078125,0.9881397703182205,0.9938494213219035,0.993896484375,0.9910051126562461,0.995862316398881,0.9987589518229166,0.019732044679870553,0.01
six_layer_input,5500,ood_dev,1,4096,4096,4096,4096,4096,1.0,0.9990630225926348,0.9999999999999999,1.0,0.9990630225926348,0.9999999999999999,1.0,6.771238216174424e-05,0.01
six_layer_input,5500,ood_dev,2,4096,4096,4096,8192,8192,1.0,0.9990630225926348,0.9999999999999999,1.0,0.9990630225926348,0.9999999999999999,1.0,4.80744355713103e-05,0.01
six_layer_input,5500,ood_dev,3,4096,4096,4096,12288,12288,1.0,0.9990630225926348,0.9999999999999999,1.0,0.9990630225926348,0.9999999999999999,1.0,5.839957200737267e-05,0.01
six_layer_input,5500,ood_dev,4,4096,4096,4096,16384,16384,1.0,0.9990630225926348,0.9999999999999999,1.0,0.9990630225926348,0.9999999999999999,1.0,8.750278585267779e-05,0.01
six_layer_input,5500,ood_dev,5,4096,4096,4096,20480,20480,1.0,0.9990630225926348,0.9999999999999999,1.0,0.9990630225926348,0.9999999999999999,1.0,0.00013991179172490043,0.01
six_layer_input,5500,ood_dev,6,4096,4095,4095,24575,24576,0.999755859375,0.9986182969663738,0.9999569018847606,0.999755859375,0.9986182969663738,0.9999569018847606,0.9999593098958334,0.0007774354560659003,0.01
six_layer_input,5500,ood_dev,7,4096,4095,4096,28671,28672,0.999755859375,0.9986182969663738,0.9999569018847606,1.0,0.9990630225926348,0.9999999999999999,0.9999651227678571,0.0009036149127714665,0.01
six_layer_input,5500,ood_dev,8,4096,4091,4092,32763,32768,0.998779296875,0.997145424476127,0.9994784794090062,0.9990234375,0.9974915571936952,0.9996201704329383,0.999847412109375,0.0033755069825962547,0.01
six_layer_input,5500,ood_dev,9,4096,4088,4090,36853,36864,0.998046875,0.9961504506055915,0.9990099820550408,0.99853515625,0.9968075986857966,0.9993284814578364,0.9997016059027778,0.0058418905860797565,0.01
six_layer_input,5500,ood_dev,10,4096,4083,4086,40939,40960,0.996826171875,0.9945771012522003,0.9981442127009305,0.99755859375,0.9955114747539533,0.9986733104236785,0.9994873046875,0.007942697148984657,0.01
six_layer_input,5500,ood_dev,11,4096,4072,4077,45016,45056,0.994140625,0.9912959670744264,0.996059285722201,0.995361328125,0.9927660832938955,0.9970282882102334,0.9991122159090909,0.015363673477393869,0.01
six_layer_input,5500,ood_dev,12,4096,4053,4062,49078,49152,0.989501953125,0.9858899643168433,0.9921966373912783,0.99169921875,0.9884233098915096,0.9940537054901146,0.9984944661458334,0.023678426097863525,0.01
six_layer_input,5500,ood_dev,13,4096,4032,4048,53126,53248,0.984375,0.9800978681444444,0.9877444349921706,0.98828125,0.9844979568178159,0.9911495261828039,0.9977088341346154,0.03075421198684891,0.01
six_layer_input,5500,ood_dev,14,4096,4007,4036,57162,57344,0.978271484375,0.9733380928544043,0.9823086167447029,0.9853515625,0.9811912611355577,0.9886023369670586,0.996826171875,0.04307746207041552,0.01
six_layer_input,5500,ood_dev,15,4096,3976,4013,61175,61440,0.970703125,0.9650812750446061,0.9754428985679915,0.979736328125,0.9749504777230061,0.9836231743251028,0.9956868489583334,0.06211346857439226,0.01
six_layer_input,5500,ood_dev,16,4096,3948,4002,65177,65536,0.9638671875,0.957703572334836,0.9691615365157528,0.97705078125,0.971998448439275,0.9812091424523306,0.9945220947265625,0.07708395695453851,0.01
six_layer_input,5500,ood_dev,17,4096,3902,3969,69146,69632,0.95263671875,0.9456967591536541,0.9587284575879206,0.968994140625,0.9632307842127183,0.973878623209377,0.9930204503676471,0.09509947066454472,0.01
six_layer_input,5500,ood_dev,18,4096,3857,3933,73079,73728,0.941650390625,0.9340495438956447,0.948423604478416,0.960205078125,0.9537747892075905,0.9657729635204937,0.9911973741319444,0.1218928893326976,0.01
six_layer_input,5500,ood_dev,19,4096,3816,3916,76995,77824,0.931640625,0.9235007973638772,0.9389715776086708,0.9560546875,0.9493385845774718,0.9619161645451073,0.9893477590460527,0.14400925848966173,0.01
six_layer_input,5500,ood_dev,20,4096,3758,3886,80881,81920,0.91748046875,0.9086577138505371,0.925520884114993,0.94873046875,0.9415459763729898,0.9550740605045799,0.98731689453125,0.16950217784095156,0.01
six_layer_input,5500,ood_dev,21,4096,3719,3855,84736,86016,0.907958984375,0.8987196023793654,0.9164338696676525,0.941162109375,0.9335337022688429,0.9479637986222172,0.9851190476190477,0.20848037040044876,0.01
six_layer_input,5500,ood_dev,22,4096,3677,3832,88568,90112,0.897705078125,0.8880490046308186,0.9066158702731862,0.935546875,0.9276111437221689,0.942666411114384,0.9828657670454546,0.23427670857190375,0.01
six_layer_input,5500,ood_dev,23,4096,3631,3812,92380,94208,0.886474609375,0.8763951832636987,0.895829799531292,0.9306640625,0.9224743635028184,0.9380467165037284,0.9805961277173914,0.2605096368198667,0.01
six_layer_input,5500,ood_dev,24,4096,3559,3763,96143,98304,0.868896484375,0.8582137378213254,0.878887935585643,0.918701171875,0.9099341270902004,0.9266835895828311,0.9780171712239584,0.28926599763102523,0.01
six_layer_input,5500,ood_dev,25,4096,3490,3748,99891,102400,0.85205078125,0.8408478125539957,0.8625940226894514,0.9150390625,0.9061065120204417,0.9231938485300852,0.975498046875,0.3216327279591631,0.01
six_layer_input,5500,ood_dev,26,4096,3426,3700,103591,106496,0.83642578125,0.8247838437321071,0.84743727205532,0.9033203125,0.8938885935671609,0.9119962273913512,0.9727219801682693,0.365374879233453,0.01
six_layer_input,5500,ood_dev,27,4096,3366,3668,107259,110592,0.82177734375,0.8097574842118065,0.833194207085602,0.8955078125,0.8857663367312384,0.9045081244992638,0.9698621961805556,0.40338015948741357,0.01
six_layer_input,5500,ood_dev,28,4096,3308,3634,110893,114688,0.8076171875,0.7952598719486457,0.8193980423417448,0.88720703125,0.8771542514698228,0.8965342025496686,0.9669102260044643,0.43901946848550355,0.01
six_layer_input,5500,ood_dev,29,4096,3250,3602,114495,118784,0.79345703125,0.7807873017807578,0.8055768355026147,0.87939453125,0.8690639784398397,0.889014115851642,0.9638924434267241,0.4845221648314533,0.01
six_layer_input,5500,ood_dev,30,4096,3184,3549,118044,122880,0.77734375,0.7643465386773899,0.7898212316669623,0.866455078125,0.8556936478716541,0.8765297881203111,0.96064453125,0.5463395289700785,0.01
six_layer_input,5500,ood_dev,31,4096,3102,3506,121550,126976,0.75732421875,0.7439583329411437,0.770207890600183,0.85595703125,0.8448701134327965,0.8663769016746554,0.9572675151209677,0.5938676346411953,0.01
six_layer_input,5500,ood_dev,32,4096,3054,3505,125055,131072,0.74560546875,0.732042040971389,0.7587086429779228,0.855712890625,0.8446186417242619,0.8661405496416897,0.9540939331054688,0.6148977033954204,0.01
six_layer_input,5500,ood_dev,33,4096,2994,3448,128503,135168,0.73095703125,0.7171644841514457,0.7443167753078475,0.841796875,0.830301448676631,0.8526517894238029,0.9506909919507576,0.6655563397215831,0.01
six_layer_input,5500,ood_dev,34,4096,2916,3383,131886,139264,0.7119140625,0.6978516515689882,0.7255793560532807,0.825927734375,0.8140118545714705,0.8372328403314433,0.947021484375,0.7161447104358454,0.01
six_layer_input,5500,ood_dev,35,4096,2858,3377,135263,143360,0.69775390625,0.6835102840792282,0.7116269465360228,0.824462890625,0.8125100399668598,0.8358077124870521,0.9435198102678571,0.7654780306534967,0.01
six_layer_input,5500,ood_dev,36,4096,2799,3341,138604,147456,0.683349609375,0.6689378914291774,0.6974177384375554,0.815673828125,0.803505304014572,0.8272507937453287,0.9399685329861112,0.8138481400832676,0.01
six_layer_input,6000,dev,1,4096,4096,4096,4096,4096,1.0,0.9990630225926348,0.9999999999999999,1.0,0.9990630225926348,0.9999999999999999,1.0,5.887789251213249e-05,0.01
six_layer_input,6000,dev,2,4096,4096,4096,8192,8192,1.0,0.9990630225926348,0.9999999999999999,1.0,0.9990630225926348,0.9999999999999999,1.0,4.202400398034545e-05,0.01
six_layer_input,6000,dev,3,4096,4096,4096,12288,12288,1.0,0.9990630225926348,0.9999999999999999,1.0,0.9990630225926348,0.9999999999999999,1.0,5.6966240435496474e-05,0.01
six_layer_input,6000,dev,4,4096,4096,4096,16384,16384,1.0,0.9990630225926348,0.9999999999999999,1.0,0.9990630225926348,0.9999999999999999,1.0,8.015515912673798e-05,0.01
six_layer_input,6000,dev,5,4096,4096,4096,20480,20480,1.0,0.9990630225926348,0.9999999999999999,1.0,0.9990630225926348,0.9999999999999999,1.0,0.0002484628227779062,0.01
six_layer_input,6000,dev,6,4096,4095,4095,24575,24576,0.999755859375,0.9986182969663738,0.9999569018847606,0.999755859375,0.9986182969663738,0.9999569018847606,0.9999593098958334,0.001269420211811867,0.01
six_layer_input,6000,dev,7,4096,4095,4096,28671,28672,0.999755859375,0.9986182969663738,0.9999569018847606,1.0,0.9990630225926348,0.9999999999999999,0.9999651227678571,0.0009729277384041835,0.01
six_layer_input,6000,dev,8,4096,4092,4093,32764,32768,0.9990234375,0.9974915571936952,0.9996201704329383,0.999267578125,0.9978486714629491,0.9997508799051849,0.9998779296875,0.003335699097142264,0.01
six_layer_input,6000,dev,9,4096,4085,4088,36852,36864,0.997314453125,0.9951972177470491,0.9984997436890822,0.998046875,0.9961504506055915,0.9990099820550408,0.9996744791666666,0.00498140678675163,0.01
six_layer_input,6000,dev,10,4096,4074,4081,40933,40960,0.99462890625,0.9918806406223304,0.9964502596572975,0.996337890625,0.9939662587473084,0.9977794077228217,0.9993408203125,0.011304280397555933,0.01
six_layer_input,6000,dev,11,4096,4059,4070,45003,45056,0.990966796875,0.9875743543279273,0.993439189829196,0.99365234375,0.99071517109395,0.9956644342196767,0.9988236860795454,0.020110583881164934,0.01
six_layer_input,6000,dev,12,4096,4038,4059,49062,49152,0.98583984375,0.9817394754367362,0.9890297701488805,0.990966796875,0.9875743543279273,0.993439189829196,0.9981689453125,0.0275680838154041,0.01
six_layer_input,6000,ood_dev,1,4096,4096,4096,4096,4096,1.0,0.9990630225926348,0.9999999999999999,1.0,0.9990630225926348,0.9999999999999999,1.0,5.9704884432854044e-05,0.01
six_layer_input,6000,ood_dev,2,4096,4096,4096,8192,8192,1.0,0.9990630225926348,0.9999999999999999,1.0,0.9990630225926348,0.9999999999999999,1.0,4.292328285038227e-05,0.01
six_layer_input,6000,ood_dev,3,4096,4096,4096,12288,12288,1.0,0.9990630225926348,0.9999999999999999,1.0,0.9990630225926348,0.9999999999999999,1.0,5.893278130220114e-05,0.01
six_layer_input,6000,ood_dev,4,4096,4096,4096,16384,16384,1.0,0.9990630225926348,0.9999999999999999,1.0,0.9990630225926348,0.9999999999999999,1.0,9.004278559443524e-05,0.01
six_layer_input,6000,ood_dev,5,4096,4096,4096,20480,20480,1.0,0.9990630225926348,0.9999999999999999,1.0,0.9990630225926348,0.9999999999999999,1.0,0.0001736338429497719,0.01
six_layer_input,6000,ood_dev,6,4096,4096,4096,24576,24576,1.0,0.9990630225926348,0.9999999999999999,1.0,0.9990630225926348,0.9999999999999999,1.0,0.0006149613998122083,0.01
six_layer_input,6000,ood_dev,7,4096,4094,4094,28670,28672,0.99951171875,0.9982212896544476,0.9998660854551866,0.99951171875,0.9982212896544476,0.9998660854551866,0.9999302455357143,0.001809895172785625,0.01
six_layer_input,6000,ood_dev,8,4096,4089,4089,32759,32768,0.998291015625,0.9964763422189936,0.9991719141831389,0.998291015625,0.9964763422189936,0.9991719141831389,0.999725341796875,0.004896789153126635,0.01
six_layer_input,6000,ood_dev,9,4096,4082,4084,36843,36864,0.99658203125,0.9942706398960515,0.9979628503155791,0.9970703125,0.9948858699188933,0.9983232677757378,0.9994303385416666,0.008454256972592611,0.01
six_layer_input,6000,ood_dev,10,4096,4067,4073,40916,40960,0.992919921875,0.9898503448988859,0.9950657891902398,0.994384765625,0.991587789433178,0.9962552871049496,0.99892578125,0.013068952515955745,0.01
six_layer_input,6000,ood_dev,11,4096,4055,4071,44987,45056,0.989990234375,0.9864495949105299,0.9926126542805922,0.993896484375,0.9910051126562461,0.995862316398881,0.9984685724431818,0.018424238680829874,0.01
six_layer_input,6000,ood_dev,12,4096,4035,4058,49045,49152,0.985107421875,0.9809175425035267,0.9883882318575893,0.99072265625,0.987292434466316,0.993233285949307,0.9978230794270834,0.03034410432268886,0.01
six_layer_input,6000,ood_dev,13,4096,4012,4044,53089,53248,0.9794921875,0.9746813618391824,0.9834044664674263,0.9873046875,0.9833908284717333,0.9903053595628853,0.9970139723557693,0.03848667336010314,0.01
six_layer_input,6000,ood_dev,14,4096,3980,4019,57108,57344,0.9716796875,0.9661407428071721,0.9763347257714267,0.981201171875,0.9765686419356131,0.9849319525614978,0.9958844866071429,0.056079825639005154,0.01
six_layer_input,6000,ood_dev,15,4096,3940,3994,61102,61440,0.9619140625,0.9556064097149912,0.9673561092035952,0.97509765625,0.969861879182557,0.9794431217770462,0.9944986979166667,0.0782437782895451,0.01
six_layer_input,6000,ood_dev,16,4096,3901,3968,65070,65536,0.952392578125,0.9454369948583105,0.9585003981417638,0.96875,0.9629667829716362,0.9736548007089589,0.992889404296875,0.10442716895593729,0.01
six_layer_input,6000,ood_dev,17,4096,3845,3923,68993,69632,0.938720703125,0.930956550506342,0.945662712969715,0.957763671875,0.951163293350015,0.9635062219630662,0.9908231847426471,0.12961772798299254,0.01
six_layer_input,6000,ood_dev,18,4096,3796,3910,72903,73728,0.9267578125,0.9183729750294912,0.9343429251130505,0.95458984375,0.947776604127552,0.9605512025460251,0.9888102213541666,0.1448032638995842,0.01
six_layer_input,6000,ood_dev,19,4096,3738,3861,76764,77824,0.91259765625,0.9035574064163541,0.9208647167191697,0.942626953125,0.9350816513041342,0.9493427920359276,0.9863795230263158,0.19440464609019892,0.01
six_layer_input,6000,ood_dev,20,4096,3668,3819,80583,81920,0.8955078125,0.8857663367312384,0.9045081244992638,0.932373046875,0.9242709187774049,0.9396649274196441,0.98367919921875,0.23367449819798425,0.01
six_layer_input,6000,ood_dev,21,4096,3599,3781,84364,86016,0.878662109375,0.868306224878436,0.8883083981885448,0.923095703125,0.9145339056289837,0.9308646383910534,0.9807942708333334,0.2744713690281052,0.01
six_layer_input,6000,ood_dev,22,4096,3547,3774,88138,90112,0.865966796875,0.8551897694527772,0.8760580190561873,0.92138671875,0.9127442108350373,0.9292395669944976,0.9780939275568182,0.3089194655376851,0.01
six_layer_input,6000,ood_dev,23,4096,3494,3740,91878,94208,0.85302734375,0.841853140376231,0.8635399898332172,0.9130859375,0.9040670637073458,0.9213307069111787,0.9752674932065217,0.34584751573786443,0.01
six_layer_input,6000,ood_dev,24,4096,3435,3698,95576,98304,0.838623046875,0.8270405095935828,0.8495710198673471,0.90283203125,0.8933804434366174,0.911528730038894,0.9722493489583334,0.39818525042716013,0.01
six_layer_input,6000,ood_dev,25,4096,3377,3665,99241,102400,0.824462890625,0.8125100399668598,0.8358077124870521,0.894775390625,0.8850057351152596,0.9038052548907416,0.969150390625,0.4191245456178697,0.01
six_layer_input,6000,ood_dev,26,4096,3313,3627,102868,106496,0.808837890625,0.7965086496170335,0.8205883833808585,0.885498046875,0.8753832915554963,0.894890396273493,0.9659329927884616,0.4672878891549659,0.01
six_layer_input,6000,ood_dev,27,4096,3252,3611,106479,110592,0.7939453125,0.7812859610293499,0.8060538237370234,0.881591796875,0.8713379539693884,0.891130553995596,0.9628092447916666,0.48838029340283484,0.01
six_layer_input,6000,ood_dev,28,4096,3186,3562,110041,114688,0.77783203125,0.7648443275616642,0.7902990902656885,0.86962890625,0.8589699942813361,0.879595150350133,0.9594813755580357,0.5440690973995328,0.01
six_layer_input,6000,ood_dev,29,4096,3098,3505,113546,118784,0.75634765625,0.7429648086418345,0.769250119933491,0.855712890625,0.8446186417242619,0.8661405496416897,0.9559031519396551,0.5996570720900871,0.01
six_layer_input,6000,ood_dev,30,4096,3035,3474,117020,122880,0.740966796875,0.7273287184125798,0.754153314448226,0.84814453125,0.8368281149975741,0.8588085403818678,0.9523111979166666,0.632885114977898,0.01
six_layer_input,6000,ood_dev,31,4096,2978,3444,120464,126976,0.72705078125,0.7132003531241211,0.7404757264711672,0.8408203125,0.8292979160033407,0.8517040271310921,0.9487147177419355,0.6963095709345656,0.01
six_layer_input,6000,ood_dev,32,4096,2904,3399,123863,131072,0.708984375,0.6948831414081762,0.7226939813160891,0.829833984375,0.8180181714909365,0.8410317032759822,0.9449996948242188,0.7533858261538077,0.01
six_layer_input,6000,ood_dev,33,4096,2841,3364,127227,135168,0.693603515625,0.6793098078685834,0.7075344191411624,0.8212890625,0.8092571256308778,0.8327189181835302,0.9412508877840909,0.7978375636452784,0.01
six_layer_input,6000,ood_dev,34,4096,2785,3327,130554,139264,0.679931640625,0.6654823708487559,0.6940437266369724,0.812255859375,0.800006227509423,0.8239203378694734,0.9374569163602942,0.8611380875559733,0.01
six_layer_input,6000,ood_dev,35,4096,2722,3272,133826,143360,0.66455078125,0.6499433097721118,0.6788498919990972,0.798828125,0.7862740796113783,0.8108221799850011,0.93349609375,0.92586542487687,0.01
six_layer_input,6000,ood_dev,36,4096,2647,3227,137053,147456,0.646240234375,0.6314667924598022,0.6607396286988835,0.787841796875,0.7750546759462219,0.8000895152826436,0.9294501410590278,0.9928942270782483,0.01
six_layer_input,6500,dev,1,4096,4096,4096,4096,4096,1.0,0.9990630225926348,0.9999999999999999,1.0,0.9990630225926348,0.9999999999999999,1.0,4.319841252709011e-05,0.01
six_layer_input,6500,dev,2,4096,4096,4096,8192,8192,1.0,0.9990630225926348,0.9999999999999999,1.0,0.9990630225926348,0.9999999999999999,1.0,3.689287741970304e-05,0.01
six_layer_input,6500,dev,3,4096,4096,4096,12288,12288,1.0,0.9990630225926348,0.9999999999999999,1.0,0.9990630225926348,0.9999999999999999,1.0,4.706227777928618e-05,0.01
six_layer_input,6500,dev,4,4096,4096,4096,16384,16384,1.0,0.9990630225926348,0.9999999999999999,1.0,0.9990630225926348,0.9999999999999999,1.0,6.574810090476113e-05,0.01
six_layer_input,6500,dev,5,4096,4096,4096,20480,20480,1.0,0.9990630225926348,0.9999999999999999,1.0,0.9990630225926348,0.9999999999999999,1.0,0.0001286560121236402,0.01
six_layer_input,6500,dev,6,4096,4095,4095,24575,24576,0.999755859375,0.9986182969663738,0.9999569018847606,0.999755859375,0.9986182969663738,0.9999569018847606,0.9999593098958334,0.0006201904671570002,0.01
six_layer_input,6500,dev,7,4096,4093,4094,28669,28672,0.999267578125,0.9978486714629491,0.9997508799051849,0.99951171875,0.9982212896544476,0.9998660854551866,0.9998953683035714,0.001807448307123538,0.01
six_layer_input,6500,dev,8,4096,4090,4093,32762,32768,0.99853515625,0.9968075986857966,0.9993284814578364,0.999267578125,0.9978486714629491,0.9997508799051849,0.99981689453125,0.002956385077087953,0.01
six_layer_input,6500,dev,9,4096,4084,4088,36850,36864,0.9970703125,0.9948858699188933,0.9983232677757378,0.998046875,0.9961504506055915,0.9990099820550408,0.9996202256944444,0.004115642930357932,0.01
six_layer_input,6500,dev,10,4096,4080,4085,40935,40960,0.99609375,0.9936637657680687,0.9975940769605611,0.997314453125,0.9951972177470491,0.9984997436890822,0.9993896484375,0.00702299116112437,0.01
six_layer_input,6500,dev,11,4096,4068,4073,45008,45056,0.9931640625,0.9901378308615215,0.9952661269691047,0.994384765625,0.991587789433178,0.9962552871049496,0.9989346590909091,0.014964031862435556,0.01
six_layer_input,6500,dev,12,4096,4058,4073,49081,49152,0.99072265625,0.987292434466316,0.993233285949307,0.994384765625,0.991587789433178,0.9962552871049496,0.9985555013020834,0.019978190606662283,0.01
six_layer_input,6500,ood_dev,1,4096,4096,4096,4096,4096,1.0,0.9990630225926348,0.9999999999999999,1.0,0.9990630225926348,0.9999999999999999,1.0,4.350069312630822e-05,0.01
six_layer_input,6500,ood_dev,2,4096,4096,4096,8192,8192,1.0,0.9990630225926348,0.9999999999999999,1.0,0.9990630225926348,0.9999999999999999,1.0,3.7957162198676286e-05,0.01
six_layer_input,6500,ood_dev,3,4096,4096,4096,12288,12288,1.0,0.9990630225926348,0.9999999999999999,1.0,0.9990630225926348,0.9999999999999999,1.0,4.71694772199438e-05,0.01
six_layer_input,6500,ood_dev,4,4096,4096,4096,16384,16384,1.0,0.9990630225926348,0.9999999999999999,1.0,0.9990630225926348,0.9999999999999999,1.0,6.0542334061830516e-05,0.01
six_layer_input,6500,ood_dev,5,4096,4096,4096,20480,20480,1.0,0.9990630225926348,0.9999999999999999,1.0,0.9990630225926348,0.9999999999999999,1.0,9.591485943793998e-05,0.01
six_layer_input,6500,ood_dev,6,4096,4096,4096,24576,24576,1.0,0.9990630225926348,0.9999999999999999,1.0,0.9990630225926348,0.9999999999999999,1.0,0.0001498056455246921,0.01
six_layer_input,6500,ood_dev,7,4096,4096,4096,28672,28672,1.0,0.9990630225926348,0.9999999999999999,1.0,0.9990630225926348,0.9999999999999999,1.0,0.0002646477533174707,0.01
six_layer_input,6500,ood_dev,8,4096,4095,4095,32767,32768,0.999755859375,0.9986182969663738,0.9999569018847606,0.999755859375,0.9986182969663738,0.9999569018847606,0.999969482421875,0.0012089526244469795,0.01
six_layer_input,6500,ood_dev,9,4096,4092,4093,36860,36864,0.9990234375,0.9974915571936952,0.9996201704329383,0.999267578125,0.9978486714629491,0.9997508799051849,0.9998914930555556,0.0022175819208092307,0.01
six_layer_input,6500,ood_dev,10,4096,4086,4087,40947,40960,0.99755859375,0.9955114747539533,0.9986733104236785,0.997802734375,0.9958290482073086,0.9988435607118235,0.9996826171875,0.005640280332008585,0.01
six_layer_input,6500,ood_dev,11,4096,4073,4079,45026,45056,0.994384765625,0.991587789433178,0.9962552871049496,0.995849609375,0.9933629968413301,0.9974070221457995,0.9993341619318182,0.010974773274753158,0.01
six_layer_input,6500,ood_dev,12,4096,4065,4078,49104,49152,0.992431640625,0.9892775496501616,0.9946629369559636,0.99560546875,0.9930638103960733,0.9972183848495558,0.9990234375,0.015308376190830586,0.01
six_layer_input,6500,ood_dev,13,4096,4051,4069,53173,53248,0.989013671875,0.9853320021138738,0.991778952111247,0.993408203125,0.9904260923610462,0.9954656892110803,0.9985914963942307,0.02130595693649462,0.01
six_layer_input,6500,ood_dev,14,4096,4031,4053,57226,57344,0.984130859375,0.9798251184139876,0.987529360981127,0.989501953125,0.9858899643168433,0.9921966373912783,0.9979422433035714,0.029950254779513186,0.01
six_layer_input,6500,ood_dev,15,4096,3999,4034,61260,61440,0.976318359375,0.9711962850581976,0.9805478346089073,0.98486328125,0.9806440746636242,0.9881738759559913,0.9970703125,0.046123076801497964,0.01
six_layer_input,6500,ood_dev,16,4096,3970,4015,65275,65536,0.96923828125,0.9634948720671381,0.9741023590964577,0.980224609375,0.9754891932191522,0.9840601063119575,0.9960174560546875,0.05972254792189435,0.01
six_layer_input,6500,ood_dev,17,4096,3936,3998,69273,69632,0.9609375,0.9545593952649127,0.9664518286876724,0.97607421875,0.9709291555744165,0.9803271403511878,0.9948443244485294,0.07505064325016564,0.01
six_layer_input,6500,ood_dev,18,4096,3907,3983,73256,73728,0.953857421875,0.9469962963333816,0.9598680391156946,0.972412109375,0.9669363760022123,0.9770025638008875,0.9935980902777778,0.08760352030627971,0.01
six_layer_input,6500,ood_dev,19,4096,3862,3947,77203,77824,0.94287109375,0.9353397677479732,0.9495724993335891,0.963623046875,0.9574411905686989,0.9689360945403896,0.9920204564144737,0.11221024769203414,0.01
six_layer_input,6500,ood_dev,20,4096,3808,3914,81117,81920,0.9296875,0.9214483726818027,0.9371214123587429,0.95556640625,0.9488177185640135,0.9614613830755648,0.99019775390625,0.1432722559498263,0.01
six_layer_input,6500,ood_dev,21,4096,3769,3910,85027,86016,0.920166015625,0.9114665583356981,0.9280781007863353,0.95458984375,0.947776604127552,0.9605512025460251,0.9885021391369048,0.16386748304702836,0.01
six_layer_input,6500,ood_dev,22,4096,3718,3860,88887,90112,0.90771484375,0.8984651733694144,0.9162004749361032,0.9423828125,0.9348235709099155,0.9491130486886461,0.9864058061079546,0.19944231314495164,0.01
six_layer_input,6500,ood_dev,23,4096,3660,3826,92713,94208,0.8935546875,0.8837383798604915,0.9026334914380082,0.93408203125,0.9260688787441457,0.9412817336434055,0.984130859375,0.23626860997686183,0.01
six_layer_input,6500,ood_dev,24,4096,3602,3788,96501,98304,0.87939453125,0.8690639784398397,0.889014115851642,0.9248046875,0.9163247769466819,0.9324885332638574,0.981658935546875,0.261756753064178,0.01
six_layer_input,6500,ood_dev,25,4096,3546,3773,100274,102400,0.86572265625,0.854937847514799,0.8758221172526653,0.921142578125,0.9124886341356219,0.9290073199524128,0.97923828125,0.28353919247861525,0.01
six_layer_input,6500,ood_dev,26,4096,3494,3759,104033,106496,0.85302734375,0.841853140376231,0.8635399898332172,0.917724609375,0.9089129525352261,0.9257534691718042,0.9768723707932693,0.31099970848158454,0.01
six_layer_input,6500,ood_dev,27,4096,3435,3706,107739,110592,0.838623046875,0.8270405095935828,0.8495710198673471,0.90478515625,0.8954134685370875,0.9133982948704263,0.9742024739583334,0.3574523370138134,0.01
six_layer_input,6500,ood_dev,28,4096,3387,3697,111436,114688,0.826904296875,0.8150132311381779,0.8381827587307371,0.902587890625,0.893126394639718,0.9112949550942931,0.9716448102678571,0.3847463582451276,0.01
six_layer_input,6500,ood_dev,29,4096,3322,3649,115085,118784,0.81103515625,0.798756922138199,0.8227305245331958,0.890869140625,0.8809515541684672,0.9000542559735292,0.9688594423491379,0.4297714582854739,0.01
six_layer_input,6500,ood_dev,30,4096,3257,3612,118697,122880,0.795166015625,0.7825327297395679,0.8072461737343068,0.8818359375,0.8715906848675761,0.8913656468389086,0.9659586588541667,0.4782636417084196,0.01
six_layer_input,6500,ood_dev,31,4096,3196,3571,122268,126976,0.7802734375,0.7673336535539487,0.7926880016884071,0.871826171875,0.8612394102878219,0.8817161480171501,0.962922127016129,0.5056983547350136,0.01
six_layer_input,6500,ood_dev,32,4096,3145,3557,125825,131072,0.767822265625,0.754644640841801,0.780498003584039,0.868408203125,0.8577096260573646,0.8784163998666031,0.9599685668945312,0.5491336052220344,0.01
six_layer_input,6500,ood_dev,33,4096,3100,3545,129370,135168,0.7568359375,0.7434615592533041,0.7697290168050218,0.865478515625,0.8546859370558118,0.8755862039701523,0.9571052320075758,0.5841493368768897,0.01
six_layer_input,6500,ood_dev,34,4096,3054,3493,132863,139264,0.74560546875,0.732042040971389,0.7587086429779228,0.852783203125,0.8416017930965025,0.8633035133714453,0.9540369370404411,0.6321949311419544,0.01
six_layer_input,6500,ood_dev,35,4096,2997,3479,136342,143360,0.731689453125,0.7179079070335224,0.7450368236502718,0.849365234375,0.8380839959122175,0.8599917781747259,0.9510463169642858,0.676858146748599,0.01
six_layer_input,6500,ood_dev,36,4096,2930,3444,139786,147456,0.71533203125,0.7013158065663442,0.7289447334369291,0.8408203125,0.8292979160033407,0.8517040271310921,0.9479844835069444,0.7064440220903772,0.01
six_layer_input,7000,dev,1,4096,4096,4096,4096,4096,1.0,0.9990630225926348,0.9999999999999999,1.0,0.9990630225926348,0.9999999999999999,1.0,4.128077887655124e-05,0.01
six_layer_input,7000,dev,2,4096,4096,4096,8192,8192,1.0,0.9990630225926348,0.9999999999999999,1.0,0.9990630225926348,0.9999999999999999,1.0,3.398686953248742e-05,0.01
six_layer_input,7000,dev,3,4096,4096,4096,12288,12288,1.0,0.9990630225926348,0.9999999999999999,1.0,0.9990630225926348,0.9999999999999999,1.0,4.231621430483834e-05,0.01
six_layer_input,7000,dev,4,4096,4096,4096,16384,16384,1.0,0.9990630225926348,0.9999999999999999,1.0,0.9990630225926348,0.9999999999999999,1.0,6.048909854472484e-05,0.01
six_layer_input,7000,dev,5,4096,4096,4096,20480,20480,1.0,0.9990630225926348,0.9999999999999999,1.0,0.9990630225926348,0.9999999999999999,1.0,9.003150588782205e-05,0.01
six_layer_input,7000,dev,6,4096,4096,4096,24576,24576,1.0,0.9990630225926348,0.9999999999999999,1.0,0.9990630225926348,0.9999999999999999,1.0,0.00020633409666803715,0.01
six_layer_input,7000,dev,7,4096,4096,4096,28672,28672,1.0,0.9990630225926348,0.9999999999999999,1.0,0.9990630225926348,0.9999999999999999,1.0,0.0005077493393343957,0.01
six_layer_input,7000,dev,8,4096,4095,4095,32767,32768,0.999755859375,0.9986182969663738,0.9999569018847606,0.999755859375,0.9986182969663738,0.9999569018847606,0.999969482421875,0.0014118786770298541,0.01
six_layer_input,7000,dev,9,4096,4094,4095,36862,36864,0.99951171875,0.9982212896544476,0.9998660854551866,0.999755859375,0.9986182969663738,0.9999569018847606,0.9999457465277778,0.0017512290908425765,0.01
six_layer_input,7000,dev,10,4096,4088,4089,40951,40960,0.998046875,0.9961504506055915,0.9990099820550408,0.998291015625,0.9964763422189936,0.9991719141831389,0.9997802734375,0.00649503549402608,0.01
six_layer_input,7000,dev,11,4096,4084,4088,45039,45056,0.9970703125,0.9948858699188933,0.9983232677757378,0.998046875,0.9961504506055915,0.9990099820550408,0.9996226917613636,0.006525990830775097,0.01
six_layer_input,7000,dev,12,4096,4073,4078,49117,49152,0.994384765625,0.991587789433178,0.9962552871049496,0.99560546875,0.9930638103960733,0.9972183848495558,0.9992879231770834,0.012784210076355329,0.01
six_layer_input,7000,ood_dev,1,4096,4096,4096,4096,4096,1.0,0.9990630225926348,0.9999999999999999,1.0,0.9990630225926348,0.9999999999999999,1.0,4.166737266642073e-05,0.01
six_layer_input,7000,ood_dev,2,4096,4096,4096,8192,8192,1.0,0.9990630225926348,0.9999999999999999,1.0,0.9990630225926348,0.9999999999999999,1.0,3.450443734953623e-05,0.01
six_layer_input,7000,ood_dev,3,4096,4096,4096,12288,12288,1.0,0.9990630225926348,0.9999999999999999,1.0,0.9990630225926348,0.9999999999999999,1.0,4.207514368470555e-05,0.01
six_layer_input,7000,ood_dev,4,4096,4096,4096,16384,16384,1.0,0.9990630225926348,0.9999999999999999,1.0,0.9990630225926348,0.9999999999999999,1.0,6.636758814004828e-05,0.01
six_layer_input,7000,ood_dev,5,4096,4096,4096,20480,20480,1.0,0.9990630225926348,0.9999999999999999,1.0,0.9990630225926348,0.9999999999999999,1.0,0.0001053517848157437,0.01
six_layer_input,7000,ood_dev,6,4096,4096,4096,24576,24576,1.0,0.9990630225926348,0.9999999999999999,1.0,0.9990630225926348,0.9999999999999999,1.0,0.0002551905206562566,0.01
six_layer_input,7000,ood_dev,7,4096,4094,4094,28670,28672,0.99951171875,0.9982212896544476,0.9998660854551866,0.99951171875,0.9982212896544476,0.9998660854551866,0.9999302455357143,0.0017124990010777275,0.01
six_layer_input,7000,ood_dev,8,4096,4094,4096,32766,32768,0.99951171875,0.9982212896544476,0.9998660854551866,1.0,0.9990630225926348,0.9999999999999999,0.99993896484375,0.0011897596333043658,0.01
six_layer_input,7000,ood_dev,9,4096,4090,4091,36857,36864,0.99853515625,0.9968075986857966,0.9993284814578364,0.998779296875,0.997145424476127,0.9994784794090062,0.9998101128472222,0.0038787866867626697,0.01
six_layer_input,7000,ood_dev,10,4096,4083,4084,40941,40960,0.996826171875,0.9945771012522003,0.9981442127009305,0.9970703125,0.9948858699188933,0.9983232677757378,0.9995361328125,0.009081684913966992,0.01
six_layer_input,7000,ood_dev,11,4096,4077,4084,45025,45056,0.995361328125,0.9927660832938955,0.9970282882102334,0.9970703125,0.9948858699188933,0.9983232677757378,0.9993119673295454,0.009651685853597547,0.01
six_layer_input,7000,ood_dev,12,4096,4065,4077,49102,49152,0.992431640625,0.9892775496501616,0.9946629369559636,0.995361328125,0.9927660832938955,0.9970282882102334,0.9989827473958334,0.01209320919362944,0.01
six_layer_input,7000,ood_dev,13,4096,4058,4077,53179,53248,0.99072265625,0.987292434466316,0.993233285949307,0.995361328125,0.9927660832938955,0.9970282882102334,0.9987041766826923,0.015210701372383895,0.01
six_layer_input,7000,ood_dev,14,4096,4044,4068,57247,57344,0.9873046875,0.9833908284717333,0.9903053595628853,0.9931640625,0.9901378308615215,0.9952661269691047,0.9983084542410714,0.024209389333246234,0.01
six_layer_input,7000,ood_dev,15,4096,4017,4047,61294,61440,0.980712890625,0.9760285730987803,0.9844963739153301,0.988037109375,0.9842206673133682,0.9909389919457514,0.9976236979166667,0.03391957055099404,0.01
six_layer_input,7000,ood_dev,16,4096,3991,4036,65330,65536,0.974365234375,0.9690626764666648,0.9787788532684374,0.9853515625,0.9811912611355577,0.9886023369670586,0.996856689453125,0.0420585660114734,0.01
six_layer_input,7000,ood_dev,17,4096,3955,4007,69337,69632,0.965576171875,0.9595422298231,0.970737645217991,0.978271484375,0.9733380928544043,0.9823086167447029,0.9957634420955882,0.06070168396710174,0.01
six_layer_input,7000,ood_dev,18,4096,3924,3994,73331,73728,0.9580078125,0.9514241848736409,0.9637331541809406,0.97509765625,0.969861879182557,0.9794431217770462,0.9946153428819444,0.07611422221041297,0.01
six_layer_input,7000,ood_dev,19,4096,3885,3974,77305,77824,0.948486328125,0.941286924101402,0.9548452890346674,0.97021484375,0.9645521097608273,0.9749964163687698,0.9933311060855263,0.09932918292698889,0.01
six_layer_input,7000,ood_dev,20,4096,3838,3944,81249,81920,0.93701171875,0.9291545119210666,0.9440499853644883,0.962890625,0.9566544557025598,0.9682593581820278,0.99180908203125,0.1165824413235288,0.01
six_layer_input,7000,ood_dev,21,4096,3800,3925,85174,86016,0.927734375,0.9193976865076721,0.9352695086008709,0.958251953125,0.9516851324633817,0.9639600303327001,0.9902111235119048,0.135942546929269,0.01
six_layer_input,7000,ood_dev,22,4096,3752,3894,89068,90112,0.916015625,0.9071267365958561,0.9241249189206721,0.95068359375,0.9436199393767509,0.9569026874328211,0.9884144176136364,0.1641365840003497,0.01
six_layer_input,7000,ood_dev,23,4096,3702,3869,92937,94208,0.90380859375,0.8943968141409154,0.9124636543005972,0.944580078125,0.9371476107069147,0.9511794225651499,0.9865085767663043,0.19118807512248215,0.01
six_layer_input,7000,ood_dev,24,4096,3652,3851,96788,98304,0.8916015625,0.8817114150371916,0.9007578663293054,0.940185546875,0.9325024349976097,0.9470437709274493,0.9845784505208334,0.21445644176740974,0.01
six_layer_input,7000,ood_dev,25,4096,3613,3820,100608,102400,0.882080078125,0.8718434292869487,0.8916007261610365,0.9326171875,0.9245276830494434,0.9398959868891058,0.9825,0.2470767144130701,0.01
six_layer_input,7000,ood_dev,26,4096,3554,3789,104397,106496,0.86767578125,0.8569535466679127,0.877709008031554,0.925048828125,0.916580713871883,0.9327204200801565,0.9802903395432693,0.28736458444171986,0.01
six_layer_input,7000,ood_dev,27,4096,3508,3779,108176,110592,0.8564453125,0.8453730884044298,0.8668495741860228,0.922607421875,0.9140224457668371,0.9304004507701995,0.9781539351851852,0.30335137007232493,0.01
six_layer_input,7000,ood_dev,28,4096,3446,3731,111907,114688,0.84130859375,0.8297996636799222,0.852177926937511,0.910888671875,0.9017742372571839,0.9192331196878377,0.9757516043526786,0.33709396358251564,0.01
six_layer_input,7000,ood_dev,29,4096,3393,3704,115611,118784,0.828369140625,0.8165155484642912,0.8396073838536258,0.904296875,0.8949051056361323,0.912931010288381,0.9732876481681034,0.38038305016717633,0.01
six_layer_input,7000,ood_dev,30,4096,3343,3672,119283,122880,0.816162109375,0.8040052962788398,0.8277264489640617,0.896484375,0.8867806948121609,0.9054450613843424,0.9707275390625,0.4088432568952356,0.01
six_layer_input,7000,ood_dev,31,4096,3290,3656,122939,126976,0.80322265625,0.7907658017674122,0.8151112851759728,0.892578125,0.8827247749340756,0.9016958013984229,0.9682065902217742,0.44024510199622746,0.01
six_layer_input,7000,ood_dev,32,4096,3238,3643,126582,131072,0.79052734375,0.7777959203435622,0.8027143320418068,0.889404296875,0.8794322362425625,0.8986466314504319,0.9657440185546875,0.4756349039857206,0.01
six_layer_input,7000,ood_dev,33,4096,3170,3588,130170,135168,0.77392578125,0.7608627215572359,0.7864755164061119,0.8759765625,0.8655287943450488,0.8857197675654286,0.9630237926136364,0.5301362211984257,0.01
six_layer_input,7000,ood_dev,34,4096,3123,3588,133758,139264,0.762451171875,0.7491758619352736,0.7752346601775596,0.8759765625,0.8655287943450488,0.8857197675654286,0.9604635799632353,0.5545613124995878,0.01
six_layer_input,7000,ood_dev,35,4096,3066,3528,137286,143360,0.74853515625,0.7350198996459677,0.7615846692013478,0.861328125,0.8504051904661915,0.8715739469542673,0.9576311383928572,0.5954322234375058,0.01
six_layer_input,7000,ood_dev,36,4096,3015,3484,140770,147456,0.736083984375,0.7223694383988991,0.7493561196319006,0.8505859375,0.8393401254338057,0.8611747673606395,0.9546576605902778,0.6458609549421876,0.01
six_layer_input,7500,dev,1,4096,4096,4096,4096,4096,1.0,0.9990630225926348,0.9999999999999999,1.0,0.9990630225926348,0.9999999999999999,1.0,3.647449364319044e-05,0.01
six_layer_input,7500,dev,2,4096,4096,4096,8192,8192,1.0,0.9990630225926348,0.9999999999999999,1.0,0.9990630225926348,0.9999999999999999,1.0,3.14879728859907e-05,0.01
six_layer_input,7500,dev,3,4096,4096,4096,12288,12288,1.0,0.9990630225926348,0.9999999999999999,1.0,0.9990630225926348,0.9999999999999999,1.0,3.7155239162811604e-05,0.01
six_layer_input,7500,dev,4,4096,4096,4096,16384,16384,1.0,0.9990630225926348,0.9999999999999999,1.0,0.9990630225926348,0.9999999999999999,1.0,4.878131174790301e-05,0.01
six_layer_input,7500,dev,5,4096,4096,4096,20480,20480,1.0,0.9990630225926348,0.9999999999999999,1.0,0.9990630225926348,0.9999999999999999,1.0,6.79515420489718e-05,0.01
six_layer_input,7500,dev,6,4096,4096,4096,24576,24576,1.0,0.9990630225926348,0.9999999999999999,1.0,0.9990630225926348,0.9999999999999999,1.0,0.00012780322823124912,0.01
six_layer_input,7500,dev,7,4096,4096,4096,28672,28672,1.0,0.9990630225926348,0.9999999999999999,1.0,0.9990630225926348,0.9999999999999999,1.0,0.00023411082927060622,0.01
six_layer_input,7500,dev,8,4096,4096,4096,32768,32768,1.0,0.9990630225926348,0.9999999999999999,1.0,0.9990630225926348,0.9999999999999999,1.0,0.0007140783146701857,0.01
six_layer_input,7500,dev,9,4096,4094,4094,36862,36864,0.99951171875,0.9982212896544476,0.9998660854551866,0.99951171875,0.9982212896544476,0.9998660854551866,0.9999457465277778,0.0015841639292963894,0.01
six_layer_input,7500,dev,10,4096,4087,4088,40950,40960,0.997802734375,0.9958290482073086,0.9988435607118235,0.998046875,0.9961504506055915,0.9990099820550408,0.999755859375,0.00483012882477718,0.01
six_layer_input,7500,dev,11,4096,4081,4086,45036,45056,0.996337890625,0.9939662587473084,0.9977794077228217,0.99755859375,0.9955114747539533,0.9986733104236785,0.9995561079545454,0.007436883201502376,0.01
six_layer_input,7500,dev,12,4096,4075,4082,49118,49152,0.994873046875,0.9921745882319427,0.9966441357891856,0.99658203125,0.9942706398960515,0.9979628503155791,0.9993082682291666,0.00991909377976008,0.01
six_layer_input,7500,ood_dev,1,4096,4096,4096,4096,4096,1.0,0.9990630225926348,0.9999999999999999,1.0,0.9990630225926348,0.9999999999999999,1.0,3.6380473397823465e-05,0.01
six_layer_input,7500,ood_dev,2,4096,4096,4096,8192,8192,1.0,0.9990630225926348,0.9999999999999999,1.0,0.9990630225926348,0.9999999999999999,1.0,3.276169686206032e-05,0.01
six_layer_input,7500,ood_dev,3,4096,4096,4096,12288,12288,1.0,0.9990630225926348,0.9999999999999999,1.0,0.9990630225926348,0.9999999999999999,1.0,3.784662006767192e-05,0.01
six_layer_input,7500,ood_dev,4,4096,4096,4096,16384,16384,1.0,0.9990630225926348,0.9999999999999999,1.0,0.9990630225926348,0.9999999999999999,1.0,4.8032768103833945e-05,0.01
six_layer_input,7500,ood_dev,5,4096,4096,4096,20480,20480,1.0,0.9990630225926348,0.9999999999999999,1.0,0.9990630225926348,0.9999999999999999,1.0,0.00011013020911754268,0.01
six_layer_input,7500,ood_dev,6,4096,4096,4096,24576,24576,1.0,0.9990630225926348,0.9999999999999999,1.0,0.9990630225926348,0.9999999999999999,1.0,0.00018242594393380607,0.01
six_layer_input,7500,ood_dev,7,4096,4096,4096,28672,28672,1.0,0.9990630225926348,0.9999999999999999,1.0,0.9990630225926348,0.9999999999999999,1.0,0.0005315033829367266,0.01
six_layer_input,7500,ood_dev,8,4096,4095,4095,32767,32768,0.999755859375,0.9986182969663738,0.9999569018847606,0.999755859375,0.9986182969663738,0.9999569018847606,0.999969482421875,0.00074601746116576,0.01
six_layer_input,7500,ood_dev,9,4096,4094,4094,36861,36864,0.99951171875,0.9982212896544476,0.9998660854551866,0.99951171875,0.9982212896544476,0.9998660854551866,0.9999186197916666,0.0013914229573943615,0.01
six_layer_input,7500,ood_dev,10,4096,4091,4092,40953,40960,0.998779296875,0.997145424476127,0.9994784794090062,0.9990234375,0.9974915571936952,0.9996201704329383,0.9998291015625,0.0029481540774656256,0.01
six_layer_input,7500,ood_dev,11,4096,4085,4088,45041,45056,0.997314453125,0.9951972177470491,0.9984997436890822,0.998046875,0.9961504506055915,0.9990099820550408,0.9996670809659091,0.0056589846599892635,0.01
six_layer_input,7500,ood_dev,12,4096,4076,4082,49123,49152,0.9951171875,0.9924697076331114,0.9968368401295172,0.99658203125,0.9942706398960515,0.9979628503155791,0.9994099934895834,0.011050507505397156,0.01
six_layer_input,7500,ood_dev,13,4096,4064,4072,53195,53248,0.9921875,0.9889921727170213,0.9944604901476036,0.994140625,0.9912959670744264,0.996059285722201,0.9990046574519231,0.015012668864670564,0.01
six_layer_input,7500,ood_dev,14,4096,4058,4071,57266,57344,0.99072265625,0.987292434466316,0.993233285949307,0.993896484375,0.9910051126562461,0.995862316398881,0.9986397879464286,0.016484460266489975,0.01
six_layer_input,7500,ood_dev,15,4096,4052,4072,61338,61440,0.9892578125,0.9856107816089336,0.9919879963576875,0.994140625,0.9912959670744264,0.996059285722201,0.99833984375,0.019646540620768316,0.01
six_layer_input,7500,ood_dev,16,4096,4035,4055,65393,65536,0.985107421875,0.9809175425035267,0.9883882318575893,0.989990234375,0.9864495949105299,0.9926126542805922,0.9978179931640625,0.028162091045145776,0.01
six_layer_input,7500,ood_dev,17,4096,4013,4038,69431,69632,0.979736328125,0.9749504777230061,0.9836231743251028,0.98583984375,0.9817394754367362,0.9890297701488805,0.9971133961397058,0.038310736424953085,0.01
six_layer_input,7500,ood_dev,18,4096,3992,4024,73455,73728,0.974609375,0.9693289612445153,0.9790003922320873,0.982421875,0.9779220041441211,0.9860177090604912,0.9962972005208334,0.05098414784015104,0.01
six_layer_input,7500,ood_dev,19,4096,3965,4016,77471,77824,0.968017578125,0.96217528928926,0.9729828231668342,0.98046875,0.9757587986106162,0.9842783246619937,0.9954641241776315,0.062353144194617904,0.01
six_layer_input,7500,ood_dev,20,4096,3935,3999,81470,81920,0.960693359375,0.9542977984787171,0.9662256017323678,0.976318359375,0.9711962850581976,0.9805478346089073,0.9945068359375,0.08124161496864135,0.01
six_layer_input,7500,ood_dev,21,4096,3905,3976,85446,86016,0.953369140625,0.9464763369080933,0.9594123510579824,0.970703125,0.9650812750446061,0.9754428985679915,0.9933733258928571,0.10123755949393765,0.01
six_layer_input,7500,ood_dev,22,4096,3862,3952,89398,90112,0.94287109375,0.9353397677479732,0.9495724993335891,0.96484375,0.9587538013451912,0.9700626024713991,0.9920765269886364,0.12265487680257059,0.01
six_layer_input,7500,ood_dev,23,4096,3819,3919,93317,94208,0.932373046875,0.9242709187774049,0.9396649274196441,0.956787109375,0.9501202787839275,0.9625979415631524,0.9905422044836957,0.14855651485009558,0.01
six_layer_input,7500,ood_dev,24,4096,3780,3894,97211,98304,0.9228515625,0.9142781637462243,0.9306325565323126,0.95068359375,0.9436199393767509,0.9569026874328211,0.9888814290364584,0.17180562548181244,0.01
six_layer_input,7500,ood_dev,25,4096,3730,3876,101087,102400,0.91064453125,0.9015195779849158,0.9189999552186056,0.9462890625,0.938957308629731,0.9527844908328355,0.987177734375,0.18867184144913784,0.01
six_layer_input,7500,ood_dev,26,4096,3684,3845,104932,106496,0.8994140625,0.8898253259774954,0.9082543151170116,0.938720703125,0.930956550506342,0.945662712969715,0.9853140024038461,0.2190061957195547,0.01
six_layer_input,7500,ood_dev,27,4096,3623,3808,108740,110592,0.884521484375,0.8743716252251424,0.8939507676378456,0.9296875,0.9214483726818027,0.9371214123587429,0.9832537615740741,0.2488421824706003,0.01
six_layer_input,7500,ood_dev,28,4096,3582,3785,112525,114688,0.87451171875,0.864014482855838,0.8843071366056374,0.924072265625,0.9155571142869631,0.9317927246990753,0.98114013671875,0.27783992768426413,0.01
six_layer_input,7500,ood_dev,29,4096,3530,3765,116290,118784,0.86181640625,0.8509086400164899,0.8720461448869695,0.919189453125,0.9104448475161888,0.9271485166398434,0.97900390625,0.3038860133306551,0.01
six_layer_input,7500,ood_dev,30,4096,3478,3742,120032,122880,0.84912109375,0.8378327999200615,0.8597551504253816,0.91357421875,0.9045768022865681,0.9217966158149569,0.9768229166666667,0.34100536061968634,0.01
six_layer_input,7500,ood_dev,31,4096,3427,3696,123728,126976,0.836669921875,0.8250345481893915,0.8476743913395359,0.90234375,0.8928723632769541,0.9110611627155568,0.9744203629032258,0.36888761468578934,0.01
six_layer_input,7500,ood_dev,32,4096,3373,3673,127401,131072,0.823486328125,0.8115089957822146,0.8348574617056961,0.896728515625,0.8870343244109669,0.9056792555270368,0.9719924926757812,0.39831398282424724,0.01
six_layer_input,7500,ood_dev,33,4096,3323,3660,131061,135168,0.811279296875,0.7990067679900137,0.8229685024228814,0.8935546875,0.8837383798604915,0.9026334914380082,0.9696155894886364,0.42837750004028485,0.01
six_layer_input,7500,ood_dev,34,4096,3267,3615,134676,139264,0.797607421875,0.7850267878652277,0.8096303530236502,0.882568359375,0.8723489588346361,0.8920708440963495,0.9670553768382353,0.4771878658380858,0.01
six_layer_input,7500,ood_dev,35,4096,3215,3601,138277,143360,0.784912109375,0.7720651467791039,0.7972251595517578,0.879150390625,0.8688113807969721,0.8887788897530092,0.9645438058035715,0.5226921992941369,0.01
six_layer_input,7500,ood_dev,36,4096,3163,3571,141848,147456,0.772216796875,0.7591212716179107,0.784802200154935,0.871826171875,0.8612394102878219,0.8817161480171501,0.9619683159722222,0.5544730880490447,0.01
six_layer_input,8000,dev,1,4096,4096,4096,4096,4096,1.0,0.9990630225926348,0.9999999999999999,1.0,0.9990630225926348,0.9999999999999999,1.0,2.846376028164954e-05,0.01
six_layer_input,8000,dev,2,4096,4096,4096,8192,8192,1.0,0.9990630225926348,0.9999999999999999,1.0,0.9990630225926348,0.9999999999999999,1.0,2.3880987718216673e-05,0.01
six_layer_input,8000,dev,3,4096,4096,4096,12288,12288,1.0,0.9990630225926348,0.9999999999999999,1.0,0.9990630225926348,0.9999999999999999,1.0,3.074775887712544e-05,0.01
six_layer_input,8000,dev,4,4096,4096,4096,16384,16384,1.0,0.9990630225926348,0.9999999999999999,1.0,0.9990630225926348,0.9999999999999999,1.0,4.266974638522658e-05,0.01
six_layer_input,8000,dev,5,4096,4096,4096,20480,20480,1.0,0.9990630225926348,0.9999999999999999,1.0,0.9990630225926348,0.9999999999999999,1.0,6.373698297901242e-05,0.01
six_layer_input,8000,dev,6,4096,4096,4096,24576,24576,1.0,0.9990630225926348,0.9999999999999999,1.0,0.9990630225926348,0.9999999999999999,1.0,0.00011833070969469173,0.01
six_layer_input,8000,dev,7,4096,4094,4094,28670,28672,0.99951171875,0.9982212896544476,0.9998660854551866,0.99951171875,0.9982212896544476,0.9998660854551866,0.9999302455357143,0.0011280799079909087,0.01
six_layer_input,8000,dev,8,4096,4092,4092,32762,32768,0.9990234375,0.9974915571936952,0.9996201704329383,0.9990234375,0.9974915571936952,0.9996201704329383,0.99981689453125,0.0030349109832049637,0.01
six_layer_input,8000,dev,9,4096,4092,4094,36856,36864,0.9990234375,0.9974915571936952,0.9996201704329383,0.99951171875,0.9982212896544476,0.9998660854551866,0.9997829861111112,0.0020134664688080672,0.01
six_layer_input,8000,dev,10,4096,4086,4087,40943,40960,0.99755859375,0.9955114747539533,0.9986733104236785,0.997802734375,0.9958290482073086,0.9988435607118235,0.9995849609375,0.007717003576689363,0.01
six_layer_input,8000,dev,11,4096,4073,4076,45019,45056,0.994384765625,0.991587789433178,0.9962552871049496,0.9951171875,0.9924697076331114,0.9968368401295172,0.9991787997159091,0.014073125835307287,0.01
six_layer_input,8000,dev,12,4096,4063,4074,49093,49152,0.991943359375,0.9887074354065306,0.9942574037165939,0.99462890625,0.9918806406223304,0.9964502596572975,0.9987996419270834,0.018917848015308714,0.01
six_layer_input,8000,ood_dev,1,4096,4096,4096,4096,4096,1.0,0.9990630225926348,0.9999999999999999,1.0,0.9990630225926348,0.9999999999999999,1.0,2.7923701167109627e-05,0.01
six_layer_input,8000,ood_dev,2,4096,4096,4096,8192,8192,1.0,0.9990630225926348,0.9999999999999999,1.0,0.9990630225926348,0.9999999999999999,1.0,2.4637826432138965e-05,0.01
six_layer_input,8000,ood_dev,3,4096,4096,4096,12288,12288,1.0,0.9990630225926348,0.9999999999999999,1.0,0.9990630225926348,0.9999999999999999,1.0,3.650966908474995e-05,0.01
six_layer_input,8000,ood_dev,4,4096,4096,4096,16384,16384,1.0,0.9990630225926348,0.9999999999999999,1.0,0.9990630225926348,0.9999999999999999,1.0,4.2938309935069974e-05,0.01
six_layer_input,8000,ood_dev,5,4096,4096,4096,20480,20480,1.0,0.9990630225926348,0.9999999999999999,1.0,0.9990630225926348,0.9999999999999999,1.0,6.279293302879907e-05,0.01
six_layer_input,8000,ood_dev,6,4096,4096,4096,24576,24576,1.0,0.9990630225926348,0.9999999999999999,1.0,0.9990630225926348,0.9999999999999999,1.0,0.00012007401255420547,0.01
six_layer_input,8000,ood_dev,7,4096,4096,4096,28672,28672,1.0,0.9990630225926348,0.9999999999999999,1.0,0.9990630225926348,0.9999999999999999,1.0,0.000260905436652914,0.01
six_layer_input,8000,ood_dev,8,4096,4096,4096,32768,32768,1.0,0.9990630225926348,0.9999999999999999,1.0,0.9990630225926348,0.9999999999999999,1.0,0.0006302085975682381,0.01
six_layer_input,8000,ood_dev,9,4096,4094,4094,36862,36864,0.99951171875,0.9982212896544476,0.9998660854551866,0.99951171875,0.9982212896544476,0.9998660854551866,0.9999457465277778,0.001624567871079341,0.01
six_layer_input,8000,ood_dev,10,4096,4090,4092,40954,40960,0.99853515625,0.9968075986857966,0.9993284814578364,0.9990234375,0.9974915571936952,0.9996201704329383,0.999853515625,0.0036984864376874427,0.01
six_layer_input,8000,ood_dev,11,4096,4084,4088,45042,45056,0.9970703125,0.9948858699188933,0.9983232677757378,0.998046875,0.9961504506055915,0.9990099820550408,0.9996892755681818,0.006304634231505402,0.01
six_layer_input,8000,ood_dev,12,4096,4075,4083,49125,49152,0.994873046875,0.9921745882319427,0.9966441357891856,0.996826171875,0.9945771012522003,0.9981442127009305,0.99945068359375,0.010761687757484983,0.01
six_layer_input,8000,ood_dev,13,4096,4059,4068,53193,53248,0.990966796875,0.9875743543279273,0.993439189829196,0.9931640625,0.9901378308615215,0.9952661269691047,0.9989670973557693,0.02005741475406375,0.01
six_layer_input,8000,ood_dev,14,4096,4043,4060,57253,57344,0.987060546875,0.983114860378963,0.9900935039141554,0.9912109375,0.9878567926156614,0.9936445752829621,0.9984130859375,0.025020212111136697,0.01
six_layer_input,8000,ood_dev,15,4096,4016,4037,61290,61440,0.98046875,0.9757587986106162,0.9842783246619937,0.985595703125,0.9814652366612112,0.9888161851829053,0.99755859375,0.04420585797509047,0.01
six_layer_input,8000,ood_dev,16,4096,3995,4027,65317,65536,0.975341796875,0.9701285156377056,0.9796643090633977,0.983154296875,0.978736356856804,0.9866668275723093,0.9966583251953125,0.0558169853268069,0.01
six_layer_input,8000,ood_dev,17,4096,3971,4009,69326,69632,0.969482421875,0.963759047527144,0.974326007377952,0.978759765625,0.9738749487182478,0.98274740836386,0.99560546875,0.06791971966876265,0.01
six_layer_input,8000,ood_dev,18,4096,3942,3996,73322,73728,0.96240234375,0.9561303013811572,0.9678078650204299,0.9755859375,0.970395272680658,0.9798853757619459,0.9944932725694444,0.07461210757178416,0.01
six_layer_input,8000,ood_dev,19,4096,3908,3980,77302,77824,0.9541015625,0.947256349406498,0.9600958097840784,0.9716796875,0.9661407428071721,0.9763347257714267,0.9932925575657895,0.08939607605728694,0.01
six_layer_input,8000,ood_dev,20,4096,3877,3967,81269,81920,0.946533203125,0.9392159931236856,0.9530136300803813,0.968505859375,0.9627028673707351,0.9734308925683598,0.99205322265625,0.10893219437500268,0.01
six_layer_input,8000,ood_dev,21,4096,3833,3932,85201,86016,0.935791015625,0.9278682941984233,0.94289708437963,0.9599609375,0.95351337564485,0.965546553341734,0.9905250186011905,0.13356808243215057,0.01
six_layer_input,8000,ood_dev,22,4096,3787,3905,89106,90112,0.924560546875,0.9160688647806251,0.932256621688414,0.953369140625,0.9464763369080933,0.9594123510579824,0.9888361150568182,0.16035409957677227,0.01
six_layer_input,8000,ood_dev,23,4096,3743,3880,92986,94208,0.913818359375,0.9048317022533956,0.9220295395896299,0.947265625,0.9399922864751624,0.9537008079534055,0.9870287024456522,0.18493531535237717,0.01
six_layer_input,8000,ood_dev,24,4096,3687,3833,96819,98304,0.900146484375,0.8905868560727095,0.9089562562462985,0.935791015625,0.9278682941984233,0.94289708437963,0.984893798828125,0.23456897991279946,0.01
six_layer_input,8000,ood_dev,25,4096,3645,3830,100649,102400,0.889892578125,0.8799386161345828,0.8991158990414121,0.93505859375,0.9270969345308054,0.942204972822747,0.982900390625,0.24463051123571988,0.01
six_layer_input,8000,ood_dev,26,4096,3601,3801,104450,106496,0.879150390625,0.8688113807969721,0.8887788897530092,0.927978515625,0.9196539294518923,0.9355010893981511,0.9807880108173077,0.27808256720940516,0.01
six_layer_input,8000,ood_dev,27,4096,3560,3775,108225,110592,0.869140625,0.8584658114380478,0.8791236857104209,0.921630859375,0.9129998108302356,0.9294717907407996,0.9785970052083334,0.3061536774595035,0.01
six_layer_input,8000,ood_dev,28,4096,3487,3732,111957,114688,0.851318359375,0.8400939235187832,0.8618844405001629,0.9111328125,0.9020289161772014,0.9194662645093207,0.9761875697544643,0.34844028543423466,0.01
six_layer_input,8000,ood_dev,29,4096,3425,3692,115649,118784,0.836181640625,0.8245331482689632,0.8472001437769637,0.9013671875,0.8918564110099307,0.9101258200165789,0.9736075565732759,0.38386891783688504,0.01
six_layer_input,8000,ood_dev,30,4096,3383,3680,119329,122880,0.825927734375,0.8140118545714705,0.8372328403314433,0.8984375,0.888810186146144,0.9073181599823618,0.9711018880208333,0.4202811776644513,0.01
six_layer_input,8000,ood_dev,31,4096,3327,3628,122957,126976,0.812255859375,0.800006227509423,0.8239203378694734,0.8857421875,0.8756362432554049,0.8951252683150849,0.9683483492943549,0.47739581053825675,0.01
six_layer_input,8000,ood_dev,32,4096,3280,3606,126563,131072,0.80078125,0.7882701144567107,0.8127287350716711,0.88037109375,0.8700745010385601,0.8899548882189229,0.9655990600585938,0.5190930697660878,0.01
six_layer_input,8000,ood_dev,33,4096,3235,3576,130139,135168,0.789794921875,0.7770482276239895,0.8019985535368784,0.873046875,0.8625006218334564,0.8828940551790171,0.9627944483901515,0.5588625167641346,0.01
six_layer_input,8000,ood_dev,34,4096,3177,3517,133656,139264,0.775634765625,0.7626044764208898,0.7881485277329602,0.858642578125,0.8476370008754903,0.868976075388465,0.9597311580882353,0.611397301308253,0.01
six_layer_input,8000,ood_dev,35,4096,3120,3518,137174,143360,0.76171875,0.7484303424468323,0.7745167084415,0.85888671875,0.8478886002014501,0.8692122998040055,0.9568498883928571,0.6483024054144573,0.01
six_layer_input,8000,ood_dev,36,4096,3058,3478,140652,147456,0.74658203125,0.7330345718578885,0.7596674070574246,0.84912109375,0.8378327999200615,0.8597551504253816,0.953857421875,0.6714269876360972,0.01
six_layer_input,8500,dev,1,4096,4096,4096,4096,4096,1.0,0.9990630225926348,0.9999999999999999,1.0,0.9990630225926348,0.9999999999999999,1.0,2.3473958105313386e-05,0.01
six_layer_input,8500,dev,2,4096,4096,4096,8192,8192,1.0,0.9990630225926348,0.9999999999999999,1.0,0.9990630225926348,0.9999999999999999,1.0,2.0813473199265964e-05,0.01
six_layer_input,8500,dev,3,4096,4096,4096,12288,12288,1.0,0.9990630225926348,0.9999999999999999,1.0,0.9990630225926348,0.9999999999999999,1.0,2.4945664487074914e-05,0.01
six_layer_input,8500,dev,4,4096,4096,4096,16384,16384,1.0,0.9990630225926348,0.9999999999999999,1.0,0.9990630225926348,0.9999999999999999,1.0,3.0416867000337966e-05,0.01
six_layer_input,8500,dev,5,4096,4096,4096,20480,20480,1.0,0.9990630225926348,0.9999999999999999,1.0,0.9990630225926348,0.9999999999999999,1.0,4.797976881909527e-05,0.01
six_layer_input,8500,dev,6,4096,4096,4096,24576,24576,1.0,0.9990630225926348,0.9999999999999999,1.0,0.9990630225926348,0.9999999999999999,1.0,9.279730787892237e-05,0.01
six_layer_input,8500,dev,7,4096,4096,4096,28672,28672,1.0,0.9990630225926348,0.9999999999999999,1.0,0.9990630225926348,0.9999999999999999,1.0,0.00011929458763249023,0.01
six_layer_input,8500,dev,8,4096,4096,4096,32768,32768,1.0,0.9990630225926348,0.9999999999999999,1.0,0.9990630225926348,0.9999999999999999,1.0,0.00039791201694105993,0.01
six_layer_input,8500,dev,9,4096,4095,4095,36863,36864,0.999755859375,0.9986182969663738,0.9999569018847606,0.999755859375,0.9986182969663738,0.9999569018847606,0.9999728732638888,0.0009349886782634709,0.01
six_layer_input,8500,dev,10,4096,4095,4095,40958,40960,0.999755859375,0.9986182969663738,0.9999569018847606,0.999755859375,0.9986182969663738,0.9999569018847606,0.999951171875,0.0014638470569837692,0.01
six_layer_input,8500,dev,11,4096,4091,4091,45049,45056,0.998779296875,0.997145424476127,0.9994784794090062,0.998779296875,0.997145424476127,0.9994784794090062,0.9998446377840909,0.0038145248693152167,0.01
six_layer_input,8500,dev,12,4096,4082,4083,49132,49152,0.99658203125,0.9942706398960515,0.9979628503155791,0.996826171875,0.9945771012522003,0.9981442127009305,0.9995930989583334,0.008346778339847427,0.01
six_layer_input,8500,ood_dev,1,4096,4096,4096,4096,4096,1.0,0.9990630225926348,0.9999999999999999,1.0,0.9990630225926348,0.9999999999999999,1.0,2.3346981279814827e-05,0.01
six_layer_input,8500,ood_dev,2,4096,4096,4096,8192,8192,1.0,0.9990630225926348,0.9999999999999999,1.0,0.9990630225926348,0.9999999999999999,1.0,2.0516657141644856e-05,0.01
six_layer_input,8500,ood_dev,3,4096,4096,4096,12288,12288,1.0,0.9990630225926348,0.9999999999999999,1.0,0.9990630225926348,0.9999999999999999,1.0,2.487694296515741e-05,0.01
six_layer_input,8500,ood_dev,4,4096,4096,4096,16384,16384,1.0,0.9990630225926348,0.9999999999999999,1.0,0.9990630225926348,0.9999999999999999,1.0,3.1640431128354685e-05,0.01
six_layer_input,8500,ood_dev,5,4096,4096,4096,20480,20480,1.0,0.9990630225926348,0.9999999999999999,1.0,0.9990630225926348,0.9999999999999999,1.0,4.8844405072245856e-05,0.01
six_layer_input,8500,ood_dev,6,4096,4096,4096,24576,24576,1.0,0.9990630225926348,0.9999999999999999,1.0,0.9990630225926348,0.9999999999999999,1.0,6.184804140973998e-05,0.01
six_layer_input,8500,ood_dev,7,4096,4096,4096,28672,28672,1.0,0.9990630225926348,0.9999999999999999,1.0,0.9990630225926348,0.9999999999999999,1.0,0.0001405591252862104,0.01
six_layer_input,8500,ood_dev,8,4096,4095,4095,32767,32768,0.999755859375,0.9986182969663738,0.9999569018847606,0.999755859375,0.9986182969663738,0.9999569018847606,0.999969482421875,0.0006000965272647818,0.01
six_layer_input,8500,ood_dev,9,4096,4095,4095,36862,36864,0.999755859375,0.9986182969663738,0.9999569018847606,0.999755859375,0.9986182969663738,0.9999569018847606,0.9999457465277778,0.001470387859797584,0.01
six_layer_input,8500,ood_dev,10,4096,4091,4091,40953,40960,0.998779296875,0.997145424476127,0.9994784794090062,0.998779296875,0.997145424476127,0.9994784794090062,0.9998291015625,0.0026758478337429725,0.01
six_layer_input,8500,ood_dev,11,4096,4086,4087,45040,45056,0.99755859375,0.9955114747539533,0.9986733104236785,0.997802734375,0.9958290482073086,0.9988435607118235,0.9996448863636364,0.006890698107402837,0.01
six_layer_input,8500,ood_dev,12,4096,4078,4080,49120,49152,0.99560546875,0.9930638103960733,0.9972183848495558,0.99609375,0.9936637657680687,0.9975940769605611,0.9993489583333334,0.009576723798723208,0.01
six_layer_input,8500,ood_dev,13,4096,4073,4079,53199,53248,0.994384765625,0.991587789433178,0.9962552871049496,0.995849609375,0.9933629968413301,0.9974070221457995,0.9990797776442307,0.015733497456023704,0.01
six_layer_input,8500,ood_dev,14,4096,4067,4077,57276,57344,0.992919921875,0.9898503448988859,0.9950657891902398,0.995361328125,0.9927660832938955,0.9970282882102334,0.9988141741071429,0.01826289598988251,0.01
six_layer_input,8500,ood_dev,15,4096,4056,4067,61343,61440,0.990234375,0.9867300726317991,0.9928200003008232,0.992919921875,0.9898503448988859,0.9950657891902398,0.9984212239583333,0.026713617692127656,0.01
six_layer_input,8500,ood_dev,16,4096,4043,4057,65400,65536,0.987060546875,0.983114860378963,0.9900935039141554,0.990478515625,0.9870110133784079,0.9930268832957149,0.9979248046875,0.035488678784288186,0.01
six_layer_input,8500,ood_dev,17,4096,4028,4051,69451,69632,0.9833984375,0.9790082213211099,0.9868827868495039,0.989013671875,0.9853320021138738,0.991778952111247,0.9974006204044118,0.04119663830817277,0.01
six_layer_input,8500,ood_dev,18,4096,4014,4037,73488,73728,0.97998046875,0.9752197539009314,0.983841721888678,0.985595703125,0.9814652366612112,0.9888161851829053,0.9967447916666666,0.050864364150739916,0.01
six_layer_input,8500,ood_dev,19,4096,3995,4027,77515,77824,0.975341796875,0.9701285156377056,0.9796643090633977,0.983154296875,0.978736356856804,0.9866668275723093,0.9960295024671053,0.05969879841773151,0.01
six_layer_input,8500,ood_dev,20,4096,3974,4010,81525,81920,0.97021484375,0.9645521097608273,0.9749964163687698,0.97900390625,0.9741435999816663,0.9829665808419419,0.99517822265625,0.07449917935657624,0.01
six_layer_input,8500,ood_dev,21,4096,3948,3997,85522,86016,0.9638671875,0.957703572334836,0.9691615365157528,0.975830078125,0.9706621520616038,0.9801063201225003,0.9942568824404762,0.08688710782381315,0.01
six_layer_input,8500,ood_dev,22,4096,3923,3982,89504,90112,0.957763671875,0.951163293350015,0.9635062219630662,0.97216796875,0.9666710641443907,0.9767800519172087,0.9932528409090909,0.09987802489683661,0.01
six_layer_input,8500,ood_dev,23,4096,3892,3961,93465,94208,0.9501953125,0.9431011870208181,0.9564457923057534,0.967041015625,0.9611211199926455,0.9720856974974474,0.9921131963315217,0.11596196149199312,0.01
six_layer_input,8500,ood_dev,24,4096,3854,3946,97411,98304,0.94091796875,0.9332758337542256,0.9477338433953341,0.96337890625,0.9571788776441608,0.9687105837234276,0.9909159342447916,0.12441028670159171,0.01
six_layer_input,8500,ood_dev,25,4096,3825,3931,101342,102400,0.933837890625,0.925811939428527,0.9410508492175237,0.959716796875,0.9532520220922961,0.9653200831527876,0.98966796875,0.14637401225013957,0.01
six_layer_input,8500,ood_dev,26,4096,3790,3910,105252,106496,0.92529296875,0.9168366756670765,0.9329522820264635,0.95458984375,0.947776604127552,0.9605512025460251,0.9883188100961539,0.15847788070445312,0.01
six_layer_input,8500,ood_dev,27,4096,3763,3897,109149,110592,0.918701171875,0.9099341270902004,0.9266835895828311,0.951416015625,0.9443984033341,0.9575876946999731,0.9869520399305556,0.18244541607284082,0.01
six_layer_input,8500,ood_dev,28,4096,3729,3880,113029,114688,0.910400390625,0.9012649382880058,0.9187667711740153,0.947265625,0.9399922864751624,0.9537008079534055,0.98553466796875,0.19763250997502757,0.01
six_layer_input,8500,ood_dev,29,4096,3699,3866,116895,118784,0.903076171875,0.8936345097261459,0.9117624874908657,0.94384765625,0.9363725983801838,0.9504909636673797,0.9840971848060345,0.2149086997298234,0.01
six_layer_input,8500,ood_dev,30,4096,3659,3831,120726,122880,0.893310546875,0.8834849554963446,0.9023990920606546,0.935302734375,0.9273540238865371,0.9424357072085155,0.982470703125,0.2420460947540486,0.01
six_layer_input,8500,ood_dev,31,4096,3611,3811,124537,126976,0.881591796875,0.8713379539693884,0.891130553995596,0.930419921875,0.922217824599,0.9378154316660463,0.9807916456653226,0.26407188363136436,0.01
six_layer_input,8500,ood_dev,32,4096,3554,3761,128298,131072,0.86767578125,0.8569535466679127,0.877709008031554,0.918212890625,0.9094234956709693,0.9262185735190618,0.9788360595703125,0.3008908464546205,0.01
six_layer_input,8500,ood_dev,33,4096,3505,3736,132034,135168,0.855712890625,0.8446186417242619,0.8661405496416897,0.912109375,0.9030478297998547,0.9203986458526686,0.9768140388257576,0.3416005301410937,0.01
six_layer_input,8500,ood_dev,34,4096,3458,3722,135756,139264,0.84423828125,0.8328109384018381,0.855020537113599,0.90869140625,0.8994830025397677,0.9171339407317513,0.9748104319852942,0.35896837308236695,0.01
six_layer_input,8500,ood_dev,35,4096,3413,3713,139469,143360,0.833251953125,0.8215254984383661,0.844353908709557,0.906494140625,0.8971933081475053,0.9150332214505107,0.9728585379464286,0.37921639148089925,0.01
six_layer_input,8500,ood_dev,36,4096,3363,3666,143135,147456,0.821044921875,0.8090069584911099,0.8324812615817976,0.89501953125,0.8852592531857103,0.9040395605617911,0.9706963433159722,0.4332420242750409,0.01
six_layer_input,9000,dev,1,4096,4096,4096,4096,4096,1.0,0.9990630225926348,0.9999999999999999,1.0,0.9990630225926348,0.9999999999999999,1.0,2.272802455727252e-05,0.01
six_layer_input,9000,dev,2,4096,4096,4096,8192,8192,1.0,0.9990630225926348,0.9999999999999999,1.0,0.9990630225926348,0.9999999999999999,1.0,2.0200704247796963e-05,0.01
six_layer_input,9000,dev,3,4096,4096,4096,12288,12288,1.0,0.9990630225926348,0.9999999999999999,1.0,0.9990630225926348,0.9999999999999999,1.0,2.622016566511398e-05,0.01
six_layer_input,9000,dev,4,4096,4096,4096,16384,16384,1.0,0.9990630225926348,0.9999999999999999,1.0,0.9990630225926348,0.9999999999999999,1.0,3.1899754997621876e-05,0.01
six_layer_input,9000,dev,5,4096,4096,4096,20480,20480,1.0,0.9990630225926348,0.9999999999999999,1.0,0.9990630225926348,0.9999999999999999,1.0,6.36061645505892e-05,0.01
six_layer_input,9000,dev,6,4096,4095,4095,24575,24576,0.999755859375,0.9986182969663738,0.9999569018847606,0.999755859375,0.9986182969663738,0.9999569018847606,0.9999593098958334,0.0002875431732567435,0.01
six_layer_input,9000,dev,7,4096,4095,4096,28671,28672,0.999755859375,0.9986182969663738,0.9999569018847606,1.0,0.9990630225926348,0.9999999999999999,0.9999651227678571,0.0003007597048745314,0.01
six_layer_input,9000,dev,8,4096,4095,4095,32766,32768,0.999755859375,0.9986182969663738,0.9999569018847606,0.999755859375,0.9986182969663738,0.9999569018847606,0.99993896484375,0.0004882476165244398,0.01
six_layer_input,9000,dev,9,4096,4092,4093,36859,36864,0.9990234375,0.9974915571936952,0.9996201704329383,0.999267578125,0.9978486714629491,0.9997508799051849,0.9998643663194444,0.0015466249095016371,0.01
six_layer_input,9000,dev,10,4096,4089,4091,40950,40960,0.998291015625,0.9964763422189936,0.9991719141831389,0.998779296875,0.997145424476127,0.9994784794090062,0.999755859375,0.0037833131307244416,0.01
six_layer_input,9000,dev,11,4096,4087,4092,45042,45056,0.997802734375,0.9958290482073086,0.9988435607118235,0.9990234375,0.9974915571936952,0.9996201704329383,0.9996892755681818,0.004950975057516627,0.01
six_layer_input,9000,dev,12,4096,4084,4088,49130,49152,0.9970703125,0.9948858699188933,0.9983232677757378,0.998046875,0.9961504506055915,0.9990099820550408,0.9995524088541666,0.005683939465394694,0.01
six_layer_input,9000,ood_dev,1,4096,4096,4096,4096,4096,1.0,0.9990630225926348,0.9999999999999999,1.0,0.9990630225926348,0.9999999999999999,1.0,2.2812539032690538e-05,0.01
six_layer_input,9000,ood_dev,2,4096,4096,4096,8192,8192,1.0,0.9990630225926348,0.9999999999999999,1.0,0.9990630225926348,0.9999999999999999,1.0,2.0812837688621855e-05,0.01
six_layer_input,9000,ood_dev,3,4096,4096,4096,12288,12288,1.0,0.9990630225926348,0.9999999999999999,1.0,0.9990630225926348,0.9999999999999999,1.0,2.6635755074666534e-05,0.01
six_layer_input,9000,ood_dev,4,4096,4096,4096,16384,16384,1.0,0.9990630225926348,0.9999999999999999,1.0,0.9990630225926348,0.9999999999999999,1.0,3.4304722665079446e-05,0.01
six_layer_input,9000,ood_dev,5,4096,4096,4096,20480,20480,1.0,0.9990630225926348,0.9999999999999999,1.0,0.9990630225926348,0.9999999999999999,1.0,4.506635649814683e-05,0.01
six_layer_input,9000,ood_dev,6,4096,4096,4096,24576,24576,1.0,0.9990630225926348,0.9999999999999999,1.0,0.9990630225926348,0.9999999999999999,1.0,8.716680125486764e-05,0.01
six_layer_input,9000,ood_dev,7,4096,4096,4096,28672,28672,1.0,0.9990630225926348,0.9999999999999999,1.0,0.9990630225926348,0.9999999999999999,1.0,0.0003492301792389352,0.01
six_layer_input,9000,ood_dev,8,4096,4096,4096,32768,32768,1.0,0.9990630225926348,0.9999999999999999,1.0,0.9990630225926348,0.9999999999999999,1.0,0.0003674201546759459,0.01
six_layer_input,9000,ood_dev,9,4096,4095,4095,36863,36864,0.999755859375,0.9986182969663738,0.9999569018847606,0.999755859375,0.9986182969663738,0.9999569018847606,0.9999728732638888,0.0013981790017844054,0.01
six_layer_input,9000,ood_dev,10,4096,4093,4094,40957,40960,0.999267578125,0.9978486714629491,0.9997508799051849,0.99951171875,0.9982212896544476,0.9998660854551866,0.9999267578125,0.0017745660920084338,0.01
six_layer_input,9000,ood_dev,11,4096,4087,4089,45046,45056,0.997802734375,0.9958290482073086,0.9988435607118235,0.998291015625,0.9964763422189936,0.9991719141831389,0.9997780539772727,0.0047913295350714424,0.01
six_layer_input,9000,ood_dev,12,4096,4082,4085,49131,49152,0.99658203125,0.9942706398960515,0.9979628503155791,0.997314453125,0.9951972177470491,0.9984997436890822,0.99957275390625,0.00727796650147039,0.01
six_layer_input,9000,ood_dev,13,4096,4072,4078,53209,53248,0.994140625,0.9912959670744264,0.996059285722201,0.99560546875,0.9930638103960733,0.9972183848495558,0.999267578125,0.011311566523407146,0.01
six_layer_input,9000,ood_dev,14,4096,4066,4080,57289,57344,0.99267578125,0.9895635962243474,0.994864714123278,0.99609375,0.9936637657680687,0.9975940769605611,0.9990408761160714,0.01459547396980998,0.01
six_layer_input,9000,ood_dev,15,4096,4053,4067,61356,61440,0.989501953125,0.9858899643168433,0.9921966373912783,0.992919921875,0.9898503448988859,0.9950657891902398,0.9986328125,0.01882093428632925,0.01
six_layer_input,9000,ood_dev,16,4096,4038,4053,65409,65536,0.98583984375,0.9817394754367362,0.9890297701488805,0.989501953125,0.9858899643168433,0.9921966373912783,0.9980621337890625,0.027031160920099384,0.01
six_layer_input,9000,ood_dev,17,4096,4023,4050,69459,69632,0.982177734375,0.9776509528256319,0.9858009366374803,0.98876953125,0.9850536128857085,0.9915695175979121,0.9975155101102942,0.03489768592865816,0.01
six_layer_input,9000,ood_dev,18,4096,3991,4027,73486,73728,0.974365234375,0.9690626764666648,0.9787788532684374,0.983154296875,0.978736356856804,0.9866668275723093,0.9967176649305556,0.04750191194638009,0.01
six_layer_input,9000,ood_dev,19,4096,3970,4024,77510,77824,0.96923828125,0.9634948720671381,0.9741023590964577,0.982421875,0.9779220041441211,0.9860177090604912,0.9959652549342105,0.063972479252003,0.01
six_layer_input,9000,ood_dev,20,4096,3941,4002,81512,81920,0.962158203125,0.9558683230202784,0.9675820196398083,0.97705078125,0.971998448439275,0.9812091424523306,0.99501953125,0.06933258442345525,0.01
six_layer_input,9000,ood_dev,21,4096,3918,3987,85499,86016,0.95654296875,0.9498596607971911,0.9623707358083885,0.973388671875,0.9679986619577605,0.9778915728113404,0.9939894903273809,0.08574906870771304,0.01
six_layer_input,9000,ood_dev,22,4096,3884,3970,89469,90112,0.9482421875,0.9410279137807931,0.954616475613776,0.96923828125,0.9634948720671381,0.9741023590964577,0.9928644353693182,0.10730421823496683,0.01
six_layer_input,9000,ood_dev,23,4096,3844,3939,93408,94208,0.9384765625,0.9306990192363365,0.9454324204982203,0.961669921875,0.9553445608690955,0.9671301343079907,0.9915081521739131,0.13097400073824605,0.01
six_layer_input,9000,ood_dev,24,4096,3807,3925,97333,98304,0.929443359375,0.9211919432008939,0.9368900180981512,0.958251953125,0.9516851324633817,0.9639600303327001,0.9901224772135416,0.13388721920757274,0.01
six_layer_input,9000,ood_dev,25,4096,3777,3908,101241,102400,0.922119140625,0.913511081106035,0.9299361679480009,0.9541015625,0.947256349406498,0.9600958097840784,0.988681640625,0.16016698333167223,0.01
six_layer_input,9000,ood_dev,26,4096,3732,3889,105130,106496,0.9111328125,0.9020289161772014,0.9194662645093207,0.949462890625,0.9423233877337558,0.9557601203683148,0.9871732271634616,0.1710599405486678,0.01
six_layer_input,9000,ood_dev,27,4096,3690,3876,109006,110592,0.90087890625,0.891348537986598,0.909658045556911,0.9462890625,0.938957308629731,0.9527844908328355,0.9856589988425926,0.2014031000411617,0.01
six_layer_input,9000,ood_dev,28,4096,3639,3826,112832,114688,0.888427734375,0.8784196529935242,0.897707919733469,0.93408203125,0.9260688787441457,0.9412817336434055,0.9838169642857143,0.23234603282339705,0.01
six_layer_input,9000,ood_dev,29,4096,3595,3813,116645,118784,0.877685546875,0.8672960695593817,0.8873672585415979,0.930908203125,0.9227309300951754,0.9382779736528717,0.9819925242456896,0.2591676877031833,0.01
six_layer_input,9000,ood_dev,30,4096,3541,3763,120408,122880,0.864501953125,0.8536784094847769,0.8746424365751859,0.918701171875,0.9099341270902004,0.9266835895828311,0.9798828125,0.3001236140185767,0.01
six_layer_input,9000,ood_dev,31,4096,3496,3744,124152,126976,0.853515625,0.8423558657102518,0.864012911982197,0.9140625,0.905086622776321,0.9222624428082047,0.9777595766129032,0.3298590332104948,0.01
six_layer_input,9000,ood_dev,32,4096,3459,3736,127888,131072,0.844482421875,0.8330619395689436,0.8552573596879938,0.912109375,0.9030478297998547,0.9203986458526686,0.9757080078125,0.33862999004419225,0.01
six_layer_input,9000,ood_dev,33,4096,3414,3710,131598,135168,0.83349609375,0.8217760872138762,0.8445911436755471,0.90576171875,0.8964304105240852,0.9143326478494298,0.9735884232954546,0.37645595442146396,0.01
six_layer_input,9000,ood_dev,34,4096,3373,3688,135286,139264,0.823486328125,0.8115089957822146,0.8348574617056961,0.900390625,0.8908407331020064,0.9091902029585018,0.971435546875,0.41359558967618515,0.01
six_layer_input,9000,ood_dev,35,4096,3326,3656,138942,143360,0.81201171875,0.7997563511900377,0.8236823904473584,0.892578125,0.8827247749340756,0.9016958013984229,0.9691824776785715,0.4475556630680554,0.01
six_layer_input,9000,ood_dev,36,4096,3280,3633,142575,147456,0.80078125,0.7882701144567107,0.8127287350716711,0.886962890625,0.8769012144234478,0.8962994158545434,0.9668986002604166,0.47181454057702166,0.01
six_layer_input,9500,dev,1,4096,4096,4096,4096,4096,1.0,0.9990630225926348,0.9999999999999999,1.0,0.9990630225926348,0.9999999999999999,1.0,1.870198660736122e-05,0.01
six_layer_input,9500,dev,2,4096,4096,4096,8192,8192,1.0,0.9990630225926348,0.9999999999999999,1.0,0.9990630225926348,0.9999999999999999,1.0,1.8197235457373395e-05,0.01
six_layer_input,9500,dev,3,4096,4096,4096,12288,12288,1.0,0.9990630225926348,0.9999999999999999,1.0,0.9990630225926348,0.9999999999999999,1.0,2.174814394750868e-05,0.01
six_layer_input,9500,dev,4,4096,4096,4096,16384,16384,1.0,0.9990630225926348,0.9999999999999999,1.0,0.9990630225926348,0.9999999999999999,1.0,3.389958308908092e-05,0.01
six_layer_input,9500,dev,5,4096,4096,4096,20480,20480,1.0,0.9990630225926348,0.9999999999999999,1.0,0.9990630225926348,0.9999999999999999,1.0,6.830093704279783e-05,0.01
six_layer_input,9500,dev,6,4096,4096,4096,24576,24576,1.0,0.9990630225926348,0.9999999999999999,1.0,0.9990630225926348,0.9999999999999999,1.0,0.00016714312339449755,0.01
six_layer_input,9500,dev,7,4096,4095,4095,28671,28672,0.999755859375,0.9986182969663738,0.9999569018847606,0.999755859375,0.9986182969663738,0.9999569018847606,0.9999651227678571,0.00045418161956700676,0.01
six_layer_input,9500,dev,8,4096,4093,4094,32765,32768,0.999267578125,0.9978486714629491,0.9997508799051849,0.99951171875,0.9982212896544476,0.9998660854551866,0.999908447265625,0.001469319554201487,0.01
six_layer_input,9500,dev,9,4096,4091,4093,36858,36864,0.998779296875,0.997145424476127,0.9994784794090062,0.999267578125,0.9978486714629491,0.9997508799051849,0.9998372395833334,0.0022110003468819306,0.01
six_layer_input,9500,dev,10,4096,4089,4092,40950,40960,0.998291015625,0.9964763422189936,0.9991719141831389,0.9990234375,0.9974915571936952,0.9996201704329383,0.999755859375,0.004461273141401989,0.01
six_layer_input,9500,dev,11,4096,4083,4086,45036,45056,0.996826171875,0.9945771012522003,0.9981442127009305,0.99755859375,0.9955114747539533,0.9986733104236785,0.9995561079545454,0.007765372240796986,0.01
six_layer_input,9500,dev,12,4096,4076,4082,49118,49152,0.9951171875,0.9924697076331114,0.9968368401295172,0.99658203125,0.9942706398960515,0.9979628503155791,0.9993082682291666,0.011753207285262746,0.01
six_layer_input,9500,ood_dev,1,4096,4096,4096,4096,4096,1.0,0.9990630225926348,0.9999999999999999,1.0,0.9990630225926348,0.9999999999999999,1.0,1.879339929455881e-05,0.01
six_layer_input,9500,ood_dev,2,4096,4096,4096,8192,8192,1.0,0.9990630225926348,0.9999999999999999,1.0,0.9990630225926348,0.9999999999999999,1.0,1.760450019561155e-05,0.01
six_layer_input,9500,ood_dev,3,4096,4096,4096,12288,12288,1.0,0.9990630225926348,0.9999999999999999,1.0,0.9990630225926348,0.9999999999999999,1.0,2.2569039870856678e-05,0.01
six_layer_input,9500,ood_dev,4,4096,4096,4096,16384,16384,1.0,0.9990630225926348,0.9999999999999999,1.0,0.9990630225926348,0.9999999999999999,1.0,3.2596605221701935e-05,0.01
six_layer_input,9500,ood_dev,5,4096,4096,4096,20480,20480,1.0,0.9990630225926348,0.9999999999999999,1.0,0.9990630225926348,0.9999999999999999,1.0,5.782237403451074e-05,0.01
six_layer_input,9500,ood_dev,6,4096,4096,4096,24576,24576,1.0,0.9990630225926348,0.9999999999999999,1.0,0.9990630225926348,0.9999999999999999,1.0,9.609778302865912e-05,0.01
six_layer_input,9500,ood_dev,7,4096,4096,4096,28672,28672,1.0,0.9990630225926348,0.9999999999999999,1.0,0.9990630225926348,0.9999999999999999,1.0,0.00042194249324345456,0.01
six_layer_input,9500,ood_dev,8,4096,4094,4094,32766,32768,0.99951171875,0.9982212896544476,0.9998660854551866,0.99951171875,0.9982212896544476,0.9998660854551866,0.99993896484375,0.0008372457829241009,0.01
six_layer_input,9500,ood_dev,9,4096,4093,4093,36859,36864,0.999267578125,0.9978486714629491,0.9997508799051849,0.999267578125,0.9978486714629491,0.9997508799051849,0.9998643663194444,0.002020754809339609,0.01
six_layer_input,9500,ood_dev,10,4096,4088,4089,40948,40960,0.998046875,0.9961504506055915,0.9990099820550408,0.998291015625,0.9964763422189936,0.9991719141831389,0.99970703125,0.005195559405045125,0.01
six_layer_input,9500,ood_dev,11,4096,4081,4084,45032,45056,0.996337890625,0.9939662587473084,0.9977794077228217,0.9970703125,0.9948858699188933,0.9983232677757378,0.9994673295454546,0.010263748985783416,0.01
six_layer_input,9500,ood_dev,12,4096,4072,4076,49108,49152,0.994140625,0.9912959670744264,0.996059285722201,0.9951171875,0.9924697076331114,0.9968368401295172,0.9991048177083334,0.01569683487528739,0.01
six_layer_input,9500,ood_dev,13,4096,4058,4066,53174,53248,0.99072265625,0.987292434466316,0.993233285949307,0.99267578125,0.9895635962243474,0.994864714123278,0.9986102764423077,0.022642408974761663,0.01
six_layer_input,9500,ood_dev,14,4096,4050,4062,57236,57344,0.98876953125,0.9850536128857085,0.9915695175979121,0.99169921875,0.9884233098915096,0.9940537054901146,0.9981166294642857,0.02496088076793357,0.01
six_layer_input,9500,ood_dev,15,4096,4034,4057,61293,61440,0.98486328125,0.9806440746636242,0.9881738759559913,0.990478515625,0.9870110133784079,0.9930268832957149,0.997607421875,0.03397939210843215,0.01
six_layer_input,9500,ood_dev,16,4096,4023,4056,65349,65536,0.982177734375,0.9776509528256319,0.9858009366374803,0.990234375,0.9867300726317991,0.9928200003008232,0.9971466064453125,0.03828659823681391,0.01
six_layer_input,9500,ood_dev,17,4096,4004,4038,69387,69632,0.9775390625,0.9725338897863597,0.9816493485882466,0.98583984375,0.9817394754367362,0.9890297701488805,0.9964815027573529,0.05567521255828978,0.01
six_layer_input,9500,ood_dev,18,4096,3974,4019,73406,73728,0.97021484375,0.9645521097608273,0.9749964163687698,0.981201171875,0.9765686419356131,0.9849319525614978,0.9956325954861112,0.06436753938811657,0.01
six_layer_input,9500,ood_dev,19,4096,3942,3997,77403,77824,0.96240234375,0.9561303013811572,0.9678078650204299,0.975830078125,0.9706621520616038,0.9801063201225003,0.9945903577302632,0.08060402675697231,0.01
six_layer_input,9500,ood_dev,20,4096,3914,3979,81382,81920,0.95556640625,0.9488177185640135,0.9614613830755648,0.971435546875,0.9658757308170035,0.976111914020095,0.9934326171875,0.09416719964697773,0.01
six_layer_input,9500,ood_dev,21,4096,3879,3953,85335,86016,0.947021484375,0.9397334817874256,0.9534717888996419,0.965087890625,0.9590165375678266,0.9702876899902639,0.9920828683035714,0.12269616251110238,0.01
six_layer_input,9500,ood_dev,22,4096,3860,3951,89286,90112,0.9423828125,0.9348235709099155,0.9491130486886461,0.964599609375,0.958491137419128,0.9698374426559618,0.9908336292613636,0.13670103544860157,0.01
six_layer_input,9500,ood_dev,23,4096,3821,3926,93212,94208,0.932861328125,0.9247844761276197,0.9401270175524298,0.95849609375,0.9519461365874095,0.9641868499501726,0.9894276494565217,0.14903868149130162,0.01
six_layer_input,9500,ood_dev,24,4096,3782,3906,97118,98304,0.92333984375,0.9147896715191604,0.931096696242377,0.95361328125,0.946736292289229,0.959640219418347,0.9879353841145834,0.17416987474667023,0.01
six_layer_input,9500,ood_dev,25,4096,3737,3869,100987,102400,0.912353515625,0.9033026080618216,0.9206316913322019,0.944580078125,0.9371476107069147,0.9511794225651499,0.986201171875,0.19808218813593503,0.01
six_layer_input,9500,ood_dev,26,4096,3693,3851,104838,106496,0.901611328125,0.8921103732139267,0.9103596815540832,0.940185546875,0.9325024349976097,0.9470437709274493,0.9844313401442307,0.23108472153156856,0.01
six_layer_input,9500,ood_dev,27,4096,3655,3844,108682,110592,0.892333984375,0.882471412102709,0.9014613404882891,0.9384765625,0.9306990192363365,0.9454324204982203,0.9827293113425926,0.24427482651069832,0.01
six_layer_input,9500,ood_dev,28,4096,3602,3804,112486,114688,0.87939453125,0.8690639784398397,0.889014115851642,0.9287109375,0.920422816416333,0.9361956736582114,0.9808000837053571,0.2692627475409567,0.01
six_layer_input,9500,ood_dev,29,4096,3568,3785,116271,118784,0.87109375,0.8604828297370326,0.8810092573434385,0.924072265625,0.9155571142869631,0.9317927246990753,0.9788439520474138,0.29724132148698845,0.01
six_layer_input,9500,ood_dev,30,4096,3522,3753,120024,122880,0.85986328125,0.8488951055782347,0.8701570893932221,0.916259765625,0.9073818457534903,0.924357633504538,0.9767578125,0.3376635564295517,0.01
six_layer_input,9500,ood_dev,31,4096,3475,3724,123748,126976,0.848388671875,0.8370792714105819,0.8590452077103603,0.9091796875,0.8999920309339198,0.9176005598205996,0.974577872983871,0.37752031391379526,0.01
six_layer_input,9500,ood_dev,32,4096,3420,3686,127434,131072,0.8349609375,0.8232798053025183,0.8460143680359069,0.89990234375,0.8903329959119337,0.908722292665574,0.9722442626953125,0.41833282048834053,0.01
six_layer_input,9500,ood_dev,33,4096,3374,3663,131097,135168,0.82373046875,0.8117592444729407,0.8350950367564702,0.894287109375,0.8844987461372489,0.9033365963857516,0.9698819247159091,0.44377317385243964,0.01
six_layer_input,9500,ood_dev,34,4096,3322,3619,134716,139264,0.81103515625,0.798756922138199,0.8227305245331958,0.883544921875,0.8733601817939964,0.8930109161029904,0.9673426011029411,0.47501912533272506,0.01
six_layer_input,9500,ood_dev,35,4096,3272,3600,138316,143360,0.798828125,0.7862740796113783,0.8108221799850011,0.87890625,0.8685587962878935,0.8885436505205876,0.9648158482142857,0.5308557812951458,0.01
six_layer_input,9500,ood_dev,36,4096,3220,3540,141856,147456,0.7861328125,0.773310668234639,0.7984187568037243,0.8642578125,0.853426556028023,0.8744064662904394,0.9620225694444444,0.5767024857499844,0.01
six_layer_input,10000,dev,1,102400,102400,102400,102400,102400,1.0,0.9999624871609701,1.0,1.0,0.9999624871609701,1.0,1.0,1.8110684985916947e-05,0.01
six_layer_input,10000,dev,2,102400,102400,102400,204800,204800,1.0,0.9999624871609701,1.0,1.0,0.9999624871609701,1.0,1.0,1.7776743247162052e-05,0.01
six_layer_input,10000,dev,3,102400,102400,102400,307200,307200,1.0,0.9999624871609701,1.0,1.0,0.9999624871609701,1.0,1.0,2.4520363911175736e-05,0.01
six_layer_input,10000,dev,4,102400,102400,102400,409600,409600,1.0,0.9999624871609701,1.0,1.0,0.9999624871609701,1.0,1.0,4.863477493233237e-05,0.01
six_layer_input,10000,dev,5,102400,102400,102400,512000,512000,1.0,0.9999624871609701,1.0,1.0,0.9999624871609701,1.0,1.0,9.072008893742378e-05,0.01
six_layer_input,10000,dev,6,102400,102395,102395,614395,614400,0.999951171875,0.9998856912053655,0.9999791433689678,0.999951171875,0.9998856912053655,0.9999791433689678,0.9999918619791667,0.00023286385145608878,0.01
six_layer_input,10000,dev,7,102400,102376,102380,716775,716800,0.999765625,0.9996512662615883,0.999842488483525,0.9998046875,0.9996983209212157,0.9998735558932069,0.9999651227678571,0.0006467045744125732,0.01
six_layer_input,10000,dev,8,102400,102331,102346,819121,819200,0.999326171875,0.9991474062701934,0.9994674751951885,0.99947265625,0.99931206478972,0.9995957744355726,0.999903564453125,0.0015860105737925156,0.01
six_layer_input,10000,dev,9,102400,102259,102292,921413,921600,0.998623046875,0.9983764558107984,0.9988322284070137,0.9989453125,0.9987269136098458,0.9991262776797689,0.9997970920138889,0.003126210540820309,0.01
six_layer_input,10000,dev,10,102400,102141,102206,1023619,1024000,0.997470703125,0.9971438381196085,0.9977602450535745,0.99810546875,0.9978197932403128,0.9983537735591488,0.9996279296875,0.005427521557457861,0.01
six_layer_input,10000,dev,11,102400,101975,102097,1125716,1126400,0.995849609375,0.995436809795103,0.9962252075017379,0.997041015625,0.9966891749034408,0.9973555655073385,0.9993927556818182,0.008827264518827631,0.01
six_layer_input,10000,dev,12,102400,101731,101946,1227662,1228800,0.993466796875,0.9929545036838278,0.9939420673851366,0.99556640625,0.9951404773447503,0.9959551549495971,0.9990738932291666,0.013108732259563771,0.01
six_layer_input,10000,ood_dev,1,102400,102400,102400,102400,102400,1.0,0.9999624871609701,1.0,1.0,0.9999624871609701,1.0,1.0,1.8163355954929905e-05,0.01
six_layer_input,10000,ood_dev,2,102400,102400,102400,204800,204800,1.0,0.9999624871609701,1.0,1.0,0.9999624871609701,1.0,1.0,1.7877613722800944e-05,0.01
six_layer_input,10000,ood_dev,3,102400,102400,102400,307200,307200,1.0,0.9999624871609701,1.0,1.0,0.9999624871609701,1.0,1.0,2.3537759569767223e-05,0.01
six_layer_input,10000,ood_dev,4,102400,102400,102400,409600,409600,1.0,0.9999624871609701,1.0,1.0,0.9999624871609701,1.0,1.0,4.384917099803154e-05,0.01
six_layer_input,10000,ood_dev,5,102400,102398,102398,511998,512000,0.99998046875,0.9999287823158808,0.9999946438104347,0.99998046875,0.9999287823158808,0.9999946438104347,0.99999609375,0.00012219585193183667,0.01
six_layer_input,10000,ood_dev,6,102400,102392,102392,614390,614400,0.999921875,0.9998458314166382,0.9999604116057129,0.999921875,0.9998458314166382,0.9999604116057129,0.9999837239583333,0.0003509186453769386,0.01
six_layer_input,10000,ood_dev,7,102400,102376,102380,716770,716800,0.999765625,0.9996512662615883,0.999842488483525,0.9998046875,0.9996983209212157,0.9998735558932069,0.9999581473214286,0.0007490095860033686,0.01
six_layer_input,10000,ood_dev,8,102400,102337,102347,819117,819200,0.999384765625,0.9992130096490762,0.99951905492027,0.999482421875,0.9993231258054708,0.9996042439371492,0.999898681640625,0.0015596165236617533,0.01
six_layer_input,10000,ood_dev,9,102400,102262,102291,921408,921600,0.99865234375,0.9984081690591273,0.9988591067106667,0.998935546875,0.9987162351185682,0.9991174256537193,0.9997916666666666,0.003416997997138438,0.01
six_layer_input,10000,ood_dev,10,102400,102142,102207,1023615,1024000,0.99748046875,0.9971541952330171,0.9977694184574933,0.998115234375,0.9978302428058651,0.9983628545109241,0.9996240234375,0.005717492601783581,0.01
six_layer_input,10000,ood_dev,11,102400,101948,102061,1125676,1126400,0.9955859375,0.9951609001895508,0.9959737931394513,0.996689453125,0.9963185084727131,0.9970231333142809,0.9993572443181818,0.009679707147168717,0.01
six_layer_input,10000,ood_dev,12,102400,101692,101887,1227563,1228800,0.9930859375,0.9925595871399535,0.9935752937532436,0.994990234375,0.9945388451005461,0.9954044866714868,0.9989933268229166,0.01471917169995132,0.01
six_layer_input,10000,ood_dev,13,102400,101328,101668,1329231,1331200,0.98953125,0.9888892369123623,0.9901365356736749,0.9928515625,0.9923167573892135,0.9933493910881268,0.9985208834134616,0.021033250518945733,0.01
six_layer_input,10000,ood_dev,14,102400,100852,101341,1430572,1433600,0.9848828125,0.9841170626778986,0.985612183660314,0.989658203125,0.9890199350989831,0.9902597342123097,0.9978878348214286,0.030950818520432122,0.01
six_layer_input,10000,ood_dev,15,102400,100287,101002,1531574,1536000,0.979365234375,0.9784763793116916,0.980218124736561,0.98634765625,0.9856184414060575,0.9870403825312596,0.9971184895833334,0.041284833008216844,0.01
six_layer_input,10000,ood_dev,16,102400,99652,100605,1632179,1638400,0.9731640625,0.9721563674573221,0.9741362580880553,0.982470703125,0.9816486301155768,0.983256578442777,0.9962030029296876,0.05376864162150671,0.01
six_layer_input,10000,ood_dev,17,102400,98937,100171,1732350,1740800,0.966181640625,0.9650568923542325,0.9672714133020804,0.978232421875,0.9773205519997502,0.9791084120385284,0.9951459099264706,0.07015282283831546,0.01
six_layer_input,10000,ood_dev,18,102400,98155,99684,1832034,1843200,0.958544921875,0.9573066853928786,0.9597487557134367,0.9734765625,0.9724744764587614,0.9744431256410917,0.9939420572916666,0.08661666137828126,0.01
six_layer_input,10000,ood_dev,19,102400,97281,99194,1931228,1945600,0.950009765625,0.9486580380027821,0.9513277309594182,0.96869140625,0.9676070477462893,0.9697406008631562,0.9926130756578947,0.10671582241877915,0.01
six_layer_input,10000,ood_dev,20,102400,96348,98668,2029896,2048000,0.9408984375,0.9394374921097114,0.9423263041860596,0.9635546875,0.9623894120626731,0.9646851844325793,0.99116015625,0.12747002264021223,0.01
six_layer_input,10000,ood_dev,21,102400,95290,97965,2127861,2150400,0.93056640625,0.9289933145952107,0.9321071943682104,0.956689453125,0.955425474040563,0.9579191687735535,0.9895186941964286,0.15131666835565472,0.01
six_layer_input,10000,ood_dev,22,102400,94157,97294,2225155,2252800,0.919501953125,0.9178198199625025,0.9211526128690168,0.95013671875,0.9487865930119844,0.9514530726754719,0.987728604403409,0.17934730113308944,0.01
six_layer_input,10000,ood_dev,23,102400,92992,96665,2321820,2355200,0.908125,0.9063404868566102,0.9098788932885314,0.943994140625,0.9425690990785147,0.9453858712100303,0.9858271059782608,0.20695895192634914,0.01
six_layer_input,10000,ood_dev,24,102400,91779,95982,2417802,2457600,0.896279296875,0.8943969419578368,0.898131920669214,0.93732421875,0.9358232072386772,0.9387924197152793,0.98380615234375,0.2352864419816264,0.01
six_layer_input,10000,ood_dev,25,102400,90552,95313,2513115,2560000,0.884296875,0.8823232835569175,0.8862416343094592,0.930791015625,0.9292202479201334,0.9323294629418172,0.981685546875,0.265423608022783,0.01
six_layer_input,10000,ood_dev,26,102400,89265,94574,2607689,2662400,0.871728515625,0.8696664495192229,0.8737626925468381,0.92357421875,0.921931033435069,0.9251856251219606,0.9794504957932693,0.2970950599331743,0.01
six_layer_input,10000,ood_dev,27,102400,87948,93801,2701490,2764800,0.8588671875,0.8567212912430245,0.8609861595028999,0.916025390625,0.914311008607678,0.9177085600553001,0.9771014178240741,0.33130829545901763,0.01
six_layer_input,10000,ood_dev,28,102400,86629,93032,2794522,2867200,0.845986328125,0.8437625018303234,0.8481841965608095,0.908515625,0.9067344822338405,0.910266118604396,0.9746519252232143,0.36726470853788334,0.01
six_layer_input,10000,ood_dev,29,102400,85287,92330,2886852,2969600,0.832880859375,0.8305832942788756,0.8351534498589366,0.90166015625,0.8998212309999777,0.90346894667445,0.9721349676724138,0.40361100400933947,0.01
six_layer_input,10000,ood_dev,30,102400,83881,91544,2978396,3072000,0.819150390625,0.8167810026621528,0.8214958341133874,0.893984375,0.8920839797187826,0.8958552113363382,0.9695299479166667,0.4399252629853542,0.01
six_layer_input,10000,ood_dev,31,102400,82518,90756,3069152,3174400,0.80583984375,0.8034056729379464,0.8082510687203983,0.8862890625,0.884330148285348,0.8882189951158107,0.9668447580645161,0.4792853759440382,0.01
six_layer_input,10000,ood_dev,32,102400,81139,89945,3159097,3276800,0.792373046875,0.7898777970228295,0.7948463612410823,0.878369140625,0.8763529596877909,0.8803569341608769,0.9640798950195313,0.519594038940148,0.01
six_layer_input,10000,ood_dev,33,102400,79756,89202,3248299,3379200,0.7788671875,0.7763148645469284,0.7813985882532406,0.87111328125,0.8690470573039172,0.8731516621705199,0.9612627249053031,0.5583154895682761,0.01
six_layer_input,10000,ood_dev,34,102400,78322,88415,3336714,3481600,0.76486328125,0.762255906955341,0.7674507839973901,0.863427734375,0.8613108393171328,0.86551736302067,0.9583852251838235,0.6035818994450516,0.01
six_layer_input,10000,ood_dev,35,102400,76900,87660,3424374,3584000,0.7509765625,0.7483184888702756,0.7536158064429457,0.8560546875,0.85389128431526,0.858191377440384,0.9554614955357142,0.6492699812732914,0.01
six_layer_input,10000,ood_dev,36,102400,75528,86917,3511291,3686400,0.737578125,0.7348745999403687,0.7402638255997109,0.848798828125,0.8465915364052089,0.8509799509762045,0.9524986436631945,0.6897193969046671,0.01
baseline,500,dev,1,4096,4096,4096,4096,4096,1.0,0.9990630225926348,0.9999999999999999,1.0,0.9990630225926348,0.9999999999999999,1.0,0.00216769913285475,0.0
baseline,500,dev,2,4096,4096,4096,8192,8192,1.0,0.9990630225926348,0.9999999999999999,1.0,0.9990630225926348,0.9999999999999999,1.0,0.012094602502415341,0.0
baseline,500,dev,3,4096,231,231,8423,12288,0.056396484375,0.04973859724567345,0.06388566444826334,0.056396484375,0.04973859724567345,0.06388566444826334,0.6854654947916666,3.9425821769714275,0.0
baseline,500,dev,4,4096,4,77,8500,16384,0.0009765625,0.000379829567061715,0.0025084428063047127,0.018798828125,0.01506804743850219,0.023431358064386867,0.518798828125,4.093704838311851,0.0
baseline,500,dev,5,4096,0,55,8555,20480,0.0,0.0,0.0009369774073651883,0.013427734375,0.010331122163193216,0.017436161026689018,0.417724609375,4.09960120159667,0.0
baseline,500,dev,6,4096,0,72,8627,24576,0.0,0.0,0.0009369774073651883,0.017578125,0.013982290939508705,0.022077995855878798,0.3510335286458333,4.09794074553065,0.0
baseline,500,dev,7,4096,0,66,8693,28672,0.0,0.0,0.0009369774073651883,0.01611328125,0.01268594169611479,0.020447402650270854,0.30318777901785715,4.095422029786278,0.0
baseline,500,dev,8,4096,0,56,8749,32768,0.0,0.0,0.0009369774073651883,0.013671875,0.01054387645975476,0.017711230471627787,0.266998291015625,4.098524092056323,0.0
baseline,500,dev,9,4096,0,80,8829,36864,0.0,0.0,0.0009369774073651883,0.01953125,0.015721675338006252,0.02424120138938373,0.239501953125,4.09707376168808,0.0
baseline,500,dev,10,4096,0,74,8903,40960,0.0,0.0,0.0009369774073651883,0.01806640625,0.014416028944668636,0.02261990533371949,0.2173583984375,4.097326650691684,0.0
baseline,500,dev,11,4096,0,67,8970,45056,0.0,0.0,0.0009369774073651883,0.016357421875,0.012901468019013623,0.020719700068872332,0.19908558238636365,4.0963929338613525,0.0
baseline,500,dev,12,4096,0,68,9038,49152,0.0,0.0,0.0009369774073651883,0.0166015625,0.013117213150496153,0.020991778678890113,0.18387858072916666,4.097268775571138,0.0
baseline,500,ood_dev,1,4096,4096,4096,4096,4096,1.0,0.9990630225926348,0.9999999999999999,1.0,0.9990630225926348,0.9999999999999999,1.0,0.002180558113053621,0.0
baseline,500,ood_dev,2,4096,4096,4096,8192,8192,1.0,0.9990630225926348,0.9999999999999999,1.0,0.9990630225926348,0.9999999999999999,1.0,0.012084806911929036,0.0
baseline,500,ood_dev,3,4096,211,211,8403,12288,0.051513671875,0.04515471096533265,0.058713075898597936,0.051513671875,0.04515471096533265,0.058713075898597936,0.683837890625,3.968975547376459,0.0
baseline,500,ood_dev,4,4096,2,55,8458,16384,0.00048828125,0.00013391454481334652,0.0017787103455524616,0.013427734375,0.010331122163193216,0.017436161026689018,0.5162353515625,4.098955072404351,0.0
baseline,500,ood_dev,5,4096,0,72,8530,20480,0.0,0.0,0.0009369774073651883,0.017578125,0.013982290939508705,0.022077995855878798,0.41650390625,4.096750756434631,0.0
baseline,500,ood_dev,6,4096,0,58,8588,24576,0.0,0.0,0.0009369774073651883,0.01416015625,0.010970229851119503,0.018260524563263665,0.3494466145833333,4.096938020200469,0.0
baseline,500,ood_dev,7,4096,0,68,8656,28672,0.0,0.0,0.0009369774073651883,0.0166015625,0.013117213150496153,0.020991778678890113,0.30189732142857145,4.098028941603843,0.0
baseline,500,ood_dev,8,4096,0,66,8722,32768,0.0,0.0,0.0009369774073651883,0.01611328125,0.01268594169611479,0.020447402650270854,0.26617431640625,4.098170407640282,0.0
baseline,500,ood_dev,9,4096,0,72,8794,36864,0.0,0.0,0.0009369774073651883,0.017578125,0.013982290939508705,0.022077995855878798,0.2385525173611111,4.098733241378795,0.0
baseline,500,ood_dev,10,4096,0,59,8853,40960,0.0,0.0,0.0009369774073651883,0.014404296875,0.011183814817094736,0.01853476333878874,0.2161376953125,4.09748196171131,0.0
baseline,500,ood_dev,11,4096,0,68,8921,45056,0.0,0.0,0.0009369774073651883,0.0166015625,0.013117213150496153,0.020991778678890113,0.197998046875,4.098426647717133,0.0
baseline,500,ood_dev,12,4096,0,60,8981,49152,0.0,0.0,0.0009369774073651883,0.0146484375,0.01139766303294143,0.018808738864442356,0.18271891276041666,4.097480184980668,0.0
baseline,500,ood_dev,13,4096,0,67,9048,53248,0.0,0.0,0.0009369774073651883,0.016357421875,0.012901468019013623,0.020719700068872332,0.169921875,4.097892888356,0.0
baseline,500,ood_dev,14,4096,0,75,9123,57344,0.0,0.0,0.0009369774073651883,0.018310546875,0.014633183903943853,0.022890574115944584,0.15909249441964285,4.096841491875239,0.0
baseline,500,ood_dev,15,4096,0,63,9186,61440,0.0,0.0,0.0009369774073651883,0.015380859375,0.012040724876904885,0.019629148244979834,0.14951171875,4.0969287232728675,0.0
baseline,500,ood_dev,16,4096,0,76,9262,65536,0.0,0.0,0.0009369774073651883,0.0185546875,0.014850524581988338,0.02316105717940041,0.141326904296875,4.098507378948852,0.0
baseline,500,ood_dev,17,4096,0,57,9319,69632,0.0,0.0,0.0009369774073651883,0.013916015625,0.01075691476118927,0.017986015911693586,0.13383214613970587,4.098581868689507,0.0
baseline,500,ood_dev,18,4096,0,74,9393,73728,0.0,0.0,0.0009369774073651883,0.01806640625,0.014416028944668636,0.02261990533371949,0.12740071614583334,4.096801450534258,0.0
baseline,500,ood_dev,19,4096,0,72,9465,77824,0.0,0.0,0.0009369774073651883,0.017578125,0.013982290939508705,0.022077995855878798,0.12162057976973684,4.096865248051472,0.0
baseline,500,ood_dev,20,4096,0,59,9524,81920,0.0,0.0,0.0009369774073651883,0.014404296875,0.011183814817094736,0.01853476333878874,0.116259765625,4.096613084198907,0.0
baseline,500,ood_dev,21,4096,0,63,9587,86016,0.0,0.0,0.0009369774073651883,0.015380859375,0.012040724876904885,0.019629148244979834,0.11145600818452381,4.094757262675557,0.0
baseline,500,ood_dev,22,4096,0,82,9669,90112,0.0,0.0,0.0009369774073651883,0.02001953125,0.01615827811132198,0.024780246099068624,0.1072998046875,4.095126694592182,0.0
baseline,500,ood_dev,23,4096,0,72,9741,94208,0.0,0.0,0.0009369774073651883,0.017578125,0.013982290939508705,0.022077995855878798,0.10339886209239131,4.096276361960918,0.0
baseline,500,ood_dev,24,4096,0,68,9809,98304,0.0,0.0,0.0009369774073651883,0.0166015625,0.013117213150496153,0.020991778678890113,0.09978230794270833,4.095638171595056,0.0
baseline,500,ood_dev,25,4096,0,70,9879,102400,0.0,0.0,0.0009369774073651883,0.01708984375,0.0135493413532538,0.021535297959133087,0.096474609375,4.097073215001728,0.0
baseline,500,ood_dev,26,4096,0,52,9931,106496,0.0,0.0,0.0009369774073651883,0.0126953125,0.009694640437114613,0.016609171528266693,0.09325232872596154,4.096828189154621,0.0
baseline,500,ood_dev,27,4096,0,54,9985,110592,0.0,0.0,0.0009369774073651883,0.01318359375,0.010118659410882703,0.017160800037499223,0.09028682002314815,4.0967557996627875,0.0
baseline,500,ood_dev,28,4096,0,65,10050,114688,0.0,0.0,0.0009369774073651883,0.015869140625,0.012470639018872916,0.020174881586012418,0.08762904575892858,4.09723376884358,0.0
baseline,500,ood_dev,29,4096,0,64,10114,118784,0.0,0.0,0.0009369774073651883,0.015625,0.012255565007829483,0.01990213185555554,0.08514614762931035,4.09957955632126,0.0
baseline,500,ood_dev,30,4096,0,77,10191,122880,0.0,0.0,0.0009369774073651883,0.018798828125,0.01506804743850219,0.023431358064386867,0.0829345703125,4.095961248152889,0.0
baseline,500,ood_dev,31,4096,0,54,10245,126976,0.0,0.0,0.0009369774073651883,0.01318359375,0.010118659410882703,0.017160800037499223,0.08068453881048387,4.096717660955619,0.0
baseline,500,ood_dev,32,4096,0,82,10327,131072,0.0,0.0,0.0009369774073651883,0.02001953125,0.01615827811132198,0.024780246099068624,0.07878875732421875,4.096194814366754,0.0
baseline,500,ood_dev,33,4096,0,60,10387,135168,0.0,0.0,0.0009369774073651883,0.0146484375,0.01139766303294143,0.018808738864442356,0.07684511126893939,4.098831303825136,0.0
baseline,500,ood_dev,34,4096,0,68,10455,139264,0.0,0.0,0.0009369774073651883,0.0166015625,0.013117213150496153,0.020991778678890113,0.0750732421875,4.09637738764286,0.0
baseline,500,ood_dev,35,4096,0,58,10513,143360,0.0,0.0,0.0009369774073651883,0.01416015625,0.010970229851119503,0.018260524563263665,0.07333286830357143,4.099622309557162,0.0
baseline,500,ood_dev,36,4096,0,74,10587,147456,0.0,0.0,0.0009369774073651883,0.01806640625,0.014416028944668636,0.02261990533371949,0.07179768880208333,4.097259794711135,0.0
baseline,1000,dev,1,102400,102400,102400,102400,102400,1.0,0.9999624871609701,1.0,1.0,0.9999624871609701,1.0,1.0,0.0022346321422472217,0.0
baseline,1000,dev,2,102400,102400,102400,204800,204800,1.0,0.9999624871609701,1.0,1.0,0.9999624871609701,1.0,1.0,0.008247190304025195,0.0
baseline,1000,dev,3,102400,102343,102343,307143,307200,0.999443359375,0.9992789510277558,0.9995702966455544,0.999443359375,0.9992789510277558,0.9995702966455544,0.999814453125,0.015147819321256577,0.0
baseline,1000,dev,4,102400,102015,102063,409206,409600,0.996240234375,0.9958463114681899,0.9965969265217454,0.996708984375,0.9963390734108176,0.9970416294108312,0.9990380859375,0.025622060852162745,0.0
baseline,1000,dev,5,102400,101083,101364,510570,512000,0.987138671875,0.9864300402382796,0.9878107556025538,0.9898828125,0.989251228937778,0.9904776422720443,0.99720703125,0.04371854988256757,0.0
baseline,1000,dev,6,102400,99472,100315,610885,614400,0.97140625,0.970367647575484,0.9724094848509682,0.979638671875,0.9787554725010302,0.9804858860323885,0.9942789713541667,0.06995479060443102,0.0
baseline,1000,dev,7,102400,97096,98897,709782,716800,0.948203125,0.9468288556556211,0.9495437676010173,0.965791015625,0.9646601324663432,0.9668869524968754,0.9902092633928572,0.10414768613855131,0.0
baseline,1000,dev,8,102400,94161,97242,807024,819200,0.919541015625,0.9178592499302636,0.9211913049705653,0.94962890625,0.9482723872439763,0.9509516915424568,0.98513671875,0.14439062439547798,0.0
baseline,1000,dev,9,102400,90673,95363,902387,921600,0.885478515625,0.8835136071198111,0.8874145033431766,0.931279296875,0.9297135975602097,0.9328126391681092,0.9791525607638889,0.19324742880707418,0.0
baseline,1000,dev,10,102400,86885,93314,995701,1024000,0.848486328125,0.8462771863314117,0.8506693244955262,0.91126953125,0.9095124295624785,0.9129957771620741,0.9723642578125,0.24655371464984113,0.0
baseline,1000,dev,11,102400,82927,91214,1086915,1126400,0.809833984375,0.8074187765573492,0.8122259466878871,0.89076171875,0.8888364549901039,0.892657665346987,0.9649458451704546,0.30418568640842464,0.0
baseline,1000,dev,12,102400,78874,89124,1176039,1228800,0.77025390625,0.7676672433139972,0.7728202932034381,0.8703515625,0.8682802120838697,0.8723951270390331,0.95706298828125,0.3662251254403759,0.0
baseline,1000,ood_dev,1,102400,102400,102400,102400,102400,1.0,0.9999624871609701,1.0,1.0,0.9999624871609701,1.0,1.0,0.0022362349159904225,0.0
baseline,1000,ood_dev,2,102400,102400,102400,204800,204800,1.0,0.9999624871609701,1.0,1.0,0.9999624871609701,1.0,1.0,0.008163510978694149,0.0
baseline,1000,ood_dev,3,102400,102352,102352,307152,307200,0.99953125,0.9993786192504616,0.9996464030787949,0.99953125,0.9993786192504616,0.9996464030787949,0.99984375,0.015075445252018937,0.0
baseline,1000,ood_dev,4,102400,102061,102103,409255,409600,0.996689453125,0.9963185084727131,0.9970231333142809,0.997099609375,0.9967510616932448,0.9974108618214984,0.99915771484375,0.025094188093375464,0.0
baseline,1000,ood_dev,5,102400,101205,101438,510693,512000,0.988330078125,0.9876537331027182,0.9889697858520534,0.99060546875,0.9899959273109751,0.991178202181072,0.997447265625,0.04270058709909307,0.0
baseline,1000,ood_dev,6,102400,99622,100446,611139,614400,0.97287109375,0.9718581724423478,0.9738485375832087,0.98091796875,0.9800617829924082,0.9817380733108952,0.9946923828125,0.06745343667837118,0.0
baseline,1000,ood_dev,7,102400,97301,99000,710139,716800,0.950205078125,0.9488558159304278,0.9515205633783198,0.966796875,0.9656818696236528,0.9678768586242842,0.9907073102678572,0.10176064083755477,0.0
baseline,1000,ood_dev,8,102400,94285,97216,807355,819200,0.920751953125,0.9190816368926554,0.9223907021567664,0.949375,0.9480152985436977,0.9507009867922241,0.985540771484375,0.14446491480905393,0.0
baseline,1000,ood_dev,9,102400,90787,95427,902782,921600,0.886591796875,0.8846351295400908,0.8885194598982163,0.931904296875,0.9303451180266996,0.9334310718105704,0.9795811631944444,0.19107303571683076,0.0
baseline,1000,ood_dev,10,102400,87103,93438,996220,1024000,0.850615234375,0.848418760860162,0.8527854027441409,0.91248046875,0.9107340969400276,0.914195893933118,0.97287109375,0.24482224488559864,0.0
baseline,1000,ood_dev,11,102400,83071,91246,1087466,1126400,0.811240234375,0.8088317987193085,0.813625319021068,0.89107421875,0.8891513432118184,0.8929677536797481,0.9654350142045455,0.3036840185879754,0.0
baseline,1000,ood_dev,12,102400,79032,89113,1176579,1228800,0.771796875,0.7692162496981934,0.7743571085569654,0.870244140625,0.868172069134784,0.872288434297518,0.95750244140625,0.368571374445321,0.0
baseline,1000,ood_dev,13,102400,74909,86973,1263552,1331200,0.731533203125,0.7288102385596801,0.7342387967547622,0.849345703125,0.8471416568644854,0.8515235394872605,0.9491826923076923,0.42972845265522436,0.0
baseline,1000,ood_dev,14,102400,70938,84938,1348490,1433600,0.69275390625,0.6899209884271299,0.695572362580355,0.82947265625,0.8271567646948655,0.8317638288956971,0.9406319754464286,0.4981255611794023,0.0
baseline,1000,ood_dev,15,102400,66959,82737,1431227,1536000,0.653896484375,0.650976987854046,0.6568044347078629,0.807978515625,0.805554448909167,0.8103794760438703,0.9317884114583334,0.5641166660045138,0.0
baseline,1000,ood_dev,16,102400,63213,80860,1512087,1638400,0.617314453125,0.6143331492563563,0.6202869553972518,0.7896484375,0.7871413463097618,0.7921337976198157,0.9229046630859375,0.6324150299617969,0.0
baseline,1000,ood_dev,17,102400,59510,78532,1590619,1740800,0.58115234375,0.5781275168073841,0.584171082183,0.7669140625,0.7643144980119899,0.7694936015794874,0.9137287454044117,0.7116217818814937,0.0
baseline,1000,ood_dev,18,102400,56067,76723,1667342,1843200,0.547529296875,0.5444789945779465,0.5505760332543277,0.749248046875,0.74658392240477,0.7518934713415081,0.9045909288194445,0.7798835468234063,0.0
baseline,1000,ood_dev,19,102400,52732,74812,1742154,1945600,0.5149609375,0.5118993611491772,0.5180213913963426,0.7305859375,0.7278599852957041,0.733294589837984,0.895432771381579,0.8530968486148851,0.0
baseline,1000,ood_dev,20,102400,49604,73129,1815283,2048000,0.4844140625,0.481353749032322,0.48747554531320725,0.714150390625,0.7113750623704391,0.7169096521012974,0.88636865234375,0.9218161127304478,0.0
baseline,1000,ood_dev,21,102400,46703,71416,1886699,2150400,0.456083984375,0.45303508026653017,0.45913618331231976,0.697421875,0.6946008972478072,0.700228041042157,0.8773711867559524,0.9899915103910223,0.0
baseline,1000,ood_dev,22,102400,43846,69700,1956399,2252800,0.42818359375,0.4251556540352407,0.431216921539334,0.6806640625,0.6778017896559405,0.6835127809002695,0.8684299538352273,1.06321847964016,0.0
baseline,1000,ood_dev,23,102400,41127,68036,2024435,2355200,0.401630859375,0.3986320120797835,0.404637086881692,0.6644140625,0.661515801963031,0.6672999877604475,0.8595596976902173,1.1383121295880552,0.0
baseline,1000,ood_dev,24,102400,38636,66497,2090932,2457600,0.3773046875,0.3743405349520862,0.3802780453469289,0.649384765625,0.6464566437134236,0.6523016798432437,0.8508024088541667,1.2070153362477465,0.0
baseline,1000,ood_dev,25,102400,36301,65104,2156036,2560000,0.354501953125,0.35157754689174353,0.3574372754478797,0.63578125,0.6328288477807391,0.6387234651389118,0.8422015625,1.2740862745915758,0.0
baseline,1000,ood_dev,26,102400,34034,63630,2219666,2662400,0.33236328125,0.3294844249138137,0.33525471464467826,0.62138671875,0.6184113927762197,0.6243529376028986,0.8337086838942308,1.342578905811282,0.0
baseline,1000,ood_dev,27,102400,31876,62281,2281947,2764800,0.3112890625,0.3084602361760565,0.3141320469899867,0.608212890625,0.6052190236034365,0.6111986389010695,0.8253569878472222,1.4107072048686182,0.0
baseline,1000,ood_dev,28,102400,29843,60827,2342774,2867200,0.291435546875,0.2886601181141063,0.2942266233254086,0.594013671875,0.5910023781558333,0.5970179121546872,0.8170947265625,1.4739484152924955,0.0
baseline,1000,ood_dev,29,102400,27930,59735,2402509,2969600,0.27275390625,0.27003459477710323,0.2754902670151669,0.583349609375,0.5803269443296377,0.5863660210594028,0.8090345501077586,1.5386631870332605,0.0
baseline,1000,ood_dev,30,102400,26114,58391,2460900,3072000,0.25501953125,0.25235908728452777,0.25769835504125155,0.570224609375,0.5671899423510942,0.5732540077499708,0.80107421875,1.6066165166582027,0.0
baseline,1000,ood_dev,31,102400,24433,57238,2518138,3174400,0.238603515625,0.23600274209047978,0.24122390060800297,0.55896484375,0.5559216142133973,0.5620036494092188,0.7932642389112903,1.6682261033886663,0.0
baseline,1000,ood_dev,32,102400,22861,56019,2574157,3276800,0.223251953125,0.2207117997573802,0.22581286970248837,0.547060546875,0.5440099893830158,0.550107573617545,0.7855703735351562,1.7304624766777572,0.0
baseline,1000,ood_dev,33,102400,21366,54987,2629144,3379200,0.20865234375,0.2061744761787959,0.21115206987666543,0.536982421875,0.5339270362964429,0.5400350328222797,0.7780374053030303,1.7910577592153414,0.0
baseline,1000,ood_dev,34,102400,19969,53941,2683085,3481600,0.195009765625,0.1925944944407173,0.19744791890841834,0.526767578125,0.5237085791156791,0.529824568878622,0.7706471162683823,1.8525737320634812,0.0
baseline,1000,ood_dev,35,102400,18674,52932,2736017,3584000,0.18236328125,0.18001012468187735,0.18474026872832358,0.5169140625,0.5138527943651566,0.5199740616458356,0.7633976004464286,1.9133678115386397,0.0
baseline,1000,ood_dev,36,102400,17444,51887,2787904,3686400,0.1703515625,0.16806134000090361,0.17266651709664121,0.506708984375,0.5036466220980905,0.5097708433058076,0.7562673611111111,1.970443449069104,0.0
baseline,1500,dev,1,4096,4096,4096,4096,4096,1.0,0.9990630225926348,0.9999999999999999,1.0,0.9990630225926348,0.9999999999999999,1.0,0.0026026012887285788,0.0
baseline,1500,dev,2,4096,4096,4096,8192,8192,1.0,0.9990630225926348,0.9999999999999999,1.0,0.9990630225926348,0.9999999999999999,1.0,0.0021956769649857932,0.0
baseline,1500,dev,3,4096,4095,4095,12287,12288,0.999755859375,0.9986182969663738,0.9999569018847606,0.999755859375,0.9986182969663738,0.9999569018847606,0.9999186197916666,0.0022296414069877812,0.0
baseline,1500,dev,4,4096,4095,4096,16383,16384,0.999755859375,0.9986182969663738,0.9999569018847606,1.0,0.9990630225926348,0.9999999999999999,0.99993896484375,0.0027390043503423556,0.0
baseline,1500,dev,5,4096,4093,4094,20477,20480,0.999267578125,0.9978486714629491,0.9997508799051849,0.99951171875,0.9982212896544476,0.9998660854551866,0.999853515625,0.004750785451712147,0.0
baseline,1500,dev,6,4096,4091,4094,24571,24576,0.998779296875,0.997145424476127,0.9994784794090062,0.99951171875,0.9982212896544476,0.9998660854551866,0.9997965494791666,0.006378901211480326,0.0
baseline,1500,dev,7,4096,4079,4083,28654,28672,0.995849609375,0.9933629968413301,0.9974070221457995,0.996826171875,0.9945771012522003,0.9981442127009305,0.9993722098214286,0.011755002862381403,0.0
baseline,1500,dev,8,4096,4056,4066,32720,32768,0.990234375,0.9867300726317991,0.9928200003008232,0.99267578125,0.9895635962243474,0.994864714123278,0.99853515625,0.023411125611499273,0.0
baseline,1500,dev,9,4096,4021,4047,36767,36864,0.981689453125,0.9771094258840555,0.9853668160960561,0.988037109375,0.9842206673133682,0.9909389919457514,0.9973687065972222,0.033408458373811456,0.0
baseline,1500,dev,10,4096,3978,4020,40787,40960,0.97119140625,0.9656108163160309,0.9758890047795674,0.9814453125,0.9768389428205996,0.9851494754180116,0.9957763671875,0.05164940965415177,0.0
baseline,1500,dev,11,4096,3927,3984,44771,45056,0.958740234375,0.9522071977207031,0.9644136125583794,0.97265625,0.9672017903723954,0.9772249731722046,0.9936745383522727,0.0747815506954268,0.0
baseline,1500,dev,12,4096,3862,3952,48723,49152,0.94287109375,0.9353397677479732,0.9495724993335891,0.96484375,0.9587538013451912,0.9700626024713991,0.99127197265625,0.09395784460530088,0.0
baseline,1500,ood_dev,1,4096,4096,4096,4096,4096,1.0,0.9990630225926348,0.9999999999999999,1.0,0.9990630225926348,0.9999999999999999,1.0,0.002590349382707302,0.0
baseline,1500,ood_dev,2,4096,4096,4096,8192,8192,1.0,0.9990630225926348,0.9999999999999999,1.0,0.9990630225926348,0.9999999999999999,1.0,0.002247581540641974,0.0
baseline,1500,ood_dev,3,4096,4096,4096,12288,12288,1.0,0.9990630225926348,0.9999999999999999,1.0,0.9990630225926348,0.9999999999999999,1.0,0.0022204604448656795,0.0
baseline,1500,ood_dev,4,4096,4096,4096,16384,16384,1.0,0.9990630225926348,0.9999999999999999,1.0,0.9990630225926348,0.9999999999999999,1.0,0.0024273865355777247,0.0
baseline,1500,ood_dev,5,4096,4096,4096,20480,20480,1.0,0.9990630225926348,0.9999999999999999,1.0,0.9990630225926348,0.9999999999999999,1.0,0.004172162906129984,0.0
baseline,1500,ood_dev,6,4096,4094,4094,24574,24576,0.99951171875,0.9982212896544476,0.9998660854551866,0.99951171875,0.9982212896544476,0.9998660854551866,0.9999186197916666,0.007397457795324414,0.0
baseline,1500,ood_dev,7,4096,4085,4087,28661,28672,0.997314453125,0.9951972177470491,0.9984997436890822,0.997802734375,0.9958290482073086,0.9988435607118235,0.9996163504464286,0.01186381190587582,0.0
baseline,1500,ood_dev,8,4096,4053,4059,32720,32768,0.989501953125,0.9858899643168433,0.9921966373912783,0.990966796875,0.9875743543279273,0.993439189829196,0.99853515625,0.025635388862619735,0.0
baseline,1500,ood_dev,9,4096,4016,4041,36761,36864,0.98046875,0.9757587986106162,0.9842783246619937,0.986572265625,0.9825638389733109,0.9896688778368068,0.9972059461805556,0.03811274376478835,0.0
baseline,1500,ood_dev,10,4096,3987,4026,40787,40960,0.973388671875,0.9679986619577605,0.9778915728113404,0.98291015625,0.9784647020408669,0.9864506586467462,0.9957763671875,0.05408903045832325,0.0
baseline,1500,ood_dev,11,4096,3934,3988,44775,45056,0.96044921875,0.9540362633072799,0.9659993131623048,0.9736328125,0.9682644999293395,0.9781135585812619,0.9937633167613636,0.07442432283153444,0.0
baseline,1500,ood_dev,12,4096,3883,3962,48737,49152,0.947998046875,0.9407689451321072,0.9543876205209615,0.96728515625,0.9613845411819059,0.9723101000496873,0.9915568033854166,0.0947190082499958,0.0
baseline,1500,ood_dev,13,4096,3809,3919,52656,53248,0.929931640625,0.9217048293210383,0.9373527794610076,0.956787109375,0.9501202787839275,0.9625979415631524,0.9888822115384616,0.11919617207684219,0.0
baseline,1500,ood_dev,14,4096,3737,3880,56536,57344,0.912353515625,0.9033026080618216,0.9206316913322019,0.947265625,0.9399922864751624,0.9537008079534055,0.9859095982142857,0.1588174297513092,0.0
baseline,1500,ood_dev,15,4096,3654,3835,60371,61440,0.89208984375,0.8822180645396832,0.9012268643098146,0.936279296875,0.9283826877232538,0.9433583383378,0.9826009114583333,0.19453013765057925,0.0
baseline,1500,ood_dev,16,4096,3580,3795,64166,65536,0.8740234375,0.863509812795288,0.8838361591831867,0.926513671875,0.9181168616357552,0.9341112147652862,0.979095458984375,0.23488743538677426,0.0
baseline,1500,ood_dev,17,4096,3487,3736,67902,69632,0.851318359375,0.8400939235187832,0.8618844405001629,0.912109375,0.9030478297998547,0.9203986458526686,0.9751551011029411,0.26655073603312296,0.0
baseline,1500,ood_dev,18,4096,3408,3715,71617,73728,0.83203125,0.8202726860874253,0.8431676023529963,0.906982421875,0.8977019985342092,0.9155001785468075,0.9713677300347222,0.30263746726669893,0.0
baseline,1500,ood_dev,19,4096,3303,3617,75234,77824,0.806396484375,0.79401128014302,0.818207515439869,0.883056640625,0.8728545429050968,0.8925409075088896,0.9667197779605263,0.35147365364521654,0.0
baseline,1500,ood_dev,20,4096,3228,3618,78852,81920,0.7880859375,0.7753038464937227,0.800328168476643,0.88330078125,0.8731073554786435,0.8927759186768431,0.962548828125,0.3757329777328273,0.0
baseline,1500,ood_dev,21,4096,3137,3564,82416,86016,0.765869140625,0.7526556587868746,0.778584395706963,0.8701171875,0.8594742247930802,0.8800665673213897,0.9581473214285714,0.42065412697071025,0.0
baseline,1500,ood_dev,22,4096,3043,3481,85897,90112,0.742919921875,0.7293130349326771,0.7560715878601314,0.849853515625,0.8385864177487751,0.8604650038211691,0.9532248757102273,0.4819186286887387,0.0
baseline,1500,ood_dev,23,4096,2965,3466,89363,94208,0.723876953125,0.7099804688296832,0.737353902126101,0.84619140625,0.8348192165226498,0.8569148489247898,0.9485712466032609,0.5266545289573994,0.0
baseline,1500,ood_dev,24,4096,2879,3402,92765,98304,0.702880859375,0.6887009863532034,0.7166805428335541,0.83056640625,0.8187695986178146,0.841743747373605,0.9436543782552084,0.567460316359309,0.0
baseline,1500,ood_dev,25,4096,2786,3349,96114,102400,0.68017578125,0.6657291644882781,0.6942847567389505,0.817626953125,0.8055054614633155,0.8291532262285877,0.93861328125,0.639448701065934,0.0
baseline,1500,ood_dev,26,4096,2666,3274,99388,106496,0.65087890625,0.6361452584636264,0.6653298137835651,0.79931640625,0.7867730457201327,0.8112988613592473,0.9332557091346154,0.6980902467966814,0.0
baseline,1500,ood_dev,27,4096,2588,3233,102621,110592,0.6318359375,0.616948458359397,0.6464763620507704,0.789306640625,0.7765497994844441,0.8015213341934231,0.9279242621527778,0.7495148261532485,0.0
baseline,1500,ood_dev,28,4096,2493,3175,105796,114688,0.608642578125,0.5936010578111863,0.6234805071564515,0.775146484375,0.7621068009163776,0.7876705557544716,0.9224679129464286,0.810336384935912,0.0
baseline,1500,ood_dev,29,4096,2433,3162,108958,118784,0.593994140625,0.5788736383673609,0.6089385021102585,0.77197265625,0.7588725178051996,0.7845631302261458,0.9172784213362069,0.8447146938362167,0.0
baseline,1500,ood_dev,30,4096,2341,3093,112051,122880,0.571533203125,0.556318428079215,0.5866139281803757,0.755126953125,0.7417230327645127,0.7680527771033113,0.9118733723958333,0.9141360235148497,0.0
baseline,1500,ood_dev,31,4096,2246,3033,115084,126976,0.54833984375,0.5330611354834872,0.5635279653335742,0.740478515625,0.7268326935529587,0.7536736918248467,0.9063445060483871,0.9553967952924367,0.0
baseline,1500,ood_dev,32,4096,2172,3035,118119,131072,0.5302734375,0.5149680816137825,0.5455220623322559,0.740966796875,0.7273287184125798,0.754153314448226,0.9011764526367188,1.0177193069988721,0.0
baseline,1500,ood_dev,33,4096,2090,2990,121109,135168,0.51025390625,0.49494247097104555,0.5255461261719676,0.72998046875,0.7161733267469002,0.7433566377463918,0.8959886955492424,1.0597601594349548,0.0
baseline,1500,ood_dev,34,4096,2020,2985,124094,139264,0.4931640625,0.47786685340947926,0.5084740818285121,0.728759765625,0.7149344970798438,0.7421563487059467,0.8910701976102942,1.1028658540973382,0.0
baseline,1500,ood_dev,35,4096,1955,2915,127009,143360,0.477294921875,0.462026926145551,0.4926054658949201,0.711669921875,0.6976042488336931,0.7253389350470756,0.8859444754464286,1.1589148494631836,0.0
baseline,1500,ood_dev,36,4096,1890,2866,129875,147456,0.46142578125,0.446202453147302,0.476721395695649,0.69970703125,0.6854874482150642,0.7135523723321894,0.8807712131076388,1.2108139855089721,0.0
baseline,2000,dev,1,4096,4096,4096,4096,4096,1.0,0.9990630225926348,0.9999999999999999,1.0,0.9990630225926348,0.9999999999999999,1.0,0.0018360227979883348,0.0
baseline,2000,dev,2,4096,4096,4096,8192,8192,1.0,0.9990630225926348,0.9999999999999999,1.0,0.9990630225926348,0.9999999999999999,1.0,0.0011786647579761222,0.0
baseline,2000,dev,3,4096,4096,4096,12288,12288,1.0,0.9990630225926348,0.9999999999999999,1.0,0.9990630225926348,0.9999999999999999,1.0,0.0012077357293467372,0.0
baseline,2000,dev,4,4096,4095,4095,16383,16384,0.999755859375,0.9986182969663738,0.9999569018847606,0.999755859375,0.9986182969663738,0.9999569018847606,0.99993896484375,0.0018648675460308795,0.0
baseline,2000,dev,5,4096,4093,4094,20477,20480,0.999267578125,0.9978486714629491,0.9997508799051849,0.99951171875,0.9982212896544476,0.9998660854551866,0.999853515625,0.0034257518282085897,0.0
baseline,2000,dev,6,4096,4087,4090,24567,24576,0.997802734375,0.9958290482073086,0.9988435607118235,0.99853515625,0.9968075986857966,0.9993284814578364,0.9996337890625,0.006806965900404194,0.0
baseline,2000,dev,7,4096,4077,4081,28648,28672,0.995361328125,0.9927660832938955,0.9970282882102334,0.996337890625,0.9939662587473084,0.9977794077228217,0.9991629464285714,0.011804698978080452,0.0
baseline,2000,dev,8,4096,4062,4071,32719,32768,0.99169921875,0.9884233098915096,0.9940537054901146,0.993896484375,0.9910051126562461,0.995862316398881,0.998504638671875,0.019749289972979867,0.0
baseline,2000,dev,9,4096,4034,4051,36770,36864,0.98486328125,0.9806440746636242,0.9881738759559913,0.989013671875,0.9853320021138738,0.991778952111247,0.9974500868055556,0.03144005755901169,0.0
baseline,2000,dev,10,4096,4003,4039,40809,40960,0.977294921875,0.9722661011607102,0.9814293134723958,0.986083984375,0.9820139840883064,0.9892430852388108,0.9963134765625,0.04314357126946078,0.0
baseline,2000,dev,11,4096,3967,4014,44823,45056,0.968505859375,0.9627028673707351,0.9734308925683598,0.97998046875,0.9752197539009314,0.983841721888678,0.9948286576704546,0.057671388503175436,0.0
baseline,2000,dev,12,4096,3907,3976,48799,49152,0.953857421875,0.9469962963333816,0.9598680391156946,0.970703125,0.9650812750446061,0.9754428985679915,0.9928181966145834,0.0768903908664722,0.0
baseline,2000,ood_dev,1,4096,4096,4096,4096,4096,1.0,0.9990630225926348,0.9999999999999999,1.0,0.9990630225926348,0.9999999999999999,1.0,0.0018449478765631966,0.0
baseline,2000,ood_dev,2,4096,4096,4096,8192,8192,1.0,0.9990630225926348,0.9999999999999999,1.0,0.9990630225926348,0.9999999999999999,1.0,0.0011033447461983314,0.0
baseline,2000,ood_dev,3,4096,4095,4095,12287,12288,0.999755859375,0.9986182969663738,0.9999569018847606,0.999755859375,0.9986182969663738,0.9999569018847606,0.9999186197916666,0.0013724439669555721,0.0
baseline,2000,ood_dev,4,4096,4094,4095,16382,16384,0.99951171875,0.9982212896544476,0.9998660854551866,0.999755859375,0.9986182969663738,0.9999569018847606,0.9998779296875,0.0019261520573099489,0.0
baseline,2000,ood_dev,5,4096,4093,4094,20476,20480,0.999267578125,0.9978486714629491,0.9997508799051849,0.99951171875,0.9982212896544476,0.9998660854551866,0.9998046875,0.0034790919350626837,0.0
baseline,2000,ood_dev,6,4096,4090,4091,24567,24576,0.99853515625,0.9968075986857966,0.9993284814578364,0.998779296875,0.997145424476127,0.9994784794090062,0.9996337890625,0.006669586833689678,0.0
baseline,2000,ood_dev,7,4096,4078,4082,28649,28672,0.99560546875,0.9930638103960733,0.9972183848495558,0.99658203125,0.9942706398960515,0.9979628503155791,0.9991978236607143,0.012326036187806366,0.0
baseline,2000,ood_dev,8,4096,4063,4074,32723,32768,0.991943359375,0.9887074354065306,0.9942574037165939,0.99462890625,0.9918806406223304,0.9964502596572975,0.998626708984375,0.01995891302467534,0.0
baseline,2000,ood_dev,9,4096,4027,4045,36768,36864,0.983154296875,0.978736356856804,0.9866668275723093,0.987548828125,0.9836671128801424,0.9905168988959765,0.9973958333333334,0.031194144978435645,0.0
baseline,2000,ood_dev,10,4096,3993,4029,40797,40960,0.974853515625,0.9695953616072256,0.9792218156108773,0.983642578125,0.9792802999311276,0.9870985319809864,0.9960205078125,0.041646012213973904,0.0
baseline,2000,ood_dev,11,4096,3961,4020,44817,45056,0.967041015625,0.9611211199926455,0.9720856974974474,0.9814453125,0.9768389428205996,0.9851494754180116,0.9946954900568182,0.059854680985491626,0.0
baseline,2000,ood_dev,12,4096,3912,3985,48802,49152,0.955078125,0.9482970594777964,0.9610063946787812,0.972900390625,0.9674673085801575,0.977447278705943,0.9928792317708334,0.0792179750131421,0.0
baseline,2000,ood_dev,13,4096,3857,3952,52754,53248,0.941650390625,0.9340495438956447,0.948423604478416,0.96484375,0.9587538013451912,0.9700626024713991,0.99072265625,0.09939359245113977,0.0
baseline,2000,ood_dev,14,4096,3790,3905,56659,57344,0.92529296875,0.9168366756670765,0.9329522820264635,0.953369140625,0.9464763369080933,0.9594123510579824,0.9880545479910714,0.1391429471945269,0.0
baseline,2000,ood_dev,15,4096,3719,3866,60525,61440,0.907958984375,0.8987196023793654,0.9164338696676525,0.94384765625,0.9363725983801838,0.9504909636673797,0.985107421875,0.17162216522729246,0.0
baseline,2000,ood_dev,16,4096,3644,3837,64362,65536,0.8896484375,0.8796854187974655,0.8988812726370291,0.936767578125,0.9288972057773469,0.9438194677667077,0.982086181640625,0.1957812168080828,0.0
baseline,2000,ood_dev,17,4096,3559,3789,68151,69632,0.868896484375,0.8582137378213254,0.878887935585643,0.925048828125,0.916580713871883,0.9327204200801565,0.9787310431985294,0.2305682074081865,0.0
baseline,2000,ood_dev,18,4096,3490,3764,71915,73728,0.85205078125,0.8408478125539957,0.8625940226894514,0.9189453125,0.9101894761317266,0.9269160642828052,0.9754096137152778,0.26256790354628556,0.0
baseline,2000,ood_dev,19,4096,3413,3711,75626,77824,0.833251953125,0.8215254984383661,0.844353908709557,0.906005859375,0.8966846914232689,0.9145661906917466,0.9717567845394737,0.29946792318597737,0.0
baseline,2000,ood_dev,20,4096,3323,3649,79275,81920,0.811279296875,0.7990067679900137,0.8229685024228814,0.890869140625,0.8809515541684672,0.9000542559735292,0.96771240234375,0.3448117911144486,0.0
baseline,2000,ood_dev,21,4096,3252,3648,82923,86016,0.7939453125,0.7812859610293499,0.8060538237370234,0.890625,0.8806982972702632,0.8998196891302327,0.9640415736607143,0.37184480769004224,0.0
baseline,2000,ood_dev,22,4096,3145,3551,86474,90112,0.767822265625,0.754644640841801,0.780498003584039,0.866943359375,0.8561975725255366,0.8770015109494291,0.9596280184659091,0.43634069585117885,0.0
baseline,2000,ood_dev,23,4096,3064,3522,89996,94208,0.748046875,0.7345235343408396,0.7611053870234754,0.85986328125,0.8488951055782347,0.8701570893932221,0.9552904211956522,0.4895102553641486,0.0
baseline,2000,ood_dev,24,4096,2991,3493,93489,98304,0.730224609375,0.7164211082787988,0.7435966799559934,0.852783203125,0.8416017930965025,0.8633035133714453,0.951019287109375,0.5243424346376511,0.0
baseline,2000,ood_dev,25,4096,2910,3426,96915,102400,0.71044921875,0.69636730859962,0.7241367565736472,0.83642578125,0.8247838437321071,0.84743727205532,0.946435546875,0.5868522439816761,0.0
baseline,2000,ood_dev,26,4096,2833,3370,100285,106496,0.691650390625,0.6773335791505196,0.7056080579272236,0.82275390625,0.8107582989442972,0.8341446873191125,0.9416785606971154,0.6468435066576426,0.0
baseline,2000,ood_dev,27,4096,2746,3349,103634,110592,0.67041015625,0.6558608931079,0.6846400784593163,0.817626953125,0.8055054614633155,0.8291532262285877,0.9370840567129629,0.6926661806093861,0.0
baseline,2000,ood_dev,28,4096,2676,3307,106941,114688,0.6533203125,0.6386082180351349,0.6677450916270598,0.807373046875,0.7950101387615238,0.8191599517873664,0.9324515206473214,0.7162886909231059,0.0
baseline,2000,ood_dev,29,4096,2565,3231,110172,118784,0.626220703125,0.6112926185540916,0.6409122558015686,0.788818359375,0.776051398203665,0.8010440879912017,0.9274986530172413,0.7801121116971412,0.0
baseline,2000,ood_dev,30,4096,2479,3181,113353,122880,0.605224609375,0.5901634077663968,0.6200886248202367,0.776611328125,0.7635999027671785,0.7891043963526727,0.9224690755208333,0.8490330988159585,0.0
baseline,2000,ood_dev,31,4096,2392,3127,116480,126976,0.583984375,0.5688178841313124,0.5989934829447942,0.763427734375,0.750169970672314,0.7761918464065205,0.9173387096774194,0.9158594432902394,0.0
baseline,2000,ood_dev,32,4096,2293,3070,119550,131072,0.559814453125,0.5445631720959709,0.574953644571605,0.74951171875,0.7360126972300266,0.7625431665832901,0.9120941162109375,0.9476543285716801,0.0
baseline,2000,ood_dev,33,4096,2243,3078,122628,135168,0.547607421875,0.5323272408452423,0.5627983887473181,0.75146484375,0.7379985615111244,0.7644598922341947,0.9072265625,0.9868325476098505,0.0
baseline,2000,ood_dev,34,4096,2167,3004,125632,139264,0.529052734375,0.5137463036598101,0.5443047215787268,0.7333984375,0.7196427439243488,0.7467167529499475,0.9021139705882353,1.061228895512638,0.0
baseline,2000,ood_dev,35,4096,2097,2980,128612,143360,0.511962890625,0.4966510154740532,0.5272523478594621,0.7275390625,0.7136957969964176,0.7409559300818712,0.8971261160714286,1.1150875905748592,0.0
baseline,2000,ood_dev,36,4096,2032,2937,131549,147456,0.49609375,0.4807928333637309,0.5114019867722641,0.717041015625,0.7030482477972531,0.7306270583965224,0.8921237521701388,1.189964620108153,0.0
baseline,2500,dev,1,4096,4096,4096,4096,4096,1.0,0.9990630225926348,0.9999999999999999,1.0,0.9990630225926348,0.9999999999999999,1.0,0.0006888986802415786,0.0
baseline,2500,dev,2,4096,4096,4096,8192,8192,1.0,0.9990630225926348,0.9999999999999999,1.0,0.9990630225926348,0.9999999999999999,1.0,0.0004881006010899469,0.0
baseline,2500,dev,3,4096,4096,4096,12288,12288,1.0,0.9990630225926348,0.9999999999999999,1.0,0.9990630225926348,0.9999999999999999,1.0,0.0005420018281281358,0.0
baseline,2500,dev,4,4096,4096,4096,16384,16384,1.0,0.9990630225926348,0.9999999999999999,1.0,0.9990630225926348,0.9999999999999999,1.0,0.0007853264594217535,0.0
baseline,2500,dev,5,4096,4095,4095,20479,20480,0.999755859375,0.9986182969663738,0.9999569018847606,0.999755859375,0.9986182969663738,0.9999569018847606,0.999951171875,0.0013371996028306299,0.0
baseline,2500,dev,6,4096,4094,4095,24574,24576,0.99951171875,0.9982212896544476,0.9998660854551866,0.999755859375,0.9986182969663738,0.9999569018847606,0.9999186197916666,0.0019291418901845603,0.0
baseline,2500,dev,7,4096,4088,4090,28664,28672,0.998046875,0.9961504506055915,0.9990099820550408,0.99853515625,0.9968075986857966,0.9993284814578364,0.9997209821428571,0.0044450255712242814,0.0
baseline,2500,dev,8,4096,4084,4089,32753,32768,0.9970703125,0.9948858699188933,0.9983232677757378,0.998291015625,0.9964763422189936,0.9991719141831389,0.999542236328125,0.006665576950057428,0.0
baseline,2500,dev,9,4096,4071,4079,36832,36864,0.993896484375,0.9910051126562461,0.995862316398881,0.995849609375,0.9933629968413301,0.9974070221457995,0.9991319444444444,0.01435192066358848,0.0
baseline,2500,dev,10,4096,4054,4066,40898,40960,0.98974609375,0.9861695639225535,0.9924048615270683,0.99267578125,0.9895635962243474,0.994864714123278,0.998486328125,0.023992360287764747,0.0
baseline,2500,dev,11,4096,4031,4054,44952,45056,0.984130859375,0.9798251184139876,0.987529360981127,0.98974609375,0.9861695639225535,0.9924048615270683,0.9976917613636364,0.030823837851021274,0.0
baseline,2500,dev,12,4096,3993,4030,48982,49152,0.974853515625,0.9695953616072256,0.9792218156108773,0.98388671875,0.9795525973497291,0.9873140583038852,0.9965413411458334,0.04724400304589338,0.0
baseline,2500,ood_dev,1,4096,4096,4096,4096,4096,1.0,0.9990630225926348,0.9999999999999999,1.0,0.9990630225926348,0.9999999999999999,1.0,0.0006928248489472821,0.0
baseline,2500,ood_dev,2,4096,4096,4096,8192,8192,1.0,0.9990630225926348,0.9999999999999999,1.0,0.9990630225926348,0.9999999999999999,1.0,0.00047475676271790945,0.0
baseline,2500,ood_dev,3,4096,4096,4096,12288,12288,1.0,0.9990630225926348,0.9999999999999999,1.0,0.9990630225926348,0.9999999999999999,1.0,0.0004971289272548418,0.0
baseline,2500,ood_dev,4,4096,4096,4096,16384,16384,1.0,0.9990630225926348,0.9999999999999999,1.0,0.9990630225926348,0.9999999999999999,1.0,0.0008073764345004619,0.0
baseline,2500,ood_dev,5,4096,4096,4096,20480,20480,1.0,0.9990630225926348,0.9999999999999999,1.0,0.9990630225926348,0.9999999999999999,1.0,0.0015450460286379197,0.0
baseline,2500,ood_dev,6,4096,4094,4094,24574,24576,0.99951171875,0.9982212896544476,0.9998660854551866,0.99951171875,0.9982212896544476,0.9998660854551866,0.9999186197916666,0.0028376503573648293,0.0
baseline,2500,ood_dev,7,4096,4087,4089,28663,28672,0.997802734375,0.9958290482073086,0.9988435607118235,0.998291015625,0.9964763422189936,0.9991719141831389,0.9996861049107143,0.006630971350006121,0.0
baseline,2500,ood_dev,8,4096,4082,4089,32752,32768,0.99658203125,0.9942706398960515,0.9979628503155791,0.998291015625,0.9964763422189936,0.9991719141831389,0.99951171875,0.008827503573568762,0.0
baseline,2500,ood_dev,9,4096,4062,4073,36825,36864,0.99169921875,0.9884233098915096,0.9940537054901146,0.994384765625,0.991587789433178,0.9962552871049496,0.9989420572916666,0.016069748362890657,0.0
baseline,2500,ood_dev,10,4096,4043,4058,40883,40960,0.987060546875,0.983114860378963,0.9900935039141554,0.99072265625,0.987292434466316,0.993233285949307,0.9981201171875,0.024577226325639856,0.0
baseline,2500,ood_dev,11,4096,4018,4045,44928,45056,0.98095703125,0.9762985198015777,0.984714250954033,0.987548828125,0.9836671128801424,0.9905168988959765,0.9971590909090909,0.036833537503856206,0.0
baseline,2500,ood_dev,12,4096,3994,4037,48965,49152,0.97509765625,0.969861879182557,0.9794431217770462,0.985595703125,0.9814652366612112,0.9888161851829053,0.9961954752604166,0.048170922250503345,0.0
baseline,2500,ood_dev,13,4096,3937,3990,52955,53248,0.961181640625,0.9548210542172663,0.9666779934768192,0.97412109375,0.9687965056840521,0.9785572003095498,0.9944974459134616,0.06689173515406655,0.0
baseline,2500,ood_dev,14,4096,3892,3968,56923,57344,0.9501953125,0.9431011870208181,0.9564457923057534,0.96875,0.9629667829716362,0.9736548007089589,0.9926583426339286,0.09043203696510016,0.0
baseline,2500,ood_dev,15,4096,3845,3943,60866,61440,0.938720703125,0.930956550506342,0.945662712969715,0.962646484375,0.9563923454033983,0.968033644739689,0.9906575520833333,0.11165655503772953,0.0
baseline,2500,ood_dev,16,4096,3797,3933,64799,65536,0.927001953125,0.9186291140947668,0.9345746097892754,0.960205078125,0.9537747892075905,0.9657729635204937,0.9887542724609375,0.1309643417826285,0.0
baseline,2500,ood_dev,17,4096,3750,3903,68702,69632,0.91552734375,0.9066165820637565,0.9236594259697711,0.952880859375,0.9459565706946147,0.9589564697884603,0.9866440716911765,0.1517920607080212,0.0
baseline,2500,ood_dev,18,4096,3688,3856,72558,73728,0.900390625,0.8908407331020064,0.9091902029585018,0.94140625,0.9337916055815723,0.9481937190509881,0.984130859375,0.1863399530552563,0.0
baseline,2500,ood_dev,19,4096,3626,3814,76372,77824,0.88525390625,0.875130353941446,0.894655510146043,0.93115234375,0.9229875245115166,0.9385092029780308,0.9813425164473685,0.22034754815936264,0.0
baseline,2500,ood_dev,20,4096,3548,3749,80121,81920,0.8662109375,0.8554417028962036,0.8762939093542614,0.915283203125,0.9063615365223625,0.9234266477696647,0.97803955078125,0.2693788870353808,0.0
baseline,2500,ood_dev,21,4096,3483,3741,83862,86016,0.850341796875,0.8390888795213388,0.8609381895316061,0.913330078125,0.9043219227972369,0.9215636715627878,0.9749581473214286,0.2915951090686981,0.0
baseline,2500,ood_dev,22,4096,3415,3694,87556,90112,0.833740234375,0.8220266847937266,0.8448283698371971,0.90185546875,0.8923643526216571,0.910593525887853,0.9716352982954546,0.3270536176201473,0.0
baseline,2500,ood_dev,23,4096,3346,3668,91224,94208,0.81689453125,0.8047553434565755,0.8284398730108269,0.8955078125,0.8857663367312384,0.9045081244992638,0.9683254076086957,0.35609407782702895,0.0
baseline,2500,ood_dev,24,4096,3278,3630,94854,98304,0.80029296875,0.7877710630649415,0.8122521389804398,0.88623046875,0.8761421890699558,0.8955949699835345,0.96490478515625,0.3940052243512522,0.0
baseline,2500,ood_dev,25,4096,3205,3603,98457,102400,0.782470703125,0.7695745952342299,0.7948374736816288,0.879638671875,0.8693165892508347,0.8892493287821474,0.961494140625,0.43352886928192635,0.0
baseline,2500,ood_dev,26,4096,3113,3533,101990,106496,0.760009765625,0.746691002838137,0.772841281859693,0.862548828125,0.8516638974389052,0.8727543586890549,0.9576885516826923,0.4935409077190984,0.0
baseline,2500,ood_dev,27,4096,3052,3522,105512,110592,0.7451171875,0.7315458086324581,0.758229227833853,0.85986328125,0.8488951055782347,0.8701570893932221,0.9540653935185185,0.5318317130033625,0.0
baseline,2500,ood_dev,28,4096,2989,3491,109003,114688,0.729736328125,0.7159255504204031,0.7431165903313887,0.852294921875,0.8410991292063144,0.862830529778633,0.9504307338169643,0.591681752440719,0.0
baseline,2500,ood_dev,29,4096,2920,3453,112456,118784,0.712890625,0.6988413115951353,0.7265409909931351,0.843017578125,0.83155607536569,0.8538362814422454,0.9467268318965517,0.6095515137911596,0.0
baseline,2500,ood_dev,30,4096,2845,3399,115855,122880,0.694580078125,0.6802980337353984,0.7084974882403486,0.829833984375,0.8180181714909365,0.8410317032759822,0.9428304036458334,0.654967215121883,0.0
baseline,2500,ood_dev,31,4096,2757,3364,119219,126976,0.673095703125,0.6585739611952076,0.687293071528512,0.8212890625,0.8092571256308778,0.8327189181835302,0.9389097152217742,0.7052928295291139,0.0
baseline,2500,ood_dev,32,4096,2683,3335,122554,131072,0.655029296875,0.6403325411191741,0.6694355347335227,0.814208984375,0.802005514265969,0.82582364104493,0.9350128173828125,0.7482579608076243,0.0
baseline,2500,ood_dev,33,4096,2622,3319,125873,135168,0.64013671875,0.6253132067107798,0.6546976209103981,0.810302734375,0.798007430069397,0.8220165453774969,0.9312337239583334,0.7858000568233452,0.0
baseline,2500,ood_dev,34,4096,2563,3275,129148,139264,0.625732421875,0.6108009072708153,0.6404283196018444,0.799560546875,0.7870225394008806,0.8115371914199997,0.9273609834558824,0.8232867559529806,0.0
baseline,2500,ood_dev,35,4096,2489,3210,132358,143360,0.607666015625,0.5926187938471369,0.6225114761544998,0.78369140625,0.7708197894475014,0.7960313981758588,0.9232561383928571,0.8692545069103987,0.0
baseline,2500,ood_dev,36,4096,2429,3219,135577,147456,0.593017578125,0.5778923056350741,0.6079685398765441,0.785888671875,0.7730615507648547,0.7981800505320081,0.9194403754340278,0.9133328556644402,0.0
baseline,3000,dev,1,4096,4096,4096,4096,4096,1.0,0.9990630225926348,0.9999999999999999,1.0,0.9990630225926348,0.9999999999999999,1.0,0.0003456649494246733,0.0
baseline,3000,dev,2,4096,4096,4096,8192,8192,1.0,0.9990630225926348,0.9999999999999999,1.0,0.9990630225926348,0.9999999999999999,1.0,0.00023366460147844492,0.0
baseline,3000,dev,3,4096,4096,4096,12288,12288,1.0,0.9990630225926348,0.9999999999999999,1.0,0.9990630225926348,0.9999999999999999,1.0,0.0002812699949781283,0.0
baseline,3000,dev,4,4096,4096,4096,16384,16384,1.0,0.9990630225926348,0.9999999999999999,1.0,0.9990630225926348,0.9999999999999999,1.0,0.00039712160218696724,0.0
baseline,3000,dev,5,4096,4096,4096,20480,20480,1.0,0.9990630225926348,0.9999999999999999,1.0,0.9990630225926348,0.9999999999999999,1.0,0.0007230393435495586,0.0
baseline,3000,dev,6,4096,4095,4095,24575,24576,0.999755859375,0.9986182969663738,0.9999569018847606,0.999755859375,0.9986182969663738,0.9999569018847606,0.9999593098958334,0.0015322154047536785,0.0
baseline,3000,dev,7,4096,4092,4093,28668,28672,0.9990234375,0.9974915571936952,0.9996201704329383,0.999267578125,0.9978486714629491,0.9997508799051849,0.9998604910714286,0.0033277660682711208,0.0
baseline,3000,dev,8,4096,4083,4085,32753,32768,0.996826171875,0.9945771012522003,0.9981442127009305,0.997314453125,0.9951972177470491,0.9984997436890822,0.999542236328125,0.007347747539021121,0.0
baseline,3000,dev,9,4096,4067,4075,36828,36864,0.992919921875,0.9898503448988859,0.9950657891902398,0.994873046875,0.9921745882319427,0.9966441357891856,0.9990234375,0.014632598798664631,0.0
baseline,3000,dev,10,4096,4046,4061,40889,40960,0.98779296875,0.983943722660208,0.9907281128574114,0.991455078125,0.9881397703182205,0.9938494213219035,0.9982666015625,0.02383136083627324,0.0
baseline,3000,dev,11,4096,4020,4046,44935,45056,0.9814453125,0.9768389428205996,0.9851494754180116,0.98779296875,0.983943722660208,0.9907281128574114,0.997314453125,0.036580044286806945,0.0
baseline,3000,dev,12,4096,3992,4027,48962,49152,0.974609375,0.9693289612445153,0.9790003922320873,0.983154296875,0.978736356856804,0.9866668275723093,0.9961344401041666,0.05386727037626304,0.0
baseline,3000,ood_dev,1,4096,4096,4096,4096,4096,1.0,0.9990630225926348,0.9999999999999999,1.0,0.9990630225926348,0.9999999999999999,1.0,0.00034555834390914697,0.0
baseline,3000,ood_dev,2,4096,4096,4096,8192,8192,1.0,0.9990630225926348,0.9999999999999999,1.0,0.9990630225926348,0.9999999999999999,1.0,0.00022679883888798713,0.0
baseline,3000,ood_dev,3,4096,4096,4096,12288,12288,1.0,0.9990630225926348,0.9999999999999999,1.0,0.9990630225926348,0.9999999999999999,1.0,0.000288137207996364,0.0
baseline,3000,ood_dev,4,4096,4096,4096,16384,16384,1.0,0.9990630225926348,0.9999999999999999,1.0,0.9990630225926348,0.9999999999999999,1.0,0.0005267792020413609,0.0
baseline,3000,ood_dev,5,4096,4096,4096,20480,20480,1.0,0.9990630225926348,0.9999999999999999,1.0,0.9990630225926348,0.9999999999999999,1.0,0.000646737458099178,0.0
baseline,3000,ood_dev,6,4096,4096,4096,24576,24576,1.0,0.9990630225926348,0.9999999999999999,1.0,0.9990630225926348,0.9999999999999999,1.0,0.0015261819642984342,0.0
baseline,3000,ood_dev,7,4096,4089,4089,28665,28672,0.998291015625,0.9964763422189936,0.9991719141831389,0.998291015625,0.9964763422189936,0.9991719141831389,0.999755859375,0.0058947822524193505,0.0
baseline,3000,ood_dev,8,4096,4082,4082,32747,32768,0.99658203125,0.9942706398960515,0.9979628503155791,0.99658203125,0.9942706398960515,0.9979628503155791,0.999359130859375,0.01013378103504392,0.0
baseline,3000,ood_dev,9,4096,4067,4071,36818,36864,0.992919921875,0.9898503448988859,0.9950657891902398,0.993896484375,0.9910051126562461,0.995862316398881,0.9987521701388888,0.01721131042617685,0.0
baseline,3000,ood_dev,10,4096,4050,4063,40881,40960,0.98876953125,0.9850536128857085,0.9915695175979121,0.991943359375,0.9887074354065306,0.9942574037165939,0.9980712890625,0.023629269298791833,0.0
baseline,3000,ood_dev,11,4096,4021,4043,44924,45056,0.981689453125,0.9771094258840555,0.9853668160960561,0.987060546875,0.983114860378963,0.9900935039141554,0.9970703125,0.03773464431264317,0.0
baseline,3000,ood_dev,12,4096,3977,4008,48932,49152,0.970947265625,0.9653459981138298,0.975665999240268,0.978515625,0.973606447163245,0.9825280861773625,0.9955240885416666,0.06400757599720652,0.0
baseline,3000,ood_dev,13,4096,3937,3988,52920,53248,0.961181640625,0.9548210542172663,0.9666779934768192,0.9736328125,0.9682644999293395,0.9781135585812619,0.9938401442307693,0.07890507962465598,0.0
baseline,3000,ood_dev,14,4096,3882,3950,56870,57344,0.94775390625,0.9405100178795183,0.9541587240320502,0.96435546875,0.9582285450750817,0.9696122112585078,0.9917340959821429,0.10476848508907732,0.0
baseline,3000,ood_dev,15,4096,3831,3933,60803,61440,0.935302734375,0.9273540238865371,0.9424357072085155,0.960205078125,0.9537747892075905,0.9657729635204937,0.9896321614583333,0.12531153013157503,0.0
baseline,3000,ood_dev,16,4096,3767,3887,64690,65536,0.919677734375,0.9109556576829947,0.9276133539560381,0.948974609375,0.9418050708778951,0.955302789741175,0.987091064453125,0.16635980484925827,0.0
baseline,3000,ood_dev,17,4096,3698,3839,68529,69632,0.90283203125,0.8933804434366174,0.911528730038894,0.937255859375,0.9294118497021406,0.9442804713249144,0.9841595818014706,0.20046532223265245,0.0
baseline,3000,ood_dev,18,4096,3629,3806,72335,73728,0.885986328125,0.8758892090804093,0.8953601262315807,0.92919921875,0.9209355407485826,0.9366585968089622,0.9811062282986112,0.2270448817476769,0.0
baseline,3000,ood_dev,19,4096,3575,3802,76137,77824,0.872802734375,0.8622483549890327,0.8826584982819405,0.92822265625,0.9199101986690307,0.935732643922513,0.9783228824013158,0.24245742284520677,0.0
baseline,3000,ood_dev,20,4096,3488,3735,79872,81920,0.8515625,0.8403452097309037,0.8621209780295427,0.911865234375,0.9027930715550466,0.9201655803559762,0.975,0.27530553341943254,0.0
baseline,3000,ood_dev,21,4096,3424,3719,83591,86016,0.8359375,0.8242824617838188,0.8469630065206076,0.907958984375,0.8987196023793654,0.9164338696676525,0.9718075706845238,0.31874220344421733,0.0
baseline,3000,ood_dev,22,4096,3368,3666,87257,90112,0.822265625,0.8102578752813623,0.8336694634990469,0.89501953125,0.8852592531857103,0.9040395605617911,0.9683172052556818,0.36694723243082183,0.0
baseline,3000,ood_dev,23,4096,3292,3618,90875,94208,0.8037109375,0.7912650258604237,0.815587708565962,0.88330078125,0.8731073554786435,0.8927759186768431,0.9646208389945652,0.41582927172658213,0.0
baseline,3000,ood_dev,24,4096,3213,3562,94437,98304,0.784423828125,0.7715669842082322,0.7967476746396289,0.86962890625,0.8589699942813361,0.879595150350133,0.960662841796875,0.46023141056168004,0.0
baseline,3000,ood_dev,25,4096,3131,3521,97958,102400,0.764404296875,0.7511641743532573,0.7771489376915783,0.859619140625,0.8486434629761094,0.8699209082538472,0.95662109375,0.5028868374679965,0.0
baseline,3000,ood_dev,26,4096,3057,3494,101452,106496,0.746337890625,0.7327864308470848,0.759427724326728,0.85302734375,0.841853140376231,0.8635399898332172,0.95263671875,0.5704357086793816,0.0
baseline,3000,ood_dev,27,4096,2985,3443,104895,110592,0.728759765625,0.7149344970798438,0.7421563487059467,0.840576171875,0.829047056116625,0.8514670632763075,0.948486328125,0.6215032580676589,0.0
baseline,3000,ood_dev,28,4096,2911,3423,108318,114688,0.710693359375,0.696614686866384,0.7243772020483835,0.835693359375,0.8240317842605936,0.8467258603023325,0.9444580078125,0.6754401729052226,0.0
baseline,3000,ood_dev,29,4096,2838,3355,111673,118784,0.69287109375,0.6785686873071428,0.7068120684781021,0.819091796875,0.8070059112906308,0.8305797188502743,0.9401350350215517,0.7351129403355303,0.0
baseline,3000,ood_dev,30,4096,2755,3299,114972,122880,0.672607421875,0.6580806364593884,0.6868107487813307,0.805419921875,0.7930125396219495,0.8172549609949383,0.93564453125,0.8024834198798203,0.0
baseline,3000,ood_dev,31,4096,2689,3294,118266,126976,0.656494140625,0.6418106977365562,0.6708843205651426,0.80419921875,0.79176427901958,0.8160641028898061,0.9314043598790323,0.8392190875292798,0.0
baseline,3000,ood_dev,32,4096,2629,3250,121516,131072,0.641845703125,0.6270359498398671,0.656389643971813,0.79345703125,0.7807873017807578,0.8055768355026147,0.927093505859375,0.8798632261136632,0.0
baseline,3000,ood_dev,33,4096,2558,3192,124708,135168,0.62451171875,0.6095716993938474,0.6392184087713106,0.779296875,0.7663378466019042,0.7917325136744504,0.9226148200757576,0.9619234772572947,0.0
baseline,3000,ood_dev,34,4096,2484,3173,127881,139264,0.6064453125,0.5913910519567934,0.6213000993373418,0.774658203125,0.7616091504468746,0.7871925587409742,0.9182631548713235,1.0073649968777847,0.0
baseline,3000,ood_dev,35,4096,2416,3137,131018,143360,0.58984375,0.5747033985714631,0.6048157383006509,0.765869140625,0.7526556587868746,0.778584395706963,0.9139090401785714,1.055382760116391,0.0
baseline,3000,ood_dev,36,4096,2348,3088,134106,147456,0.5732421875,0.5580334580910074,0.5883136643590856,0.75390625,0.7404814000940155,0.7668552910663068,0.9094645182291666,1.106894377868524,0.0
baseline,3500,dev,1,4096,4096,4096,4096,4096,1.0,0.9990630225926348,0.9999999999999999,1.0,0.9990630225926348,0.9999999999999999,1.0,0.0002918469689827674,0.0
baseline,3500,dev,2,4096,4096,4096,8192,8192,1.0,0.9990630225926348,0.9999999999999999,1.0,0.9990630225926348,0.9999999999999999,1.0,0.00020554735011391045,0.0
baseline,3500,dev,3,4096,4096,4096,12288,12288,1.0,0.9990630225926348,0.9999999999999999,1.0,0.9990630225926348,0.9999999999999999,1.0,0.00023154841591921382,0.0
baseline,3500,dev,4,4096,4096,4096,16384,16384,1.0,0.9990630225926348,0.9999999999999999,1.0,0.9990630225926348,0.9999999999999999,1.0,0.0002703440571201199,0.0
baseline,3500,dev,5,4096,4096,4096,20480,20480,1.0,0.9990630225926348,0.9999999999999999,1.0,0.9990630225926348,0.9999999999999999,1.0,0.0003592094114104327,0.0
baseline,3500,dev,6,4096,4096,4096,24576,24576,1.0,0.9990630225926348,0.9999999999999999,1.0,0.9990630225926348,0.9999999999999999,1.0,0.0005206332901623867,0.0
baseline,3500,dev,7,4096,4096,4096,28672,28672,1.0,0.9990630225926348,0.9999999999999999,1.0,0.9990630225926348,0.9999999999999999,1.0,0.0009062637192309708,0.0
baseline,3500,dev,8,4096,4093,4093,32765,32768,0.999267578125,0.9978486714629491,0.9997508799051849,0.999267578125,0.9978486714629491,0.9997508799051849,0.999908447265625,0.002777836075946283,0.0
baseline,3500,dev,9,4096,4087,4089,36854,36864,0.997802734375,0.9958290482073086,0.9988435607118235,0.998291015625,0.9964763422189936,0.9991719141831389,0.9997287326388888,0.0057759612714987085,0.0
baseline,3500,dev,10,4096,4081,4082,40936,40960,0.996337890625,0.9939662587473084,0.9977794077228217,0.99658203125,0.9942706398960515,0.9979628503155791,0.9994140625,0.009863500341982245,0.0
baseline,3500,dev,11,4096,4074,4079,45015,45056,0.99462890625,0.9918806406223304,0.9964502596572975,0.995849609375,0.9933629968413301,0.9974070221457995,0.9990900213068182,0.012102258954104883,0.0
baseline,3500,dev,12,4096,4064,4073,49088,49152,0.9921875,0.9889921727170213,0.9944604901476036,0.994384765625,0.991587789433178,0.9962552871049496,0.9986979166666666,0.017967544087156284,0.0
baseline,3500,ood_dev,1,4096,4096,4096,4096,4096,1.0,0.9990630225926348,0.9999999999999999,1.0,0.9990630225926348,0.9999999999999999,1.0,0.0002981101555867838,0.0
baseline,3500,ood_dev,2,4096,4096,4096,8192,8192,1.0,0.9990630225926348,0.9999999999999999,1.0,0.9990630225926348,0.9999999999999999,1.0,0.00020924870424643416,0.0
baseline,3500,ood_dev,3,4096,4096,4096,12288,12288,1.0,0.9990630225926348,0.9999999999999999,1.0,0.9990630225926348,0.9999999999999999,1.0,0.00023927864793726883,0.0
baseline,3500,ood_dev,4,4096,4096,4096,16384,16384,1.0,0.9990630225926348,0.9999999999999999,1.0,0.9990630225926348,0.9999999999999999,1.0,0.0002967670126681199,0.0
baseline,3500,ood_dev,5,4096,4096,4096,20480,20480,1.0,0.9990630225926348,0.9999999999999999,1.0,0.9990630225926348,0.9999999999999999,1.0,0.0003739757586780357,0.0
baseline,3500,ood_dev,6,4096,4096,4096,24576,24576,1.0,0.9990630225926348,0.9999999999999999,1.0,0.9990630225926348,0.9999999999999999,1.0,0.0007118213211425584,0.0
baseline,3500,ood_dev,7,4096,4093,4093,28669,28672,0.999267578125,0.9978486714629491,0.9997508799051849,0.999267578125,0.9978486714629491,0.9997508799051849,0.9998953683035714,0.0019976143194968543,0.0
baseline,3500,ood_dev,8,4096,4089,4092,32761,32768,0.998291015625,0.9964763422189936,0.9991719141831389,0.9990234375,0.9974915571936952,0.9996201704329383,0.999786376953125,0.004095653511267727,0.0
baseline,3500,ood_dev,9,4096,4083,4086,36847,36864,0.996826171875,0.9945771012522003,0.9981442127009305,0.99755859375,0.9955114747539533,0.9986733104236785,0.9995388454861112,0.007871192439539598,0.0
baseline,3500,ood_dev,10,4096,4075,4080,40927,40960,0.994873046875,0.9921745882319427,0.9966441357891856,0.99609375,0.9936637657680687,0.9975940769605611,0.9991943359375,0.010803227232030643,0.0
baseline,3500,ood_dev,11,4096,4059,4064,44991,45056,0.990966796875,0.9875743543279273,0.993439189829196,0.9921875,0.9889921727170213,0.9944604901476036,0.9985573508522727,0.019481705188079346,0.0
baseline,3500,ood_dev,12,4096,4047,4061,49052,49152,0.988037109375,0.9842206673133682,0.9909389919457514,0.991455078125,0.9881397703182205,0.9938494213219035,0.9979654947916666,0.026711587495742428,0.0
baseline,3500,ood_dev,13,4096,4024,4043,53095,53248,0.982421875,0.9779220041441211,0.9860177090604912,0.987060546875,0.983114860378963,0.9900935039141554,0.9971266526442307,0.03856499397828017,0.0
baseline,3500,ood_dev,14,4096,4003,4043,57138,57344,0.977294921875,0.9722661011607102,0.9814293134723958,0.987060546875,0.983114860378963,0.9900935039141554,0.9964076450892857,0.04115152660291699,0.0
baseline,3500,ood_dev,15,4096,3974,4017,61155,61440,0.97021484375,0.9645521097608273,0.9749964163687698,0.980712890625,0.9760285730987803,0.9844963739153301,0.995361328125,0.052512217973788466,0.0
baseline,3500,ood_dev,16,4096,3937,3993,65148,65536,0.961181640625,0.9548210542172663,0.9666779934768192,0.974853515625,0.9695953616072256,0.9792218156108773,0.99407958984375,0.07767190988887585,0.0
baseline,3500,ood_dev,17,4096,3890,3965,69113,69632,0.94970703125,0.9425826106663004,0.9559887211772704,0.968017578125,0.96217528928926,0.9729828231668342,0.9925465303308824,0.09817006890170799,0.0
baseline,3500,ood_dev,18,4096,3844,3937,73050,73728,0.9384765625,0.9306990192363365,0.9454324204982203,0.961181640625,0.9548210542172663,0.9666779934768192,0.9908040364583334,0.11994573684402088,0.0
baseline,3500,ood_dev,19,4096,3806,3923,76973,77824,0.92919921875,0.9209355407485826,0.9366585968089622,0.957763671875,0.951163293350015,0.9635062219630662,0.9890650699013158,0.13099177073857504,0.0
baseline,3500,ood_dev,20,4096,3760,3890,80863,81920,0.91796875,0.9091682131124504,0.9259860323360801,0.94970703125,0.9425826106663004,0.9559887211772704,0.98709716796875,0.15140958806384397,0.0
baseline,3500,ood_dev,21,4096,3709,3867,84730,86016,0.905517578125,0.8961761478487502,0.9140990867832646,0.944091796875,0.9366308983630394,0.9507204874260244,0.9850492931547619,0.1868011663001825,0.0
baseline,3500,ood_dev,22,4096,3659,3837,88567,90112,0.893310546875,0.8834849554963446,0.9023990920606546,0.936767578125,0.9288972057773469,0.9438194677667077,0.9828546697443182,0.2186999980715285,0.0
baseline,3500,ood_dev,23,4096,3606,3794,92361,94208,0.88037109375,0.8700745010385601,0.8899548882189229,0.92626953125,0.9178607737962339,0.9338794788633074,0.9803944463315217,0.24624147155751164,0.0
baseline,3500,ood_dev,24,4096,3553,3767,96128,98304,0.867431640625,0.856701543629456,0.8774731873285104,0.919677734375,0.9109556576829947,0.9276133539560381,0.9778645833333334,0.28489866075549486,0.0
baseline,3500,ood_dev,25,4096,3500,3742,99870,102400,0.8544921875,0.8433614400717089,0.8649586325867411,0.91357421875,0.9045768022865681,0.9217966158149569,0.97529296875,0.31548170955981103,0.0
baseline,3500,ood_dev,26,4096,3431,3688,103558,106496,0.837646484375,0.8260374562848546,0.848622778210074,0.900390625,0.8908407331020064,0.9091902029585018,0.972412109375,0.35418285602782174,0.0
baseline,3500,ood_dev,27,4096,3364,3650,107208,110592,0.8212890625,0.8092571256308778,0.8327189181835302,0.89111328125,0.8812048260661931,0.9002888078173035,0.9694010416666666,0.3776141675889031,0.0
baseline,3500,ood_dev,28,4096,3293,3625,110833,114688,0.803955078125,0.7915146488016144,0.8158259093662715,0.885009765625,0.8748774303742215,0.8944206099717673,0.9663870675223214,0.41579616900566485,0.0
baseline,3500,ood_dev,29,4096,3247,3625,114458,118784,0.792724609375,0.7800393643630118,0.8048613016958598,0.885009765625,0.8748774303742215,0.8944206099717673,0.9635809536637931,0.4439209434167619,0.0
baseline,3500,ood_dev,30,4096,3187,3581,118039,122880,0.778076171875,0.7650932315093113,0.7905380100595418,0.874267578125,0.8637621415848652,0.88407165413511,0.9606038411458333,0.47683171678551695,0.0
baseline,3500,ood_dev,31,4096,3129,3555,121594,126976,0.763916015625,0.7506670606194392,0.776670403942396,0.867919921875,0.8572055614004055,0.8779448170405617,0.9576140372983871,0.5147373619977991,0.0
baseline,3500,ood_dev,32,4096,3064,3505,125099,131072,0.748046875,0.7345235343408396,0.7611053870234754,0.855712890625,0.8446186417242619,0.8661405496416897,0.9544296264648438,0.5641744912575231,0.0
baseline,3500,ood_dev,33,4096,3013,3488,128587,135168,0.735595703125,0.7218736280701865,0.7488762824776125,0.8515625,0.8403452097309037,0.8621209780295427,0.9513124408143939,0.5987687484086734,0.0
baseline,3500,ood_dev,34,4096,2935,3438,132025,139264,0.716552734375,0.702553239723425,0.73014641898735,0.83935546875,0.8277928955098375,0.8502821051755933,0.9480195886948529,0.6383860096648251,0.0
baseline,3500,ood_dev,35,4096,2884,3414,135439,143360,0.7041015625,0.689937176965354,0.7178834709289053,0.83349609375,0.8217760872138762,0.8445911436755471,0.9447474888392857,0.691619748841835,0.0
baseline,3500,ood_dev,36,4096,2828,3375,138814,147456,0.6904296875,0.676098586636755,0.7044039317334867,0.823974609375,0.8120095013916573,0.8353326035792541,0.9413926866319444,0.7299169717541316,0.0
baseline,4000,dev,1,4096,4096,4096,4096,4096,1.0,0.9990630225926348,0.9999999999999999,1.0,0.9990630225926348,0.9999999999999999,1.0,0.00023933487210925364,0.0
baseline,4000,dev,2,4096,4096,4096,8192,8192,1.0,0.9990630225926348,0.9999999999999999,1.0,0.9990630225926348,0.9999999999999999,1.0,0.00016539200655873998,0.0
baseline,4000,dev,3,4096,4096,4096,12288,12288,1.0,0.9990630225926348,0.9999999999999999,1.0,0.9990630225926348,0.9999999999999999,1.0,0.00018380707607690283,0.0
baseline,4000,dev,4,4096,4096,4096,16384,16384,1.0,0.9990630225926348,0.9999999999999999,1.0,0.9990630225926348,0.9999999999999999,1.0,0.00027721715887807363,0.0
baseline,4000,dev,5,4096,4096,4096,20480,20480,1.0,0.9990630225926348,0.9999999999999999,1.0,0.9990630225926348,0.9999999999999999,1.0,0.00048751827032056383,0.0
baseline,4000,dev,6,4096,4096,4096,24576,24576,1.0,0.9990630225926348,0.9999999999999999,1.0,0.9990630225926348,0.9999999999999999,1.0,0.0008015238817487003,0.0
baseline,4000,dev,7,4096,4095,4095,28671,28672,0.999755859375,0.9986182969663738,0.9999569018847606,0.999755859375,0.9986182969663738,0.9999569018847606,0.9999651227678571,0.0017293738138590697,0.0
baseline,4000,dev,8,4096,4092,4093,32764,32768,0.9990234375,0.9974915571936952,0.9996201704329383,0.999267578125,0.9978486714629491,0.9997508799051849,0.9998779296875,0.0035990192833041945,0.0
baseline,4000,dev,9,4096,4084,4084,36848,36864,0.9970703125,0.9948858699188933,0.9983232677757378,0.9970703125,0.9948858699188933,0.9983232677757378,0.9995659722222222,0.008490060623614681,0.0
baseline,4000,dev,10,4096,4074,4078,40926,40960,0.99462890625,0.9918806406223304,0.9964502596572975,0.99560546875,0.9930638103960733,0.9972183848495558,0.999169921875,0.014659865220348678,0.0
baseline,4000,dev,11,4096,4057,4065,44991,45056,0.990478515625,0.9870110133784079,0.9930268832957149,0.992431640625,0.9892775496501616,0.9946629369559636,0.9985573508522727,0.02203312528856749,0.0
baseline,4000,dev,12,4096,4036,4051,49042,49152,0.9853515625,0.9811912611355577,0.9886023369670586,0.989013671875,0.9853320021138738,0.991778952111247,0.9977620442708334,0.03252806224007454,0.0
baseline,4000,ood_dev,1,4096,4096,4096,4096,4096,1.0,0.9990630225926348,0.9999999999999999,1.0,0.9990630225926348,0.9999999999999999,1.0,0.00024147417972919527,0.0
baseline,4000,ood_dev,2,4096,4096,4096,8192,8192,1.0,0.9990630225926348,0.9999999999999999,1.0,0.9990630225926348,0.9999999999999999,1.0,0.00016351240544665302,0.0
baseline,4000,ood_dev,3,4096,4096,4096,12288,12288,1.0,0.9990630225926348,0.9999999999999999,1.0,0.9990630225926348,0.9999999999999999,1.0,0.00018353135151105704,0.0
baseline,4000,ood_dev,4,4096,4096,4096,16384,16384,1.0,0.9990630225926348,0.9999999999999999,1.0,0.9990630225926348,0.9999999999999999,1.0,0.00024094520826256627,0.0
baseline,4000,ood_dev,5,4096,4096,4096,20480,20480,1.0,0.9990630225926348,0.9999999999999999,1.0,0.9990630225926348,0.9999999999999999,1.0,0.0003492571673273659,0.0
baseline,4000,ood_dev,6,4096,4095,4095,24575,24576,0.999755859375,0.9986182969663738,0.9999569018847606,0.999755859375,0.9986182969663738,0.9999569018847606,0.9999593098958334,0.000671225655840324,0.0
baseline,4000,ood_dev,7,4096,4093,4094,28669,28672,0.999267578125,0.9978486714629491,0.9997508799051849,0.99951171875,0.9982212896544476,0.9998660854551866,0.9998953683035714,0.001527035358306783,0.0
baseline,4000,ood_dev,8,4096,4092,4093,32762,32768,0.9990234375,0.9974915571936952,0.9996201704329383,0.999267578125,0.9978486714629491,0.9997508799051849,0.99981689453125,0.003269074207006284,0.0
baseline,4000,ood_dev,9,4096,4083,4084,36846,36864,0.996826171875,0.9945771012522003,0.9981442127009305,0.9970703125,0.9948858699188933,0.9983232677757378,0.99951171875,0.007882823466074385,0.0
baseline,4000,ood_dev,10,4096,4075,4080,40926,40960,0.994873046875,0.9921745882319427,0.9966441357891856,0.99609375,0.9936637657680687,0.9975940769605611,0.999169921875,0.01253798310234977,0.0
baseline,4000,ood_dev,11,4096,4057,4070,44996,45056,0.990478515625,0.9870110133784079,0.9930268832957149,0.99365234375,0.99071517109395,0.9956644342196767,0.9986683238636364,0.017096320096440465,0.0
baseline,4000,ood_dev,12,4096,4041,4064,49060,49152,0.986572265625,0.9825638389733109,0.9896688778368068,0.9921875,0.9889921727170213,0.9944604901476036,0.9981282552083334,0.02534333325729765,0.0
baseline,4000,ood_dev,13,4096,4019,4049,53109,53248,0.981201171875,0.9765686419356131,0.9849319525614978,0.988525390625,0.9847756016627256,0.9913597050793945,0.9973895733173077,0.030884741084878264,0.0
baseline,4000,ood_dev,14,4096,3998,4035,57144,57344,0.97607421875,0.9709291555744165,0.9803271403511878,0.985107421875,0.9809175425035267,0.9883882318575893,0.9965122767857143,0.044191950221445175,0.0
baseline,4000,ood_dev,15,4096,3964,4006,61150,61440,0.9677734375,0.9619116249533165,0.9727586637612774,0.97802734375,0.9730698833974413,0.9820890024601655,0.9952799479166666,0.06373013722478404,0.0
baseline,4000,ood_dev,16,4096,3918,3979,65129,65536,0.95654296875,0.9498596607971911,0.9623707358083885,0.971435546875,0.9658757308170035,0.976111914020095,0.9937896728515625,0.08278594871272915,0.0
baseline,4000,ood_dev,17,4096,3877,3969,69098,69632,0.946533203125,0.9392159931236856,0.9530136300803813,0.968994140625,0.9632307842127183,0.973878623209377,0.9923311121323529,0.09334792265852787,0.0
baseline,4000,ood_dev,18,4096,3828,3930,73028,73728,0.9345703125,0.9265828466235786,0.9417434132469731,0.95947265625,0.9529907280310358,0.9650935534725474,0.9905056423611112,0.11030820737794489,0.0
baseline,4000,ood_dev,19,4096,3794,3920,76948,77824,0.92626953125,0.9178607737962339,0.9338794788633074,0.95703125,0.9503809505933728,0.9628250934952075,0.9887438322368421,0.13421957816870123,0.0
baseline,4000,ood_dev,20,4096,3735,3875,80823,81920,0.911865234375,0.9027930715550466,0.9201655803559762,0.946044921875,0.9386986636872588,0.9525553120338074,0.98660888671875,0.16182399524491586,0.0
baseline,4000,ood_dev,21,4096,3692,3859,84682,86016,0.9013671875,0.8918564110099307,0.9101258200165789,0.942138671875,0.9345655263512737,0.9488832695057877,0.9844912574404762,0.18555595908700884,0.0
baseline,4000,ood_dev,22,4096,3633,3822,88504,90112,0.886962890625,0.8769012144234478,0.8962994158545434,0.93310546875,0.9250412981572879,0.9403580192642621,0.9821555397727273,0.21463314747128948,0.0
baseline,4000,ood_dev,23,4096,3579,3804,92308,94208,0.873779296875,0.863257496456122,0.8836006517808525,0.9287109375,0.920422816416333,0.9361956736582114,0.9798318614130435,0.2474766381722242,0.0
baseline,4000,ood_dev,24,4096,3524,3760,96068,98304,0.8603515625,0.8493984234403716,0.8706294190140859,0.91796875,0.9091682131124504,0.9259860323360801,0.9772542317708334,0.2869735797061512,0.0
baseline,4000,ood_dev,25,4096,3462,3721,99789,102400,0.84521484375,0.8338150005188198,0.8559677699626185,0.908447265625,0.899228516897034,0.9169006026329847,0.974501953125,0.3185469697284917,0.0
baseline,4000,ood_dev,26,4096,3385,3657,103446,106496,0.826416015625,0.8145125260979643,0.83770781628795,0.892822265625,0.8829781530794668,0.901930246994532,0.9713604266826923,0.35902451256275825,0.0
baseline,4000,ood_dev,27,4096,3317,3626,107072,110592,0.809814453125,0.7975078064837412,0.8215405214801522,0.88525390625,0.875130353941446,0.894655510146043,0.9681712962962963,0.41618223213435535,0.0
baseline,4000,ood_dev,28,4096,3241,3581,110653,114688,0.791259765625,0.7785436738827836,0.8034300497270863,0.874267578125,0.8637621415848652,0.88407165413511,0.9648175920758929,0.4354772108320386,0.0
baseline,4000,ood_dev,29,4096,3185,3565,114218,118784,0.777587890625,0.7645954299535052,0.7900601641323473,0.870361328125,0.8597263579958655,0.8803022578601046,0.9615604795258621,0.47383267932772455,0.0
baseline,4000,ood_dev,30,4096,3118,3522,117740,122880,0.76123046875,0.7479333589152923,0.7740380444900392,0.85986328125,0.8488951055782347,0.8701570893932221,0.9581705729166666,0.5292700899595362,0.0
baseline,4000,ood_dev,31,4096,3047,3472,121212,126976,0.743896484375,0.7303053240053347,0.757030593753475,0.84765625,0.8363258316896912,0.8583351762067503,0.9546055947580645,0.5742381977492537,0.0
baseline,4000,ood_dev,32,4096,2982,3432,124644,131072,0.72802734375,0.7141912615147941,0.7414361130464955,0.837890625,0.8262882059570653,0.8488598522793636,0.950958251953125,0.6270856313157394,0.0
baseline,4000,ood_dev,33,4096,2920,3414,128058,135168,0.712890625,0.6988413115951353,0.7265409909931351,0.83349609375,0.8217760872138762,0.8445911436755471,0.9473987926136364,0.6668102246575298,0.0
baseline,4000,ood_dev,34,4096,2856,3365,131423,139264,0.697265625,0.6830160401504275,0.711145542981823,0.821533203125,0.8095073008667827,0.8329565666891255,0.9436968635110294,0.7282746534690956,0.0
baseline,4000,ood_dev,35,4096,2808,3356,134779,143360,0.685546875,0.6711597655185217,0.6995862780217139,0.8193359375,0.807256014123365,0.8308174397590403,0.9401436941964286,0.7468021607493878,0.0
baseline,4000,ood_dev,36,4096,2745,3291,138070,147456,0.670166015625,0.6556142769238003,0.6843988709019158,0.803466796875,0.7910154101857612,0.815349500499124,0.9363471137152778,0.8201005266247838,0.0
baseline,4500,dev,1,4096,4096,4096,4096,4096,1.0,0.9990630225926348,0.9999999999999999,1.0,0.9990630225926348,0.9999999999999999,1.0,0.00015721245276623108,0.0
baseline,4500,dev,2,4096,4096,4096,8192,8192,1.0,0.9990630225926348,0.9999999999999999,1.0,0.9990630225926348,0.9999999999999999,1.0,0.00010005445787220069,0.0
baseline,4500,dev,3,4096,4096,4096,12288,12288,1.0,0.9990630225926348,0.9999999999999999,1.0,0.9990630225926348,0.9999999999999999,1.0,0.00012181158368207434,0.0
baseline,4500,dev,4,4096,4096,4096,16384,16384,1.0,0.9990630225926348,0.9999999999999999,1.0,0.9990630225926348,0.9999999999999999,1.0,0.00016209370281217161,0.0
baseline,4500,dev,5,4096,4096,4096,20480,20480,1.0,0.9990630225926348,0.9999999999999999,1.0,0.9990630225926348,0.9999999999999999,1.0,0.00023251293309112242,0.0
baseline,4500,dev,6,4096,4095,4095,24575,24576,0.999755859375,0.9986182969663738,0.9999569018847606,0.999755859375,0.9986182969663738,0.9999569018847606,0.9999593098958334,0.0006500950397421157,0.0
baseline,4500,dev,7,4096,4095,4096,28671,28672,0.999755859375,0.9986182969663738,0.9999569018847606,1.0,0.9990630225926348,0.9999999999999999,0.9999651227678571,0.0008033642787150796,0.0
baseline,4500,dev,8,4096,4095,4095,32766,32768,0.999755859375,0.9986182969663738,0.9999569018847606,0.999755859375,0.9986182969663738,0.9999569018847606,0.99993896484375,0.0013068221192629181,0.0
baseline,4500,dev,9,4096,4093,4094,36860,36864,0.999267578125,0.9978486714629491,0.9997508799051849,0.99951171875,0.9982212896544476,0.9998660854551866,0.9998914930555556,0.0018748747062113935,0.0
baseline,4500,dev,10,4096,4090,4092,40952,40960,0.99853515625,0.9968075986857966,0.9993284814578364,0.9990234375,0.9974915571936952,0.9996201704329383,0.9998046875,0.004595237752512915,0.0
baseline,4500,dev,11,4096,4090,4094,45046,45056,0.99853515625,0.9968075986857966,0.9993284814578364,0.99951171875,0.9982212896544476,0.9998660854551866,0.9997780539772727,0.003695335714141823,0.0
baseline,4500,dev,12,4096,4081,4085,49131,49152,0.996337890625,0.9939662587473084,0.9977794077228217,0.997314453125,0.9951972177470491,0.9984997436890822,0.99957275390625,0.008250623916874922,0.0
baseline,4500,ood_dev,1,4096,4096,4096,4096,4096,1.0,0.9990630225926348,0.9999999999999999,1.0,0.9990630225926348,0.9999999999999999,1.0,0.00015711881974667108,0.0
baseline,4500,ood_dev,2,4096,4096,4096,8192,8192,1.0,0.9990630225926348,0.9999999999999999,1.0,0.9990630225926348,0.9999999999999999,1.0,0.00010213122455970947,0.0
baseline,4500,ood_dev,3,4096,4096,4096,12288,12288,1.0,0.9990630225926348,0.9999999999999999,1.0,0.9990630225926348,0.9999999999999999,1.0,0.00012037968240230512,0.0
baseline,4500,ood_dev,4,4096,4096,4096,16384,16384,1.0,0.9990630225926348,0.9999999999999999,1.0,0.9990630225926348,0.9999999999999999,1.0,0.0001990052220994798,0.0
baseline,4500,ood_dev,5,4096,4096,4096,20480,20480,1.0,0.9990630225926348,0.9999999999999999,1.0,0.9990630225926348,0.9999999999999999,1.0,0.00021609063002436812,0.0
baseline,4500,ood_dev,6,4096,4096,4096,24576,24576,1.0,0.9990630225926348,0.9999999999999999,1.0,0.9990630225926348,0.9999999999999999,1.0,0.0005305665026376083,0.0
baseline,4500,ood_dev,7,4096,4093,4093,28669,28672,0.999267578125,0.9978486714629491,0.9997508799051849,0.999267578125,0.9978486714629491,0.9997508799051849,0.9998953683035714,0.0012726550988184648,0.0
baseline,4500,ood_dev,8,4096,4089,4091,32760,32768,0.998291015625,0.9964763422189936,0.9991719141831389,0.998779296875,0.997145424476127,0.9994784794090062,0.999755859375,0.0031182416657711265,0.0
baseline,4500,ood_dev,9,4096,4086,4090,36850,36864,0.99755859375,0.9955114747539533,0.9986733104236785,0.99853515625,0.9968075986857966,0.9993284814578364,0.9996202256944444,0.004321350988618189,0.0
baseline,4500,ood_dev,10,4096,4083,4090,40940,40960,0.996826171875,0.9945771012522003,0.9981442127009305,0.99853515625,0.9968075986857966,0.9993284814578364,0.99951171875,0.0071287600665077555,0.0
baseline,4500,ood_dev,11,4096,4072,4080,45020,45056,0.994140625,0.9912959670744264,0.996059285722201,0.99609375,0.9936637657680687,0.9975940769605611,0.9992009943181818,0.010949934513387216,0.0
baseline,4500,ood_dev,12,4096,4064,4078,49098,49152,0.9921875,0.9889921727170213,0.9944604901476036,0.99560546875,0.9930638103960733,0.9972183848495558,0.9989013671875,0.012418523615591148,0.0
baseline,4500,ood_dev,13,4096,4044,4062,53160,53248,0.9873046875,0.9833908284717333,0.9903053595628853,0.99169921875,0.9884233098915096,0.9940537054901146,0.9983473557692307,0.02410338638816878,0.0
baseline,4500,ood_dev,14,4096,4029,4053,57213,57344,0.983642578125,0.9792802999311276,0.9870985319809864,0.989501953125,0.9858899643168433,0.9921966373912783,0.9977155412946429,0.031931330347049425,0.0
baseline,4500,ood_dev,15,4096,4008,4039,61252,61440,0.978515625,0.973606447163245,0.9825280861773625,0.986083984375,0.9820139840883064,0.9892430852388108,0.9969401041666667,0.04253326824799375,0.0
baseline,4500,ood_dev,16,4096,3981,4024,65276,65536,0.971923828125,0.9664058535023272,0.976557438817772,0.982421875,0.9779220041441211,0.9860177090604912,0.99603271484375,0.04937568305336537,0.0
baseline,4500,ood_dev,17,4096,3949,4007,69283,69632,0.964111328125,0.9579660236105576,0.9693869089815317,0.978271484375,0.9733380928544043,0.9823086167447029,0.9949879365808824,0.06218325249229251,0.0
baseline,4500,ood_dev,18,4096,3924,3998,73281,73728,0.9580078125,0.9514241848736409,0.9637331541809406,0.97607421875,0.9709291555744165,0.9803271403511878,0.9939371744791666,0.07588128117577497,0.0
baseline,4500,ood_dev,19,4096,3895,3991,77272,77824,0.950927734375,0.9438793823249059,0.9571310682261667,0.974365234375,0.9690626764666648,0.9787788532684374,0.992907072368421,0.09186823051321902,0.0
baseline,4500,ood_dev,20,4096,3859,3954,81226,81920,0.942138671875,0.9345655263512737,0.9488832695057877,0.96533203125,0.9592793468139419,0.9705127044856489,0.9915283203125,0.11158893281083815,0.0
baseline,4500,ood_dev,21,4096,3807,3924,85150,86016,0.929443359375,0.9211919432008939,0.9368900180981512,0.9580078125,0.9514241848736409,0.9637331541809406,0.9899321056547619,0.13265016290086207,0.0
baseline,4500,ood_dev,22,4096,3755,3896,89046,90112,0.916748046875,0.9078921282737603,0.9248229984672688,0.951171875,0.9441388702045643,0.9573594040880085,0.9881702769886364,0.1605689195584965,0.0
baseline,4500,ood_dev,23,4096,3714,3875,92921,94208,0.90673828125,0.897447644100744,0.9152667092387725,0.946044921875,0.9386986636872588,0.9525553120338074,0.9863387398097826,0.1864155934684324,0.0
baseline,4500,ood_dev,24,4096,3660,3840,96761,98304,0.8935546875,0.8837383798604915,0.9026334914380082,0.9375,0.9296692192922852,0.9445109254762704,0.9843037923177084,0.21050009265445402,0.0
baseline,4500,ood_dev,25,4096,3615,3809,100570,102400,0.882568359375,0.8723489588346361,0.8920708440963495,0.929931640625,0.9217048293210383,0.9373527794610076,0.98212890625,0.24620921401673135,0.0
baseline,4500,ood_dev,26,4096,3568,3789,104359,106496,0.87109375,0.8604828297370326,0.8810092573434385,0.925048828125,0.916580713871883,0.9327204200801565,0.9799335186298077,0.2524164155200306,0.0
baseline,4500,ood_dev,27,4096,3509,3753,108112,110592,0.856689453125,0.8456245917120823,0.8670858946198706,0.916259765625,0.9073818457534903,0.924357633504538,0.9775752314814815,0.2910583688387405,0.0
baseline,4500,ood_dev,28,4096,3450,3733,111845,114688,0.84228515625,0.8308032711335156,0.8531256144499189,0.911376953125,0.9022836148178496,0.9196993896101727,0.9752110072544643,0.3199025143511829,0.0
baseline,4500,ood_dev,29,4096,3398,3723,115568,118784,0.82958984375,0.8177677129585759,0.8407943380668426,0.908935546875,0.8997375071958539,0.9173672598171653,0.9729256465517241,0.34760107102272686,0.0
baseline,4500,ood_dev,30,4096,3341,3691,119259,122880,0.815673828125,0.803505304014572,0.8272507937453287,0.901123046875,0.8916024659529467,0.9098919413320625,0.9705322265625,0.3645947910210898,0.0
baseline,4500,ood_dev,31,4096,3280,3671,122930,126976,0.80078125,0.7882701144567107,0.8127287350716711,0.896240234375,0.8865270812946906,0.9052108511603125,0.9681357106854839,0.3983831756734575,0.0
baseline,4500,ood_dev,32,4096,3227,3632,126562,131072,0.787841796875,0.7750546759462219,0.8000895152826436,0.88671875,0.8766481917015035,0.8960646148349874,0.9655914306640625,0.44137527678080524,0.0
baseline,4500,ood_dev,33,4096,3185,3614,130176,135168,0.777587890625,0.7645954299535052,0.7900601641323473,0.88232421875,0.8720961872638064,0.891835791925679,0.9630681818181818,0.4649771247356771,0.0
baseline,4500,ood_dev,34,4096,3128,3581,133757,139264,0.763671875,0.7504185126757205,0.7764311281446142,0.874267578125,0.8637621415848652,0.88407165413511,0.9604563993566176,0.5130232390491649,0.0
baseline,4500,ood_dev,35,4096,3062,3540,137297,143360,0.74755859375,0.734027191302923,0.7606260825783913,0.8642578125,0.853426556028023,0.8744064662904394,0.9577078683035715,0.5567000577603816,0.0
baseline,4500,ood_dev,36,4096,3003,3493,140790,147456,0.733154296875,0.7193948943133442,0.7464767788194518,0.852783203125,0.8416017930965025,0.8633035133714453,0.9547932942708334,0.597242188918587,0.0
baseline,5000,dev,1,102400,102400,102400,102400,102400,1.0,0.9999624871609701,1.0,1.0,0.9999624871609701,1.0,1.0,0.00010681743837448465,0.0
baseline,5000,dev,2,102400,102400,102400,204800,204800,1.0,0.9999624871609701,1.0,1.0,0.9999624871609701,1.0,1.0,7.203654577350171e-05,0.0
baseline,5000,dev,3,102400,102400,102400,307200,307200,1.0,0.9999624871609701,1.0,1.0,0.9999624871609701,1.0,1.0,9.397258799566544e-05,0.0
baseline,5000,dev,4,102400,102400,102400,409600,409600,1.0,0.9999624871609701,1.0,1.0,0.9999624871609701,1.0,1.0,0.00013966460255239178,0.0
baseline,5000,dev,5,102400,102398,102398,511998,512000,0.99998046875,0.9999287823158808,0.9999946438104347,0.99998046875,0.9999287823158808,0.9999946438104347,0.99999609375,0.000284073231273938,0.0
baseline,5000,dev,6,102400,102390,102391,614389,614400,0.99990234375,0.9998202295599984,0.9999469524276979,0.999912109375,0.9998329541276058,0.999953758377418,0.9999820963541667,0.000625684282947807,0.0
baseline,5000,dev,7,102400,102369,102375,716764,716800,0.999697265625,0.9995703338469782,0.9997867072768437,0.999755859375,0.9996396050278641,0.999834619199922,0.9999497767857143,0.0013215232563881063,0.0
baseline,5000,dev,8,102400,102299,102310,819074,819200,0.999013671875,0.9988017844178726,0.9991881204930338,0.99912109375,0.998919909733904,0.9992848308676036,0.99984619140625,0.0028820046509375973,0.0
baseline,5000,dev,9,102400,102180,102231,921305,921600,0.9978515625,0.9975486867001404,0.9981170866488098,0.998349609375,0.9980815995129239,0.9985802302197219,0.9996799045138889,0.005635201524703719,0.0
baseline,5000,dev,10,102400,101957,102059,1023364,1024000,0.995673828125,0.995252827917074,0.9960576400678745,0.996669921875,0.9962979466033796,0.9970046341489599,0.99937890625,0.009873450936428637,0.0
baseline,5000,dev,11,102400,101649,101851,1125215,1126400,0.992666015625,0.992124617104551,0.9931704515435698,0.994638671875,0.9941724731053734,0.9950677600428746,0.9989479758522727,0.015745558561331165,0.0
baseline,5000,dev,12,102400,101234,101573,1226788,1228800,0.98861328125,0.9879448594514364,0.9892450445058287,0.991923828125,0.9913568731546268,0.9924538761766143,0.9983626302083334,0.023758417980066646,0.0
baseline,5000,ood_dev,1,102400,102400,102400,102400,102400,1.0,0.9999624871609701,1.0,1.0,0.9999624871609701,1.0,1.0,0.00010709430847576585,0.0
baseline,5000,ood_dev,2,102400,102400,102400,204800,204800,1.0,0.9999624871609701,1.0,1.0,0.9999624871609701,1.0,1.0,7.161469411143706e-05,0.0
baseline,5000,ood_dev,3,102400,102400,102400,307200,307200,1.0,0.9999624871609701,1.0,1.0,0.9999624871609701,1.0,1.0,9.054569639648236e-05,0.0
baseline,5000,ood_dev,4,102400,102399,102399,409599,409600,0.999990234375,0.9999446805183295,0.9999982761253133,0.999990234375,0.9999446805183295,0.9999982761253133,0.99999755859375,0.0001441485881657911,0.0
baseline,5000,ood_dev,5,102400,102398,102398,511997,512000,0.99998046875,0.9999287823158808,0.9999946438104347,0.99998046875,0.9999287823158808,0.9999946438104347,0.999994140625,0.0002765905208335795,0.0
baseline,5000,ood_dev,6,102400,102391,102393,614390,614400,0.999912109375,0.9998329541276058,0.999953758377418,0.999931640625,0.9998588878252541,0.9999668857144244,0.9999837239583333,0.0005127862115718695,0.0
baseline,5000,ood_dev,7,102400,102364,102368,716758,716800,0.9996484375,0.9995133551962606,0.9997460333409244,0.9996875,0.9995588896466933,0.9997786209598011,0.99994140625,0.0012639355578282529,0.0
baseline,5000,ood_dev,8,102400,102317,102340,819098,819200,0.999189453125,0.9989954218558749,0.999346032366924,0.9994140625,0.999245935024263,0.9995447210970653,0.99987548828125,0.002486097655250692,0.0
baseline,5000,ood_dev,9,102400,102205,102240,921338,921600,0.998095703125,0.9978093454375543,0.9983446908445799,0.9984375,0.9981761670054985,0.9986614373830935,0.9997157118055555,0.005064063010390969,0.0
baseline,5000,ood_dev,10,102400,101993,102093,1023431,1024000,0.996025390625,0.9956209692244531,0.9963925973842802,0.997001953125,0.9966479352439517,0.997318683097518,0.9994443359375,0.008709823982050731,0.0
baseline,5000,ood_dev,11,102400,101712,101912,1125343,1126400,0.99328125,0.9927620576834453,0.9937634335562993,0.995234375,0.9947935826067935,0.9956380120984236,0.9990616122159091,0.014015669334769418,0.0
baseline,5000,ood_dev,12,102400,101272,101629,1226972,1228800,0.988984375,0.9883264914397614,0.9896055721759436,0.992470703125,0.9919224556379752,0.9929820026635982,0.9985123697916667,0.02175132597846358,0.0
baseline,5000,ood_dev,13,102400,100730,101297,1328269,1331200,0.98369140625,0.9828972889440596,0.9844492342802146,0.989228515625,0.9885776655702901,0.989842660978599,0.9977982271634616,0.030937283218268528,0.0
baseline,5000,ood_dev,14,102400,100042,100811,1429080,1433600,0.97697265625,0.9760359330466525,0.9778735942563962,0.984482421875,0.9837070119313559,0.9852214831964349,0.9968470982142857,0.04418751307515879,0.0
baseline,5000,ood_dev,15,102400,99279,100381,1529461,1536000,0.969521484375,0.9684508761830047,0.9705568663992662,0.980283203125,0.9794134971711566,0.9811168755058681,0.9957428385416667,0.05862140315904659,0.0
baseline,5000,ood_dev,16,102400,98371,99784,1629245,1638400,0.960654296875,0.9594461366645765,0.9618278961844494,0.974453125,0.9734688021642881,0.9754018516683012,0.9944122314453125,0.07691041245223809,0.0
baseline,5000,ood_dev,17,102400,97413,99221,1728466,1740800,0.951298828125,0.9499634780840182,0.9526003191653941,0.968955078125,0.9678750653567252,0.969999907220559,0.9929147518382353,0.09705282839359664,0.0
baseline,5000,ood_dev,18,102400,96323,98616,1827082,1843200,0.940654296875,0.939190568657582,0.942084964705005,0.963046875,0.9618739558724344,0.9641850537217952,0.9912554253472222,0.11746312668780591,0.0
baseline,5000,ood_dev,19,102400,95097,97910,1924992,1945600,0.928681640625,0.9270892312727093,0.9302418878465311,0.95615234375,0.954881031217364,0.9573894331437475,0.9894078947368421,0.14195601566812896,0.0
baseline,5000,ood_dev,20,102400,93842,97165,2022157,2048000,0.91642578125,0.9147150681433645,0.9181052517300357,0.948876953125,0.9475110363128768,0.9502091926393496,0.98738134765625,0.17132629878813652,0.0
baseline,5000,ood_dev,21,102400,92483,96416,2118573,2150400,0.903154296875,0.9013277238027088,0.9049506230228056,0.9415625,0.9401091592205206,0.942982712253511,0.9851994977678571,0.19792236375529015,0.0
baseline,5000,ood_dev,22,102400,91109,95643,2214216,2252800,0.889736328125,0.8878032625121872,0.8916401535055307,0.934013671875,0.9324767786290544,0.9355180029509258,0.9828728693181819,0.22804020416625978,0.0
baseline,5000,ood_dev,23,102400,89696,94881,2309097,2355200,0.8759375,0.8739042995839114,0.8779424954502432,0.926572265625,0.9249586143487611,0.9281539130277687,0.9804250169836957,0.258845465542536,0.0
baseline,5000,ood_dev,24,102400,88180,93998,2403095,2457600,0.8611328125,0.859001227424029,0.8632373033418436,0.91794921875,0.9162525718990339,0.9196145086774349,0.9778218587239583,0.29468240653613925,0.0
baseline,5000,ood_dev,25,102400,86675,93055,2496150,2560000,0.846435546875,0.8442143440876754,0.8486307581005162,0.908740234375,0.906961033986689,0.9104887687500766,0.97505859375,0.3321328540672598,0.0
baseline,5000,ood_dev,26,102400,85098,92157,2588307,2662400,0.83103515625,0.8287276245220027,0.833317851840938,0.899970703125,0.8981179668421821,0.9017934313346119,0.9721705979567308,0.3719118280316585,0.0
baseline,5000,ood_dev,27,102400,83511,91300,2679607,2764800,0.815537109375,0.8131496813796794,0.8179008639847368,0.8916015625,0.8896827283073988,0.8934910165198454,0.9691865596064815,0.4133029461481666,0.0
baseline,5000,ood_dev,28,102400,81991,90455,2770062,2867200,0.800693359375,0.7982353352442451,0.8031288237825798,0.883349609375,0.8813691044418488,0.8853013532437737,0.9661209542410715,0.4502745989987514,0.0
baseline,5000,ood_dev,29,102400,80414,89534,2859596,2969600,0.78529296875,0.7827672961491757,0.7877972370523981,0.87435546875,0.8723113315165416,0.8763715197105801,0.9629566271551724,0.49546455651114857,0.0
baseline,5000,ood_dev,30,102400,78815,88667,2948263,3072000,0.769677734375,0.7670888294543495,0.7722464065407714,0.865888671875,0.8637877509083178,0.8679621417959802,0.9597210286458333,0.5366235430129948,0.0
baseline,5000,ood_dev,31,102400,77281,87915,3036178,3174400,0.754697265625,0.7520524091326289,0.7573230132823173,0.858544921875,0.8563970051920072,0.8606659384821141,0.956457283266129,0.5811702006760182,0.0
baseline,5000,ood_dev,32,102400,75722,87062,3123240,3276800,0.73947265625,0.736775358249274,0.7421519876523142,0.85021484375,0.8480159760533039,0.852387436340577,0.95313720703125,0.6231568617435259,0.0
baseline,5000,ood_dev,33,102400,74114,86221,3209461,3379200,0.72376953125,0.7210225411718049,0.726499732867384,0.842001953125,0.8397551423418407,0.8442231049797283,0.949769472064394,0.6658707167427178,0.0
baseline,5000,ood_dev,34,102400,72605,85245,3294706,3481600,0.709033203125,0.7062434285111904,0.711807294881008,0.832470703125,0.8301709145883321,0.834745547821731,0.9463195082720588,0.7149785586334755,0.0
baseline,5000,ood_dev,35,102400,71076,84383,3379089,3584000,0.6941015625,0.6912720567330908,0.6969165056655702,0.824052734375,0.8217083844733741,0.8263727720005023,0.942826171875,0.762032455500791,0.0
baseline,5000,ood_dev,36,102400,69567,83586,3462675,3686400,0.679365234375,0.6764999404663115,0.682217071285359,0.81626953125,0.8138857320788855,0.8186296020850827,0.9393107096354166,0.8118182364864376,0.0
baseline,5500,dev,1,4096,4096,4096,4096,4096,1.0,0.9990630225926348,0.9999999999999999,1.0,0.9990630225926348,0.9999999999999999,1.0,6.299971833723106e-05,0.0
baseline,5500,dev,2,4096,4096,4096,8192,8192,1.0,0.9990630225926348,0.9999999999999999,1.0,0.9990630225926348,0.9999999999999999,1.0,4.379918050489984e-05,0.0
baseline,5500,dev,3,4096,4096,4096,12288,12288,1.0,0.9990630225926348,0.9999999999999999,1.0,0.9990630225926348,0.9999999999999999,1.0,5.1945689274246476e-05,0.0
baseline,5500,dev,4,4096,4096,4096,16384,16384,1.0,0.9990630225926348,0.9999999999999999,1.0,0.9990630225926348,0.9999999999999999,1.0,7.372846075304196e-05,0.0
baseline,5500,dev,5,4096,4096,4096,20480,20480,1.0,0.9990630225926348,0.9999999999999999,1.0,0.9990630225926348,0.9999999999999999,1.0,0.00019157898648547445,0.0
baseline,5500,dev,6,4096,4095,4095,24575,24576,0.999755859375,0.9986182969663738,0.9999569018847606,0.999755859375,0.9986182969663738,0.9999569018847606,0.9999593098958334,0.0006050676497895147,0.0
baseline,5500,dev,7,4096,4092,4092,28667,28672,0.9990234375,0.9974915571936952,0.9996201704329383,0.9990234375,0.9974915571936952,0.9996201704329383,0.9998256138392857,0.002172066402953199,0.0
baseline,5500,dev,8,4096,4091,4094,32761,32768,0.998779296875,0.997145424476127,0.9994784794090062,0.99951171875,0.9982212896544476,0.9998660854551866,0.999786376953125,0.0018396039151760135,0.0
baseline,5500,dev,9,4096,4089,4091,36852,36864,0.998291015625,0.9964763422189936,0.9991719141831389,0.998779296875,0.997145424476127,0.9994784794090062,0.9996744791666666,0.002820850356263893,0.0
baseline,5500,dev,10,4096,4085,4089,40941,40960,0.997314453125,0.9951972177470491,0.9984997436890822,0.998291015625,0.9964763422189936,0.9991719141831389,0.9995361328125,0.005366063861395709,0.0
baseline,5500,dev,11,4096,4075,4079,45020,45056,0.994873046875,0.9921745882319427,0.9966441357891856,0.995849609375,0.9933629968413301,0.9974070221457995,0.9992009943181818,0.008150705670393776,0.0
baseline,5500,dev,12,4096,4069,4077,49097,49152,0.993408203125,0.9904260923610462,0.9954656892110803,0.995361328125,0.9927660832938955,0.9970282882102334,0.9988810221354166,0.014385727271028825,0.0
baseline,5500,ood_dev,1,4096,4096,4096,4096,4096,1.0,0.9990630225926348,0.9999999999999999,1.0,0.9990630225926348,0.9999999999999999,1.0,6.368171809878476e-05,0.0
baseline,5500,ood_dev,2,4096,4096,4096,8192,8192,1.0,0.9990630225926348,0.9999999999999999,1.0,0.9990630225926348,0.9999999999999999,1.0,4.326981819069431e-05,0.0
baseline,5500,ood_dev,3,4096,4096,4096,12288,12288,1.0,0.9990630225926348,0.9999999999999999,1.0,0.9990630225926348,0.9999999999999999,1.0,5.197396473000104e-05,0.0
baseline,5500,ood_dev,4,4096,4096,4096,16384,16384,1.0,0.9990630225926348,0.9999999999999999,1.0,0.9990630225926348,0.9999999999999999,1.0,7.30682599747734e-05,0.0
baseline,5500,ood_dev,5,4096,4096,4096,20480,20480,1.0,0.9990630225926348,0.9999999999999999,1.0,0.9990630225926348,0.9999999999999999,1.0,0.00012522198693631914,0.0
baseline,5500,ood_dev,6,4096,4096,4096,24576,24576,1.0,0.9990630225926348,0.9999999999999999,1.0,0.9990630225926348,0.9999999999999999,1.0,0.00034635275047678604,0.0
baseline,5500,ood_dev,7,4096,4096,4096,28672,28672,1.0,0.9990630225926348,0.9999999999999999,1.0,0.9990630225926348,0.9999999999999999,1.0,0.0003781851549689019,0.0
baseline,5500,ood_dev,8,4096,4095,4095,32767,32768,0.999755859375,0.9986182969663738,0.9999569018847606,0.999755859375,0.9986182969663738,0.9999569018847606,0.999969482421875,0.0015635774919589007,0.0
baseline,5500,ood_dev,9,4096,4094,4095,36862,36864,0.99951171875,0.9982212896544476,0.9998660854551866,0.999755859375,0.9986182969663738,0.9999569018847606,0.9999457465277778,0.0017904675284405869,0.0
baseline,5500,ood_dev,10,4096,4090,4092,40954,40960,0.99853515625,0.9968075986857966,0.9993284814578364,0.9990234375,0.9974915571936952,0.9996201704329383,0.999853515625,0.004392176593469577,0.0
baseline,5500,ood_dev,11,4096,4079,4083,45037,45056,0.995849609375,0.9933629968413301,0.9974070221457995,0.996826171875,0.9945771012522003,0.9981442127009305,0.9995783025568182,0.010669648871884707,0.0
baseline,5500,ood_dev,12,4096,4062,4069,49106,49152,0.99169921875,0.9884233098915096,0.9940537054901146,0.993408203125,0.9904260923610462,0.9954656892110803,0.9990641276041666,0.01891599312829917,0.0
baseline,5500,ood_dev,13,4096,4057,4070,53176,53248,0.990478515625,0.9870110133784079,0.9930268832957149,0.99365234375,0.99071517109395,0.9956644342196767,0.9986478365384616,0.02717301335893585,0.0
baseline,5500,ood_dev,14,4096,4035,4054,57230,57344,0.985107421875,0.9809175425035267,0.9883882318575893,0.98974609375,0.9861695639225535,0.9924048615270683,0.9980119977678571,0.03626928702123311,0.0
baseline,5500,ood_dev,15,4096,4018,4043,61273,61440,0.98095703125,0.9762985198015777,0.984714250954033,0.987060546875,0.983114860378963,0.9900935039141554,0.9972819010416667,0.04470055849609533,0.0
baseline,5500,ood_dev,16,4096,3991,4024,65297,65536,0.974365234375,0.9690626764666648,0.9787788532684374,0.982421875,0.9779220041441211,0.9860177090604912,0.9963531494140625,0.06338063803760252,0.0
baseline,5500,ood_dev,17,4096,3967,4012,69309,69632,0.968505859375,0.9627028673707351,0.9734308925683598,0.9794921875,0.9746813618391824,0.9834044664674263,0.995361328125,0.07665826235553252,0.0
baseline,5500,ood_dev,18,4096,3931,3993,73302,73728,0.959716796875,0.9532520220922961,0.9653200831527876,0.974853515625,0.9695953616072256,0.9792218156108773,0.9942220052083334,0.09239713850494646,0.0
baseline,5500,ood_dev,19,4096,3899,3968,77270,77824,0.951904296875,0.9449176066361316,0.9580441388809422,0.96875,0.9629667829716362,0.9736548007089589,0.9928813733552632,0.10787940025489728,0.0
baseline,5500,ood_dev,20,4096,3866,3947,81217,81920,0.94384765625,0.9363725983801838,0.9504909636673797,0.963623046875,0.9574411905686989,0.9689360945403896,0.99141845703125,0.13002523793292053,0.0
baseline,5500,ood_dev,21,4096,3822,3925,85142,86016,0.93310546875,0.9250412981572879,0.9403580192642621,0.958251953125,0.9516851324633817,0.9639600303327001,0.9898390997023809,0.14200972864744799,0.0
baseline,5500,ood_dev,22,4096,3764,3888,89030,90112,0.9189453125,0.9101894761317266,0.9269160642828052,0.94921875,0.9420642079017939,0.9555314764587765,0.9879927201704546,0.16391229898684512,0.0
baseline,5500,ood_dev,23,4096,3718,3871,92901,94208,0.90771484375,0.8984651733694144,0.9162004749361032,0.945068359375,0.9376644744381794,0.9516382063168857,0.9861264436141305,0.19208980868208325,0.0
baseline,5500,ood_dev,24,4096,3663,3840,96741,98304,0.894287109375,0.8844987461372489,0.9033365963857516,0.9375,0.9296692192922852,0.9445109254762704,0.984100341796875,0.2108874087114807,0.0
baseline,5500,ood_dev,25,4096,3605,3810,100551,102400,0.880126953125,0.8698218505154235,0.889719715000559,0.93017578125,0.9219613132494459,0.9375841192741002,0.981943359375,0.24840487255496613,0.0
baseline,5500,ood_dev,26,4096,3543,3768,104319,106496,0.864990234375,0.8541821504695758,0.8751143430733875,0.919921875,0.911211096651605,0.9278457387289282,0.9795579176682693,0.28250324947587613,0.0
baseline,5500,ood_dev,27,4096,3473,3719,108038,110592,0.847900390625,0.8365769684304168,0.8585718632075249,0.907958984375,0.8987196023793654,0.9164338696676525,0.9769061053240741,0.3209480179807749,0.0
baseline,5500,ood_dev,28,4096,3429,3718,111756,114688,0.837158203125,0.8255359841512442,0.8481486028606839,0.90771484375,0.8984651733694144,0.9162004749361032,0.9744349888392857,0.34006641406796767,0.0
baseline,5500,ood_dev,29,4096,3366,3674,115430,118784,0.82177734375,0.8097574842118065,0.833194207085602,0.89697265625,0.8872879701414506,0.9059134335380535,0.9717638739224138,0.38099907796679,0.0
baseline,5500,ood_dev,30,4096,3291,3632,119062,122880,0.803466796875,0.7910154101857612,0.815349500499124,0.88671875,0.8766481917015035,0.8960646148349874,0.9689290364583333,0.4250073392415261,0.0
baseline,5500,ood_dev,31,4096,3245,3607,122669,126976,0.792236328125,0.7795407736168771,0.804384244958994,0.880615234375,0.8703271648689122,0.8901900481300711,0.9660802041330645,0.4518241782342023,0.0
baseline,5500,ood_dev,32,4096,3201,3602,126271,131072,0.781494140625,0.7685785566422971,0.7938822173075601,0.87939453125,0.8690639784398397,0.889014115851642,0.9633712768554688,0.48395675228799484,0.0
baseline,5500,ood_dev,33,4096,3146,3564,129835,135168,0.76806640625,0.7548932907576695,0.7807371774096707,0.8701171875,0.8594742247930802,0.8800665673213897,0.9605453953598485,0.5082346890051541,0.0
baseline,5500,ood_dev,34,4096,3091,3537,133372,139264,0.754638671875,0.7412263625519112,0.7675737998329121,0.863525390625,0.8526710634916235,0.8736984876023381,0.9576918658088235,0.5713674205698398,0.0
baseline,5500,ood_dev,35,4096,3031,3495,136867,143360,0.739990234375,0.7263366903217955,0.7531940475730091,0.853271484375,0.8421044979070987,0.8637764560438498,0.9547084263392858,0.5979249401781237,0.0
baseline,5500,ood_dev,36,4096,2988,3472,140339,147456,0.7294921875,0.7156777792948699,0.7428765377154214,0.84765625,0.8363258316896912,0.8583351762067503,0.9517347547743056,0.6415825158782933,0.0
baseline,6000,dev,1,4096,4096,4096,4096,4096,1.0,0.9990630225926348,0.9999999999999999,1.0,0.9990630225926348,0.9999999999999999,1.0,5.7005858889347394e-05,0.0
baseline,6000,dev,2,4096,4096,4096,8192,8192,1.0,0.9990630225926348,0.9999999999999999,1.0,0.9990630225926348,0.9999999999999999,1.0,4.53875466959186e-05,0.0
baseline,6000,dev,3,4096,4096,4096,12288,12288,1.0,0.9990630225926348,0.9999999999999999,1.0,0.9990630225926348,0.9999999999999999,1.0,5.671855526734326e-05,0.0
baseline,6000,dev,4,4096,4096,4096,16384,16384,1.0,0.9990630225926348,0.9999999999999999,1.0,0.9990630225926348,0.9999999999999999,1.0,8.938227532784282e-05,0.0
baseline,6000,dev,5,4096,4096,4096,20480,20480,1.0,0.9990630225926348,0.9999999999999999,1.0,0.9990630225926348,0.9999999999999999,1.0,0.00032194157259968215,0.0
baseline,6000,dev,6,4096,4096,4096,24576,24576,1.0,0.9990630225926348,0.9999999999999999,1.0,0.9990630225926348,0.9999999999999999,1.0,0.0003870227447750896,0.0
baseline,6000,dev,7,4096,4096,4096,28672,28672,1.0,0.9990630225926348,0.9999999999999999,1.0,0.9990630225926348,0.9999999999999999,1.0,0.0007271721293615752,0.0
baseline,6000,dev,8,4096,4094,4094,32766,32768,0.99951171875,0.9982212896544476,0.9998660854551866,0.99951171875,0.9982212896544476,0.9998660854551866,0.99993896484375,0.002148782555295492,0.0
baseline,6000,dev,9,4096,4085,4085,36851,36864,0.997314453125,0.9951972177470491,0.9984997436890822,0.997314453125,0.9951972177470491,0.9984997436890822,0.9996473524305556,0.005291533280243899,0.0
baseline,6000,dev,10,4096,4079,4083,40934,40960,0.995849609375,0.9933629968413301,0.9974070221457995,0.996826171875,0.9945771012522003,0.9981442127009305,0.999365234375,0.0084035569289167,0.0
baseline,6000,dev,11,4096,4071,4076,45010,45056,0.993896484375,0.9910051126562461,0.995862316398881,0.9951171875,0.9924697076331114,0.9968368401295172,0.9989790482954546,0.01382920840584223,0.0
baseline,6000,dev,12,4096,4058,4072,49082,49152,0.99072265625,0.987292434466316,0.993233285949307,0.994140625,0.9912959670744264,0.996059285722201,0.9985758463541666,0.016595496564475454,0.0
baseline,6000,ood_dev,1,4096,4096,4096,4096,4096,1.0,0.9990630225926348,0.9999999999999999,1.0,0.9990630225926348,0.9999999999999999,1.0,5.729812148036473e-05,0.0
baseline,6000,ood_dev,2,4096,4096,4096,8192,8192,1.0,0.9990630225926348,0.9999999999999999,1.0,0.9990630225926348,0.9999999999999999,1.0,4.54914717105126e-05,0.0
baseline,6000,ood_dev,3,4096,4096,4096,12288,12288,1.0,0.9990630225926348,0.9999999999999999,1.0,0.9990630225926348,0.9999999999999999,1.0,5.674092066709768e-05,0.0
baseline,6000,ood_dev,4,4096,4096,4096,16384,16384,1.0,0.9990630225926348,0.9999999999999999,1.0,0.9990630225926348,0.9999999999999999,1.0,8.627236458735865e-05,0.0
baseline,6000,ood_dev,5,4096,4096,4096,20480,20480,1.0,0.9990630225926348,0.9999999999999999,1.0,0.9990630225926348,0.9999999999999999,1.0,0.00012816672748328095,0.0
baseline,6000,ood_dev,6,4096,4096,4096,24576,24576,1.0,0.9990630225926348,0.9999999999999999,1.0,0.9990630225926348,0.9999999999999999,1.0,0.0003843099837606001,0.0
baseline,6000,ood_dev,7,4096,4095,4095,28671,28672,0.999755859375,0.9986182969663738,0.9999569018847606,0.999755859375,0.9986182969663738,0.9999569018847606,0.9999651227678571,0.000884502734631365,0.0
baseline,6000,ood_dev,8,4096,4091,4091,32762,32768,0.998779296875,0.997145424476127,0.9994784794090062,0.998779296875,0.997145424476127,0.9994784794090062,0.99981689453125,0.0031289868247750263,0.0
baseline,6000,ood_dev,9,4096,4088,4090,36852,36864,0.998046875,0.9961504506055915,0.9990099820550408,0.99853515625,0.9968075986857966,0.9993284814578364,0.9996744791666666,0.0038005831334697593,0.0
baseline,6000,ood_dev,10,4096,4082,4086,40938,40960,0.99658203125,0.9942706398960515,0.9979628503155791,0.99755859375,0.9955114747539533,0.9986733104236785,0.999462890625,0.009239058883655504,0.0
baseline,6000,ood_dev,11,4096,4073,4077,45015,45056,0.994384765625,0.991587789433178,0.9962552871049496,0.995361328125,0.9927660832938955,0.9970282882102334,0.9990900213068182,0.015466268951696893,0.0
baseline,6000,ood_dev,12,4096,4055,4062,49077,49152,0.989990234375,0.9864495949105299,0.9926126542805922,0.99169921875,0.9884233098915096,0.9940537054901146,0.99847412109375,0.022092117895959884,0.0
baseline,6000,ood_dev,13,4096,4035,4050,53127,53248,0.985107421875,0.9809175425035267,0.9883882318575893,0.98876953125,0.9850536128857085,0.9915695175979121,0.9977276141826923,0.03515715358870186,0.0
baseline,6000,ood_dev,14,4096,4014,4034,57161,57344,0.97998046875,0.9752197539009314,0.983841721888678,0.98486328125,0.9806440746636242,0.9881738759559913,0.9968087332589286,0.04087071564618405,0.0
baseline,6000,ood_dev,15,4096,3986,4023,61184,61440,0.97314453125,0.9677329319802243,0.9776694790473764,0.982177734375,0.9776509528256319,0.9858009366374803,0.9958333333333333,0.0538604951532875,0.0
baseline,6000,ood_dev,16,4096,3947,3993,65177,65536,0.963623046875,0.9574411905686989,0.9689360945403896,0.974853515625,0.9695953616072256,0.9792218156108773,0.9945220947265625,0.07009959668058907,0.0
baseline,6000,ood_dev,17,4096,3913,3980,69157,69632,0.955322265625,0.9485573633564719,0.9612339145416062,0.9716796875,0.9661407428071721,0.9763347257714267,0.9931784237132353,0.08974513127974704,0.0
baseline,6000,ood_dev,18,4096,3874,3960,73117,73728,0.94580078125,0.9384400580444845,0.9523260939350815,0.966796875,0.9608577781251862,0.9718612156234064,0.9917127821180556,0.11246024410522493,0.0
baseline,6000,ood_dev,19,4096,3829,3928,77045,77824,0.934814453125,0.9268398754957403,0.9419742081163116,0.958984375,0.9524683163451881,0.9646403176753946,0.989990234375,0.1326419506231986,0.0
baseline,6000,ood_dev,20,4096,3783,3906,80951,81920,0.923583984375,0.915045461521617,0.9313287299814208,0.95361328125,0.946736292289229,0.959640219418347,0.98817138671875,0.15509997121417518,0.0
baseline,6000,ood_dev,21,4096,3737,3866,84817,86016,0.912353515625,0.9033026080618216,0.9206316913322019,0.94384765625,0.9363725983801838,0.9504909636673797,0.9860607328869048,0.19299405991282947,0.0
baseline,6000,ood_dev,22,4096,3683,3835,88652,90112,0.899169921875,0.8895715160954258,0.9080203012575809,0.936279296875,0.9283826877232538,0.9433583383378,0.9837979403409091,0.2293009239678816,0.0
baseline,6000,ood_dev,23,4096,3628,3794,92446,94208,0.8857421875,0.8756362432554049,0.8951252683150849,0.92626953125,0.9178607737962339,0.9338794788633074,0.9812967051630435,0.26902926410654304,0.0
baseline,6000,ood_dev,24,4096,3581,3781,96227,98304,0.874267578125,0.8637621415848652,0.88407165413511,0.923095703125,0.9145339056289837,0.9308646383910534,0.9788716634114584,0.3021559671835514,0.0
baseline,6000,ood_dev,25,4096,3525,3745,99972,102400,0.860595703125,0.8496500987480847,0.870865567447873,0.914306640625,0.9053415639344976,0.9224953253915283,0.9762890625,0.33380016786158384,0.0
baseline,6000,ood_dev,26,4096,3459,3710,103682,106496,0.844482421875,0.8330619395689436,0.8552573596879938,0.90576171875,0.8964304105240852,0.9143326478494298,0.9735764723557693,0.37087738867466835,0.0
baseline,6000,ood_dev,27,4096,3403,3696,107378,110592,0.830810546875,0.8190200915524753,0.8419810781804445,0.90234375,0.8928723632769541,0.9110611627155568,0.9709382233796297,0.39267408584432073,0.0
baseline,6000,ood_dev,28,4096,3346,3662,111040,114688,0.81689453125,0.8047553434565755,0.8284398730108269,0.89404296875,0.8842452751338212,0.903102243647679,0.9681919642857143,0.4224452252554478,0.0
baseline,6000,ood_dev,29,4096,3289,3630,114670,118784,0.802978515625,0.7905162005951941,0.8148730626066906,0.88623046875,0.8761421890699558,0.8955949699835345,0.9653657058189655,0.4630414394448463,0.0
baseline,6000,ood_dev,30,4096,3229,3608,118278,122880,0.788330078125,0.7755530237135057,0.8005668149983604,0.880859375,0.8705798420416913,0.8904251946987922,0.962548828125,0.4886642413004276,0.0
baseline,6000,ood_dev,31,4096,3168,3546,121824,126976,0.7734375,0.7603651334237318,0.7859974570566153,0.86572265625,0.854937847514799,0.8758221172526653,0.9594254032258065,0.5503835839225977,0.0
baseline,6000,ood_dev,32,4096,3095,3502,125326,131072,0.755615234375,0.7422197258900992,0.7685317314607253,0.85498046875,0.8438642894424228,0.865431430699028,0.9561614990234375,0.6036467745745975,0.0
baseline,6000,ood_dev,33,4096,3034,3473,128799,135168,0.74072265625,0.7270807032767356,0.75391350584257,0.847900390625,0.8365769684304168,0.8585718632075249,0.952880859375,0.652042800881901,0.0
baseline,6000,ood_dev,34,4096,2978,3434,132233,139264,0.72705078125,0.7132003531241211,0.7404757264711672,0.83837890625,0.8267897325948298,0.8493339731245998,0.9495131548713235,0.7063111410579948,0.0
baseline,6000,ood_dev,35,4096,2919,3391,135624,143360,0.712646484375,0.6985938892184114,0.7263005896283585,0.827880859375,0.8160147422082297,0.8391325426266866,0.9460379464285714,0.7419701759585129,0.0
baseline,6000,ood_dev,36,4096,2870,3376,139000,147456,0.70068359375,0.6864761437006929,0.714514971812562,0.82421875,0.8122597665518021,0.8355701621606095,0.9426540798611112,0.7897999382402761,0.0
baseline,6500,dev,1,4096,4096,4096,4096,4096,1.0,0.9990630225926348,0.9999999999999999,1.0,0.9990630225926348,0.9999999999999999,1.0,5.684844286824031e-05,0.0
baseline,6500,dev,2,4096,4096,4096,8192,8192,1.0,0.9990630225926348,0.9999999999999999,1.0,0.9990630225926348,0.9999999999999999,1.0,4.4562353982424696e-05,0.0
baseline,6500,dev,3,4096,4096,4096,12288,12288,1.0,0.9990630225926348,0.9999999999999999,1.0,0.9990630225926348,0.9999999999999999,1.0,5.742677551112685e-05,0.0
baseline,6500,dev,4,4096,4096,4096,16384,16384,1.0,0.9990630225926348,0.9999999999999999,1.0,0.9990630225926348,0.9999999999999999,1.0,7.922365664247977e-05,0.0
baseline,6500,dev,5,4096,4096,4096,20480,20480,1.0,0.9990630225926348,0.9999999999999999,1.0,0.9990630225926348,0.9999999999999999,1.0,0.0001326374551375853,0.0
baseline,6500,dev,6,4096,4095,4095,24575,24576,0.999755859375,0.9986182969663738,0.9999569018847606,0.999755859375,0.9986182969663738,0.9999569018847606,0.9999593098958334,0.0004948670573592384,0.0
baseline,6500,dev,7,4096,4094,4095,28670,28672,0.99951171875,0.9982212896544476,0.9998660854551866,0.999755859375,0.9986182969663738,0.9999569018847606,0.9999302455357143,0.0009930865390646026,0.0
baseline,6500,dev,8,4096,4093,4095,32765,32768,0.999267578125,0.9978486714629491,0.9997508799051849,0.999755859375,0.9986182969663738,0.9999569018847606,0.999908447265625,0.0014071205712702373,0.0
baseline,6500,dev,9,4096,4089,4091,36856,36864,0.998291015625,0.9964763422189936,0.9991719141831389,0.998779296875,0.997145424476127,0.9994784794090062,0.9997829861111112,0.0031821886296461432,0.0
baseline,6500,dev,10,4096,4084,4089,40945,40960,0.9970703125,0.9948858699188933,0.9983232677757378,0.998291015625,0.9964763422189936,0.9991719141831389,0.9996337890625,0.006403937598359999,0.0
baseline,6500,dev,11,4096,4076,4080,45025,45056,0.9951171875,0.9924697076331114,0.9968368401295172,0.99609375,0.9936637657680687,0.9975940769605611,0.9993119673295454,0.011553893249362401,0.0
baseline,6500,dev,12,4096,4066,4073,49098,49152,0.99267578125,0.9895635962243474,0.994864714123278,0.994384765625,0.991587789433178,0.9962552871049496,0.9989013671875,0.019398440366838132,0.0
baseline,6500,ood_dev,1,4096,4096,4096,4096,4096,1.0,0.9990630225926348,0.9999999999999999,1.0,0.9990630225926348,0.9999999999999999,1.0,5.701659441204043e-05,0.0
baseline,6500,ood_dev,2,4096,4096,4096,8192,8192,1.0,0.9990630225926348,0.9999999999999999,1.0,0.9990630225926348,0.9999999999999999,1.0,4.548923307012842e-05,0.0
baseline,6500,ood_dev,3,4096,4096,4096,12288,12288,1.0,0.9990630225926348,0.9999999999999999,1.0,0.9990630225926348,0.9999999999999999,1.0,5.4103780587899664e-05,0.0
baseline,6500,ood_dev,4,4096,4096,4096,16384,16384,1.0,0.9990630225926348,0.9999999999999999,1.0,0.9990630225926348,0.9999999999999999,1.0,7.851377904288803e-05,0.0
baseline,6500,ood_dev,5,4096,4096,4096,20480,20480,1.0,0.9990630225926348,0.9999999999999999,1.0,0.9990630225926348,0.9999999999999999,1.0,0.00012106408335399443,0.0
baseline,6500,ood_dev,6,4096,4095,4095,24575,24576,0.999755859375,0.9986182969663738,0.9999569018847606,0.999755859375,0.9986182969663738,0.9999569018847606,0.9999593098958334,0.0006359202719212753,0.0
baseline,6500,ood_dev,7,4096,4095,4095,28670,28672,0.999755859375,0.9986182969663738,0.9999569018847606,0.999755859375,0.9986182969663738,0.9999569018847606,0.9999302455357143,0.0006886181024376992,0.0
baseline,6500,ood_dev,8,4096,4095,4095,32765,32768,0.999755859375,0.9986182969663738,0.9999569018847606,0.999755859375,0.9986182969663738,0.9999569018847606,0.999908447265625,0.001314809299702624,0.0
baseline,6500,ood_dev,9,4096,4092,4092,36857,36864,0.9990234375,0.9974915571936952,0.9996201704329383,0.9990234375,0.9974915571936952,0.9996201704329383,0.9998101128472222,0.0025745330676143485,0.0
baseline,6500,ood_dev,10,4096,4089,4090,40947,40960,0.998291015625,0.9964763422189936,0.9991719141831389,0.99853515625,0.9968075986857966,0.9993284814578364,0.9996826171875,0.004860637672859935,0.0
baseline,6500,ood_dev,11,4096,4080,4081,45028,45056,0.99609375,0.9936637657680687,0.9975940769605611,0.996337890625,0.9939662587473084,0.9977794077228217,0.9993785511363636,0.01175118984386847,0.0
baseline,6500,ood_dev,12,4096,4070,4076,49104,49152,0.99365234375,0.99071517109395,0.9956644342196767,0.9951171875,0.9924697076331114,0.9968368401295172,0.9990234375,0.018776434607859604,0.0
baseline,6500,ood_dev,13,4096,4059,4070,53174,53248,0.990966796875,0.9875743543279273,0.993439189829196,0.99365234375,0.99071517109395,0.9956644342196767,0.9986102764423077,0.023804805866635803,0.0
baseline,6500,ood_dev,14,4096,4040,4052,57226,57344,0.986328125,0.9822887695283722,0.9894561235402453,0.9892578125,0.9856107816089336,0.9919879963576875,0.9979422433035714,0.03117967581638359,0.0
baseline,6500,ood_dev,15,4096,4021,4042,61268,61440,0.981689453125,0.9771094258840555,0.9853668160960561,0.98681640625,0.9828391999625007,0.9898813405891173,0.9972005208333333,0.040497082621738345,0.0
baseline,6500,ood_dev,16,4096,3994,4027,65295,65536,0.97509765625,0.969861879182557,0.9794431217770462,0.983154296875,0.978736356856804,0.9866668275723093,0.9963226318359375,0.051893440653261624,0.0
baseline,6500,ood_dev,17,4096,3965,4009,69304,69632,0.968017578125,0.96217528928926,0.9729828231668342,0.978759765625,0.9738749487182478,0.98274740836386,0.9952895220588235,0.06629527848874206,0.0
baseline,6500,ood_dev,18,4096,3933,3992,73296,73728,0.960205078125,0.9537747892075905,0.9657729635204937,0.974609375,0.9693289612445153,0.9790003922320873,0.994140625,0.08164408385093713,0.0
baseline,6500,ood_dev,19,4096,3899,3960,77256,77824,0.951904296875,0.9449176066361316,0.9580441388809422,0.966796875,0.9608577781251862,0.9718612156234064,0.9927014802631579,0.1039906036307221,0.0
baseline,6500,ood_dev,20,4096,3870,3956,81212,81920,0.94482421875,0.9374060235316193,0.9514088334819455,0.9658203125,0.9598051873478303,0.9709625114347612,0.991357421875,0.12013804057810362,0.0
baseline,6500,ood_dev,21,4096,3827,3936,85148,86016,0.934326171875,0.9263258477580073,0.9415125883710441,0.9609375,0.9545593952649127,0.9664518286876724,0.9899088541666666,0.14427633160951148,0.0
baseline,6500,ood_dev,22,4096,3782,3898,89046,90112,0.92333984375,0.9147896715191604,0.931096696242377,0.95166015625,0.9446579820358394,0.9578159397397341,0.9881702769886364,0.1675593435953402,0.0
baseline,6500,ood_dev,23,4096,3730,3870,92916,94208,0.91064453125,0.9015195779849158,0.9189999552186056,0.94482421875,0.9374060235316193,0.9514088334819455,0.9862856657608695,0.18807979894189608,0.0
baseline,6500,ood_dev,24,4096,3692,3843,96759,98304,0.9013671875,0.8918564110099307,0.9101258200165789,0.938232421875,0.9304415206592828,0.9452020953337735,0.984283447265625,0.2188377656644016,0.0
baseline,6500,ood_dev,25,4096,3647,3810,100569,102400,0.890380859375,0.8804450553276408,0.8995851073313548,0.93017578125,0.9219613132494459,0.9375841192741002,0.982119140625,0.24706951336718186,0.0
baseline,6500,ood_dev,26,4096,3600,3779,104348,106496,0.87890625,0.8685587962878935,0.8885436505205876,0.922607421875,0.9140224457668371,0.9304004507701995,0.9798302283653846,0.280084829570743,0.0
baseline,6500,ood_dev,27,4096,3564,3772,108120,110592,0.8701171875,0.8594742247930802,0.8800665673213897,0.9208984375,0.9122330806334249,0.9287750497131095,0.9776475694444444,0.30522306161605295,0.0
baseline,6500,ood_dev,28,4096,3513,3742,111862,114688,0.857666015625,0.8466307109457992,0.8680310703521549,0.91357421875,0.9045768022865681,0.9217966158149569,0.9753592354910714,0.3473770280634285,0.0
baseline,6500,ood_dev,29,4096,3460,3707,115569,118784,0.8447265625,0.8333129502985477,0.8554941726998899,0.905029296875,0.895667676917727,0.9136319102312873,0.9729340651939655,0.3793689602381052,0.0
baseline,6500,ood_dev,30,4096,3391,3655,119224,122880,0.827880859375,0.8160147422082297,0.8391325426266866,0.892333984375,0.882471412102709,0.9014613404882891,0.9702473958333333,0.4205309478148185,0.0
baseline,6500,ood_dev,31,4096,3330,3618,122842,126976,0.81298828125,0.800755902385727,0.8246341342176703,0.88330078125,0.8731073554786435,0.8927759186768431,0.9674426663306451,0.45508969180798275,0.0
baseline,6500,ood_dev,32,4096,3277,3592,126434,131072,0.800048828125,0.787521548063553,0.812013830240328,0.876953125,0.8665385889668974,0.8866612679095812,0.9646148681640625,0.49227863767028057,0.0
baseline,6500,ood_dev,33,4096,3226,3578,130012,135168,0.78759765625,0.7748055120625974,0.7998508554247676,0.87353515625,0.8630051925365302,0.8833651319589441,0.9618548768939394,0.5230252692308155,0.0
baseline,6500,ood_dev,34,4096,3178,3558,133570,139264,0.77587890625,0.7628533235793794,0.7883875043159708,0.86865234375,0.8579616760370784,0.8786521736283895,0.9591136259191176,0.5637356456878082,0.0
baseline,6500,ood_dev,35,4096,3130,3544,137114,143360,0.76416015625,0.7509156145098268,0.7769096737935086,0.865234375,0.8544340380494773,0.8753502792349863,0.9564313616071428,0.591980146118305,0.0
baseline,6500,ood_dev,36,4096,3073,3494,140608,147456,0.750244140625,0.7367573541908395,0.7632619808469782,0.85302734375,0.841853140376231,0.8635399898332172,0.9535590277777778,0.6504689399381467,0.0
baseline,7000,dev,1,4096,4096,4096,4096,4096,1.0,0.9990630225926348,0.9999999999999999,1.0,0.9990630225926348,0.9999999999999999,1.0,4.09824861238306e-05,0.0
baseline,7000,dev,2,4096,4096,4096,8192,8192,1.0,0.9990630225926348,0.9999999999999999,1.0,0.9990630225926348,0.9999999999999999,1.0,3.424073283087026e-05,0.0
baseline,7000,dev,3,4096,4096,4096,12288,12288,1.0,0.9990630225926348,0.9999999999999999,1.0,0.9990630225926348,0.9999999999999999,1.0,4.30588690716327e-05,0.0
baseline,7000,dev,4,4096,4096,4096,16384,16384,1.0,0.9990630225926348,0.9999999999999999,1.0,0.9990630225926348,0.9999999999999999,1.0,5.684690044227558e-05,0.0
baseline,7000,dev,5,4096,4096,4096,20480,20480,1.0,0.9990630225926348,0.9999999999999999,1.0,0.9990630225926348,0.9999999999999999,1.0,9.373796033962378e-05,0.0
baseline,7000,dev,6,4096,4096,4096,24576,24576,1.0,0.9990630225926348,0.9999999999999999,1.0,0.9990630225926348,0.9999999999999999,1.0,0.00013008922906410092,0.0
baseline,7000,dev,7,4096,4096,4096,28672,28672,1.0,0.9990630225926348,0.9999999999999999,1.0,0.9990630225926348,0.9999999999999999,1.0,0.00041159933631429446,0.0
baseline,7000,dev,8,4096,4094,4094,32766,32768,0.99951171875,0.9982212896544476,0.9998660854551866,0.99951171875,0.9982212896544476,0.9998660854551866,0.99993896484375,0.0011275708707567667,0.0
baseline,7000,dev,9,4096,4093,4095,36861,36864,0.999267578125,0.9978486714629491,0.9997508799051849,0.999755859375,0.9986182969663738,0.9999569018847606,0.9999186197916666,0.001290110783870535,0.0
baseline,7000,dev,10,4096,4092,4094,40955,40960,0.9990234375,0.9974915571936952,0.9996201704329383,0.99951171875,0.9982212896544476,0.9998660854551866,0.9998779296875,0.0033970456813892103,0.0
baseline,7000,dev,11,4096,4087,4090,45045,45056,0.997802734375,0.9958290482073086,0.9988435607118235,0.99853515625,0.9968075986857966,0.9993284814578364,0.999755859375,0.005556887259958954,0.0
baseline,7000,dev,12,4096,4083,4089,49134,49152,0.996826171875,0.9945771012522003,0.9981442127009305,0.998291015625,0.9964763422189936,0.9991719141831389,0.9996337890625,0.006027331805628089,0.0
baseline,7000,ood_dev,1,4096,4096,4096,4096,4096,1.0,0.9990630225926348,0.9999999999999999,1.0,0.9990630225926348,0.9999999999999999,1.0,4.041207059257701e-05,0.0
baseline,7000,ood_dev,2,4096,4096,4096,8192,8192,1.0,0.9990630225926348,0.9999999999999999,1.0,0.9990630225926348,0.9999999999999999,1.0,3.365385792153397e-05,0.0
baseline,7000,ood_dev,3,4096,4096,4096,12288,12288,1.0,0.9990630225926348,0.9999999999999999,1.0,0.9990630225926348,0.9999999999999999,1.0,4.014015668207804e-05,0.0
baseline,7000,ood_dev,4,4096,4096,4096,16384,16384,1.0,0.9990630225926348,0.9999999999999999,1.0,0.9990630225926348,0.9999999999999999,1.0,5.265018135203192e-05,0.0
baseline,7000,ood_dev,5,4096,4096,4096,20480,20480,1.0,0.9990630225926348,0.9999999999999999,1.0,0.9990630225926348,0.9999999999999999,1.0,8.431351126869657e-05,0.0
baseline,7000,ood_dev,6,4096,4096,4096,24576,24576,1.0,0.9990630225926348,0.9999999999999999,1.0,0.9990630225926348,0.9999999999999999,1.0,0.00023287700749152762,0.0
baseline,7000,ood_dev,7,4096,4096,4096,28672,28672,1.0,0.9990630225926348,0.9999999999999999,1.0,0.9990630225926348,0.9999999999999999,1.0,0.00029226882320232406,0.0
baseline,7000,ood_dev,8,4096,4096,4096,32768,32768,1.0,0.9990630225926348,0.9999999999999999,1.0,0.9990630225926348,0.9999999999999999,1.0,0.0006002053127847073,0.0
baseline,7000,ood_dev,9,4096,4096,4096,36864,36864,1.0,0.9990630225926348,0.9999999999999999,1.0,0.9990630225926348,0.9999999999999999,1.0,0.0010483941483589998,0.0
baseline,7000,ood_dev,10,4096,4093,4093,40957,40960,0.999267578125,0.9978486714629491,0.9997508799051849,0.999267578125,0.9978486714629491,0.9997508799051849,0.9999267578125,0.0027977077849759002,0.0
baseline,7000,ood_dev,11,4096,4088,4089,45046,45056,0.998046875,0.9961504506055915,0.9990099820550408,0.998291015625,0.9964763422189936,0.9991719141831389,0.9997780539772727,0.005351752531544962,0.0
baseline,7000,ood_dev,12,4096,4081,4087,49133,49152,0.996337890625,0.9939662587473084,0.9977794077228217,0.997802734375,0.9958290482073086,0.9988435607118235,0.9996134440104166,0.008168482737882732,0.0
baseline,7000,ood_dev,13,4096,4079,4084,53217,53248,0.995849609375,0.9933629968413301,0.9974070221457995,0.9970703125,0.9948858699188933,0.9983232677757378,0.9994178185096154,0.012758972580518169,0.0
baseline,7000,ood_dev,14,4096,4067,4075,57292,57344,0.992919921875,0.9898503448988859,0.9950657891902398,0.994873046875,0.9921745882319427,0.9966441357891856,0.9990931919642857,0.018506597913222622,0.0
baseline,7000,ood_dev,15,4096,4059,4068,61360,61440,0.990966796875,0.9875743543279273,0.993439189829196,0.9931640625,0.9901378308615215,0.9952661269691047,0.9986979166666666,0.02576662083667136,0.0
baseline,7000,ood_dev,16,4096,4042,4055,65415,65536,0.98681640625,0.9828391999625007,0.9898813405891173,0.989990234375,0.9864495949105299,0.9926126542805922,0.9981536865234375,0.03171006115519326,0.0
baseline,7000,ood_dev,17,4096,4021,4047,69462,69632,0.981689453125,0.9771094258840555,0.9853668160960561,0.988037109375,0.9842206673133682,0.9909389919457514,0.99755859375,0.03900000708623841,0.0
baseline,7000,ood_dev,18,4096,3994,4027,73489,73728,0.97509765625,0.969861879182557,0.9794431217770462,0.983154296875,0.978736356856804,0.9866668275723093,0.9967583550347222,0.05014723654515829,0.0
baseline,7000,ood_dev,19,4096,3966,4019,77508,77824,0.96826171875,0.9624390364554394,0.973206899742155,0.981201171875,0.9765686419356131,0.9849319525614978,0.9959395559210527,0.054254076852499056,0.0
baseline,7000,ood_dev,20,4096,3938,4009,81517,81920,0.96142578125,0.9550827758957496,0.9669040955398363,0.978759765625,0.9738749487182478,0.98274740836386,0.99508056640625,0.06408296762924648,0.0
baseline,7000,ood_dev,21,4096,3911,3997,85514,86016,0.954833984375,0.9480368065317946,0.9607788238832828,0.975830078125,0.9706621520616038,0.9801063201225003,0.9941638764880952,0.0826126844325763,0.0
baseline,7000,ood_dev,22,4096,3871,3964,89478,90112,0.945068359375,0.9376644744381794,0.9516382063168857,0.9677734375,0.9619116249533165,0.9727586637612774,0.9929643110795454,0.10138623102421107,0.0
baseline,7000,ood_dev,23,4096,3824,3935,93413,94208,0.93359375,0.92555502965908,0.9408199352454705,0.960693359375,0.9542977984787171,0.9662256017323678,0.991561226222826,0.1314168178919113,0.0
baseline,7000,ood_dev,24,4096,3779,3900,97313,98304,0.922607421875,0.9140224457668371,0.9304004507701995,0.9521484375,0.9451772774654191,0.9582722917931549,0.9899190266927084,0.14742147731966893,0.0
baseline,7000,ood_dev,25,4096,3733,3880,101193,102400,0.911376953125,0.9022836148178496,0.9196993896101727,0.947265625,0.9399922864751624,0.9537008079534055,0.988212890625,0.17072899795654872,0.0
baseline,7000,ood_dev,26,4096,3686,3858,105051,106496,0.89990234375,0.8903329959119337,0.908722292665574,0.94189453125,0.9343075174163912,0.9486534546991697,0.9864314152644231,0.19375925580037956,0.0
baseline,7000,ood_dev,27,4096,3642,3833,108884,110592,0.88916015625,0.8791790684271216,0.8984119755243726,0.935791015625,0.9278682941984233,0.94289708437963,0.9845558449074074,0.2281094403028714,0.0
baseline,7000,ood_dev,28,4096,3605,3824,112708,114688,0.880126953125,0.8698218505154235,0.889719715000559,0.93359375,0.92555502965908,0.9408199352454705,0.9827357700892857,0.2516273914710956,0.0
baseline,7000,ood_dev,29,4096,3551,3790,116498,118784,0.866943359375,0.8561975725255366,0.8770015109494291,0.92529296875,0.9168366756670765,0.9329522820264635,0.9807549838362069,0.26990706309085755,0.0
baseline,7000,ood_dev,30,4096,3513,3764,120262,122880,0.857666015625,0.8466307109457992,0.8680310703521549,0.9189453125,0.9101894761317266,0.9269160642828052,0.9786946614583333,0.2994874374870946,0.0
baseline,7000,ood_dev,31,4096,3462,3728,123990,126976,0.84521484375,0.8338150005188198,0.8559677699626185,0.91015625,0.9010103180945493,0.9185335676259713,0.9764837449596774,0.3319763240333655,0.0
baseline,7000,ood_dev,32,4096,3427,3715,127705,131072,0.836669921875,0.8250345481893915,0.8476743913395359,0.906982421875,0.8977019985342092,0.9155001785468075,0.9743118286132812,0.3595339716070862,0.0
baseline,7000,ood_dev,33,4096,3376,3695,131400,135168,0.82421875,0.8122597665518021,0.8355701621606095,0.902099609375,0.8926183492901923,0.9108273529608181,0.9721235795454546,0.38105936061429224,0.0
baseline,7000,ood_dev,34,4096,3323,3645,135045,139264,0.811279296875,0.7990067679900137,0.8229685024228814,0.889892578125,0.8799386161345828,0.8991158990414121,0.9697050206801471,0.44008286420288534,0.0
baseline,7000,ood_dev,35,4096,3279,3633,138678,143360,0.800537109375,0.7880205851927248,0.8124904405941568,0.886962890625,0.8769012144234478,0.8962994158545434,0.9673409598214285,0.46969824827032003,0.0
baseline,7000,ood_dev,36,4096,3213,3591,142269,147456,0.784423828125,0.7715669842082322,0.7967476746396289,0.876708984375,0.8662861211444994,0.8864259119904789,0.9648234049479166,0.5048536311347374,0.0
baseline,7500,dev,1,4096,4096,4096,4096,4096,1.0,0.9990630225926348,0.9999999999999999,1.0,0.9990630225926348,0.9999999999999999,1.0,3.497389289464081e-05,0.0
baseline,7500,dev,2,4096,4096,4096,8192,8192,1.0,0.9990630225926348,0.9999999999999999,1.0,0.9990630225926348,0.9999999999999999,1.0,3.0181337539625375e-05,0.0
baseline,7500,dev,3,4096,4096,4096,12288,12288,1.0,0.9990630225926348,0.9999999999999999,1.0,0.9990630225926348,0.9999999999999999,1.0,3.82287545934723e-05,0.0
baseline,7500,dev,4,4096,4096,4096,16384,16384,1.0,0.9990630225926348,0.9999999999999999,1.0,0.9990630225926348,0.9999999999999999,1.0,5.4151186474449275e-05,0.0
baseline,7500,dev,5,4096,4096,4096,20480,20480,1.0,0.9990630225926348,0.9999999999999999,1.0,0.9990630225926348,0.9999999999999999,1.0,8.896745306197218e-05,0.0
baseline,7500,dev,6,4096,4095,4095,24575,24576,0.999755859375,0.9986182969663738,0.9999569018847606,0.999755859375,0.9986182969663738,0.9999569018847606,0.9999593098958334,0.0007934845434547366,0.0
baseline,7500,dev,7,4096,4094,4095,28670,28672,0.99951171875,0.9982212896544476,0.9998660854551866,0.999755859375,0.9986182969663738,0.9999569018847606,0.9999302455357143,0.000869856973990002,0.0
baseline,7500,dev,8,4096,4092,4094,32764,32768,0.9990234375,0.9974915571936952,0.9996201704329383,0.99951171875,0.9982212896544476,0.9998660854551866,0.9998779296875,0.001986162739150421,0.0
baseline,7500,dev,9,4096,4085,4088,36852,36864,0.997314453125,0.9951972177470491,0.9984997436890822,0.998046875,0.9961504506055915,0.9990099820550408,0.9996744791666666,0.005179325097727228,0.0
baseline,7500,dev,10,4096,4083,4087,40939,40960,0.996826171875,0.9945771012522003,0.9981442127009305,0.997802734375,0.9958290482073086,0.9988435607118235,0.9994873046875,0.007039079504190582,0.0
baseline,7500,dev,11,4096,4072,4076,45015,45056,0.994140625,0.9912959670744264,0.996059285722201,0.9951171875,0.9924697076331114,0.9968368401295172,0.9990900213068182,0.01362733614980427,0.0
baseline,7500,dev,12,4096,4060,4070,49085,49152,0.9912109375,0.9878567926156614,0.9936445752829621,0.99365234375,0.99071517109395,0.9956644342196767,0.9986368815104166,0.019923261257527303,0.0
baseline,7500,ood_dev,1,4096,4096,4096,4096,4096,1.0,0.9990630225926348,0.9999999999999999,1.0,0.9990630225926348,0.9999999999999999,1.0,3.51621565943816e-05,0.0
baseline,7500,ood_dev,2,4096,4096,4096,8192,8192,1.0,0.9990630225926348,0.9999999999999999,1.0,0.9990630225926348,0.9999999999999999,1.0,3.005868613836782e-05,0.0
baseline,7500,ood_dev,3,4096,4096,4096,12288,12288,1.0,0.9990630225926348,0.9999999999999999,1.0,0.9990630225926348,0.9999999999999999,1.0,3.7973503796528973e-05,0.0
baseline,7500,ood_dev,4,4096,4096,4096,16384,16384,1.0,0.9990630225926348,0.9999999999999999,1.0,0.9990630225926348,0.9999999999999999,1.0,5.294317287862782e-05,0.0
baseline,7500,ood_dev,5,4096,4096,4096,20480,20480,1.0,0.9990630225926348,0.9999999999999999,1.0,0.9990630225926348,0.9999999999999999,1.0,9.253321942304105e-05,0.0
baseline,7500,ood_dev,6,4096,4096,4096,24576,24576,1.0,0.9990630225926348,0.9999999999999999,1.0,0.9990630225926348,0.9999999999999999,1.0,0.00024400189397244532,0.0
baseline,7500,ood_dev,7,4096,4095,4095,28671,28672,0.999755859375,0.9986182969663738,0.9999569018847606,0.999755859375,0.9986182969663738,0.9999569018847606,0.9999651227678571,0.0008202597115820609,0.0
baseline,7500,ood_dev,8,4096,4092,4092,32763,32768,0.9990234375,0.9974915571936952,0.9996201704329383,0.9990234375,0.9974915571936952,0.9996201704329383,0.999847412109375,0.002935996625247128,0.0
baseline,7500,ood_dev,9,4096,4086,4087,36850,36864,0.99755859375,0.9955114747539533,0.9986733104236785,0.997802734375,0.9958290482073086,0.9988435607118235,0.9996202256944444,0.006489413232758201,0.0
baseline,7500,ood_dev,10,4096,4080,4085,40935,40960,0.99609375,0.9936637657680687,0.9975940769605611,0.997314453125,0.9951972177470491,0.9984997436890822,0.9993896484375,0.007622727007178032,0.0
baseline,7500,ood_dev,11,4096,4067,4075,45010,45056,0.992919921875,0.9898503448988859,0.9950657891902398,0.994873046875,0.9921745882319427,0.9966441357891856,0.9989790482954546,0.014665127763026753,0.0
baseline,7500,ood_dev,12,4096,4055,4066,49076,49152,0.989990234375,0.9864495949105299,0.9926126542805922,0.99267578125,0.9895635962243474,0.994864714123278,0.9984537760416666,0.022133141457581385,0.0
baseline,7500,ood_dev,13,4096,4038,4058,53134,53248,0.98583984375,0.9817394754367362,0.9890297701488805,0.99072265625,0.987292434466316,0.993233285949307,0.9978590745192307,0.02978660000477351,0.0
baseline,7500,ood_dev,14,4096,4019,4047,57181,57344,0.981201171875,0.9765686419356131,0.9849319525614978,0.988037109375,0.9842206673133682,0.9909389919457514,0.9971575055803571,0.03965338550073838,0.0
baseline,7500,ood_dev,15,4096,3990,4026,61207,61440,0.97412109375,0.9687965056840521,0.9785572003095498,0.98291015625,0.9784647020408669,0.9864506586467462,0.9962076822916667,0.0526842349884491,0.0
baseline,7500,ood_dev,16,4096,3959,4006,65213,65536,0.966552734375,0.9605945147420692,0.971636655265023,0.97802734375,0.9730698833974413,0.9820890024601655,0.9950714111328125,0.06817741804388344,0.0
baseline,7500,ood_dev,17,4096,3918,3979,69192,69632,0.95654296875,0.9498596607971911,0.9623707358083885,0.971435546875,0.9658757308170035,0.976111914020095,0.9936810661764706,0.08305429584748691,0.0
baseline,7500,ood_dev,18,4096,3873,3959,73151,73728,0.945556640625,0.9381814914524192,0.9520968367856465,0.966552734375,0.9605945147420692,0.971636655265023,0.9921739366319444,0.10302930643197916,0.0
baseline,7500,ood_dev,19,4096,3838,3949,77100,77824,0.93701171875,0.9291545119210666,0.9440499853644883,0.964111328125,0.9579660236105576,0.9693869089815317,0.9906969572368421,0.11578665683601375,0.0
baseline,7500,ood_dev,20,4096,3788,3907,81007,81920,0.9248046875,0.9163247769466819,0.9324885332638574,0.953857421875,0.9469962963333816,0.9598680391156946,0.98885498046875,0.1512408200689872,0.0
baseline,7500,ood_dev,21,4096,3739,3882,84889,86016,0.912841796875,0.9038122249393785,0.9210977219376457,0.94775390625,0.9405100178795183,0.9541587240320502,0.9868977864583334,0.17104400471577952,0.0
baseline,7500,ood_dev,22,4096,3682,3840,88729,90112,0.89892578125,0.889317722865057,0.9077862707464496,0.9375,0.9296692192922852,0.9445109254762704,0.9846524325284091,0.21756949921503255,0.0
baseline,7500,ood_dev,23,4096,3626,3822,92551,94208,0.88525390625,0.875130353941446,0.894655510146043,0.93310546875,0.9250412981572879,0.9403580192642621,0.9824112601902174,0.2356516900247987,0.0
baseline,7500,ood_dev,24,4096,3572,3794,96345,98304,0.8720703125,0.86149162812159,0.8819517539248823,0.92626953125,0.9178607737962339,0.9338794788633074,0.980072021484375,0.27499723363390527,0.0
baseline,7500,ood_dev,25,4096,3512,3760,100105,102400,0.857421875,0.8463791651916867,0.8677947923647672,0.91796875,0.9091682131124504,0.9259860323360801,0.977587890625,0.30879557175215444,0.0
baseline,7500,ood_dev,26,4096,3462,3743,103848,106496,0.84521484375,0.8338150005188198,0.8559677699626185,0.913818359375,0.9048317022533956,0.9220295395896299,0.9751352163461539,0.3430338812532796,0.0
baseline,7500,ood_dev,27,4096,3399,3700,107548,110592,0.829833984375,0.8180181714909365,0.8410317032759822,0.9033203125,0.8938885935671609,0.9119962273913512,0.9724754050925926,0.3844329571502034,0.0
baseline,7500,ood_dev,28,4096,3336,3657,111205,114688,0.814453125,0.8022554598097227,0.8260615192426766,0.892822265625,0.8829781530794668,0.901930246994532,0.9696306501116071,0.42667119473485515,0.0
baseline,7500,ood_dev,29,4096,3286,3639,114844,118784,0.80224609375,0.7897674404539782,0.8141583515234055,0.888427734375,0.8784196529935242,0.897707919733469,0.9668305495689655,0.45945628110816794,0.0
baseline,7500,ood_dev,30,4096,3225,3600,118444,122880,0.787353515625,0.7745563548344684,0.7996121889113964,0.87890625,0.8685587962878935,0.8885436505205876,0.9638997395833333,0.5047834667773516,0.0
baseline,7500,ood_dev,31,4096,3169,3559,122003,126976,0.773681640625,0.7606139243826091,0.7862364898392384,0.868896484375,0.8582137378213254,0.878887935585643,0.9608351184475806,0.5483735850086962,0.0
baseline,7500,ood_dev,32,4096,3100,3526,125529,131072,0.7568359375,0.7434615592533041,0.7697290168050218,0.86083984375,0.8499017850055347,0.8711017049319235,0.9577102661132812,0.6012188333587336,0.0
baseline,7500,ood_dev,33,4096,3047,3507,129036,135168,0.743896484375,0.7303053240053347,0.757030593753475,0.856201171875,0.845121595652109,0.8666132431968432,0.9546342329545454,0.6475523527184852,0.0
baseline,7500,ood_dev,34,4096,2986,3463,132499,139264,0.72900390625,0.7151822526290004,0.7423964168982904,0.845458984375,0.8340660400464522,0.8562045541764863,0.9514231962316176,0.671233064590375,0.0
baseline,7500,ood_dev,35,4096,2916,3404,135903,143360,0.7119140625,0.6978516515689882,0.7255793560532807,0.8310546875,0.819270593124671,0.8422184003497494,0.9479840959821428,0.7523928329374503,0.0
baseline,7500,ood_dev,36,4096,2860,3383,139286,147456,0.6982421875,0.6840045468241523,0.7121083312740993,0.825927734375,0.8140118545714705,0.8372328403314433,0.9445936414930556,0.8008714081509181,0.0
baseline,8000,dev,1,4096,4096,4096,4096,4096,1.0,0.9990630225926348,0.9999999999999999,1.0,0.9990630225926348,0.9999999999999999,1.0,2.6468725539352533e-05,0.0
baseline,8000,dev,2,4096,4096,4096,8192,8192,1.0,0.9990630225926348,0.9999999999999999,1.0,0.9990630225926348,0.9999999999999999,1.0,2.3631817701486035e-05,0.0
baseline,8000,dev,3,4096,4096,4096,12288,12288,1.0,0.9990630225926348,0.9999999999999999,1.0,0.9990630225926348,0.9999999999999999,1.0,2.984511417569724e-05,0.0
baseline,8000,dev,4,4096,4096,4096,16384,16384,1.0,0.9990630225926348,0.9999999999999999,1.0,0.9990630225926348,0.9999999999999999,1.0,4.0499712795183385e-05,0.0
baseline,8000,dev,5,4096,4096,4096,20480,20480,1.0,0.9990630225926348,0.9999999999999999,1.0,0.9990630225926348,0.9999999999999999,1.0,6.642359488262528e-05,0.0
baseline,8000,dev,6,4096,4096,4096,24576,24576,1.0,0.9990630225926348,0.9999999999999999,1.0,0.9990630225926348,0.9999999999999999,1.0,0.00011911898553829126,0.0
baseline,8000,dev,7,4096,4096,4096,28672,28672,1.0,0.9990630225926348,0.9999999999999999,1.0,0.9990630225926348,0.9999999999999999,1.0,0.000420682659710403,0.0
baseline,8000,dev,8,4096,4095,4095,32767,32768,0.999755859375,0.9986182969663738,0.9999569018847606,0.999755859375,0.9986182969663738,0.9999569018847606,0.999969482421875,0.0009508133986619871,0.0
baseline,8000,dev,9,4096,4093,4094,36861,36864,0.999267578125,0.9978486714629491,0.9997508799051849,0.99951171875,0.9982212896544476,0.9998660854551866,0.9999186197916666,0.0015964517666080535,0.0
baseline,8000,dev,10,4096,4088,4089,40950,40960,0.998046875,0.9961504506055915,0.9990099820550408,0.998291015625,0.9964763422189936,0.9991719141831389,0.999755859375,0.0039291337144813365,0.0
baseline,8000,dev,11,4096,4085,4088,45038,45056,0.997314453125,0.9951972177470491,0.9984997436890822,0.998046875,0.9961504506055915,0.9990099820550408,0.9996004971590909,0.007132868428306738,0.0
baseline,8000,dev,12,4096,4075,4078,49116,49152,0.994873046875,0.9921745882319427,0.9966441357891856,0.99560546875,0.9930638103960733,0.9972183848495558,0.999267578125,0.013463728447743017,0.0
baseline,8000,ood_dev,1,4096,4096,4096,4096,4096,1.0,0.9990630225926348,0.9999999999999999,1.0,0.9990630225926348,0.9999999999999999,1.0,2.6547214746930337e-05,0.0
baseline,8000,ood_dev,2,4096,4096,4096,8192,8192,1.0,0.9990630225926348,0.9999999999999999,1.0,0.9990630225926348,0.9999999999999999,1.0,2.371921478305783e-05,0.0
baseline,8000,ood_dev,3,4096,4096,4096,12288,12288,1.0,0.9990630225926348,0.9999999999999999,1.0,0.9990630225926348,0.9999999999999999,1.0,3.1131761581759676e-05,0.0
baseline,8000,ood_dev,4,4096,4096,4096,16384,16384,1.0,0.9990630225926348,0.9999999999999999,1.0,0.9990630225926348,0.9999999999999999,1.0,4.107723033541788e-05,0.0
baseline,8000,ood_dev,5,4096,4096,4096,20480,20480,1.0,0.9990630225926348,0.9999999999999999,1.0,0.9990630225926348,0.9999999999999999,1.0,5.6283417017688464e-05,0.0
baseline,8000,ood_dev,6,4096,4096,4096,24576,24576,1.0,0.9990630225926348,0.9999999999999999,1.0,0.9990630225926348,0.9999999999999999,1.0,0.00011955683590014754,0.0
baseline,8000,ood_dev,7,4096,4095,4095,28671,28672,0.999755859375,0.9986182969663738,0.9999569018847606,0.999755859375,0.9986182969663738,0.9999569018847606,0.9999651227678571,0.00047640609371280007,0.0
baseline,8000,ood_dev,8,4096,4094,4095,32766,32768,0.99951171875,0.9982212896544476,0.9998660854551866,0.999755859375,0.9986182969663738,0.9999569018847606,0.99993896484375,0.001357672987924774,0.0
baseline,8000,ood_dev,9,4096,4092,4093,36859,36864,0.9990234375,0.9974915571936952,0.9996201704329383,0.999267578125,0.9978486714629491,0.9997508799051849,0.9998643663194444,0.0022677939359108112,0.0
baseline,8000,ood_dev,10,4096,4086,4087,40946,40960,0.99755859375,0.9955114747539533,0.9986733104236785,0.997802734375,0.9958290482073086,0.9988435607118235,0.999658203125,0.0041568592169884955,0.0
baseline,8000,ood_dev,11,4096,4083,4087,45033,45056,0.996826171875,0.9945771012522003,0.9981442127009305,0.997802734375,0.9958290482073086,0.9988435607118235,0.9994895241477273,0.006210329998631359,0.0
baseline,8000,ood_dev,12,4096,4074,4082,49115,49152,0.99462890625,0.9918806406223304,0.9964502596572975,0.99658203125,0.9942706398960515,0.9979628503155791,0.9992472330729166,0.009764401407408974,0.0
baseline,8000,ood_dev,13,4096,4064,4074,53189,53248,0.9921875,0.9889921727170213,0.9944604901476036,0.99462890625,0.9918806406223304,0.9964502596572975,0.9988919771634616,0.01825917616728656,0.0
baseline,8000,ood_dev,14,4096,4048,4061,57250,57344,0.98828125,0.9844979568178159,0.9911495261828039,0.991455078125,0.9881397703182205,0.9938494213219035,0.9983607700892857,0.02753125306501958,0.0
baseline,8000,ood_dev,15,4096,4029,4050,61300,61440,0.983642578125,0.9792802999311276,0.9870985319809864,0.98876953125,0.9850536128857085,0.9915695175979121,0.9977213541666666,0.036840257803235854,0.0
baseline,8000,ood_dev,16,4096,4002,4032,65332,65536,0.97705078125,0.971998448439275,0.9812091424523306,0.984375,0.9800978681444444,0.9877444349921706,0.99688720703125,0.046776408209144194,0.0
baseline,8000,ood_dev,17,4096,3971,4014,69346,69632,0.969482421875,0.963759047527144,0.974326007377952,0.97998046875,0.9752197539009314,0.983841721888678,0.9958926930147058,0.05684203291215151,0.0
baseline,8000,ood_dev,18,4096,3929,3982,73328,73728,0.959228515625,0.9527294929498811,0.9648669648122019,0.97216796875,0.9666710641443907,0.9767800519172087,0.9945746527777778,0.08086074941079247,0.0
baseline,8000,ood_dev,19,4096,3901,3970,77298,77824,0.952392578125,0.9454369948583105,0.9585003981417638,0.96923828125,0.9634948720671381,0.9741023590964577,0.9932411595394737,0.09499942243494308,0.0
baseline,8000,ood_dev,20,4096,3855,3936,81234,81920,0.941162109375,0.9335337022688429,0.9479637986222172,0.9609375,0.9545593952649127,0.9664518286876724,0.9916259765625,0.12043585420963021,0.0
baseline,8000,ood_dev,21,4096,3819,3935,85169,86016,0.932373046875,0.9242709187774049,0.9396649274196441,0.960693359375,0.9542977984787171,0.9662256017323678,0.9901529947916666,0.1316628723707971,0.0
baseline,8000,ood_dev,22,4096,3775,3904,89073,90112,0.921630859375,0.9129998108302356,0.9294717907407996,0.953125,0.9462164298287505,0.9591844343958247,0.9884699041193182,0.15200526086486144,0.0
baseline,8000,ood_dev,23,4096,3730,3876,92949,94208,0.91064453125,0.9015195779849158,0.9189999552186056,0.9462890625,0.938957308629731,0.9527844908328355,0.9866359544836957,0.1757540264440065,0.0
baseline,8000,ood_dev,24,4096,3674,3836,96785,98304,0.89697265625,0.8872879701414506,0.9059134335380535,0.9365234375,0.9286399311008992,0.943588918701655,0.9845479329427084,0.22663690629559197,0.0
baseline,8000,ood_dev,25,4096,3623,3804,100589,102400,0.884521484375,0.8743716252251424,0.8939507676378456,0.9287109375,0.920422816416333,0.9361956736582114,0.982314453125,0.2572667357066323,0.0
baseline,8000,ood_dev,26,4096,3574,3771,104360,106496,0.87255859375,0.8619961004422974,0.8824229290871757,0.920654296875,0.9119775502306317,0.9285427563744023,0.9799429086538461,0.2978413915403466,0.0
baseline,8000,ood_dev,27,4096,3527,3740,108100,110592,0.861083984375,0.8501534822368317,0.8713378314421267,0.9130859375,0.9040670637073458,0.9213307069111787,0.9774667245370371,0.33911092725695235,0.0
baseline,8000,ood_dev,28,4096,3456,3710,111810,114688,0.84375,0.8323089646819845,0.8545468633504519,0.90576171875,0.8964304105240852,0.9143326478494298,0.9749058314732143,0.37303800175856394,0.0
baseline,8000,ood_dev,29,4096,3407,3687,115497,118784,0.831787109375,0.8200221498156435,0.8429303148832779,0.900146484375,0.8905868560727095,0.9089562562462985,0.9723279229525862,0.40307774084024395,0.0
baseline,8000,ood_dev,30,4096,3341,3633,119130,122880,0.815673828125,0.803505304014572,0.8272507937453287,0.886962890625,0.8769012144234478,0.8962994158545434,0.969482421875,0.45328939100921395,0.0
baseline,8000,ood_dev,31,4096,3293,3634,122764,126976,0.803955078125,0.7915146488016144,0.8158259093662715,0.88720703125,0.8771542514698228,0.8965342025496686,0.966828377016129,0.48649121546124796,0.0
baseline,8000,ood_dev,32,4096,3236,3603,126367,131072,0.7900390625,0.7772974517872059,0.8022371531151623,0.879638671875,0.8693165892508347,0.8892493287821474,0.9641036987304688,0.5167979490916568,0.0
baseline,8000,ood_dev,33,4096,3179,3572,129939,135168,0.776123046875,0.7631021770183883,0.7886264746184621,0.8720703125,0.86149162812159,0.8819517539248823,0.9613148082386364,0.5505149846492494,0.0
baseline,8000,ood_dev,34,4096,3116,3527,133466,139264,0.7607421875,0.7474363988944884,0.7735593570278426,0.861083984375,0.8501534822368317,0.8713378314421267,0.9583668428308824,0.6031347894106829,0.0
baseline,8000,ood_dev,35,4096,3067,3507,136973,143360,0.748779296875,0.7352680906621605,0.7618243019266553,0.856201171875,0.845121595652109,0.8666132431968432,0.9554478236607142,0.633603722943406,0.0
baseline,8000,ood_dev,36,4096,3008,3490,140463,147456,0.734375,0.7206341951015064,0.7476765967387912,0.85205078125,0.8408478125539957,0.8625940226894514,0.95257568359375,0.675003828805594,0.0
baseline,8500,dev,1,4096,4096,4096,4096,4096,1.0,0.9990630225926348,0.9999999999999999,1.0,0.9990630225926348,0.9999999999999999,1.0,2.4614659175581366e-05,0.0
baseline,8500,dev,2,4096,4096,4096,8192,8192,1.0,0.9990630225926348,0.9999999999999999,1.0,0.9990630225926348,0.9999999999999999,1.0,2.180010626640083e-05,0.0
baseline,8500,dev,3,4096,4096,4096,12288,12288,1.0,0.9990630225926348,0.9999999999999999,1.0,0.9990630225926348,0.9999999999999999,1.0,2.7213813096893524e-05,0.0
baseline,8500,dev,4,4096,4096,4096,16384,16384,1.0,0.9990630225926348,0.9999999999999999,1.0,0.9990630225926348,0.9999999999999999,1.0,5.505170271835613e-05,0.0
baseline,8500,dev,5,4096,4096,4096,20480,20480,1.0,0.9990630225926348,0.9999999999999999,1.0,0.9990630225926348,0.9999999999999999,1.0,6.093674891261003e-05,0.0
baseline,8500,dev,6,4096,4096,4096,24576,24576,1.0,0.9990630225926348,0.9999999999999999,1.0,0.9990630225926348,0.9999999999999999,1.0,9.142793682226369e-05,0.0
baseline,8500,dev,7,4096,4096,4096,28672,28672,1.0,0.9990630225926348,0.9999999999999999,1.0,0.9990630225926348,0.9999999999999999,1.0,0.00030417235845392465,0.0
baseline,8500,dev,8,4096,4095,4095,32767,32768,0.999755859375,0.9986182969663738,0.9999569018847606,0.999755859375,0.9986182969663738,0.9999569018847606,0.999969482421875,0.001741806617281516,0.0
baseline,8500,dev,9,4096,4093,4093,36860,36864,0.999267578125,0.9978486714629491,0.9997508799051849,0.999267578125,0.9978486714629491,0.9997508799051849,0.9998914930555556,0.0034962765605752733,0.0
baseline,8500,dev,10,4096,4093,4094,40954,40960,0.999267578125,0.9978486714629491,0.9997508799051849,0.99951171875,0.9982212896544476,0.9998660854551866,0.999853515625,0.0041072376354612805,0.0
baseline,8500,dev,11,4096,4083,4085,45039,45056,0.996826171875,0.9945771012522003,0.9981442127009305,0.997314453125,0.9951972177470491,0.9984997436890822,0.9996226917613636,0.006029494144840775,0.0
baseline,8500,dev,12,4096,4075,4082,49121,49152,0.994873046875,0.9921745882319427,0.9966441357891856,0.99658203125,0.9942706398960515,0.9979628503155791,0.9993693033854166,0.00901172638716563,0.0
baseline,8500,ood_dev,1,4096,4096,4096,4096,4096,1.0,0.9990630225926348,0.9999999999999999,1.0,0.9990630225926348,0.9999999999999999,1.0,2.5157574499834467e-05,0.0
baseline,8500,ood_dev,2,4096,4096,4096,8192,8192,1.0,0.9990630225926348,0.9999999999999999,1.0,0.9990630225926348,0.9999999999999999,1.0,2.246544792128269e-05,0.0
baseline,8500,ood_dev,3,4096,4096,4096,12288,12288,1.0,0.9990630225926348,0.9999999999999999,1.0,0.9990630225926348,0.9999999999999999,1.0,3.0286861312234237e-05,0.0
baseline,8500,ood_dev,4,4096,4096,4096,16384,16384,1.0,0.9990630225926348,0.9999999999999999,1.0,0.9990630225926348,0.9999999999999999,1.0,4.2842348666138896e-05,0.0
baseline,8500,ood_dev,5,4096,4096,4096,20480,20480,1.0,0.9990630225926348,0.9999999999999999,1.0,0.9990630225926348,0.9999999999999999,1.0,6.69725508593011e-05,0.0
baseline,8500,ood_dev,6,4096,4096,4096,24576,24576,1.0,0.9990630225926348,0.9999999999999999,1.0,0.9990630225926348,0.9999999999999999,1.0,0.00011888191933995262,0.0
baseline,8500,ood_dev,7,4096,4096,4096,28672,28672,1.0,0.9990630225926348,0.9999999999999999,1.0,0.9990630225926348,0.9999999999999999,1.0,0.00027208559975433477,0.0
baseline,8500,ood_dev,8,4096,4095,4095,32767,32768,0.999755859375,0.9986182969663738,0.9999569018847606,0.999755859375,0.9986182969663738,0.9999569018847606,0.999969482421875,0.0009256463002320636,0.0
baseline,8500,ood_dev,9,4096,4094,4094,36861,36864,0.99951171875,0.9982212896544476,0.9998660854551866,0.99951171875,0.9982212896544476,0.9998660854551866,0.9999186197916666,0.0021093057913048607,0.0
baseline,8500,ood_dev,10,4096,4091,4092,40953,40960,0.998779296875,0.997145424476127,0.9994784794090062,0.9990234375,0.9974915571936952,0.9996201704329383,0.9998291015625,0.0032464188201829502,0.0
baseline,8500,ood_dev,11,4096,4083,4084,45037,45056,0.996826171875,0.9945771012522003,0.9981442127009305,0.9970703125,0.9948858699188933,0.9983232677757378,0.9995783025568182,0.006122890464919761,0.0
baseline,8500,ood_dev,12,4096,4081,4086,49123,49152,0.996337890625,0.9939662587473084,0.9977794077228217,0.99755859375,0.9955114747539533,0.9986733104236785,0.9994099934895834,0.008174112240917797,0.0
baseline,8500,ood_dev,13,4096,4071,4078,53201,53248,0.993896484375,0.9910051126562461,0.995862316398881,0.99560546875,0.9930638103960733,0.9972183848495558,0.9991173377403846,0.013775804155190752,0.0
baseline,8500,ood_dev,14,4096,4056,4067,57268,57344,0.990234375,0.9867300726317991,0.9928200003008232,0.992919921875,0.9898503448988859,0.9950657891902398,0.9986746651785714,0.021257976262197276,0.0
baseline,8500,ood_dev,15,4096,4042,4060,61328,61440,0.98681640625,0.9828391999625007,0.9898813405891173,0.9912109375,0.9878567926156614,0.9936445752829621,0.9981770833333333,0.024184481475392983,0.0
baseline,8500,ood_dev,16,4096,4021,4052,65380,65536,0.981689453125,0.9771094258840555,0.9853668160960561,0.9892578125,0.9856107816089336,0.9919879963576875,0.99761962890625,0.031499481801588236,0.0
baseline,8500,ood_dev,17,4096,3996,4033,69413,69632,0.9755859375,0.970395272680658,0.9798853757619459,0.984619140625,0.9803708517550201,0.9879592751230951,0.9968548943014706,0.046470811806546,0.0
baseline,8500,ood_dev,18,4096,3970,4022,73435,73728,0.96923828125,0.9634948720671381,0.9741023590964577,0.98193359375,0.9773800946662805,0.9855839710553314,0.9960259331597222,0.05836702586300491,0.0
baseline,8500,ood_dev,19,4096,3947,4015,77450,77824,0.963623046875,0.9574411905686989,0.9689360945403896,0.980224609375,0.9754891932191522,0.9840601063119575,0.9951942845394737,0.06714761857983653,0.0
baseline,8500,ood_dev,20,4096,3913,3983,81433,81920,0.955322265625,0.9485573633564719,0.9612339145416062,0.972412109375,0.9669363760022123,0.9770025638008875,0.99405517578125,0.09152537242524428,0.0
baseline,8500,ood_dev,21,4096,3878,3974,85407,86016,0.94677734375,0.9394747174237471,0.9532427295218201,0.97021484375,0.9645521097608273,0.9749964163687698,0.992919921875,0.10522070400035577,0.0
baseline,8500,ood_dev,22,4096,3834,3938,89345,90112,0.93603515625,0.9281254754775315,0.9431277268420221,0.96142578125,0.9550827758957496,0.9669040955398363,0.9914883700284091,0.13336295442181845,0.0
baseline,8500,ood_dev,23,4096,3790,3909,93254,94208,0.92529296875,0.9168366756670765,0.9329522820264635,0.954345703125,0.947516451879336,0.9603235310527409,0.9898734714673914,0.15900194254388478,0.0
baseline,8500,ood_dev,24,4096,3750,3874,97128,98304,0.91552734375,0.9066165820637565,0.9236594259697711,0.94580078125,0.9384400580444845,0.9523260939350815,0.988037109375,0.17942504835846607,0.0
baseline,8500,ood_dev,25,4096,3701,3838,100966,102400,0.903564453125,0.894142695018886,0.9122299496811264,0.93701171875,0.9291545119210666,0.9440499853644883,0.98599609375,0.21811510343820117,0.0
baseline,8500,ood_dev,26,4096,3650,3818,104784,106496,0.89111328125,0.8812048260661931,0.9002888078173035,0.93212890625,0.9240141831674432,0.9394338392881053,0.9839242788461539,0.24347659331153304,0.0
baseline,8500,ood_dev,27,4096,3609,3798,108582,110592,0.881103515625,0.8708325325922874,0.8906603278896965,0.92724609375,0.9188852789498749,0.9348062686756675,0.9818250868055556,0.2861211300036901,0.0
baseline,8500,ood_dev,28,4096,3572,3782,112364,114688,0.8720703125,0.86149162812159,0.8819517539248823,0.92333984375,0.9147896715191604,0.931096696242377,0.979736328125,0.30822096455243064,0.0
baseline,8500,ood_dev,29,4096,3520,3752,116116,118784,0.859375,0.8483918312283166,0.8696847162601397,0.916015625,0.9071267365958561,0.9241249189206721,0.9775390625,0.3439661558166357,0.0
baseline,8500,ood_dev,30,4096,3460,3716,119832,122880,0.8447265625,0.8333129502985477,0.8554941726998899,0.9072265625,0.8979563715130343,0.9157336293094827,0.9751953125,0.37342802837827493,0.0
baseline,8500,ood_dev,31,4096,3406,3681,123513,126976,0.83154296875,0.8197716222412833,0.8426930187161376,0.898681640625,0.8890639462329901,0.9075522236370159,0.9727271295362904,0.41708205985278535,0.0
baseline,8500,ood_dev,32,4096,3348,3643,127156,131072,0.8173828125,0.8052554142374909,0.828915449712912,0.889404296875,0.8794322362425625,0.8986466314504319,0.970123291015625,0.4511534434731914,0.0
baseline,8500,ood_dev,33,4096,3291,3605,130761,135168,0.803466796875,0.7910154101857612,0.815349500499124,0.880126953125,0.8698218505154235,0.889719715000559,0.9673961292613636,0.4988255391278764,0.0
baseline,8500,ood_dev,34,4096,3243,3581,134342,139264,0.791748046875,0.7790422101470098,0.8039071609458606,0.874267578125,0.8637621415848652,0.88407165413511,0.9646570542279411,0.5362946949552964,0.0
baseline,8500,ood_dev,35,4096,3207,3562,137904,143360,0.782958984375,0.7700726534090917,0.7953150629897675,0.86962890625,0.8589699942813361,0.879595150350133,0.9619419642857143,0.5686043244896725,0.0
baseline,8500,ood_dev,36,4096,3152,3528,141432,147456,0.76953125,0.7563853176930732,0.7821720929232691,0.861328125,0.8504051904661915,0.8715739469542673,0.9591471354166666,0.6190751741887061,0.0
baseline,9000,dev,1,4096,4096,4096,4096,4096,1.0,0.9990630225926348,0.9999999999999999,1.0,0.9990630225926348,0.9999999999999999,1.0,2.1157180445818824e-05,0.0
baseline,9000,dev,2,4096,4096,4096,8192,8192,1.0,0.9990630225926348,0.9999999999999999,1.0,0.9990630225926348,0.9999999999999999,1.0,1.9608538934234865e-05,0.0
baseline,9000,dev,3,4096,4096,4096,12288,12288,1.0,0.9990630225926348,0.9999999999999999,1.0,0.9990630225926348,0.9999999999999999,1.0,2.5235735252815417e-05,0.0
baseline,9000,dev,4,4096,4096,4096,16384,16384,1.0,0.9990630225926348,0.9999999999999999,1.0,0.9990630225926348,0.9999999999999999,1.0,3.099675606033081e-05,0.0
baseline,9000,dev,5,4096,4096,4096,20480,20480,1.0,0.9990630225926348,0.9999999999999999,1.0,0.9990630225926348,0.9999999999999999,1.0,4.932448895089703e-05,0.0
baseline,9000,dev,6,4096,4096,4096,24576,24576,1.0,0.9990630225926348,0.9999999999999999,1.0,0.9990630225926348,0.9999999999999999,1.0,7.543650695240878e-05,0.0
baseline,9000,dev,7,4096,4096,4096,28672,28672,1.0,0.9990630225926348,0.9999999999999999,1.0,0.9990630225926348,0.9999999999999999,1.0,0.00018803816626589143,0.0
baseline,9000,dev,8,4096,4095,4095,32767,32768,0.999755859375,0.9986182969663738,0.9999569018847606,0.999755859375,0.9986182969663738,0.9999569018847606,0.999969482421875,0.000828348516242694,0.0
baseline,9000,dev,9,4096,4095,4096,36863,36864,0.999755859375,0.9986182969663738,0.9999569018847606,1.0,0.9990630225926348,0.9999999999999999,0.9999728732638888,0.0009549227401529636,0.0
baseline,9000,dev,10,4096,4091,4092,40955,40960,0.998779296875,0.997145424476127,0.9994784794090062,0.9990234375,0.9974915571936952,0.9996201704329383,0.9998779296875,0.0022365086258818723,0.0
baseline,9000,dev,11,4096,4084,4085,45040,45056,0.9970703125,0.9948858699188933,0.9983232677757378,0.997314453125,0.9951972177470491,0.9984997436890822,0.9996448863636364,0.006055041166551645,0.0
baseline,9000,dev,12,4096,4074,4079,49119,49152,0.99462890625,0.9918806406223304,0.9964502596572975,0.995849609375,0.9933629968413301,0.9974070221457995,0.99932861328125,0.008254789882914615,0.0
baseline,9000,ood_dev,1,4096,4096,4096,4096,4096,1.0,0.9990630225926348,0.9999999999999999,1.0,0.9990630225926348,0.9999999999999999,1.0,2.1444367364509276e-05,0.0
baseline,9000,ood_dev,2,4096,4096,4096,8192,8192,1.0,0.9990630225926348,0.9999999999999999,1.0,0.9990630225926348,0.9999999999999999,1.0,1.9866066671148097e-05,0.0
baseline,9000,ood_dev,3,4096,4096,4096,12288,12288,1.0,0.9990630225926348,0.9999999999999999,1.0,0.9990630225926348,0.9999999999999999,1.0,2.4828335378535016e-05,0.0
baseline,9000,ood_dev,4,4096,4096,4096,16384,16384,1.0,0.9990630225926348,0.9999999999999999,1.0,0.9990630225926348,0.9999999999999999,1.0,3.626834646397459e-05,0.0
baseline,9000,ood_dev,5,4096,4096,4096,20480,20480,1.0,0.9990630225926348,0.9999999999999999,1.0,0.9990630225926348,0.9999999999999999,1.0,4.478827788656492e-05,0.0
baseline,9000,ood_dev,6,4096,4096,4096,24576,24576,1.0,0.9990630225926348,0.9999999999999999,1.0,0.9990630225926348,0.9999999999999999,1.0,0.00010951415124216268,0.0
baseline,9000,ood_dev,7,4096,4096,4096,28672,28672,1.0,0.9990630225926348,0.9999999999999999,1.0,0.9990630225926348,0.9999999999999999,1.0,0.00015287606347469396,0.0
baseline,9000,ood_dev,8,4096,4096,4096,32768,32768,1.0,0.9990630225926348,0.9999999999999999,1.0,0.9990630225926348,0.9999999999999999,1.0,0.00041672881898247027,0.0
baseline,9000,ood_dev,9,4096,4095,4095,36863,36864,0.999755859375,0.9986182969663738,0.9999569018847606,0.999755859375,0.9986182969663738,0.9999569018847606,0.9999728732638888,0.000818203631381853,0.0
baseline,9000,ood_dev,10,4096,4094,4095,40958,40960,0.99951171875,0.9982212896544476,0.9998660854551866,0.999755859375,0.9986182969663738,0.9999569018847606,0.999951171875,0.0016170738218479475,0.0
baseline,9000,ood_dev,11,4096,4091,4092,45050,45056,0.998779296875,0.997145424476127,0.9994784794090062,0.9990234375,0.9974915571936952,0.9996201704329383,0.9998668323863636,0.0033765269662211495,0.0
baseline,9000,ood_dev,12,4096,4088,4091,49141,49152,0.998046875,0.9961504506055915,0.9990099820550408,0.998779296875,0.997145424476127,0.9994784794090062,0.9997762044270834,0.004520744235391394,0.0
baseline,9000,ood_dev,13,4096,4081,4084,53225,53248,0.996337890625,0.9939662587473084,0.9977794077228217,0.9970703125,0.9948858699188933,0.9983232677757378,0.9995680588942307,0.00780603917202094,0.0
baseline,9000,ood_dev,14,4096,4074,4084,57309,57344,0.99462890625,0.9918806406223304,0.9964502596572975,0.9970703125,0.9948858699188933,0.9983232677757378,0.9993896484375,0.009945869434342391,0.0
baseline,9000,ood_dev,15,4096,4063,4076,61385,61440,0.991943359375,0.9887074354065306,0.9942574037165939,0.9951171875,0.9924697076331114,0.9968368401295172,0.9991048177083334,0.016203655427726615,0.0
baseline,9000,ood_dev,16,4096,4039,4058,65443,65536,0.986083984375,0.9820139840883064,0.9892430852388108,0.99072265625,0.987292434466316,0.993233285949307,0.9985809326171875,0.026597519287639426,0.0
baseline,9000,ood_dev,17,4096,4011,4037,69480,69632,0.979248046875,0.974412403486461,0.9831856010786475,0.985595703125,0.9814652366612112,0.9888161851829053,0.9978170955882353,0.03395116134135889,0.0
baseline,9000,ood_dev,18,4096,3986,4022,73502,73728,0.97314453125,0.9677329319802243,0.9776694790473764,0.98193359375,0.9773800946662805,0.9855839710553314,0.9969346788194444,0.04942434258454309,0.0
baseline,9000,ood_dev,19,4096,3960,4009,77511,77824,0.966796875,0.9608577781251862,0.9718612156234064,0.978759765625,0.9738749487182478,0.98274740836386,0.9959781044407895,0.06313826440750447,0.0
baseline,9000,ood_dev,20,4096,3938,3997,81508,81920,0.96142578125,0.9550827758957496,0.9669040955398363,0.975830078125,0.9706621520616038,0.9801063201225003,0.994970703125,0.07509873777221643,0.0
baseline,9000,ood_dev,21,4096,3912,3989,85497,86016,0.955078125,0.9482970594777964,0.9610063946787812,0.973876953125,0.9685304473439507,0.978335434908151,0.9939662388392857,0.09142577942121755,0.0
baseline,9000,ood_dev,22,4096,3875,3953,89450,90112,0.946044921875,0.9386986636872588,0.9525553120338074,0.965087890625,0.9590165375678266,0.9702876899902639,0.9926535866477273,0.11568858789399128,0.0
baseline,9000,ood_dev,23,4096,3843,3939,93389,94208,0.938232421875,0.9304415206592828,0.9452020953337735,0.961669921875,0.9553445608690955,0.9671301343079907,0.9913064707880435,0.13510522521441892,0.0
baseline,9000,ood_dev,24,4096,3810,3924,97313,98304,0.93017578125,0.9219613132494459,0.9375841192741002,0.9580078125,0.9514241848736409,0.9637331541809406,0.9899190266927084,0.15934293336968464,0.0
baseline,9000,ood_dev,25,4096,3769,3883,101196,102400,0.920166015625,0.9114665583356981,0.9280781007863353,0.947998046875,0.9407689451321072,0.9543876205209615,0.9882421875,0.191482433670898,0.0
baseline,9000,ood_dev,26,4096,3729,3865,105061,106496,0.910400390625,0.9012649382880058,0.9187667711740153,0.943603515625,0.9361143355517366,0.9502614027543265,0.9865253155048077,0.22181957699541077,0.0
baseline,9000,ood_dev,27,4096,3695,3840,108901,110592,0.902099609375,0.8926183492901923,0.9108273529608181,0.9375,0.9296692192922852,0.9445109254762704,0.9847095630787037,0.2486883925425344,0.0
baseline,9000,ood_dev,28,4096,3647,3813,112714,114688,0.890380859375,0.8804450553276408,0.8995851073313548,0.930908203125,0.9227309300951754,0.9382779736528717,0.9827880859375,0.2791222668760911,0.0
baseline,9000,ood_dev,29,4096,3611,3796,116510,118784,0.881591796875,0.8713379539693884,0.891130553995596,0.9267578125,0.9183729750294912,0.9343429251130505,0.9808560075431034,0.2862404156396028,0.0
baseline,9000,ood_dev,30,4096,3570,3780,120290,122880,0.87158203125,0.8609872046321483,0.8814805299313235,0.9228515625,0.9142781637462243,0.9306325565323126,0.9789225260416666,0.3160821861832884,0.0
baseline,9000,ood_dev,31,4096,3523,3750,124040,126976,0.860107421875,0.8491467590583891,0.8703932596545682,0.91552734375,0.9066165820637565,0.9236594259697711,0.9768775201612904,0.3422472366363597,0.0
baseline,9000,ood_dev,32,4096,3463,3702,127742,131072,0.845458984375,0.8340660400464522,0.8562045541764863,0.90380859375,0.8943968141409154,0.9124636543005972,0.9745941162109375,0.37787077285094206,0.0
baseline,9000,ood_dev,33,4096,3410,3675,131417,135168,0.83251953125,0.8207737847837412,0.8436421511396809,0.897216796875,0.8875416320542482,0.9061475953667562,0.9722493489583334,0.4109229515273385,0.0
baseline,9000,ood_dev,34,4096,3351,3629,135046,139264,0.818115234375,0.8060055796471756,0.8296287555277283,0.885986328125,0.8758892090804093,0.8953601262315807,0.9697122012867647,0.4554846434112837,0.0
baseline,9000,ood_dev,35,4096,3291,3608,138654,143360,0.803466796875,0.7910154101857612,0.815349500499124,0.880859375,0.8705798420416913,0.8904251946987922,0.9671735491071428,0.47821950092096377,0.0
baseline,9000,ood_dev,36,4096,3236,3555,142209,147456,0.7900390625,0.7772974517872059,0.8022371531151623,0.867919921875,0.8572055614004055,0.8779448170405617,0.96441650390625,0.5245108379231418,0.0
baseline,9500,dev,1,4096,4096,4096,4096,4096,1.0,0.9990630225926348,0.9999999999999999,1.0,0.9990630225926348,0.9999999999999999,1.0,1.833560677511059e-05,0.0
baseline,9500,dev,2,4096,4096,4096,8192,8192,1.0,0.9990630225926348,0.9999999999999999,1.0,0.9990630225926348,0.9999999999999999,1.0,1.7076002512772526e-05,0.0
baseline,9500,dev,3,4096,4096,4096,12288,12288,1.0,0.9990630225926348,0.9999999999999999,1.0,0.9990630225926348,0.9999999999999999,1.0,2.0261958211365005e-05,0.0
baseline,9500,dev,4,4096,4096,4096,16384,16384,1.0,0.9990630225926348,0.9999999999999999,1.0,0.9990630225926348,0.9999999999999999,1.0,2.8311602947694858e-05,0.0
baseline,9500,dev,5,4096,4096,4096,20480,20480,1.0,0.9990630225926348,0.9999999999999999,1.0,0.9990630225926348,0.9999999999999999,1.0,4.069428932096386e-05,0.0
baseline,9500,dev,6,4096,4096,4096,24576,24576,1.0,0.9990630225926348,0.9999999999999999,1.0,0.9990630225926348,0.9999999999999999,1.0,6.16613628517948e-05,0.0
baseline,9500,dev,7,4096,4096,4096,28672,28672,1.0,0.9990630225926348,0.9999999999999999,1.0,0.9990630225926348,0.9999999999999999,1.0,9.061953542144341e-05,0.0
baseline,9500,dev,8,4096,4096,4096,32768,32768,1.0,0.9990630225926348,0.9999999999999999,1.0,0.9990630225926348,0.9999999999999999,1.0,0.00029995716416741924,0.0
baseline,9500,dev,9,4096,4095,4095,36863,36864,0.999755859375,0.9986182969663738,0.9999569018847606,0.999755859375,0.9986182969663738,0.9999569018847606,0.9999728732638888,0.0009364223126960836,0.0
baseline,9500,dev,10,4096,4093,4094,40957,40960,0.999267578125,0.9978486714629491,0.9997508799051849,0.99951171875,0.9982212896544476,0.9998660854551866,0.9999267578125,0.0013797449463270883,0.0
baseline,9500,dev,11,4096,4091,4094,45051,45056,0.998779296875,0.997145424476127,0.9994784794090062,0.99951171875,0.9982212896544476,0.9998660854551866,0.9998890269886364,0.001276425391415592,0.0
baseline,9500,dev,12,4096,4089,4091,49142,49152,0.998291015625,0.9964763422189936,0.9991719141831389,0.998779296875,0.997145424476127,0.9994784794090062,0.9997965494791666,0.0037766224588372532,0.0
baseline,9500,ood_dev,1,4096,4096,4096,4096,4096,1.0,0.9990630225926348,0.9999999999999999,1.0,0.9990630225926348,0.9999999999999999,1.0,1.8100714130664386e-05,0.0
baseline,9500,ood_dev,2,4096,4096,4096,8192,8192,1.0,0.9990630225926348,0.9999999999999999,1.0,0.9990630225926348,0.9999999999999999,1.0,1.7192441381208567e-05,0.0
baseline,9500,ood_dev,3,4096,4096,4096,12288,12288,1.0,0.9990630225926348,0.9999999999999999,1.0,0.9990630225926348,0.9999999999999999,1.0,2.084317209161135e-05,0.0
baseline,9500,ood_dev,4,4096,4096,4096,16384,16384,1.0,0.9990630225926348,0.9999999999999999,1.0,0.9990630225926348,0.9999999999999999,1.0,2.8693032957494147e-05,0.0
baseline,9500,ood_dev,5,4096,4096,4096,20480,20480,1.0,0.9990630225926348,0.9999999999999999,1.0,0.9990630225926348,0.9999999999999999,1.0,4.108221568099868e-05,0.0
baseline,9500,ood_dev,6,4096,4096,4096,24576,24576,1.0,0.9990630225926348,0.9999999999999999,1.0,0.9990630225926348,0.9999999999999999,1.0,7.805907313884752e-05,0.0
baseline,9500,ood_dev,7,4096,4096,4096,28672,28672,1.0,0.9990630225926348,0.9999999999999999,1.0,0.9990630225926348,0.9999999999999999,1.0,0.0001096358918805107,0.0
baseline,9500,ood_dev,8,4096,4095,4095,32767,32768,0.999755859375,0.9986182969663738,0.9999569018847606,0.999755859375,0.9986182969663738,0.9999569018847606,0.999969482421875,0.0005717909596969495,0.0
baseline,9500,ood_dev,9,4096,4094,4095,36862,36864,0.99951171875,0.9982212896544476,0.9998660854551866,0.999755859375,0.9986182969663738,0.9999569018847606,0.9999457465277778,0.0007764217329907508,0.0
baseline,9500,ood_dev,10,4096,4092,4094,40956,40960,0.9990234375,0.9974915571936952,0.9996201704329383,0.99951171875,0.9982212896544476,0.9998660854551866,0.99990234375,0.0020087275833644558,0.0
baseline,9500,ood_dev,11,4096,4088,4091,45047,45056,0.998046875,0.9961504506055915,0.9990099820550408,0.998779296875,0.997145424476127,0.9994784794090062,0.9998002485795454,0.002572985764183522,0.0
baseline,9500,ood_dev,12,4096,4085,4090,49137,49152,0.997314453125,0.9951972177470491,0.9984997436890822,0.99853515625,0.9968075986857966,0.9993284814578364,0.99969482421875,0.005280328802862222,0.0
baseline,9500,ood_dev,13,4096,4082,4087,53224,53248,0.99658203125,0.9942706398960515,0.9979628503155791,0.997802734375,0.9958290482073086,0.9988435607118235,0.9995492788461539,0.008038155869154462,0.0
baseline,9500,ood_dev,14,4096,4071,4079,57303,57344,0.993896484375,0.9910051126562461,0.995862316398881,0.995849609375,0.9933629968413301,0.9974070221457995,0.9992850167410714,0.010907045920517389,0.0
baseline,9500,ood_dev,15,4096,4063,4077,61380,61440,0.991943359375,0.9887074354065306,0.9942574037165939,0.995361328125,0.9927660832938955,0.9970282882102334,0.9990234375,0.010572231353641715,0.0
baseline,9500,ood_dev,16,4096,4047,4065,65445,65536,0.988037109375,0.9842206673133682,0.9909389919457514,0.992431640625,0.9892775496501616,0.9946629369559636,0.9986114501953125,0.019712468808722017,0.0
baseline,9500,ood_dev,17,4096,4033,4057,69502,69632,0.984619140625,0.9803708517550201,0.9879592751230951,0.990478515625,0.9870110133784079,0.9930268832957149,0.9981330422794118,0.028541562045200308,0.0
baseline,9500,ood_dev,18,4096,4016,4044,73546,73728,0.98046875,0.9757587986106162,0.9842783246619937,0.9873046875,0.9833908284717333,0.9903053595628853,0.9975314670138888,0.03487177405038944,0.0
baseline,9500,ood_dev,19,4096,3996,4031,77577,77824,0.9755859375,0.970395272680658,0.9798853757619459,0.984130859375,0.9798251184139876,0.987529360981127,0.996826171875,0.04527277401422636,0.0
baseline,9500,ood_dev,20,4096,3966,4011,81588,81920,0.96826171875,0.9624390364554394,0.973206899742155,0.979248046875,0.974412403486461,0.9831856010786475,0.995947265625,0.057636330121860424,0.0
baseline,9500,ood_dev,21,4096,3942,3990,85578,86016,0.96240234375,0.9561303013811572,0.9678078650204299,0.97412109375,0.9687965056840521,0.9785572003095498,0.9949079241071429,0.07825069024025177,0.0
baseline,9500,ood_dev,22,4096,3918,3979,89557,90112,0.95654296875,0.9498596607971911,0.9623707358083885,0.971435546875,0.9658757308170035,0.976111914020095,0.9938409978693182,0.09939903060871524,0.0
baseline,9500,ood_dev,23,4096,3878,3958,93515,94208,0.94677734375,0.9394747174237471,0.9532427295218201,0.96630859375,0.960331329020896,0.971412017244696,0.9926439368206522,0.11772735699590797,0.0
baseline,9500,ood_dev,24,4096,3845,3935,97450,98304,0.938720703125,0.930956550506342,0.945662712969715,0.960693359375,0.9542977984787171,0.9662256017323678,0.9913126627604166,0.13917120376702374,0.0
baseline,9500,ood_dev,25,4096,3815,3922,101372,102400,0.931396484375,0.9232441468884733,0.9387404043425744,0.95751953125,0.9509024574310025,0.9632792341405783,0.9899609375,0.15505553272650296,0.0
baseline,9500,ood_dev,26,4096,3781,3899,105271,106496,0.923095703125,0.9145339056289837,0.9308646383910534,0.951904296875,0.9449176066361316,0.9580441388809422,0.9884972205528846,0.1753475371437806,0.0
baseline,9500,ood_dev,27,4096,3745,3881,109152,110592,0.914306640625,0.9053415639344976,0.9224953253915283,0.947509765625,0.9402511317503777,0.9539297864196905,0.9869791666666666,0.18897413471447122,0.0
baseline,9500,ood_dev,28,4096,3703,3855,113007,114688,0.904052734375,0.8946509509932163,0.9126973411897967,0.941162109375,0.9335337022688429,0.9479637986222172,0.9853428431919643,0.2219409273771611,0.0
baseline,9500,ood_dev,29,4096,3662,3828,116835,118784,0.89404296875,0.8842452751338212,0.903102243647679,0.9345703125,0.9265828466235786,0.9417434132469731,0.9835920662715517,0.2389624304724408,0.0
baseline,9500,ood_dev,30,4096,3611,3810,120645,122880,0.881591796875,0.8713379539693884,0.891130553995596,0.93017578125,0.9219613132494459,0.9375841192741002,0.9818115234375,0.2621545255014134,0.0
baseline,9500,ood_dev,31,4096,3571,3778,124423,126976,0.871826171875,0.8612394102878219,0.8817161480171501,0.92236328125,0.913766751587586,0.9301683212079501,0.9798938382056451,0.2975391486196174,0.0
baseline,9500,ood_dev,32,4096,3521,3752,128175,131072,0.859619140625,0.8486434629761094,0.8699209082538472,0.916015625,0.9071267365958561,0.9241249189206721,0.9778976440429688,0.32608544497724834,0.0
baseline,9500,ood_dev,33,4096,3470,3722,131897,135168,0.84716796875,0.8358235876102469,0.8578617728031939,0.90869140625,0.8994830025397677,0.9171339407317513,0.9758004853219697,0.3587867964328181,0.0
baseline,9500,ood_dev,34,4096,3427,3710,135607,139264,0.836669921875,0.8250345481893915,0.8476743913395359,0.90576171875,0.8964304105240852,0.9143326478494298,0.9737405215992647,0.3866464241054588,0.0
baseline,9500,ood_dev,35,4096,3379,3685,139292,143360,0.824951171875,0.8130106116158881,0.8362827883210245,0.899658203125,0.8900791525649845,0.908488312271023,0.9716238839285715,0.42159875176760786,0.0
baseline,9500,ood_dev,36,4096,3351,3663,142955,147456,0.818115234375,0.8060055796471756,0.8296287555277283,0.894287109375,0.8844987461372489,0.9033365963857516,0.9694756401909722,0.45723881541256317,0.0
baseline,10000,dev,1,102400,102400,102400,102400,102400,1.0,0.9999624871609701,1.0,1.0,0.9999624871609701,1.0,1.0,1.6366215810568186e-05,0.0
baseline,10000,dev,2,102400,102400,102400,204800,204800,1.0,0.9999624871609701,1.0,1.0,0.9999624871609701,1.0,1.0,1.5181867494968859e-05,0.0
baseline,10000,dev,3,102400,102400,102400,307200,307200,1.0,0.9999624871609701,1.0,1.0,0.9999624871609701,1.0,1.0,1.834759721098145e-05,0.0
baseline,10000,dev,4,102400,102400,102400,409600,409600,1.0,0.9999624871609701,1.0,1.0,0.9999624871609701,1.0,1.0,2.358452680408796e-05,0.0
baseline,10000,dev,5,102400,102400,102400,512000,512000,1.0,0.9999624871609701,1.0,1.0,0.9999624871609701,1.0,1.0,3.558453500942527e-05,0.0
baseline,10000,dev,6,102400,102400,102400,614400,614400,1.0,0.9999624871609701,1.0,1.0,0.9999624871609701,1.0,1.0,7.087297929885273e-05,0.0
baseline,10000,dev,7,102400,102396,102396,716796,716800,0.9999609375,0.9998995558365923,0.9999848092550684,0.9999609375,0.9998995558365923,0.9999848092550684,0.9999944196428572,0.0001718007463511273,0.0
baseline,10000,dev,8,102400,102391,102394,819190,819200,0.999912109375,0.9998329541276058,0.999953758377418,0.99994140625,0.9998721583660714,0.9999731456909345,0.99998779296875,0.0003375610897848347,0.0
baseline,10000,dev,9,102400,102373,102377,921567,921600,0.999736328125,0.9996163891811771,0.9998187740119542,0.999775390625,0.9996629658993142,0.9998503193631264,0.9999641927083334,0.0007351347232817984,0.0
baseline,10000,dev,10,102400,102340,102353,1023920,1024000,0.9994140625,0.999245935024263,0.9995447210970653,0.999541015625,0.9993897582662231,0.9996547945803608,0.999921875,0.0014830290651859856,0.0
baseline,10000,dev,11,102400,102290,102325,1126245,1126400,0.99892578125,0.998705560783839,0.9991085694711211,0.999267578125,0.9990820982472838,0.999415600114134,0.9998623934659091,0.0024859145383547034,0.0
baseline,10000,dev,12,102400,102181,102239,1228484,1228800,0.997861328125,0.997559094402291,0.9981262094639864,0.998427734375,0.9981656503931043,0.9986524234781603,0.9997428385416667,0.004515912619158564,0.0
baseline,10000,ood_dev,1,102400,102400,102400,102400,102400,1.0,0.9999624871609701,1.0,1.0,0.9999624871609701,1.0,1.0,1.638210160344489e-05,0.0
baseline,10000,ood_dev,2,102400,102400,102400,204800,204800,1.0,0.9999624871609701,1.0,1.0,0.9999624871609701,1.0,1.0,1.515815762853201e-05,0.0
baseline,10000,ood_dev,3,102400,102400,102400,307200,307200,1.0,0.9999624871609701,1.0,1.0,0.9999624871609701,1.0,1.0,1.826760974222852e-05,0.0
baseline,10000,ood_dev,4,102400,102400,102400,409600,409600,1.0,0.9999624871609701,1.0,1.0,0.9999624871609701,1.0,1.0,2.3964531769524732e-05,0.0
baseline,10000,ood_dev,5,102400,102400,102400,512000,512000,1.0,0.9999624871609701,1.0,1.0,0.9999624871609701,1.0,1.0,3.5530393346960845e-05,0.0
baseline,10000,ood_dev,6,102400,102399,102399,614399,614400,0.999990234375,0.9999446805183295,0.9999982761253133,0.999990234375,0.9999446805183295,0.9999982761253133,0.9999983723958333,7.87376664856354e-05,0.0
baseline,10000,ood_dev,7,102400,102396,102396,716795,716800,0.9999609375,0.9998995558365923,0.9999848092550684,0.9999609375,0.9998995558365923,0.9999848092550684,0.9999930245535714,0.00017231080158131685,0.0
baseline,10000,ood_dev,8,102400,102389,102392,819187,819200,0.999892578125,0.9998076372259771,0.9999400142443918,0.999921875,0.9998458314166382,0.9999604116057129,0.999984130859375,0.0003971382699539783,0.0
baseline,10000,ood_dev,9,102400,102362,102368,921555,921600,0.99962890625,0.9994907196411001,0.9997296078614301,0.9996875,0.9995588896466933,0.9997786209598011,0.999951171875,0.0009586293352300656,0.0
baseline,10000,ood_dev,10,102400,102326,102349,1023904,1024000,0.99927734375,0.9990929639511458,0.9994242649275994,0.999501953125,0.9993452844279009,0.9996211463493736,0.99990625,0.001623874903263487,0.0
baseline,10000,ood_dev,11,102400,102259,102299,1126203,1126400,0.998623046875,0.9983764558107984,0.9988322284070137,0.999013671875,0.9988017844178726,0.9991881204930338,0.999825106534091,0.00309919180028531,0.0
baseline,10000,ood_dev,12,102400,102156,102229,1228432,1228800,0.9976171875,0.9972993189798128,0.9978977219532806,0.998330078125,0.9980606088358721,0.9985621598621188,0.9997005208333334,0.00498118513353603,0.0
baseline,10000,ood_dev,13,102400,102022,102132,1330564,1331200,0.99630859375,0.995918074490277,0.99666187712095,0.9973828125,0.9970506748928116,0.9976776336244253,0.9995222355769231,0.007998239398244482,0.0
baseline,10000,ood_dev,14,102400,101796,101970,1432534,1433600,0.9941015625,0.9936136601587766,0.9945523945364665,0.99580078125,0.9953856863833869,0.9961786783268173,0.9992564174107142,0.011704630994005396,0.0
baseline,10000,ood_dev,15,102400,101537,101824,1534358,1536000,0.991572265625,0.9909936255026158,0.9921140252048403,0.994375,0.99389801514808,0.9948148940323293,0.9989309895833334,0.01630552625282306,0.0
baseline,10000,ood_dev,16,102400,101223,101635,1635993,1638400,0.988505859375,0.9878344203279911,0.9891406479386732,0.992529296875,0.9919830944399674,0.9930385469655704,0.9985308837890625,0.022604670901006027,0.0
baseline,10000,ood_dev,17,102400,100841,101406,1737399,1740800,0.984775390625,0.984007036027835,0.9855073746197764,0.99029296875,0.9896737920857632,0.9908753608518082,0.9980463005514706,0.029737904278078063,0.0
baseline,10000,ood_dev,18,102400,100363,101094,1838493,1843200,0.980107421875,0.9792340129056113,0.980944810459521,0.98724609375,0.9865403076575678,0.9879153238738667,0.9974462890625,0.039099778853518535,0.0
baseline,10000,ood_dev,19,102400,99804,100735,1939228,1945600,0.9746484375,0.9736677112466898,0.9755935529324467,0.983740234375,0.9829472578457985,0.9844969179651126,0.9967249177631579,0.04952415305670105,0.0
baseline,10000,ood_dev,20,102400,99221,100386,2039614,2048000,0.968955078125,0.9678750653567252,0.969999907220559,0.98033203125,0.9794633570243412,0.9811646682393205,0.9959052734375,0.06056469911897208,0.0
baseline,10000,ood_dev,21,102400,98575,99956,2139570,2150400,0.962646484375,0.9614675800045002,0.9637906783793077,0.9761328125,0.9751799240973168,0.9770499787155787,0.9949637276785714,0.07448057282086117,0.0
baseline,10000,ood_dev,22,102400,97851,99622,2239192,2252800,0.955576171875,0.9542970497194693,0.9568211141193278,0.97287109375,0.9718581724423478,0.9738485375832087,0.9939595170454546,0.08784165769586014,0.0
baseline,10000,ood_dev,23,102400,97106,99163,2338355,2355200,0.94830078125,0.946927718432803,0.9496402099971087,0.968388671875,0.9672993486529047,0.9694428539193922,0.9928477411684783,0.1036925490375901,0.0
baseline,10000,ood_dev,24,102400,96288,98752,2437107,2457600,0.9403125,0.9388448874379517,0.9417470778181775,0.964375,0.9632221992992459,0.9654929606515049,0.991661376953125,0.12050696871387809,0.0
baseline,10000,ood_dev,25,102400,95479,98314,2535421,2560000,0.932412109375,0.9308582559289365,0.9339335208093562,0.96009765625,0.9588814720543609,0.9612793213070051,0.990398828125,0.1401123868500975,0.0
baseline,10000,ood_dev,26,102400,94552,97718,2633139,2662400,0.923359375,0.9217141018971872,0.9249728852786404,0.95427734375,0.9529808283445794,0.9555397766896784,0.9890095402644231,0.16063141520717183,0.0
baseline,10000,ood_dev,27,102400,93651,97227,2730366,2764800,0.914560546875,0.9128328394885565,0.9162571515753173,0.949482421875,0.9481240656930566,0.9508070553334661,0.9875455729166667,0.18173528020385976,0.0
baseline,10000,ood_dev,28,102400,92669,96605,2826971,2867200,0.904970703125,0.9031593246504629,0.9067516983979408,0.943408203125,0.9419762760715131,0.94480686317739,0.98596923828125,0.20423502766900042,0.0
baseline,10000,ood_dev,29,102400,91710,96168,2923139,2969600,0.89560546875,0.8937177877418395,0.8974634691896234,0.939140625,0.9376597961415073,0.9405885070353383,0.984354458512931,0.2277257316651629,0.0
baseline,10000,ood_dev,30,102400,90660,95518,3018657,3072000,0.8853515625,0.883385717958795,0.8872884957789371,0.93279296875,0.9312431257173495,0.9343103411967104,0.9826357421875,0.252999571121904,0.0
baseline,10000,ood_dev,31,102400,89608,94917,3113574,3174400,0.875078125,0.8730389704369638,0.8770891390723828,0.926923828125,0.9253136900952187,0.9285019359050962,0.9808385836693548,0.27661603869674106,0.0
baseline,10000,ood_dev,32,102400,88541,94308,3207882,3276800,0.864658203125,0.8625492661598383,0.866739781361212,0.9209765625,0.9193083824097205,0.9226131585382308,0.9789678955078125,0.30574455196107025,0.0
baseline,10000,ood_dev,33,102400,87437,93693,3301575,3379200,0.853876953125,0.8517001869223412,0.8560271694693008,0.914970703125,0.913246711529495,0.916663561262128,0.9770285866477273,0.3318913078750995,0.0
baseline,10000,ood_dev,34,102400,86344,93170,3394745,3481600,0.843203125,0.8409631899059845,0.8454173110468503,0.90986328125,0.9080938414776172,0.9116019707517953,0.9750531364889706,0.35965902070789935,0.0
baseline,10000,ood_dev,35,102400,85196,92491,3487236,3584000,0.8319921875,0.8296898111988216,0.8342696558622007,0.903232421875,0.9014064982795996,0.9050280926845334,0.9730011160714286,0.38889615946480377,0.0
baseline,10000,ood_dev,36,102400,84047,91886,3579122,3686400,0.820771484375,0.8184103034924444,0.8231085991594382,0.89732421875,0.8954501717149252,0.8991684562661535,0.9708989800347222,0.41948679145059686,0.0
