first_update,update,updates_in_bin,training_seconds,state_ce,token_accuracy,loss,latent_loss,weighted_latent_loss,latent_rms,predicted_latent_rms,latent_variation_rms,latent_relative_l2,latent_cosine,predicted_state_ce,teacher_predicted_kl
1,100,100,3.909331229997406,3.823618297576904,0.09744547778740525,3.8525234413146974,0.028905157344415785,0.028905157344415785,0.999109223484993,1.0053517520427704,0.2232658490538597,0.18216890841722488,0.9833190143108368,4.289897799491882,0.16072011180222034
101,200,100,7.2686933770000905,3.7015747880935668,0.11612956039607525,3.722693455219269,0.021118665980175137,0.021118665980175137,0.9986723214387894,1.0027441829442978,0.3335798606276512,0.22413117438554764,0.9722272008657455,4.32420539855957,0.24112000688910484
201,300,100,10.628313057972264,3.4814273357391357,0.17550781816244126,3.5336291337013246,0.05220179151743651,0.05220179151743651,0.9983086735010147,0.9869523793458939,0.5359864681959152,0.3298701196908951,0.9397361129522324,4.309859275817871,0.4662110358476639
301,400,100,13.989698718969521,3.4317785263061524,0.18208171129226686,3.4705074000358582,0.038728865571320055,0.038728865571320055,0.9976805746555328,0.9818021655082703,0.49365122616291046,0.28157544136047363,0.9556479156017303,4.206355333328247,0.43075916171073914
401,500,100,17.34730400097942,3.4259559607505796,0.18243734210729598,3.458182120323181,0.03222616005688906,0.03222616005688906,0.9971716701984406,0.9775388687849045,0.4743831679224968,0.26086197793483734,0.9613280743360519,4.160776376724243,0.40400490909814835
501,600,100,20.70572026398986,3.422405560016632,0.1824658255279064,3.452342722415924,0.02993716675788164,0.02993716675788164,0.9967542439699173,0.9743812531232834,0.4754839837551117,0.2550733871757984,0.9626348614692688,4.13999879360199,0.3953702002763748
601,700,100,24.06559829598882,3.4201054787635803,0.1824414113163948,3.448911919593811,0.028806441444903613,0.028806441444903613,0.9963916391134262,0.9762305319309235,0.482444129884243,0.25395700335502625,0.9624249786138535,4.131542325019836,0.3995339572429657
701,800,100,27.438055497981622,3.4147575235366823,0.1830745492875576,3.4437509036064147,0.028993368353694676,0.028993368353694676,0.9960566610097885,0.9728570580482483,0.4903297424316406,0.24989662319421768,0.9632840901613235,4.12605881690979,0.3925204202532768
801,900,100,30.786654099982115,3.409999632835388,0.18295003786683084,3.439321119785309,0.029321483746171,0.029321483746171,0.9957657605409622,0.9704112857580185,0.5084996148943901,0.25037771090865135,0.9627206474542618,4.121264457702637,0.39437711238861084
901,1000,100,34.15267807298187,3.4080315804481507,0.18313721135258676,3.437603259086609,0.029571676347404718,0.029571676347404718,0.9955444633960724,0.966905266046524,0.5090831443667412,0.2550678737461567,0.9607148319482803,4.114389061927795,0.396381676197052
1001,1100,100,37.52470422298575,3.407166926860809,0.1831697641313076,3.437155396938324,0.029988465588539837,0.029988465588539837,0.9953759610652924,0.9710391908884048,0.503863736987114,0.25576432049274445,0.9600763320922852,4.112510442733765,0.3926258534193039
1101,1200,100,40.882894953994764,3.4062374877929686,0.18303385868668556,3.4364797568321226,0.030242272727191447,0.030242272727191447,0.9951760470867157,0.9681781679391861,0.5116127878427505,0.2580764442682266,0.9589850157499313,4.1118810176849365,0.3942067474126816
1201,1300,100,44.25784226000178,3.4048655891418456,0.18324870243668556,3.4351234912872313,0.030257904585450888,0.030257904585450888,0.9950010478496552,0.9680536538362503,0.5081493854522705,0.2571939155459404,0.9591241478919983,4.112116575241089,0.3941337615251541
1301,1400,100,47.626034237002386,3.403991553783417,0.1833292691409588,3.43428350687027,0.030291946809738873,0.030291946809738873,0.9948530346155167,0.9697650820016861,0.4996095821261406,0.2616368234157562,0.957160547375679,4.109588265419006,0.3979872614145279
1401,1500,100,51.00030905300264,3.403151390552521,0.1832706753909588,3.433785216808319,0.030633837822824715,0.030633837822824715,0.9946697801351547,0.9660757482051849,0.502820573747158,0.26255691051483154,0.9566407650709152,4.108883500099182,0.39626432210206985
1501,1600,100,54.37181138300366,3.4009021806716917,0.18367594882845878,3.4313995742797854,0.030497392136603595,0.030497392136603595,0.9945089966058731,0.9660455584526062,0.49641095101833344,0.2573620155453682,0.9587536156177521,4.107736110687256,0.3955767750740051
1601,1700,100,57.73254270299003,3.3981529521942138,0.18384359180927276,3.429360280036926,0.031207339353859425,0.031207339353859425,0.9943578988313675,0.9631198048591614,0.5036152377724648,0.26411882787942886,0.9560747444629669,4.105175495147705,0.39491937309503555
1701,1800,100,61.092784352005765,3.3960078024864195,0.18429850786924362,3.42781019449234,0.03180239178240299,0.03180239178240299,0.9942686855792999,0.963978499174118,0.5027694925665855,0.26572003960609436,0.9552988857030869,4.104166030883789,0.3968782275915146
1801,1900,100,64.45555726301063,3.391919958591461,0.18452718660235404,3.4244779562950134,0.03255799824371934,0.03255799824371934,0.9941718280315399,0.9618812948465347,0.5104981809854507,0.26978009939193726,0.9536976665258408,4.106115698814392,0.4038509950041771
1901,2000,100,67.8259626640156,3.38498498916626,0.18578288286924363,3.4189912033081056,0.03400621581822634,0.03400621581822634,0.9941399842500687,0.9609337151050568,0.504406027495861,0.2740979269146919,0.9518783092498779,4.105773568153381,0.4052882641553879
2001,2100,100,71.19646963300147,3.376482417583466,0.18723714724183083,3.4121277427673338,0.035645317509770395,0.035645317509770395,0.9940576404333115,0.9584137350320816,0.5210201889276505,0.2827567085623741,0.9484318643808365,4.103118419647217,0.4156247451901436
2101,2200,100,74.5606984979986,3.3626910972595216,0.18950033009052278,3.401039233207703,0.03834815550595522,0.03834815550595522,0.9940599501132965,0.9563726186752319,0.5282601118087769,0.2917369231581688,0.9445901215076447,4.10321843624115,0.42493683844804764
2201,2300,100,77.92128748799405,3.3439883852005003,0.19314128085970877,3.385961048603058,0.04197267085313797,0.04197267085313797,0.9940441995859146,0.9502673745155334,0.5439444929361343,0.3090699389576912,0.9374808073043823,4.107285976409912,0.45128634572029114
2301,2400,100,81.2995598919988,3.3090880298614502,0.1999031625688076,3.3573336243629455,0.04824558950960636,0.04824558950960636,0.9940420389175415,0.9449069201946259,0.5689490586519241,0.33052001148462296,0.9283217489719391,4.105180144309998,0.486758254468441
2401,2500,100,84.6619631350004,3.2670522260665895,0.20898682102560998,3.3226816987991334,0.05562947046011686,0.05562947046011686,0.994179293513298,0.9354510456323624,0.5862724781036377,0.3554613068699837,0.9157845377922058,4.1074546575546265,0.5242825597524643
2501,2600,100,88.03256958199017,3.215404667854309,0.22076660633087158,3.279439630508423,0.06403496522456407,0.06403496522456407,0.9944569319486618,0.9284504652023315,0.6193186938762665,0.38374752551317215,0.9002031087875366,4.106146574020386,0.5780059248209
2601,2700,100,91.3968744129852,3.1478406620025634,0.23720134064555168,3.2201278138160707,0.07228715032339096,0.07228715032339096,0.9951315820217133,0.9189287424087524,0.652233362197876,0.4081239476799965,0.8833196610212326,4.10024631023407,0.6416402906179428
2701,2800,100,94.76329829598217,3.082213945388794,0.25387777462601663,3.159458782672882,0.07724484361708164,0.07724484361708164,0.9963220655918121,0.9141777604818344,0.6672559678554535,0.4219933822751045,0.8722124993801117,4.093130111694336,0.7016960233449936
2801,2900,100,98.13081400597548,3.025216429233551,0.2662378033995628,3.106110017299652,0.08089357770979405,0.08089357770979405,0.9976247400045395,0.908223882317543,0.6767940670251846,0.4322197437286377,0.8647086322307587,4.085489392280579,0.7598450779914856
2901,3000,100,101.5034499529811,2.9645125031471253,0.27799724370241163,3.05091091632843,0.0863984053581953,0.0863984053581953,0.9987875670194626,0.905310645699501,0.6847815662622452,0.444831907749176,0.8576236963272095,4.073403835296631,0.8194183856248856
3001,3100,100,104.87536113597889,2.8807576632499696,0.29494060307741166,2.976597771644592,0.0958401084691286,0.0958401084691286,0.999864861369133,0.8886556029319763,0.7007038742303848,0.4696536064147949,0.8409837633371353,4.052801966667175,0.895559161901474
3101,3200,100,108.2684665190045,2.777645721435547,0.31894206583499907,2.884685921669006,0.10704021081328392,0.10704021081328392,1.0009643137454987,0.8752718865871429,0.7203323394060135,0.49444033950567245,0.8255808800458908,4.017964720726013,0.9769047498703003
3201,3300,100,111.64067775302283,2.6854438757896424,0.3401066181063652,2.8000611662864685,0.11461728237569332,0.11461728237569332,1.002036452293396,0.8694832921028137,0.7373123168945312,0.5092667043209076,0.8175084590911865,3.9618184566497803,1.0289821028709412
3301,3400,100,115.01887065001756,2.6004082703590394,0.3591666767001152,2.719806962013245,0.11939869076013565,0.11939869076013565,1.0030916631221771,0.854295402765274,0.753072664141655,0.5223817080259323,0.813159629702568,3.888135254383087,1.086775153875351
3401,3500,100,118.40267125601895,2.521589574813843,0.37740154087543487,2.6445087504386904,0.12291918128728867,0.12291918128728867,1.0038463175296783,0.8511461913585663,0.7624174207448959,0.5249655842781067,0.8175309300422668,3.805257260799408,1.098118245601654
3501,3600,100,121.7867546500147,2.44122980594635,0.3954638770222664,2.5670491218566895,0.1258193063735962,0.1258193063735962,1.0045487880706787,0.8427724242210388,0.7795912027359009,0.5284662693738937,0.8225749433040619,3.6594154834747314,1.0832393169403076
3601,3700,100,125.17496479401234,2.362715561389923,0.4138590607047081,2.490103392601013,0.1273878365010023,0.1273878365010023,1.0049633979797363,0.842310220003128,0.7890733033418655,0.5228806883096695,0.8335460722446442,3.510531485080719,1.0230930745601654
3701,3800,100,128.55874373602455,2.2794682216644286,0.432543141245842,2.40743577003479,0.12796754322946072,0.12796754322946072,1.0055803060531616,0.8374815732240677,0.8140702843666077,0.5278539210557938,0.83724245429039,3.2983697652816772,0.9802836924791336
3801,3900,100,131.92813705102162,2.201150779724121,0.45083497077226636,2.3258026242256165,0.12465184770524501,0.12465184770524501,1.0058938264846802,0.8369507342576981,0.8256800174713135,0.5131208449602127,0.8532221764326096,3.0432501435279846,0.8481813669204712
3901,4000,100,135.31471521500862,2.1284200096130372,0.4689054462313652,2.247098002433777,0.1186779947578907,0.1186779947578907,1.0062186121940613,0.8474393486976624,0.8412210643291473,0.49793974310159683,0.8661920875310898,2.784054934978485,0.7312324643135071
4001,4100,100,138.68823359000817,2.077476146221161,0.48108236759901046,2.1861435317993165,0.10866738863289356,0.10866738863289356,1.006309151649475,0.8578595370054245,0.8477118909358978,0.47205546498298645,0.8827460408210754,2.5561636686325073,0.6013344973325729
4101,4200,100,142.060917505014,2.035242725610733,0.49175863713026047,2.132116632461548,0.09687390513718128,0.09687390513718128,1.0063300430774689,0.8745458722114563,0.8527849167585373,0.44365979731082916,0.8983543962240219,2.3532524704933167,0.4943411275744438
4201,4300,100,145.42696347001038,1.9997070634365082,0.5006632640957832,2.085050733089447,0.08534367486834527,0.08534367486834527,1.006418913602829,0.8922311514616013,0.86020527780056,0.41675952821969986,0.9113506078720093,2.211712658405304,0.4336131289601326
4301,4400,100,148.79406863602344,1.9633935856819154,0.5092977035045624,2.038980722427368,0.07558713957667351,0.07558713957667351,1.006330281496048,0.9132317304611206,0.8574882596731186,0.3861389756202698,0.9242516756057739,2.127788543701172,0.3786403462290764
4401,4500,100,152.1523493310233,1.9322088027000428,0.5160058778524399,2.000097304582596,0.0678885017335415,0.0678885017335415,1.0066397786140442,0.9253488332033157,0.8625031113624573,0.36602122336626053,0.9320417791604996,2.043275475502014,0.3559683561325073
4501,4600,100,155.5170002950108,1.9026317930221557,0.5228613495826722,1.9650540149211884,0.062422220930457115,0.062422220930457115,1.0070228278636932,0.939759835600853,0.8626615405082703,0.3528735488653183,0.9367116391658783,2.0195868015289307,0.35685838013887405
4601,4700,100,158.89355954301027,1.871416655778885,0.529906434416771,1.930574803352356,0.05915815234184265,0.05915815234184265,1.0076745748519897,0.9489641934633255,0.8665823191404343,0.34325192123651505,0.9400912672281265,1.9690178036689758,0.35775359719991684
4701,4800,100,162.2544085420086,1.8294073462486267,0.5397754102945328,1.8869247806072236,0.057517438121140005,0.057517438121140005,1.0085167288780212,0.9559997171163559,0.8713705986738205,0.33534637838602066,0.9428445249795914,1.9063264429569244,0.3320019021630287
4801,4900,100,165.61857147902265,1.8040109181404114,0.5451253432035447,1.8602168369293213,0.05620592009276151,0.05620592009276151,1.0093620121479034,0.9558155089616776,0.8746683746576309,0.3320317491889,0.9438625425100327,1.8732020258903503,0.3252360671758652
4901,5000,100,168.98406154002987,1.7746821904182435,0.5520800983905793,1.8299467861652374,0.0552645967155695,0.0552645967155695,1.010130763053894,0.9606883972883224,0.8743802011013031,0.32951048761606216,0.9446896016597748,1.8532663583755493,0.33057962357997894
5001,5100,100,172.34051750401886,1.744714287519455,0.5583414900302887,1.7993534100055695,0.05463912475854158,0.05463912475854158,1.011012613773346,0.9655226469039917,0.8791213035583496,0.32870835065841675,0.9450532346963882,1.831040233373642,0.35489170998334885
5101,5200,100,175.6894739060226,1.705045120716095,0.5667545783519745,1.759660997390747,0.05461587987840175,0.05461587987840175,1.0119277834892273,0.9651647061109543,0.8828953802585602,0.32888302206993103,0.9449366629123688,1.7521657347679138,0.34011710435152054
5201,5300,100,179.04483166601858,1.6698486387729645,0.5747884291410447,1.7247789549827575,0.054930318370461466,0.054930318370461466,1.0129365622997284,0.9662880003452301,0.8901177644729614,0.3347451910376549,0.9429192245006561,1.7035840451717377,0.370742104947567
5301,5400,100,182.39918729402234,1.6311329913139343,0.5833699744939804,1.6858532547950744,0.05472025524824858,0.05472025524824858,1.0137112140655518,0.9657450914382935,0.8919928818941116,0.330504409968853,0.9443981051445007,1.664105385541916,0.3641482889652252
5401,5500,100,185.76196986602372,1.5836835384368897,0.5945125538110733,1.6389874923229217,0.05530395735055208,0.05530395735055208,1.0144352614879608,0.9667132198810577,0.8922629207372665,0.32648349553346634,0.9457759112119675,1.625703126192093,0.3475984260439873
5501,5600,100,189.11476139704246,1.5336760425567626,0.6057942914962768,1.5894377982616426,0.05576175630092621,0.05576175630092621,1.0155603289604187,0.9701305329799652,0.9002287685871124,0.3313700333237648,0.9441571980714798,1.5592729151248932,0.36363037675619125
5601,5700,100,192.4715196500456,1.4982578313350678,0.6141015821695328,1.5539276039600372,0.05566977333277464,0.05566977333277464,1.0162946581840515,0.9700548499822617,0.9007100015878677,0.3308103159070015,0.9443304091691971,1.5520077049732208,0.38692502677440643
5701,5800,100,195.83122278004885,1.4638210797309876,0.6216137897968292,1.519708398580551,0.05588732291013002,0.05588732291013002,1.0172225832939148,0.9732026755809784,0.9042347520589828,0.3301028609275818,0.9446276426315308,1.4992834627628326,0.38348614424467087
5801,5900,100,199.18632651605185,1.4261024725437164,0.630434592962265,1.4820771503448487,0.05597467921674251,0.05597467921674251,1.0180962979793549,0.9691398739814758,0.9088090807199478,0.33217694610357285,0.9438293129205704,1.4649434685707092,0.3986601307988167
5901,6000,100,202.54245306704615,1.3916619002819062,0.6377376502752304,1.4474890995025635,0.055827198550105095,0.055827198550105095,1.0191040635108948,0.9754393547773361,0.9140415638685226,0.3309556469321251,0.9444045126438141,1.3945457935333252,0.3791654631495476
6001,6100,100,205.9240895630337,1.3505760443210602,0.6478995960950852,1.4066974377632142,0.05612139716744423,0.05612139716744423,1.0200799405574799,0.9720470458269119,0.9181576073169708,0.3289838135242462,0.945068433880806,1.3440552949905396,0.37464689463377
6101,6200,100,209.31354218303022,1.3159904062747956,0.655133485198021,1.372314338684082,0.0563239336013794,0.0563239336013794,1.0209905505180359,0.9730812609195709,0.9208965599536896,0.3299083858728409,0.9447290897369385,1.2995241284370422,0.3864609971642494
6201,6300,100,212.70269589802592,1.2645233118534087,0.6676733583211899,1.320964080095291,0.056440766006708144,0.056440766006708144,1.0219789743423462,0.9752918779850006,0.9256227314472198,0.3291423097252846,0.9450381696224213,1.2352270781993866,0.37013520300388336
6301,6400,100,216.07367667801736,1.220338181257248,0.6777189314365387,1.277653033733368,0.05731485038995743,0.05731485038995743,1.0230790674686432,0.9757404923439026,0.931405171751976,0.3333565667271614,0.943584755063057,1.1945824325084686,0.38789132237434387
6401,6500,100,219.4505297980104,1.1862842106819154,0.6851448756456375,1.2437728464603424,0.0574886354804039,0.0574886354804039,1.0240883529186249,0.9741750955581665,0.9360324740409851,0.3354351222515106,0.9428317099809647,1.1484789550304413,0.3980594649910927
6501,6600,100,222.82814055200834,1.1514148652553557,0.6928410017490387,1.2087772130966186,0.05736235100775957,0.05736235100775957,1.0250060260295868,0.9772340655326843,0.9390051811933517,0.33500371873378754,0.9430248588323593,1.1136063039302826,0.40945931524038315
6601,6700,100,226.20478221002304,1.1170114982128143,0.701350930929184,1.1743425500392914,0.057331059090793134,0.057331059090793134,1.0256681144237518,0.9792062044143677,0.938073143362999,0.3294566050171852,0.9449570775032043,1.084129586815834,0.381457157433033
6701,6800,100,229.58607154902347,1.0782015168666839,0.7099096888303756,1.1363894963264465,0.05818798307329416,0.05818798307329416,1.026437133550644,0.978648766875267,0.9395957142114639,0.3346986472606659,0.9431565999984741,1.0502728372812271,0.4006812945008278
6801,6900,100,232.9644961540289,1.0445814538002014,0.7182137244939804,1.1031049013137817,0.058523447550833226,0.058523447550833226,1.0273178815841675,0.979681521654129,0.9419058114290237,0.3325270935893059,0.9439080506563187,1.0126337856054306,0.39617089182138443
6901,7000,100,236.33822250302364,1.0077896070480348,0.7263769716024399,1.0662730932235718,0.05848348777741194,0.05848348777741194,1.027981460094452,0.9844811260700226,0.9447153806686401,0.33197855204343796,0.9441563636064529,0.9944227337837219,0.39270811527967453
7001,7100,100,239.72872686502342,0.952241124510765,0.7397355365753174,1.0121700322628022,0.059928905367851254,0.059928905367851254,1.0297502875328064,0.9786460697650909,0.9576870054006577,0.34009137004613876,0.9412150681018829,0.8942992091178894,0.4139110743999481
7101,7200,100,243.09775873002582,0.9099905985593796,0.749984558224678,0.970232070684433,0.06024147164076567,0.06024147164076567,1.0304371416568756,0.9828301668167114,0.9584731906652451,0.33869921416044235,0.9417848885059357,0.8833984136581421,0.4130202829837799
7201,7300,100,246.46701896304512,0.8780985063314438,0.7578287976980209,0.9386719024181366,0.060573395900428297,0.060573395900428297,1.0318906903266907,0.9811247289180756,0.9669411927461624,0.34385568648576736,0.9398288428783417,0.812389612197876,0.4239053279161453
7301,7400,100,249.83817502003876,0.8433561390638351,0.7662239754199982,0.9040221726894379,0.06066603001207113,0.06066603001207113,1.0324607491493225,0.9839639365673065,0.9647720754146576,0.3385922908782959,0.9417714625597,0.7946362644433975,0.40726692974567413
7401,7500,100,253.21572409604596,0.8102833962440491,0.774471048116684,0.8715190440416336,0.06123564574867487,0.06123564574867487,1.033404141664505,0.9840107411146164,0.9680618047714233,0.34236036241054535,0.9404136538505554,0.7619143575429916,0.4110189452767372
7501,7600,100,256.5918936920443,0.7804639852046966,0.7816023993492126,0.8414908438920975,0.06102685824036598,0.06102685824036598,1.0343620777130127,0.9843405783176422,0.972778931260109,0.3384873792529106,0.9417302012443542,0.7144621759653091,0.398522213101387
7601,7700,100,259.9665645870391,0.7450695544481277,0.789889344573021,0.8065633773803711,0.061493819504976274,0.061493819504976274,1.0351666808128357,0.9848585277795792,0.9735463559627533,0.33999283611774445,0.94123674929142,0.6900710016489029,0.39245717972517014
7701,7800,100,263.3457257600403,0.71734414935112,0.7971867036819458,0.7780033951997757,0.06065924428403378,0.06065924428403378,1.036464899778366,0.988309845328331,0.9811695367097855,0.33816348016262054,0.9418771117925644,0.6380523145198822,0.38738368451595306
7801,7900,100,266.7343469300358,0.6643788224458694,0.811732605099678,0.7263877183198929,0.062008895166218284,0.062008895166218284,1.037777692079544,0.9849192351102829,0.9889913946390152,0.34445056319236755,0.9395448565483093,0.6099688857793808,0.4008380100131035
7901,8000,100,270.11202467901603,0.6455600875616073,0.816247575879097,0.708022136092186,0.06246204879134894,0.06246204879134894,1.0381344258785248,0.9877423793077469,0.9859630614519119,0.3375859186053276,0.9420575499534607,0.6137708574533463,0.382954865694046
8001,8100,100,273.4900414600015,0.6143637055158615,0.8242236524820328,0.6761705195903778,0.06180681459605694,0.06180681459605694,1.0392934679985046,0.9899693876504898,0.9917808026075363,0.3402244746685028,0.9411606043577194,0.5497332066297531,0.3635336607694626
8101,8200,100,276.86979575999976,0.589831525683403,0.8306901246309281,0.651781490445137,0.06194996450096369,0.06194996450096369,1.0404974520206451,0.9926081001758575,0.9973611384630203,0.34016311913728714,0.9411895275115967,0.5275183618068695,0.3725004866719246
8201,8300,100,280.2465403089991,0.5679325777292251,0.8361759650707244,0.6300368648767471,0.06210428766906261,0.06210428766906261,1.0418657958507538,0.9914525300264359,1.001643493771553,0.34190598875284195,0.9405093044042587,0.5107758492231369,0.39332902431488037
8301,8400,100,283.61824705600156,0.5406904536485672,0.844025896191597,0.6022227776050567,0.06153232306241989,0.06153232306241989,1.04198557138443,0.994212880730629,1.001017764210701,0.3386876955628395,0.9416384696960449,0.5022305399179459,0.37084537744522095
8401,8500,100,286.999678031998,0.5232109835743904,0.8485343647003174,0.5837509912252427,0.060540007203817366,0.060540007203817366,1.0432630479335785,0.9931330233812332,1.00447216629982,0.33765900880098343,0.9419708997011185,0.4447977766394615,0.35065747052431107
8501,8600,100,290.3823057489808,0.4964582523703575,0.8553930854797364,0.5575407886505127,0.06108253642916679,0.06108253642916679,1.0444087088108063,0.9936838746070862,1.008514642715454,0.33828531205654144,0.9417155981063843,0.4282700940966606,0.35727115720510483
8601,8700,100,293.7522648019858,0.46099732667207716,0.8659244978427887,0.5222574657201767,0.06126013819128275,0.06126013819128275,1.045745849609375,0.9965070337057114,1.016295164823532,0.3390837833285332,0.9414137601852417,0.41102807968854904,0.3603726029396057
8701,8800,100,297.1366279229951,0.4398080572485924,0.8713004779815674,0.500994593501091,0.06118653655052185,0.06118653655052185,1.0461974143981934,0.9967068880796432,1.0160150527954102,0.3352961540222168,0.9427564740180969,0.3840760588645935,0.33171112835407257
8801,8900,100,300.5261421129908,0.41847772896289825,0.8776115095615387,0.4793806213140488,0.06090289320796728,0.06090289320796728,1.0469865202903748,0.9977839589118958,1.0167946815490723,0.33413850516080856,0.9431645274162292,0.3772974908351898,0.3297823294997215
8901,9000,100,303.90218774298046,0.40548192232847213,0.8807828974723816,0.4659150770306587,0.06043315462768078,0.06043315462768078,1.0481307804584503,1.0001718699932098,1.0215989649295807,0.3346986621618271,0.9429403692483902,0.3557889983057976,0.3297237306833267
9001,9100,100,307.27602116698654,0.3851198643445969,0.8869604706764221,0.44452998995780946,0.05941012732684612,0.05941012732684612,1.0487721264362335,1.0001897364854813,1.019808292388916,0.3304440677165985,0.9444432109594345,0.34259532392024994,0.31493205577135086
9101,9200,100,310.65232397998625,0.37172517329454424,0.8902881056070328,0.43083846479654314,0.05911329161375761,0.05911329161375761,1.04976686835289,0.9998388886451721,1.0234922170639038,0.32768575847148895,0.9453403949737549,0.32532620429992676,0.30022452026605606
9201,9300,100,314.0346632099936,0.3579565528035164,0.8944620972871781,0.4171810382604599,0.05922448672354221,0.05922448672354221,1.0502603650093079,1.0038880705833435,1.0253344178199768,0.32732775062322617,0.9455142021179199,0.334277905523777,0.3165321946144104
9301,9400,100,317.4269047419966,0.3405819809436798,0.8990722858905792,0.39864270240068433,0.05806072250008583,0.05806072250008583,1.051319032907486,1.0044925510883331,1.028345137834549,0.325791634619236,0.9459715634584427,0.3173719346523285,0.31575552374124527
9401,9500,100,320.8029660960019,0.31563241630792616,0.9066536664962769,0.3745541173219681,0.05892170269042254,0.05892170269042254,1.0525763928890228,1.0044170022010803,1.0329701602458954,0.32711566984653473,0.9454950094223022,0.2749401144683361,0.29433464258909225
9501,9600,100,324.18532278000384,0.30770758152008054,0.9093123590946197,0.3660261729359627,0.05831859167665243,0.05831859167665243,1.0536191165447235,1.0067197382450104,1.0353673994541168,0.3267928510904312,0.9456297904253006,0.28786855190992355,0.30583032965660095
9601,9700,100,327.5638943109989,0.2957466444373131,0.9124813008308411,0.3535308575630188,0.057784213311970235,0.057784213311970235,1.0541640222072601,1.00963094830513,1.0367547571659088,0.3255436047911644,0.9460966885089874,0.27779657393693924,0.2977008670568466
9701,9800,100,330.93713130200194,0.29027256116271016,0.9138688343763351,0.3472412520647049,0.05696869101375342,0.05696869101375342,1.054557889699936,1.0076748430728912,1.0342577695846558,0.3207390010356903,0.9476387798786163,0.2611386850476265,0.28250447660684586
9801,9900,100,334.31497855400994,0.2799421902000904,0.9171826356649398,0.33648874014616015,0.0565465497225523,0.0565465497225523,1.055694818496704,1.0104934573173523,1.0386574864387512,0.3212882727384567,0.9474892467260361,0.25952624902129173,0.28852587193250656
9901,10000,100,337.681305547012,0.2725196127593517,0.9195532411336899,0.32925228029489517,0.056732669025659564,0.056732669025659564,1.0560758113861084,1.010178029537201,1.039569467306137,0.32090477645397186,0.947635680437088,0.24851320311427116,0.27520307898521423
10001,10100,100,341.0570365630156,0.267063796967268,0.9209489101171493,0.32275307685136795,0.05568928189575672,0.05568928189575672,1.0566366612911224,1.0142434239387512,1.0395102202892303,0.31788991391658783,0.9486759603023529,0.2469516545534134,0.2763741537928581
10101,10200,100,344.4355189030175,0.25028573408722876,0.9260547053813935,0.3059696903824806,0.05568395610898733,0.05568395610898733,1.0579726994037628,1.0160473585128784,1.043763816356659,0.3195730224251747,0.9480514079332352,0.2344818413257599,0.28309711813926697
10201,10300,100,347.8037167849998,0.23753486976027488,0.9296606624126434,0.2930072343349457,0.05547236453741789,0.05547236453741789,1.058644026517868,1.0169002711772919,1.0448848009109497,0.31617917865514755,0.9491837620735168,0.22814402729272842,0.2697955034673214
10301,10400,100,351.1773218699982,0.23230244636535644,0.9313395369052887,0.28709568187594414,0.0547932343930006,0.0547932343930006,1.0592794120311737,1.0137218534946442,1.0457793176174164,0.313327856361866,0.9501028805971146,0.22446240484714508,0.2670312039554119
10401,10500,100,354.54515216700565,0.2287261003255844,0.932467469573021,0.28364069312810897,0.05491459351032972,0.05491459351032972,1.060161828994751,1.0158370733261108,1.0478036105632782,0.31386981159448624,0.9499562084674835,0.19937995448708534,0.24189947918057442
10501,10600,100,357.91522345700105,0.22571656078100205,0.9333349817991257,0.279697550535202,0.05398099008947611,0.05398099008947611,1.0605473816394806,1.0197975933551788,1.0469925999641418,0.31011757999658585,0.9511407166719437,0.20179547369480133,0.25068532675504684
10601,10700,100,361.28552809600296,0.22184133231639863,0.9341609895229339,0.27525499284267424,0.053413659892976285,0.053413659892976285,1.061131328344345,1.0195501446723938,1.0478814244270325,0.31049301475286484,0.9509819746017456,0.21552393212914467,0.2633403167128563
10701,10800,100,364.64438759300356,0.21130256369709968,0.9374341011047364,0.264666473120451,0.05336391013115645,0.05336391013115645,1.0616497099399567,1.017985761165619,1.048376739025116,0.3127424791455269,0.9502470642328262,0.21664820611476898,0.27079859375953674
10801,10900,100,368.0084011510098,0.2081727495789528,0.9387467628717423,0.2607535749673843,0.052580825351178646,0.052580825351178646,1.0628781020641327,1.022339940071106,1.052074670791626,0.30871841311454773,0.9516043365001678,0.17991211637854576,0.23821355029940605
10901,11000,100,371.38445749501625,0.19965362876653672,0.9410929560661316,0.2525478284060955,0.052894199304282664,0.052894199304282664,1.063005656003952,1.0193786919116974,1.051674336194992,0.31018272787332535,0.9511100798845291,0.200423002243042,0.2602601423859596
11001,11100,100,374.7438143490108,0.18676758721470832,0.9448608577251434,0.23941861376166343,0.05265102628618479,0.05265102628618479,1.0642059743404388,1.0223050117492676,1.0536756813526154,0.30433327704668045,0.9529476761817932,0.16866426169872284,0.22309688106179237
11101,11200,100,378.1026822890017,0.18965609326958657,0.9436458510160446,0.24152220770716668,0.05186611358076334,0.05186611358076334,1.0643382966518402,1.0209955871105194,1.0529719591140747,0.3055802285671234,0.9525401890277863,0.19399576261639595,0.2509348578751087
11201,11300,100,381.463772272009,0.18797138169407845,0.944645202755928,0.23989977940917015,0.051928397193551065,0.051928397193551065,1.0647025406360626,1.0263059437274933,1.053296983242035,0.3046358898282051,0.9529578387737274,0.1907731592655182,0.24326759949326515
11301,11400,100,384.82438436500706,0.18254653587937356,0.9463265150785446,0.2336587765812874,0.05111224051564932,0.05111224051564932,1.0652401149272919,1.026082068681717,1.0547751784324646,0.30054963380098343,0.9541599750518799,0.18334541842341423,0.2379748336970806
11401,11500,100,388.1820961890062,0.17597181141376494,0.948042014837265,0.2268060901761055,0.05083427883684635,0.05083427883684635,1.065931797027588,1.0247631669044495,1.0559723377227783,0.3021361082792282,0.9536032229661942,0.1873638667166233,0.24431265145540237
11501,11600,100,391.54079288600406,0.1780347143113613,0.9473999220132828,0.22848024174571038,0.05044552817940712,0.05044552817940712,1.0666025578975677,1.0227578580379486,1.0568319261074066,0.3003055155277252,0.9542145133018494,0.1626361981034279,0.22232544422149658
11601,11700,100,394.9063333790036,0.1740112394094467,0.9490706562995911,0.22397606149315835,0.04996482238173485,0.04996482238173485,1.0665929913520813,1.0279611945152283,1.0551516115665436,0.29812705516815186,0.954900860786438,0.16439567878842354,0.22054743394255638
11701,11800,100,398.2765328559981,0.1672321467101574,0.9514363789558411,0.2175274446606636,0.050295297615230085,0.050295297615230085,1.0678992569446564,1.0265342593193054,1.0579974949359894,0.29875707626342773,0.954669639468193,0.16300025582313538,0.22843094170093536
11801,11900,100,401.63088910700026,0.15788161903619766,0.9535807490348815,0.2082507473230362,0.050369129404425624,0.050369129404425624,1.0682305097579956,1.0292444229125977,1.0588563084602356,0.29764802008867264,0.9550184160470963,0.14990637823939323,0.21204746514558792
11901,12000,100,404.9842762119879,0.1566442297399044,0.9537418842315674,0.20606377109885216,0.049419540874660016,0.049419540874660016,1.068411111831665,1.0324796736240387,1.0593059659004211,0.29645073413848877,0.9554234445095062,0.15524040535092354,0.22431806102395058
12001,12100,100,408.3407551390046,0.15560452684760093,0.9543156117200852,0.20427986845374108,0.048675341419875624,0.048675341419875624,1.0690830051898956,1.0300810635089874,1.0600760579109192,0.29191193729639053,0.9568134248256683,0.14519618824124336,0.20652317628264427
12101,12200,100,411.69697314400946,0.15148963004350663,0.9554256403446197,0.1999122031033039,0.048422573171555995,0.048422573171555995,1.0690494775772095,1.0292361676692963,1.0595480799674988,0.29394980520009995,0.9561514556407928,0.14838098362088203,0.21773336082696915
12201,12300,100,415.07484039400515,0.1500812965631485,0.9560880732536315,0.19904000252485277,0.04895870625972748,0.04895870625972748,1.0692824721336365,1.0324694216251373,1.0596753656864166,0.2969566136598587,0.955292209982872,0.15624579787254333,0.22969751805067062
12301,12400,100,418.4501889520179,0.14625396355986595,0.9569913917779922,0.1944903825223446,0.04823641922324896,0.04823641922324896,1.0694657862186432,1.0325441360473633,1.0598118901252747,0.2932184487581253,0.9563974738121033,0.1561403051018715,0.22863107919692993
12401,12500,100,421.8269965040163,0.14571216098964215,0.9569523352384567,0.19350800216197966,0.04779584158211946,0.04779584158211946,1.0696920454502106,1.03507661819458,1.0594543814659119,0.28908205032348633,0.9576656967401505,0.15439220145344734,0.21860617026686668
12501,12600,100,425.2155240540087,0.13090976871550083,0.9616089093685151,0.17861748442053796,0.04770771555602551,0.04770771555602551,1.0711115896701813,1.0378292500972748,1.0626911520957947,0.2898596525192261,0.9574479311704636,0.13687372207641602,0.20336797833442688
12601,12700,100,428.5901978980146,0.13611025139689445,0.9600805884599686,0.1838904696702957,0.04778021812438965,0.04778021812438965,1.070998728275299,1.0353589057922363,1.0622191727161407,0.28712280094623566,0.9581969082355499,0.14150475710630417,0.20997828617691994
12701,12800,100,431.9606975410152,0.13248439826071262,0.9610652869939804,0.17959007248282433,0.047105674855411055,0.047105674855411055,1.0712922811508179,1.032254308462143,1.0622062385082245,0.2830371633172035,0.9594189524650574,0.12676073424518108,0.18729739263653755
12801,12900,100,435.34565929301607,0.1329783398658037,0.9609163624048233,0.17960852533578872,0.04663018550723791,0.04663018550723791,1.0714263021945953,1.0316082537174225,1.0623073875904083,0.28524916619062424,0.958757683634758,0.14325737953186035,0.21100160479545593
12901,13000,100,438.7272229980299,0.13014434665441513,0.9617171424627304,0.17704566642642022,0.04690131939947605,0.04690131939947605,1.0719197988510132,1.0359996855258942,1.0633494853973389,0.2869909033179283,0.958271712064743,0.13646976090967655,0.20447036251425743
13001,13100,100,442.123235372037,0.12700198397040366,0.9627392798662185,0.17309441819787025,0.04609243459999561,0.04609243459999561,1.0719108283519745,1.033799260854721,1.062812715768814,0.2855786308646202,0.9586540162563324,0.13170046545565128,0.20317086577415466
13101,13200,100,445.5083359530381,0.12644851252436637,0.9629891151189804,0.17264687597751618,0.046198363080620766,0.046198363080620766,1.0719980299472809,1.0343557298183441,1.0631175339221954,0.28546544164419174,0.9586946666240692,0.14288047701120377,0.21121517941355705
13201,13300,100,448.9157631730359,0.12488616459071636,0.963588889837265,0.1707767105102539,0.04589054655283689,0.04589054655283689,1.0724234282970428,1.035618007183075,1.0634583830833435,0.28402920812368393,0.9591002762317657,0.13921237736940384,0.20424826815724373
13301,13400,100,452.3024080040341,0.11794675268232822,0.9653637897968292,0.16354546070098877,0.04559870801866055,0.04559870801866055,1.072956383228302,1.0372026860713959,1.0646657347679138,0.28113435953855515,0.9599254131317139,0.12243764661252499,0.19029131531715393
13401,13500,100,455.6878506750272,0.11715468563139439,0.965829284787178,0.16244148910045625,0.04528680302202701,0.04528680302202701,1.072876513004303,1.038049042224884,1.064649522304535,0.2846715524792671,0.9589338451623917,0.13689585216343403,0.20905879512429237
13501,13600,100,459.0765794640265,0.11514591790735722,0.9663493067026139,0.16000621616840363,0.04486029837280512,0.04486029837280512,1.0735634863376617,1.0397235751152039,1.0655854642391205,0.28007978200912476,0.9602563083171844,0.13073234260082245,0.19894562289118767
13601,13700,100,462.46225137403417,0.11506304562091828,0.9664119678735733,0.15991655394434928,0.04485350891947746,0.04485350891947746,1.0734871923923492,1.0380302667617798,1.0647789239883423,0.2811565473675728,0.9599892348051071,0.12277649529278278,0.19153624773025513
13701,13800,100,465.84810206803013,0.11442861124873162,0.966503928899765,0.15873702839016915,0.04430841624736786,0.04430841624736786,1.0739463567733765,1.039239376783371,1.0656519532203674,0.27526409924030304,0.9616246372461319,0.12576650269329548,0.19045443460345268
13801,13900,100,469.24387397102873,0.11287855684757232,0.9669441944360733,0.1569358688592911,0.0440573126450181,0.0440573126450181,1.0739143192768097,1.0414592325687408,1.0656274557113647,0.2743849381804466,0.9619150608778,0.12373530678451061,0.18766383826732635
13901,14000,100,472.6323879710253,0.11251488991081715,0.967062194943428,0.15625146627426148,0.043736576065421105,0.043736576065421105,1.0734248459339142,1.039837896823883,1.0642678439617157,0.27785440534353256,0.9608974903821945,0.13030478730797768,0.2015988528728485
14001,14100,100,476.03088049804137,0.11076434746384621,0.968043640255928,0.1547018536925316,0.04393750626593828,0.04393750626593828,1.0745759904384613,1.0408744812011719,1.065669298171997,0.27522062510252,0.9616636484861374,0.12314647622406483,0.19197893142700195
14101,14200,100,479.4228689080428,0.10613847501575947,0.9691308808326721,0.1501935102045536,0.044055035077035426,0.044055035077035426,1.0751273036003113,1.0438836514949799,1.0675250887870789,0.2765222564339638,0.9612806886434555,0.12008344568312168,0.19421393796801567
14201,14300,100,482.80567395004437,0.10224875189363956,0.9700268733501435,0.14547679759562016,0.04322804611176252,0.04322804611176252,1.0748020112514496,1.039764165878296,1.0669905841350555,0.27432316541671753,0.9619063436985016,0.11230134032666683,0.18423784896731377
14301,14400,100,486.19880047004335,0.10351571217179298,0.9698201698064804,0.14685894027352334,0.04334322787821293,0.04334322787821293,1.0745988190174103,1.0424595475196838,1.0666442215442657,0.27440866082906723,0.9619063884019852,0.12008563615381718,0.19048652425408363
14401,14500,100,489.58592981203583,0.10274876654148102,0.9701538264751435,0.14541107222437857,0.04266230568289757,0.04266230568289757,1.0747113823890686,1.0415674448013306,1.0665167570114136,0.2765316069126129,0.9612733125686646,0.12569801323115826,0.19920044764876366
14501,14600,100,492.97005536003417,0.10190158002078534,0.9704101783037186,0.1447792984545231,0.042877718210220336,0.042877718210220336,1.0751117765903473,1.0408629775047302,1.0672702193260193,0.2733100354671478,0.9622195810079575,0.11014114134013653,0.17558982595801353
14601,14700,100,496.36405029004527,0.09957261033356189,0.9709798336029053,0.14164242558181286,0.04206981513649225,0.04206981513649225,1.0753988921642303,1.0443037748336792,1.0676618218421936,0.27057671546936035,0.9629961997270584,0.10888867452740669,0.17840229719877243
14701,14800,100,499.75059518603484,0.09913215339183808,0.9710368049144745,0.14135807603597642,0.042225922271609304,0.042225922271609304,1.075378805398941,1.0451468229293823,1.0674998760223389,0.27503878623247147,0.9617282003164291,0.1110704131424427,0.18576590716838837
14801,14900,100,503.1533393670452,0.09719758488237858,0.9717415541410446,0.13906451381742954,0.04186692953109741,0.04186692953109741,1.0760747492313385,1.045591026544571,1.0690540969371796,0.2673638015985489,0.963829293847084,0.10027490556240082,0.17317452281713486
14901,15000,100,506.55074799504655,0.09436088055372238,0.9726611530780792,0.13620401956140996,0.041843139193952085,0.041843139193952085,1.0761005282402039,1.0457610189914703,1.069037288427353,0.27194181829690933,0.9625903218984604,0.11501438729465008,0.18922192603349686
15001,15100,100,509.94988182205634,0.09344292499125004,0.9729728358983993,0.13496351920068264,0.04152059443295002,0.04152059443295002,1.075214147567749,1.0407777726650238,1.0668120086193085,0.2720491886138916,0.9625149667263031,0.13012361340224743,0.20560936629772186
15101,15200,100,513.3498336920657,0.09209557794034481,0.9732633697986602,0.13358684413135052,0.04149126648902893,0.04149126648902893,1.0754534900188446,1.0410690605640411,1.0672460198402405,0.2741989865899086,0.9619264453649521,0.12153957970440388,0.20061121508479118
15201,15300,100,516.759789769063,0.09259148746728897,0.9732186067104339,0.13427091293036938,0.041679425686597826,0.041679425686597826,1.0761249363422394,1.0448724925518036,1.0690119564533234,0.274089053273201,0.9619730561971664,0.11338013038039207,0.1949050910770893
15301,15400,100,520.1454953760549,0.09185360066592693,0.9734448421001435,0.1327580977231264,0.0409044973179698,0.0409044973179698,1.0761044323444366,1.0447894930839539,1.0685474276542664,0.26809749007225037,0.9636442214250565,0.10958085767924786,0.18486574664711952
15401,15500,100,523.5356605790512,0.09108018882572651,0.9736629432439804,0.1317458540201187,0.040665665119886396,0.040665665119886396,1.0757839679718018,1.0446226000785828,1.0682251453399658,0.26948144286870956,0.9633031040430069,0.1249342504888773,0.20191776379942894
15501,15600,100,526.9257665720452,0.09200143180787564,0.9732527869939804,0.13237958408892156,0.0403781521692872,0.0403781521692872,1.0757494568824768,1.042070895433426,1.0676294565200806,0.26755182445049286,0.9637912660837173,0.11304919794201851,0.17819662392139435
15601,15700,100,530.3333088390373,0.08537151522934437,0.9752995002269745,0.1259032578766346,0.04053174257278443,0.04053174257278443,1.0760010778903961,1.043205887079239,1.0681037306785583,0.2665073275566101,0.9641021341085434,0.11331306025385857,0.18048293516039848
15701,15800,100,533.72613306104,0.08668182358145714,0.9748120379447937,0.12725621081888674,0.04057438757270575,0.04057438757270575,1.0760911107063293,1.0472376346588135,1.0683969259262085,0.26505670696496964,0.9644612222909927,0.11213982850313187,0.1849968507885933
15801,15900,100,537.1180260200435,0.08699394129216671,0.974886903166771,0.1270736726373434,0.04007973164319992,0.04007973164319992,1.0757732391357422,1.0431065261363983,1.0672776699066162,0.26990918815135956,0.9631543904542923,0.13068567588925362,0.21030379459261894
15901,16000,100,540.5029008680522,0.09566627137362957,0.9732438337802887,0.1366064068675041,0.04094013601541519,0.04094013601541519,1.0753048658370972,1.044803649187088,1.0636537671089172,0.2680193930864334,0.9637034237384796,0.11045688204467297,0.18017498031258583
16001,16100,100,543.88451824804,0.08505460284650326,0.9754297065734864,0.12466183103621006,0.03960722804069519,0.03960722804069519,1.0755374133586884,1.0444331765174866,1.067079871892929,0.26509109139442444,0.9644864499568939,0.10822356306016445,0.18548191711306572
16101,16200,100,547.2780172240418,0.08513393800705671,0.9753572791814804,0.1243883541226387,0.039254415631294254,0.039254415631294254,1.0759100317955017,1.0472047924995422,1.0683991014957428,0.26062504202127457,0.965660810470581,0.09215791337192059,0.16046498715877533
16201,16300,100,550.6674117540333,0.08539331279695034,0.9753548395633698,0.1251980399340391,0.039804726913571356,0.039804726913571356,1.0757794678211212,1.0492973923683167,1.0681675374507904,0.2663436457514763,0.9641670286655426,0.095870241522789,0.16707035154104233
16301,16400,100,554.0504727830375,0.08319690234959126,0.9759562367200851,0.12217413000762463,0.038977227061986926,0.038977227061986926,1.0757492780685425,1.0439538061618805,1.06873419880867,0.25956545770168304,0.9660010933876038,0.09762240760028362,0.16598906740546227
16401,16500,100,557.4524826890229,0.07826381161808968,0.9773543512821198,0.11767936907708645,0.03941555742174387,0.03941555742174387,1.0759698152542114,1.044541209936142,1.0689363181591034,0.26054757088422775,0.9656869322061539,0.10374835692346096,0.17476939037442207
16501,16600,100,560.8394438320229,0.07918742854148149,0.9770125532150269,0.11794799841940402,0.03876056980341673,0.03876056980341673,1.075906366109848,1.0450216829776764,1.0685589015483856,0.2612329572439194,0.965491458773613,0.0897991806268692,0.15972042828798294
16601,16700,100,564.2278029210229,0.07707895088940858,0.9778564661741257,0.11604583524167537,0.03896688427776098,0.03896688427776098,1.0762968957424164,1.043824017047882,1.069163829088211,0.2575947195291519,0.9664646685123444,0.08983992971479893,0.15837838873267174
16701,16800,100,567.6211815549923,0.0789483181759715,0.9772111189365387,0.11766368187963963,0.03871536366641522,0.03871536366641522,1.0758990943431854,1.043255478143692,1.0684504508972168,0.26038841158151627,0.9657242000102997,0.09547436237335205,0.1630147099494934
16801,16900,100,571.0120779459921,0.07846982207149267,0.977458513379097,0.1166092248260975,0.03813940241932869,0.03813940241932869,1.0758923292160034,1.0483433306217194,1.068404734134674,0.2557976767420769,0.9669462591409683,0.08563439175486565,0.15114736557006836
16901,17000,100,574.3922672089975,0.07889569662511349,0.9772493708133697,0.1171057427674532,0.03821004614233971,0.03821004614233971,1.0757358074188232,1.0475562810897827,1.0686179101467133,0.25655547529459,0.9667824804782867,0.10178334824740887,0.169497262686491
17001,17100,100,577.7775566080054,0.07852745961397886,0.9772835493087768,0.11664446584880352,0.038117006234824655,0.038117006234824655,1.0754404664039612,1.0419661104679108,1.0673664212226868,0.2595210149884224,0.9659880995750427,0.10382749140262604,0.17662439495325089
17101,17200,100,581.1792352009998,0.0767440715432167,0.9780737513303757,0.11504268400371075,0.03829861238598824,0.03829861238598824,1.0755885243415833,1.0454524159431458,1.0682272613048553,0.26023244857788086,0.9657567888498306,0.1046585850417614,0.17764248698949814
17201,17300,100,584.5526623229962,0.07395641408860683,0.9787435084581375,0.11186332874000073,0.037906914316117764,0.037906914316117764,1.0760022699832916,1.0499999523162842,1.0689562261104584,0.2570934221148491,0.9666457176208496,0.09415658097714186,0.16464064456522465
17301,17400,100,587.9293209710104,0.07341478452086449,0.9788175636529922,0.11108038157224655,0.037665596976876256,0.037665596976876256,1.0753637254238129,1.0473760962486267,1.0682141184806824,0.25911713391542435,0.9660517871379852,0.1017425861209631,0.17546794563531876
17401,17500,100,591.3133123670177,0.07341257646679879,0.9788216328620911,0.11119694121181965,0.03778436493128538,0.03778436493128538,1.0754164159297943,1.043931633234024,1.0682395994663239,0.2567364126443863,0.9666901528835297,0.10642942599952221,0.1703767366707325
17501,17600,100,594.697481682013,0.07118551496416331,0.9795133644342422,0.10865156732499599,0.037466052286326886,0.037466052286326886,1.0757952630519867,1.0476601123809814,1.0686094462871552,0.2554391920566559,0.9670265018939972,0.09511946514248848,0.16439709812402725
17601,17700,100,598.0865914929946,0.07242098931223154,0.979158548116684,0.10941237449645996,0.0369913849234581,0.0369913849234581,1.0751217007637024,1.0438072383403778,1.067787528038025,0.2551964223384857,0.9670919477939606,0.0975270252674818,0.17016753926873207
17701,17800,100,601.4657781449932,0.0715567734092474,0.9794629096984864,0.10819119483232498,0.036634421646595,0.036634421646595,1.075399100780487,1.0481678247451782,1.067969799041748,0.25555270165205,0.966993123292923,0.11670744512230158,0.195425383746624
17801,17900,100,604.8547338479984,0.07385438557714225,0.9788574409484864,0.11101562723517418,0.03716124162077904,0.03716124162077904,1.0755592584609985,1.0462314784526825,1.0689605474472046,0.25977324694395065,0.9659118354320526,0.09976046159863472,0.16863587871193886
17901,18000,100,608.2448612839908,0.07437175620347261,0.979075540304184,0.11146364599466324,0.03709188986569643,0.03709188986569643,1.07532200217247,1.0436643064022064,1.0675634145736694,0.2525755912065506,0.9677866101264954,0.10321907326579094,0.1638585478067398
18001,18100,100,611.6339926799847,0.06716586403548717,0.9807731294631958,0.1038848452270031,0.036718981117010115,0.036718981117010115,1.0753515660762787,1.0474041998386383,1.0684771835803986,0.25844498723745346,0.9662363976240158,0.11061229556798935,0.18722979724407196
18101,18200,100,615.0159863389799,0.067610580958426,0.9805289924144744,0.10433821812272072,0.03672763653099537,0.03672763653099537,1.0755195915699005,1.047935664653778,1.068923681974411,0.251149233430624,0.9681159257888794,0.09354632534086704,0.16105737537145615
18201,18300,100,618.3974741869843,0.0679836992546916,0.9804199403524398,0.10488663911819458,0.03690293945372105,0.03690293945372105,1.0750861763954163,1.0471948385238647,1.0678557455539703,0.25630758702754974,0.9668500870466232,0.08841534703969955,0.157099399715662
18301,18400,100,621.7899046709754,0.06920531429350377,0.9801001179218293,0.10556373059749603,0.03635841630399227,0.03635841630399227,1.075020045042038,1.0453293025493622,1.0680208802223206,0.25202514976263046,0.9679396003484726,0.10117624141275883,0.16857805475592613
18401,18500,100,625.1684340579814,0.06764006439596415,0.9806193226575851,0.1039784013479948,0.03633833687752485,0.03633833687752485,1.0749968588352203,1.0483410060405731,1.0681793093681335,0.2529084384441376,0.9677062481641769,0.0945755373686552,0.1641746088862419
18501,18600,100,628.5581906499901,0.0683747024461627,0.9804655122756958,0.10408611059188842,0.035711408630013465,0.035711408630013465,1.074499249458313,1.0485047101974487,1.0668012499809265,0.24876846000552177,0.9687795639038086,0.09581640921533108,0.1635575331747532
18601,18700,100,631.9367252759894,0.07290367662906647,0.9797941261529922,0.10913706362247468,0.03623338676989078,0.03623338676989078,1.0744295418262482,1.0476136207580566,1.0659145712852478,0.25141466781497,0.9681000113487244,0.10188965499401093,0.16985610499978065
18701,18800,100,635.3384925879946,0.06824986077845097,0.9804736536741256,0.10420501254498958,0.03595515131950378,0.03595515131950378,1.0739715695381165,1.0439113974571228,1.0664658546447754,0.25249893963336945,0.9678025096654892,0.09713202901184559,0.1661451030522585
18801,18900,100,638.7070114280032,0.06233158189803362,0.9821810102462769,0.09843194358050823,0.036100362278521064,0.036100362278521064,1.074452817440033,1.0476281344890594,1.067714661359787,0.2537182755768299,0.9674865454435349,0.09542348422110081,0.1687597967684269
18901,19000,100,642.0761108310053,0.06565827630460262,0.981253274679184,0.10150479599833488,0.035846519842743875,0.035846519842743875,1.0741950571537018,1.0454790890216827,1.0673426389694214,0.2514013834297657,0.9680691659450531,0.10919603705406189,0.18223683908581734
19001,19100,100,645.4565380809963,0.06408117193728685,0.9817708492279053,0.09937935151159763,0.03529817938804627,0.03529817938804627,1.073968082666397,1.0472682416439056,1.0668016374111176,0.24954985827207565,0.9685504287481308,0.07681931275874376,0.14390804432332516
19101,19200,100,648.8334639419991,0.06471282701939345,0.9816365784406662,0.1003036967664957,0.03559086915105581,0.03559086915105581,1.0739712715148926,1.048563838005066,1.0672914683818817,0.25009921193122864,0.9684111922979355,0.09035186469554901,0.16298239305615425
19201,19300,100,652.211857061995,0.0649970367923379,0.981398132443428,0.09990936152637005,0.034912324734032156,0.034912324734032156,1.073596030473709,1.0485931932926178,1.066525936126709,0.24749155715107918,0.9691029042005539,0.09371611103415489,0.1651988886296749
19301,19400,100,655.5715198939997,0.06520770665258169,0.9813175642490387,0.10033608093857765,0.035128374211490156,0.035128374211490156,1.0737402141094208,1.0487242341041565,1.0671955347061157,0.24657940119504929,0.9692859500646591,0.10412830114364624,0.17980771139264107
19401,19500,100,658.9365201129785,0.06333172556012868,0.9818864113092423,0.09804297402501107,0.034711248204112054,0.034711248204112054,1.0733384191989899,1.046320527791977,1.066087394952774,0.24745047092437744,0.9691023975610733,0.10533717833459377,0.1776389740407467
19501,19600,100,662.3423449619859,0.06168206106871366,0.9823755097389221,0.09681122295558453,0.035129161961376665,0.035129161961376665,1.073627918958664,1.0479038655757904,1.067250669002533,0.2497468702495098,0.9685093313455582,0.10253298468887806,0.17438194528222084
19601,19700,100,665.7198709219902,0.05965690802782774,0.9830053901672363,0.09456026427447796,0.034903356656432155,0.034903356656432155,1.073293149471283,1.0474450290203094,1.0666526556015015,0.24866126477718353,0.9687502831220627,0.10509582236409187,0.17593347653746605
19701,19800,100,669.0958241999888,0.060111520551145076,0.9827262598276139,0.094750986546278,0.034639466479420664,0.034639466479420664,1.073824018239975,1.0475081205368042,1.0672300159931183,0.24778594449162483,0.9690555185079575,0.08389906212687492,0.14889934472739697
19801,19900,100,672.4723022269936,0.05991493247449398,0.9828800636529923,0.09443210780620576,0.03451717477291823,0.03451717477291823,1.073332518339157,1.0477580428123474,1.0667169988155365,0.24838204309344292,0.9687894880771637,0.09718945994973183,0.1720706820487976
19901,20000,100,675.8488665960067,0.06122340850532055,0.9826831257343293,0.09570795834064484,0.03448454976081848,0.03448454976081848,1.073290854692459,1.0435885190963745,1.0663571953773499,0.24299942702054977,0.9701849967241287,0.08400089386850595,0.15256667509675026
20001,20100,100,679.2232397100088,0.06990720260888338,0.9805265504121781,0.10473577551543713,0.034828572534024715,0.034828572534024715,1.0728366076946259,1.0428929328918457,1.0648794174194336,0.2457101121544838,0.9695746451616287,0.08105500228703022,0.1460538487881422
20101,20200,100,682.5959057270084,0.06190866380929947,0.9824520039558411,0.09648006804287433,0.034571403935551644,0.034571403935551644,1.0724729299545288,1.042945146560669,1.0660067796707153,0.24657291918992996,0.9693002551794052,0.09676279313862324,0.16057094931602478
20201,20300,100,685.9823776619942,0.06016327571123838,0.9828393757343292,0.09420475535094738,0.034041479267179965,0.034041479267179965,1.0721011459827423,1.0463926196098328,1.064771294593811,0.24417128413915634,0.9699360579252243,0.08651178050786257,0.15742029063403606
20301,20400,100,689.4000370520007,0.05669338323175907,0.9837907087802887,0.09071134403347969,0.034017960652709005,0.034017960652709005,1.0729435086250305,1.0470131635665894,1.0671806037425995,0.2436145916581154,0.9700530916452408,0.07994436100125313,0.14200943149626255
20401,20500,100,692.8062861029994,0.05628695335239172,0.9839835828542709,0.09043703593313694,0.034150082878768445,0.034150082878768445,1.072370320558548,1.045302301645279,1.0654718279838562,0.24594012275338173,0.9694497734308243,0.07703865133225918,0.1444767713546753
20501,20600,100,696.2176953149956,0.05880301222205162,0.9834936726093292,0.09285960488021373,0.03405659284442663,0.03405659284442663,1.0722697377204895,1.0463875532150269,1.0649989545345306,0.2449423186480999,0.969689130783081,0.10020877048373222,0.17273809760808945
20601,20700,100,699.6253968180008,0.056838836334645745,0.9837923365831375,0.09080224357545376,0.03396340738981962,0.03396340738981962,1.0721026957035065,1.046277791261673,1.065505027770996,0.2407597452402115,0.9707090258598328,0.08357743825763464,0.151344396173954
20701,20800,100,703.0154182029983,0.05841327223926782,0.9833121967315673,0.092169269323349,0.03375599734485149,0.03375599734485149,1.0715158581733704,1.043914794921875,1.0646837055683136,0.2457612045109272,0.969467431306839,0.10163676179945469,0.177413959056139
20801,20900,100,706.4025695939927,0.05858894903212786,0.983270691037178,0.09208558775484561,0.033496638610959056,0.033496638610959056,1.0715548396110535,1.0466082692146301,1.0645008087158203,0.24397417157888412,0.9699878543615341,0.0856122924014926,0.15267554484307766
20901,21000,100,709.798141856998,0.0570957213640213,0.9836369025707244,0.09021089039742947,0.03311516908928752,0.03311516908928752,1.0715102851390839,1.0438619554042816,1.064760535955429,0.24164555594325066,0.9705322682857513,0.09845327399671078,0.1678672544658184
21001,21100,100,713.2148611800039,0.056354155912995335,0.9838590651750565,0.08933768808841705,0.03298353215679526,0.03298353215679526,1.0713828206062317,1.0438734591007233,1.0643046200275421,0.24260017275810242,0.9703368991613388,0.09170589782297611,0.16229424439370632
21101,21200,100,716.6168959500083,0.053555148839950564,0.9848616749048233,0.0869670781493187,0.033411929458379744,0.033411929458379744,1.0717102587223053,1.0455139577388763,1.0655984580516815,0.24465739354491234,0.9697943925857544,0.08828129060566425,0.15755895525217056
21201,21300,100,720.0103480809903,0.0539468963444233,0.9846533417701722,0.08700531475245953,0.03305841840803623,0.03305841840803623,1.0713050961494446,1.0430507957935333,1.0648498833179474,0.24126647785305977,0.9705727100372314,0.09429425932466984,0.17049960792064667
21301,21400,100,723.3977019129907,0.05402284756302834,0.9844563978910447,0.08685709975659847,0.03283425172790885,0.03283425172790885,1.0714439749717712,1.0460383594036102,1.0650365054607391,0.23881247639656067,0.9712733179330826,0.07293383963406086,0.13309808634221554
21401,21500,100,726.7670001469814,0.05300103139132261,0.9847794795036315,0.08563408151268959,0.03263305036351085,0.03263305036351085,1.0709095001220703,1.0446065366268158,1.064387172460556,0.24031652882695198,0.9708415865898132,0.09614515118300915,0.16877181082963943
21501,21600,100,730.1275037109845,0.05399958036839962,0.9845003443956375,0.08712297737598419,0.03312339745461941,0.03312339745461941,1.070863038301468,1.046568125486374,1.06446173787117,0.24381200224161148,0.9699997901916504,0.11027609184384346,0.19037559628486633
21601,21700,100,733.4948884859932,0.0541715545207262,0.9846142739057541,0.08685046955943107,0.032678914684802295,0.032678914684802295,1.0707620084285736,1.046133667230606,1.0642500817775726,0.24071208760142326,0.9707648158073425,0.08354305848479271,0.1508916299790144
21701,21800,100,736.8750131699962,0.05467324823141098,0.9843652534484864,0.08738800302147866,0.032714755311608314,0.032714755311608314,1.070342868566513,1.0417633056640625,1.0639367699623108,0.2415388487279415,0.9705543369054794,0.10231985710561275,0.1794387437403202
21801,21900,100,740.2631170120039,0.05396230887621641,0.9845565003156662,0.08632163166999816,0.03235932305455208,0.03235932305455208,1.07064551115036,1.051707237958908,1.0643780529499054,0.23758219182491302,0.9715664237737656,0.07342710252851248,0.13653736002743244
21901,22000,100,743.6408506410116,0.04969276987016201,0.9857129096984864,0.0818131848424673,0.032120415084064005,0.032120415084064005,1.0707402229309082,1.0463473498821259,1.064356416463852,0.23658791929483414,0.9717617630958557,0.07282965816557407,0.1359202191233635
22001,22100,100,747.0227766330154,0.052775670457631346,0.9849869984388352,0.08525842010974884,0.032482749670743945,0.032482749670743945,1.0704745948314667,1.0452923774719238,1.0643730163574219,0.2389417178928852,0.9711672365665436,0.07726730033755302,0.14054953306913376
22101,22200,100,750.399279267016,0.05150007713586092,0.9854126173257828,0.0840294798463583,0.03252940272912383,0.03252940272912383,1.0700576901435852,1.045973002910614,1.0631615221500397,0.2390461601316929,0.971177726984024,0.0815776064991951,0.14822684600949287
22201,22300,100,753.7830215930171,0.05233091529458761,0.9850179249048233,0.08424726095050573,0.031916345339268445,0.031916345339268445,1.0696820318698883,1.0464265048503876,1.0631049275398254,0.23725147172808647,0.971572071313858,0.09098504297435284,0.16177843138575554
22301,22400,100,757.1746324870146,0.05094577241688967,0.9854752826690674,0.08293024428188801,0.031984472051262855,0.031984472051262855,1.0698406100273132,1.0487671196460724,1.0632836520671844,0.2384408414363861,0.9713481813669205,0.07446983736008406,0.14212851598858833
22401,22500,100,760.564827586004,0.049991581961512564,0.9855908429622651,0.08178643152117729,0.031794849149882794,0.031794849149882794,1.0692871809005737,1.0413427352905273,1.0622992813587189,0.23875541612505913,0.9712472259998322,0.08622331358492374,0.15179745107889175
22501,22600,100,763.9612518380127,0.05241719979792833,0.9849056208133697,0.08455659933388233,0.03213939992710948,0.03213939992710948,1.069033831357956,1.0425841510295868,1.0618704557418823,0.2390236034989357,0.971143513917923,0.09725730679929256,0.1725318282842636
22601,22700,100,767.365183158021,0.04829630181193352,0.9861010909080505,0.07985877551138401,0.031562473867088554,0.031562473867088554,1.0691356360912323,1.0442454814910889,1.0627376437187195,0.2389122024178505,0.9711448699235916,0.09265508875250816,0.17336861416697502
22701,22800,100,770.7559625730264,0.04790611550211907,0.9863533729314804,0.07953640498220921,0.031630289684981105,0.031630289684981105,1.069108933210373,1.0436499416828156,1.0625775754451752,0.238903921097517,0.9711657762527466,0.09202992171049118,0.16911283880472183
22801,22900,100,774.1365376980339,0.04751056414097547,0.9864534729719162,0.07932987727224827,0.03181931313127279,0.03181931313127279,1.0689235031604767,1.0470925867557526,1.0622624158859253,0.24012180790305138,0.9709328860044479,0.09585024416446686,0.17077693715691566
22901,23000,100,777.5230830010132,0.04737152025103569,0.9864233577251434,0.07854673389345407,0.031175213493406774,0.031175213493406774,1.0687938928604126,1.0436770021915436,1.0622453093528748,0.23542658612132072,0.9719642549753189,0.08864647801965475,0.16180188581347466
23001,23100,100,780.8982238550179,0.0473431384190917,0.9864046412706375,0.07869556408375501,0.03135242590680718,0.03135242590680718,1.068513661623001,1.0440619587898254,1.0619163811206818,0.23640167713165283,0.9717471450567245,0.08980999886989594,0.16550537943840027
23101,23200,100,784.2698136320269,0.04759166559204459,0.9863257026672363,0.07906645126640796,0.03147478569298982,0.03147478569298982,1.0685028433799744,1.0477107465267181,1.0618280470371246,0.23640151694417,0.9718056619167328,0.08075967244803905,0.14921004697680473
23201,23300,100,787.6396866510222,0.0486234456859529,0.9858667188882828,0.08038017369806766,0.03175672797486186,0.03175672797486186,1.0681647658348083,1.0440021753311157,1.0612410306930542,0.23860551416873932,0.9712751507759094,0.09468316100537777,0.17483684420585632
23301,23400,100,791.0074968080298,0.048193893246352676,0.9861124873161315,0.0790926118940115,0.030898718256503345,0.030898718256503345,1.0679911375045776,1.0430947244167328,1.0608317255973816,0.2366267666220665,0.9717058539390564,0.08596056327223778,0.1610393449664116
23401,23500,100,794.3921377220322,0.04504199769347906,0.9871289277076721,0.076012216322124,0.03097021861001849,0.03097021861001849,1.0682142674922943,1.0420030057430267,1.0619234144687653,0.23752643167972565,0.9714708030223846,0.09132060967385769,0.16378160752356052
23501,23600,100,797.7484667480421,0.04428067432716489,0.987281106710434,0.07530560091137886,0.031024926640093327,0.031024926640093327,1.0678903758525848,1.0448858737945557,1.0614626705646515,0.2339583970606327,0.9723658263683319,0.0774720935150981,0.14681875705718994
23601,23700,100,801.1104634920503,0.04415209084749222,0.9873095929622651,0.07484613697975874,0.030694046411663293,0.030694046411663293,1.0676975548267365,1.0411461293697357,1.06143456697464,0.23576335981488228,0.9718934297561646,0.09291018731892109,0.16886866465210915
23701,23800,100,804.4807028190698,0.0449829207547009,0.9869376820325851,0.07559592641890049,0.03061300540342927,0.03061300540342927,1.0675972700119019,1.0451907813549042,1.0612343549728394,0.23252330720424652,0.972706139087677,0.09227687492966652,0.16913201287388802
23801,23900,100,807.8531363480688,0.044992716927081344,0.9869799983501434,0.07564228016883134,0.030649563241750003,0.030649563241750003,1.0673635601997375,1.0440306961536407,1.0606736242771149,0.23347968235611916,0.9724877029657364,0.0851775873452425,0.15845098719000816
23901,24000,100,811.2279780970839,0.04327986773103475,0.9874943208694458,0.0739532182738185,0.030673350505530834,0.030673350505530834,1.0670819282531738,1.0430919229984283,1.0603338181972504,0.23582183942198753,0.9719146192073822,0.08887731097638607,0.16786056384444237
24001,24100,100,814.6005207710878,0.043970005437731746,0.9871582210063934,0.07428339283913374,0.030313387271016835,0.030313387271016835,1.0671135783195496,1.0448261201381683,1.0604774951934814,0.23296314105391502,0.9725599586963654,0.09265652485191822,0.17626672238111496
24101,24200,100,817.9748422710873,0.043679236695170404,0.9871932142972946,0.07388561498373747,0.030206378493458034,0.030206378493458034,1.0668669939041138,1.0445581376552582,1.0603971183300018,0.23056059330701828,0.9731828272342682,0.07312405109405518,0.13687540963292122
24201,24300,100,821.3515649070887,0.04191444586962462,0.9877978694438935,0.0720567973330617,0.03014235133305192,0.03014235133305192,1.066925287246704,1.0449642539024353,1.0610451400279999,0.2307065650820732,0.9731421917676926,0.07088649366050959,0.13568316400051117
24301,24400,100,824.7102333250969,0.03992873316630721,0.9883691608905792,0.07034614898264407,0.030417415648698806,0.030417415648698806,1.0667202472686768,1.04142364859581,1.060679316520691,0.23114918917417526,0.9730387628078461,0.07425806671380997,0.14500724337995052
24401,24500,100,828.0809378510949,0.03997757501900196,0.9883154487609863,0.06995047479867936,0.02997290015220642,0.02997290015220642,1.0663155317306519,1.0439618527889252,1.0603239238262177,0.23091652989387512,0.9730849266052246,0.07227528095245361,0.1427190713584423
24501,24600,100,831.4595245550972,0.040426701474934816,0.9881974482536315,0.07068536456674337,0.03025866324082017,0.03025866324082017,1.0659764409065247,1.045094519853592,1.0596298277378082,0.2329532578587532,0.9725754410028458,0.08469116501510143,0.15978107415139675
24601,24700,100,834.838587688102,0.04170053254812956,0.9877913618087768,0.07157701499760151,0.029876482374966144,0.029876482374966144,1.0657629668712616,1.0409312844276428,1.0591206550598145,0.231800626963377,0.9727605879306793,0.09680107422173023,0.1786687634885311
24701,24800,100,838.2238906321036,0.040955604519695044,0.9880086439847946,0.07074273951351642,0.02978713473305106,0.02978713473305106,1.0656901895999908,1.0424410700798035,1.0593459904193878,0.2333465963602066,0.972422331571579,0.09989383816719055,0.18341825529932976
24801,24900,100,841.6079263890952,0.03991346020251513,0.9882373237609863,0.06967819593846798,0.029764735493808984,0.029764735493808984,1.0653272867202759,1.0440320670604706,1.058986634016037,0.2295471876859665,0.973387598991394,0.07984985038638115,0.15396962501108646
24901,25000,100,844.9747560930937,0.04133569475263357,0.9879052907228469,0.07142165191471576,0.030085957422852517,0.030085957422852517,1.0650501549243927,1.042673647403717,1.0583344399929047,0.23440301418304443,0.972210019826889,0.08945130184292793,0.17675510048866272
25001,25100,100,848.3779317960998,0.03673638131469488,0.9893042194843292,0.06691303994506598,0.03017665842548013,0.03017665842548013,1.0650179982185364,1.0395644903182983,1.0587596595287323,0.23291151225566864,0.9725809395313263,0.07684404030442238,0.1528228409588337
25101,25200,100,851.7727725441055,0.03745315879583359,0.9890405452251434,0.06711229581385851,0.02965913686901331,0.02965913686901331,1.0651669800281525,1.0422442257404327,1.0588549673557281,0.22831203415989876,0.973663792014122,0.07459629140794277,0.14281895570456982
25201,25300,100,855.1687147840985,0.037403531074523926,0.9891740077733994,0.06712810035794974,0.02972456919029355,0.02972456919029355,1.0646257400512695,1.0411273837089539,1.0581274926662445,0.22921613231301308,0.9734628349542618,0.06938385125249624,0.13795182295143604
25301,25400,100,858.556775658104,0.03779979694634676,0.9889046424627304,0.0668941592425108,0.029094362147152424,0.029094362147152424,1.0645480751991272,1.0420652329921722,1.0587821304798126,0.23050490394234657,0.9731055349111557,0.08363799564540386,0.15938427299261093
25401,25500,100,861.9524005241019,0.037250039819628,0.9891357624530792,0.06695973843336106,0.029709698781371117,0.029709698781371117,1.0644204914569855,1.0419743359088898,1.0583289563655853,0.23114190995693207,0.9729685485363007,0.07874207384884357,0.15622075274586678
25501,25600,100,865.3314607681023,0.037971524447202684,0.9888818550109864,0.06751827009022236,0.029546745922416448,0.029546745922416448,1.0639735460281372,1.0404233038425446,1.0577426254749298,0.22919392958283424,0.9734825640916824,0.06112730968743563,0.12724218890070915
25601,25700,100,868.7238769601081,0.036643682941794396,0.9892488813400269,0.06558548942208291,0.02894180642440915,0.02894180642440915,1.0638307631015778,1.0426219403743744,1.0575191676616669,0.22881993651390076,0.9734909534454346,0.0879276841878891,0.16684256121516228
25701,25800,100,872.1267507951088,0.03673044845461845,0.9891740137338638,0.06590176425874233,0.029171315636485815,0.029171315636485815,1.0637778043746948,1.0452894270420074,1.0574129521846771,0.22903909534215927,0.9735303074121475,0.07928771618753672,0.1565297618508339
25801,25900,100,875.5284845961032,0.03235090034082532,0.990489114522934,0.061558902636170386,0.02920800257474184,0.02920800257474184,1.0641426146030426,1.042580485343933,1.0583824515342712,0.2341318130493164,0.972262054681778,0.09089132212102413,0.17963974177837372
25901,26000,100,878.9279324481085,0.0348164259083569,0.9898396986722946,0.06447861146181821,0.02966218553483486,0.02966218553483486,1.063714325428009,1.039400190114975,1.057597577571869,0.23282095044851303,0.9725687503814697,0.08336531929671764,0.16719776019454002
26001,26100,100,882.3175405201091,0.03604226741939783,0.9896305507421493,0.06537375833839178,0.029331491217017173,0.029331491217017173,1.0632997155189514,1.0393176972866058,1.056711882352829,0.2291484959423542,0.9734666496515274,0.0838059987872839,0.1586491521447897
26101,26200,100,885.7033425091213,0.03472631992772222,0.9898193567991257,0.06396895162761211,0.029242631699889898,0.029242631699889898,1.0631355047225952,1.0383201241493225,1.0568317472934723,0.23091582208871841,0.9729872196912766,0.08899897895753384,0.17442360147833824
26201,26300,100,889.0838877621281,0.034031881112605335,0.9899886250495911,0.0628519681841135,0.028820087369531393,0.028820087369531393,1.0626554489135742,1.0414084494113922,1.0562345087528229,0.22988101467490196,0.9732567816972733,0.07629420328885317,0.15183760225772858
26301,26400,100,892.4731317011301,0.03480121415108442,0.989816101193428,0.06341003514826297,0.02860882122069597,0.02860882122069597,1.0627230107784271,1.0405725240707397,1.0562313199043274,0.22314326465129852,0.974835604429245,0.0667880093678832,0.14019682817161083
26401,26500,100,895.8589839451233,0.033793116584420205,0.9901839405298233,0.0623399693518877,0.02854685267433524,0.02854685267433524,1.0625850558280945,1.039749264717102,1.056315928697586,0.22708363085985184,0.9739031791687012,0.07676233816891909,0.15203988924622536
26501,26600,100,899.2623583091154,0.03250143894925714,0.9904923713207245,0.060957916006445886,0.028456476870924233,0.028456476870924233,1.0627125203609467,1.0413048565387726,1.0566449165344238,0.22537148371338844,0.9743853956460953,0.06652825605124235,0.13403435796499252
26601,26700,100,902.6487935251189,0.03164138427004218,0.9908585792779923,0.060414926558732984,0.028773542419075968,0.028773542419075968,1.0624516010284424,1.0411922931671143,1.0568794310092926,0.2287781573832035,0.9734912365674973,0.07629968877881765,0.15411671437323093
26701,26800,100,906.0308383371339,0.03256656227633357,0.9905045765638352,0.06121452197432518,0.02864795956760645,0.02864795956760645,1.06219282746315,1.0367028713226318,1.055997520685196,0.22877828776836395,0.9735566526651382,0.07816579379141331,0.15776922553777695
26801,26900,100,909.4154804721293,0.032341713327914474,0.9904980689287186,0.060350056998431684,0.0280083435960114,0.0280083435960114,1.0620161592960358,1.0420112609863281,1.0557855367660522,0.2237793691456318,0.9746521711349487,0.07523473631590605,0.1520625241100788
26901,27000,100,912.7787355031323,0.03309404412284493,0.9903450727462768,0.06136160794645548,0.02826756367459893,0.02826756367459893,1.0615036487579346,1.0405333042144775,1.055495798587799,0.22470269352197647,0.9744488298892975,0.07860911078751087,0.15752048045396805
27001,27100,100,916.1359795711214,0.03239543493837118,0.9905273622274399,0.0604265533015132,0.028031118270009755,0.028031118270009755,1.0613521337509155,1.03938627243042,1.0550119578838348,0.22349602729082108,0.9747566431760788,0.07146886829286814,0.14294342510402203
27101,27200,100,919.5149737281245,0.03157718354836106,0.9907828974723816,0.059689178690314294,0.028111995179206133,0.028111995179206133,1.0612325966358185,1.0427832007408142,1.0549436509609222,0.22697240114212036,0.9739507585763931,0.07919048145413399,0.16123619675636292
27201,27300,100,922.8992530301257,0.03164830083027482,0.9907772010564804,0.059475886709988116,0.02782758604735136,0.02782758604735136,1.061209350824356,1.0401029884815216,1.0551176965236664,0.22559049353003502,0.9742591977119446,0.07350604608654976,0.1499282754957676
27301,27400,100,926.2994401971191,0.030695588085800408,0.9911710810661316,0.05848040025681257,0.027784812413156033,0.027784812413156033,1.0611836612224579,1.0407735407352448,1.0551696717739105,0.22441278025507927,0.9745393395423889,0.07759604789316654,0.15240487456321716
27401,27500,100,929.6821312561133,0.029260970316827298,0.9915096217393875,0.057276430130004885,0.028015459924936294,0.028015459924936294,1.0614114999771118,1.0390529930591583,1.0554232597351074,0.2222442962229252,0.9750195890665054,0.07344350311905146,0.1498635020107031
27501,27600,100,933.0604490481091,0.029947636518627405,0.991307800412178,0.05829140312969685,0.028343766927719116,0.028343766927719116,1.061023235321045,1.0394009947776794,1.054872304201126,0.22542346268892288,0.9742870926856995,0.08192130737006664,0.16357926279306412
27601,27700,100,936.4511944261067,0.029151336811482905,0.9915665870904923,0.056871283948421475,0.02771994711831212,0.02771994711831212,1.0607644021511078,1.0389020442962646,1.0546079576015472,0.22417127341032028,0.9745542109012604,0.07909912802278996,0.16148484870791435
27701,27800,100,939.8392763991069,0.0292427671328187,0.9916292506456376,0.05708789952099323,0.02784513246268034,0.02784513246268034,1.0607351064682007,1.0404546856880188,1.0550934970378876,0.22306765243411064,0.9748812764883041,0.06351283006370068,0.1325971782207489
27801,27900,100,943.2334587091063,0.03141554217785597,0.9910123878717423,0.05907753933221102,0.027661997247487306,0.027661997247487306,1.0602290034294128,1.0390244722366333,1.054170936346054,0.2237088903784752,0.974663496017456,0.07765409350395203,0.15409857779741287
27901,28000,100,946.629479976109,0.030927030686289072,0.9910457551479339,0.05849181536585093,0.02756478475406766,0.02756478475406766,1.0598630905151367,1.0391534566879272,1.0535930395126343,0.22469334304332733,0.9744511842727661,0.07444528304040432,0.15530144795775414
28001,28100,100,949.9980575001082,0.029666930977255104,0.9913566291332245,0.05704016763716936,0.02737323647364974,0.02737323647364974,1.0598520040512085,1.036732017993927,1.0535573959350586,0.22220497578382492,0.9750704169273376,0.06992977112531662,0.1402149572968483
28101,28200,100,953.3750933591054,0.029730659741908312,0.9914062714576721,0.057496444694697856,0.027765784952789543,0.027765784952789543,1.0596358478069305,1.040809988975525,1.0536935925483704,0.22816136479377747,0.9736751914024353,0.07669577561318874,0.15752704814076424
28201,28300,100,956.7416551121132,0.02823910629376769,0.991896175146103,0.05558607269078493,0.02734696650877595,0.02734696650877595,1.0592622756958008,1.0368871092796326,1.052921622991562,0.22585134953260422,0.9741845428943634,0.07560648210346699,0.15404140949249268
28301,28400,100,960.1225221031145,0.028414750918745995,0.9917667800188065,0.055667131170630456,0.027252380196005108,0.027252380196005108,1.0593810081481934,1.0378583669662476,1.0532007217407227,0.22064625099301338,0.9753896445035934,0.06382923666387796,0.13933682814240456
28401,28500,100,963.5005171301182,0.029037054739892484,0.9916870319843292,0.05640823166817427,0.027371176946908236,0.027371176946908236,1.0590617954730988,1.0387950241565704,1.0529157221317291,0.22059055045247078,0.9754659235477448,0.06146082282066345,0.1285753697156906
28501,28600,100,966.883481555109,0.028089664932340382,0.991872581243515,0.05500265534967184,0.026912990510463714,0.026912990510463714,1.0591439008712769,1.038851261138916,1.0530970990657806,0.2195129543542862,0.9756446927785873,0.0642043948173523,0.1333492211997509
28601,28700,100,970.248596637106,0.028404728695750236,0.9917244642972947,0.055451456978917124,0.02704672820866108,0.02704672820866108,1.0589779019355774,1.0425990223884583,1.052817165851593,0.22021471709012985,0.9755016714334488,0.07220265455543995,0.14817341603338718
28701,28800,100,973.6206887330991,0.029102847371250393,0.9917789882421494,0.05611132875084877,0.027008481211960315,0.027008481211960315,1.0585420429706573,1.0353746712207794,1.0519962012767792,0.2244737409055233,0.974467858672142,0.08157937228679657,0.16407684236764908
28801,28900,100,976.9910388381013,0.028975790347903967,0.9916561049222946,0.05642269916832447,0.027446908764541148,0.027446908764541148,1.0581683814525604,1.0358830690383911,1.051540195941925,0.22372259572148323,0.9746995717287064,0.07712134905159473,0.15466690622270107
28901,29000,100,980.3800899860944,0.02702677022665739,0.9922225123643875,0.054147635884583,0.0271208655834198,0.0271208655834198,1.058306634426117,1.038750797510147,1.0523993372917175,0.22186212241649628,0.9751069396734238,0.06864398531615734,0.14282694458961487
29001,29100,100,983.767055247099,0.027453232482075693,0.9920882350206375,0.05444454506039619,0.026991312727332115,0.026991312727332115,1.058083027601242,1.0366884469985962,1.0519183278083801,0.21945517510175705,0.9756515175104141,0.06919267866760492,0.144005436450243
29101,29200,100,987.1387354960934,0.02737503407523036,0.9921810102462768,0.05437816236168146,0.027003128360956908,0.027003128360956908,1.0579268336296082,1.0378626883029938,1.0518071353435516,0.22469254583120346,0.9744516760110855,0.07652460411190987,0.15568990632891655
29201,29300,100,990.5156863810844,0.02749070681631565,0.9921232312917709,0.054447176419198516,0.0269564694724977,0.0269564694724977,1.0578919351100922,1.0363753139972687,1.0516053140163422,0.22186072915792465,0.9751042723655701,0.07436128240078688,0.15290774405002594
29301,29400,100,993.8919384880828,0.027286579087376594,0.9922208851575851,0.05406021725386381,0.026773638296872376,0.026773638296872376,1.0573570132255554,1.0364249050617218,1.0509679913520813,0.2205261029303074,0.9753804802894592,0.08053014054894447,0.15961341187357903
29401,29500,100,997.2597012350834,0.028322850968688727,0.9918880420923233,0.055302799716591834,0.026979948692023754,0.026979948692023754,1.056983321905136,1.0362118184566498,1.050410807132721,0.223500058054924,0.9746640920639038,0.08841036818921566,0.18045422807335854
29501,29600,100,1000.627244316076,0.026452306285500528,0.9924690979719162,0.053225329518318175,0.02677302313968539,0.02677302313968539,1.0571200549602509,1.0348004698753357,1.0505208373069763,0.22196649760007858,0.9750684648752213,0.07869129721075296,0.1602517068386078
29601,29700,100,1004.0097444010771,0.02647196107544005,0.9924829292297364,0.0529528571292758,0.026480895783752203,0.026480895783752203,1.0570599138736725,1.0372607707977295,1.050874650478363,0.21963971853256226,0.975636288523674,0.06713980808854103,0.13690151646733284
29701,29800,100,1007.3833179670783,0.025439396779984236,0.9927376490831376,0.05209120094776153,0.026651804093271492,0.026651804093271492,1.0570048391819,1.0355494618415833,1.0506741404533386,0.21842139586806297,0.9758649617433548,0.07530076242983341,0.1477461289614439
29801,29900,100,1010.7545584720901,0.025341397039592265,0.9928230994939804,0.05167024869471788,0.026328851599246264,0.026328851599246264,1.056791752576828,1.035064160823822,1.050641268491745,0.22191232070326805,0.9750192165374756,0.08667794428765774,0.17365820705890656
29901,30000,100,1014.126040473071,0.026215780004858972,0.9924975776672363,0.05314880978316069,0.026933029908686876,0.026933029908686876,1.0565101206302643,1.0368852019309998,1.050500363111496,0.2192382626235485,0.9757204055786133,0.06493727304041386,0.1319971401244402
30001,30100,100,1017.4954672030617,0.026626792969182134,0.9924243360757827,0.05299137908965349,0.02636458596214652,0.02636458596214652,1.0563843548297882,1.0346757173538208,1.0500839054584503,0.21911043301224709,0.9757367819547653,0.07346149906516075,0.14634845405817032
30101,30200,100,1020.8976590890634,0.024871290158480407,0.992938660979271,0.051261433735489845,0.026390143577009438,0.026390143577009438,1.0561855137348175,1.0366647243499756,1.0500744879245758,0.21911181136965752,0.9757441282272339,0.06234711408615112,0.13370203040540218
30201,30300,100,1024.2996519000753,0.025469394698739052,0.992821473479271,0.05175237536430359,0.02628298070281744,0.02628298070281744,1.0558496415615082,1.035708725452423,1.0495320558547974,0.21868184581398964,0.9758369028568268,0.0709810322150588,0.14636877551674843
30301,30400,100,1027.6785908730872,0.025748188085854055,0.9926945161819458,0.051887830682098866,0.026139642391353846,0.026139642391353846,1.0556577146053314,1.0333029925823212,1.0490666627883911,0.21986958757042885,0.9755371809005737,0.0775128472596407,0.1531715914607048
30401,30500,100,1031.0708635920764,0.025420473348349334,0.9927938014268876,0.051663162298500535,0.026242688838392494,0.026242688838392494,1.055906981229782,1.0355160534381866,1.050229251384735,0.2160002551972866,0.9764434397220612,0.06177292764186859,0.12910275161266327
30501,30600,100,1034.4568726410726,0.025314433705061673,0.992782409787178,0.05132266342639923,0.02600822977721691,0.02600822977721691,1.055348813533783,1.0330564379692078,1.0492287576198578,0.2229026034474373,0.9747810810804367,0.08737451583147049,0.1754203587770462
30601,30700,100,1037.832979679084,0.0243833180796355,0.993119323849678,0.05027819756418467,0.025894879437983034,0.025894879437983034,1.0553057789802551,1.03499037027359,1.0490943491458893,0.21689971536397934,0.9762127697467804,0.057642124593257904,0.11950611881911755
30701,30800,100,1041.210944153092,0.024613699205219747,0.9930729353427887,0.05047651052474975,0.025862811263650656,0.025862811263650656,1.055328607559204,1.0342524349689484,1.0492864549160004,0.21700210124254227,0.9761916249990463,0.07094051316380501,0.14926441572606564
30801,30900,100,1044.5904187600918,0.02472531565465033,0.9930460846424103,0.05057123813778162,0.025845922231674194,0.025845922231674194,1.0550195276737213,1.037198007106781,1.049089938402176,0.21674148365855217,0.976264551281929,0.0676392987370491,0.13947228714823723
30901,31000,100,1047.9713519320867,0.025000436902046203,0.9929256361722946,0.050563070997595785,0.02556263418868184,0.02556263418868184,1.0542919337749481,1.0337156355381012,1.047857016324997,0.22000692039728165,0.9754583686590195,0.08941721171140671,0.1747153475880623
31001,31100,100,1051.3464208490896,0.02548911817371845,0.992757180929184,0.051275086812675,0.025785968657582998,0.025785968657582998,1.0542795062065125,1.0310377776622772,1.0479534566402435,0.2174033671617508,0.9761047214269638,0.06873574014753103,0.1431975681334734
31101,31200,100,1054.7168191950805,0.0251208982989192,0.9929647016525268,0.05088970854878425,0.02576881032437086,0.02576881032437086,1.0541688203811646,1.0355348885059357,1.047802060842514,0.22010940313339233,0.9754775315523148,0.08407714031636715,0.17049941793084145
31201,31300,100,1058.0952224190787,0.024285866832360625,0.9931486195325852,0.05001975789666176,0.0257338909432292,0.0257338909432292,1.0541767477989197,1.033343344926834,1.0479495525360107,0.2165049910545349,0.9762978106737137,0.07282112166285515,0.1450265608727932
31301,31400,100,1061.472351942084,0.023977044997736813,0.9932576715946198,0.04976773038506508,0.0257906855084002,0.0257906855084002,1.0537796318531036,1.035000205039978,1.0475143790245056,0.21944954991340637,0.9756292253732681,0.0721201729029417,0.14727943390607834
31401,31500,100,1064.8547328490858,0.023440464343875648,0.9934008997678757,0.048635425344109535,0.0251949611492455,0.0251949611492455,1.0537833869457245,1.0338097214698792,1.0477074086666107,0.21384428441524506,0.9768657237291336,0.06244651135057211,0.1314825490117073
31501,31600,100,1068.234162675084,0.023468957878649235,0.9934187990427017,0.049082404486835006,0.025613446459174155,0.025613446459174155,1.0534897148609161,1.03683802485466,1.0473464131355286,0.21626586094498634,0.9763636440038681,0.06662321370095015,0.13496358506381512
31601,31700,100,1071.6119911730875,0.023860968723893164,0.9932495307922363,0.0490814970433712,0.025220528300851582,0.025220528300851582,1.0533637404441833,1.0340670049190521,1.0472201704978943,0.21526280045509338,0.976568192243576,0.07380585558712482,0.14871051162481308
31701,31800,100,1074.9889836690945,0.024078081436455248,0.9932161647081376,0.04943834234029055,0.02536026092246175,0.02536026092246175,1.0532576143741608,1.033885896205902,1.0466537475585938,0.2172049842774868,0.9761316329240799,0.07386515662074089,0.1495560146868229
31801,31900,100,1078.369739120104,0.024717672429978847,0.9930420106649399,0.05032659862190485,0.025608926210552455,0.025608926210552455,1.0529379844665527,1.0345636308193207,1.046379029750824,0.21628903970122337,0.9763159155845642,0.07463058177381754,0.1493970975279808
31901,32000,100,1081.7528663461198,0.02406586560420692,0.993187679052353,0.04935146864503622,0.025285603106021882,0.025285603106021882,1.0523253977298737,1.0313240885734558,1.0456788837909698,0.21794310212135315,0.9759701192378998,0.07907871529459953,0.1602792702615261
32001,32100,100,1085.1415733661197,0.02398510418832302,0.9932169777154922,0.04888454984873533,0.024899445697665213,0.024899445697665213,1.0524941682815552,1.0303080677986145,1.0458414554595947,0.21186136081814766,0.9773508310317993,0.05831398908048868,0.11461662873625755
32101,32200,100,1088.5141522291106,0.02281461122445762,0.9936425995826721,0.047973363846540454,0.02515875281766057,0.02515875281766057,1.0524623095989227,1.033359944820404,1.0459931790828705,0.21375088393688202,0.9768864214420319,0.06389679573476315,0.1312409806996584
32201,32300,100,1091.8877619091108,0.02196391426026821,0.993863953948021,0.047051424272358415,0.02508751003071666,0.02508751003071666,1.0523493587970734,1.0318959951400757,1.045965999364853,0.21595336496829987,0.9763908237218857,0.07542907074093819,0.14956948906183243
32301,32400,100,1095.2593046381262,0.024416348543018104,0.9931030482053756,0.049330363795161244,0.024914015326648952,0.024914015326648952,1.0520027875900269,1.0338422060012817,1.0454543232917786,0.21085099875926971,0.9775332063436508,0.06431144010275602,0.13037986494600773
32401,32500,100,1098.6298419101204,0.023387719839811326,0.9934546118974685,0.04819430761039257,0.02480658771470189,0.02480658771470189,1.0514012277126312,1.0323921740055084,1.0450647175312042,0.21442173048853874,0.9767400771379471,0.07435289025306702,0.1459856666624546
32501,32600,100,1101.992286887129,0.023950595231726764,0.9932584822177887,0.04842516131699085,0.024474565982818604,0.024474565982818604,1.051472544670105,1.0332488119602203,1.0452468991279602,0.21163589134812355,0.9773280918598175,0.07393389940261841,0.14550173096358776
32601,32700,100,1105.3523110981296,0.022681573117151858,0.9935742354393006,0.04719821378588676,0.024516640696674585,0.024516640696674585,1.0513607263565063,1.0351570546627045,1.04532989859581,0.2133576013147831,0.9769585430622101,0.07361859455704689,0.15201460011303425
32701,32800,100,1108.7171282691252,0.024706592187285423,0.9932055908441544,0.04961265735328198,0.024906065315008163,0.024906065315008163,1.0507064461708069,1.0329513549804688,1.0437856614589691,0.21587609127163887,0.9764193743467331,0.07160281110554934,0.1450941115617752
32801,32900,100,1112.093847533115,0.022271557515487074,0.9937516468763351,0.047282688543200495,0.025011130888015033,0.025011130888015033,1.051064819097519,1.0316889882087708,1.0449070036411285,0.21742064505815506,0.9760455340147018,0.086528480052948,0.17161241173744202
32901,33000,100,1115.4521454661171,0.021420163037255406,0.9940299677848816,0.04599423985928297,0.024574076812714337,0.024574076812714337,1.051124930381775,1.0347381830215454,1.0447824895381927,0.21114914491772652,0.9775313585996628,0.05977978464215994,0.12017900869250298
33001,33100,100,1118.8049069861172,0.022948222905397414,0.993614929318428,0.04770487897098064,0.02475665608420968,0.02475665608420968,1.050406277179718,1.0343265235424042,1.0439225137233734,0.21451500058174133,0.9767650365829468,0.06746202614158392,0.1402280479669571
33101,33200,100,1122.163585260123,0.022335537988692523,0.9937304872274398,0.04669684261083603,0.024361304752528668,0.024361304752528668,1.0501845180988312,1.030375599861145,1.0435114800930023,0.2110353596508503,0.9774879813194275,0.06020971294492483,0.1241032499819994
33201,33300,100,1125.5222610311193,0.021666531404480337,0.9939648658037186,0.045994908139109614,0.024328376837074756,0.024328376837074756,1.0504082143306732,1.0299656987190247,1.0443156063556671,0.21223361417651176,0.9772271364927292,0.0603891471400857,0.12708772346377373
33301,33400,100,1128.897052074115,0.023104694774374365,0.9934529823064804,0.04751716125756502,0.024412466399371623,0.024412466399371623,1.0497220158576965,1.0309568047523499,1.0432072579860687,0.21385274082422256,0.9768220335245132,0.07835432793945074,0.15626776963472366
33401,33500,100,1132.2739912531106,0.0229750809725374,0.9935302919149399,0.04763749249279499,0.024662411492317914,0.024662411492317914,1.0497849881649017,1.030976951122284,1.0433887541294098,0.2160354033112526,0.9763834327459335,0.07858214434236288,0.15507171675562859
33501,33600,100,1135.6496161441028,0.02249378599226475,0.9937467640638351,0.04700642239302397,0.024512636289000512,0.024512636289000512,1.0494745671749115,1.0327603220939636,1.0430338382720947,0.20874419435858727,0.9780237972736359,0.05539371259510517,0.11795631609857082
33601,33700,100,1139.0197755201025,0.02137477000243962,0.9940438050031662,0.04566895138472318,0.024294181130826473,0.024294181130826473,1.049460381269455,1.0299845337867737,1.0433273911476135,0.21076328307390213,0.9775469452142715,0.06536608934402466,0.13196104392409325
33701,33800,100,1142.3773722710994,0.02111074888147414,0.9941772645711899,0.04526693426072598,0.024156185146421195,0.024156185146421195,1.049119383096695,1.0301382839679718,1.0428073406219482,0.20971723273396492,0.9777556657791138,0.0645162770524621,0.13306452333927155
33801,33900,100,1145.7369276171212,0.02195308671332896,0.9939013886451721,0.04631006624549627,0.024356979466974734,0.024356979466974734,1.0492633283138275,1.028374433517456,1.043080359697342,0.21195502951741219,0.977299764752388,0.0679610688239336,0.13749688863754272
33901,34000,100,1149.1083124821089,0.02129904684610665,0.9940869319438934,0.045284341163933275,0.02398529404774308,0.02398529404774308,1.0489056408405304,1.0311781764030457,1.0425463616847992,0.20869192853569984,0.9779937863349915,0.056365315802395344,0.11848674528300762
34001,34100,100,1152.474766465104,0.021319064320996405,0.9940747272968292,0.04553636696189642,0.02421730263158679,0.02421730263158679,1.0489235520362854,1.031037449836731,1.042599469423294,0.21195568516850471,0.9772529751062393,0.06949053332209587,0.14010263979434967
34101,34200,100,1155.843245371123,0.022468351237475873,0.9936401557922363,0.0466101311147213,0.024141779877245428,0.024141779877245428,1.048565298318863,1.0297885537147522,1.0419080257415771,0.21122048795223236,0.9774512052536011,0.0709564071148634,0.14122170209884644
34201,34300,100,1159.2145481091284,0.021790460804477333,0.993928239941597,0.045738763622939584,0.023948302809149027,0.023948302809149027,1.0488193333148956,1.0307978987693787,1.042049914598465,0.21140912547707558,0.9774364829063416,0.06496787071228027,0.13373912125825882
34301,34400,100,1162.598507461138,0.022579759331420063,0.993723161816597,0.04692220363765955,0.02434244444593787,0.02434244444593787,1.0483652651309967,1.0317990481853485,1.041991651058197,0.20779427513480186,0.9782109558582306,0.05746833700686693,0.11562733724713326
34401,34500,100,1165.9675071501406,0.02057371601462364,0.994370134472847,0.04462409976869822,0.02405038369819522,0.02405038369819522,1.0480371415615082,1.0306226909160614,1.041949212551117,0.21598755940794945,0.9763265997171402,0.08498490229249,0.17001906968653202
34501,34600,100,1169.3293547091507,0.021167000047862528,0.994117043018341,0.0451986338570714,0.02403163369745016,0.02403163369745016,1.0482542514801025,1.0282975435256958,1.0420108139514923,0.21044083684682846,0.977624848484993,0.06410161219537258,0.13347762823104858
34601,34700,100,1172.6861074241388,0.020482554091140626,0.9943343317508697,0.04454383660107851,0.024061282500624656,0.024061282500624656,1.0480220913887024,1.0292760729789734,1.0416517853736877,0.2112569436430931,0.977463886141777,0.06703264731913805,0.13648446090519428
34701,34800,100,1176.0465350151353,0.021504745790734886,0.9940429878234863,0.045078825317323205,0.023574079275131225,0.023574079275131225,1.04758682847023,1.0325579047203064,1.0408630967140198,0.21016725152730942,0.9776410609483719,0.07512928824871778,0.1488707810640335
34801,34900,100,1179.4112780271498,0.02189762270078063,0.9939022022485733,0.04523568920791149,0.023338066283613443,0.023338066283613443,1.046957790851593,1.0289650857448578,1.0399582386016846,0.20728782564401627,0.9782312661409378,0.0693640410900116,0.139677032828331
34901,35000,100,1182.7718710241534,0.021752061592414974,0.9939909064769745,0.045300676040351394,0.02354861415922642,0.02354861415922642,1.0470660030841827,1.0293500423431396,1.0403634011745453,0.20949872583150864,0.9777979254722595,0.06764680426567793,0.13664530962705612
35001,35100,100,1186.1316904791456,0.020123751936480402,0.9944482618570327,0.04334236737340689,0.023218615390360357,0.023218615390360357,1.0467834770679474,1.0279753804206848,1.0400433540344238,0.20809268206357956,0.9781233221292496,0.06004639342427254,0.12605171836912632
35101,35200,100,1189.5183177601575,0.020739942528307437,0.9942798054218293,0.0439802635833621,0.023240321222692727,0.023240321222692727,1.0468398034572601,1.0304462909698486,1.0401897430419922,0.20817838236689568,0.9780843704938889,0.07437621895223856,0.15022506937384605
35201,35300,100,1192.8879837161603,0.02136691914871335,0.994090188741684,0.04466512158513069,0.0232982025295496,0.0232982025295496,1.046404391527176,1.0278687477111816,1.0395030975341797,0.20831995457410812,0.9780413955450058,0.07387060951441526,0.14847540855407715
35301,35400,100,1196.2543134981497,0.020203473716974257,0.9945101100206375,0.04319559946656227,0.022992125935852526,0.022992125935852526,1.0465443432331085,1.0265194773674011,1.0399088561534882,0.2064535766839981,0.9784776419401169,0.06262898165732622,0.12566212378442287
35401,35500,100,1199.6240548181522,0.02046925394795835,0.9943644428253173,0.044039085134863855,0.02356983132660389,0.02356983132660389,1.0465689599514008,1.0310570001602173,1.0403416454792023,0.2071787789463997,0.9783046692609787,0.06227591075003147,0.128834817558527
35501,35600,100,1202.9948508631387,0.0211713485699147,0.994232605099678,0.044520360939204695,0.023349012080579996,0.023349012080579996,1.0459696352481842,1.0271930396556854,1.0395300686359406,0.2069830819964409,0.9783360213041306,0.06829438637942076,0.13616411574184895
35601,35700,100,1206.3572417381347,0.020630108900368215,0.9942985254526139,0.0438577089458704,0.023227600045502186,0.023227600045502186,1.045650839805603,1.0250643193721771,1.0390331745147705,0.20499340072274208,0.978768453001976,0.053042988292872906,0.11406798101961613
35701,35800,100,1209.7246174651264,0.01987360174767673,0.9945589393377304,0.04303578905761242,0.02316218728199601,0.02316218728199601,1.04615318775177,1.0278684198856354,1.0400750637054443,0.20605449005961418,0.9785270690917969,0.06400145031511784,0.13464688323438168
35801,35900,100,1213.0932626721242,0.021135408552363514,0.9941723847389221,0.04408126346766949,0.02294585483148694,0.02294585483148694,1.0453892946243286,1.0273059904575348,1.0385965406894684,0.20572004467248917,0.9786120355129242,0.06907969620078802,0.13439550437033176
35901,36000,100,1216.47314078813,0.020684105772525073,0.9943481653928756,0.04371381256729365,0.02302970666438341,0.02302970666438341,1.0454834401607513,1.0277723670005798,1.0387742519378662,0.20635589957237244,0.9784741103649139,0.056545186787843704,0.11952756904065609
36001,36100,100,1219.8289118641242,0.019704541331157087,0.9946517121791839,0.04260069642215967,0.02289615534245968,0.02289615534245968,1.045456200838089,1.0280930995941162,1.038784384727478,0.20318493992090225,0.9791490137577057,0.0630313204601407,0.1269761174917221
36101,36200,100,1223.1926217801229,0.02036327584646642,0.9943790900707244,0.043391903936862944,0.023028628025203942,0.023028628025203942,1.0452494025230408,1.03103506565094,1.0387624502182007,0.20502549409866333,0.9787893891334534,0.06023320276290178,0.12550873681902885
36201,36300,100,1226.569159717128,0.019491211203858258,0.9946679866313934,0.04227170921862125,0.022780498266220094,0.022780498266220094,1.0449610352516174,1.0276681184768677,1.0380670726299286,0.2028036154806614,0.9792389124631882,0.05655199009925127,0.11416000500321388
36301,36400,100,1229.9408191631355,0.020116471946239473,0.994417337179184,0.04285922236740589,0.022742750458419322,0.022742750458419322,1.0449655950069427,1.0280182361602783,1.0383498668670654,0.20524685457348824,0.9786982834339142,0.062663066200912,0.12866716273128986
36401,36500,100,1233.2993550021292,0.02036582387983799,0.9944775605201721,0.043201009631156924,0.02283518547192216,0.02283518547192216,1.0447415113449097,1.026803344488144,1.0381918847560883,0.20606354251503944,0.9785110503435135,0.07417333777993917,0.14779362455010414
36501,36600,100,1236.6885940601314,0.022678010752424597,0.9939030146598816,0.0455070910975337,0.022829080205410718,0.022829080205410718,1.0440767109394073,1.02596977353096,1.0366211831569672,0.20635494589805603,0.978496789932251,0.07354380376636982,0.1439056098461151
36601,36700,100,1240.0626435791291,0.023250461518764497,0.9937614136934281,0.04629717785865069,0.023046716433018446,0.023046716433018446,1.0433047413825989,1.02579465508461,1.0359788239002228,0.2120109461247921,0.9772399812936783,0.08653899095952511,0.16612291522324085
36701,36800,100,1243.4507330401211,0.0200575450155884,0.9945410346984863,0.04265649627894163,0.0225989512167871,0.0225989512167871,1.0437540113925934,1.0249260067939758,1.03728187084198,0.20546811819076538,0.9786383360624313,0.06543192081153393,0.12990024127066135
36801,36900,100,1246.824315912132,0.018876306936144827,0.9948746955394745,0.04126491293311119,0.022388605996966363,0.022388605996966363,1.0437759160995483,1.0255705416202545,1.0371283888816833,0.20511317998170853,0.9787318855524063,0.0665561817586422,0.1318826787173748
36901,37000,100,1250.1900750401383,0.020043603498488664,0.9945027858018876,0.04298837404698133,0.0229447703063488,0.0229447703063488,1.043509304523468,1.025089830160141,1.0367132127285004,0.20647231116890907,0.9784437716007233,0.06868059188127518,0.13343521393835545
37001,37100,100,1253.5987240781415,0.01961583332158625,0.994694030880928,0.04215356349945068,0.02253773022443056,0.02253773022443056,1.0433473587036133,1.0262509882450104,1.0361841917037964,0.20636553317308426,0.9784670770168304,0.06845372542738914,0.13631959818303585
37101,37200,100,1256.9984261861264,0.01959451044909656,0.9947330915927887,0.04220447201281786,0.022609961591660975,0.022609961591660975,1.0431472957134247,1.0270714163780212,1.0357928276062012,0.20512684434652328,0.9787749648094177,0.06614340376108885,0.1296984627842903
37201,37300,100,1260.3973325631323,0.019829647447913885,0.9945743995904922,0.04238270990550518,0.022553062718361615,0.022553062718361615,1.0428468585014343,1.0243830680847168,1.0358206927776337,0.20853766426444054,0.978039488196373,0.08218136336654425,0.15894397720694542
37301,37400,100,1263.796559632132,0.019939864780753852,0.9945678931474685,0.042310051508247855,0.022370186708867548,0.022370186708867548,1.0423643887043,1.0220353305339813,1.0354589819908142,0.2054908312857151,0.9786278456449509,0.07715015951544046,0.1526822429150343
37401,37500,100,1267.1898259021418,0.01946807901374996,0.9947623890638352,0.041673120111227036,0.02220504105091095,0.02220504105091095,1.0423608720302582,1.0243947505950928,1.0354125201702118,0.20285597071051598,0.9792395830154419,0.05343322083353996,0.11096162348985672
37501,37600,100,1270.6096424791376,0.01796636135317385,0.9951294142007828,0.040110455006361005,0.022144093438982965,0.022144093438982965,1.0427345931529999,1.025575876235962,1.0359492003917694,0.2036157250404358,0.9790446609258652,0.06739130150526762,0.13027983345091343
37601,37700,100,1274.0162307051414,0.01890103828161955,0.9948055207729339,0.041097723431885246,0.02219668509438634,0.02219668509438634,1.0424844622612,1.0239141583442688,1.035458266735077,0.2039804793894291,0.9789651036262512,0.06836193427443504,0.13341958448290825
37701,37800,100,1277.4127010371412,0.018447604179382324,0.9950439631938934,0.040569575540721416,0.022121971417218448,0.022121971417218448,1.0421585440635681,1.0238462388515472,1.0350722074508667,0.20286713168025017,0.979198232293129,0.06295558251440525,0.12472408451139927
37801,37900,100,1280.8139908461399,0.01909833730198443,0.9948217958211899,0.0410996263474226,0.02200128907337785,0.02200128907337785,1.0421662032604218,1.0255291163921356,1.035466730594635,0.20090419799089432,0.9796315729618073,0.04834278393536806,0.10161277651786804
37901,38000,100,1284.2137754731284,0.019394971309229733,0.994751809835434,0.04165704380720854,0.022262072525918483,0.022262072525918483,1.0419026017189026,1.0246414542198181,1.0347242653369904,0.200689397752285,0.9796676188707352,0.06547330599278212,0.1303592212498188
38001,38100,100,1287.6166850561203,0.01957033353857696,0.994703796505928,0.04157445088028908,0.022004117257893085,0.022004117257893085,1.0415874123573303,1.0262166857719421,1.0345523357391357,0.20076240226626396,0.9796733260154724,0.058662425726652145,0.1149874571710825
38101,38200,100,1291.0173486641088,0.01873967015184462,0.9948999214172364,0.04076636906713247,0.022026698943227528,0.022026698943227528,1.04143625497818,1.0247699618339539,1.0344172716140747,0.2034737803041935,0.9791051596403122,0.058893196284770966,0.11745007708668709
38201,38300,100,1294.4271019331081,0.019220564141869546,0.9948095905780793,0.04108030147850514,0.0218597374856472,0.0218597374856472,1.041263461112976,1.0233869850635529,1.0342311561107635,0.2016311064362526,0.9794905483722687,0.0600048890337348,0.11629528738558292
38301,38400,100,1297.8150176821018,0.018520450852811336,0.9949902534484864,0.040579339973628524,0.022058888990432023,0.022058888990432023,1.0414451956748962,1.0248295664787292,1.0345138311386108,0.20423394814133644,0.9789067208766937,0.07536087743937969,0.14536000229418278
38401,38500,100,1301.2177737440943,0.018846425358206034,0.994846214056015,0.04107975337654352,0.02223332807421684,0.02223332807421684,1.0413092076778412,1.0223289728164673,1.0341449677944183,0.20271093770861626,0.9792288541793823,0.06306746322661638,0.12254511937499046
38501,38600,100,1304.6202914681035,0.01975172698497772,0.9949764221906662,0.04174710519611836,0.02199537819251418,0.02199537819251418,1.0410009026527405,1.0235098600387573,1.033995896577835,0.20251155272126198,0.9792848229408264,0.06619655434042215,0.13120477460324764
38601,38700,100,1308.0225261580981,0.018869713423773648,0.9948527210950852,0.040813238769769666,0.021943525467067956,0.021943525467067956,1.0402081608772278,1.0230875313282013,1.0326687395572662,0.2035038322210312,0.9790740758180618,0.06921077333390713,0.13506698235869408
38701,38800,100,1311.4285104901064,0.01874905322678387,0.9949129402637482,0.04066743310540914,0.021918379757553338,0.021918379757553338,1.0402503609657288,1.0207630693912506,1.0329772233963013,0.20518937334418297,0.9787210822105408,0.07399161346256733,0.1426923032850027
38801,38900,100,1314.8376917871065,0.018038276797160507,0.995212419629097,0.03977535482496023,0.021737077943980693,0.021737077943980693,1.0400757193565369,1.0228062868118286,1.0329002141952515,0.20299770310521126,0.9791602790355682,0.06801950465887785,0.1321319006383419
38901,39000,100,1318.2431238550962,0.01866520724259317,0.9949796760082245,0.04045964229851961,0.02179443508386612,0.02179443508386612,1.0399095714092255,1.0228813886642456,1.0329305827617645,0.20028063282370567,0.9797121435403824,0.0613236827775836,0.12140041403472424
39001,39100,100,1321.6499131560995,0.018929397929459812,0.9948649281263351,0.04057595388963819,0.02164655612781644,0.02164655612781644,1.0398120284080505,1.0240373015403748,1.0330188870429993,0.20390678569674492,0.9789711683988571,0.08117408491671085,0.15499605424702168
39101,39200,100,1325.0440054940864,0.01811023068614304,0.9951106965541839,0.0398134683072567,0.021703237518668175,0.021703237518668175,1.039773851633072,1.0233841836452484,1.032449632883072,0.2017904743552208,0.97941854596138,0.05971782095730305,0.12032777443528175
39201,39300,100,1328.4433780100862,0.017541283378377556,0.9953263562917709,0.03927773177623749,0.021736448593437672,0.021736448593437672,1.0398401618003845,1.0240031480789185,1.0325813591480255,0.20445959270000458,0.9788562953472137,0.07675318606197834,0.15088847652077675
39301,39400,100,1331.8428834460938,0.018703412292525173,0.994949563741684,0.04023645795881748,0.02153304550796747,0.02153304550796747,1.0396219789981842,1.0225440859794617,1.0324477553367615,0.20101623609662056,0.9795565754175186,0.06734986836090684,0.13139505125582218
39401,39500,100,1335.239620868082,0.01880364549346268,0.994973977804184,0.04030670400708914,0.021503058597445487,0.021503058597445487,1.0391171276569366,1.0235850512981415,1.032106190919876,0.1982434168457985,0.9801260977983475,0.06335428543388844,0.12460892833769321
39501,39600,100,1338.6501639430899,0.017982470411807297,0.9951831257343292,0.03935743421316147,0.02137496378272772,0.02137496378272772,1.0391178727149963,1.0227766633033752,1.0321202874183655,0.20280781015753746,0.9792243540287018,0.07937428820878267,0.15520868822932243
39601,39700,100,1342.0398999140925,0.018850101279094814,0.9949284040927887,0.04056654512882232,0.021716443952172995,0.021716443952172995,1.0388073027133942,1.022070288658142,1.0314175486564636,0.20107565820217133,0.9795751869678497,0.06502197962254286,0.12487097084522247
39701,39800,100,1345.4423314220894,0.019445643136277793,0.9947184431552887,0.04115421537309885,0.02170857211574912,0.02170857211574912,1.0383829772472382,1.024231344461441,1.030614584684372,0.20010675117373466,0.9797951281070709,0.06331815663725138,0.12488688342273235
39801,39900,100,1348.8607562910838,0.01812449695542455,0.9951733577251435,0.0397780941426754,0.021653597094118595,0.021653597094118595,1.0384630262851715,1.0238797664642334,1.0315085649490356,0.2014051489531994,0.9794684201478958,0.07289419881999493,0.14163012243807316
39901,40000,100,1352.244110338077,0.017992315394803882,0.9952099817991257,0.03936854083091021,0.02137622557580471,0.02137622557580471,1.038362443447113,1.022305577993393,1.0311959087848663,0.20481344684958458,0.9787652641534805,0.08277920074760914,0.1552145667374134
40001,40100,100,1355.639932769076,0.01824680053628981,0.9950683778524398,0.03975240152329206,0.02150560088455677,0.02150560088455677,1.0383785963058472,1.0229966938495636,1.0310944318771362,0.19919704273343086,0.9799938946962357,0.06370825506746769,0.12672337889671326
40101,40200,100,1359.0307608780731,0.018011309318244458,0.9951587116718292,0.039277608543634414,0.02126629915088415,0.02126629915088415,1.0377156138420105,1.0213796496391296,1.0305323600769043,0.1981436423957348,0.9801670610904694,0.058308547362685204,0.11545289680361748
40201,40300,100,1362.4272457890784,0.017967135030776262,0.9952685761451722,0.03916716054081917,0.021200025603175163,0.021200025603175163,1.0373656153678894,1.0195603668689728,1.0300942063331604,0.2032233625650406,0.9790995270013809,0.06564290542155504,0.13283323124051094
40301,40400,100,1365.8210712380715,0.019320024931803344,0.9947827351093292,0.04055909942835569,0.021239074654877187,0.021239074654877187,1.0370218455791473,1.0190853774547577,1.0294394195079803,0.2005787193775177,0.9796520173549652,0.07724534068256617,0.14191997796297073
40401,40500,100,1369.2044637150593,0.0183175053820014,0.9950415229797364,0.0394084282591939,0.021090922877192497,0.021090922877192497,1.0369807183742523,1.021974354982376,1.0299535393714905,0.2056969739496708,0.9785668551921844,0.08321385644376278,0.15926788374781609
40501,40600,100,1372.5722250070703,0.01779041822999716,0.9951513886451722,0.03883740127086639,0.02104698307812214,0.02104698307812214,1.0371330976486206,1.0224910974502563,1.0298500955104828,0.19991258904337883,0.9798149466514587,0.07078494876623154,0.13819235190749168
40601,40700,100,1375.9714176170692,0.017763956915587187,0.9952409040927886,0.03898235682398081,0.021218399964272976,0.021218399964272976,1.0371386110782623,1.0214679539203644,1.0299052596092224,0.19928312674164772,0.9799261689186096,0.05980329867452383,0.12212221883237362
40701,40800,100,1379.3436134080494,0.017241091756150125,0.9954329615831375,0.03817212525755167,0.02093103339895606,0.02093103339895606,1.0371174812316895,1.0210480391979218,1.0299107432365417,0.20072758197784424,0.9796179831027985,0.07517698872834444,0.14264377392828465
40801,40900,100,1382.7185063160578,0.017445721700787543,0.9953507661819458,0.03874245975166559,0.021296737939119337,0.021296737939119337,1.036784291267395,1.0222889184951782,1.029510110616684,0.20129725337028503,0.9795287996530533,0.05908696074038744,0.12005995213985443
40901,41000,100,1386.097533115062,0.01748037353157997,0.995275085568428,0.03847384110093117,0.020993467569351196,0.020993467569351196,1.036675363779068,1.0215958058834076,1.0296909809112549,0.20287447795271873,0.9791697859764099,0.08068109676241875,0.15214376151561737
41001,41100,100,1389.473832804053,0.0171647369582206,0.9954817926883698,0.038195322304964065,0.021030585374683143,0.021030585374683143,1.036793440580368,1.0204220712184906,1.0297085642814636,0.20099995285272598,0.9795823991298676,0.07141681388020515,0.1376724448055029
41101,41200,100,1392.852462534056,0.018236571922898293,0.9952173048257827,0.0391718627884984,0.02093529073521495,0.02093529073521495,1.0361452102661133,1.0190537869930267,1.0287695825099945,0.19961436837911606,0.9798820465803146,0.06782375555485487,0.13215230777859688
41201,41300,100,1396.240421326058,0.01814703719690442,0.9951115077733994,0.03900775343179703,0.020860716123133897,0.020860716123133897,1.0359352827072144,1.0221828520298004,1.0290219187736511,0.19752706214785576,0.9803042113780975,0.06475461274385452,0.12729985266923904
41301,41400,100,1399.617179617062,0.01716658099554479,0.9954435414075852,0.03763485191389918,0.020468271058052778,0.020468271058052778,1.0359351634979248,1.0211990177631378,1.0289265513420105,0.19688713550567627,0.9804316163063049,0.06944501120597124,0.1303455214947462
41401,41500,100,1403.015465024062,0.017280267886817455,0.9954541182518005,0.03809069402515888,0.02081042615696788,0.02081042615696788,1.0360743403434753,1.0198380053043365,1.029217928647995,0.20044856891036034,0.9796853512525558,0.07389816734939814,0.13866118341684341
41501,41600,100,1406.3710878120673,0.016921243453398346,0.9955135297775268,0.037787992507219315,0.020866748820990325,0.020866748820990325,1.0357918739318848,1.0219673216342926,1.028741180896759,0.19861039146780968,0.9800903797149658,0.06038869358599186,0.11920434236526489
41601,41700,100,1409.7415224300748,0.01702483863569796,0.995461448431015,0.03776793360710144,0.020743094999343157,0.020743094999343157,1.0356671214103699,1.0202613770961761,1.0278147459030151,0.19564459472894669,0.9807111769914627,0.05913928151130676,0.11363010667264462
41701,41800,100,1413.105408790083,0.017514901515096427,0.9953296101093292,0.03836453534662723,0.02084963385015726,0.02084963385015726,1.0351483225822449,1.019009381532669,1.0277873277664185,0.20390019565820694,0.978955090045929,0.09067515190690756,0.16683710180222988
41801,41900,100,1416.4682725910843,0.01793293030001223,0.9952164876461029,0.03873430456966162,0.020801374111324548,0.020801374111324548,1.035200297832489,1.018563985824585,1.0281097888946533,0.19404011592268944,0.9810010641813278,0.0599611708894372,0.11596054397523403
41901,42000,100,1419.8493353540798,0.01777400413528085,0.9952457904815674,0.03817119278013706,0.020397188849747182,0.020397188849747182,1.0348387658596039,1.0201243460178375,1.0276976525783539,0.20014317706227303,0.9797816127538681,0.07539977319538593,0.14434731379151344
42001,42100,100,1423.208154332071,0.016716487854719162,0.9955688697099686,0.03712747417390347,0.020410986449569464,0.020410986449569464,1.034837692975998,1.0204843878746033,1.0271998941898346,0.19554685801267624,0.9807165414094925,0.057362631894648075,0.11313122138381004
42101,42200,100,1426.5846178560714,0.017375905700027942,0.9953971564769745,0.03798732925206423,0.020611423552036285,0.020611423552036285,1.0342872142791748,1.0195578932762146,1.0270335376262665,0.19758404046297073,0.9803040325641632,0.06073493976145983,0.11958160623908043
42201,42300,100,1429.9454893180846,0.01693180652335286,0.9954744684696197,0.037695763763040305,0.020763957221060992,0.020763957221060992,1.0344856977462769,1.0189082622528076,1.0273703932762146,0.19766049087047577,0.9802508801221848,0.07171341497451067,0.1364357378333807
42301,42400,100,1433.2974545390844,0.01646366884931922,0.9956176948547363,0.036767130345106126,0.020303461514413357,0.020303461514413357,1.0340594053268433,1.0200498402118683,1.0267768502235413,0.19700035452842712,0.9804160594940186,0.05775333475321531,0.1142524303868413
42401,42500,100,1436.662795487082,0.01753667521290481,0.9952856606245041,0.038253683168441056,0.020717007853090764,0.020717007853090764,1.0339502096176147,1.0185571610927582,1.026335209608078,0.19991397857666016,0.9797932356595993,0.07138722203671932,0.13746364414691925
42501,42600,100,1440.0141556210947,0.017217380413785576,0.9954508686065674,0.037432997822761535,0.02021561747416854,0.02021561747416854,1.0336920619010925,1.0200662314891815,1.0265666842460632,0.19468071684241295,0.9808954745531082,0.053787331096827984,0.10514490306377411
42601,42700,100,1443.3777255141085,0.016700008511543275,0.9955021345615387,0.03712807703763246,0.020428068581968547,0.020428068581968547,1.0336972177028656,1.0172417759895325,1.0266729295253754,0.19834527745842934,0.9800814688205719,0.08208051789551973,0.15250541642308235
42701,42800,100,1446.7374859871197,0.01762033603154123,0.9952978730201721,0.038087643682956696,0.020467307660728695,0.020467307660728695,1.0331443548202515,1.0171242654323578,1.0257452428340912,0.19723119586706161,0.9803498536348343,0.07025991100817919,0.13332057930529118
42801,42900,100,1450.10433177911,0.017921779146417974,0.995202659368515,0.03843864273279905,0.0205168635584414,0.0205168635584414,1.033091425895691,1.016150325536728,1.0255101919174194,0.19891555234789848,0.9799788296222687,0.07739759422838688,0.1476252879947424
42901,43000,100,1453.5096380061204,0.017738419780507685,0.9953003120422363,0.03803563494235277,0.020297215040773153,0.020297215040773153,1.03294637799263,1.0172550678253174,1.0253593623638153,0.19449380412697792,0.9808960109949112,0.06343299057334661,0.12433678470551968
43001,43100,100,1456.8736325911286,0.015728265102952717,0.9959122925996781,0.03565299110487104,0.01992472594603896,0.01992472594603896,1.0331435203552246,1.0165330171585083,1.0254134833812714,0.19439051672816277,0.9809316396713257,0.062144563533365726,0.12087308615446091
43101,43200,100,1460.250444561132,0.01788612593896687,0.9952986872196198,0.0385098029486835,0.020623677019029854,0.020623677019029854,1.0326651334762573,1.0144575238227844,1.0252263844013214,0.20249655842781067,0.9792474061250687,0.08786307834088802,0.16480903327465057
43201,43300,100,1463.6230663431343,0.016379794999957085,0.9956543165445327,0.036463054921478034,0.02008325992152095,0.02008325992152095,1.0325928032398224,1.0173775553703308,1.0247762799263,0.19471578672528267,0.9808741062879562,0.0654120808467269,0.12387807480990887
43301,43400,100,1466.9960074141454,0.01650829603895545,0.995650247335434,0.03666421011090279,0.02015591412782669,0.02015591412782669,1.0323961973190308,1.0177440643310547,1.0246158838272095,0.19548645243048668,0.9807377010583878,0.05881376750767231,0.11468098685145378
43401,43500,100,1470.375333374146,0.01728438968770206,0.9954052942991257,0.037232063338160516,0.019947673883289097,0.019947673883289097,1.0319246351718903,1.0180093050003052,1.0239599347114563,0.19268131628632545,0.9812659323215485,0.0585189638659358,0.11137830279767513
43501,43600,100,1473.7398622311375,0.017429936099797486,0.9953556513786316,0.0374539152905345,0.020023979265242815,0.020023979265242815,1.0315683782100677,1.015865683555603,1.0235618650913239,0.19486260041594505,0.9808066785335541,0.07176625728607178,0.13525856286287308
43601,43700,100,1477.1197295821403,0.017072235243394972,0.995445168018341,0.03669285414740443,0.019620618987828492,0.019620618987828492,1.0313559174537659,1.0155568420886993,1.0235689282417297,0.19541295617818832,0.9806739538908005,0.06919694971293211,0.13400816172361374
43701,43800,100,1480.4998605901528,0.016824867073446513,0.9955346876382828,0.036794083379209044,0.019969216268509626,0.019969216268509626,1.0312647819519043,1.0149007439613342,1.023269236087799,0.1985713541507721,0.9800397902727127,0.07789853122085333,0.14762593433260918
43801,43900,100,1483.8650364571495,0.01610197242349386,0.9957991719245911,0.035948774479329586,0.01984680216759443,0.01984680216759443,1.0313744246959686,1.0158564746379852,1.0236599743366241,0.19648732990026474,0.9805084019899368,0.06294154934585094,0.11992395669221878
43901,44000,100,1487.2422366021547,0.01610253205522895,0.995741399526596,0.03596345458179712,0.019860922489315272,0.019860922489315272,1.0313902497291565,1.014335423707962,1.0238436162471771,0.19485437497496605,0.9808276444673538,0.06034301221370697,0.1169136930257082
44001,44100,100,1490.6139335811622,0.016269507724791764,0.9957430213689804,0.03648109244182706,0.020211584828794003,0.020211584828794003,1.0311835408210754,1.0170758068561554,1.0239042043685913,0.19306675717234612,0.9812023341655731,0.05856031458824873,0.11414691992104053
44101,44200,100,1493.9860997531632,0.0164006501249969,0.9956591951847077,0.03621259907260537,0.019811949133872984,0.019811949133872984,1.0306663811206818,1.0145613551139832,1.023175448179245,0.1945599913597107,0.9808878004550934,0.05864962562918663,0.11306633055210114
44201,44300,100,1497.356147542163,0.017293308647349476,0.9954549360275269,0.03725346615538001,0.01996015749871731,0.01996015749871731,1.0306997299194336,1.0151271522045135,1.023253709077835,0.19529468938708305,0.9807139486074448,0.07637867890298367,0.14533676207065582
44301,44400,100,1500.7233728971642,0.017023004638031126,0.9954769062995911,0.03675252348184586,0.01972951877862215,0.01972951877862215,1.0299933552742004,1.0150485038757324,1.0223121047019958,0.19759952649474144,0.9802549928426743,0.07003650721162558,0.13442101515829563
44401,44500,100,1504.0946811261547,0.0159374731965363,0.9958423042297363,0.03560756312683225,0.019670089837163687,0.019670089837163687,1.0302877724170685,1.0153983235359192,1.0228701829910278,0.19345027208328247,0.981124609708786,0.0641971854493022,0.12101184763014317
44501,44600,100,1507.4752900871536,0.01741611267440021,0.995441102385521,0.037648430559784174,0.020232317838817834,0.020232317838817834,1.0300441682338715,1.016525536775589,1.0226769149303436,0.1973322592675686,0.9803454279899597,0.0751624908298254,0.13777480833232403
44601,44700,100,1510.8527510111453,0.015901704486459493,0.9958838081359863,0.03583019288256764,0.019928488414734602,0.019928488414734602,1.0300466418266296,1.0140954554080963,1.0232235789299011,0.19560116156935692,0.9806562811136246,0.07806494273245335,0.14488184079527855
44701,44800,100,1514.2257864341445,0.015852029854431748,0.9958300977945328,0.03535993607714772,0.01950790610164404,0.01950790610164404,1.0297745764255524,1.0153133869171143,1.0223175287246704,0.19352927431464195,0.9810512065887451,0.06860046274960041,0.13153393007814884
44801,44900,100,1517.5876911231317,0.01649081092327833,0.9956836140155793,0.03639821507036686,0.01990740403532982,0.01990740403532982,1.0295813381671906,1.0158916413784027,1.0220714807510376,0.19566526636481285,0.9806500673294067,0.06775970570743084,0.13153689913451672
44901,45000,100,1520.9775004811345,0.016366167133674024,0.9957373243570328,0.03592858575284481,0.019562418702989817,0.019562418702989817,1.0294539332389832,1.0139212608337402,1.0218431949615479,0.19434142857789993,0.9809078574180603,0.07517770770937204,0.13988234288990498
45001,45100,100,1524.341438863139,0.016432600766420363,0.9957145404815674,0.036056608352810146,0.019624007437378167,0.019624007437378167,1.0291286706924438,1.015738993883133,1.021959364414215,0.19326576963067055,0.9811330735683441,0.06157308537513018,0.11714679934084415
45101,45200,100,1527.7055359361384,0.016000361600890755,0.9958276587724686,0.03591501796618104,0.019914656598120927,0.019914656598120927,1.028999388217926,1.0163378715515137,1.021673560142517,0.19375083595514297,0.9810698181390762,0.06395463459193707,0.12311489507555962
45201,45300,100,1531.0718073201442,0.01629336381331086,0.9957186102867126,0.035894811283797026,0.019601447489112616,0.019601447489112616,1.0286761820316315,1.0144045650959015,1.0212712585926056,0.19501150026917458,0.9807838499546051,0.06648014765232801,0.1272942554205656
45301,45400,100,1534.4761111871503,0.016265298426151275,0.9957283711433411,0.035802327748388055,0.019537029322236776,0.019537029322236776,1.0284789502620697,1.0144043564796448,1.0210087597370148,0.1937609612941742,0.9810493290424347,0.06457794457674026,0.12320967204868793
45401,45500,100,1537.846907760144,0.015595767851918936,0.996036805510521,0.035098657216876744,0.019502889551222324,0.019502889551222324,1.028890997171402,1.0146631300449371,1.0216980278491974,0.19195043668150902,0.9814098328351974,0.062463064678013325,0.11629400216042995
45501,45600,100,1541.2108051071427,0.015200524982064962,0.996014015674591,0.034589416813105345,0.019388891868293286,0.019388891868293286,1.0285570621490479,1.013610154390335,1.0211125612258911,0.19196300953626633,0.9814099371433258,0.05903660599142313,0.11499364487826824
45601,45700,100,1544.5747411781558,0.015901800701394676,0.9958667188882828,0.03550238901749253,0.01960058843716979,0.01960058843716979,1.0281875729560852,1.014217048883438,1.0208812355995178,0.19316129386425018,0.9811333864927292,0.06686742976307869,0.1271789986640215
45701,45800,100,1547.9396199301518,0.01595077447593212,0.9957934772968292,0.035380670242011546,0.019429895766079425,0.019429895766079425,1.0279839038848877,1.0150048732757568,1.0205209851264954,0.19556501507759094,0.9806953072547913,0.06748076342046261,0.12814815901219845
45801,45900,100,1551.3014066281503,0.015968629717826845,0.995812194943428,0.035423884689807894,0.01945525486022234,0.01945525486022234,1.0277912616729736,1.0126262605190277,1.0203125774860382,0.19612576439976692,0.9805253744125366,0.09067193232476711,0.16596949473023415
45901,46000,100,1554.6717019351508,0.015750518152490258,0.9959163618087769,0.034994552433490755,0.019244034420698882,0.019244034420698882,1.0276780128479004,1.0118727385997772,1.0199256837368011,0.19045325368642807,0.9817183613777161,0.051640612073242664,0.10078073851764202
46001,46100,100,1558.061749774155,0.01612025050446391,0.9958219605684281,0.03558733556419611,0.01946708507835865,0.01946708507835865,1.0273796916007996,1.0114342868328094,1.0194512605667114,0.19610203802585602,0.9805517941713333,0.07480694353580475,0.13915374130010605
46101,46200,100,1561.4310470651526,0.015443766741082072,0.9960107612609863,0.03487775390967727,0.019433987438678742,0.019433987438678742,1.0273862779140472,1.0126549899578094,1.0199073553085327,0.1942216157913208,0.9809211641550064,0.07291974779218435,0.13450979255139828
46201,46300,100,1564.799676584158,0.016317101577296853,0.9957788270711899,0.03575250012800098,0.0194353986158967,0.0194353986158967,1.0274239480495453,1.0117214024066925,1.0199987888336182,0.19251101091504097,0.9812919050455093,0.0656250724568963,0.12260973453521729
46301,46400,100,1568.1750779641534,0.015625494914129377,0.9959432184696198,0.034710040427744386,0.01908454542979598,0.01908454542979598,1.0270647406578064,1.010606974363327,1.019515722990036,0.19457702338695526,0.9808226376771927,0.08045161329209805,0.14827018044888973
46401,46500,100,1571.5398114761374,0.015757688004523516,0.9959171748161316,0.03502894915640354,0.01927126111462712,0.01927126111462712,1.0271055698394775,1.0123026072978973,1.0192643702030182,0.19204431399703026,0.9813739657402039,0.07006271090358496,0.12969071231782436
46501,46600,100,1574.9234048491362,0.016139919213019313,0.9957641792297364,0.03543567040935159,0.019295751210302116,0.019295751210302116,1.0268748700618744,1.0134171545505524,1.0191873908042908,0.19037309661507607,0.981726735830307,0.05935000255703926,0.11433194577693939
46601,46700,100,1578.3034346551376,0.016233708737418057,0.9957039576768875,0.035193903855979446,0.01896019510924816,0.01896019510924816,1.0265121757984161,1.0132115185260773,1.0188033878803253,0.1862228624522686,0.9825184494256973,0.05059151165187359,0.09801317192614079
46701,46800,100,1581.6749924361357,0.016088540870696305,0.9957682508230209,0.0349827853217721,0.01889424441382289,0.01889424441382289,1.0257345736026764,1.0117736458778381,1.0181430578231812,0.19628075137734413,0.9804782569408417,0.08980461582541466,0.16752636432647705
46801,46900,100,1585.054981726158,0.01581047466956079,0.9958781135082245,0.03478021753951907,0.01896974302828312,0.01896974302828312,1.025993973016739,1.0130586922168732,1.0184736549854279,0.18888075277209282,0.982025608420372,0.05282269325107336,0.10312589257955551
46901,47000,100,1588.4275522281678,0.014883980406448245,0.9962028193473816,0.03371755277737975,0.018833572436124088,0.018833572436124088,1.0262154936790466,1.013497143983841,1.0184551775455475,0.1892002560198307,0.9819550663232803,0.04995374754071236,0.09690245985984802
47001,47100,100,1591.79808336317,0.015452991975471377,0.9959619355201721,0.034898165073245765,0.01944517297670245,0.01944517297670245,1.0261648893356323,1.0149547159671783,1.018946260213852,0.19191430881619453,0.9814713299274445,0.04893584456294775,0.09818162024021149
47101,47200,100,1595.1682352571697,0.01561018797568977,0.995948914885521,0.034606028478592635,0.018995840437710285,0.018995840437710285,1.0256173014640808,1.012064129114151,1.018469512462616,0.19264598190784454,0.9812195599079132,0.07749939989298582,0.1440861765295267
47201,47300,100,1598.5295817211681,0.01501279903575778,0.9961246937513352,0.03392028160393238,0.018907482642680405,0.018907482642680405,1.0258488059043884,1.0112212300300598,1.0186288356781006,0.19268905371427536,0.9812217056751251,0.07999067567288876,0.14751795679330826
47301,47400,100,1601.8917905311719,0.0163568992074579,0.9957202357053757,0.03552455928176641,0.019167660009115933,0.019167660009115933,1.0252629518508911,1.0097412467002869,1.017667442560196,0.1903178058564663,0.9816916286945343,0.062052857130765915,0.1200079470872879
47401,47500,100,1605.2488972021856,0.015676760580390692,0.995865905880928,0.03454531855881214,0.018868558052927257,0.018868558052927257,1.0250763893127441,1.01212739944458,1.0171774625778198,0.19156461581587791,0.9814657866954803,0.06782909389585257,0.12963744439184666
47501,47600,100,1608.6062608681877,0.015777830183506012,0.9959407770633697,0.034834890365600585,0.01905706010758877,0.01905706010758877,1.0248132348060608,1.0116504430770874,1.0173418819904327,0.19649573788046837,0.9804591089487076,0.08740430511534214,0.1608995720744133
47601,47700,100,1611.9781882651878,0.015519844703376293,0.9959798383712769,0.03427581729367375,0.01875597268342972,0.01875597268342972,1.0249294340610504,1.0129470229148865,1.0173040628433228,0.18780143186450005,0.9822520613670349,0.0534348264336586,0.10326290689408779
47701,47800,100,1615.3346013261998,0.015320793027058244,0.9960571479797363,0.034208578206598755,0.018887785151600837,0.018887785151600837,1.0246942639350891,1.011574774980545,1.0173426270484924,0.18915030732750893,0.9819375276565552,0.06064887251704931,0.11243203096091747
47801,47900,100,1618.6925680672011,0.0155323582328856,0.9959700739383698,0.03437319573014975,0.018840837366878985,0.018840837366878985,1.0245857536792755,1.0109443068504333,1.0169758796691895,0.1905810609459877,0.9816543459892273,0.05879817716777325,0.11362140066921711
47901,48000,100,1622.054400367202,0.015441088788211346,0.9959717005491256,0.03416835429146886,0.018727265428751708,0.018727265428751708,1.0243207216262817,1.0118417739868164,1.0169332325458527,0.1889590322971344,0.9819539338350296,0.05962567590177059,0.11282474175095558
48001,48100,100,1625.4138859781997,0.01523849061690271,0.9960986512899399,0.03397998124361038,0.018741490598767997,0.018741490598767997,1.0241694152355194,1.0093355476856232,1.0167753100395203,0.1929883360862732,0.9811479598283768,0.07891193218529224,0.14811712130904198
48101,48200,100,1628.7694797081986,0.015437248796224594,0.9960099476575851,0.03412698298692703,0.018689734302461146,0.018689734302461146,1.0238967537879944,1.0088887810707092,1.0161027014255524,0.18995307013392448,0.9817929565906525,0.06010366324335337,0.11377429217100143
48201,48300,100,1632.1261858932012,0.01609860312193632,0.9957666200399399,0.03488411603495479,0.01878551283851266,0.01878551283851266,1.0234076082706451,1.0099154710769653,1.015470951795578,0.19191162288188934,0.9813716113567352,0.08247699774801731,0.14868462830781937
48301,48400,100,1635.4785170211962,0.015348908500745892,0.9960221570730209,0.03380291938781738,0.018454010784626006,0.018454010784626006,1.0237776637077332,1.0100008249282837,1.0161773562431335,0.18778960779309273,0.9822167456150055,0.05815932992845774,0.11184183694422245
48401,48500,100,1638.8479848351963,0.015400444576516747,0.9960018080472947,0.034015337377786635,0.01861489275470376,0.01861489275470376,1.0234339237213135,1.011881709098816,1.0159027576446533,0.18917644768953323,0.9819549024105072,0.06074653286486864,0.11244125291705132
48501,48600,100,1642.2078213281966,0.015055237719789148,0.9961515468358993,0.03379221871495247,0.018736981023103,0.018736981023103,1.0232484936714172,1.009889930486679,1.0152833759784698,0.1937437243759632,0.9810293912887573,0.07489371206611395,0.13680389896035194
48601,48700,100,1645.573458518189,0.01553851024247706,0.9959521687030792,0.034250495582818986,0.018711985517293216,0.018711985517293216,1.0231342911720276,1.0082996189594269,1.0154525935649872,0.19281291589140892,0.9812170118093491,0.07362126559019089,0.13978132046759129
48701,48800,100,1648.9314509472006,0.015200195275247097,0.996043313741684,0.03364164276048541,0.018441447485238315,0.018441447485238315,1.0231677889823914,1.0090985298156738,1.015508621931076,0.18983950093388557,0.9817920476198196,0.07659247424453497,0.13947533443570137
48801,48900,100,1652.2909758012102,0.014862118940800428,0.9962052595615387,0.03331658745184541,0.018454468604177238,0.018454468604177238,1.0226855874061584,1.0069548189640045,1.0150720477104187,0.18989284709095955,0.9817800372838974,0.07153883017599583,0.13154101558029652
48901,49000,100,1655.6513957762018,0.015364560578018428,0.995952980518341,0.03395232537761331,0.01858776491135359,0.01858776491135359,1.0225350856781006,1.0093795359134674,1.0151495933532715,0.18930727988481522,0.981899693608284,0.07021392416208982,0.13217382691800594
49001,49100,100,1659.0090603861972,0.015332682393491268,0.9960099470615387,0.03391636708751321,0.018583684973418713,0.018583684973418713,1.0223126113414764,1.0094955265522003,1.0146100521087646,0.19137470051646233,0.981478676199913,0.07164901494979858,0.13073042407631874
49101,49200,100,1662.3605101041994,0.015242312103509903,0.9960677295923233,0.03362717783078551,0.018384865541011094,0.018384865541011094,1.0224066376686096,1.0083397328853607,1.015102356672287,0.18892495334148407,0.9819478541612625,0.06975831836462021,0.13025949336588383
49201,49300,100,1665.7348893211984,0.015108631225302815,0.9961222523450851,0.03351942604407668,0.018410794734954834,0.018410794734954834,1.022133231163025,1.0084116160869598,1.0144785344600677,0.19184257835149765,0.981368750333786,0.08221550472080708,0.15104037523269653
49301,49400,100,1669.0949877152016,0.014397594593465329,0.9963102370500565,0.03262259582057595,0.01822500117123127,0.01822500117123127,1.0220887362957,1.0085030794143677,1.0147117972373962,0.18917162716388702,0.9819183647632599,0.07843203842639923,0.14277410879731178
49401,49500,100,1672.449645419194,0.015482846116647124,0.9959367060661316,0.03385574026033282,0.018372894376516343,0.018372894376516343,1.0217252373695374,1.007072925567627,1.0139046013355255,0.18779654055833817,0.982175201177597,0.06216071918606758,0.11602144874632359
49501,49600,100,1675.8063865561944,0.01422346955165267,0.9963419783115387,0.032245802003890274,0.01802233261987567,0.01802233261987567,1.0214816629886627,1.0076764822006226,1.0134628415107727,0.18642834946513176,0.9824685454368591,0.05496795289218426,0.10555663891136646
49601,49700,100,1679.1588958211996,0.014551326730288566,0.9962850117683411,0.03292221996933222,0.018370893355458974,0.018370893355458974,1.0215109586715698,1.0079472362995148,1.0139307379722595,0.19091255217790604,0.9815664440393448,0.07223410811275244,0.13488645665347576
49701,49800,100,1682.5176361001868,0.015486898459494114,0.9959822791814804,0.03407150374725461,0.018584605287760497,0.018584605287760497,1.0212584137916565,1.007498025894165,1.0136112868785858,0.18880685046315193,0.9819980412721634,0.061110904440283775,0.11470512952655554
49801,49900,100,1685.8782528481897,0.015512545090168715,0.9960319197177887,0.03381013723090291,0.018297592233866452,0.018297592233866452,1.0207715034484863,1.006640374660492,1.0127420723438263,0.18850145488977432,0.982040598988533,0.057163819670677185,0.10839691571891308
49901,50000,100,1689.2359333321965,0.014593157125636936,0.9962549042701722,0.032679443638771774,0.018086286392062903,0.018086286392062903,1.0209638476371765,1.0081790387630463,1.0133982002735138,0.18613196536898613,0.9825000762939453,0.059367517940700054,0.11171571910381317
50001,50100,100,1692.6091968151995,0.015012700939550996,0.9961010944843293,0.033063495866954326,0.018050794955343008,0.018050794955343008,1.0207592248916626,1.0068034827709198,1.0131681263446808,0.18645566701889038,0.9824286848306656,0.06446776445955038,0.12223939038813114
50101,50200,100,1695.9656367671923,0.014668665425851941,0.9962467676401139,0.032999768648296596,0.018331103213131427,0.018331103213131427,1.0208945572376251,1.0090945065021515,1.013263076543808,0.18636289238929749,0.9824881851673126,0.056849440559744835,0.10592488944530487
50201,50300,100,1699.3168366762075,0.015532561428844929,0.9959871608018875,0.033743654191493985,0.018211092445999385,0.018211092445999385,1.0200313925743103,1.0080923438072205,1.0119432508945465,0.19023877009749413,0.9816958904266357,0.07504152599722147,0.13933206535875797
50301,50400,100,1702.6782516362,0.01508384983986616,0.9961580592393875,0.033254778366535905,0.018170928526669742,0.018170928526669742,1.0203246772289276,1.0091956853866577,1.0125367045402527,0.18482296913862228,0.9827796667814255,0.04860785324126482,0.0936215128749609
50401,50500,100,1706.0330987301986,0.015105208894237877,0.9961246937513352,0.03336862727999687,0.018263418432325124,0.018263418432325124,1.020132154226303,1.0041464865207672,1.0118267834186554,0.1878175288438797,0.9821680337190628,0.058557868003845215,0.11146710626780987
50501,50600,100,1709.389038992198,0.015500009953975678,0.9959725147485733,0.03342059319838882,0.01792058328166604,0.01792058328166604,1.0192711651325226,1.0048807859420776,1.0111228823661804,0.1913009136915207,0.9814504832029343,0.08302786387503147,0.15025597251951694
50601,50700,100,1712.746831079192,0.014650124721229077,0.9961922425031662,0.03253543373197317,0.017885308936238287,0.017885308936238287,1.0197631418704987,1.0071036517620087,1.0120434761047363,0.18936793133616447,0.9818761646747589,0.07942299731075764,0.14451900497078896
50701,50800,100,1716.1170433471798,0.015588042018935084,0.9960009974241256,0.033745960127562286,0.018157918024808168,0.018157918024808168,1.0195919573307037,1.0046528577804565,1.0111048221588135,0.1896584928035736,0.9817904978990555,0.07314972579479218,0.135169954970479
50801,50900,100,1719.4745256951828,0.014834195338189603,0.9961751490831375,0.03285257549956441,0.018018380161374806,0.018018380161374806,1.0191868543624878,1.0052419304847717,1.011216938495636,0.18753348290920258,0.9822352379560471,0.06991948373615742,0.1274587083607912
50901,51000,100,1722.8301466971825,0.014529019119217992,0.9963224482536316,0.03230370605364442,0.017774686943739654,0.017774686943739654,1.0189013481140137,1.00652277469635,1.0115167498588562,0.18825585767626762,0.9820771515369415,0.07932242471724749,0.14538561925292015
51001,51100,100,1726.1867733901745,0.014149133134633302,0.9964241719245911,0.03192842371761799,0.01777929052710533,0.01777929052710533,1.0192845463752747,1.0057549476623535,1.011361300945282,0.18465790525078773,0.982789158821106,0.06165104452520609,0.11416294239461422
51101,51200,100,1729.541070980169,0.0149015520978719,0.9962272334098816,0.032802859116345645,0.01790130715817213,0.01790130715817213,1.0188910961151123,1.0044403672218323,1.0108215510845184,0.18593614548444748,0.9825387746095657,0.0639013946056366,0.11563253030180931
51201,51300,100,1732.9015332941617,0.014792383410967886,0.9962036341428757,0.03252061793580651,0.017728234473615885,0.017728234473615885,1.0187231600284576,1.005576640367508,1.0108673572540283,0.18525461107492447,0.9826997071504593,0.05567918065935373,0.10452166385948658
51301,51400,100,1736.2636069631662,0.014931953372433781,0.9961482930183411,0.03300904519855976,0.01807709189131856,0.01807709189131856,1.0183676481246948,1.0016644448041916,1.010625272989273,0.18692319095134735,0.9823664128780365,0.060739834792912006,0.11265224032104015
51401,51500,100,1739.6401670471714,0.014831743491813541,0.9962174654006958,0.03277272278442979,0.017940979320555925,0.017940979320555925,1.0181345641613007,1.0041921138763428,1.0104943215847015,0.18783848732709885,0.9821927845478058,0.06454409565776587,0.12073877081274986
51501,51600,100,1743.0282279601834,0.014702307675033808,0.996236184835434,0.032771763894706964,0.018069456219673156,0.018069456219673156,1.0181647539138794,1.004620522260666,1.010600596666336,0.18542565032839775,0.9826456159353256,0.06440486572682858,0.11731121130287647
51601,51700,100,1746.4029652081954,0.015006691627204418,0.9961556196212769,0.0330877479724586,0.01808105643838644,0.01808105643838644,1.017733097076416,1.0051063299179077,1.0098786354064941,0.1862839236855507,0.9825236648321152,0.05437019281089306,0.10022867657244205
51701,51800,100,1749.7827309191853,0.014803193416446448,0.9962947809696198,0.03273138541728258,0.017928191907703877,0.017928191907703877,1.0177819430828094,1.0057514607906342,1.0097905993461609,0.18399354070425034,0.982953667640686,0.05083245784044266,0.08837330900132656
51801,51900,100,1753.1617291181847,0.014088565884158015,0.9964640480279923,0.03184238718822598,0.01775382110849023,0.01775382110849023,1.0173330008983612,1.0034376382827759,1.0095528364181519,0.18643538653850555,0.9824314713478088,0.06676178239285946,0.1218747179955244
51901,52000,100,1756.5305372301755,0.01438505702652037,0.9963859242200851,0.0321463200263679,0.0177612629532814,0.0177612629532814,1.0175509452819824,1.0044487416744232,1.0097418129444122,0.18472903966903687,0.9827491939067841,0.06374594569206238,0.11910121887922287
52001,52100,100,1759.903790195167,0.01471547300927341,0.9962638539075851,0.03251158012077213,0.017796107083559037,0.017796107083559037,1.0172078609466553,1.0039874613285065,1.0093486905097961,0.18853170424699783,0.9820219427347183,0.07290398236364126,0.1359967403113842
52101,52200,100,1763.2768857081664,0.013693457813933491,0.9965234577655793,0.031309325248003006,0.01761586735025048,0.01761586735025048,1.0170565843582153,1.0048105418682098,1.0095857679843903,0.18335339054465294,0.9830484092235565,0.0553993945941329,0.10090312175452709
52201,52300,100,1766.658201471162,0.015022620791569352,0.9961596876382828,0.032553227879107,0.017530607022345067,0.017530607022345067,1.0168494880199432,1.0044765174388885,1.0090211629867554,0.1877044290304184,0.982193723320961,0.07616480998694897,0.14016563072800636
52301,52400,100,1770.0462266961677,0.014391596531495451,0.9964111471176147,0.03198689799755812,0.017595301419496535,0.017595301419496535,1.0166839957237244,1.003564178943634,1.0088733732700348,0.18614832311868668,0.982512965798378,0.06429078243672848,0.1189319510012865
52401,52500,100,1773.4193609391605,0.013632178576663136,0.996577980518341,0.03131337460130453,0.017681195866316557,0.017681195866316557,1.0169205069541931,1.0066746175289154,1.0092403292655945,0.18381722271442413,0.9830023795366287,0.05704402178525925,0.10667679831385612
52501,52600,100,1776.7773970531653,0.01452678082510829,0.9962947791814805,0.032304052002727984,0.017777271252125502,0.017777271252125502,1.0168517231941223,1.0040801465511322,1.0092606246471405,0.18860150128602982,0.9820075631141663,0.07425149157643318,0.13715723901987076
52601,52700,100,1780.141122122166,0.014490651162341238,0.9963444215059281,0.032232378106564284,0.01774172693490982,0.01774172693490982,1.0164956450462341,1.0040014386177063,1.0089558959007263,0.18415328487753868,0.982867956161499,0.06876802816987038,0.12241056561470032
52701,52800,100,1783.4922713481756,0.014142804448492825,0.996409524679184,0.031678415294736625,0.017535610869526864,0.017535610869526864,1.0162182748317719,1.0027542114257812,1.0085953772068024,0.18517163395881653,0.9826848953962326,0.062225017696619034,0.11808405630290508
52801,52900,100,1786.8426313171713,0.014195122756063938,0.9963720899820327,0.031701661348342895,0.01750653862953186,0.01750653862953186,1.015864759683609,0.9991641193628311,1.0078812539577484,0.18648989871144295,0.9824543744325638,0.06466722674667835,0.11960395239293575
52901,53000,100,1790.1962166381654,0.01445697719231248,0.9963550001382828,0.03198648890480399,0.01752951178699732,0.01752951178699732,1.0156887769699097,1.0008870661258698,1.007714182138443,0.18508942797780037,0.9826917201280594,0.06070540565997362,0.1111638955771923
53001,53100,100,1793.5560040301516,0.014660035017877817,0.9962508326768875,0.03198807647451758,0.017328041326254606,0.017328041326254606,1.0152241885662079,1.002048134803772,1.0072423815727234,0.18274448439478874,0.9831438064575195,0.05232006078585982,0.09773583058267832
53101,53200,100,1796.9337573751418,0.014646715447306634,0.9963387221097946,0.03262523809447884,0.01797852274030447,0.01797852274030447,1.0153585374355316,1.0015345513820648,1.007367104291916,0.18896635994315147,0.9819608777761459,0.07565794512629509,0.13665348291397095
53201,53300,100,1800.2880062141503,0.014774114112369716,0.9961897987127304,0.03232454365119338,0.017550429496914148,0.017550429496914148,1.014962762594223,1.0031543225049973,1.0070112645626068,0.1855154149234295,0.9826113879680634,0.06938527710735798,0.13017142191529274
53301,53400,100,1803.6417740051365,0.013981668781489133,0.9964933460950851,0.031544597558677195,0.01756292873993516,0.01756292873993516,1.0153105556964874,1.0035817325115204,1.007425606250763,0.1875360943377018,0.9822279810905457,0.08306892961263657,0.1494315080344677
53401,53500,100,1806.9977654761296,0.014065961064770817,0.9964298671483993,0.03153695004060864,0.017470988929271698,0.017470988929271698,1.01462522149086,1.0007639676332474,1.0067926347255707,0.18665773794054985,0.9823756068944931,0.07639693096280098,0.13846549205482006
53501,53600,100,1810.355791474134,0.01625964476726949,0.9959008961915969,0.03400374554097652,0.01774410078302026,0.01774410078302026,1.0143143832683563,1.0021324455738068,1.0056777596473694,0.18527384847402573,0.9826546758413315,0.062064044177532196,0.11532185971736908
53601,53700,100,1813.7156476691434,0.014067920995876193,0.9963794112205505,0.03141295755282045,0.017345036640763284,0.017345036640763284,1.0142012536525726,0.9999972283840179,1.005722314119339,0.18437767401337624,0.9828461408615112,0.05747146066278219,0.10613975487649441
53701,53800,100,1817.0769826371306,0.015014069816097618,0.9961157441139221,0.032355118617415426,0.017341048773378134,0.017341048773378134,1.0139332115650177,0.9996983855962753,1.005792647600174,0.18592501431703568,0.9825007766485214,0.07885333057492971,0.14221284911036491
53801,53900,100,1820.433435956129,0.01415000000037253,0.9964494025707245,0.0313851373270154,0.017235137159004807,0.017235137159004807,1.0137159526348114,1.0001841336488724,1.0056459605693817,0.1858804039657116,0.9825260788202286,0.06936602666974068,0.1311894077807665
53901,54000,100,1823.805573238129,0.016914792330935596,0.9957470935583115,0.034903411474078896,0.01798861928284168,0.01798861928284168,1.0133436024188995,1.0003100782632828,1.0049435198307037,0.19081687554717064,0.9816103428602219,0.07082010991871357,0.1301007717847824
54001,54100,100,1827.1624859201256,0.01637455458752811,0.9961059731245041,0.03398066429421306,0.017606109641492368,0.017606109641492368,1.0133096873760223,1.0020931661128998,1.0048097670078278,0.1867227889597416,0.9823771715164185,0.07411823607981205,0.13178854808211327
54101,54200,100,1830.5200320881322,0.013683975553140043,0.9965885627269745,0.030666158832609654,0.016982183307409287,0.016982183307409287,1.013202041387558,0.9998192638158798,1.0049984455108643,0.1824541538953781,0.9831697046756744,0.06708988454192877,0.12244128249585629
54201,54300,100,1833.8689153841278,0.01427926608826965,0.9963899946212769,0.031421919036656615,0.017142652915790677,0.017142652915790677,1.0130181908607483,1.000985249876976,1.0049870908260345,0.1839255914092064,0.9829331785440445,0.06589467078447342,0.12041452527046204
54301,54400,100,1837.22153342612,0.013890092200599611,0.9965169489383697,0.03093427561223507,0.017044183276593686,0.017044183276593686,1.0129697918891907,1.0004389882087708,1.005228191614151,0.1828862875699997,0.9831072390079498,0.06093905586749315,0.11166590452194214
54401,54500,100,1840.5747017061185,0.01435221342369914,0.9963476777076721,0.03156212758272886,0.017209914084523915,0.017209914084523915,1.0128339231014252,1.001462996006012,1.0048824548721313,0.1835315190255642,0.9830062240362167,0.06093834340572357,0.11139826849102974
54501,54600,100,1843.9293163281163,0.01429699500091374,0.9964258003234864,0.031683799829334024,0.017386804781854153,0.017386804781854153,1.0127507150173187,1.0001267045736313,1.0047140419483185,0.18491338565945625,0.9827313274145126,0.06731379684060812,0.12052232958376408
54601,54700,100,1847.2967293491074,0.014314216244965792,0.996346862912178,0.03153437869623303,0.017220162563025953,0.017220162563025953,1.0123061537742615,0.9973518550395966,1.0043322145938873,0.18734406307339668,0.9822588711977005,0.06965619698166847,0.12706482410430908
54701,54800,100,1850.6607213701118,0.01367414053529501,0.9965381067991257,0.030646247789263725,0.01697210716083646,0.01697210716083646,1.0124811232089996,0.9999428689479828,1.0043110847473145,0.18300337716937065,0.9830837249755859,0.0628373809158802,0.11654146760702133
54801,54900,100,1854.0155689871171,0.01409995324909687,0.9964249873161316,0.031218237224966288,0.017118284134194254,0.017118284134194254,1.012501448392868,1.0001841187477112,1.0046614110469818,0.18297020345926285,0.9830843955278397,0.07075125072151423,0.1260802149772644
54901,55000,100,1857.3684316431136,0.013762469878420234,0.9965299677848816,0.0308558657951653,0.017093395832926035,0.017093395832926035,1.0122155547142029,0.9991993010044098,1.0043725371360779,0.18354614451527596,0.982999175786972,0.06716526485979557,0.1229196097701788
55001,55100,100,1860.7261141781146,0.013505750335752964,0.996612976193428,0.030663263089954852,0.017157512754201888,0.017157512754201888,1.0121576488018036,0.9995196610689163,1.0042909979820251,0.1866000033915043,0.9823861569166183,0.08249890338629484,0.14721991680562496
55101,55200,100,1864.072669783105,0.014150014324113726,0.9964078968763351,0.03123253669589758,0.01708252246491611,0.01708252246491611,1.0120694935321808,1.0001211315393448,1.0041061639785767,0.18470461666584015,0.9827798157930374,0.06900687795132399,0.1257563903927803
55201,55300,100,1867.422722696092,0.014154867548495532,0.9964331257343292,0.031326016318053006,0.017171148844063282,0.017171148844063282,1.0119352042675018,0.9997346103191376,1.0038343667984009,0.1847325935959816,0.9827546626329422,0.06841663178056479,0.12245034798979759
55301,55400,100,1870.775986521101,0.014398513082414865,0.9963444215059281,0.03132245006039738,0.016923936856910585,0.016923936856910585,1.0112407803535461,0.9984371662139893,1.0029024183750153,0.1840936541557312,0.982867956161499,0.07125571742653847,0.12964240834116936
55401,55500,100,1874.1513766611097,0.01416691519320011,0.9964144110679627,0.03096904942765832,0.016802134355530143,0.016802134355530143,1.0109674036502838,0.998295396566391,1.0028802156448364,0.1813177987933159,0.9833941459655762,0.05778677016496658,0.10470042191445827
55501,55600,100,1877.5049465261163,0.015160087076947094,0.9961165583133698,0.03227689271792769,0.01711680566892028,0.01711680566892028,1.0109620690345764,0.9970030337572098,1.002640813589096,0.18823521956801414,0.982045367360115,0.08965024538338184,0.15799842588603497
55601,55700,100,1880.8711462271094,0.01359728784300387,0.9965975117683411,0.030348111949861048,0.016750824032351376,0.016750824032351376,1.0103834569454193,0.9984584152698517,1.0017834305763245,0.17958858236670494,0.9837179481983185,0.05674139503389597,0.10630590468645096
55701,55800,100,1884.2212348271114,0.01357566798105836,0.9965999555587769,0.03022876724600792,0.01665309918113053,0.01665309918113053,1.0108038783073425,1.000488668680191,1.0027470588684082,0.18258844316005707,0.9831568002700806,0.06716462876647711,0.12259693630039692
55801,55900,100,1887.5772717471064,0.013345437925308942,0.9966495960950852,0.030179182831197977,0.016833744831383227,0.016833744831383227,1.0109434723854065,0.9981140345335007,1.002800613641739,0.18441390246152878,0.9828020483255386,0.07514802366495132,0.1345243789255619
55901,56000,100,1890.9312302971102,0.013908691694959998,0.9964892774820328,0.030639556478708984,0.016730864718556403,0.016730864718556403,1.0106507241725922,0.9974685162305832,1.0026792287826538,0.1828729212284088,0.9830877184867859,0.06889917515218258,0.12434686347842216
56001,56100,100,1894.2849536281046,0.013902730913832784,0.9965096211433411,0.030810389295220376,0.016907658213749528,0.016907658213749528,1.0101476907730103,0.9989446550607681,1.0020580887794495,0.1820591315627098,0.9832603335380554,0.06669509317725897,0.11906122975051403
56101,56200,100,1897.6296461101028,0.014099524952471257,0.9964135950803756,0.030906200427561998,0.016806675465777517,0.016806675465777517,1.0100476145744324,0.9989225566387177,1.0014096796512604,0.18147576972842216,0.983384519815445,0.057815227657556534,0.1061213668435812
56201,56300,100,1900.9926365121028,0.013740806989371777,0.9965861195325851,0.030420253220945596,0.01667944621294737,0.01667944621294737,1.0099223852157593,0.9981859475374222,1.0017564296722412,0.1830863170325756,0.9830595403909683,0.07156461104750633,0.12641282193362713
56301,56400,100,1904.3380056961123,0.01420812307856977,0.9964298719167709,0.031231936439871787,0.017023813501000403,0.017023813501000403,1.0092639923095703,0.9969320148229599,1.0005632042884827,0.18691140040755272,0.9823053181171417,0.07836234755814075,0.13787497580051422
56401,56500,100,1907.6800551671076,0.013985557444393636,0.9965185731649399,0.03080067625269294,0.01681511883623898,0.01681511883623898,1.0095920860767365,0.9976357966661453,1.0015909969806671,0.1822483204305172,0.9831970632076263,0.06212481949478388,0.11661292798817158
56501,56600,100,1911.0305522861,0.014115757970139385,0.9964437061548232,0.030946733485907315,0.016830975543707608,0.016830975543707608,1.009290188550949,0.996733233332634,1.0012856423854828,0.18736328557133675,0.9822777956724167,0.08213150408118963,0.14663698337972164
56601,56700,100,1914.3863249030874,0.013828569911420346,0.9965275281667709,0.03070032473653555,0.016871754880994558,0.016871754880994558,1.0096343457698822,0.9977379888296127,1.0017372071743011,0.18007874116301537,0.9836435168981552,0.05193269066512585,0.09820411540567875
56701,56800,100,1917.7326849600795,0.013686307468451559,0.9965438020229339,0.030141119044274092,0.016454811468720437,0.016454811468720437,1.0088960826396942,0.9979385137557983,1.0008337497711182,0.18094900250434875,0.9834419041872025,0.06318246107548475,0.114049032330513
56801,56900,100,1921.0822746580689,0.013248127810657024,0.9967578315734863,0.029745683502405883,0.016497555654495955,0.016497555654495955,1.0090273320674896,0.9993863254785538,1.001222550868988,0.1807820200920105,0.9835045784711838,0.07100682333111763,0.12590733356773853
56901,57000,100,1924.435288457078,0.014685555519536138,0.9962223517894745,0.03158562684431672,0.016900071296840905,0.016900071296840905,1.0087400376796722,0.9959584921598434,1.0005524456501007,0.182109534740448,0.983239620923996,0.057012926787137985,0.10503135249018669
57001,57100,100,1927.7850730390765,0.012925878800451755,0.9968147969245911,0.029440860990434886,0.016514981957152487,0.016514981957152487,1.0086671113967896,0.9963817000389099,1.0005626678466797,0.17957008630037308,0.9837164580821991,0.06633394584059715,0.11947209015488625
57101,57200,100,1931.1230102650661,0.01347040683031082,0.9966479694843292,0.029964610002934933,0.01649420315399766,0.01649420315399766,1.008815884590149,0.9963656365871429,1.0008027255535126,0.18048061802983284,0.983566403388977,0.05768107529729605,0.10129734128713608
57201,57300,100,1934.4571447230555,0.014186370456591248,0.9963875532150268,0.031029817890375854,0.01684344757348299,0.01684344757348299,1.0083159804344177,0.9975603222846985,1.0003383457660675,0.1852644830942154,0.9826402366161346,0.08029182814061642,0.14339824579656124
57301,57400,100,1937.7968839650475,0.013462088769301772,0.9966658717393875,0.030165290031582116,0.016703201178461313,0.016703201178461313,1.008213758468628,0.9939850270748138,1.0000287741422653,0.18215496093034744,0.9832324832677841,0.07740474212914705,0.13562479242682457
57401,57500,100,1941.1394087000572,0.013659197716042399,0.9965942591428757,0.03015206938609481,0.016492871548980475,0.016492871548980475,1.0082269310951233,0.9967846125364304,0.9999528378248215,0.18073439970612526,0.9834968149662018,0.053815776482224464,0.09879050776362419
57501,57600,100,1944.488559782054,0.01373683420009911,0.9965429872274398,0.030284609142690898,0.01654777501709759,0.01654777501709759,1.0078515410423279,0.9938694983720779,0.9997086524963379,0.1806429773569107,0.9835150092840195,0.05583989433944225,0.1032238770276308
57601,57700,100,1947.8270941730643,0.01396378849633038,0.9964998573064804,0.03053266242146492,0.016568873953074218,0.016568873953074218,1.0077265501022339,0.9972430616617203,0.9992831647396088,0.18204538151621819,0.9832523763179779,0.07475244533270597,0.13055412843823433
57701,57800,100,1951.1690152240717,0.014375793430954218,0.9963680195808411,0.030896371193230153,0.016520577734336257,0.016520577734336257,1.0071021616458893,0.9947457611560822,0.9989498257637024,0.18391422182321548,0.9828968346118927,0.07042985688894987,0.12607943266630173
57801,57900,100,1954.5291860230718,0.01339244693517685,0.9966821497678757,0.029816714022308587,0.016424267161637543,0.016424267161637543,1.0076518654823303,0.9971436560153961,0.9997652024030685,0.17903689667582512,0.9838383793830872,0.06475395243614912,0.11553437635302544
57901,58000,100,1957.8841339770697,0.014036396648734809,0.9964420777559281,0.030639162510633467,0.016602765824645756,0.016602765824645756,1.0071009993553162,0.9948195517063141,0.9986080974340439,0.18390671908855438,0.9828780293464661,0.07705761771649122,0.13550426997244358
58001,58100,100,1961.2246602270643,0.014354054182767868,0.9964477753639222,0.03123369099572301,0.01687963666394353,0.01687963666394353,1.0070521533489227,0.993337869644165,0.9986235350370407,0.18275094777345657,0.9831182509660721,0.07136192545294762,0.1273547150194645
58101,58200,100,1964.5671080120537,0.013866983382031321,0.9965446156263351,0.030313275959342717,0.01644629256799817,0.01644629256799817,1.0064683854579926,0.9945736825466156,0.998444601893425,0.18294788897037506,0.9830695986747742,0.07399511523544788,0.1301521249115467
58201,58300,100,1967.9194144990615,0.013139627473428846,0.9967147010564804,0.029509359709918498,0.016369732189923526,0.016369732189923526,1.0068272352218628,0.9938326478004456,0.9987671077251434,0.17848654463887215,0.9839250445365906,0.06001651473343372,0.1083537396043539
58301,58400,100,1971.2687955490655,0.013453684570267797,0.9966194880008697,0.029805272985249757,0.016351588517427445,0.016351588517427445,1.0063347518444061,0.9948707669973373,0.9978400766849518,0.18180393800139427,0.983302891254425,0.06546044256538153,0.11859184503555298
58401,58500,100,1974.614761514069,0.013187502743676305,0.9967252820730209,0.02954721461981535,0.01635971186682582,0.01635971186682582,1.006103277206421,0.9950962513685226,0.9978422075510025,0.18150228261947632,0.9833520352840424,0.06546070240437984,0.11869274266064167
58501,58600,100,1977.9676169800678,0.013715453166514634,0.9965063720941544,0.030048707351088524,0.016333254193887113,0.016333254193887113,1.0061378479003906,0.9947636723518372,0.9979428946971893,0.17971357330679893,0.9836646765470505,0.06548176147043705,0.1175958476960659
58601,58700,100,1981.30616478907,0.012788191973231732,0.9968351417779923,0.028984673023223877,0.016196481101214886,0.016196481101214886,1.0061596930027008,0.9937961250543594,0.9981126189231873,0.1817099004983902,0.9833068251609802,0.08015557006001472,0.13832984864711761
58701,58800,100,1984.6470334100704,0.013522415948100388,0.9966276228427887,0.03007195144891739,0.016549535524100066,0.016549535524100066,1.006188541650772,0.9940365999937057,0.9980771094560623,0.1829068623483181,0.9830948114395142,0.07396216131746769,0.1299363449215889
58801,58900,100,1987.9904791410736,0.014202550277113915,0.9964624220132827,0.030696929804980753,0.016494379611685872,0.016494379611685872,1.005351483821869,0.9931211769580841,0.9966807514429092,0.18591637909412384,0.9824711829423904,0.08739078789949417,0.1555477175861597
58901,59000,100,1991.3413500500774,0.01353678953833878,0.9965853059291839,0.029707377422600986,0.016170587884262205,0.016170587884262205,1.0052024126052856,0.9947762489318848,0.9966369420289993,0.18255862966179848,0.9831387847661972,0.08000259473919868,0.1410948671400547
59001,59100,100,1994.6851020150661,0.012691580401733517,0.9968856012821198,0.028706015646457674,0.016014435263350606,0.016014435263350606,1.0055937767028809,0.9931892156600952,0.9971016198396683,0.179429080337286,0.9837171286344528,0.0727377412840724,0.1279085837304592
59101,59200,100,1998.03538179307,0.013236339315772056,0.996719583272934,0.029474673308432103,0.016238333927467465,0.016238333927467465,1.0051963329315186,0.9918368458747864,0.9965076744556427,0.17921293526887894,0.983766183257103,0.0709738340228796,0.12497768737375736
59201,59300,100,2001.3804225570584,0.01369235770776868,0.996648782491684,0.029883884880691765,0.016191527275368572,0.016191527275368572,1.0047701597213745,0.9917737692594528,0.9964249134063721,0.1819949895143509,0.9832470268011093,0.07284501474350691,0.12883944436907768
59301,59400,100,2004.7367240280491,0.01308844493702054,0.9967293518781662,0.029464345946907996,0.016375901056453587,0.016375901056453587,1.0052723288536072,0.9929515272378922,0.9966499954462051,0.18147344142198563,0.9833565950393677,0.06584465689957142,0.1153072752058506
59401,59500,100,2008.0761214020458,0.013323013950139285,0.996687844991684,0.02950260980054736,0.01617959580384195,0.01617959580384195,1.0043369829654694,0.9931162744760513,0.9963557869195938,0.17872203886508942,0.9838902801275253,0.05880553647875786,0.10471374820917845
59501,59600,100,2011.4160361840477,0.01321410458534956,0.9967098182439804,0.029521390348672866,0.016307285828515886,0.016307285828515886,1.0047064423561096,0.9921115636825562,0.9963629096746445,0.18299677222967148,0.9830691069364548,0.07217548694461584,0.12575307115912437
59601,59700,100,2014.7644996220406,0.013378818072378635,0.9966829615831375,0.029556699879467487,0.01617788167670369,0.01617788167670369,1.0041562914848328,0.9928221553564072,0.9957211315631866,0.17984365299344063,0.9836567789316177,0.06716776639223099,0.12166299484670162
59701,59800,100,2018.113415654041,0.012888857191428542,0.9968318885564804,0.028915239963680506,0.016026382930576802,0.016026382930576802,1.0042736232280731,0.9914592653512955,0.9958085268735886,0.17988907918334007,0.9836579412221909,0.06408940348774195,0.11575617454946041
59801,59900,100,2021.4594456890409,0.014475878346711397,0.9963688331842423,0.030843157209455966,0.016367278955876828,0.016367278955876828,1.003924012184143,0.9910364896059036,0.9955230802297592,0.18294253200292587,0.9830448478460312,0.08103917632251978,0.14195376075804234
59901,60000,100,2024.803008185043,0.013470142884179949,0.9966325068473816,0.029653091430664063,0.016182948471978306,0.016182948471978306,1.0037145614624023,0.9923368692398071,0.9952287524938583,0.1796538345515728,0.9836894422769547,0.06335802190005779,0.11210350506007671
60001,60100,100,2028.162581111048,0.013321551363915204,0.9966976147890091,0.02954734694212675,0.016225795531645416,0.016225795531645416,1.0036384165287018,0.992380291223526,0.9954566806554794,0.1810537576675415,0.9834390133619308,0.06963090877979994,0.12019404396414757
60101,60200,100,2031.5377654870517,0.013180326665751635,0.9967374897003174,0.02916908761486411,0.01598876095376909,0.01598876095376909,1.0034503638744354,0.9947719424962997,0.9954500496387482,0.18108664825558662,0.9834249168634415,0.0757809542119503,0.13042667135596275
60201,60300,100,2034.897501873047,0.01318329437635839,0.996709817647934,0.02922031881287694,0.016037024408578873,0.016037024408578873,1.003509521484375,0.9922359138727188,0.9954416155815125,0.17870181426405907,0.9838816672563553,0.06588239595293999,0.11509554460644722
60301,60400,100,2038.2555513390507,0.013275399291887879,0.9966512238979339,0.029566226191818715,0.016290826788172126,0.016290826788172126,1.0033045411109924,0.9909250885248184,0.9952719062566757,0.18096330016851425,0.9834458082914352,0.07871925085783005,0.13938189670443535
60401,60500,100,2041.6240322860576,0.012939605228602886,0.9968392145633698,0.028934714403003454,0.015995109090581536,0.015995109090581536,1.0029819309711456,0.9910485148429871,0.9949177950620651,0.1802074797451496,0.9835816025733948,0.06747884955257177,0.11711750738322735
60501,60600,100,2044.9846019430606,0.013141743713058531,0.9967594587802887,0.02926570165902376,0.016123958034440874,0.016123958034440874,1.0032700300216675,0.9917920082807541,0.9952051639556885,0.18072893843054771,0.9835083484649658,0.06674701068550348,0.11986025981605053
60601,60700,100,2048.3427871770637,0.013989183595404029,0.9964860248565673,0.03002803906798363,0.016038855239748954,0.016038855239748954,1.002787470817566,0.9910311549901962,0.9944838881492615,0.17892665043473244,0.9838435649871826,0.057178336195647717,0.102604229003191
60701,60800,100,2051.6981621750656,0.01337340976111591,0.9966862159967422,0.029477779250591994,0.016104369536042214,0.016104369536042214,1.0023937821388245,0.9889649152755737,0.9940515607595444,0.18052936345338821,0.983546644449234,0.06920264661312103,0.12234138511121273
60801,60900,100,2055.052119712076,0.012822631122544408,0.9967920112609864,0.02865346781909466,0.015830836659297347,0.015830836659297347,1.0023711025714874,0.9930016994476318,0.9942888915538788,0.1815587654709816,0.9833537340164185,0.0754729500040412,0.13283155113458633
60901,61000,100,2058.422777760081,0.013062449153512717,0.9968351411819458,0.028940961211919785,0.01587851207703352,0.01587851207703352,1.0023604333400726,0.9937604665756226,0.9937891364097595,0.1809149906039238,0.9834624528884888,0.0804164707660675,0.14115741103887558
61001,61100,100,2061.780946939083,0.013314791796728969,0.9966569203138351,0.029115433134138585,0.015800641290843485,0.015800641290843485,1.0021809935569763,0.9921377748250961,0.9939603358507156,0.17637790739536285,0.9842808246612549,0.06264310050755739,0.11085162125527859
61101,61200,100,2065.1456674990877,0.01281202519312501,0.9968213069438935,0.02856955386698246,0.015757528655230998,0.015757528655230998,1.0020368993282318,0.9908610433340073,0.9940015077590942,0.17834369093179703,0.9839296191930771,0.07019750773906708,0.1233744490891695
61201,61300,100,2068.5060237720863,0.013312779134139419,0.996722840666771,0.029361419603228568,0.016048640441149474,0.016048640441149474,1.0017350316047668,0.9911310970783234,0.9936347156763077,0.18041731044650078,0.9835678189992905,0.0664145452901721,0.11776837334036827
61301,61400,100,2071.8688673370707,0.01297592324204743,0.9968180567026138,0.028891863077878954,0.015915939789265393,0.015915939789265393,1.0016855597496033,0.9892999976873398,0.9933063089847565,0.17873229086399078,0.9838655591011047,0.0563674783334136,0.10059414803981781
61401,61500,100,2075.236035570055,0.012514800201170146,0.9969979012012482,0.02824894193559885,0.01573414182290435,0.01573414182290435,1.0019382238388062,0.9915473759174347,0.994051069021225,0.18029237911105156,0.9835572838783264,0.07811740040779114,0.1347669754177332
61501,61600,100,2078.5942616170614,0.013319195229560137,0.9966544806957245,0.02938814114779234,0.016068946057930588,0.016068946057930588,1.0014419555664062,0.9898312091827393,0.9934510588645935,0.17895467951893806,0.9838310182094574,0.05743086989969015,0.10358829237520695
61601,61700,100,2081.9650416310615,0.013193120863288641,0.9967146998643875,0.028850888721644877,0.015657767923548817,0.015657767923548817,1.0012307465076447,0.9908642619848251,0.9931464791297913,0.17706012725830078,0.9841807186603546,0.06138799525797367,0.10782003030180931
61701,61800,100,2085.3391207740624,0.013230521455407143,0.9967643439769744,0.029302093740552662,0.0160715723130852,0.0160715723130852,1.0015479028224945,0.9916490018367767,0.9936105906963348,0.17986127734184265,0.9836782664060593,0.0678454963490367,0.11903056502342224
61801,61900,100,2088.7015911520666,0.013145180875435472,0.9967374873161315,0.028853499386459588,0.015708318538963796,0.015708318538963796,1.0010490715503693,0.9900097548961639,0.992812305688858,0.17773722857236862,0.9840361773967743,0.06690402328968048,0.11843528784811497
61901,62000,100,2092.0667696010605,0.013455752953886986,0.9967570191621781,0.02930141078308225,0.015845657838508487,0.015845657838508487,1.0007873177528381,0.991039052605629,0.9924680888652802,0.1805039830505848,0.9835432916879654,0.07334571424871683,0.12792905420064926
62001,62100,100,2095.429238300061,0.012620196975767613,0.9968709522485732,0.028353662863373756,0.01573346589691937,0.01573346589691937,1.0008261799812317,0.9881274253129959,0.9926195293664932,0.176572747528553,0.984267383813858,0.05890911351889372,0.10323421284556389
62101,62200,100,2098.7911201520656,0.013094643866643309,0.9967366725206375,0.029032103531062604,0.015937459617853166,0.015937459617853166,1.0005262047052383,0.9889591932296753,0.9924493581056595,0.18075384572148323,0.9834632724523544,0.07384790480136871,0.12792171724140644
62201,62300,100,2102.1824556330757,0.012942805374041199,0.9967651546001435,0.028537971191108225,0.015595165845006705,0.015595165845006705,1.0005325376987457,0.9911791384220123,0.9924144148826599,0.17584576457738876,0.9843975901603699,0.06086130812764168,0.1075520645827055
62301,62400,100,2105.567077398073,0.013032737653702497,0.9967285352945328,0.028493793047964573,0.015461055412888527,0.015461055412888527,1.0002663135528564,0.9886461347341537,0.992328479886055,0.17679308727383614,0.9842056035995483,0.06590598728507757,0.1179074514657259
62401,62500,100,2108.9427946920714,0.01266879162285477,0.9968668800592423,0.028237394485622645,0.015568602988496423,0.015568602988496423,1.0000999867916107,0.9890051335096359,0.9918326735496521,0.1773700974881649,0.9840914607048035,0.06574369128793478,0.11558480001986027
62501,62600,100,2112.330167510061,0.013564181001856922,0.9966202992200851,0.02959843309596181,0.016034252131357788,0.016034252131357788,0.999915361404419,0.988765224814415,0.9911456257104874,0.18017996847629547,0.9835957437753677,0.06452304683625698,0.1157213281840086
62601,62700,100,2115.695583373057,0.013045884110033512,0.996767600774765,0.028819217197597027,0.015773332957178355,0.015773332957178355,0.9997671991586685,0.9875611662864685,0.991347536444664,0.18113311380147934,0.9834045022726059,0.06752479542046785,0.12031641602516174
62701,62800,100,2119.0655878110574,0.012689502332359553,0.996916521191597,0.028456420935690403,0.015766918640583754,0.015766918640583754,0.9998217523097992,0.9890951365232468,0.9913927465677261,0.18047447502613068,0.9835251122713089,0.06900964118540287,0.12175210751593113
62801,62900,100,2122.434332760049,0.013264430896379053,0.9967090040445328,0.029127457365393638,0.0158630264736712,0.0158630264736712,0.999359741806984,0.9890424907207489,0.9905879348516464,0.17833754420280457,0.9839419275522232,0.061740580946207047,0.10817155055701733
62901,63000,100,2125.7991946430557,0.01357674072496593,0.9966976094245911,0.029518051352351905,0.01594131059013307,0.01594131059013307,0.9992228299379349,0.9883813858032227,0.9907536059617996,0.1821526139974594,0.9832398146390915,0.08222555927932262,0.13576285168528557
63001,63100,100,2129.171505068045,0.012830672403797507,0.9968554896116256,0.028385635800659656,0.015554963387548923,0.015554963387548923,0.9991496801376343,0.9862364381551743,0.9902132898569107,0.17641114071011543,0.9842790365219116,0.06347074918448925,0.1127551719546318
63101,63200,100,2132.54131907404,0.013228096696548165,0.9967228382825851,0.02879313014447689,0.015565033499151469,0.015565033499151469,0.9988512992858887,0.9883069097995758,0.9903670847415924,0.1792789250612259,0.9837208241224289,0.07708409801125526,0.13429616205394268
63201,63300,100,2135.9171126590445,0.012429063199087978,0.9968896704912186,0.028056086488068104,0.0156270232796669,0.0156270232796669,0.998722642660141,0.9871843606233597,0.990403801202774,0.180734783411026,0.9834976494312286,0.07527757622301579,0.13360275886952877
63301,63400,100,2139.2809577830376,0.012404494127258659,0.9969979059696198,0.027907327972352503,0.015502833742648364,0.015502833742648364,0.9983999580144882,0.9890027195215225,0.9902138411998749,0.17798390612006187,0.9840104728937149,0.06929377280175686,0.12230720929801464
63401,63500,100,2142.645068846041,0.01313143763691187,0.9967480665445327,0.028873351886868476,0.01574191402643919,0.01574191402643919,0.9984690397977829,0.9860323816537857,0.98992620408535,0.18115175887942314,0.9833937138319016,0.07472194731235504,0.13029765523970127
63501,63600,100,2146.0122715160414,0.012420536265708507,0.9969515180587769,0.027858577370643615,0.015438041193410754,0.015438041193410754,0.9985602051019669,0.9891278594732285,0.9903088957071304,0.17660708352923393,0.984258770942688,0.058269900269806385,0.1031219121068716
63601,63700,100,2149.3785933520394,0.013424646104685961,0.9966349500417709,0.028836879301816224,0.015412233052775264,0.015412233052775264,0.9980032294988632,0.986043706536293,0.9897123575210571,0.17885519191622734,0.9838051199913025,0.07902404852211475,0.13607429526746273
63701,63800,100,2152.750026826039,0.012898688027635217,0.9968636238574982,0.02844920763745904,0.015550519544631243,0.015550519544631243,0.9979556202888489,0.9853525608778,0.9893462806940079,0.17786457762122154,0.9840223491191864,0.06258445978164673,0.11037209257483482
63801,63900,100,2156.116968587028,0.013071411987766623,0.9967846882343292,0.028624802865087985,0.015553390914574266,0.015553390914574266,0.9979948103427887,0.9858829379081726,0.9894528388977051,0.17914506793022156,0.9838075041770935,0.06737830676138401,0.12000126764178276
63901,64000,100,2159.49057514603,0.013175847008824348,0.9967228382825851,0.028657821249216796,0.015481974249705672,0.015481974249705672,0.9977785795927048,0.9865975975990295,0.9895583987236023,0.17759250476956367,0.9840277880430222,0.07622948847711086,0.13138754107058048
64001,64100,100,2162.8649536200337,0.012570211025886237,0.9969287312030792,0.02804382745176554,0.015473616439849139,0.015473616439849139,0.9972992390394211,0.9859102219343185,0.9885845184326172,0.18095026165246964,0.9834240674972534,0.08229087758809328,0.14098770543932915
64101,64200,100,2166.2152935820322,0.01248917096760124,0.9969653522968293,0.027883104048669338,0.015393932946026326,0.015393932946026326,0.9971809685230255,0.9887889921665192,0.9888005405664444,0.17900987714529037,0.9837885200977325,0.07144040055572987,0.1215235460549593
64201,64300,100,2169.561911901037,0.01295212100725621,0.9968131721019745,0.02837077425792813,0.015418653273954988,0.015418653273954988,0.9972923099994659,0.9872233420610428,0.9885293841362,0.17367201671004295,0.9847959280014038,0.05147872306406498,0.09060846641659737
64301,64400,100,2172.910863073037,0.012764543890953065,0.9968652558326722,0.028240929674357176,0.015476385941728949,0.015476385941728949,0.997335359454155,0.9863974004983902,0.9891698211431503,0.17782415077090263,0.9840330928564072,0.0729271350428462,0.12347973138093948
64401,64500,100,2176.26104535404,0.012716072080656886,0.9969108271598816,0.02805127052590251,0.015335198491811752,0.015335198491811752,0.9969663470983505,0.9871865212917328,0.9881235659122467,0.17757321521639824,0.9840565770864487,0.06764997448772192,0.11953729018568993
64501,64600,100,2179.6054950640482,0.013040806972421706,0.9967716681957245,0.028493010755628347,0.015452203871682287,0.015452203871682287,0.9968498349189758,0.9860764890909195,0.9881218671798706,0.1753065288066864,0.9844912588596344,0.05400437116622925,0.09606347046792507
64601,64700,100,2182.9552316780537,0.012628167048096656,0.9969612824916839,0.027939033601433037,0.01531086653470993,0.01531086653470993,0.9965573698282242,0.983238160610199,0.9882330894470215,0.1779448427259922,0.9839784353971481,0.080418162047863,0.13671880774199963
64701,64800,100,2186.3165194060566,0.013380650146864355,0.9966146039962769,0.02904408749192953,0.0156634374614805,0.0156634374614805,0.9965341538190842,0.9851496815681458,0.9886853247880936,0.17766622453927994,0.9840796440839767,0.06008205469697714,0.10518778860569
64801,64900,100,2189.697017891065,0.012390371318906546,0.9969376826286316,0.02759953375905752,0.015209162393584847,0.015209162393584847,0.9962285161018372,0.9853635728359222,0.9879884719848633,0.17618202418088913,0.9843101799488068,0.06667268089950085,0.11502513289451599
64901,65000,100,2193.062579110061,0.012834028089419008,0.9967985236644745,0.028214499950408936,0.015380471860989928,0.015380471860989928,0.9964505285024643,0.9858244359493256,0.9880611151456833,0.17635289952158928,0.9842828512191772,0.0688328379765153,0.11839413829147816
65001,65100,100,2196.4318374250597,0.013911504233255982,0.9966056489944458,0.029352115485817194,0.015440611345693469,0.015440611345693469,0.9962699562311172,0.9867251217365265,0.9877268224954605,0.17325137183070183,0.9848520308732986,0.053290034644305706,0.09948869980871677
65101,65200,100,2199.79744954707,0.012929562372155487,0.9969026899337768,0.028157666344195604,0.015228104069828987,0.015228104069828987,0.9957793951034546,0.9863475263118744,0.9868540912866592,0.17385833710432053,0.9847294092178345,0.05928725562989712,0.10525218211114407
65201,65300,100,2203.168533958067,0.012537659546360373,0.9969295465946197,0.02771452412009239,0.015176864555105567,0.015176864555105567,0.9959270060062408,0.9844404458999634,0.9876469075679779,0.17438197880983353,0.9846538454294205,0.059828353114426136,0.10392900556325912
65301,65400,100,2206.546672173059,0.01261178070679307,0.9969124549627304,0.027822531461715698,0.015210750680416822,0.015210750680416822,0.9955448061227798,0.9856868088245392,0.9868866801261902,0.17605897039175034,0.9843578487634659,0.05417374614626169,0.09808377176523209
65401,65500,100,2209.9156019610637,0.012238429789431394,0.9970304542779922,0.027365403603762387,0.015126973623409867,0.015126973623409867,0.9956225454807281,0.9852525442838669,0.9874692857265472,0.17627842724323273,0.9842798560857773,0.07168813608586788,0.11932886019349098
65501,65600,100,2213.28704306506,0.012841147333383561,0.9968904829025269,0.028012641817331315,0.015171494344249368,0.015171494344249368,0.9953982383012772,0.9850486367940903,0.987448200583458,0.17226968705654144,0.9850540906190872,0.04592831991612911,0.08137641102075577
65601,65700,100,2216.6801911100483,0.013051281934604048,0.9968261897563935,0.028226957581937315,0.015175675647333265,0.015175675647333265,0.9949654787778854,0.9842550754547119,0.9863025993108749,0.1744888238608837,0.9846466928720474,0.06139304954558611,0.10875542275607586
65701,65800,100,2220.0629158900556,0.012234065919183195,0.9970662647485733,0.027373346332460642,0.015139280520379543,0.015139280520379543,0.9947032630443573,0.9840103089809418,0.9863251000642776,0.18031324073672295,0.9835503250360489,0.0801000539213419,0.1360948272049427
65801,65900,100,2223.460486501057,0.012818409744650126,0.9968636256456375,0.028058924190700055,0.015240514455363154,0.015240514455363154,0.9952083975076675,0.9839703589677811,0.9867733120918274,0.17792250216007233,0.9840197265148163,0.06681307125836611,0.11505815200507641
65901,66000,100,2226.8517702860536,0.012585594011470675,0.9969466358423233,0.027616339325904845,0.015030745277181267,0.015030745277181267,0.9949177801609039,0.9851586073637009,0.9865842759609222,0.17748713120818138,0.9840770363807678,0.07109891250729561,0.12537684850394726
66001,66100,100,2230.2353064380586,0.012481953762471677,0.9969873243570327,0.02756943615153432,0.015087482482194901,0.015087482482194901,0.9947626888751984,0.9850958585739136,0.9860128313302994,0.1760982722043991,0.9843528568744659,0.06265410222113132,0.10667196474969387
66101,66200,100,2233.6155500170607,0.012081657815724612,0.9970727747678757,0.02719167195260525,0.015110014164820313,0.015110014164820313,0.9945201575756073,0.9849911332130432,0.9863205254077911,0.1746191419661045,0.9846252650022507,0.06033444497734308,0.10559591464698315
66201,66300,100,2236.9852580740517,0.012974039022810756,0.9967952650785447,0.02805522933602333,0.015081190271303058,0.015081190271303058,0.9943777769804001,0.9828687906265259,0.9857683926820755,0.17375794798135757,0.9847522377967834,0.06051549781113863,0.10755503922700882
66301,66400,100,2240.3628474520574,0.012573935715481639,0.9969840705394745,0.02760642357170582,0.015032487791031598,0.015032487791031598,0.994246318936348,0.983844518661499,0.9859384894371033,0.17705834656953812,0.9841351062059402,0.0810771007090807,0.13711398094892502
66401,66500,100,2243.7525683320546,0.012333707446232437,0.9970117408037186,0.027347387839108707,0.015013680243864656,0.015013680243864656,0.9937063753604889,0.9834215492010117,0.9853732287883759,0.17495271936058998,0.9845549166202545,0.05889338348060846,0.10070901550352573
66501,66600,100,2247.1249079890567,0.01271926240529865,0.996901062130928,0.027867917902767658,0.01514865537174046,0.01514865537174046,0.9938460290431976,0.9833308458328247,0.9852721244096756,0.1758316531777382,0.984399676322937,0.06765843089669943,0.11614075489342213
66601,66700,100,2250.4939660580603,0.012279493315145374,0.9970687043666839,0.027162321284413336,0.014882827950641513,0.014882827950641513,0.9938608258962631,0.9825679212808609,0.9854220449924469,0.1749023050069809,0.9845450520515442,0.06804936099797487,0.11421398632228374
66701,66800,100,2253.8671693560627,0.012865003966726362,0.9968815302848816,0.027857905216515065,0.014992901254445315,0.014992901254445315,0.993692085146904,0.9810171574354172,0.9848135262727737,0.1755426526069641,0.9844290167093277,0.06787886377424002,0.11823165230453014
66801,66900,100,2257.236909259069,0.013583413506858051,0.9966593599319458,0.028690741583704948,0.015107328109443187,0.015107328109443187,0.9934286922216415,0.9822222888469696,0.9848739206790924,0.17465344071388245,0.9845758378505707,0.06317219324409962,0.10868600569665432
66901,67000,100,2260.6103447190653,0.012374227130785585,0.9970328956842422,0.027142917942255734,0.014768690736964345,0.014768690736964345,0.9929510205984116,0.9834281653165817,0.9842125028371811,0.1748579442501068,0.9845219850540161,0.07242153398692608,0.125271774828434
67001,67100,100,2263.9826470090575,0.012492136657238006,0.9969507032632827,0.027312983255833388,0.014820846626535059,0.014820846626535059,0.9928541779518127,0.9814983755350113,0.9847606867551804,0.17730719968676567,0.9840884357690811,0.08298535272479057,0.13834993354976177
67101,67200,100,2267.3890057000663,0.013044244311749935,0.9968318873643875,0.02812382571399212,0.015079581374302507,0.015079581374302507,0.9927584081888199,0.983530655503273,0.9843868613243103,0.17886067554354668,0.9838199466466904,0.07876029796898365,0.1383101362735033
67201,67300,100,2270.7715507380617,0.012821289729326963,0.9968904823064804,0.027997241970151663,0.015175952231511474,0.015175952231511474,0.9922171086072922,0.9823866933584213,0.9832827001810074,0.17891952767968178,0.98378124833107,0.08243747614324093,0.14035083912312984
67301,67400,100,2274.1524638130577,0.012533577559515834,0.9969051319360733,0.027659949213266373,0.015126371709629893,0.015126371709629893,0.9925873428583145,0.9832575619220734,0.9840532541275024,0.17719654366374016,0.9841368496417999,0.06664381921291351,0.11500156298279762
67401,67500,100,2277.5313532270466,0.01292395626194775,0.9968237519264221,0.02785950228571892,0.014935546098276973,0.014935546098276973,0.9919482916593552,0.9831641465425491,0.9834801852703094,0.17841843888163567,0.9838790446519852,0.07907662726938725,0.13411612063646317
67501,67600,100,2280.915309786049,0.012630408108234405,0.9969661659002305,0.027557931039482356,0.01492752286605537,0.01492752286605537,0.9915235489606857,0.9818545579910278,0.9824862033128738,0.17646782100200653,0.9842780381441116,0.07292905542999506,0.12327676452696323
67601,67700,100,2284.3027651920493,0.012560942298732699,0.9969344246387482,0.027382833529263736,0.014821891244500875,0.014821891244500875,0.9918349534273148,0.9808968305587769,0.9832873791456223,0.17576013132929802,0.9843886643648148,0.07343832217156887,0.12414797022938728
67701,67800,100,2287.6800756700613,0.01266249687410891,0.9969035071134568,0.02742407167330384,0.014761574883013964,0.014761574883013964,0.992018848657608,0.9812400639057159,0.9833201617002487,0.17363283038139343,0.9847554117441177,0.06760257482528687,0.11575674079358578
67801,67900,100,2291.064657035069,0.013042411836795508,0.9968278187513352,0.0279923284240067,0.014949916508048772,0.014949916508048772,0.9915715754032135,0.9797379672527313,0.9830703139305115,0.17796774581074715,0.9839992225170135,0.07045479770749807,0.12105192057788372
67901,68000,100,2294.459876898063,0.011993696549907326,0.997101257443428,0.026579941287636757,0.014586244719102978,0.014586244719102978,0.9915394186973572,0.9829077422618866,0.983261838555336,0.16940106078982353,0.9855326414108276,0.05185598134994507,0.09157372266054153
68001,68100,100,2297.8504126890602,0.012361201369203626,0.9970573097467422,0.027162490207701923,0.014801288843154908,0.014801288843154908,0.9913802146911621,0.98154716193676,0.9828698337078094,0.17388184368610382,0.9847338497638702,0.06247248873114586,0.10761888325214386
68101,68200,100,2301.2320569080584,0.012481113355606794,0.996963723897934,0.02721806162968278,0.014736948236823082,0.014736948236823082,0.9913806021213531,0.9805888235569,0.9830019921064377,0.1746709682047367,0.984595537185669,0.06879700906574726,0.11944343335926533
68201,68300,100,2304.612298650047,0.012449057325720787,0.996966981291771,0.027014406621456145,0.01456534924916923,0.01456534924916923,0.9909301102161407,0.9823524355888367,0.9823725074529648,0.17418819293379784,0.9846713840961456,0.07160828076303005,0.12010142579674721
68301,68400,100,2307.993474458055,0.013090165979228914,0.9968318885564804,0.028119401596486567,0.015029235538095235,0.015029235538095235,0.9906985908746719,0.9805825799703598,0.982307106256485,0.17977768555283546,0.983620673418045,0.08599867019802332,0.1451643668115139
68401,68500,100,2311.37557764307,0.01397814990952611,0.9966870325803757,0.02892298059538007,0.014944830620661377,0.014944830620661377,0.9908102750778198,0.9804499298334122,0.9826045632362366,0.17443541809916496,0.9846188724040985,0.07121473643928766,0.11697960644960403
68501,68600,100,2314.7578366260586,0.012633553203195334,0.996923034787178,0.027654977310448886,0.015021424051374197,0.015021424051374197,0.9904681146144867,0.9800653159618378,0.9815467000007629,0.17470013350248337,0.9845778793096542,0.06289707310497761,0.1089036762714386
68601,68700,100,2318.132532234058,0.012117572510614991,0.9970426636934281,0.026848602257668972,0.014731029756367206,0.014731029756367206,0.9901101589202881,0.9798862636089325,0.9816559106111526,0.17699727416038513,0.9841626137495041,0.07662534900009632,0.13173489272594452
68701,68800,100,2321.5108964210594,0.012439099983312189,0.9970556855201721,0.027232341151684523,0.01479324103333056,0.01479324103333056,0.9899981766939163,0.9804061353206635,0.9810403287410736,0.1749061569571495,0.9845132678747177,0.07408537715673447,0.12595882266759872
68801,68900,100,2324.8778918690477,0.012160101924091577,0.9970361524820328,0.026914247050881385,0.014754145070910454,0.014754145070910454,0.9896994829177856,0.9794531613588333,0.9811619967222214,0.17603473365306854,0.9843396544456482,0.07272492256015539,0.12407880648970604
68901,69000,100,2328.229355395044,0.012399117397144437,0.9970044165849685,0.027192861028015613,0.014793743509799243,0.014793743509799243,0.9896549582481384,0.9788211435079575,0.9811454117298126,0.17248336970806122,0.9849949330091476,0.05709908902645111,0.09812740236520767
69001,69100,100,2331.579506629054,0.012138160928152501,0.9970963740348816,0.026881221905350684,0.014743060991168021,0.014743060991168021,0.9898546040058136,0.9799532741308212,0.9815706461668015,0.17373140528798103,0.984743669629097,0.06630994658917189,0.11188776977360249
69101,69200,100,2334.9367814040506,0.012594747091643512,0.996969421505928,0.02726038794964552,0.014665640965104103,0.014665640965104103,0.9893516451120377,0.9783541411161423,0.9807427078485489,0.17498686909675598,0.98451367020607,0.07028341386467218,0.11842256970703602
69201,69300,100,2338.2912383070707,0.012226772960275412,0.9970402234792709,0.02683480465784669,0.014608031520619989,0.014608031520619989,0.9892435520887375,0.9769801795482635,0.9807798266410828,0.17498880997300148,0.984533816576004,0.06555819790810347,0.11134408600628376
69301,69400,100,2341.645030035066,0.012222761423327028,0.9970426619052887,0.026899907402694226,0.014677145974710584,0.014677145974710584,0.9892344921827316,0.9809711873531342,0.9808583855628967,0.17423513159155846,0.9846806079149246,0.06729670986533165,0.1134316734969616
69401,69500,100,2344.998552850062,0.012593305362388492,0.9969433808326721,0.02728380335494876,0.014690497880801559,0.014690497880801559,0.9888553768396378,0.9778016656637192,0.9804631918668747,0.17662011086940765,0.98420749604702,0.08148340508341789,0.13472113199532032
69501,69600,100,2348.371055609059,0.012282941918820144,0.9970719611644745,0.026843992546200752,0.014561050618067384,0.014561050618067384,0.9886882305145264,0.9804982244968414,0.9801141321659088,0.1728520467877388,0.9849341362714767,0.0596821503713727,0.10320191457867622
69601,69700,100,2351.726849069064,0.012282447749748826,0.9969694185256958,0.02686631428077817,0.014583866577595472,0.014583866577595472,0.9888714402914047,0.9804839193820953,0.9805444628000259,0.1765926294028759,0.9842360466718674,0.07883376255631447,0.13436836004257202
69701,69800,100,2355.080354032061,0.012180532794445753,0.9970166218280793,0.026723360884934665,0.014542828015983104,0.014542828015983104,0.9884815067052841,0.9781301468610764,0.9799968898296356,0.17634685337543488,0.9842816889286041,0.07670169230550528,0.12654535844922066
69801,69900,100,2358.433823795058,0.012640590625815094,0.9968912982940674,0.02716103196144104,0.014520441396161914,0.014520441396161914,0.988336905837059,0.9790888428688049,0.9795724004507065,0.17360753193497658,0.9847588688135147,0.0674600126221776,0.11479102447628975
69901,70000,100,2361.778878737052,0.012372528682462872,0.9969612807035446,0.026850087624043225,0.014477558881044388,0.014477558881044388,0.9883125424385071,0.9781274795532227,0.9796611219644547,0.17352841049432755,0.9847823530435562,0.06495579518377781,0.11268564872443676
70001,70100,100,2365.137308350055,0.012085977476090193,0.9970434778928756,0.026682923417538404,0.01459694592282176,0.01459694592282176,0.9882993549108505,0.9775926321744919,0.9797554165124893,0.1750771440565586,0.9845059961080551,0.0652980962768197,0.11337736807763577
70101,70200,100,2368.4956943720426,0.012114345682784916,0.9970882338285446,0.026621681302785874,0.014507335536181927,0.014507335536181927,0.9880655258893967,0.9802241623401642,0.9792425185441971,0.17061379179358482,0.9853281825780869,0.05245794914662838,0.09164944477379322
70201,70300,100,2371.857098154047,0.012297906894236803,0.9969873267412186,0.02693333549425006,0.014635428618639708,0.014635428618639708,0.9881863743066788,0.9800025969743729,0.979543924331665,0.17020056024193764,0.9853958487510681,0.05029887892305851,0.08724633045494556
70301,70400,100,2375.2378081240495,0.01254476787056774,0.9969319874048232,0.02711146116256714,0.014566693259403109,0.014566693259403109,0.9873498380184174,0.9764322191476822,0.9785934686660767,0.1756759248673916,0.9844138026237488,0.07411805912852287,0.12412265129387379
70401,70500,100,2378.601869464055,0.012056257473304868,0.9971012550592423,0.02658249592408538,0.014526238460093736,0.014526238460093736,0.9875116348266602,0.9780673980712891,0.9789530336856842,0.17513639479875565,0.9844810366630554,0.06660330574959517,0.11274056695401669
70501,70600,100,2381.96755835106,0.011965330177918076,0.9971395075321198,0.02642589308321476,0.014460562830790877,0.014460562830790877,0.987531840801239,0.9788398742675781,0.9789531081914902,0.17404786497354507,0.984709769487381,0.066305261105299,0.11101004108786583
70601,70700,100,2385.3161481020634,0.012107527423650026,0.9970491737127304,0.02684402232989669,0.014736494980752468,0.014736494980752468,0.9872980117797852,0.9778279811143875,0.9787312597036362,0.1750933974981308,0.9845042675733566,0.07503260672092438,0.12499541789293289
70701,70800,100,2388.6532045150725,0.012822299459949137,0.9968888556957245,0.027465806901454927,0.014643507525324822,0.014643507525324822,0.9869911819696426,0.9800382703542709,0.9781146198511124,0.17188425734639168,0.9850953221321106,0.06264075729995966,0.10476379655301571
70801,70900,100,2391.9853850910695,0.012233706633560359,0.997028015255928,0.02677304344251752,0.014539336869493127,0.014539336869493127,0.9869796484708786,0.9765989631414413,0.9783772826194763,0.1721269004046917,0.9850391000509262,0.06972576677799225,0.11693490669131279
70901,71000,100,2395.3212895070756,0.012318357327021658,0.9970394092798233,0.02677403101697564,0.014455673648044468,0.014455673648044468,0.9864735454320908,0.9777950495481491,0.9776969254016876,0.1744053065776825,0.984624519944191,0.0773670356720686,0.12854351475834846
71001,71100,100,2398.689630742085,0.011807946194894612,0.9971728700399399,0.026226980462670326,0.014419034318998457,0.014419034318998457,0.9865125715732574,0.9760113805532455,0.9777889251708984,0.1726401373744011,0.9849225878715515,0.06629299931228161,0.11338791064918041
71101,71200,100,2402.0299349380894,0.01230783374980092,0.9970442909002304,0.02669179605320096,0.014383962247520685,0.014383962247520685,0.9866576939821243,0.9744116812944412,0.977938637137413,0.17408782988786697,0.9846891760826111,0.07822247967123985,0.1301176231354475
71201,71300,100,2405.3738889840934,0.012020917511545121,0.9971549671888351,0.02626397479325533,0.014243057323619723,0.014243057323619723,0.9863061457872391,0.9780971556901932,0.9780095368623734,0.16963564231991768,0.9854893833398819,0.05363347381353378,0.08964086137712002
71301,71400,100,2408.72054057909,0.012548728315159678,0.9969083881378173,0.026962956432253122,0.01441422799602151,0.01441422799602151,0.9862242937088013,0.9751172959804535,0.9778698086738586,0.17324944958090782,0.9848362356424332,0.06344299390912056,0.10446510836482048
71401,71500,100,2412.070095121091,0.012433951133862137,0.9969620978832245,0.026848670467734335,0.014414719427004457,0.014414719427004457,0.986079066991806,0.9776431769132614,0.9772980809211731,0.17376679554581642,0.9847584366798401,0.0670443857088685,0.11544725485146046
71501,71600,100,2415.4179131860874,0.012516884389333427,0.9969352406263351,0.026778495498001577,0.014261611001566053,0.014261611001566053,0.9859813898801804,0.9778237044811249,0.9775585532188416,0.17447039112448692,0.9845950454473495,0.0751921683549881,0.12692161090672016
71601,71700,100,2418.760973057082,0.011927139852195979,0.9971517127752304,0.026211450900882484,0.014284311132505535,0.014284311132505535,0.9859644919633865,0.9780414700508118,0.9773238003253937,0.17113637924194336,0.9852357506752014,0.05638962425291538,0.09738441929221153
71701,71800,100,2422.109642320078,0.01207706730812788,0.9970735895633698,0.026112754177302123,0.014035686757415533,0.014035686757415533,0.9856983572244644,0.9782044738531113,0.9771643579006195,0.16992692649364471,0.9854232966899872,0.059328450821340084,0.09922575578093529
71801,71900,100,2425.461964343074,0.012258930741809308,0.9970491707324982,0.02655412323772907,0.014295192556455732,0.014295192556455732,0.9853922724723816,0.9770076125860214,0.976876512169838,0.17708393186330795,0.9840996265411377,0.07861078344285488,0.13369903713464737
71901,72000,100,2428.8021103140763,0.011826865407638252,0.9971688038110733,0.026162775363773108,0.014335910063236952,0.014335910063236952,0.9855960756540298,0.9738455414772034,0.9772371798753738,0.17308003827929497,0.9848939329385757,0.06409354135394096,0.11030476912856102
72001,72100,100,2432.148210695086,0.012376685701310635,0.9970247578620911,0.026950772143900393,0.01457408633083105,0.01457408633083105,0.9852366894483566,0.9756143689155579,0.9767410755157471,0.17420674487948418,0.9846665859222412,0.07171414978802204,0.11878769285976887
72101,72200,100,2435.488132733075,0.012492201556451619,0.9970068544149399,0.02682056089863181,0.014328359197825193,0.014328359197825193,0.9852146655321121,0.976370096206665,0.9768930822610855,0.17362020909786224,0.9847680777311325,0.06815516948699951,0.11452248133718967
72201,72300,100,2438.831979085082,0.01252440357580781,0.9969498854875565,0.026844075657427312,0.014319671858102083,0.014319671858102083,0.9848765432834625,0.976979672908783,0.9759761691093445,0.1750098392367363,0.9844893664121628,0.08328208699822426,0.13572236523032188
72301,72400,100,2442.1724050030844,0.011901266751810908,0.9971240442991257,0.026056470647454262,0.014155203877016902,0.014155203877016902,0.9849242717027664,0.9761343449354172,0.9761586636304855,0.17224882543087006,0.9849984496831894,0.07189974933862686,0.12000331282615662
72401,72500,100,2445.536082279081,0.012017026790417731,0.9970678907632827,0.026156408339738847,0.014139381581917404,0.014139381581917404,0.9846092164516449,0.9756076633930206,0.9762237668037415,0.1732272394001484,0.9848560839891434,0.06633729580789804,0.11245498806238174
72501,72600,100,2448.893468668084,0.012201713472604752,0.9970467287302017,0.02660224648192525,0.01440053289756179,0.01440053289756179,0.9846375733613968,0.9750602692365646,0.9762459695339203,0.17239759117364883,0.9849828779697418,0.06411414314061403,0.10889062285423279
72601,72700,100,2452.252488794089,0.012027983041480183,0.997121604681015,0.026250226646661757,0.014222243567928672,0.014222243567928672,0.984501987695694,0.9731109440326691,0.975911557674408,0.17173757776618004,0.9850961267948151,0.07149797212332487,0.12009712681174278
72701,72800,100,2455.601229800077,0.012081740098074079,0.9970825433731079,0.0262226602435112,0.014140920238569379,0.014140920238569379,0.9844461679458618,0.9740669280290604,0.9755196422338486,0.1744634509086609,0.9846398085355759,0.067042694427073,0.11681404337286949
72801,72900,100,2458.9369485280895,0.012058478025719523,0.9970931202173233,0.026253951787948607,0.014195473771542311,0.014195473771542311,0.9840857684612274,0.9758882969617844,0.9756039828062057,0.17073141410946846,0.9852827787399292,0.0578395938500762,0.09488970972597599
72901,73000,100,2462.280269239078,0.012160347448661924,0.9970906740427017,0.026424145605415107,0.014263798277825116,0.014263798277825116,0.9845373183488846,0.9747873544692993,0.9760112762451172,0.1722654327750206,0.985020250082016,0.0631246455013752,0.10966232419013977
73001,73100,100,2465.639473777075,0.012152511277236044,0.9970597517490387,0.02630658561363816,0.014154074434190988,0.014154074434190988,0.9839871972799301,0.9740237295627594,0.9755750000476837,0.1714497245848179,0.985131710767746,0.064347711391747,0.11229389905929565
73101,73200,100,2469.000008844072,0.012103238622657955,0.9970817226171493,0.026296942457556725,0.014193703765049576,0.014193703765049576,0.9841235429048538,0.9750076979398727,0.9754987061023712,0.17173809558153152,0.9851159304380417,0.06574996281415224,0.11280270479619503
73201,73300,100,2472.366917636071,0.011939834910444916,0.997107765674591,0.026036732383072376,0.014096897467970848,0.014096897467970848,0.9836603701114655,0.9754194170236588,0.975022703409195,0.1690787561237812,0.9855687767267227,0.0660597663372755,0.1118330005556345
73301,73400,100,2475.729476354072,0.011920557674020529,0.9971419453620911,0.025819751769304275,0.013899194151163101,0.013899194151163101,0.9833936393260956,0.9718933254480362,0.9747428447008133,0.16852951049804688,0.9856812804937363,0.049261096864938736,0.08173383958637714
73401,73500,100,2479.110986254078,0.011754217864945531,0.9971207880973816,0.025933280326426028,0.014179062461480499,0.014179062461480499,0.9835630655288696,0.9721485376358032,0.9750261306762695,0.17181727290153503,0.9851014763116837,0.06754161044955254,0.11442509293556213
73501,73600,100,2482.472874706078,0.011846215650439262,0.9971858906745911,0.02598330592736602,0.014137090276926756,0.014137090276926756,0.9835051447153091,0.9734771102666855,0.974675640463829,0.17670076340436935,0.9842106848955154,0.08871844597160816,0.14501621387898922
73601,73700,100,2485.8452550500715,0.01152847744524479,0.9972184419631958,0.025428227186203002,0.013899749713018536,0.013899749713018536,0.9835358560085297,0.9754440188407898,0.974919393658638,0.1687324196100235,0.9856394231319427,0.05610195081681013,0.09642045944929123
73701,73800,100,2489.2243840180818,0.011858047316782177,0.9971500849723816,0.02596956605091691,0.014111518692225218,0.014111518692225218,0.9833836406469345,0.975192204117775,0.9751453697681427,0.17139499634504318,0.98515385389328,0.06854587886482477,0.11447746679186821
73801,73900,100,2492.5844624620895,0.01198459695558995,0.9971183472871781,0.0259642805531621,0.013979683546349406,0.013979683546349406,0.9831619709730148,0.97292859852314,0.9748745709657669,0.17160481587052345,0.985126331448555,0.0731816254556179,0.12156523205339909
73901,74000,100,2495.948379950083,0.01201030297204852,0.9970825415849686,0.026076144147664307,0.014065841175615788,0.014065841175615788,0.9828610271215439,0.974603533744812,0.9742163121700287,0.17659389972686768,0.9842081516981125,0.09167240001261234,0.1493406854569912
74001,74100,100,2499.3094681701004,0.013077687923796474,0.9967448115348816,0.027077537961304188,0.013999850023537874,0.013999850023537874,0.9827778786420822,0.973637729883194,0.974164292216301,0.16587119176983833,0.9861413091421127,0.05009163450449705,0.08752210810780525
74101,74200,100,2502.6675486181102,0.011995749035850167,0.9970931190252305,0.025994519609957932,0.01399877062998712,0.01399877062998712,0.9827932119369507,0.9728157073259354,0.9742522090673447,0.1712796576321125,0.9851698726415634,0.0700245164334774,0.11479240655899048
74201,74300,100,2506.0388168171085,0.011863291175104677,0.9971541529893875,0.026040608268231152,0.014177317079156638,0.014177317079156638,0.982744500041008,0.974387064576149,0.9741020351648331,0.17103824391961098,0.9852630198001862,0.058350272476673126,0.09981554374098778
74301,74400,100,2509.4013044231087,0.011848348765634,0.9971525275707245,0.02580285193398595,0.013954503079876304,0.013954503079876304,0.9821327030658722,0.9749291390180588,0.973688006401062,0.1711873561143875,0.9852319806814194,0.0565817067399621,0.09560755733400583
74401,74500,100,2512.752048371118,0.011505550714209676,0.9972436743974685,0.0253356403298676,0.013830089643597603,0.013830089643597603,0.982113391160965,0.975135862827301,0.9736694693565369,0.17281700670719147,0.9849017709493637,0.07799838855862617,0.12865897547453642
74501,74600,100,2516.1014609631184,0.01204188030678779,0.9970727717876434,0.02597119154408574,0.013929311307147146,0.013929311307147146,0.9819876104593277,0.9720044583082199,0.9731839448213577,0.1742352358996868,0.984630897641182,0.08371474966406822,0.13816747069358826
74601,74700,100,2519.453802928125,0.01193379650823772,0.9971736854314804,0.025844148360192776,0.013910351833328605,0.013910351833328605,0.981830433011055,0.9732893854379654,0.9726979434490204,0.1711215302348137,0.9852093905210495,0.06926116161048412,0.11518631130456924
74701,74800,100,2522.8036390821344,0.011670953244902194,0.9972200745344162,0.025616890750825405,0.013945937631651759,0.013945937631651759,0.9819468259811401,0.9726323336362839,0.9733561426401138,0.17068729549646378,0.9852966666221619,0.06645608227699995,0.10772303864359856
74801,74900,100,2526.1522848831264,0.01227767943404615,0.9969962763786316,0.026409673783928157,0.014131994219496846,0.014131994219496846,0.9815019071102142,0.9730413407087326,0.9727837145328522,0.1744104102253914,0.9846130758523941,0.07852935418486595,0.12863000482320786
74901,75000,100,2529.500041118117,0.012459917021915316,0.996971862912178,0.026464571580290794,0.014004654632881284,0.014004654632881284,0.9813454449176788,0.9724078327417374,0.9726305603981018,0.17057748138904572,0.9852935522794724,0.06844047177582979,0.11289276741445065
75001,75100,100,2532.8575206431306,0.011768165500834584,0.9971549654006958,0.02565753236413002,0.013889366835355759,0.013889366835355759,0.9811890125274658,0.973487988114357,0.9723666906356812,0.17435357719659805,0.9846395999193192,0.09057203307747841,0.14809391647577286
75101,75200,100,2536.20939596913,0.011996114966459573,0.9971679872274399,0.025809243991971015,0.013813128890469671,0.013813128890469671,0.9810689836740494,0.9730154275894165,0.9721243977546692,0.17011230811476707,0.9854129552841187,0.05539995525032282,0.0933874249458313
75201,75300,100,2539.550220477131,0.012617040732875466,0.9968929243087769,0.026604401618242263,0.013987360894680024,0.013987360894680024,0.9809563905000687,0.9729081392288208,0.9719692319631577,0.1695098765194416,0.98549784719944,0.06318348087370396,0.10629738308489323
75301,75400,100,2542.891922124123,0.011590317180380226,0.9971956592798233,0.025374302938580513,0.01378398566506803,0.01378398566506803,0.9807633310556412,0.9741738140583038,0.9719391018152237,0.16992559283971786,0.9854379445314407,0.05410721804946661,0.09362368285655975
75401,75500,100,2546.2347661021304,0.012655066391453147,0.9969279181957245,0.026478747613728048,0.013823681240901352,0.013823681240901352,0.9805328547954559,0.9697817414999008,0.9720491617918015,0.17154540121555328,0.9851215481758118,0.08072717860341072,0.13171893544495106
75501,75600,100,2549.5754990351325,0.011739378096535802,0.9972347205877304,0.025443301666527987,0.013703923569992185,0.013703923569992185,0.9804103672504425,0.9717743396759033,0.9717678129673004,0.17396147549152374,0.9846809357404709,0.08686595037579536,0.14053031988441944
75601,75700,100,2552.918314598137,0.011965486407279968,0.9971557807922363,0.025897293109446762,0.013931806674227118,0.013931806674227118,0.9804615825414658,0.9719768315553665,0.9715641140937805,0.1720302812755108,0.9850612133741379,0.06576774455606937,0.10861191526055336
75701,75800,100,2556.266646267133,0.011496448633261025,0.9972672718763351,0.025408217906951903,0.013911769362166523,0.013911769362166523,0.9802781492471695,0.9719734787940979,0.9716833084821701,0.17340925708413124,0.9848287105560303,0.0733445743098855,0.11855579353868961
75801,75900,100,2559.607542911139,0.011966600166633725,0.9971175336837769,0.02579773312434554,0.013831132976338267,0.013831132976338267,0.9806639701128006,0.971285417675972,0.97187340259552,0.16925416886806488,0.9855537414550781,0.06896548066288233,0.11212825030088425
75901,76000,100,2562.9666178441475,0.011709761852398515,0.9972526240348816,0.025555132236331702,0.013845370365306735,0.013845370365306735,0.9800792187452316,0.9722296893596649,0.9714033454656601,0.17148546129465103,0.9851572960615158,0.07589905336499214,0.12355066649615765
76001,76100,100,2566.3243474281426,0.011963125742040575,0.9970825397968293,0.025827702209353445,0.013864576499909163,0.013864576499909163,0.9797995239496231,0.9709401726722717,0.970762625336647,0.1733487732708454,0.984806552529335,0.0731319934129715,0.12299156188964844
76101,76200,100,2569.686477670146,0.01143634123262018,0.9973104029893876,0.025182689651846887,0.013746348395943641,0.013746348395943641,0.9801020175218582,0.9713400602340698,0.9711612612009048,0.16725466027855873,0.9859073013067245,0.053644703701138496,0.08843162283301353
76201,76300,100,2573.0425140481493,0.011520820623263716,0.9972257667779922,0.025423398409038782,0.013902577618137003,0.013902577618137003,0.980005145072937,0.9727451056241989,0.9714977741241455,0.1738327294588089,0.9847208708524704,0.07709124218672514,0.1290336735546589
76301,76400,100,2576.3920534661556,0.012121478826738894,0.9970678901672363,0.025984672252088784,0.013863193374127149,0.013863193374127149,0.9793948829174042,0.9709071815013885,0.9705204218626022,0.17272895202040672,0.9849163591861725,0.07180680334568024,0.12018642947077751
76401,76500,100,2579.7410544291706,0.011635640347376465,0.9972306537628174,0.025335556864738464,0.013699916508048773,0.013699916508048773,0.9796750992536545,0.9734199345111847,0.9707674384117126,0.16927530243992805,0.9855498820543289,0.06642325781285763,0.10954786278307438
76501,76600,100,2583.111208292168,0.011467882823199034,0.9973234248161316,0.025134083684533834,0.013666200758889318,0.013666200758889318,0.9792004376649857,0.9719094336032867,0.9704995453357697,0.17056529596447945,0.9852819442749023,0.07701056450605392,0.12774569913744926
76601,76700,100,2586.458503077176,0.01194574434775859,0.9970939320325851,0.025605970192700625,0.013660225840285421,0.013660225840285421,0.9794213771820068,0.9717069119215012,0.9710032194852829,0.16754066199064255,0.9858443588018417,0.05528825055807829,0.09416806139051914
76701,76800,100,2589.801326352168,0.011876399628818035,0.9971712398529052,0.025657177846878768,0.013780778190121055,0.013780778190121055,0.9790478199720383,0.9688714742660522,0.970524251461029,0.17272798344492912,0.9849069714546204,0.07494313269853592,0.12183765880763531
76801,76900,100,2593.1345116211633,0.011197659173049032,0.9973437696695328,0.02475078381597996,0.013553124535828829,0.013553124535828829,0.9793092906475067,0.9700630754232407,0.970758706331253,0.1671055294573307,0.9859359860420227,0.05338090844452381,0.08873547241091728
76901,77000,100,2596.4709118851642,0.011942291827872396,0.9971614766120911,0.025564068015664815,0.013621776169165968,0.013621776169165968,0.9787767678499222,0.9691823273897171,0.9701442271471024,0.1671750508248806,0.985905721783638,0.06407453771680593,0.10571155324578285
77001,77100,100,2599.8099680921623,0.012369242534041404,0.9970491737127304,0.026054611653089522,0.01368536907248199,0.01368536907248199,0.9780859500169754,0.9709774851799011,0.9690994918346405,0.17005307227373123,0.9853769987821579,0.07354469876736403,0.1186210960149765
77101,77200,100,2603.1466247591507,0.011579727483913303,0.9972859913110733,0.025167580302804707,0.013587852828204633,0.013587852828204633,0.9784224629402161,0.9693084359169006,0.9694316387176514,0.16975439339876175,0.9854614436626434,0.06329535320401192,0.10184201784431934
77201,77300,100,2606.4967169721585,0.011600917601026595,0.9971972852945328,0.025387435890734195,0.013786518275737762,0.013786518275737762,0.9786397367715836,0.9710645079612732,0.9698632657527924,0.17232446745038033,0.9850066602230072,0.07493532449007034,0.12217660062015057
77301,77400,100,2609.8538099591606,0.011767370747402311,0.9971468305587768,0.025477820318192245,0.013710449589416385,0.013710449589416385,0.9782330989837646,0.9696956276893616,0.9690723270177841,0.16816720739006996,0.9857213348150253,0.05997289437800646,0.10003913007676601
77401,77500,100,2613.202359646155,0.011671351073309778,0.9972070503234863,0.02530088437721133,0.013629533229395746,0.013629533229395746,0.9780702590942383,0.9712303727865219,0.9689608067274094,0.1714223064482212,0.9851641654968262,0.07460071565583348,0.12218507379293442
77501,77600,100,2616.542264807149,0.011610128325410187,0.9972396022081376,0.025087548475712537,0.013477420154958963,0.013477420154958963,0.9779911935329437,0.9692359268665314,0.9694307297468185,0.16858318448066711,0.9856362193822861,0.07330646086484194,0.11801745742559433
77601,77700,100,2619.883062648145,0.011530027510598301,0.997264831662178,0.025272464863955974,0.013742437344044447,0.013742437344044447,0.9780819565057755,0.9686920344829559,0.9692727327346802,0.1716604381799698,0.9851098656654358,0.07517471257597208,0.12266050837934017
77701,77800,100,2623.222834972141,0.011772265410982072,0.997217630147934,0.02533742867410183,0.013565163370221853,0.013565163370221853,0.9777968525886536,0.9706907868385315,0.9687501490116119,0.1733941212296486,0.984761044383049,0.09225561656057835,0.14780948124825954
77801,77900,100,2626.5613546741315,0.011457836083136498,0.9972591358423233,0.025081570744514465,0.013623734638094902,0.013623734638094902,0.9776831120252609,0.9690908342599869,0.9685488045215607,0.17227110266685486,0.984989121556282,0.08585095126181841,0.13958080485463142
77901,78000,100,2629.903553266133,0.011592343589290977,0.9972078633308411,0.025143019370734692,0.01355067579075694,0.01355067579075694,0.9774089604616165,0.971056267619133,0.9685757011175156,0.16946900635957718,0.9855104982852936,0.06597315892577171,0.10796499066054821
78001,78100,100,2633.2630524861306,0.011670257905498147,0.997217630147934,0.025229130946099756,0.013558872900903225,0.013558872900903225,0.9772280007600784,0.9665545523166656,0.9684428423643112,0.1710047498345375,0.9851987808942795,0.07556567899882793,0.12294037267565727
78101,78200,100,2636.6405552241267,0.011562683037482202,0.9972876155376434,0.02509636977687478,0.01353368672542274,0.01353368672542274,0.9768152385950089,0.9700575023889542,0.9675249457359314,0.17159122973680496,0.9851157069206238,0.07493182644248009,0.12031840533018112
78201,78300,100,2640.004475479125,0.011916341823525727,0.9971508985757828,0.02522499591112137,0.013308654092252254,0.013308654092252254,0.976767361164093,0.9682265967130661,0.9679740965366364,0.1681794412434101,0.9856897741556168,0.06298792827874422,0.10417096130549908
78301,78400,100,2643.3733493931413,0.01177330442238599,0.9972021669149399,0.02528480825945735,0.013511503711342812,0.013511503711342812,0.976741150021553,0.9684605598449707,0.9675819575786591,0.1682380884885788,0.9857138842344284,0.06622337363660336,0.10919336415827274
78401,78500,100,2646.7425277211278,0.01190858418121934,0.9971395039558411,0.025513853505253793,0.01360526935197413,0.01360526935197413,0.9768955260515213,0.9674524813890457,0.9678972214460373,0.1700492575764656,0.9853870868682861,0.07219591364264488,0.11900409497320652
78501,78600,100,2650.1007236531295,0.011207836102694274,0.9973250544071197,0.024745814371854066,0.013537978241220116,0.013537978241220116,0.9768093526363373,0.9702294766902924,0.9676215052604675,0.16827133670449257,0.9857175201177597,0.058660236187279224,0.09764478541910648
78601,78700,100,2653.46333103512,0.011545639834366739,0.9972713422775269,0.024975101407617332,0.01342946156859398,0.01342946156859398,0.9765473306179047,0.9676451981067657,0.9676034152507782,0.1705162636935711,0.9853134602308273,0.06637238338589668,0.10729061253368855
78701,78800,100,2656.8271406831336,0.011556255430914462,0.9972412317991257,0.02495762251317501,0.013401366909965873,0.013401366909965873,0.975993812084198,0.9683915823698044,0.9668653905391693,0.17132661864161491,0.9851688295602798,0.07886078022420406,0.13093326799571514
78801,78900,100,2660.1863717791366,0.012047515017911792,0.9970695155858994,0.02556146066635847,0.013513945583254099,0.013513945583254099,0.9757983237504959,0.9677507430315018,0.9665893018245697,0.16918793320655823,0.9855569303035736,0.06855284422636032,0.11206020973622799
78901,79000,100,2663.5596008281336,0.011186133469454945,0.9973738795518875,0.024479682445526122,0.013293548999354244,0.013293548999354244,0.976042777299881,0.9693442732095718,0.9674453437328339,0.1682698354125023,0.9857205152511597,0.06704728212207556,0.10767246037721634
79001,79100,100,2666.9234519761376,0.012703937306068837,0.9970638227462768,0.02640594059601426,0.013702003164216875,0.013702003164216875,0.9758471846580505,0.9670564979314804,0.9669491052627563,0.17220355570316315,0.985007032752037,0.07908288575708866,0.12883720360696316
79101,79200,100,2670.269199521148,0.011936483522877097,0.997194846868515,0.025452014096081256,0.013515530610457063,0.013515530610457063,0.9757618010044098,0.9672027677297592,0.9664942026138306,0.16926134750247002,0.9855414032936096,0.06926378700882196,0.10635599493980408
79201,79300,100,2673.6244579911563,0.013217623196542263,0.9969254738092422,0.02685844510793686,0.013640821976587177,0.013640821976587177,0.9749525636434555,0.9676359593868256,0.9654525816440582,0.17224669083952904,0.9849927127361298,0.0756484903395176,0.12178796529769897
79301,79400,100,2676.9783418141596,0.01120729096699506,0.9973502814769745,0.024484341517090797,0.01327705068513751,0.01327705068513751,0.9751729071140289,0.9679723232984543,0.9656368643045425,0.16850297152996063,0.9856743812561035,0.06285693868994713,0.10373243875801563
79401,79500,100,2680.3168857091605,0.011842972314916551,0.9971842658519745,0.025149625204503537,0.0133066529314965,0.0133066529314965,0.9749719500541687,0.9674886018037796,0.9656308889389038,0.17128243669867516,0.9851503968238831,0.07883708365261555,0.12907550111413002
79501,79600,100,2683.681128189164,0.011541131511330604,0.9972778505086899,0.02493992669507861,0.013398795248940587,0.013398795248940587,0.9747989624738693,0.9657091498374939,0.9657716453075409,0.17108481004834175,0.9852085113525391,0.07897059060633183,0.12796898558735847
79601,79700,100,2687.029194749164,0.011605307590216399,0.9972151899337769,0.02495556218549609,0.01335025453940034,0.01335025453940034,0.9745547473430634,0.9654285162687302,0.9656097441911697,0.16718963906168938,0.9858896881341934,0.0621637674048543,0.10260617733001709
79701,79800,100,2690.3764255941715,0.011840901803225279,0.9971639215946198,0.025157002415508032,0.013316100556403398,0.013316100556403398,0.9744643718004227,0.9666442722082138,0.9653381705284119,0.1681569404900074,0.9857311844825745,0.06965977884829044,0.1099533960223198
79801,79900,100,2693.739383769165,0.011838909378275276,0.9972111201286316,0.025157991759479047,0.013319082343950867,0.013319082343950867,0.9744236469268799,0.966741070151329,0.9652044922113419,0.16684787720441818,0.985949233174324,0.06474251952022314,0.10475206561386585
79901,80000,100,2697.094337589171,0.01137003448791802,0.9973445856571197,0.02458552721887827,0.013215492786839604,0.013215492786839604,0.9742934256792068,0.9676854908466339,0.9653807580471039,0.16704029962420464,0.9859510809183121,0.061520121060311794,0.09844633005559444
