first_update,update,updates_in_bin,training_seconds,state_ce,token_accuracy,loss,latent_loss,weighted_latent_loss,latent_rms,predicted_latent_rms,latent_variation_rms,latent_relative_l2,latent_cosine,predicted_state_ce,teacher_predicted_kl
1,100,100,6.9224025619932945,3.7979932260513305,0.09624349201098084,3.8458904910087583,0.04789728377945721,0.04789728377945721,0.9988728761672974,1.0103451013565063,0.1934659704566002,0.1751726232469082,0.9846111983060837,4.345413446426392,0.25026025250554085
101,200,100,12.546900881985493,3.73270485162735,0.1026806666702032,3.7428614020347597,0.010156560018658637,0.010156560018658637,0.9984971582889557,1.0035073161125183,0.24194486811757088,0.15461677312850952,0.987476110458374,4.23585832118988,0.1525522917509079
201,300,100,18.30511348499931,3.533829245567322,0.15632324635982514,3.5857053422927856,0.05187610752880573,0.05187610752880573,0.9986393451690674,0.9868904948234558,0.4995940178632736,0.3483925238251686,0.928990513086319,4.201309323310852,0.2948923110961914
301,400,100,23.8918774160029,3.415361762046814,0.1830403682589531,3.4679309916496277,0.05256923764944076,0.05256923764944076,0.9991829693317413,0.9728382080793381,0.5463893115520477,0.34030964225530624,0.9251591712236404,4.167994141578674,0.4053148254752159
401,500,100,29.474475723996875,3.4027169871330263,0.18479492604732514,3.44853319644928,0.04581619828939438,0.04581619828939438,0.9991717338562012,0.9673911780118942,0.5372121632099152,0.31771478801965714,0.9322793632745743,4.143519997596741,0.40351270884275436
501,600,100,35.13437708899801,3.366628108024597,0.18986491352319718,3.416117377281189,0.04948927015066147,0.04948927015066147,0.9992978125810623,0.9557983577251434,0.5463998019695282,0.3474786505103111,0.9202990680932999,4.14041268825531,0.459953710436821
601,700,100,40.7458244240006,1.8688267505168914,0.452303072810173,2.1992360758781433,0.3304093088209629,0.3304093088209629,1.0040737092494965,0.4850667044520378,0.917780414223671,0.9207389205694199,0.3204459846019745,4.250569224357605,2.112279176712036
701,800,100,46.40197457699651,0.296793856471777,0.9292431825399399,0.7371723484992981,0.4403784936666489,0.4403784936666489,1.0107881724834442,0.3406781554222107,0.992598757147789,1.012782484292984,0.1309083066880703,4.195960283279419,3.6757792830467224
801,900,100,52.024154799002645,0.06325184766203165,0.9845524275302887,0.4987738284468651,0.43552197992801667,0.43552197992801667,1.016375184059143,0.31476619094610214,0.9960377961397171,0.9981590360403061,0.1605980582535267,4.110172986984253,3.9655280709266663
901,1000,100,57.645145293994574,0.034927235506474974,0.9909261280298233,0.4637688010931015,0.42884156554937364,0.42884156554937364,1.0199818313121796,0.2955464571714401,0.9985125660896301,0.9833422303199768,0.2001463994383812,3.9826526641845703,3.899622678756714
1001,1100,100,63.296082277001915,0.027507874872535466,0.9925610554218293,0.44552462965250017,0.4180167543888092,0.4180167543888092,1.0205857753753662,0.2890845388174057,0.9981256276369095,0.9658054709434509,0.2558886185288429,3.797985553741455,3.733433723449707
1101,1200,100,68.9052209620022,0.02211716942489147,0.9940283387899399,0.41912259250879286,0.39700542390346527,0.39700542390346527,1.0177715420722961,0.2972768619656563,0.9931836426258087,0.9342839568853378,0.35711292922496796,3.4467638731002808,3.397440552711487
1201,1300,100,74.51226100799613,0.018020963296294212,0.9953035682439804,0.37531431794166564,0.3572933554649353,0.3572933554649353,1.0115762948989868,0.33730603009462357,0.9840361922979355,0.8768376708030701,0.5055513232946396,2.8890477418899536,2.8460863828659058
1301,1400,100,80.13386303199695,0.015533859701827168,0.9961214393377305,0.31111408174037936,0.29558022290468217,0.29558022290468217,1.0034263134002686,0.43327563256025314,0.9742879718542099,0.7847963571548462,0.656156376004219,2.19997438788414,2.1584023237228394
1401,1500,100,85.73438110599636,0.014675825126469135,0.9963818556070327,0.23498093485832214,0.2203051096200943,0.2203051096200943,0.9951640665531158,0.5742224156856537,0.9656928926706314,0.6685942858457565,0.7697739154100418,1.552981972694397,1.5147604644298553
1501,1600,100,91.3212606769921,0.012427072604186833,0.997106140255928,0.16871025219559668,0.15628317937254907,0.15628317937254907,0.9882858097553253,0.70962293446064,0.9577393233776093,0.5608896762132645,0.8404806852340698,1.075260117650032,1.0473776906728745
1601,1700,100,96.92437410498678,0.010820721122436226,0.9974739772081375,0.1254058554023504,0.11458513416349887,0.11458513416349887,0.9831887185573578,0.8047395944595337,0.9507216364145279,0.47937125712633133,0.8829885572195053,0.772060438990593,0.7478473335504532
1701,1800,100,102.51911719698546,0.010065199411474168,0.9975626808404923,0.10350199460983277,0.09343679510056972,0.09343679510056972,0.9800719916820526,0.8645183742046356,0.9454577267169952,0.4400534853339195,0.8999639749526978,0.6395588964223862,0.6203755587339401
1801,1900,100,108.11996256698694,0.011453384212218224,0.9969059431552887,0.09785752229392529,0.08640413790941238,0.08640413790941238,0.9789804667234421,0.8881301134824753,0.9418002367019653,0.42439882457256317,0.9064935594797134,0.5918549448251724,0.572762742638588
1901,2000,100,113.77538053298122,0.010573517442680895,0.9970573127269745,0.09562049634754657,0.08504697881639003,0.08504697881639003,0.9788287580013275,0.8939812332391739,0.93995301425457,0.42192064970731735,0.9073634743690491,0.6000111252069473,0.5838476121425629
2001,2100,100,119.38832212297893,0.010647397385910154,0.9969751167297364,0.09540393881499767,0.08475654117763043,0.08475654117763043,0.9788903594017029,0.8961252570152283,0.9395186305046082,0.4230562746524811,0.9068506062030792,0.5825480818748474,0.5666965395212173
2101,2200,100,124.98430247996839,0.009861539155244826,0.9972322797775268,0.0947071062028408,0.08484556697309018,0.08484556697309018,0.9789894223213196,0.8938909024000168,0.9384337812662125,0.4197826161980629,0.9081533402204514,0.591848760843277,0.5775428116321564
2201,2300,100,130.57756768597756,0.009675810784101487,0.9971997272968293,0.09443583771586418,0.0847600270807743,0.0847600270807743,0.9791527390480042,0.8930010050535202,0.9393982142210007,0.42136164754629135,0.9073079526424408,0.5862443447113037,0.5723360478878021
2301,2400,100,136.18260558797374,0.00973352774279192,0.9971720588207245,0.09505271106958389,0.08531918339431285,0.08531918339431285,0.9791924506425858,0.8912681341171265,0.9399113953113556,0.42334385216236115,0.906339481472969,0.5812682211399078,0.5688973218202591
2401,2500,100,141.75345558096888,0.00949086736422032,0.9971264851093292,0.09519032761454582,0.08569946020841598,0.08569946020841598,0.9791105836629868,0.8924344480037689,0.9402650445699692,0.4242275133728981,0.9060478955507278,0.5788530707359314,0.5672723352909088
2501,2600,100,147.37495124096495,0.008617165789473802,0.9974113148450852,0.09405092753469944,0.08543376192450523,0.08543376192450523,0.9789054840803146,0.8910411596298218,0.9393101632595062,0.4241826683282852,0.9059770554304123,0.5742947310209274,0.5631566494703293
2601,2700,100,153.02356068196968,0.008911468575242908,0.9972916865348815,0.09454667292535306,0.08563520409166812,0.08563520409166812,0.9786060601472855,0.8873396068811417,0.9391213655471802,0.42260489612817764,0.9065685123205185,0.5572340488433838,0.5462184101343155
2701,2800,100,158.63701034997575,0.007799426375422627,0.9976635950803757,0.09409350931644439,0.08629408262670041,0.08629408262670041,0.9781578332185745,0.8860307931900024,0.9390882700681686,0.4252317547798157,0.9053625613451004,0.5350359082221985,0.5240185409784317
2801,2900,100,164.26051612499577,0.008216111816000193,0.9974975800514221,0.09400966845452785,0.08579355619847774,0.08579355619847774,0.9774469584226608,0.8840981274843216,0.9388205707073212,0.4241775870323181,0.9058492928743362,0.5036806017160416,0.49396198242902756
2901,3000,100,169.87482773698684,0.008146452356595547,0.9974739789962769,0.09250476866960526,0.08435831621289253,0.08435831621289253,0.9765137881040573,0.8823958486318588,0.9373428672552109,0.42097365856170654,0.9073855429887772,0.470546655356884,0.4611968621611595
3001,3100,100,175.47770816497905,0.007204528357833624,0.9978141462802887,0.08926923669874669,0.08206470817327499,0.08206470817327499,0.9753823280334473,0.8812116235494614,0.9365004599094391,0.41574788093566895,0.909792110323906,0.42563751339912415,0.41688408702611923
3101,3200,100,181.09285391498088,0.007937161433510483,0.9974894386529922,0.08687972277402878,0.07894256107509136,0.07894256107509136,0.9739909321069717,0.8828991204500198,0.9345630556344986,0.4074271097779274,0.9135903567075729,0.38084282726049423,0.37331703305244446
3201,3300,100,186.7042915479833,0.007700910195708275,0.9976017439365387,0.08360310785472393,0.07590219743549824,0.07590219743549824,0.9725582003593445,0.8854178935289383,0.9329384565353394,0.3984564021229744,0.9175964593887329,0.33750635385513306,0.3276742845773697
3301,3400,100,192.35955626098257,0.006968674927484244,0.9978686720132828,0.07751980654895306,0.07055113196372986,0.07055113196372986,0.9709144234657288,0.8914145827293396,0.9299984723329544,0.38693469017744064,0.9225166887044907,0.2921890690922737,0.28467927128076553
3401,3500,100,197.9970297259879,0.00787155271274969,0.997493507862091,0.07317103296518326,0.0652994803711772,0.0652994803711772,0.969171330332756,0.8931326270103455,0.9280904680490494,0.3709018900990486,0.9291475117206573,0.2337019070982933,0.22848975658416748
3501,3600,100,203.5919801479813,0.0066477234172634785,0.9979630744457245,0.06702378146350384,0.06037605818361044,0.06037605818361044,0.9675234407186508,0.8975953906774521,0.9251543432474136,0.3564857617020607,0.9347867220640182,0.19257757812738419,0.185526542365551
3601,3700,100,209.1467117909815,0.006819349734578282,0.9978247237205505,0.06204181425273418,0.05522246453911066,0.05522246453911066,0.9657883644104004,0.9021586030721664,0.9224476665258408,0.3435096815228462,0.9396671205759048,0.15543827414512634,0.14989130944013596
3701,3800,100,214.66587176597568,0.00562665770528838,0.9983325397968292,0.055991687178611756,0.050365029238164424,0.050365029238164424,0.9640717804431915,0.9060096591711044,0.92036272585392,0.32782886922359467,0.9452490508556366,0.12384345009922981,0.11841659620404243
3801,3900,100,220.19959501398807,0.005754401292651892,0.9982430207729339,0.05135728884488344,0.045602887570858,0.045602887570858,0.9624109268188477,0.9114120006561279,0.9180358350276947,0.3123028054833412,0.9504760056734085,0.0990607887506485,0.09444565698504448
3901,4000,100,225.75664196698744,0.005477022752165795,0.9983431160449981,0.046739849001169204,0.04126282639801502,0.04126282639801502,0.9609046578407288,0.9141392260789871,0.915705218911171,0.29640602320432663,0.9555378407239914,0.07554804347455502,0.07135257124900818
4001,4100,100,231.32620648299235,0.006243361500091851,0.9980656158924103,0.04346747852861881,0.03722411695867777,0.03722411695867777,0.9595448672771454,0.9169131070375443,0.9134209156036377,0.28289078176021576,0.9596249312162399,0.05942608695477247,0.05519124772399664
4101,4200,100,236.87886705998972,0.006186826322227716,0.9980591005086898,0.03990888852626085,0.033722061924636365,0.033722061924636365,0.9582213759422302,0.9222498387098312,0.9117254167795181,0.26890385150909424,0.9636062979698181,0.04945144895464182,0.04591854475438595
4201,4300,100,242.41488738999033,0.005992011465132237,0.9981404834985733,0.03677871946245432,0.030786707904189824,0.030786707904189824,0.9568703174591064,0.9228411763906479,0.9093398153781891,0.2571493908762932,0.966821625828743,0.04071501083672047,0.03666704520583153
4301,4400,100,247.98637772999064,0.005520993262762204,0.9983187049627305,0.03305173641070724,0.02753074303269386,0.02753074303269386,0.9555881768465042,0.9259644895792007,0.9078502804040909,0.24396942555904388,0.9701913893222809,0.03093008603900671,0.02776577090844512
4401,4500,100,253.6286306299953,0.005455927280709147,0.9983268421888352,0.030437921918928624,0.02498199453577399,0.02498199453577399,0.9543330818414688,0.9269553124904633,0.9062560945749283,0.23305049538612366,0.9728755205869675,0.023083004169166088,0.020533544942736626
4501,4600,100,259.20496570198156,0.004732776612509042,0.9985644727945328,0.027568490728735923,0.02283571407198906,0.02283571407198906,0.9530831575393677,0.9297822564840317,0.9045644998550415,0.22378147765994072,0.975061446428299,0.0196587722748518,0.016974166268482804
4601,4700,100,264.7946242929811,0.00513416163972579,0.9984114801883698,0.026024738252162935,0.0208905765786767,0.0208905765786767,0.9519705921411514,0.9301550090312958,0.9032656848430634,0.21309392526745796,0.9774090945720673,0.01793854311108589,0.014320027781650424
4701,4800,100,270.3739663779779,0.004417981596197933,0.9986523663997651,0.02360989501699805,0.019191913418471814,0.019191913418471814,0.9509217590093613,0.9304462373256683,0.9010445773601532,0.20491477102041245,0.979153960943222,0.014172903262078762,0.01098248828202486
4801,4900,100,275.91968497798734,0.005169252876657993,0.9984000873565674,0.02309122947975993,0.01792197659611702,0.01792197659611702,0.9499792158603668,0.9324847310781479,0.8998701125383377,0.1990782581269741,0.9803774952888489,0.011397658847272396,0.009287070715799928
4901,5000,100,281.47337344798507,0.005085716806352138,0.9984301972389221,0.021783827152103186,0.01669811038300395,0.01669811038300395,0.9491893947124481,0.9337189495563507,0.8987391293048859,0.19158143177628517,0.981838658452034,0.01090840413235128,0.008793787797912955
5001,5100,100,287.1541545419859,0.005346127016237006,0.9982658052444457,0.020946160554885865,0.015600033719092608,0.015600033719092608,0.9484253078699112,0.9348151236772537,0.8968410938978195,0.1851339489221573,0.9830776304006577,0.012709509348496795,0.00885933986864984
5101,5200,100,292.7481570209784,0.004627634770004079,0.9985335475206375,0.01920941472053528,0.014581779949367046,0.014581779949367046,0.9477761387825012,0.9344963580369949,0.8958814144134521,0.18041278794407845,0.9839398562908173,0.010167342610657215,0.007225430803373456
5201,5300,100,298.36044640696673,0.00443307095207274,0.998601907491684,0.018013059180229902,0.013579988200217486,0.013579988200217486,0.9471639394760132,0.9338247776031494,0.8945134431123734,0.17371077090501785,0.9851379543542862,0.008583534741774201,0.00612738449126482
5301,5400,100,303.9527088919658,0.0049716608086600896,0.9984375184774399,0.017797367684543132,0.012825706796720624,0.012825706796720624,0.9466130286455154,0.9343478977680206,0.8927052766084671,0.16769974306225777,0.9861468821763992,0.0071993350284174085,0.004876374150626361
5401,5500,100,309.56309738495474,0.004821396010229364,0.9984513539075851,0.016930101132020356,0.012108705081045628,0.012108705081045628,0.946193590760231,0.9351441711187363,0.8920221924781799,0.16374940425157547,0.9867940694093704,0.007501615094952285,0.005842583952471614
5501,5600,100,315.1573125209652,0.0042434260516893115,0.9986759614944458,0.015709034511819483,0.011465608542785048,0.011465608542785048,0.9457505196332932,0.9357742667198181,0.8905196636915207,0.1594555415213108,0.987495169043541,0.006326240720227361,0.004903759225271642
5601,5700,100,320.7368915289717,0.0046438476187177,0.998562034368515,0.01576147518120706,0.011117627508938313,0.011117627508938313,0.9453389644622803,0.9355788230895996,0.8897108733654022,0.1563713103532791,0.9879927635192871,0.0061052083619870245,0.004608218907378614
5701,5800,100,326.310918784975,0.004341557569568976,0.9985929542779922,0.01487142963334918,0.010529872048646211,0.010529872048646211,0.945025309920311,0.9354870766401291,0.8889589756727219,0.15324249118566513,0.9884721338748932,0.005516874487511814,0.0037792915827594697
5801,5900,100,331.90241204298036,0.004442241715732962,0.9985913276672364,0.014605026226490736,0.01016278451308608,0.01016278451308608,0.944651871919632,0.9365022033452988,0.8880573809146881,0.1513090394437313,0.9887653291225433,0.00655330962035805,0.005022827652283013
5901,6000,100,337.5141790409871,0.003955509421648458,0.9987467676401138,0.013604779979214072,0.00964927053079009,0.00964927053079009,0.9444338381290436,0.9351415485143661,0.8876576721668243,0.1481468230485916,0.9892358034849167,0.006162331206724048,0.004374723648652434
6001,6100,100,343.13638756498403,0.0043898322468157855,0.9986002784967423,0.013941647885367274,0.009551815651357175,0.009551815651357175,0.9441824406385422,0.9367277771234512,0.8870567083358765,0.14496420696377754,0.9896996021270752,0.003651427337899804,0.0029036178602837026
6101,6200,100,348.7578782879882,0.00416414650157094,0.9986417829990387,0.013415399622172117,0.00925125315785408,0.00925125315785408,0.9439515322446823,0.9368075281381607,0.8870930671691895,0.14447178319096565,0.9897831380367279,0.004878747975453734,0.0034373609232716262
6201,6300,100,354.34101146698777,0.004173989696428179,0.9986507338285446,0.013117773104459047,0.008943783435970545,0.008943783435970545,0.9437321722507477,0.9369494169950485,0.8856997489929199,0.14344210177659988,0.9899148046970367,0.00609887414611876,0.005070182553026825
6301,6400,100,359.9032070459871,0.004141966040479019,0.9987199103832245,0.012951545147225262,0.008809579173102974,0.008809579173102974,0.9435465484857559,0.9363417327404022,0.8853854686021805,0.13976897671818733,0.9904285669326782,0.006087336572818458,0.004730140732135624
6401,6500,100,365.4507153549821,0.004254992963979021,0.9986572462320328,0.012765908045694233,0.008510915040969848,0.008510915040969848,0.9434401392936707,0.9361853003501892,0.8851147592067719,0.138029083609581,0.9906784743070602,0.003443595895078033,0.002892537449952215
6501,6600,100,371.0468909049796,0.0036704382149036975,0.9988240778446198,0.01180501028895378,0.008134572077542543,0.008134572077542543,0.9432788491249084,0.9370338022708893,0.8839657604694366,0.13534780219197273,0.9910276681184769,0.0035317062283866107,0.002865980059141293
6601,6700,100,376.6704788709776,0.003989300274988636,0.9987239789962769,0.011844756519421936,0.007855456229299307,0.007855456229299307,0.9431227594614029,0.9369781762361526,0.8824540972709656,0.13402680680155754,0.9912068247795105,0.004720652010291815,0.003525504842400551
6701,6800,100,382.2280515319708,0.003947219550609588,0.9987549060583114,0.011603328604251147,0.007656109062954783,0.007656109062954783,0.9430092126131058,0.9370912164449692,0.8818522989749908,0.13080326467752457,0.9916210025548935,0.0056705636088736355,0.0034499873290769756
6801,6900,100,387.8042826259789,0.003904866184457205,0.9987475788593292,0.01150196036323905,0.007597094201482833,0.007597094201482833,0.9429247975349426,0.9373519718647003,0.8820737451314926,0.13087127730250359,0.9916291534900665,0.004837052838411182,0.003562104975571856
6901,7000,100,393.38959543298733,0.003987237627152354,0.998707702755928,0.011338896248489619,0.007351658665575087,0.007351658665575087,0.9428270906209946,0.9363702535629272,0.881504088640213,0.1296938993036747,0.9917775541543961,0.0035771547409240156,0.002652262250194326
7001,7100,100,398.9729548149862,0.0038657118967967107,0.9987386250495911,0.011079997988417745,0.007214286071248352,0.007214286071248352,0.9427308440208435,0.9374203383922577,0.8811928182840347,0.1278613992035389,0.9920071512460709,0.004125686769839376,0.003481245832517743
7101,7200,100,404.534932236993,0.0038946680189110338,0.9987711811065674,0.010827201483771205,0.006932533467188477,0.006932533467188477,0.9426077753305435,0.9371460527181625,0.8801282048225403,0.12415188364684582,0.9924583286046982,0.0036605186760425568,0.0029354708967730403
7201,7300,100,410.0937755360028,0.0033092708501499144,0.9989396351575851,0.010088599999435247,0.006779329148121178,0.006779329148121178,0.942542240023613,0.9368923455476761,0.8796139508485794,0.12314474396407604,0.9925886690616608,0.00321923109004274,0.0023341795313172042
7301,7400,100,415.68950444399525,0.003621261066291481,0.9988216352462769,0.010247581605799496,0.0066263205558061596,0.0066263205558061596,0.9424178302288055,0.9367446601390839,0.8790136724710464,0.12181869708001614,0.9927374720573425,0.003336411842610687,0.0030241395579651
7401,7500,100,421.2873985749957,0.0031833298323908823,0.9989892774820328,0.009599731285125018,0.006416401397436857,0.006416401397436857,0.9423701465129852,0.9365924447774887,0.8791909217834473,0.11947173438966274,0.9930158257484436,0.003980907145887613,0.0029448620043694973
7501,7600,100,426.83656426398557,0.00398868654621765,0.9987410688400269,0.010418503591790796,0.0064298170572146774,0.0064298170572146774,0.9422959387302399,0.9364811480045319,0.8789399117231369,0.11882152780890465,0.9930965155363083,0.0032222074223682284,0.0023081946128513664
7601,7700,100,432.3940900089674,0.0033948314090957864,0.9989363807439804,0.009619554243981839,0.006224722838960588,0.006224722838960588,0.9422208219766617,0.9366670399904251,0.8782871812582016,0.11831902712583542,0.9931548833847046,0.004614915524143726,0.0032607015455141664
7701,7800,100,437.9441408849634,0.00326499263959704,0.9989534711837769,0.00939261784311384,0.006127625182271004,0.006127625182271004,0.9421117305755615,0.9381533563137054,0.8777297288179398,0.11697045713663101,0.993317723274231,0.002722151344642043,0.0025602879759389907
7801,7900,100,443.52255761295964,0.003252664352185093,0.9989607954025268,0.009242882719263434,0.005990218361839652,0.005990218361839652,0.9420530050992966,0.9379931539297104,0.8771778792142868,0.11574559472501278,0.9934561550617218,0.003939020272810012,0.0031232666806317866
7901,8000,100,449.0823810349684,0.002992984852171503,0.999019387960434,0.008835180345922709,0.0058421955304220315,0.0058421955304220315,0.9419582337141037,0.9369060397148132,0.8773071765899658,0.11397399008274078,0.9936513304710388,0.0023190796200651675,0.0018771226168610156
8001,8100,100,454.6119199549739,0.0031525298053747975,0.9990014851093292,0.008975334488786757,0.005822804695926606,0.005822804695926606,0.941829577088356,0.9370907694101334,0.8764358013868332,0.11489665508270264,0.9935428947210312,0.003801955666858703,0.003522873797919601
8101,8200,100,460.1829434829742,0.0034857498956262136,0.9988891822099686,0.009188032764941454,0.005702282832935453,0.005702282832935453,0.9417411088943481,0.9383281171321869,0.8752752989530563,0.1130894236266613,0.9937488883733749,0.0033484839950688183,0.002544424351071939
8201,8300,100,465.7921785369799,0.003042383958818391,0.9990372920036316,0.008641965119168163,0.005599581161513925,0.005599581161513925,0.9417231529951096,0.9371239393949509,0.8746450394392014,0.11234009824693203,0.9938362091779709,0.0032590818009339273,0.00250826429692097
8301,8400,100,471.34768338997856,0.0033930612995754926,0.9989388197660446,0.008921343847177923,0.005528282579034567,0.005528282579034567,0.9416735023260117,0.9379371404647827,0.8736016154289246,0.11137261427938938,0.9939442127943039,0.0025366073241457343,0.0026004529208876193
8401,8500,100,476.8306215489829,0.002834065036440734,0.9990511268377305,0.008206619624979794,0.005372554576024413,0.005372554576024413,0.9416464120149612,0.937003031373024,0.8734702616930008,0.1095042172819376,0.9941407889127731,0.0029369066760409623,0.0023704672348685563
8501,8600,100,482.38224210597036,0.003048496498959139,0.9990421730279923,0.008319867835380136,0.0052713713143020865,0.0052713713143020865,0.9415876716375351,0.9377681165933609,0.8731857091188431,0.1084865890443325,0.9942565858364105,0.0023017387720756233,0.0020442935347091407
8601,8700,100,487.9030060889727,0.0032064863768755457,0.9989664900302887,0.008381281648762524,0.0051747953100129964,0.0051747953100129964,0.9415381848812103,0.9368475377559662,0.8719674646854401,0.10673170350492,0.9944369792938232,0.0017969681066460907,0.0016200326499529183
8701,8800,100,493.38898242396317,0.002921814116416499,0.9990861213207245,0.007967733964323997,0.005045919860713184,0.005045919860713184,0.9414882808923721,0.9375600218772888,0.871436133980751,0.1073173675686121,0.9943812191486359,0.0027784712438005954,0.002171215455746278
8801,8900,100,498.9113407869663,0.002925381986424327,0.9990438026189804,0.007827143659815192,0.004901761659421027,0.004901761659421027,0.941490650177002,0.9368551969528198,0.8711329251527786,0.10501573793590069,0.9946216344833374,0.00340385822346434,0.002371258131461218
8901,9000,100,504.4880253449519,0.0029269344039494173,0.9990893757343292,0.007802750882692635,0.004875816451385617,0.004875816451385617,0.9414274394512177,0.9365385174751282,0.8711083829402924,0.10480232536792755,0.9946476519107819,0.003113773069344461,0.002606328926049173
9001,9100,100,510.0428488639591,0.002637023229035549,0.999161804318428,0.0073563737329095606,0.004719350524246693,0.004719350524246693,0.9413845092058182,0.9372153431177139,0.8696890622377396,0.1029393095523119,0.9948289394378662,0.0018225297390017658,0.0020173487719148397
9101,9200,100,515.599047110969,0.002678892604308203,0.9991235554218292,0.007429859437979758,0.004750966848805546,0.004750966848805546,0.9413322508335114,0.9375358074903488,0.8704962134361267,0.10414698906242847,0.9947048276662827,0.003267826046794653,0.003069734142627567
9201,9300,100,521.1548471079568,0.002506137646123534,0.9992130726575852,0.007135312021709979,0.004629174373112619,0.004629174373112619,0.9412948340177536,0.9373518824577332,0.8703003972768784,0.10197871923446655,0.99492447078228,0.0022626524441875517,0.0021420209377538413
9301,9400,100,526.7606089879719,0.0025954706600168718,0.9991618037223816,0.0071664338931441305,0.004570963266305625,0.004570963266305625,0.94122314453125,0.9379363656044006,0.8691574335098267,0.10100798308849335,0.9950230419635773,0.0016553681198274717,0.001782999694114551
9401,9500,100,532.3267530679641,0.002633663399174111,0.999156921505928,0.007137347846291959,0.004503684449009598,0.004503684449009598,0.9412763267755508,0.9380402714014053,0.8696238845586777,0.1008194163441658,0.9950424432754517,0.0029467857675626874,0.0019134938484057784
9501,9600,100,537.9020751279731,0.0024907599977450445,0.9991723841428757,0.006822065473534167,0.0043313054880127315,0.0043313054880127315,0.9411876052618027,0.938147783279419,0.8681902587413788,0.09891213476657867,0.9952309727668762,0.0023019815562292933,0.002198189089540392
9601,9700,100,543.4798505329763,0.0026683307674829847,0.9991487842798233,0.007049780311062932,0.0043814495438709855,0.0043814495438709855,0.941163957118988,0.937441498041153,0.8678915500640869,0.09932099841535091,0.9951874315738678,0.0029358181927818805,0.002195389213738963
9701,9800,100,549.0556794849708,0.0024878963621449658,0.9992293494939805,0.006768137244507671,0.0042802408896386625,0.0042802408896386625,0.9411479830741882,0.9381462633609772,0.8680558800697327,0.09861717000603676,0.9952664822340012,0.001771927229128778,0.001957529369974509
9801,9900,100,554.6313504549707,0.0026683221181156114,0.9991414576768876,0.006975594670511782,0.00430727256461978,0.00430727256461978,0.9410834163427353,0.9377447217702866,0.8664467930793762,0.09712415002286434,0.9954033941030502,0.001997824670979753,0.001793030125554651
9901,10000,100,560.1819736339821,0.002768512512848247,0.9991609907150268,0.0070047813560813665,0.004236268850509078,0.004236268850509078,0.9410226941108704,0.9376832544803619,0.865391731262207,0.09688501432538033,0.9954214692115784,0.0014961099077481776,0.001695284474408254
10001,10100,100,565.7730497959692,0.0024585167958866803,0.999243996143341,0.006564004677347839,0.004105487852357328,0.004105487852357328,0.9409778118133545,0.938072994351387,0.8646724224090576,0.09739348851144314,0.9953755587339401,0.0020995608647353947,0.002166712045436725
10101,10200,100,571.3680601769811,0.002403087683778722,0.9992627155780792,0.00640022442676127,0.003997136729303748,0.003997136729303748,0.9409860968589783,0.9377528727054596,0.8641332238912582,0.0947748739272356,0.995618462562561,0.0019737444526981562,0.0014056397776585072
10201,10300,100,576.9513793369788,0.0025786627711204347,0.9992090052366257,0.006632392460014671,0.0040537296724505725,0.0040537296724505725,0.9409255534410477,0.9383084625005722,0.8642799109220505,0.09687770716845989,0.9954179376363754,0.002809123514452949,0.002475219196639955
10301,10400,100,582.5223969849812,0.002465817054035142,0.9991845887899399,0.006315696369856596,0.0038498792983591556,0.0038498792983591556,0.9409021139144897,0.9379777908325195,0.8623983711004257,0.09300955012440681,0.995784655213356,0.002160786563763395,0.001829200831707567
10401,10500,100,588.1671984939803,0.0024706321954727174,0.9992195844650269,0.006305534625425935,0.003834902406670153,0.003834902406670153,0.940864309668541,0.9380472898483276,0.8609215319156647,0.09278223849833012,0.9958080053329468,0.0019658037927001715,0.00174666618113406
10501,10600,100,593.8215528409746,0.0021771134360460565,0.9993050336837769,0.005939324549399316,0.003762211112771183,0.003762211112771183,0.9409164190292358,0.9379973411560059,0.8609990626573563,0.09248573333024979,0.9958278983831406,0.0026690185186453164,0.0014609904756071046
10601,10700,100,599.4029173059807,0.0019705795179470443,0.9993522334098816,0.005644241580739617,0.003673662033397704,0.003673662033397704,0.9409606009721756,0.9389691799879074,0.8620609492063522,0.09040350839495659,0.9960174709558487,0.00194223242579028,0.0016616830980638042
10701,10800,100,604.9995639679782,0.0024659246037481352,0.9992399293184281,0.0061643586400896315,0.003698434045072645,0.003698434045072645,0.9409133791923523,0.938059464097023,0.861309826374054,0.09073060378432274,0.9959860742092133,0.0016506548563484102,0.0014399539795704186
10801,10900,100,610.6127948389822,0.0020006204524543134,0.9993660682439804,0.005625265336129814,0.003624644875526428,0.003624644875526428,0.9408275485038757,0.9374572187662125,0.8599151074886322,0.09021921083331108,0.9960349947214127,0.0011182833986822516,0.0012106835201848298
10901,11000,100,616.2612729139801,0.0021732753026299178,0.9993261897563934,0.005782775371335447,0.003609500075690448,0.003609500075690448,0.9408574402332306,0.9375510960817337,0.8603143393993378,0.09137136489152908,0.9959261119365692,0.002153371780877933,0.002179168863222003
11001,11100,100,621.9275719339803,0.002219315575785004,0.9992993319034577,0.005738243446685374,0.0035189278726466,0.0035189278726466,0.9407966136932373,0.9390316605567932,0.8586985766887665,0.08923163264989853,0.9961267858743668,0.001413094374584034,0.0015318618970923126
11101,11200,100,627.5598663349756,0.002050572145381011,0.999368509054184,0.005587202706374228,0.003536630552262068,0.003536630552262068,0.9407783001661301,0.9387071877717972,0.8590002804994583,0.0890477579087019,0.9961417615413666,0.0018355275969952345,0.0013718005793634802
11201,11300,100,633.1197813589788,0.0019122145160508808,0.9993888545036316,0.005438062197063118,0.003525847673881799,0.003525847673881799,0.9407573342323303,0.9383370727300644,0.8588568717241287,0.08851944841444492,0.996184691786766,0.0012800425756722689,0.0014618129062000662
11301,11400,100,638.7364809489936,0.0020578555911197325,0.999329446554184,0.005560051512438804,0.0035021959058940413,0.0035021959058940413,0.9407274574041367,0.9380698353052139,0.8595604598522186,0.08846746012568474,0.9961847960948944,0.0016396194041590206,0.0015914759860606864
11401,11500,100,644.3263380059961,0.002345669152564369,0.9992627185583115,0.0058636637753807005,0.003517994615249336,0.003517994615249336,0.9407164007425308,0.9380095601081848,0.8584245592355728,0.08797275088727474,0.9962258487939835,0.0012552472326206043,0.001395098166540265
11501,11600,100,649.930826655982,0.0020058637390320657,0.999408382177353,0.005327729019336402,0.003321865266188979,0.003321865266188979,0.9406803548336029,0.9380888938903809,0.8556572198867798,0.08695105090737343,0.996319904923439,0.0014285229553934187,0.0013565310218837112
11601,11700,100,655.5277281989784,0.0021190529031446205,0.9993400275707245,0.005438177480828017,0.0033191245957277715,0.0033191245957277715,0.9406983852386475,0.9377291202545166,0.8563223332166672,0.08650348149240017,0.9963660389184952,0.0014740684273419902,0.0012126253350288607
11701,11800,100,661.1637661779714,0.0021699949254980313,0.999300148487091,0.005444502665195614,0.0032745077437721193,0.0032745077437721193,0.9406862258911133,0.9381606578826904,0.855253741145134,0.0849270150065422,0.9964870810508728,0.0016208092565648258,0.00132923194905743
11801,11900,100,666.7770634609551,0.002303989024658222,0.999276550412178,0.005650268082972616,0.0033462790632620455,0.0033462790632620455,0.9406573176383972,0.9390778988599777,0.8545890152454376,0.08727178908884525,0.9962905496358871,0.0019502720242599025,0.0018324362608836964
11901,12000,100,672.3590720099601,0.002095608343370259,0.9993880409002304,0.0052906032302416865,0.003194994879886508,0.003194994879886508,0.9406768232584,0.9378740936517715,0.853685662150383,0.0835546962916851,0.9966079145669937,0.0013935327006038278,0.001349859478068538
12001,12100,100,677.9239128029603,0.0021221329394029453,0.9993196845054626,0.005360300438478589,0.0032381675392389297,0.0032381675392389297,0.9406718313694,0.9382323920726776,0.8533997237682343,0.0855381079018116,0.9964366406202316,0.0012894473111373372,0.0012439166603144258
12101,12200,100,683.5074051659649,0.0018901849481335374,0.999422219991684,0.005084494207985699,0.0031943092681467533,0.0031943092681467533,0.9406673312187195,0.9386823624372482,0.8522109091281891,0.08439787477254868,0.9965405464172363,0.0011851090821437538,0.0010628835880197585
12201,12300,100,689.1066241579701,0.002286392904643435,0.9992846864461898,0.005449119701515883,0.003162726815789938,0.003162726815789938,0.9406566917896271,0.9380318969488144,0.8523322939872742,0.08592620491981506,0.9963941872119904,0.0021736714988946915,0.001470448900363408
12301,12400,100,694.7355813039721,0.0018787869051448069,0.9994148951768875,0.004925907647702843,0.0030471207411028444,0.0030471207411028444,0.9407157897949219,0.9382593035697937,0.8511536866426468,0.08223435282707214,0.996704950928688,0.0027391786279622465,0.0017510989273432642
12401,12500,100,700.309986759974,0.0017671106838679407,0.9994677937030793,0.004775411931332201,0.0030083012697286905,0.0030083012697286905,0.9407374560832977,0.9381417781114578,0.8509684801101685,0.08301933668553829,0.996642604470253,0.001437022176105529,0.0010260268754791468
12501,12600,100,705.9317844599736,0.001818539346277248,0.9994450068473816,0.004807921275496483,0.0029893819289281962,0.0029893819289281962,0.9407179355621338,0.9383164346218109,0.8499680757522583,0.08204352855682373,0.9967245161533356,0.001938511908520013,0.0014121350541245192
12601,12700,100,711.5671745459749,0.0020707587306969797,0.9993245655298233,0.005094830226153135,0.003024071496911347,0.003024071496911347,0.9407804161310196,0.9382540434598923,0.8501006364822388,0.08253360725939274,0.9966800659894943,0.0020214109972584993,0.0014031058963155374
12701,12800,100,717.2130034729726,0.0018211898658773863,0.9994010585546493,0.004695798826869577,0.0028746089641936124,0.0028746089641936124,0.9407697319984436,0.9381114393472672,0.8496964275836945,0.08204116113483906,0.9967183321714401,0.0018171024858020246,0.0010723786253947765
12801,12900,100,722.824908973982,0.0016781311295926572,0.9994913929700852,0.0045931792259216305,0.002915048091672361,0.002915048091672361,0.9407443553209305,0.9388711452484131,0.8492814749479294,0.08233047462999821,0.9967025816440582,0.0012075172126060352,0.0012490251829149202
12901,13000,100,728.4416055799811,0.0016063294147897977,0.9995068573951721,0.004457443444989622,0.0028511140448972583,0.0028511140448972583,0.9407199770212173,0.9387017637491226,0.848895788192749,0.08002418838441372,0.9968844354152679,0.0008726408850634471,0.001382645990815945
13001,13100,100,734.0641602409796,0.001976431484799832,0.9993668806552887,0.004859966859221458,0.0028835353790782393,0.0028835353790782393,0.9406581073999405,0.9385470151901245,0.8481332510709763,0.08028588071465492,0.9968630224466324,0.002258188324049115,0.0013709965569432825
13101,13200,100,739.6981555389684,0.0019040552311344072,0.999408387541771,0.004743090223055333,0.002839035000652075,0.002839035000652075,0.9406612515449524,0.9389876872301102,0.846345454454422,0.08029689081013203,0.9968680739402771,0.0014883262265357189,0.0010749336943263188
13201,13300,100,745.3490377349754,0.0013351953544770367,0.9996134620904923,0.003989628376439213,0.0026544330408796667,0.0026544330408796667,0.9406549632549286,0.9387710988521576,0.8461451828479767,0.07580986432731152,0.9972088932991028,0.0008812005253275856,0.0007282472870429046
13301,13400,100,750.9851198519809,0.001769499382644426,0.999446634054184,0.0046128408727236095,0.002843341501429677,0.002843341501429677,0.9406684041023254,0.9380392581224442,0.8462756723165512,0.07989598996937275,0.9968967139720917,0.0011565047752810642,0.0010048818221548572
13401,13500,100,756.6315638329761,0.001486420146538876,0.9995353400707245,0.004223729462828487,0.002737309318035841,0.002737309318035841,0.9406773895025253,0.9379689693450928,0.8460287898778915,0.0787025410681963,0.9970019161701202,0.001932471408508718,0.0012515850830823183
13501,13600,100,762.2493519879736,0.0016841436528193298,0.9994840699434281,0.0044313373113982375,0.002747193679679185,0.002747193679679185,0.9406690150499344,0.9388890713453293,0.8458473533391953,0.078579006716609,0.9970018863677979,0.0023227632918860763,0.0015046349144540727
13601,13700,100,767.9064208489872,0.0018686653484473936,0.9994189661741256,0.004683287281077355,0.00281462196726352,0.00281462196726352,0.9406654238700867,0.9387469291687012,0.8450838476419449,0.08054175786674023,0.9968394935131073,0.0016650602337904274,0.001396166771883145
13701,13800,100,773.5797240009852,0.0018102421186631545,0.9994515156745911,0.004545256632845849,0.0027350145392119884,0.0027350145392119884,0.9406465888023376,0.9389294385910034,0.843927726149559,0.0771742481738329,0.9971055090427399,0.0011017199285561219,0.0012160444166511297
13801,13900,100,779.203489879983,0.0018271229322999716,0.9994450050592423,0.004562337952665985,0.002735215041320771,0.002735215041320771,0.9406504482030869,0.9385842531919479,0.842047244310379,0.07784399203956127,0.9970581978559494,0.0008574704988859594,0.0008705648306204239
13901,14000,100,784.8516020869865,0.0017366943323577288,0.9994848799705506,0.004312808299437166,0.002576113962568343,0.002576113962568343,0.9406768828630447,0.938894972205162,0.8403915911912918,0.07706255652010441,0.9971157014369965,0.0018271714507136494,0.0008898719388525933
14001,14100,100,790.4848074609799,0.0015320998191600665,0.9995190632343293,0.004130804883316159,0.0025987050752155484,0.0025987050752155484,0.940615713596344,0.9391638189554214,0.8387268036603928,0.07568385265767574,0.9972175508737564,0.0014741346094524488,0.0008811934822006151
14101,14200,100,796.1004804769782,0.0016669588597869732,0.9994588404893875,0.004261898559052497,0.002594939691480249,0.002594939691480249,0.9407075941562653,0.9390856325626373,0.8398556560277939,0.07688397169113159,0.9971311539411545,0.001140733904321678,0.0011481077526696026
14201,14300,100,801.7032743809668,0.001287786000248161,0.9995800983905793,0.003786823097616434,0.002499037103261799,0.002499037103261799,0.9407866597175598,0.9388327151536942,0.8402578085660934,0.07403451204299927,0.9973366856575012,0.00048885681462707,0.0006204285018611699
14301,14400,100,807.3009292919705,0.0017755934578599407,0.9994791841506958,0.004326848285272717,0.0025512548256665466,0.0025512548256665466,0.9407464563846588,0.9392627775669098,0.8398486226797104,0.07615790516138077,0.9971917122602463,0.0017939379686140455,0.001203000356326811
14401,14500,100,812.8778683229848,0.0013246453991450835,0.9995996290445328,0.0037567616533488034,0.002432116235140711,0.002432116235140711,0.9407355040311813,0.9387958645820618,0.8378566205501556,0.07300391234457493,0.9974119365215302,0.0010809806844918057,0.0007567217035102658
14501,14600,100,818.5148883819766,0.0016089151742926333,0.9995101124048233,0.004084519199095666,0.002475604028441012,0.002475604028441012,0.9407753497362137,0.9391072541475296,0.8393398076295853,0.0751210805028677,0.9972571730613708,0.00126207250286825,0.0013616521609947085
14601,14700,100,824.1860068679835,0.0017553352826507763,0.9994507032632828,0.004180036692414433,0.0024247014126740395,0.0024247014126740395,0.9407330006361008,0.9389242678880692,0.8363172709941864,0.07325130887329578,0.9973952025175095,0.0009782280612853356,0.0010532312880968675
14701,14800,100,829.8421040209741,0.0014002862680354156,0.9995792847871781,0.003805893030948937,0.0024056067573837935,0.0024056067573837935,0.9407988637685776,0.9378183037042618,0.8379272371530533,0.07381741516292095,0.9973598569631577,0.0006171514396555722,0.0006384557273122482
14801,14900,100,835.5412245329771,0.0011709365602291654,0.9996395021677017,0.003480286963749677,0.002309350408613682,0.002309350408613682,0.9408201724290848,0.938675194978714,0.8379918187856674,0.07241891883313656,0.997454509139061,0.0007095989203662612,0.0008731635170988739
14901,15000,100,841.1516689709642,0.0010792611473152648,0.9996753096580505,0.003340083354851231,0.0022608222009148447,0.0022608222009148447,0.9408373683691025,0.9392480999231339,0.837130531668663,0.07133055478334427,0.9975208342075348,0.0007303620768652763,0.0007060852040012833
15001,15100,100,846.784816818943,0.0016040475229965523,0.9995101106166839,0.003963901130482554,0.002359853598754853,0.002359853598754853,0.9408447295427322,0.93926702439785,0.8357715010643005,0.07246391475200653,0.9974462389945984,0.0005879154123249464,0.0006550215875904541
15101,15200,100,852.4267670309418,0.0017504907023976556,0.9994702351093292,0.004189653024077415,0.0024391623330302535,0.0024391623330302535,0.9408423751592636,0.939331442117691,0.8347994834184647,0.07456590980291367,0.9973044544458389,0.001758912461809814,0.0014158456469886005
15201,15300,100,858.0730209009453,0.0015315584444033448,0.9995540535449982,0.003786605861969292,0.0022550474223680794,0.0022550474223680794,0.940874457359314,0.9394459575414658,0.8335863351821899,0.07202439196407795,0.9974836856126785,0.0017152304790215567,0.001426951595931314
15301,15400,100,863.7104051119568,0.0013573057147004874,0.9995768409967423,0.0036179827875457704,0.002260677090380341,0.002260677090380341,0.9409543126821518,0.9392908960580826,0.8321082592010498,0.07121104933321476,0.997535303235054,0.0008499924733769149,0.0009520837775198743
15401,15500,100,869.2517918239573,0.0012660595922352512,0.9995996278524398,0.00351400931365788,0.0022479497082531453,0.0022479497082531453,0.9410457760095596,0.9383959770202637,0.8335239291191101,0.0707432720810175,0.9975727945566177,0.0009885862818919122,0.0009589508117642254
15501,15600,100,874.8079285239473,0.0013647957755893003,0.9995776551961899,0.0036185368336737155,0.0022537410538643597,0.0022537410538643597,0.941037729382515,0.9395494610071182,0.8332080096006393,0.0709843635559082,0.9975558668375015,0.0012441976359696127,0.0009184848386212252
15601,15700,100,880.3884457549593,0.0013043966340046608,0.999612649679184,0.003518817217554897,0.002214420579839498,0.002214420579839498,0.9411446452140808,0.9394472986459732,0.831263855099678,0.07067626714706421,0.9975753724575043,0.0015806608862476423,0.0007306851621251553
15701,15800,100,886.0221550479564,0.0012789128163421992,0.9995963734388351,0.0034823026484809816,0.002203389822971076,0.002203389822971076,0.9411825388669968,0.9399372488260269,0.8314066827297211,0.07101328112185001,0.9975535571575165,0.001166974070656579,0.0009676580230006948
15801,15900,100,891.6098940159427,0.0012044335856626275,0.9996183454990387,0.0033986560441553594,0.002194222463294864,0.002194222463294864,0.941221222281456,0.9394719898700714,0.8325183689594269,0.07066377811133862,0.9975844472646713,0.000682019683154067,0.0006927873619133607
15901,16000,100,897.2114434419509,0.0013873203090042808,0.9995646333694458,0.0035238524398300795,0.002136532113654539,0.002136532113654539,0.9412597268819809,0.9399057626724243,0.8312477171421051,0.06875357404351234,0.9977064877748489,0.0009020565685204929,0.0008242387266363949
16001,16100,100,902.8090693099421,0.0010237673304072815,0.9997013527154922,0.003104280373081565,0.0020805130316875874,0.0020805130316875874,0.9412837326526642,0.9403414279222488,0.831321507692337,0.06906400993466377,0.9976904690265656,0.0011944445868721232,0.0008635771155240946
16101,16200,100,908.4238233519445,0.0013028172914346214,0.9996142745018005,0.003477364849532023,0.002174547561444342,0.002174547561444342,0.9413059502840042,0.940059021115303,0.8315183818340302,0.07035454921424389,0.9976061582565308,0.0014660548622487113,0.000838809137349017
16201,16300,100,914.0205225499412,0.0012135618594038534,0.9996248543262481,0.0033924149652011693,0.0021788531099446117,0.0021788531099446117,0.9413371682167053,0.9396556317806244,0.8307733535766602,0.07054160535335541,0.997594028711319,0.0007225740955618676,0.0006092267867643386
16301,16400,100,919.5850976189431,0.0011735572102770674,0.9996411299705505,0.003288271714700386,0.0021147144970018418,0.0021147144970018418,0.9413657635450363,0.9401462525129318,0.8321482390165329,0.0690272469073534,0.9976923018693924,0.001169934417703189,0.0008957007084973156
16401,16500,100,925.1467139219512,0.0013077816404984332,0.9996134608983993,0.0033827860676683484,0.0020750044262968005,0.0020750044262968005,0.9413093328475952,0.9392833113670349,0.8312277048826218,0.06680459901690483,0.9978400319814682,0.0008829057514958549,0.0005056888912804425
16501,16600,100,930.7196972289476,0.0012885847962388652,0.9996362453699112,0.003381623071618378,0.002093038287712261,0.002093038287712261,0.941332995891571,0.9395112693309784,0.829487070441246,0.06952555477619171,0.9976581335067749,0.0019514380110194907,0.0008676494908286259
16601,16700,100,936.2703507699553,0.001134627419305616,0.9996557813882828,0.003205334694357589,0.0020707072841469197,0.0020707072841469197,0.9413876980543137,0.9394639432430267,0.8284260928630829,0.06785419303923845,0.9977662116289139,0.0009214377132593654,0.0005660163951688446
16701,16800,100,941.8775136419499,0.0009872006406658328,0.9996940290927887,0.003000650112517178,0.0020134494663216172,0.0020134494663216172,0.9414383172988892,0.939486175775528,0.8295130729675293,0.06688815541565418,0.9978360831737518,0.0007839450227038469,0.0005397722306952346
16801,16900,100,947.4448670619477,0.0010779988505964866,0.9996639174222947,0.0031177467561792583,0.002039747895905748,0.002039747895905748,0.9414221793413162,0.9405191540718079,0.8296021074056625,0.06689423695206642,0.997834324836731,0.00018978735170094296,0.0002554512939241249
16901,17000,100,953.0548772209386,0.0012273744298727251,0.9996256691217422,0.003271942213177681,0.002044567794073373,0.002044567794073373,0.9414531290531158,0.9399028718471527,0.8291660845279694,0.0679470244795084,0.9977688789367676,0.0009293761031585746,0.0010626680159475654
17001,17100,100,958.6668989049303,0.0014812170941149816,0.9995613801479339,0.003528634663671255,0.002047417565481737,0.002047417565481737,0.9414561539888382,0.9400618821382523,0.8259775042533875,0.06731920503079891,0.9978107362985611,0.0006261093440116383,0.0005140652428963222
17101,17200,100,964.2693719589242,0.0009199161807191558,0.9997184419631958,0.0027951430925168097,0.001875226927222684,0.001875226927222684,0.9415090978145599,0.9402785003185272,0.8257531225681305,0.06502476800233126,0.9979545474052429,0.0005577468546107411,0.0006495697016362101
17201,17300,100,969.8813853489373,0.00111041695199674,0.9996924012899399,0.003043343793833628,0.0019329268438741565,0.0019329268438741565,0.9415934681892395,0.9397531449794769,0.8268667906522751,0.0673400480300188,0.9978051036596298,0.0005555155803449452,0.0006378078032867052
17301,17400,100,975.4530778999342,0.0008732350544596556,0.999761570096016,0.0026905785722192376,0.0018173435027711094,0.0018173435027711094,0.9416525959968567,0.940578281879425,0.8264505118131638,0.0637039365246892,0.998036190867424,0.000641307735349983,0.0003826799729722552
17401,17500,100,981.036324335937,0.0012464932838702225,0.9996639186143875,0.0031299531215336174,0.0018834598280955107,0.0018834598280955107,0.9415510594844818,0.9403495192527771,0.8221794813871384,0.06350403465330601,0.9980441927909851,0.0005140117318660486,0.0003480440536804963
17501,17600,100,986.6215251499361,0.0011397398281042116,0.9996769362688065,0.0030700113053899257,0.001930271468590945,0.001930271468590945,0.9415529072284698,0.9404650777578354,0.8216569125652313,0.06483195256441832,0.9979642331600189,0.0003804288626270136,0.00022037119924789295
17601,17700,100,992.217872415933,0.0011366798496601405,0.999680193066597,0.0030127451324369757,0.001876065278192982,0.001876065278192982,0.941610649228096,0.940544530749321,0.8211038261651993,0.06427045352756977,0.9980068355798721,0.0002738961629802361,0.0004332942917244509
17701,17800,100,997.782849757923,0.0010005851877940585,0.9997070509195328,0.0028821626026183365,0.001881577423773706,0.001881577423773706,0.9416341334581375,0.9402050971984863,0.8223235011100769,0.06495524384081364,0.9979602098464966,0.0009608529471734073,0.000750375424104277
17801,17900,100,1003.366503382922,0.0011708654731774004,0.9996468275785446,0.0031580935313832016,0.001987228054786101,0.001987228054786101,0.9416432529687881,0.940621480345726,0.8223407119512558,0.0644257701933384,0.997992068529129,0.00047473808808717877,0.0004325747868278995
17901,18000,100,1008.9900194609108,0.0011019112580106594,0.9996704262495041,0.0029959887091536076,0.0018940774537622928,0.0018940774537622928,0.9417395442724228,0.9414186626672745,0.821554958820343,0.06618115026503801,0.9978822618722916,0.0021198664035182446,0.0007699311900069006
18001,18100,100,1014.6045342389007,0.0012478912351070904,0.9996118342876434,0.0031709847203455865,0.0019230934767983853,0.0019230934767983853,0.9418224543333054,0.9408607631921768,0.8206720054149628,0.06598962843418121,0.9978957027196884,0.0015400180272990838,0.0008828378704492934
18101,18200,100,1020.2406173759118,0.001151423674346006,0.9996598482131958,0.0030379484430886807,0.0018865247664507478,0.0018865247664507478,0.9418384879827499,0.9403153508901596,0.8191509991884232,0.06573100201785564,0.9979188144207001,0.0013055040617473423,0.000560906519240234
18201,18300,100,1025.8943161459083,0.0009280165013478836,0.9997233247756958,0.002722426342079416,0.0017944098461885006,0.0017944098461885006,0.941834345459938,0.9412175118923187,0.8181980103254318,0.06312913913279772,0.9980685114860535,0.0007306186143978266,0.00045345536091190297
18301,18400,100,1031.530834928917,0.001228624885188765,0.9996395033597946,0.0030626393121201546,0.0018340144352987408,0.0018340144352987408,0.9418844133615494,0.9409555047750473,0.8172947019338608,0.06383716501295567,0.9980356991291046,0.0011124905868200585,0.0007156067586038262
18401,18500,100,1037.1515666469077,0.001008695708042069,0.9996989095211029,0.002796850118320435,0.0017881544085685164,0.0017881544085685164,0.9419338256120682,0.9403487145900726,0.817249596118927,0.06339767947793007,0.9980630874633789,0.0003678643024613848,0.0003212427836842835
18501,18600,100,1042.7675070979112,0.0008412017310547526,0.9997339016199112,0.002626705192960799,0.0017855034535750748,0.0017855034535750748,0.9419948011636734,0.9401086717844009,0.8179415911436081,0.06495330855250359,0.9979552179574966,0.000739790266379714,0.0008130810965667479
18601,18700,100,1048.370870608902,0.0009891569202227402,0.9996948421001435,0.0028474367945455015,0.0018582798715215177,0.0018582798715215177,0.9419908672571182,0.9405344426631927,0.8195664286613464,0.06521756667643785,0.9979371428489685,0.0008160092984326184,0.0009908938955049962
18701,18800,100,1054.0131208399016,0.0012428894211552687,0.999647639989853,0.0030903489934280513,0.0018474595609586685,0.0018474595609586685,0.9420230686664581,0.9413845539093018,0.8177442848682404,0.06409126613289118,0.998015746474266,0.00040502580304746516,0.0004518697714956943
18801,18900,100,1059.6095535809036,0.0008737917581311195,0.99972576379776,0.00262939318199642,0.0017556014144793153,0.0017556014144793153,0.9420377463102341,0.9416032582521439,0.8183373659849167,0.06111282575875521,0.9981952905654907,0.000498244753543986,0.00029013072708039545
18901,19000,100,1065.2160360169073,0.0008991301537207619,0.9997298336029052,0.002608296188991517,0.001709166025975719,0.001709166025975719,0.9420511871576309,0.9409136176109314,0.8195084482431412,0.062197073362767696,0.9981241822242737,0.000393529426673922,0.0006159637032396859
19001,19100,100,1070.8050079699206,0.0009486369688238483,0.999709488749504,0.002741379764629528,0.0017927428020630032,0.0017927428020630032,0.9421342760324478,0.9410653114318848,0.819256529211998,0.06300740409642458,0.9980839192867279,0.0007112309613148682,0.000539564589416841
19101,19200,100,1076.3759543939123,0.0008721009502914968,0.9997583138942718,0.002481383291888051,0.0016092823445796967,0.0016092823445796967,0.9420632869005203,0.9414699226617813,0.8170346319675446,0.057371415197849274,0.9983832240104675,0.001449818768833211,0.000471433889799755
19201,19300,100,1081.970096364912,8.245744911619113e-06,1.0,0.0005608702357858419,0.0005526244908105583,0.0005526244908105583,0.9419933259487152,0.9418336153030396,0.816877081990242,0.033636235632002354,0.9994517117738724,8.632913022665889e-06,6.620391985734386e-07
19301,19400,100,1087.5341246929129,6.1546175038529325e-06,1.0,0.0005190943324123509,0.0005129397159907967,0.0005129397159907967,0.9418899714946747,0.9415481239557266,0.8149832040071487,0.03659289889037609,0.999330461025238,7.051971465443785e-06,8.023824804581636e-07
19401,19500,100,1093.1039436619194,0.0011800235380087542,0.9996297347545624,0.002877746335580014,0.0016977227909956128,0.0016977227909956128,0.941949337720871,0.9406594336032867,0.8106854557991028,0.06379122752696276,0.9980269968509674,0.0010686495515983552,0.0008155012328643352
19501,19600,100,1098.6652339659195,0.000610366462424281,0.9998152822256088,0.0021226341254077853,0.0015122676629107446,0.0015122676629107446,0.9420586675405502,0.9410955458879471,0.8097505420446396,0.05759263876825571,0.9984008222818375,0.00026977291963703465,0.0003656129538285313
19601,19700,100,1104.2520772138978,0.0008070854352081369,0.9997607570886612,0.002403109824517742,0.0015960243961308151,0.0015960243961308151,0.9421735405921936,0.9412081241607666,0.8093870133161545,0.05844760034233332,0.9983462691307068,0.0007627755003341008,0.0005000040437153075
19701,19800,100,1109.8476728658934,0.0008128338283859193,0.9997249501943588,0.0023915454873349516,0.0015787116601131857,0.0015787116601131857,0.9422208368778229,0.9407300651073456,0.8096068501472473,0.061118739657104015,0.9981988072395325,0.0007983024115674198,0.0004982673199265264
19801,19900,100,1115.4517892158856,0.001208249318806338,0.9996362459659577,0.002876832785550505,0.0016685834666714072,0.0016685834666714072,0.9422492533922195,0.9410562515258789,0.8064499646425247,0.061181516386568546,0.9981992542743683,0.0007081894000293687,0.0005112669023219496
19901,20000,100,1121.043998290903,0.0008155329318105942,0.9997648280858994,0.0023779969231691213,0.0015624639892484994,0.0015624639892484994,0.9423553049564362,0.9412180632352829,0.8048361092805862,0.06035653408616781,0.9982393980026245,0.000493369298055768,0.0005815363838337362
20001,20100,100,1126.6324076059045,0.001051839911924617,0.9996980959177018,0.0026518453378230333,0.00160000542527996,0.00160000542527996,0.942394807934761,0.9412228018045425,0.8045541048049927,0.06043403968214989,0.9982333779335022,0.0008018401385925245,0.0005385099466366228
20101,20200,100,1132.2098689809045,0.0009993148496323556,0.9996948415040969,0.0025876533170230685,0.0015883384644985198,0.0015883384644985198,0.9425527453422546,0.9417551606893539,0.8014836460351944,0.059711754322052,0.998279258608818,0.00047820126928854734,0.0004547001371975057
20201,20300,100,1137.7591544729057,0.0010077476968217525,0.9997143703699112,0.002565227415179834,0.00155747972545214,0.00155747972545214,0.9425868093967438,0.941429078578949,0.8009020984172821,0.060596332885324955,0.9982228428125381,0.0015494683084398275,0.000610902281550807
20301,20400,100,1143.3402666989095,0.0009862775160581804,0.9997363424301148,0.0025235379685182124,0.0015372604527510703,0.0015372604527510703,0.9426383376121521,0.9412163645029068,0.7983282953500748,0.05829968210309744,0.9983615130186081,0.000608260124863591,0.0007511574367526919
20401,20500,100,1148.950256392909,0.0006408090455443016,0.9998169070482255,0.0020586090872529894,0.0014178000495303422,0.0014178000495303422,0.9427134841680527,0.9419194757938385,0.7982583791017532,0.055079241283237934,0.9985391646623611,0.00015010884908406297,0.00023308709933189675
20501,20600,100,1154.5440482169088,0.0011166166591647197,0.9996891438961029,0.0026898645993787794,0.0015732479479629547,0.0015732479479629547,0.9428000450134277,0.9414772093296051,0.7970153391361237,0.058136532083153725,0.9983562231063843,0.0007579869306937326,0.00038957977085374296
20601,20700,100,1160.1332458679226,0.0011546215510861656,0.999657405614853,0.0027086113439872862,0.0015539897873532028,0.0015539897873532028,0.9428944140672684,0.9415060877799988,0.7960901111364365,0.05956063512712717,0.9982875734567642,0.0010734193601820152,0.0005946364763076417
20701,20800,100,1165.6987891559274,0.00038842099984321977,0.9998877048492432,0.0015965093520935625,0.0012080883531598375,0.0012080883531598375,0.9430202096700668,0.941907212138176,0.7966085076332092,0.05242686439305544,0.9986610561609268,0.0003533176868586452,0.00025467702403147996
20801,20900,100,1171.279282980926,0.0008326129615306854,0.9997623854875565,0.002379922306863591,0.0015473093348555267,0.0015473093348555267,0.9431238174438477,0.9426032453775406,0.797337532043457,0.05817903485149145,0.9983662068843842,0.0005883115991309751,0.00046427134657278657
20901,21000,100,1176.8508116819285,0.0006465298936382169,0.9997957521677017,0.0021106887154746803,0.0014641588181257248,0.0014641588181257248,0.943211629986763,0.9419081658124924,0.8002302348613739,0.05760112777352333,0.9983947724103928,0.0002640001166582806,0.00034823255191440694
21001,21100,100,1182.4480537949275,0.0006347338106206735,0.9998071426153183,0.0021119761164300143,0.00147724230424501,0.00147724230424501,0.9431944638490677,0.9427003711462021,0.801214188337326,0.05694551672786474,0.9984310269355774,0.0005765974792666384,0.0003463218454271555
21101,21200,100,1188.0580526989215,0.0007964564953363151,0.9997713351249695,0.0023140508343931286,0.0015175943414215,0.0015175943414215,0.9432718306779861,0.9426412135362625,0.7999425232410431,0.05773099511861801,0.998395562171936,0.0005420369016064797,0.0003538483433658257
21201,21300,100,1193.6566179579186,0.0008477832088465221,0.9997737765312195,0.0023122369579505176,0.0014644537551794202,0.0014644537551794202,0.943390890955925,0.9428922981023788,0.7967747002840042,0.05711379833519459,0.9984255880117416,0.0004938808997394517,0.0004072041774634272
21301,21400,100,1199.2260879329024,0.0009298592650884529,0.9997493642568588,0.002459124089218676,0.0015292648156173528,0.0015292648156173528,0.9434563517570496,0.9421947598457336,0.7957775741815567,0.05890421476215124,0.9983254969120026,0.0009040347940754145,0.0003401068242965266
21401,21500,100,1204.7680163669065,0.0008299901286954992,0.9997754031419754,0.0022685748140793293,0.0014385846932418644,0.0014385846932418644,0.943564236164093,0.9428567588329315,0.7954414486885071,0.05611465498805046,0.9984679371118546,0.000671330275508808,0.0004542526592103968
21501,21600,100,1210.327119269903,2.7012134187316405e-05,0.9999934899806976,0.0006262675116886385,0.0005992553787655197,0.0005992553787655197,0.9435037970542908,0.9433267116546631,0.7965386658906937,0.0341957644559443,0.9994254261255264,1.2052530451001076e-05,3.048280454720498e-06
21601,21700,100,1215.884134415899,5.240069081082765e-06,1.0,0.0003446126732160337,0.0003393726036301814,0.0003393726036301814,0.9434185475111008,0.9435949325561523,0.7954995036125183,0.028324502520263195,0.9996063411235809,5.641301299874613e-06,3.2538918048885535e-07
21701,21800,100,1221.4524744338996,4.063281576236477e-06,1.0,0.0005295529949944466,0.0005254897125996649,0.0005254897125996649,0.9433889836072922,0.9432885050773621,0.7932143956422806,0.03388151712715626,0.9994383752346039,4.128226805732993e-06,4.6767931394242623e-07
21801,21900,100,1226.9851642718968,3.1221237986756022e-06,1.0,0.0006774963394855149,0.000674374216760043,0.000674374216760043,0.9433630406856537,0.9433176666498184,0.7901673913002014,0.04176246281713247,0.9991481453180313,4.708521373686381e-06,1.8395832057649386e-06
21901,22000,100,1232.5127358998961,1.8144957186905232e-06,1.0,0.0005889237415976822,0.0005871092481538653,0.0005871092481538653,0.9433648437261581,0.9431916028261185,0.786609873175621,0.038170802406966686,0.9992890059947968,2.3165433162830595e-06,5.288460158681119e-07
22001,22100,100,1238.059426420894,1.459448481000436e-06,1.0,0.0006186306648305617,0.0006171712174545973,0.0006171712174545973,0.9433431923389435,0.9427287578582764,0.7837996780872345,0.03539113700389862,0.9993900060653687,1.2424966371327173e-06,2.1241541503513872e-07
22101,22200,100,1243.604939229912,0.0013648481643917876,0.999629732966423,0.002789353537373245,0.0014245053665945307,0.0014245053665945307,0.943461000919342,0.9432960003614426,0.7741492986679077,0.05785851087421179,0.9983634352684021,0.002824660172336735,0.0010564942640485242
22201,22300,100,1249.1360636258942,0.0005832177129013871,0.9998136526346206,0.0018551490199752152,0.0012719313090201467,0.0012719313090201467,0.943733274936676,0.9433067888021469,0.7645099312067032,0.0540930749848485,0.9985870718955994,0.0003525585907482309,0.000561153246962931
22301,22400,100,1254.6730865278842,0.0007946824672580988,0.9997534316778183,0.00203396852244623,0.0012392860557883978,0.0012392860557883978,0.9438778311014175,0.9435243308544159,0.7583197951316833,0.05209936760365963,0.9986833333969116,0.0005022875484428369,0.000621843616499973
22401,22500,100,1260.1743187468874,0.001154605048641315,0.9996777504682541,0.002457007791963406,0.0013024027273058892,0.0013024027273058892,0.9440052360296249,0.9431455135345459,0.7521788477897644,0.05500170402228832,0.9985320568084717,0.0004669605605158722,0.0004629501163435634
22501,22600,100,1265.7039819398851,0.0009497027235556743,0.9997273916006089,0.002193379865493625,0.0012436771439388395,0.0012436771439388395,0.9442680180072784,0.9439955055713654,0.7439978271722794,0.052651979960501194,0.9986637383699417,0.0003127818818029482,0.0004014226797153242
22601,22700,100,1271.3057943438798,0.0007317818026240275,0.9997737801074982,0.0019364237191621214,0.001204641911899671,0.001204641911899671,0.9444795399904251,0.944449856877327,0.739824652671814,0.051813228987157345,0.9987031072378159,0.00037459620762092527,0.0006192227338033263
22701,22800,100,1276.9174214348768,0.000737908523879014,0.9997485482692718,0.0019202232488896697,0.0011823147255927324,0.0011823147255927324,0.9446593672037125,0.9436001032590866,0.7378429025411606,0.05220073275268078,0.9986716359853745,0.0004954251380695496,0.0005588315725617576
22801,22900,100,1282.5008841508716,0.0010981022919804673,0.9996777480840683,0.0023691250081174075,0.0012710227107163518,0.0012710227107163518,0.9448705464601517,0.943989709019661,0.7341908365488052,0.05165377911180258,0.998708575963974,0.0001367456252410193,0.00023610968128195964
22901,23000,100,1288.0659956958734,0.000833893919516413,0.9997509908676148,0.0019847019668668506,0.0011508080491330474,0.0011508080491330474,0.9450711309909821,0.9442708194255829,0.7297806888818741,0.04924269765615463,0.9988289177417755,0.0003449747800914338,0.0003239530096834642
23001,23100,100,1293.6699491968702,0.0009513104063989886,0.9997184389829635,0.0021073154214536773,0.001156005027005449,0.001156005027005449,0.9451452344655991,0.9445389658212662,0.7288717180490494,0.05132994335144758,0.9987213462591171,0.001066299710146268,0.0005371980178097147
23101,23200,100,1299.2697267528656,0.0006746248896706675,0.9997933077812194,0.0017419604741735384,0.001067335581756197,0.001067335581756197,0.945390522480011,0.9445004016160965,0.7259600311517715,0.04834351409226656,0.9988598376512527,0.00022669989584755967,0.0002491887462383602
23201,23300,100,1304.8587033018666,0.0011518917690227681,0.9996720552444458,0.002344303199206479,0.0011924114276189357,0.0011924114276189357,0.9455546587705612,0.944995328783989,0.7239714711904526,0.052796452306210995,0.9986507296562195,0.0011288861278444529,0.0007320478616748005
23301,23400,100,1310.4650135198663,0.0006356507643795339,0.9998136520385742,0.0016743705712724476,0.0010387197986710818,0.0010387197986710818,0.9457037448883057,0.9452379196882248,0.7222344875335693,0.04852977767586708,0.9988538473844528,0.00046525780135198147,0.00046694617049070075
23401,23500,100,1316.0984076268578,0.0009558323748024122,0.999732272028923,0.0021883934596553445,0.001232561084907502,0.001232561084907502,0.9459061771631241,0.9444251507520676,0.7205048948526382,0.05075050052255392,0.9987560957670212,0.000437785982285277,0.0005547821747313719
23501,23600,100,1321.712370249852,0.00032994873490679313,0.9999161875247955,0.0012944239750504493,0.0009644752438180148,0.0009644752438180148,0.9459693729877472,0.9451769292354584,0.7236527651548386,0.0462711900472641,0.9989639520645142,0.0004484537603275385,0.0002334417513338849
23601,23700,100,1327.358277655856,0.0007929631572915241,0.9997631984949112,0.0019060222414555028,0.001113059080671519,0.001113059080671519,0.9461109489202499,0.9452324211597443,0.7225117832422256,0.051103041507303715,0.9987321496009827,0.0012929982513014693,0.0006710777815897018
23701,23800,100,1332.8947538828634,0.0010515064519495353,0.9997265762090684,0.0022099446633365005,0.0011584382079308853,0.0011584382079308853,0.9461957365274429,0.945430189371109,0.7196827381849289,0.049484568648040295,0.9988154023885727,0.0005945260318185319,0.000350464545590512
23801,23900,100,1338.4507787728744,0.0004148241031180078,0.9998820066452027,0.0012168616670533083,0.000802037562825717,0.000802037562825717,0.9463087916374207,0.9455545097589493,0.718516543507576,0.04339722078293562,0.9990667551755905,0.0005267033920972608,0.0002904222852748717
23901,24000,100,1343.9711442538828,0.0007131502567244752,0.9997957485914231,0.0018472499132622033,0.0011340996559010819,0.0011340996559010819,0.9464134722948074,0.9457529634237289,0.719217449426651,0.04928506724536419,0.9988262951374054,0.00036608660502679413,0.000419338294705085
24001,24100,100,1349.5623318068756,0.000877930618244136,0.9997314590215683,0.001990202764282003,0.0011122721352148802,0.0011122721352148802,0.946583092212677,0.9456692934036255,0.7190645188093185,0.05064944177865982,0.9987578392028809,0.0009276327291445341,0.000631551374681294
24101,24200,100,1355.1421076608622,0.0006744399651142885,0.9998014456033707,0.0017200528568355367,0.0010456128866644576,0.0010456128866644576,0.9466480165719986,0.9455365836620331,0.7186880260705948,0.04809567239135504,0.9988819658756256,0.00016354466242773924,0.0002477938924130285
24201,24300,100,1360.7196410818597,0.001042429769076989,0.9997290194034576,0.0021746203128714114,0.0011321905453223736,0.0011321905453223736,0.9468295574188232,0.945964589715004,0.7173220366239548,0.05022058170288801,0.9987775832414627,0.0022800075385021046,0.0005848207765666302
24301,24400,100,1366.3195722178662,0.00033157191026475627,0.9999145579338073,0.0012470605911221355,0.0009154886851320043,0.0009154886851320043,0.9470159411430359,0.946340337395668,0.7142077535390854,0.04324986971914768,0.9990879595279694,0.0006840079031462665,0.0002986125014103891
24401,24500,100,1371.9197530238544,9.48073181007203e-06,0.9999991863965988,0.0003594057573354803,0.0003499250253662467,0.0003499250253662467,0.9468431323766708,0.9463783353567123,0.7191862910985947,0.0260481140576303,0.9996672868728638,5.9331564443709794e-06,9.89781291593772e-07
24501,24600,100,1377.5157022588646,3.4421382019900193e-06,1.0,0.00020902510950691067,0.00020558297124807724,0.00020558297124807724,0.9468310177326202,0.9471181035041809,0.7183676958084106,0.022438231855630875,0.9997497648000717,3.6553172435560555e-06,2.0388761257095211e-07
24601,24700,100,1383.0733841298734,0.0007776520957145294,0.9997819113731384,0.001688139167672489,0.0009104870722512715,0.0009104870722512715,0.9470933824777603,0.947003185749054,0.7116069495677948,0.0464837783947587,0.9989389479160309,0.00029821237785654375,0.0003591229396988638
24701,24800,100,1388.631564068879,0.0004980728378632194,0.9998535257577896,0.0014107556483941152,0.0009126828092848882,0.0009126828092848882,0.9471946656703949,0.946424812078476,0.7134710103273392,0.04647528659552336,0.9989386945962906,0.000537765673470858,0.00071171042509377
24801,24900,100,1394.2003957358884,0.000617171587946359,0.9998136562108993,0.0016372087504714727,0.001020037156995386,0.001020037156995386,0.9473336786031723,0.9463163018226624,0.7146525979042053,0.047628920525312424,0.9989037662744522,0.0007047115141176619,0.0005725037663069088
24901,25000,100,1399.8074826038683,0.0008409518525695602,0.999737156033516,0.0018897643993841485,0.0010488125460688025,0.0010488125460688025,0.9475164413452148,0.9462266564369202,0.711768165230751,0.049359001219272614,0.9988258630037308,0.0006953709125809837,0.0008023544723982923
25001,25100,100,1405.373901065872,0.0008686688169836998,0.9997615706920624,0.001950386322569102,0.0010817175026750193,0.0010817175026750193,0.9477820992469788,0.9474235624074936,0.7069231122732162,0.04761639144271612,0.9989049434661865,0.0009266392025892856,0.00031652387770009227
25101,25200,100,1410.9152510708736,0.0008052170236260281,0.9997599416971207,0.001820946388761513,0.0010157293686643243,0.0010157293686643243,0.9479129016399384,0.9468674808740616,0.7067278921604156,0.04836718272417784,0.9988705664873123,0.0006547230241267243,0.0005820509686600417
25201,25300,100,1416.4741492008761,0.0005283462281113315,0.9998510843515396,0.0014784904423868284,0.0009501442068722099,0.0009501442068722099,0.9480403065681458,0.9473169893026352,0.707666665315628,0.04705173149704933,0.9989268779754639,0.00020343305141068413,0.00023782343123457395
25301,25400,100,1421.99258687588,0.0010678858719074924,0.9996858876943588,0.002167824775679037,0.0010999389155767858,0.0010999389155767858,0.9482859075069427,0.9473991841077805,0.7021466940641403,0.049720872193574905,0.9988022744655609,0.0017738814567564987,0.0005963058283668943
25401,25500,100,1427.5176886258814,0.0005954044308600715,0.9998372519016265,0.001564838060294278,0.0009694336296524852,0.0009694336296524852,0.9486339688301086,0.9479648321866989,0.6985683888196945,0.04619590099900961,0.9989661127328873,0.0002886106594814919,0.0004352324831415899
25501,25600,100,1433.072407296875,0.0005523227583216794,0.9998234188556672,0.0015634265961125492,0.0010111038375180215,0.0010111038375180215,0.9486410617828369,0.9479692876338959,0.7021875232458115,0.047621479257941246,0.9989035427570343,0.0003911640687874751,0.00021537170687224716
25601,25700,100,1438.5814891488699,0.0006490524863693281,0.9998242312669754,0.0016184070444433018,0.0009693545592017472,0.0009693545592017472,0.948708713054657,0.9482021927833557,0.7041940540075302,0.04778384603559971,0.9988954812288284,0.0006812043866375461,0.000495013540785294
25701,25800,100,1444.1102649838813,0.0008417356551217381,0.9997452938556671,0.0019585142470896245,0.0011167785874567925,0.0011167785874567925,0.9488963484764099,0.9483284503221512,0.7030004262924194,0.05215730145573616,0.9986753612756729,0.0009914639231283218,0.0011046434883610345
25801,25900,100,1449.6204103568925,0.0006310226308596611,0.9998103982210159,0.0016007365885889158,0.0009697139635682105,0.0009697139635682105,0.9491316080093384,0.9486575424671173,0.7009489983320236,0.045383185148239136,0.9990060031414032,0.00033452013667556457,0.0003722203582583461
25901,26000,100,1455.1457366388986,0.000687144897201506,0.9998095834255218,0.001619806697126478,0.0009326617961050943,0.0009326617961050943,0.9494154900312424,0.949181392788887,0.6983895599842072,0.046378450468182564,0.9989611208438873,0.0008114559386740439,0.00028696936715277843
26001,26100,100,1460.6239819049097,0.0006407025016414991,0.9998250448703766,0.001580910887569189,0.0009402083902386949,0.0009402083902386949,0.9494387954473495,0.9486920386552811,0.698405846953392,0.045571574941277504,0.9989981204271317,0.002264251892484026,0.0004347965477791149
26101,26200,100,1466.1484480539148,0.0009008939834529884,0.9997835421562195,0.001864642386790365,0.0009637484140694141,0.0009637484140694141,0.9497172683477402,0.94914810359478,0.6935391277074814,0.04676146898418665,0.9989362061023712,0.0007649425788258668,0.00036334369724499993
26201,26300,100,1471.680650692926,0.0008373544717505865,0.9997534322738647,0.0017737578350352124,0.0009364033694146201,0.0009364033694146201,0.9499771445989609,0.9492647796869278,0.6892992109060287,0.04489474277943373,0.999022051692009,0.0009033930546138436,0.00031234074413077906
26301,26400,100,1477.2087020749113,0.0007072585519745189,0.9997859835624695,0.0016722941625630483,0.0009650356083875522,0.0009650356083875522,0.9500457942485809,0.9491652548313141,0.6908568888902664,0.04647068399935961,0.9989546686410904,0.0007303197089640889,0.0006963707201066427
26401,26500,100,1482.759567905905,0.0008103069031130871,0.9997762173414231,0.0017982195562217384,0.000987912657437846,0.000987912657437846,0.9502244740724564,0.9491206854581833,0.6902945637702942,0.04767975024878979,0.9988961219787598,0.00012874319872935303,0.00017194047177326865
26501,26600,100,1488.2935856628974,0.0005108079492492834,0.9998331815004349,0.0014159954141359777,0.0009051874629221856,0.0009051874629221856,0.9503012150526047,0.9494921416044235,0.6920769810676575,0.04509147256612778,0.9990136027336121,0.0005839064269821392,0.000473723925097147
26601,26700,100,1493.8364513499037,0.00042260308378899936,0.999875500202179,0.001275075389421545,0.0008524723083246499,0.0008524723083246499,0.9503217786550522,0.9498886615037918,0.6962737739086151,0.04224346671253443,0.9991312474012375,0.0002108005819536629,0.0001963691402124823
26701,26800,100,1499.3719890449065,0.0006079271803719166,0.9998185354471206,0.0015427322266623378,0.000934805046999827,0.000934805046999827,0.9503271877765656,0.9496840387582779,0.698728546500206,0.044945559464395046,0.9990213811397552,0.00033471562437625835,0.0001724158319120761
26801,26900,100,1504.915735798908,0.0006380853653536178,0.9998160910606384,0.0016137975588208064,0.0009757121931761503,0.0009757121931761503,0.9506025314331055,0.949601948261261,0.6963608413934708,0.04863290395587683,0.9988487362861633,0.0007114588352123974,0.000597133141127415
26901,27000,100,1510.4904964019079,0.000647653486848867,0.9997924941778183,0.0016157436254434288,0.0009680901444517075,0.0009680901444517075,0.9508136212825775,0.9501049220561981,0.6933380663394928,0.04648293647915125,0.998952254652977,0.00035250232394901104,0.00047030184214236215
27001,27100,100,1516.0576379249178,0.0007495943531284865,0.9997916787862777,0.0017397573363268747,0.0009901629807427526,0.0009901629807427526,0.9509760737419128,0.9499636292457581,0.6950328648090363,0.04709060210734606,0.9989222139120102,0.0006725378511873714,0.00041508424692437984
27101,27200,100,1521.6025413719144,0.0006967089208410471,0.99979168176651,0.0016298722708597778,0.0009331633447436616,0.0009331633447436616,0.9511336088180542,0.9506951719522476,0.691322073340416,0.044777801260352135,0.9990280717611313,0.000623804216957069,0.00021491715233423747
27201,27300,100,1527.1593703629114,0.0007266693512247002,0.9997965615987777,0.001654105504276231,0.0009274361573625356,0.0009274361573625356,0.9513643085956573,0.9504040032625198,0.6883765906095505,0.04545839596539736,0.9989954382181168,0.00021377240227593575,0.000371615567473782
27301,27400,100,1532.7292111069073,0.0008355332515202463,0.9997518050670624,0.0018419035052647814,0.0010063702566549182,0.0010063702566549182,0.9515251666307449,0.9509885311126709,0.6857764720916748,0.04606167506426573,0.9989705383777618,0.000201352429940016,0.0003137863759548054
27401,27500,100,1538.3187994979162,0.0006919037830994057,0.9998063272237778,0.001617911666398868,0.0009260078863007948,0.0009260078863007948,0.9517284780740738,0.9512803107500076,0.68745157122612,0.044490193016827106,0.9990390986204147,0.00022238757810555398,0.0002962959642900387
27501,27600,100,1543.8958535439197,0.0005496270764888322,0.9998437619209289,0.0014447284489870072,0.0008951013680780307,0.0008951013680780307,0.9518010914325714,0.9508926719427109,0.6880662143230438,0.04481326602399349,0.9990223050117493,0.0003091948965447955,0.00040472267755831126
27601,27700,100,1549.4630298089287,0.00023318782634305536,0.9999251365661621,0.0009530173719394952,0.0007198295433772728,0.0007198295433772728,0.9518281668424606,0.9515255093574524,0.690893366932869,0.037584949284791946,0.9993162304162979,0.0001476253219152568,0.0001855747989907286
27701,27800,100,1554.998484265945,0.0006915914482033259,0.9997892409563065,0.001635123288142495,0.0009435318468604236,0.0009435318468604236,0.9518906623125076,0.9508699625730515,0.6925242245197296,0.04629173595458269,0.9989638328552246,0.0004696622345363721,0.0004601666296366602
27801,27900,100,1560.5342262459308,0.0005013035754018347,0.999838879108429,0.0013958564563654363,0.0008945528825279325,0.0008945528825279325,0.9520862698554993,0.9512129426002502,0.6906599700450897,0.043265960179269314,0.9990914613008499,0.00019624087963165948,0.000135981501898641
27901,28000,100,1566.0684138049382,1.4091830084907997e-05,0.9999991863965988,0.00035863334909663535,0.00034454152031685223,0.00034454152031685223,0.9519966542720795,0.9518381208181381,0.6939518004655838,0.023950792849063873,0.9997124820947647,7.1083940156313474e-06,1.0513869277417598e-06
28001,28100,100,1571.6715699519427,3.6120795357419412e-06,1.0,0.00016114952595671638,0.00015753744635730983,0.00015753744635730983,0.9519898444414139,0.9520015269517899,0.6928555220365524,0.018227587454020977,0.9998383074998856,3.652647421859001e-06,1.1682530143275471e-07
28101,28200,100,1577.2600532189372,0.0004364179318145034,0.9998738676309585,0.0010084261768497527,0.0005720082447805908,0.0005720082447805908,0.9521764814853668,0.9518488198518753,0.6890012323856354,0.03851661318913102,0.9992113560438156,0.00013968114336648796,0.00028788382281064173
28201,28300,100,1582.7832237499315,0.0005308847628566582,0.9998331832885742,0.001394643295207061,0.0008637585368705913,0.0008637585368705913,0.9525154829025269,0.9519939571619034,0.6834336370229721,0.04359251633286476,0.9990768879652023,0.0005452119494293584,0.00035062479059888574
28301,28400,100,1588.3351123609336,0.0007049327429376717,0.9998103958368302,0.001564972274354659,0.0008600395370740444,0.0008600395370740444,0.9528014957904816,0.9520788341760635,0.6799634397029877,0.043151828460395336,0.9990968704223633,0.0003735712753041298,0.00042695755564636784
28401,28500,100,1593.8587280139309,0.0007775968361056584,0.9997900515794754,0.0016734734183410183,0.0008958765788702294,0.0008958765788702294,0.9529390335083008,0.9525778740644455,0.6785613298416138,0.0421732347458601,0.9991403073072433,6.292017087616841e-05,0.00011370307083780062
28501,28600,100,1599.4322352169202,0.0007225560761798988,0.9997786569595337,0.0015916541445767506,0.000869098060647957,0.000869098060647957,0.9532197862863541,0.9527471363544464,0.6749811470508575,0.043830255046486855,0.9990702420473099,0.0013819506248182734,0.0006170211927383207
28601,28700,100,1604.9899235269058,0.00029255408753215307,0.9999210667610169,0.0009022985298361163,0.0006097444421902764,0.0006097444421902764,0.9534444361925125,0.9532269835472107,0.674748420715332,0.03208729159086943,0.9994752258062363,2.4919223619690456e-05,1.7847175641350077e-05
28701,28800,100,1610.571232727907,4.0807821233102e-06,1.0,0.0001632794145552907,0.00015919863159069792,0.00015919863159069792,0.9532527029514313,0.9535123556852341,0.6783416718244553,0.018738816492259502,0.9998300522565842,4.084582599261921e-06,1.60950026639739e-07
28801,28900,100,1616.1383792659071,3.109925951321202e-06,1.0,0.00018512533111788798,0.0001820154040615307,0.0001820154040615307,0.953263446688652,0.952987864613533,0.6775104105472565,0.0188561431132257,0.9998218268156052,3.051184989999456e-06,1.42163774086157e-07
28901,29000,100,1621.7415542919189,2.980406347887765e-06,1.0,0.00036962312980904244,0.0003666427213465795,0.0003666427213465795,0.953325554728508,0.9530312269926071,0.6762349158525467,0.027362630236893892,0.9996190518140793,2.8874012514279457e-06,5.237204945274243e-07
29001,29100,100,1627.3361910269214,1.6569350327699794e-06,1.0,0.0002399318317475263,0.00023827489436371253,0.00023827489436371253,0.9534336477518082,0.9530100226402283,0.6736061424016953,0.023894745390862226,0.9997229725122452,1.7528053604110028e-06,1.7631283455443736e-07
29101,29200,100,1632.8843066589125,1.2396460755326189e-06,1.0,0.00027193645320949144,0.0002706968059646897,0.0002706968059646897,0.9535218328237534,0.9533898085355759,0.6710721552371979,0.024449504911899567,0.999706357717514,1.3286812929891312e-06,1.5922022811309944e-07
29201,29300,100,1638.4342316469028,9.435264541934885e-07,1.0,0.0002761696235393174,0.0002752260961278807,0.0002752260961278807,0.9536105841398239,0.9535293430089951,0.6683839857578278,0.025303116533905268,0.9996836930513382,9.89870883927324e-07,1.377374232447437e-07
29301,29400,100,1643.9934797139013,7.938694341191876e-07,1.0,0.00030648787738755343,0.00030569400696549564,0.00030569400696549564,0.9537628293037415,0.9536722302436829,0.6651461571455002,0.026989069767296314,0.9996402114629745,9.339058664181721e-07,1.8519522093640717e-07
29401,29500,100,1649.539916682901,7.028000834452541e-07,1.0,0.0003294823131000157,0.00032877951278351245,0.00032877951278351245,0.9538780897855759,0.9537218362092972,0.6623453795909882,0.02556226635351777,0.9996769279241562,6.901230023004246e-07,1.1077349171273454e-07
29501,29600,100,1655.0474037759013,6.709332075161001e-07,1.0,0.00037421085871756075,0.00037353992491262033,0.00037353992491262033,0.9540259540081024,0.9536097794771194,0.659142330288887,0.027714083436876535,0.9996126741170883,7.03708963101235e-07,1.5363182193084413e-07
29601,29700,100,1660.6171516589166,6.332370941208864e-07,1.0,0.000375732173997676,0.00037509893605601973,0.00037509893605601973,0.9541720449924469,0.9539343565702438,0.6560941189527512,0.027997224126011133,0.9996057152748108,7.304850484501912e-07,2.517912154331725e-07
29701,29800,100,1666.1811629459153,5.031975609881556e-07,1.0,0.0003071357520821039,0.0003066325538384262,0.0003066325538384262,0.9543106108903885,0.9541113525629044,0.6530158817768097,0.026192099787294865,0.9996617883443832,5.287740592052614e-07,9.837605929874371e-08
29801,29900,100,1671.7218482079152,4.403276824405111e-07,1.0,0.0002867267005785834,0.00028628637213842014,0.00028628637213842014,0.9544247090816498,0.9541646838188171,0.6501271724700928,0.024226870387792587,0.9997100532054901,4.7670730651816484e-07,8.254921812778093e-08
29901,30000,100,1677.2549888249214,4.1640219535565846e-07,1.0,0.00028773343001375906,0.0002873170276870951,0.0002873170276870951,0.9545522928237915,0.9542946517467499,0.6471197605133057,0.025694856885820627,0.9996730536222458,4.7621700360878094e-07,1.0530821636933752e-07
30001,30100,100,1682.7713834579172,4.063191082082085e-07,1.0,0.00029292511884705164,0.0002925187996879686,0.0002925187996879686,0.9546825289726257,0.9546756148338318,0.6441989690065384,0.022681898437440395,0.9997470825910568,3.8415194580920797e-07,5.1728748395873936e-08
30101,30200,100,1688.3251828519278,0.00021919482851728844,0.9999397814273834,0.0006832410000788513,0.0004640461709641386,0.0004640461709641386,0.9548953026533127,0.9544941186904907,0.6403644531965256,0.030741688795387745,0.9995131492614746,4.47957756790629e-05,0.00011874491044761015
30201,30300,100,1693.8977984049397,0.0009699044709441296,0.9997509926557541,0.0017794430704088883,0.0008095385908382013,0.0008095385908382013,0.955483615398407,0.9550588130950928,0.6261852085590363,0.04055429715663195,0.9992042928934097,0.0001841834719016333,0.0002610451374494005
30301,30400,100,1699.500053601938,0.0006772677359458612,0.999780285358429,0.0013831439497880638,0.0007058762153610587,0.0007058762153610587,0.9561259895563126,0.9556769579648972,0.6151579916477203,0.03808814473450184,0.9992941170930862,0.00028520543719423586,0.00020296897491789423
30401,30500,100,1705.1038426149316,0.00045860010320666336,0.9998632901906968,0.0010467094843625091,0.00058810937742237,0.00058810937742237,0.95658940076828,0.9561935216188431,0.6096699237823486,0.03518850542604923,0.9993890225887299,0.0005071567564982615,0.0005609592510609218
30501,30600,100,1710.7071155929298,0.0006163912170541152,0.9998323690891265,0.0012656569737009703,0.0006492657560738735,0.0006492657560738735,0.9570835530757904,0.9567046761512756,0.6022611558437347,0.03709444776177406,0.9993204027414322,0.00034637803946679924,0.00028369938172545517
30601,30700,100,1716.2751548029228,0.0007959356857827516,0.9997729629278183,0.0014953042304841802,0.0006993685459019617,0.0006993685459019617,0.9575671255588531,0.957388162612915,0.5968907922506332,0.03947817254811525,0.9992426484823227,0.0004341189369370113,0.00035607139398052823
30701,30800,100,1721.8844197999151,0.0009977353545218648,0.9997558712959289,0.001709076187107712,0.0007113408303121105,0.0007113408303121105,0.9580300450325012,0.9573276340961456,0.5873122960329056,0.03808116912841797,0.9992947429418564,0.0007556832033515093,0.0001882953383756103
30801,30900,100,1727.4319021289193,0.0007482498556146311,0.9997697079181671,0.0014218085334869101,0.0006735586794093251,0.0006735586794093251,0.9583741575479507,0.9578502327203751,0.5827948898077011,0.03749882522970438,0.999309316277504,0.0006446327952289721,0.0002652026105351979
30901,31000,100,1733.0218895329144,0.00014475161626023692,0.999960128068924,0.0005505314547917806,0.0004057798389112577,0.0004057798389112577,0.9584526121616364,0.9582216292619705,0.5848949998617172,0.027205225080251694,0.9996255338191986,4.945278396917274e-05,4.9361980359208246e-05
31001,31100,100,1738.6365413619114,2.2764469633784756e-06,1.0,0.00010699785845645237,0.0001047214110440109,0.0001047214110440109,0.9583083987236023,0.9581225514411926,0.5890074819326401,0.014496533432975411,0.9998974055051804,2.234718380123013e-06,8.585392485827015e-08
31101,31200,100,1744.2581302759227,1.8806841012519726e-05,0.9999934899806976,0.00017106851286371238,0.00015226167233777231,0.00015226167233777231,0.9583468735218048,0.9582238644361496,0.5891141891479492,0.01914042211137712,0.9997952580451965,2.1364057545270043e-06,4.4863446024834275e-07
31201,31300,100,1749.848843961925,0.0007979761619390047,0.9997762173414231,0.0014537218000623398,0.00065574564243434,0.00065574564243434,0.9587868005037308,0.9583781510591507,0.5816572606563568,0.038446289487183094,0.9992790371179581,0.00026916774731944315,0.0003231708651583176
31301,31400,100,1755.410010628926,0.0007458704678538197,0.9997916787862777,0.0014070797531167045,0.0006612092931754887,0.0006612092931754887,0.959374189376831,0.9591920524835587,0.575917437672615,0.03828588128089905,0.9992832690477371,0.0007162847905419767,0.000549655898794299
31401,31500,100,1760.990401933921,0.0007665047644422884,0.9997900515794754,0.001409287141286768,0.0006427823836565949,0.0006427823836565949,0.9596952944993973,0.9592018127441406,0.5739662051200867,0.03884123172610998,0.9992559254169464,0.0008332273491760134,0.0005152667554284562
31501,31600,100,1766.5853773069211,0.0007062545963344747,0.9998030734062194,0.00133322213368956,0.0006269675417570397,0.0006269675417570397,0.9600403755903244,0.9598503261804581,0.569780632853508,0.03726956248283386,0.9993179589509964,0.000568483261304209,0.0005180354164622258
31601,31700,100,1772.186175464918,0.00038303632326460504,0.9998909616470337,0.0009289934829575941,0.0005459571609389968,0.0005459571609389968,0.9601036161184311,0.959880143404007,0.572525218129158,0.033377955202013254,0.9994521588087082,0.0003904077575498377,0.00024221223566200933
31701,31800,100,1777.7682197779195,0.0008393997621078597,0.9997867959737777,0.0014748394367052242,0.0006354396816459485,0.0006354396816459485,0.9604567885398865,0.9602718204259872,0.5679348558187485,0.03464515972882509,0.9994083493947983,0.0005526020695469924,0.00027858260273205815
31801,31900,100,1783.3582286499168,0.0007594058119047986,0.9997810965776444,0.0013387566598248668,0.0005793508491478861,0.0005793508491478861,0.9606861621141434,0.9603342413902283,0.5679150372743607,0.03604468051344156,0.9993659555912018,0.00048441703165735817,0.0003925386699847877
31901,32000,100,1788.9386119889077,0.0005743184605853458,0.9998372513055801,0.001180336878169328,0.0006060184194939211,0.0006060184194939211,0.9611986726522446,0.9605785459280014,0.5648074448108673,0.03428096603602171,0.9994277060031891,0.00011289088024568628,7.554296541911754e-05
32001,32100,100,1794.552915215907,0.0006918182249864912,0.9998274862766265,0.0012796729459660127,0.000587854731711559,0.000587854731711559,0.9612137973308563,0.9608273208141327,0.5657005161046982,0.03638121020048857,0.9993541985750198,0.0009461217468924588,0.00017301604748354293
32101,32200,100,1800.1487511209107,0.0004808674004925706,0.9998730593919753,0.0010568863205844537,0.0005760189227294177,0.0005760189227294177,0.9613363444805145,0.9607433676719666,0.5679257810115814,0.03449881449341774,0.9994165152311325,5.1121674914611503e-05,0.00011377425198588753
32201,32300,100,1805.7378867309108,0.000710371743862197,0.9997998178005219,0.0013166249080677516,0.0006062531666248106,0.0006062531666248106,0.9618380516767502,0.9613548964262009,0.5634536296129227,0.03560641035437584,0.9993753731250763,0.0004002179712188081,0.00018384291433903854
32301,32400,100,1811.3218845169213,0.000702023270096106,0.9997990018129349,0.0013184283979353496,0.0006164051257655956,0.0006164051257655956,0.9619785994291306,0.9615253955125809,0.5635940581560135,0.03696877881884575,0.99933061003685,0.0004690790419772384,0.0003384771061973879
32401,32500,100,1816.9085839619274,0.0006816038677061443,0.9998234176635742,0.0012828331731725485,0.0006012293029925786,0.0006012293029925786,0.9623354226350784,0.9620025902986526,0.5609499514102936,0.035247729159891605,0.9993928819894791,0.00023601394968864042,0.00029013827042945195
32501,32600,100,1822.5247498799326,0.0006649805424240185,0.9998071426153183,0.0012607936991844326,0.0005958131665829569,0.0005958131665829569,0.9624806195497513,0.9622008949518204,0.5620922744274139,0.03525479789823294,0.9993940889835358,0.00037729427276644856,0.0002964262075693114
32601,32700,100,1828.1079932649336,0.0005346481637025135,0.9998478311300277,0.0011106318148085847,0.0005759836485958658,0.0005759836485958658,0.9626802206039429,0.9622536599636078,0.5635136216878891,0.03572094440460205,0.999378502368927,0.00035177048448531423,0.0003557529744284693
32701,32800,100,1833.696887095939,0.0005288908533020731,0.9998681753873825,0.0011018197139492259,0.0005729288596194237,0.0005729288596194237,0.9628056138753891,0.9625877887010574,0.5644834488630295,0.033491067588329315,0.9994534403085709,9.790243348106742e-05,0.00018256307066621957
32801,32900,100,1839.3273890909477,0.0007164616993031814,0.9998112082481384,0.0012823749842937105,0.000565913288446609,0.000565913288446609,0.9630315899848938,0.9626879692077637,0.5636550486087799,0.03666041744872928,0.9993332475423813,0.0001575373153173132,0.00021286860919644823
32901,33000,100,1844.933397905932,0.0006582306350355793,0.9997973740100861,0.001272182083921507,0.0006139514516689815,0.0006139514516689815,0.9633037000894547,0.9625674933195114,0.5613919347524643,0.0367845268920064,0.9993395507335663,0.0005922385353187565,0.00022029913998267148
33001,33100,100,1850.5132089579292,0.0007407879678794415,0.9997941207885742,0.0013173074676888063,0.0005765194998821244,0.0005765194998821244,0.9636739194393158,0.9637899398803711,0.5573217421770096,0.03476835135370493,0.9994107186794281,0.0004724706286651781,0.00017838027815741953
33101,33200,100,1856.1057459959247,0.0008035176926205167,0.9997859817743301,0.0013826457661343739,0.0005791280686389655,0.0005791280686389655,0.963982492685318,0.9635321646928787,0.5537388473749161,0.03357274644076824,0.999450221657753,0.0009107125224545598,0.00030481978228635853
33201,33300,100,1861.6745420569332,4.7493122756350204e-05,0.9999918633699417,0.0002872490005393047,0.0002397558794473298,0.0002397558794473298,0.9637981653213501,0.9635566622018814,0.5607613176107407,0.01968661230057478,0.9998036921024323,1.583709763508523e-05,9.70642051711934e-06
33301,33400,100,1867.188781434923,3.31326058585546e-06,1.0,8.430722533375956e-05,8.099396443867591e-05,8.099396443867591e-05,0.9635659158229828,0.9634618014097214,0.564697876572609,0.013040867168456316,0.9999169707298279,3.231987705021311e-06,9.056057059808609e-08
33401,33500,100,1872.6884092779273,4.5095416908225164e-06,1.0,0.00016832944755151402,0.00016381990513764322,0.00016381990513764322,0.9635717123746872,0.9633505940437317,0.5653652399778366,0.020847244886681437,0.9997537285089493,2.7628343673313793e-05,4.528511828993942e-05
33501,33600,100,1878.234914271925,0.000610855390505094,0.9998160916566848,0.001185494699748233,0.0005746393097797409,0.0005746393097797409,0.9639996290206909,0.9636658579111099,0.5614867806434631,0.03566078469157219,0.9993767589330673,0.0002007797711485182,0.0002103983933920972
33601,33700,100,1883.7341752329266,0.0007389290704304585,0.9997924935817718,0.0013348853448405863,0.0005959562779753469,0.0005959562779753469,0.9644846320152283,0.9640706479549408,0.5571165084838867,0.03549498785287142,0.9993842840194702,0.0007042872230158537,0.0006497466092696413
33701,33800,100,1889.3024624209156,0.00042370456261778597,0.9998592227697373,0.0009274663918768056,0.0005037618291680701,0.0005037618291680701,0.9647859334945679,0.9644460380077362,0.5546321719884872,0.03195965429767966,0.9994988590478897,0.0007006128835200798,0.0002818109387590084
33801,33900,100,1894.8688894619154,0.0003425921010421007,0.999908047914505,0.0007690707591245882,0.00042647866037441416,0.00042647866037441416,0.9646232724189758,0.9641920477151871,0.5598352253437042,0.030650407075881958,0.9995226263999939,0.0006133782023880485,0.00035781338749529823
33901,34000,100,1900.4314488319105,0.0007385715311102103,0.9998030716180801,0.001357462196610868,0.000618890660116449,0.000618890660116449,0.9653382152318954,0.9647069573402405,0.5535242706537247,0.0351752582937479,0.9993954747915268,0.00021883319914195454,0.0003157161518174689
34001,34100,100,1906.0087839499265,0.0006199683747399831,0.9998274832963944,0.0011266498288023286,0.0005066814532619902,0.0005066814532619902,0.9656247049570084,0.9652229249477386,0.5493710935115814,0.03130495920777321,0.9995175898075104,0.0005170421118236845,0.0001029699460559641
34101,34200,100,1911.5501268389107,0.0005077748658641212,0.9998551547527313,0.001037476072087884,0.0005297012024675496,0.0005297012024675496,0.9654623717069626,0.9648352116346359,0.5524085462093353,0.0333977984264493,0.9994543045759201,0.0001660493458075507,0.00019525176412571454
34201,34300,100,1917.110332692926,0.0005806148140436562,0.9998551559448242,0.0010806852873065508,0.0005000704695703462,0.0005000704695703462,0.9657072871923447,0.965445950627327,0.5511281043291092,0.034352317452430725,0.9994244873523712,0.0002917889332820778,0.00031750506423122715
34301,34400,100,1922.66294229091,0.0006537308988845325,0.999820162653923,0.0012457658528001049,0.0005920349495136179,0.0005920349495136179,0.9661584049463272,0.965903103351593,0.5487633496522903,0.03570309188216925,0.9993752688169479,0.0009412205090484349,0.0004222053121338831
34401,34500,100,1928.2070758649115,0.00052313543760647,0.9998494571447373,0.001070815943821799,0.0005476805093348958,0.0005476805093348958,0.9663086533546448,0.9662747979164124,0.5495763272047043,0.03349824482575059,0.9994387328624725,0.001823824183020406,0.0005139054813980692
34501,34600,100,1933.7313852849038,0.0005526280631602276,0.9998348093032837,0.0011016015167115256,0.0005489734472939744,0.0005489734472939744,0.966352179646492,0.96591617166996,0.5514925420284271,0.034540051594376564,0.9994111657142639,0.0005794787475679186,0.00047987450125219766
34601,34700,100,1939.2775831869058,0.0005600998414047354,0.9998453915119171,0.0011231461135321297,0.000563046270981431,0.000563046270981431,0.966608852148056,0.9659556001424789,0.5498946458101273,0.03451647609472275,0.9994166046380997,0.0007342351600527763,0.0003023167282663053
34701,34800,100,1944.8459109449032,0.0005138729635473283,0.9998624753952027,0.0010575934272492305,0.0005437204649206251,0.0005437204649206251,0.9667734354734421,0.9667073488235474,0.5511771142482758,0.03386340383440256,0.99943508207798,0.0011609961775320699,0.0002238411702819576
34801,34900,100,1950.3998703888956,0.0005155457269211183,0.9998657321929931,0.0010404703801032155,0.0005249246582388878,0.0005249246582388878,0.9670383036136627,0.9667085111141205,0.5494916439056396,0.03395880293101072,0.9994388967752457,0.00032973521865642397,0.00039799963451514486
34901,35000,100,1955.9583063919017,0.0005057335384481121,0.9998453891277314,0.0010574501883820631,0.0005517166468780488,0.0005517166468780488,0.9669802486896515,0.9667729139328003,0.5523714125156403,0.0351154962554574,0.9993963539600372,0.00018795565665641334,0.00018637714583746856
35001,35100,100,1961.508225508902,0.0003075344904300437,0.9999283915758133,0.0007662590459221974,0.00045872455404605717,0.00045872455404605717,0.9670083373785019,0.966563880443573,0.5556560158729553,0.03125816723331809,0.9995202124118805,0.001123966982049751,0.00016115017479023663
35101,35200,100,1967.0530986339127,0.0005516877653735718,0.9998380666971207,0.0011199702037265524,0.000568282438616734,0.000568282438616734,0.967394083738327,0.9670489877462387,0.5531418472528458,0.0347482031211257,0.9994014799594879,0.0009627836202525941,0.000352928077290926
35201,35300,100,1972.5596708749108,0.0005800679851017776,0.9998339968919754,0.0011463229643413797,0.0005662549848784692,0.0005662549848784692,0.967554971575737,0.9672037214040756,0.5534971207380295,0.034010523930191994,0.9994331300258636,0.00018827185840564198,7.900047944531252e-05
35301,35400,100,1978.090391461912,0.0007170494887213863,0.9998006302118302,0.001304227476939559,0.0005871779870358296,0.0005871779870358296,0.9679794013500214,0.9676438868045807,0.5489607602357864,0.035652528051286936,0.9993650764226913,0.001393850381646189,0.0007814861112365179
35401,35500,100,1983.6679208329133,0.0004803313805768994,0.9998624777793884,0.0009874059120193123,0.000507074529887177,0.000507074529887177,0.968159556388855,0.9679070562124252,0.5491093248128891,0.03421282675117254,0.999422699213028,0.00028430796146494686,0.0002076264518109383
35501,35600,100,1989.231062567922,0.0006053472930670978,0.999846203327179,0.0011586774824536405,0.0005533301859395579,0.0005533301859395579,0.9682551473379135,0.9679283946752548,0.5497373640537262,0.036485607735812664,0.9993402659893036,0.0013233770814622403,0.00042142006782341923
35601,35700,100,1994.840744251911,0.00040594479791252527,0.9998738706111908,0.0009378326870501042,0.0005318878902471624,0.0005318878902471624,0.968630239367485,0.9684443026781082,0.5479712188243866,0.032276404555886984,0.9994915425777435,0.0002130614702764433,0.00022031157641322352
35701,35800,100,2000.368720039898,0.00062148236241228,0.9998388779163361,0.0011602366701117717,0.000538754305744078,0.000538754305744078,0.9687343239784241,0.9684903621673584,0.54726842045784,0.03484645113348961,0.9994055032730103,0.00047566678767907433,0.0004953625857524457
35801,35900,100,2005.9318257909108,0.0006032705507641367,0.9998323649168015,0.0011591488012345507,0.0005558782472508028,0.0005558782472508028,0.9689787030220032,0.9685658663511276,0.5456640869379044,0.03321448992937803,0.9994560480117798,0.0005098661022202577,0.00034870010244958394
35901,36000,100,2011.5294980249091,0.0003055678112013993,0.9999104911088943,0.0007846110989339649,0.0004790432841400616,0.0004790432841400616,0.9689609259366989,0.9684045761823654,0.5487567335367203,0.03200284158810973,0.9994959831237793,4.381129838293418e-05,6.213092410689569e-05
36001,36100,100,2017.0797492539095,0.000688673464483145,0.999816905260086,0.0012378853486734443,0.0005492118775146083,0.0005492118775146083,0.969348132610321,0.968840628862381,0.5459556430578232,0.03424944635480642,0.9994231909513474,0.00020423336900421418,0.00028721289982058806
36101,36200,100,2022.6141848959141,0.0006243914439437503,0.9998299264907837,0.0011577165985363535,0.0005333251541014761,0.0005333251541014761,0.9696148335933685,0.9692753553390503,0.5445913821458817,0.03401152091100812,0.9994298666715622,0.0013276412255436298,0.000483637479646859
36201,36300,100,2028.16264572193,0.00040463731176714645,0.9998771274089813,0.0008964727274724283,0.000491835413267836,0.000491835413267836,0.9697216898202896,0.9692158550024033,0.5442866683006287,0.03153563570231199,0.9995145201683044,7.658701042601024e-05,0.00013333286597116967
36301,36400,100,2033.6836697939289,0.0005018910525814136,0.9998437589406968,0.001037464369146619,0.0005355733199394308,0.0005355733199394308,0.9695218205451965,0.9690518081188202,0.5485654920339584,0.03678607102483511,0.9993270635604858,0.0002731464719545329,0.0005405589436122682
36401,36500,100,2039.2119870139177,0.000380984868388623,0.9998982846736908,0.0008717349561629817,0.0004907500933040864,0.0004907500933040864,0.9698911905288696,0.9695052355527878,0.5472752749919891,0.031076265964657068,0.9995287656784058,0.0002913399362114433,0.00023066579706210177
36501,36600,100,2044.7369208599066,0.0007020079492212972,0.9998038846254349,0.0012787552978261374,0.000576747347950004,0.000576747347950004,0.970233678817749,0.9699472039937973,0.5459098666906357,0.034626700915396214,0.9994148910045624,6.17370537838724e-05,6.521891646116273e-05
36601,36700,100,2050.2771159769145,0.0006125729903033062,0.9998445743322373,0.0011445654748240485,0.0005319924862124026,0.0005319924862124026,0.9703888595104218,0.9702315479516983,0.5451098531484604,0.03228363860398531,0.9994935691356659,0.0005271768586680992,0.00019499246809573378
36701,36800,100,2055.8237597589086,0.0006131608923715248,0.9998274874687195,0.0011651503868051805,0.0005519895002362318,0.0005519895002362318,0.9705837219953537,0.970294639468193,0.5444616824388504,0.034738337621092796,0.9994094520807266,0.001054576008755248,0.00035560674950829707
36801,36900,100,2061.396746218912,0.00042581471742778374,0.999872242808342,0.0009330077326740138,0.0005071930162375793,0.0005071930162375793,0.9706311970949173,0.9703248143196106,0.5461914390325546,0.03127222368493676,0.9995218515396118,4.288548916520085e-05,2.812215507219662e-05
36901,37000,100,2066.9972876449083,0.00045995999716978985,0.9998779392242432,0.0009538910535047762,0.0004939310534973629,0.0004939310534973629,0.97098109126091,0.9704588204622269,0.545409619808197,0.03213970735669136,0.9994948357343674,0.0007848085642763181,0.0002413474699096696
37001,37100,100,2072.589982719919,3.425348111022686e-05,0.9999918633699417,0.00026194898724497763,0.00022769550589146092,0.00022769550589146092,0.9707538783550262,0.9706413149833679,0.5498514175415039,0.019561692839488387,0.9998051524162292,8.424794202710473e-06,2.367955151072465e-06
37101,37200,100,2078.140777522918,2.78984967735596e-06,1.0,7.646925321751041e-05,7.367940357653424e-05,7.367940357653424e-05,0.9705584049224854,0.9705179929733276,0.5520798563957214,0.012424837099388242,0.9999246001243591,2.7695743938238593e-06,7.888281583490198e-08
37201,37300,100,2083.6717080259205,2.268578987241199e-06,1.0,0.0001254924987006234,0.000123223919836164,0.000123223919836164,0.9706860929727554,0.9704378247261047,0.5510171800851822,0.014228515094146132,0.9998970776796341,2.201516849709151e-06,1.1611410499767771e-07
37301,37400,100,2089.196466913909,1.684185644990066e-06,1.0,0.0001231761963572353,0.00012149201022111811,0.00012149201022111811,0.9707515835762024,0.9704941362142563,0.5501741170883179,0.015465233009308577,0.9998787492513657,1.7103271545693133e-06,1.1974607794229541e-07
37401,37500,100,2094.7121964179096,1.3657429087743367e-06,1.0,0.0001567344093200518,0.00015536866543698125,0.00015536866543698125,0.9709280580282211,0.970798134803772,0.5481254458427429,0.019044752698391676,0.9998175501823425,1.4632308875661693e-06,1.9237249482273455e-07
37501,37600,100,2100.2574320999083,1.0102998595584722e-06,1.0,0.00011337328010995407,0.00011236297963478137,0.00011236297963478137,0.9710121601819992,0.970867857336998,0.5463204383850098,0.014847216429188848,0.9998912215232849,1.037521997204749e-06,6.211349212748019e-08
37601,37700,100,2105.86685034491,8.930507374316221e-07,1.0,0.00013896709053369703,0.00013807403949613216,0.00013807403949613216,0.9711585640907288,0.9709935486316681,0.5442768037319183,0.017835197504609823,0.999841719865799,9.435457997142294e-07,1.0141336481694907e-07
37701,37800,100,2111.436680142917,7.468678671784801e-07,1.0,0.00012116550031350926,0.00012041863228660077,0.00012041863228660077,0.9712967723608017,0.9713161587715149,0.5421341508626938,0.01673469552770257,0.9998617470264435,8.082633797812377e-07,7.522953815453093e-08
37801,37900,100,2117.1038475119203,6.666186811798979e-07,1.0,0.0001297434860316571,0.0001290768673788989,0.0001290768673788989,0.9714076668024063,0.9714277386665344,0.540294960141182,0.01711265090852976,0.9998539537191391,6.972164925400648e-07,7.140376290237782e-08
37901,38000,100,2122.732560823928,5.749546801325777e-07,1.0,0.00011286116379778832,0.0001122862088959664,0.0001122862088959664,0.9715472161769867,0.9716138690710068,0.5381215959787369,0.01663950178772211,0.999862477183342,6.311799580771549e-07,5.981694251033787e-08
38001,38100,100,2128.366878621935,5.452700409591671e-07,1.0,0.00013265094588859938,0.00013210567551141138,0.00013210567551141138,0.9716682285070419,0.9715671688318253,0.5364369451999664,0.015847316943109035,0.9998760670423508,5.499247350826408e-07,4.665656128111095e-08
38101,38200,100,2134.0241568319307,4.91246076137486e-07,1.0,0.00012105456546123605,0.00012056331950589084,0.00012056331950589084,0.9717802554368973,0.9719260483980179,0.5344874262809753,0.015064194332808256,0.9998871088027954,4.855682291804442e-07,3.896082256815703e-08
38201,38300,100,2139.671181083926,4.5745228050009246e-07,1.0,0.00011865294523886404,0.00011819549326901324,0.00011819549326901324,0.9719138890504837,0.9718049913644791,0.532672330737114,0.014938065549358726,0.9998896270990372,4.6058919878078086e-07,3.567138495697009e-08
38301,38400,100,2145.262014183927,4.292258353189027e-07,1.0,0.00011966385878622532,0.0001192346330935834,0.0001192346330935834,0.9720351696014404,0.971973717212677,0.5305881202220917,0.015807409305125475,0.9998759776353836,4.35252999864133e-07,3.8888595454977803e-08
38401,38500,100,2150.859964516929,4.0333904109957076e-07,1.0,0.00011166505893925205,0.0001112617198668886,0.0001112617198668886,0.9721968024969101,0.9720847010612488,0.5287749022245407,0.01590065471827984,0.999874621629715,4.243628737299332e-07,4.2238925246351755e-08
38501,38600,100,2156.4417744929196,3.8166047346521735e-07,1.0,0.00011251962183450815,0.00011213796118681784,0.00011213796118681784,0.9722535759210587,0.9720733612775803,0.5270990580320358,0.01569046708755195,0.9998769462108612,4.178277350774806e-07,4.3269933858169907e-08
38601,38700,100,2161.9713417269213,3.7919052829238355e-07,1.0,0.00012787567779014351,0.00012749648733006324,0.00012749648733006324,0.9723602533340454,0.972364753484726,0.525385245680809,0.01551199471578002,0.9998809248209,3.8214115249957104e-07,3.592242503458465e-08
38701,38800,100,2167.525017973916,3.4777915345785006e-07,1.0,0.00010469537279277575,0.00010434759373310953,0.00010434759373310953,0.9724752008914948,0.97227543592453,0.5236035883426666,0.01585936057381332,0.9998743236064911,3.692402117394522e-07,4.025303734778163e-08
38801,38900,100,2173.0717456479124,3.447390690780594e-07,1.0,0.00011657511597150005,0.0001162303769524442,0.0001162303769524442,0.9725323915481567,0.9723633974790573,0.5220235288143158,0.014245650032535195,0.9998967051506042,3.483278234739373e-07,2.8900923210173346e-08
38901,39000,100,2178.645692612896,3.2497001058118257e-07,1.0,0.00010165025800233707,0.00010132528776011895,0.00010132528776011895,0.9726361483335495,0.9726353585720062,0.5202887952327728,0.014059653505682945,0.9999015182256699,3.401443464667864e-07,2.823078482094843e-08
39001,39100,100,2184.251045679888,3.166396288634132e-07,1.0,0.00010662586457328871,0.00010630922486598137,0.00010630922486598137,0.9727593064308167,0.9725724756717682,0.5186602026224136,0.014303144067525864,0.999898374080658,3.142948727941075e-07,2.8411535346606343e-08
39101,39200,100,2189.819787013894,3.0965820371875455e-07,1.0,0.00010972613868943881,0.0001094164805181208,0.0001094164805181208,0.9728818088769913,0.9727540463209152,0.5170312821865082,0.014786133309826255,0.9998908936977386,3.209649293012262e-07,3.180224128485065e-08
39201,39300,100,2195.42246351589,2.9288635658986097e-07,1.0,9.524859218799975e-05,9.495570586295798e-05,9.495570586295798e-05,0.9729495197534561,0.97284135222435,0.515276700258255,0.01476945891045034,0.9998920559883118,3.1923722332294346e-07,3.388255009895147e-08
39301,39400,100,2201.005119022888,2.930847446691587e-07,1.0,0.00010240882133075502,0.00010211573644482996,0.00010211573644482996,0.9730214923620224,0.9728581756353378,0.5138735771179199,0.014802803983911872,0.9998913407325745,3.203484695291081e-07,3.462712694357606e-08
39401,39500,100,2206.589904403898,2.8527104689146654e-07,1.0,9.955739093129523e-05,9.927212013280951e-05,9.927212013280951e-05,0.9730810075998306,0.9729366153478622,0.5125667452812195,0.013091902947053313,0.9999149888753891,2.8543180263795875e-07,2.4335032211553198e-08
39501,39600,100,2212.1494737139146,2.785236202385022e-07,1.0,9.583971004758495e-05,9.55611864628736e-05,9.55611864628736e-05,0.9732044339179993,0.9730518609285355,0.5110473036766052,0.01247269008308649,0.9999228417873383,2.7264199786714016e-07,2.138187005229497e-08
39601,39700,100,2217.719103751908,2.8086647517966413e-07,1.0,0.00010187790001509712,0.00010159703349927441,0.00010159703349927441,0.9732929170131683,0.9732084721326828,0.5093131512403488,0.016162386629730463,0.9998690336942673,3.0965147601591525e-07,4.382003426783854e-08
39701,39800,100,2223.2545541998807,2.7497750934912804e-07,1.0,0.00010070490297948708,0.00010042992573289667,0.00010042992573289667,0.9733568131923676,0.9733281582593918,0.507974699139595,0.014307374833151698,0.9998963326215744,2.915171464223931e-07,3.260463810050851e-08
39801,39900,100,2228.816517006868,2.706980831135297e-07,1.0,9.73655473717372e-05,9.709484955237713e-05,9.709484955237713e-05,0.9734687358140945,0.9734694808721542,0.506469264626503,0.013385682133957744,0.9999100267887115,2.6911249761951694e-07,2.5009462722991316e-08
39901,40000,100,2234.397791723881,2.717701684673557e-07,1.0,9.917186423990642e-05,9.890009412629297e-05,9.890009412629297e-05,0.9735478460788727,0.9734404981136322,0.5049285441637039,0.014895935775712132,0.9998894184827805,2.874505540262362e-07,3.366455558762027e-08
40001,40100,100,2239.971633806872,2.593053899602182e-07,1.0,8.530861003237079e-05,8.504930468916427e-05,8.504930468916427e-05,0.9736109226942062,0.9735701531171799,0.5035547167062759,0.01444606645964086,0.9998961836099625,2.8116676986655875e-07,2.9026279602106797e-08
40101,40200,100,2245.531278336828,2.6227514510424043e-07,1.0,9.469462325796485e-05,9.443234805075917e-05,9.443234805075917e-05,0.9736589193344116,0.9737173467874527,0.502285048365593,0.015063632046803832,0.9998859465122223,2.9277655499981847e-07,3.935171166702389e-08
40201,40300,100,2251.1441001718304,2.562491000901446e-07,1.0,9.018219188874354e-05,8.9925942447735e-05,8.9925942447735e-05,0.9737431406974792,0.9738157540559769,0.5011427104473114,0.012856971705332398,0.999917671084404,2.580503988269811e-07,2.1669139593782916e-08
40301,40400,100,2256.7342825908054,2.504821762272513e-07,1.0,8.350355576112633e-05,8.325307338964194e-05,8.325307338964194e-05,0.9737830460071564,0.973708763718605,0.4997701719403267,0.012917072512209415,0.9999167919158936,2.586615863719999e-07,2.3216424782646072e-08
40401,40500,100,2262.287740582786,2.5520456361505237e-07,1.0,8.947584858105984e-05,8.922064425860299e-05,8.922064425860299e-05,0.9738555401563644,0.973819836974144,0.4985446259379387,0.012906824238598347,0.9999170005321503,2.572381347931696e-07,2.2383277453741357e-08
40501,40600,100,2267.879006356754,2.4974002798217044e-07,1.0,8.350241361767985e-05,8.325267386680934e-05,8.325267386680934e-05,0.9739324450492859,0.973717987537384,0.49717941880226135,0.012464600848034024,0.9999221414327621,2.5558185257068544e-07,2.1914669190437053e-08
40601,40700,100,2273.459187214743,2.496868667378749e-07,1.0,8.49303396171308e-05,8.468065308989026e-05,8.468065308989026e-05,0.9740043133497238,0.9739698171615601,0.4959162548184395,0.012952023651450872,0.9999165385961533,2.496526256834386e-07,2.21060161287312e-08
40701,40800,100,2279.0092935607463,2.4861681552579284e-07,1.0,8.631469987449236e-05,8.6066082585603e-05,8.6066082585603e-05,0.9740424454212189,0.9739978015422821,0.49458424746990204,0.01302388310432434,0.999916210770607,2.5435950590235734e-07,2.4010066823620946e-08
40801,40900,100,2284.570900076753,2.461187355606853e-07,1.0,8.431688420387217e-05,8.407076518778922e-05,8.407076518778922e-05,0.9740981757640839,0.9740334749221802,0.49345752596855164,0.01421409472823143,0.9998989552259445,2.6839019540148e-07,3.083974009499002e-08
40901,41000,100,2290.1251194507604,2.42813026005706e-07,1.0,8.014276463654823e-05,7.989995159732644e-05,7.989995159732644e-05,0.974183976650238,0.9741828143596649,0.4921780824661255,0.013202487025409937,0.9999133497476578,2.5556862937037295e-07,2.4441171309064202e-08
41001,41100,100,2295.664356469748,2.402547984559078e-07,1.0,7.815691624273313e-05,7.79166613574489e-05,7.79166613574489e-05,0.9742318987846375,0.9742777794599533,0.49109848588705063,0.01317775109782815,0.999913677573204,2.559972500648655e-07,2.4906522622103466e-08
41101,41200,100,2301.237439259723,2.4326782224193264e-07,1.0,8.296191852423362e-05,8.271865070128115e-05,8.271865070128115e-05,0.9742685407400131,0.974308967590332,0.489956334233284,0.013908367604017258,0.9999037384986877,2.6211963444211506e-07,2.7656828827105073e-08
41201,41300,100,2306.805020042717,2.3567987042838467e-07,1.0,7.218873284728033e-05,7.195305290224496e-05,7.195305290224496e-05,0.9743285477161407,0.9743790477514267,0.48894884437322617,0.012631849385797977,0.9999206215143204,2.476814913165981e-07,2.236629503826748e-08
41301,41400,100,2312.386423425698,2.3915176399214034e-07,1.0,7.700816426222446e-05,7.67690125212539e-05,7.67690125212539e-05,0.9743705540895462,0.9741811901330948,0.4878259599208832,0.011955430032685399,0.9999288618564606,2.3660087933308205e-07,1.9012498908566045e-08
41401,41500,100,2317.9724949146766,2.3721878477545034e-07,1.0,7.381277373497142e-05,7.357555492490064e-05,7.357555492490064e-05,0.974466010928154,0.9743769317865372,0.4866098612546921,0.012120393803343177,0.999926432967186,2.4219145444703827e-07,2.0883446083530544e-08
41501,41600,100,2323.5429704886737,2.390518400829933e-07,1.0,7.917835020634811e-05,7.893929854617454e-05,7.893929854617454e-05,0.9745056182146072,0.9745569676160812,0.48549171537160873,0.011703187599778175,0.9999314248561859,2.3800844317634073e-07,1.8492530617919556e-08
41601,41700,100,2329.0971895806906,2.385748294386758e-07,1.0,7.720701229118277e-05,7.696843731537228e-05,7.696843731537228e-05,0.9745389968156815,0.974661335349083,0.4842028394341469,0.012391436146572232,0.9999235421419144,2.3870164156392093e-07,2.176869262626724e-08
41701,41800,100,2334.654308516696,2.3337193709949134e-07,1.0,6.892930457979673e-05,6.869593260489638e-05,6.869593260489638e-05,0.9746128618717194,0.9745609164237976,0.4829779416322708,0.012011764571070671,0.9999275803565979,2.4597230208200926e-07,2.1020375440272687e-08
41801,41900,100,2340.204567902707,2.336200967079094e-07,1.0,6.988277447817382e-05,6.964915442949859e-05,6.964915442949859e-05,0.9746856540441513,0.974562481045723,0.48199696093797684,0.012304242933169007,0.9999246895313263,2.453161478399579e-07,2.230894069477074e-08
41901,42000,100,2345.7585575427292,2.3566745454672855e-07,1.0,7.144072882510955e-05,7.120506164937978e-05,7.120506164937978e-05,0.9747207760810852,0.9746285080909729,0.4809356853365898,0.01212354190647602,0.9999271035194397,2.388974316147596e-07,2.0527552990756703e-08
42001,42100,100,2351.3006990017348,2.3416094236949901e-07,1.0,6.916086615092354e-05,6.892670528031886e-05,6.892670528031886e-05,0.9747807830572128,0.9748092591762543,0.4798859506845474,0.010988345136865973,0.9999397695064545,2.2937784294185803e-07,1.4903518641418145e-08
42101,42200,100,2356.888774719737,2.3240336204821688e-07,1.0,6.662593554210617e-05,6.639353217906319e-05,6.639353217906319e-05,0.9748118370771408,0.9747592359781265,0.478837214410305,0.011842225445434451,0.999930202960968,2.437604109672975e-07,1.9805187712051975e-08
42201,42300,100,2362.4193333837356,2.337837565846712e-07,1.0,6.59651167006814e-05,6.573133312485879e-05,6.573133312485879e-05,0.9748420864343643,0.9748193621635437,0.47772347182035446,0.01179365674033761,0.999930739402771,2.3850849473205926e-07,1.9067696310770543e-08
42301,42400,100,2367.987792860702,2.3210019662656122e-07,1.0,6.45310133768362e-05,6.429891294828849e-05,6.429891294828849e-05,0.9749175310134888,0.9750414043664932,0.4766353964805603,0.011257389327511191,0.9999373108148575,2.2946250766153753e-07,1.2912571678569407e-08
42401,42500,100,2373.535148323681,2.3550844986175433e-07,1.0,6.741901193890954e-05,6.718350352457491e-05,6.718350352457491e-05,0.9749760329723358,0.974999874830246,0.4755730479955673,0.01184632582589984,0.9999289512634277,2.4517592223105567e-07,2.1299287666920463e-08
42501,42600,100,2379.088860928685,2.2975956937898444e-07,1.0,5.891417691600509e-05,5.868441741768038e-05,5.868441741768038e-05,0.9750235080718994,0.9748843908309937,0.4744352698326111,0.011497253086417913,0.9999346435070038,2.414850257537182e-07,1.8092688680582114e-08
42601,42700,100,2384.660045969682,2.3353355985022972e-07,1.0,6.46855131344637e-05,6.445197945140535e-05,6.445197945140535e-05,0.9750670194625854,0.9750877171754837,0.473366916179657,0.011779640801250935,0.9999305754899979,2.418078182131467e-07,2.037707425017743e-08
42701,42800,100,2390.1893751506686,2.3172747347643964e-07,1.0,6.213150110852439e-05,6.189977353642462e-05,6.189977353642462e-05,0.9751148819923401,0.9750365018844604,0.4723239317536354,0.011400586226955056,0.9999344050884247,2.3808252791468476e-07,1.807561345046338e-08
42801,42900,100,2395.714963572653,2.307717036842405e-07,1.0,5.600069282081677e-05,5.576992120040814e-05,5.576992120040814e-05,0.9751967489719391,0.9751456081867218,0.4711785688996315,0.011126977391541004,0.9999383985996246,2.390032634025374e-07,1.6985648665368558e-08
42901,43000,100,2401.284681513662,2.3063161762593155e-07,1.0,5.487778533279197e-05,5.464715373818763e-05,5.464715373818763e-05,0.9752567112445831,0.9753475785255432,0.47017902135849,0.010305592324584723,0.9999468773603439,2.320553846857365e-07,1.3518600683326554e-08
43001,43100,100,2406.852073394657,2.3179043509458097e-07,1.0,5.694721552572446e-05,5.671542494383175e-05,5.671542494383175e-05,0.97525355219841,0.9752028733491898,0.4691734313964844,0.010179371107369661,0.9999483823776245,2.3276446370346093e-07,1.1803729660364581e-08
43101,43200,100,2412.4101669716583,2.33278998393871e-07,1.0,6.005653354804963e-05,5.9823254669026935e-05,5.9823254669026935e-05,0.9753094464540482,0.9752402454614639,0.46819502860307693,0.011313721304759383,0.9999356418848038,2.3371959656515173e-07,1.714894226623187e-08
43201,43300,100,2417.9590017546507,2.3118284374845644e-07,1.0,5.483916123921517e-05,5.460797830892261e-05,5.460797830892261e-05,0.9753827750682831,0.9753227233886719,0.46709368377923965,0.011064535938203335,0.9999389797449112,2.40260014550131e-07,1.5641114181619287e-08
43301,43400,100,2423.525341196655,2.305422690085379e-07,1.0,5.221430197707377e-05,5.1983759803988505e-05,5.1983759803988505e-05,0.9753891229629517,0.9752712249755859,0.4665314704179764,0.010568116093054414,0.9999434947967529,2.3816454230995987e-07,1.464484278290712e-08
43401,43500,100,2429.1130394296597,2.2953770141498352e-07,1.0,5.081989729660563e-05,5.0590359569469e-05,5.0590359569469e-05,0.9754592180252075,0.9755090475082397,0.4653991833329201,0.009978158865123987,0.9999507516622543,2.289730289817271e-07,1.2234421475909585e-08
43501,43600,100,2434.6659508616613,2.2925316230271166e-07,1.0,5.157227267773123e-05,5.134301947691711e-05,5.134301947691711e-05,0.9754544645547867,0.9753841012716293,0.4646889343857765,0.00970820733346045,0.9999533444643021,2.2928523080167906e-07,8.717894406373716e-09
43601,43700,100,2440.2211038896676,2.3004216700428515e-07,1.0,4.91794673143886e-05,4.894942496321164e-05,4.894942496321164e-05,0.9755270034074783,0.9754965901374817,0.4635372832417488,0.009710487211123109,0.9999532103538513,2.3299993756609183e-07,1.0086398161135435e-08
43701,43800,100,2445.774886876672,2.2970068229710706e-07,1.0,5.0360920213279314e-05,5.013121954107191e-05,5.013121954107191e-05,0.9755668491125107,0.9756637960672379,0.462568923830986,0.009957637405022979,0.9999509900808334,2.2958686329843658e-07,1.210146582941718e-08
43801,43900,100,2451.3328591416794,2.3184340435022933e-07,1.0,5.101751281472389e-05,5.078566922747996e-05,5.078566922747996e-05,0.975612685084343,0.9755460321903229,0.4615951403975487,0.010566579643636942,0.9999446719884872,2.37302010930307e-07,1.2597432208494297e-08
43901,44000,100,2456.8704943306875,2.2857979701029762e-07,1.0,4.6279374437290244e-05,4.6050794480834156e-05,4.6050794480834156e-05,0.9756410866975784,0.9754963517189026,0.4607175588607788,0.009733854560181499,0.9999530166387558,2.337698603582794e-07,1.1566890778524908e-08
44001,44100,100,2462.486825708693,2.2828972902289023e-07,1.0,4.7420635928574485e-05,4.719234613730805e-05,4.719234613730805e-05,0.9756672978401184,0.9755991250276566,0.4599340632557869,0.009699411457404494,0.9999533593654633,2.3086742118039183e-07,1.0311850373589948e-08
44101,44200,100,2468.157442091695,2.289791989085188e-07,1.0,4.656610039091902e-05,4.6337121166288856e-05,4.6337121166288856e-05,0.9757339060306549,0.9757499098777771,0.4589320495724678,0.009825162356719375,0.999952033162117,2.2996255921725606e-07,1.1638943586689265e-08
44201,44300,100,2473.8196861727047,2.28622288744873e-07,1.0,4.453665635082871e-05,4.430803386640036e-05,4.430803386640036e-05,0.9757910668849945,0.9755984246730804,0.4580363258719444,0.00948847783729434,0.9999551922082901,2.3081451061557345e-07,9.303013248640468e-09
44301,44400,100,2479.4176692207184,2.2784366393580058e-07,1.0,4.3575295221671696e-05,4.334745162850595e-05,4.334745162850595e-05,0.9758283644914627,0.9757039546966553,0.4569565877318382,0.00890582986176014,0.9999607056379318,2.305023087956215e-07,9.169983661294623e-09
44401,44500,100,2485.0694561867167,2.2737984622267505e-07,1.0,4.3265369859000204e-05,4.303798987166374e-05,4.303798987166374e-05,0.9758863598108292,0.9757567495107651,0.45605844259262085,0.009274917421862483,0.999956414103508,2.3487846334546703e-07,1.0675788253422525e-08
44501,44600,100,2490.768859214728,2.2756552908731464e-07,1.0,4.181278382020537e-05,4.158521838689921e-05,4.158521838689921e-05,0.9759189635515213,0.975826770067215,0.4552442207932472,0.009332450106739998,0.9999565631151199,2.3182785824360508e-07,1.0935750749396789e-08
44601,44700,100,2496.414340481744,2.26996354797393e-07,1.0,4.011362667370122e-05,3.988663034760975e-05,3.988663034760975e-05,0.9759370535612106,0.9758756011724472,0.4542052075266838,0.009960835566744208,0.9999508708715439,2.3654001779505052e-07,1.1792862242288038e-08
44701,44800,100,2502.0472229877414,2.274399945179084e-07,1.0,4.180382118647685e-05,4.157638131800923e-05,4.157638131800923e-05,0.9760162383317947,0.9759753048419952,0.453420452773571,0.009523601969704032,0.9999550133943558,2.296715244654024e-07,1.0907424297101898e-08
44801,44900,100,2507.747277231767,2.2649217953585321e-07,1.0,3.927094869141001e-05,3.904445653461153e-05,3.904445653461153e-05,0.9760363847017288,0.9760437905788422,0.45260027050971985,0.009069849736988544,0.9999592006206512,2.2702572621824402e-07,8.949382401812755e-09
44901,45000,100,2513.319948146782,2.2645725508141368e-07,1.0,3.8388238390325566e-05,3.8161781067174164e-05,3.8161781067174164e-05,0.9760469794273376,0.9760719537734985,0.4516562595963478,0.008306623436510563,0.9999658316373825,2.2580865532972894e-07,7.2912898496646505e-09
45001,45100,100,2518.851095698792,2.2695114708426446e-07,1.0,3.764433935430134e-05,3.7417388120957185e-05,3.7417388120957185e-05,0.976121261715889,0.9760475009679794,0.4507709890604019,0.008600644068792462,0.9999634474515915,2.2856292858364213e-07,7.344841956857806e-09
45101,45200,100,2524.4100692297943,2.2682648534555483e-07,1.0,3.7348140813264764e-05,3.7121314144314964e-05,3.7121314144314964e-05,0.976150318980217,0.9760956764221191,0.4496292248368263,0.008451927336864173,0.9999646097421646,2.283301085981293e-07,7.982673966289155e-09
45201,45300,100,2529.9572927118024,2.2727788660859006e-07,1.0,3.887012962877634e-05,3.864285179588478e-05,3.864285179588478e-05,0.9761977940797806,0.9761966317892075,0.44897542893886566,0.008598090382292867,0.9999633580446243,2.271289112343311e-07,9.119517141442657e-09
45301,45400,100,2535.5466181758165,2.2582337336984892e-07,1.0,3.525691325194202e-05,3.503108971926849e-05,3.503108971926849e-05,0.9762405157089233,0.976276084780693,0.44811371713876724,0.008586372015997767,0.9999635517597198,2.2993346959765404e-07,9.082638419144473e-09
45401,45500,100,2541.110055496818,2.265843414761548e-07,1.0,3.578228312107967e-05,3.5555698705138635e-05,3.5555698705138635e-05,0.9762623757123947,0.976269394159317,0.4473677799105644,0.008982684696093202,0.9999600499868393,2.3077218358480422e-07,1.1233580954339573e-08
45501,45600,100,2546.636687953829,2.2854768616298316e-07,1.0,3.655960266769398e-05,3.633105507105938e-05,3.633105507105938e-05,0.9763331860303879,0.9762642979621887,0.44625697284936905,0.008793214103206992,0.9999613016843796,2.3261894810389094e-07,1.0143036632825897e-08
45601,45700,100,2552.165265108848,2.277803149297597e-07,1.0,3.413761593037634e-05,3.390983552890248e-05,3.390983552890248e-05,0.9763560891151428,0.9764006584882736,0.4454765021800995,0.008940037805587053,0.9999601691961288,2.3181992148124664e-07,1.2348087885527548e-08
45701,45800,100,2557.730142328852,2.2725634934772643e-07,1.0,3.290983348051668e-05,3.268257709351019e-05,3.268257709351019e-05,0.9763762801885605,0.9763307273387909,0.444580078125,0.008003836614079773,0.9999682754278183,2.2914237263194082e-07,7.4002099448300385e-09
45801,45900,100,2563.276886091866,2.2909949521476846e-07,1.0,3.3294705535809046e-05,3.306560598502983e-05,3.306560598502983e-05,0.9764495939016342,0.9764949232339859,0.44374364614486694,0.00866091251373291,0.9999624043703079,2.352753440959532e-07,1.0154146190544111e-08
45901,46000,100,2568.8530523498885,2.2964528895386138e-07,1.0,3.2708623621147126e-05,3.247897833716707e-05,3.247897833716707e-05,0.976469099521637,0.97636778652668,0.44281331449747086,0.008266820921562612,0.9999659955501556,2.3244697189284125e-07,8.384474295408673e-09
46001,46100,100,2574.415703434908,2.29065443448917e-07,1.0,3.225334896342247e-05,3.202428359145415e-05,3.202428359145415e-05,0.9765226393938065,0.9764398783445358,0.44202660769224167,0.00822526088450104,0.9999664574861526,2.3224325573778515e-07,8.401834228344285e-09
46101,46200,100,2579.9747434698984,2.2878944207604946e-07,1.0,3.066510305870907e-05,3.043631342734443e-05,3.043631342734443e-05,0.9765921831130981,0.9765736907720566,0.4412046894431114,0.007699663634411991,0.9999706149101257,2.30512899435098e-07,7.2981518606241025e-09
46201,46300,100,2585.53861388089,2.3123338834807328e-07,1.0,3.1932773144944806e-05,3.1701539755886186e-05,3.1701539755886186e-05,0.9766189157962799,0.9767124205827713,0.44021862745285034,0.00815482996404171,0.9999669641256332,2.3410589733430243e-07,8.192680200913571e-09
46301,46400,100,2591.127194042885,2.300631238938422e-07,1.0,3.070346097956644e-05,3.0473397855530494e-05,3.0473397855530494e-05,0.9766301810741425,0.9766405671834946,0.43955063074827194,0.007872779271565378,0.9999692589044571,2.3095210366363972e-07,6.8296480693064154e-09
46401,46500,100,2596.686146895903,2.308050774502135e-07,1.0,3.1185552816168636e-05,3.095474774454487e-05,3.095474774454487e-05,0.9767166376113892,0.9767482280731201,0.4386817291378975,0.0082730355206877,0.9999660402536392,2.3420115269345843e-07,9.222195340718997e-09
46501,46600,100,2602.2627161548917,2.3057554457750484e-07,1.0,2.981937443109928e-05,2.9588798934128136e-05,2.9588798934128136e-05,0.9767610281705856,0.9767665416002274,0.4377305805683136,0.008087732247076929,0.9999673664569855,2.3463505982590505e-07,7.324446216205871e-09
46601,46700,100,2607.8159715888796,2.3146854744027223e-07,1.0,2.984819690027507e-05,2.961672842502594e-05,2.961672842502594e-05,0.9768029153347015,0.9768162220716476,0.43698614090681076,0.008556468645110726,0.9999638944864273,2.332248421055283e-07,7.4335961830485076e-09
46701,46800,100,2613.3944156798607,2.330818684015412e-07,1.0,2.9601291462313384e-05,2.9368209616222885e-05,2.9368209616222885e-05,0.9768382459878922,0.9767217040061951,0.435994029045105,0.007873035734519362,0.9999692440032959,2.36667034414495e-07,9.41162336953738e-09
46801,46900,100,2619.001270532837,2.344199668868896e-07,1.0,2.905603494582465e-05,2.88216150511289e-05,2.88216150511289e-05,0.9768786281347275,0.9769230335950851,0.4350392520427704,0.007999338093213737,0.9999683946371078,2.3727292841613234e-07,7.088919340425548e-09
46901,47000,100,2624.5893190888273,2.3535293792065203e-07,1.0,2.9709498812735545e-05,2.9474145849235354e-05,2.9474145849235354e-05,0.9769228100776672,0.9768919348716736,0.4342654198408127,0.007706825737841427,0.9999706298112869,2.3506632729208832e-07,6.2310915316388105e-09
47001,47100,100,2630.186052408826,2.3718424927210435e-07,1.0,2.8633021574933082e-05,2.8395837434800343e-05,2.8395837434800343e-05,0.9769724905490875,0.9768936187028885,0.43345553427934647,0.007707774639129639,0.9999704957008362,2.4222321570732674e-07,6.159204146705122e-09
47101,47200,100,2635.766512221853,2.3953923260933153e-07,1.0,2.9502120814868248e-05,2.9262581520015374e-05,2.9262581520015374e-05,0.97701096534729,0.9769713431596756,0.4324503540992737,0.007479343446902931,0.9999722689390182,2.3954565975259356e-07,4.446501500332545e-09
47201,47300,100,2641.347746611864,2.4152537548616237e-07,1.0,2.8547573765536072e-05,2.8306048352533254e-05,2.8306048352533254e-05,0.9770621210336685,0.9772509634494781,0.43152860552072525,0.00769854208920151,0.9999705851078033,2.399663543428687e-07,6.3844063369344894e-09
47301,47400,100,2646.9339634848584,2.403121332861247e-07,1.0,2.692714002478169e-05,2.6686827823141357e-05,2.6686827823141357e-05,0.9771095812320709,0.977003276348114,0.43080996721982956,0.007216430269181728,0.999974250793457,2.4236874196503777e-07,6.8762610050399076e-09
47401,47500,100,2652.5151740298497,2.4069727501796477e-07,1.0,2.746597856457811e-05,2.722528119193157e-05,2.722528119193157e-05,0.9771459549665451,0.9771806746721268,0.42989520728588104,0.007400671485811472,0.9999727159738541,2.419163109834699e-07,4.353736357542992e-09
47501,47600,100,2658.1352339748664,2.3976275159043326e-07,1.0,2.7279155674477806e-05,2.703939284401713e-05,2.703939284401713e-05,0.9772024899721146,0.9771982282400131,0.4291149452328682,0.007759966421872377,0.9999695867300034,2.4361755635027293e-07,8.949373297983954e-09
47601,47700,100,2663.7332562028787,2.413527899136625e-07,1.0,2.663451325133792e-05,2.6393160533189074e-05,2.6393160533189074e-05,0.9772308468818665,0.9770942032337189,0.42830656468868256,0.007556777563877404,0.999971866607666,2.415485447215815e-07,5.256062311949361e-09
47701,47800,100,2669.3293393658932,2.4091070230269904e-07,1.0,2.507159517335822e-05,2.4830684469634435e-05,2.4830684469634435e-05,0.9772598594427109,0.9773419797420502,0.42751041054725647,0.0074199114460498095,0.9999727010726929,2.430063830161089e-07,7.227147824639957e-09
47801,47900,100,2674.9182446139093,2.3979360051384903e-07,1.0,2.553689528212999e-05,2.5297101656178713e-05,2.5297101656178713e-05,0.9773201942443848,0.9774289280176163,0.4267958849668503,0.007009532651863992,0.9999756962060928,2.397758471772704e-07,4.515680718242265e-09
47901,48000,100,2680.499558792908,2.4069067762866324e-07,1.0,2.631470038977568e-05,2.6074009711010148e-05,2.6074009711010148e-05,0.9773502498865128,0.9773362427949905,0.42608070373535156,0.007448274176567793,0.9999723732471466,2.3955360717309304e-07,6.205578176321502e-09
48001,48100,100,2686.077140235877,2.4088567414537464e-07,1.0,2.505857228243258e-05,2.4817686589813093e-05,2.4817686589813093e-05,0.9774156510829926,0.9774261564016342,0.4251079633831978,0.007116327295079827,0.9999749064445496,2.414718096588331e-07,4.463992370196124e-09
48101,48200,100,2691.66355733588,2.4167429089061445e-07,1.0,2.4273232720588568e-05,2.403155838692328e-05,2.403155838692328e-05,0.9774250686168671,0.9774646013975143,0.4244292378425598,0.007320233271457255,0.9999733418226242,2.4258569908397476e-07,5.46420481084553e-09
48201,48300,100,2697.2501182928754,2.4131893198386935e-07,1.0,2.5048218594747597e-05,2.480689963704208e-05,2.480689963704208e-05,0.9774365127086639,0.9774740636348724,0.42392831295728683,0.0071663514245301485,0.9999745339155197,2.415458943971771e-07,8.962691477876206e-09
48301,48400,100,2702.820628968868,2.4063237248128643e-07,1.0,2.4132345843099756e-05,2.3891713481134503e-05,2.3891713481134503e-05,0.9775037914514542,0.9775139689445496,0.4231109246611595,0.006938639562577009,0.9999762028455734,2.3603204724054194e-07,3.85548543091474e-09
48401,48500,100,2708.423393072877,2.405543757788564e-07,1.0,2.41650025054696e-05,2.3924448014440715e-05,2.3924448014440715e-05,0.9775305390357971,0.9775023907423019,0.4223724380135536,0.007034270791336894,0.9999754279851913,2.405457841803127e-07,4.714603596411848e-09
48501,48600,100,2714.0249816088835,2.3974984785013477e-07,1.0,2.3600087206432364e-05,2.3360337308986345e-05,2.3360337308986345e-05,0.9775444865226746,0.9775940030813217,0.42176511138677597,0.007493635173887014,0.999972328543663,2.398525822400188e-07,4.307269568792904e-09
48601,48700,100,2719.6229577879094,2.3860199306113826e-07,1.0,2.377106498897774e-05,2.353246296479483e-05,2.353246296479483e-05,0.9775819927453995,0.9775876402854919,0.42108429223299026,0.006761209573596716,0.9999773949384689,2.3809841209754268e-07,3.4864005571400014e-09
48701,48800,100,2725.3473625169026,2.385756054934518e-07,1.0,2.3366262703348183e-05,2.3127687018131838e-05,2.3127687018131838e-05,0.9776082187891006,0.9776290506124496,0.420368455350399,0.006865279865451157,0.9999766945838928,2.372623448820832e-07,5.0034590359793185e-09
48801,48900,100,2731.062184239883,2.3718618876955589e-07,1.0,2.2117362586868694e-05,2.1880176391277927e-05,2.1880176391277927e-05,0.9776414632797241,0.9776904433965683,0.41979626566171646,0.006954452721402049,0.9999760389328003,2.398711060891401e-07,1.1449815331965318e-09
48901,49000,100,2736.6857576338916,2.3591396271172015e-07,1.0,2.2678559498672258e-05,2.2442645504270332e-05,2.2442645504270332e-05,0.9776572436094284,0.9775480479001999,0.419345922768116,0.006767456070519984,0.9999773949384689,2.3496578904769194e-07,2.8055505557622595e-09
49001,49100,100,2742.25812388389,2.3656152293938247e-07,1.0,2.4013658512558324e-05,2.3777096894264106e-05,2.3777096894264106e-05,0.9776693284511566,0.9776847064495087,0.41880936175584793,0.006899473024532199,0.9999764263629913,2.3723059783264944e-07,3.20492682392981e-09
49101,49200,100,2747.9490172578808,2.3725642506633448e-07,1.0,2.2306678038148674e-05,2.2069421611377038e-05,2.2069421611377038e-05,0.9776695370674133,0.9776269048452377,0.4181870222091675,0.006372600910253823,0.9999798983335495,2.350001828688164e-07,3.727247975537917e-09
49201,49300,100,2753.6234288998676,2.3655337372474605e-07,1.0,2.212840936408611e-05,2.1891855994908837e-05,2.1891855994908837e-05,0.9776778072118759,0.9777127504348755,0.41773639619350433,0.006876742001622915,0.9999766200780869,2.37516335488408e-07,2.5367842271251106e-09
49301,49400,100,2759.211265999882,2.3685857627242513e-07,1.0,2.1723286754422587e-05,2.148642801330425e-05,2.148642801330425e-05,0.9776998907327652,0.977689728140831,0.4172627031803131,0.00715259718708694,0.9999746382236481,2.3841060681206727e-07,5.764168864441643e-09
49401,49500,100,2764.851732233881,2.3776652014362298e-07,1.0,2.2552752789124497e-05,2.2314986181299902e-05,2.2314986181299902e-05,0.9776644557714462,0.9777684807777405,0.416910819709301,0.006561435176990926,0.9999787509441376,2.383074360068349e-07,4.086521676605059e-09
49501,49600,100,2770.5394852458703,2.393818779466983e-07,1.0,2.2312734981824177e-05,2.207335315688397e-05,2.207335315688397e-05,0.9776635318994522,0.9776781350374222,0.41655781865119934,0.006992505746893585,0.999975711107254,2.3843972130066504e-07,5.347762899177155e-09
49601,49700,100,2776.123041348874,2.42272470103444e-07,1.0,2.1596176247840047e-05,2.1353903830458875e-05,2.1353903830458875e-05,0.9776757955551147,0.9775958210229874,0.4162202924489975,0.0064570201793685555,0.9999793320894241,2.391673135093697e-07,4.208261461524643e-09
49701,49800,100,2781.682690100901,2.469577017905067e-07,1.0,2.2745725254935677e-05,2.249876752102864e-05,2.249876752102864e-05,0.9776234030723572,0.977562665939331,0.4159283861517906,0.007149609737098217,0.9999745786190033,2.516475561264997e-07,8.781413263214688e-09
49801,49900,100,2787.260500739918,2.54579508975894e-07,1.0,2.1673342489521018e-05,2.1418762953544503e-05,2.1418762953544503e-05,0.9776067435741425,0.9777071177959442,0.4156132787466049,0.006759354844689369,0.9999775439500809,2.5531200975592583e-07,5.07828923357323e-09
49901,50000,100,2792.8240490149146,2.682821761368359e-07,1.0,2.3139955701481085e-05,2.2871673536428716e-05,2.2871673536428716e-05,0.9775899648666382,0.9774850308895111,0.41541051119565964,0.006697990000247955,0.999977707862854,2.704936079567233e-07,6.201504476610609e-09
50001,50100,100,2798.3484235589203,2.835915657328769e-07,1.0,2.4413492592429975e-05,2.4129901012202025e-05,2.4129901012202025e-05,0.9775308668613434,0.9775459319353104,0.4150925874710083,0.0073081315495073795,0.9999735653400421,2.882548812976893e-07,8.022833619669711e-09
50101,50200,100,2803.8868383959198,2.9940290147578707e-07,1.0,2.387694203207502e-05,2.357753906835569e-05,2.357753906835569e-05,0.9774778187274933,0.9775343686342239,0.41513900458812714,0.007021606434136629,0.9999756962060928,3.0415880303280574e-07,8.845683741043331e-09
50201,50300,100,2809.415301985893,3.1859520674970556e-07,1.0,2.4815137676341694e-05,2.4496542446286186e-05,2.4496542446286186e-05,0.9774325489997864,0.9774250090122223,0.41510339826345444,0.007173162652179599,0.9999744892120361,3.275741562447365e-07,9.559671942938053e-09
50301,50400,100,2814.9710447418947,3.39673348719316e-07,1.0,2.440479109282023e-05,2.4065117668214952e-05,2.4065117668214952e-05,0.9773645401000977,0.9773527532815933,0.41505082696676254,0.007014091708697379,0.9999755471944809,3.492459086373856e-07,1.4020533956049519e-08
50401,50500,100,2820.491858595895,3.6104031380546076e-07,1.0,2.5706372180138716e-05,2.534533170546638e-05,2.534533170546638e-05,0.9773183166980743,0.9773432165384293,0.41510409861803055,0.007525926688686013,0.9999720603227615,3.7375924222260437e-07,1.6511003009256342e-08
50501,50600,100,2826.0802395729006,3.8047362153292854e-07,1.0,2.6022218025900657e-05,2.5641744414315327e-05,2.5641744414315327e-05,0.9772439450025558,0.9772563278675079,0.41526322066783905,0.0072899870574474335,0.9999735951423645,3.886974582201219e-07,1.743709665547044e-08
50601,50700,100,2831.688028943896,3.9442502639985834e-07,1.0,2.6244602413498796e-05,2.585017724413774e-05,2.585017724413774e-05,0.9771991670131683,0.9771670997142792,0.4153280481696129,0.007229214417748153,0.9999740272760391,4.081784936715849e-07,1.614764877366781e-08
50701,50800,100,2837.2850140358896,3.983274623919897e-07,1.0,2.647086268552812e-05,2.607253512906027e-05,2.607253512906027e-05,0.977133646607399,0.9772524535655975,0.41560962051153183,0.007797396858222783,0.9999699145555496,4.0564910364082607e-07,1.8449762162475736e-08
50801,50900,100,2842.828402420888,3.9626923950208945e-07,1.0,2.582251052444917e-05,2.5426241245440905e-05,2.5426241245440905e-05,0.9771260470151901,0.977113202214241,0.4153963401913643,0.007630040869116783,0.9999711215496063,4.156052639814334e-07,2.127851606026354e-08
50901,51000,100,2848.3686163208913,3.8983156883887206e-07,1.0,2.492913599780877e-05,2.4539304304198596e-05,2.4539304304198596e-05,0.9771524667739868,0.9771932810544968,0.41513626277446747,0.00729873962700367,0.9999736994504929,4.017015697854731e-07,1.7620258807582445e-08
51001,51100,100,2853.8898199768773,3.798624413775542e-07,1.0,2.601953643534216e-05,2.5639673840487375e-05,2.5639673840487375e-05,0.9771552383899689,0.9771609604358673,0.4150427356362343,0.007311065448448062,0.9999736249446869,3.842736546744163e-07,1.54012855801966e-08
51101,51200,100,2859.4014543838966,3.675137813274887e-07,1.0,2.4506517984264065e-05,2.4139004071912496e-05,2.4139004071912496e-05,0.9771922379732132,0.9772650301456451,0.4143981412053108,0.00696890929248184,0.9999759197235107,3.755769100166617e-07,1.4467215869728989e-08
51201,51300,100,2864.954981335897,3.478409496437962e-07,1.0,2.3451734541595215e-05,2.3103893490770132e-05,2.3103893490770132e-05,0.9772342592477798,0.9771699756383896,0.41392821818590164,0.007174276513978839,0.9999746233224869,3.5587362390288035e-07,1.3561625156199852e-08
51301,51400,100,2870.508092787877,3.31968303157737e-07,1.0,2.28931685887801e-05,2.2561200148629722e-05,2.2561200148629722e-05,0.9772984981536865,0.9773674011230469,0.4133550822734833,0.006976890726946294,0.9999758899211884,3.3864682791318046e-07,1.326416110281059e-08
51401,51500,100,2876.022831893879,3.1697053685775246e-07,1.0,2.288216510351049e-05,2.2565194603885176e-05,2.2565194603885176e-05,0.9774253815412521,0.9773746728897095,0.41240328550338745,0.0066404149401932955,0.9999781996011734,3.244309425554093e-07,1.1134820399050227e-08
51501,51600,100,2881.5622095538747,2.9837786456710093e-07,1.0,2.2078826168581146e-05,2.1780448296340183e-05,2.1780448296340183e-05,0.9775257557630539,0.9775539487600327,0.4113904908299446,0.006841687485575676,0.9999768137931824,3.025316246407783e-07,1.0975741537855299e-08
51601,51700,100,2887.1029055388826,2.800715543571641e-07,1.0,2.1357189580157866e-05,2.1077117926324716e-05,2.1077117926324716e-05,0.9776287227869034,0.9776571094989777,0.4102960228919983,0.006750544300302863,0.9999774694442749,2.8478888225436094e-07,1.1782319120356988e-08
51701,51800,100,2892.6179825388863,2.6644611125448134e-07,1.0,2.1816768821736332e-05,2.1550322708208113e-05,2.1550322708208113e-05,0.9777490496635437,0.9777390360832214,0.4091963768005371,0.00678773655090481,0.9999772161245346,2.732373047820147e-07,1.1305026692554065e-08
51801,51900,100,2898.179895048852,2.522790458669988e-07,1.0,2.070953664770059e-05,2.0457257560337892e-05,2.0457257560337892e-05,0.9779550582170486,0.9778624325990677,0.40760550647974014,0.007197129190899432,0.9999741911888123,2.6085758975114004e-07,1.0528218963301583e-08
51901,52000,100,2903.7407033348463,2.4263617120823256e-07,1.0,2.053427849205036e-05,2.0291642322263214e-05,2.0291642322263214e-05,0.9780983477830887,0.9781190305948257,0.40615950524806976,0.006418963428586721,0.9999796003103256,2.4783759045021725e-07,9.42257671887603e-09
52001,52100,100,2909.2902262558455,2.3490803883419175e-07,1.0,1.9540494822649634e-05,1.9305586738482818e-05,1.9305586738482818e-05,0.9782784879207611,0.9782347083091736,0.4046776741743088,0.0063646030612289906,0.9999799579381943,2.3548435734710438e-07,2.838969781482348e-09
52101,52200,100,2914.873401199835,2.2738479799500055e-07,1.0,1.836806475694175e-05,1.814067997656821e-05,1.814067997656821e-05,0.9784402847290039,0.9784282743930817,0.4031953364610672,0.006356935715302825,0.9999800324440002,2.2238234720362016e-07,-2.7147652459369453e-09
52201,52300,100,2920.39906828984,2.1856120341112728e-07,1.0,1.756778289745853e-05,1.734922178002307e-05,1.734922178002307e-05,0.97866290807724,0.9786294847726822,0.4012328088283539,0.006003828952088952,0.9999821037054062,2.135559498128714e-07,-4.801095077056061e-10
52301,52400,100,2925.9411407088264,2.104671393965418e-07,1.0,1.932605051479186e-05,1.9115583345410414e-05,1.9115583345410414e-05,0.978913813829422,0.9788540899753571,0.39881984889507294,0.006607396528124809,0.9999783933162689,2.1187321763704858e-07,2.601020079873173e-09
52401,52500,100,2931.4254971578375,2.1713481928031798e-07,1.0,2.0420713226485532e-05,2.02035783604515e-05,2.02035783604515e-05,0.9791954159736633,0.9792474061250687,0.3959721773862839,0.006808060337789357,0.9999771267175674,2.2080809003455215e-07,6.03570027291056e-09
52501,52600,100,2936.9735050638446,2.3996744630494504e-07,1.0,2.073342008770851e-05,2.0493452584560146e-05,2.0493452584560146e-05,0.979475274682045,0.9794590473175049,0.39285435527563095,0.006510846898891032,0.9999789893627167,2.427365046742125e-07,-1.8303163984434434e-09
52601,52700,100,2942.480749449838,2.768252161899909e-07,1.0,2.3806947974662763e-05,2.353012270759791e-05,2.353012270759791e-05,0.9798193275928497,0.9798379093408585,0.3894334062933922,0.006742803263477981,0.9999774843454361,2.8319347222804936e-07,8.186450628500097e-09
52701,52800,100,2948.033412951827,3.178955526550453e-07,1.0,2.5536606517562178e-05,2.5218710998160532e-05,2.5218710998160532e-05,0.9800809323787689,0.9800768047571182,0.38578593730926514,0.007170212455093861,0.9999745786190033,3.273228017519614e-07,1.0888374424311564e-08
52801,52900,100,2953.568098741831,3.601536167252561e-07,1.0,3.0010509999556233e-05,2.9650356409547385e-05,2.9650356409547385e-05,0.9803224503993988,0.9802642166614532,0.38226713240146637,0.008022847585380077,0.9999681264162064,3.779740112008767e-07,1.638394153680167e-08
52901,53000,100,2959.1809381418498,3.9967011872477087e-07,1.0,3.264928845965187e-05,3.224961810701643e-05,3.224961810701643e-05,0.9805098474025726,0.980513408780098,0.37889382243156433,0.007950171711854637,0.9999687224626541,4.041145373889776e-07,1.1243174280473056e-08
53001,53100,100,2964.716874490852,4.1147463321067334e-07,1.0,3.4447851048753365e-05,3.4036376182484676e-05,3.4036376182484676e-05,0.9805936962366104,0.980499342083931,0.37588442862033844,0.00840172404423356,0.9999650418758392,4.120016825481798e-07,1.5265318786816806e-08
53101,53200,100,2970.2889559338255,4.2199314520985353e-07,1.0,3.930258575564949e-05,3.888059254677501e-05,3.888059254677501e-05,0.9806112498044968,0.9805840104818344,0.37255097925662994,0.009159907465800643,0.9999585151672363,4.272917735193005e-07,1.4557238969814534e-08
53201,53300,100,2975.8630831848277,4.0827971133694516e-07,1.0,4.155422870098846e-05,4.114594892598689e-05,4.114594892598689e-05,0.9805146306753159,0.9805006235837936,0.3695877864956856,0.009384806733578444,0.9999564588069916,4.124382400050308e-07,1.6213579367985176e-08
53301,53400,100,2981.440962293822,3.920207601026959e-07,1.0,4.936165692924987e-05,4.896963600913296e-05,4.896963600913296e-05,0.9802780598402023,0.9801619797945023,0.3667697608470917,0.0099862739443779,0.999950647354126,3.954865732680446e-07,2.101706186863339e-08
53401,53500,100,2987.0186581498165,3.880151990642844e-07,1.0,4.749498042656342e-05,4.7106965103012046e-05,4.7106965103012046e-05,0.9799295961856842,0.9799416661262512,0.36381301283836365,0.010123184649273753,0.9999494105577469,3.9378532790124154e-07,1.5714537227040637e-08
53501,53600,100,2992.609723322792,4.1082396762703865e-07,1.0,5.416910200437997e-05,5.375827800889965e-05,5.375827800889965e-05,0.9795903116464615,0.9794614762067795,0.36077092587947845,0.010741560254245996,0.99994295835495,4.242014739475053e-07,1.922128145537272e-08
53601,53700,100,2998.2022889328073,4.5734508034911415e-07,1.0,5.205781300901435e-05,5.160046788660111e-05,5.160046788660111e-05,0.9792671054601669,0.9791643619537354,0.35760439932346344,0.010491578606888652,0.9999457150697708,4.7463840502359744e-07,2.4538462817247364e-08
53701,53800,100,3003.7830748008273,5.349522351139057e-07,1.0,5.2182653271302114e-05,5.1647700965986585e-05,5.1647700965986585e-05,0.97901950776577,0.9789742678403854,0.35460054129362106,0.010441499063745141,0.999946191906929,5.597723742312155e-07,2.7197921692589944e-08
53801,53900,100,3009.355159376846,6.233924364096311e-07,1.0,5.471105130709475e-05,5.4087658500066025e-05,5.4087658500066025e-05,0.9788220673799515,0.9786830842494965,0.35133349150419235,0.010713067604228854,0.9999433159828186,6.52841080750477e-07,3.632390033203592e-08
53901,54000,100,3014.935305017847,7.066924996479429e-07,1.0,5.2946647738281175e-05,5.223995503911283e-05,5.223995503911283e-05,0.9786379635334015,0.9786010682582855,0.348629891872406,0.010533414082601666,0.9999451339244843,7.37646900006439e-07,3.6294533600766954e-08
54001,54100,100,3020.5189821568492,7.680290212874752e-07,1.0,5.463921566843055e-05,5.3871186428295917e-05,5.3871186428295917e-05,0.9785061031579971,0.9784440845251083,0.34555745869874954,0.010510227410122752,0.9999454021453857,8.024293265407323e-07,3.986020846724614e-08
54101,54200,100,3026.0695139708478,8.040676152631932e-07,1.0,5.513038264325587e-05,5.4326314748323055e-05,5.4326314748323055e-05,0.9783822745084763,0.978301465511322,0.34266774356365204,0.010566342622041702,0.9999448359012604,8.420290384947293e-07,4.11343243911233e-08
54201,54300,100,3031.6664880898206,8.143540742366895e-07,1.0,5.637220208882354e-05,5.5557847699674314e-05,5.5557847699674314e-05,0.9783186465501785,0.9782175719738007,0.3398510068655014,0.0109192521777004,0.9999408274888992,8.644760072229474e-07,4.8448163703085356e-08
54301,54400,100,3037.2487528888414,8.023479676921852e-07,1.0,5.383023573813261e-05,5.302788747940213e-05,5.302788747940213e-05,0.9783058166503906,0.9782041609287262,0.33692050725221634,0.010730426060035825,0.9999429881572723,8.563216766788173e-07,4.1837211028905585e-08
54401,54500,100,3042.8222200768396,7.74257532611955e-07,1.0,5.3589672279485964e-05,5.281541452859528e-05,5.281541452859528e-05,0.9783185571432114,0.9782441705465317,0.3341975510120392,0.010671923402696848,0.9999436438083649,8.211298592186722e-07,4.2091037322222746e-08
54501,54600,100,3048.3998532258556,7.309978917646731e-07,1.0,5.422978989372496e-05,5.349879178538686e-05,5.349879178538686e-05,0.9783741533756256,0.9783192873001099,0.33148758113384247,0.010592297418043017,0.999944418668747,7.756061819463866e-07,3.8283129111249536e-08
54601,54700,100,3054.0200999048247,6.823025324820264e-07,1.0,5.150019180291565e-05,5.081788898678497e-05,5.081788898678497e-05,0.9784408211708069,0.9784159511327744,0.3292046934366226,0.01009420002810657,0.9999495595693588,7.143242441998154e-07,2.8051789779937053e-08
54701,54800,100,3059.6507830818155,6.366685505554415e-07,1.0,5.277940977975959e-05,5.214274115132867e-05,5.214274115132867e-05,0.978523850440979,0.978508710861206,0.32708482444286346,0.010263325879350305,0.9999477565288544,6.637576603907291e-07,2.6179646006596613e-08
54801,54900,100,3065.2715382578353,5.802634808560469e-07,1.0,5.385552023653872e-05,5.327525646862341e-05,5.327525646862341e-05,0.978562980890274,0.9785671085119247,0.32538656890392303,0.010663644410669804,0.9999435245990753,6.078466157077855e-07,3.1129190336542933e-08
54901,55000,100,3070.9136619468372,5.394751792664465e-07,1.0,5.259934849163983e-05,5.2059873160033024e-05,5.2059873160033024e-05,0.9785504341125488,0.9785579890012741,0.32384543865919113,0.010697498451918364,0.9999431818723679,5.693263886996647e-07,3.1497282115822145e-08
55001,55100,100,3076.559384474822,5.088636180516914e-07,1.0,5.486143854795955e-05,5.4352575025404805e-05,5.4352575025404805e-05,0.9784769862890244,0.9784204214811325,0.32289640605449677,0.010353700490668416,0.9999467879533768,5.381059224873752e-07,2.4471735748932133e-08
55101,55200,100,3082.2165247128287,4.90981057623685e-07,1.0,5.476526574057061e-05,5.4274284666462334e-05,5.4274284666462334e-05,0.9783274084329605,0.9782997369766235,0.32246047258377075,0.010457481723278761,0.9999457448720932,5.127009359284784e-07,2.07352455205978e-08
55201,55300,100,3087.846329940785,4.725995657395288e-07,1.0,5.432368772744667e-05,5.385108797781868e-05,5.385108797781868e-05,0.9781347364187241,0.9780609011650085,0.32212217152118683,0.010724317748099566,0.99994295835495,4.964001334428758e-07,2.4548581833983008e-08
55301,55400,100,3093.510594943822,4.5246446802593707e-07,1.0,5.412734124547569e-05,5.367487668991089e-05,5.367487668991089e-05,0.9778597503900528,0.9778392165899277,0.32236163318157196,0.010497471317648888,0.9999452531337738,4.7363564448232864e-07,2.386184583258455e-08
55401,55500,100,3099.137321015827,4.5272426831388655e-07,1.0,5.109668833028991e-05,5.064396398665849e-05,5.064396398665849e-05,0.9775839149951935,0.9775761663913727,0.3225549980998039,0.010103203356266022,0.9999493956565857,4.7145287140892833e-07,2.2752564721173485e-08
55501,55600,100,3104.7802930368416,4.5312687063869816e-07,1.0,5.0705588910204825e-05,5.02524620242184e-05,5.02524620242184e-05,0.9773423671722412,0.9773302674293518,0.32267674803733826,0.010354177094995975,0.9999466687440872,4.717439026080683e-07,2.4794785336013092e-08
55601,55700,100,3110.442042218834,4.5549951209977736e-07,1.0,4.5726774842478335e-05,4.527127519395435e-05,4.527127519395435e-05,0.9771339297294617,0.9771121442317963,0.322476826608181,0.009816084755584598,0.9999522119760513,4.748394957232449e-07,2.138475041491006e-08
55701,55800,100,3116.078192813853,4.6949418447184144e-07,1.0,4.329429855715716e-05,4.282480444089742e-05,4.282480444089742e-05,0.9769680798053741,0.976888045668602,0.322217732667923,0.009500653948634863,0.9999551922082901,4.855444046825141e-07,2.147069899649523e-08
55801,55900,100,3121.71833859885,4.7334093665085676e-07,1.0,4.123831506149145e-05,4.076497389178257e-05,4.076497389178257e-05,0.9768887609243393,0.9768174290657043,0.3216279000043869,0.00898524560034275,0.9999599754810333,4.817185796923695e-07,1.657728221360344e-08
55901,56000,100,3127.338096710857,4.688709765332533e-07,1.0,3.8027365917514544e-05,3.7558494841505305e-05,3.7558494841505305e-05,0.9768384397029877,0.9767867773771286,0.32081368565559387,0.008909697644412518,0.9999605864286423,4.79115101370553e-07,1.8244485699980828e-08
56001,56100,100,3132.9823975348518,4.6456651972448524e-07,1.0,3.650100399681833e-05,3.603643761380226e-05,3.603643761380226e-05,0.9768441021442413,0.9768368452787399,0.31976617872714996,0.00878845457918942,0.9999616891145706,4.785753660030423e-07,1.9936285511334972e-08
56101,56200,100,3138.6477900228565,4.519805679592537e-07,1.0,3.494248629067442e-05,3.449050584094948e-05,3.449050584094948e-05,0.9768792539834976,0.9768700748682022,0.3187350332736969,0.008146852836944163,0.9999670535326004,4.6827790356473997e-07,2.01374330544013e-08
56201,56300,100,3144.2963427768773,4.4372914771884096e-07,1.0,3.23893520180718e-05,3.1945622813509546e-05,3.1945622813509546e-05,0.976940780878067,0.9769439101219177,0.317394495010376,0.008398333797231317,0.9999650120735168,4.6146761434329164e-07,2.209363314520374e-08
56301,56400,100,3149.902195140872,4.308239255124136e-07,1.0,3.133463753329124e-05,3.090381369474926e-05,3.090381369474926e-05,0.9770139306783676,0.9770278781652451,0.3161223232746124,0.007959416252560914,0.9999686032533646,4.4379893182622254e-07,1.6287293957972793e-08
56401,56500,100,3155.4661483098935,4.1971528617068545e-07,1.0,2.900831865190412e-05,2.858860310880118e-05,2.858860310880118e-05,0.9771057963371277,0.9770785570144653,0.3147660493850708,0.007942491793073714,0.9999687075614929,4.4001808419125155e-07,2.06568202543167e-08
56501,56600,100,3161.0438995739023,4.111751545110565e-07,1.0,2.815621377521893e-05,2.7745038605644366e-05,2.7745038605644366e-05,0.9772066026926041,0.9772107303142548,0.3135826736688614,0.0074464199133217335,0.9999724924564362,4.245136793201709e-07,1.677687544443529e-08
56601,56700,100,3166.5869714959226,3.986569177527599e-07,1.0,2.6520425690250706e-05,2.6121768678422085e-05,2.6121768678422085e-05,0.9772687703371048,0.9772238433361053,0.3123440146446228,0.007411130238324404,0.99997279047966,4.119752219367001e-07,1.7327946411072048e-08
56701,56800,100,3172.127402112914,3.8834572194446084e-07,1.0,2.5603860212868312e-05,2.5215514433512e-05,2.5215514433512e-05,0.977360188961029,0.9773969352245331,0.3112367317080498,0.0072534456849098206,0.9999739080667496,3.95536851272027e-07,1.5236500949811216e-08
56801,56900,100,3177.6877811029008,3.7689152122766244e-07,1.0,2.4833854531607358e-05,2.4456962928525173e-05,2.4456962928525173e-05,0.9774689078330994,0.977490559220314,0.30988308787345886,0.0065960279898718,0.9999784678220749,3.850409484584816e-07,1.1079305806127593e-08
56901,57000,100,3183.2375027098933,3.672092574902308e-07,1.0,2.385348328971304e-05,2.3486273930757308e-05,2.3486273930757308e-05,0.9775838106870651,0.9775166511535645,0.3086736351251602,0.006791699095629156,0.9999770820140839,3.777914443503505e-07,1.4064037268113339e-08
57001,57100,100,3188.826323516907,3.54164728548767e-07,1.0,2.4281046898977364e-05,2.3926882131490857e-05,2.3926882131490857e-05,0.9776853770017624,0.9776670783758163,0.307473860681057,0.0070400378899648786,0.9999754130840302,3.6127634217564264e-07,1.2572553664824682e-08
57101,57200,100,3194.4234080199276,3.4559345550633226e-07,1.0,2.2139209449960616e-05,2.1793615924252664e-05,2.1793615924252664e-05,0.9777785688638687,0.9777658730745316,0.3064100071787834,0.006899883970618248,0.9999764263629913,3.5292620736981917e-07,9.991510063755982e-09
57201,57300,100,3199.986505716897,3.391924562379245e-07,1.0,2.155552667318261e-05,2.1216334207565524e-05,2.1216334207565524e-05,0.9778824001550674,0.9778926521539688,0.3052603602409363,0.00634652771987021,0.999980017542839,3.435918287664208e-07,4.3119246506684306e-09
57301,57400,100,3205.536766173882,3.338198905566969e-07,1.0,2.1268582786433397e-05,2.0934762887918622e-05,2.0934762887918622e-05,0.9779808223247528,0.9779598265886307,0.3042202964425087,0.0065857559675350785,0.9999785125255585,3.362709080079185e-07,3.3706694241297797e-09
57401,57500,100,3211.116372254881,3.2515296339852283e-07,1.0,2.0676040858234046e-05,2.0350887716631405e-05,2.0350887716631405e-05,0.9780768007040024,0.9780722707509995,0.3029596731066704,0.0061837827088311315,0.9999810457229614,3.296405282071646e-07,3.808584891906719e-09
57501,57600,100,3216.7166548888817,3.160426112458481e-07,1.0,2.000040755774535e-05,1.968436490642489e-05,1.968436490642489e-05,0.9781658351421356,0.9781556278467178,0.3019811287522316,0.006343166227452457,0.9999799877405167,3.1608078643330373e-07,5.273183611986809e-09
57601,57700,100,3222.3362251678955,3.077034079979057e-07,1.0,1.9520345704222562e-05,1.9212642255297395e-05,1.9212642255297395e-05,0.97826287150383,0.978208139538765,0.3009067624807358,0.006174164125695825,0.9999811202287674,3.1210679196647106e-07,5.124085766805564e-09
57701,57800,100,3227.9144284209033,3.019967314799032e-07,1.0,1.872888893558411e-05,1.8426892147545004e-05,1.8426892147545004e-05,0.9783599525690079,0.9783238917589188,0.29998768121004105,0.006076076067984104,0.9999816417694092,3.0547376894674017e-07,6.9341989927806935e-09
57801,57900,100,3233.4988074378853,2.9189896423531535e-07,1.0,1.840837992858724e-05,1.811648087823414e-05,1.811648087823414e-05,0.9784307181835175,0.9784290492534637,0.2991744950413704,0.006273039733059704,0.9999804347753525,2.995471604094746e-07,1.4829254268988734e-08
57901,58000,100,3239.082548865874,2.8569170098080575e-07,1.0,1.828132439186447e-05,1.7995632651945927e-05,1.7995632651945927e-05,0.9785230159759521,0.9784801453351974,0.29800423234701157,0.006179713294841349,0.9999809414148331,2.934591734060632e-07,1.0948062678650672e-08
58001,58100,100,3244.6545837738704,2.8149502412588845e-07,1.0,1.7629498715905355e-05,1.734800355734478e-05,1.734800355734478e-05,0.9786039739847183,0.9785892367362976,0.2970353737473488,0.006541268667206168,0.999978706240654,2.9480059993147734e-07,1.6702373706323215e-08
58101,58200,100,3250.255910460859,2.774458081944431e-07,1.0,1.7599250213606865e-05,1.7321804371022154e-05,1.7321804371022154e-05,0.9787058234214783,0.9786758124828339,0.2960950806736946,0.005925519741140306,0.999982550740242,2.8860676337671975e-07,1.0477956474685968e-08
58201,58300,100,3255.838503354873,2.7303657674337955e-07,1.0,1.6706654514564433e-05,1.6433617884104023e-05,1.6433617884104023e-05,0.9787901043891907,0.9787886440753937,0.29515303671360016,0.005712092155590653,0.9999837875366211,2.8138902052887715e-07,1.1599857741018127e-08
58301,58400,100,3261.3848363168836,2.6928557900873783e-07,1.0,1.6463329093312495e-05,1.6194043400901137e-05,1.6194043400901137e-05,0.9788637608289719,0.9788305163383484,0.29417913407087326,0.005794952274300158,0.9999833256006241,2.810741719372345e-07,9.985414217705824e-09
58401,58500,100,3266.948274980903,2.66349971695945e-07,1.0,1.5971604434525943e-05,1.5705254409112967e-05,1.5705254409112967e-05,0.9789412617683411,0.9789348840713501,0.29339101165533066,0.005879924516193569,0.9999828189611435,2.8167741561446746e-07,1.5226173211146943e-08
58501,58600,100,3272.5299341618847,2.6312788776294837e-07,1.0,1.5537764556938783e-05,1.5274636662070408e-05,1.5274636662070408e-05,0.9790274351835251,0.9790268540382385,0.2925370782613754,0.005493140080943704,0.9999850392341614,2.803809735496543e-07,1.6061011631762767e-08
58601,58700,100,3278.1117192488855,2.6123099672759053e-07,1.0,1.5847333324927605e-05,1.558610229039914e-05,1.558610229039914e-05,0.9791072458028793,0.9790695905685425,0.2917652130126953,0.005171072203665972,0.9999867081642151,2.7352039921879623e-07,1.7383427808326246e-08
58701,58800,100,3283.7038760608666,2.5761339060181855e-07,1.0,1.5111147295101546e-05,1.4853533903078642e-05,1.4853533903078642e-05,0.979185089468956,0.9791581928730011,0.29086216539144516,0.0054644790943712,0.9999851882457733,2.7412099967705217e-07,1.565744267573166e-08
58801,58900,100,3289.2547289178656,2.5360356175951893e-07,1.0,1.4577622123397304e-05,1.4324018575280207e-05,1.4324018575280207e-05,0.9792561382055283,0.9792717844247818,0.29026874899864197,0.005773664568550885,0.9999831467866898,2.626779007641744e-07,1.6273290714963196e-08
58901,59000,100,3294.8193447118465,2.514482284254882e-07,1.0,1.4706757337989983e-05,1.445530907403736e-05,1.445530907403736e-05,0.97932368516922,0.9793216586112976,0.28943928331136703,0.005717672407627106,0.9999836683273315,2.6511999351441773e-07,1.7510028538225697e-08
59001,59100,100,3300.3967958528374,2.500099179769677e-07,1.0,1.4459197209362174e-05,1.420918719304609e-05,1.420918719304609e-05,0.9794028550386429,0.979453831911087,0.28876908123493195,0.005470819654874504,0.9999851137399673,2.5710320272764875e-07,1.1155640633475628e-08
59101,59200,100,3306.016474620843,2.450162838840697e-07,1.0,1.4071667646931018e-05,1.3826651302224492e-05,1.3826651302224492e-05,0.979466125369072,0.9794460386037827,0.28800030052661896,0.005485713365487754,0.9999849796295166,2.565052525937972e-07,1.0861207044854382e-08
59201,59300,100,3311.6077841778424,2.422063079166037e-07,1.0,1.4415923615160864e-05,1.4173717308949563e-05,1.4173717308949563e-05,0.9795343577861786,0.9795606583356857,0.2873835936188698,0.00522959406953305,0.9999863356351852,2.5054161767457117e-07,1.0892270752016486e-08
59301,59400,100,3317.184576260839,2.375710381841145e-07,1.0,1.3660088034157526e-05,1.3422516976788757e-05,1.3422516976788757e-05,0.9795949012041092,0.9796171635389328,0.28686968237161636,0.0051380336517468095,0.9999869167804718,2.424983804871772e-07,7.50386475178999e-09
59401,59500,100,3322.831464672843,2.3391559707874877e-07,1.0,1.3554762654166553e-05,1.3320847046998097e-05,1.3320847046998097e-05,0.9796609282493591,0.979658767580986,0.2862950935959816,0.005287252715788782,0.999986082315445,2.3907471913275913e-07,7.906569760018911e-09
59501,59600,100,3328.4329695598244,2.3154780620870951e-07,1.0,1.3278683600219665e-05,1.3047135744272965e-05,1.3047135744272965e-05,0.9797292649745941,0.9797133058309555,0.285617358982563,0.005468775983899832,0.999985083937645,2.4019917788109524e-07,1.1256870546816344e-08
59601,59700,100,3334.0532716198322,2.2698044645608207e-07,1.0,1.329069145867834e-05,1.3063710957794683e-05,1.3063710957794683e-05,0.9797969609498978,0.9797608852386475,0.28497201949357986,0.0050732779782265425,0.9999872446060181,2.352356567314473e-07,8.459678513261792e-09
59701,59800,100,3339.678303785826,2.247574957436882e-07,1.0,1.3150762251825654e-05,1.2926004765176912e-05,1.2926004765176912e-05,0.9798565208911896,0.979816347360611,0.2844202518463135,0.005221500992774963,0.9999865144491196,2.3174319707663926e-07,8.06082933735297e-09
59801,59900,100,3345.32695595282,2.191412364993539e-07,1.0,1.2900188485218678e-05,1.2681047192018013e-05,1.2681047192018013e-05,0.9799178689718246,0.9798939824104309,0.28387827426195145,0.004918684018775821,0.9999879747629166,2.261393881042295e-07,9.763578501242876e-09
59901,60000,100,3350.9646489798506,2.1526838850149943e-07,1.0,1.2964692523382837e-05,1.2749424085995997e-05,1.2749424085995997e-05,0.9799677580595016,0.9799901396036148,0.2833547666668892,0.005390202743001282,0.999985545873642,2.220622015158824e-07,9.353386509758366e-09
60001,60100,100,3356.584886102846,2.1153446581934078e-07,1.0,1.25020824270905e-05,1.2290547974771471e-05,1.2290547974771471e-05,0.9800285845994949,0.9799947291612625,0.2828446552157402,0.005109312711283565,0.999987006187439,2.2021014345341428e-07,1.1474103112085743e-08
60101,60200,100,3362.204506011829,2.1067900618731983e-07,1.0,1.2251308444319875e-05,1.20406294172426e-05,1.20406294172426e-05,0.9801011234521866,0.9800892025232315,0.28223817050457,0.004760279203765094,0.999988779425621,2.1824430973538256e-07,7.608072283282752e-09
60201,60300,100,3367.839871651853,2.0960488114951658e-07,1.0,1.211764594700071e-05,1.1908041033166228e-05,1.1908041033166228e-05,0.9801424890756607,0.9801464527845383,0.2817658334970474,0.004791655577719212,0.9999886006116867,2.1501114488842177e-07,7.851338357234283e-09
60301,60400,100,3373.4526847188426,2.0721749521612765e-07,1.0,1.2029683211949305e-05,1.1822465676232242e-05,1.1822465676232242e-05,0.9802103489637375,0.9802344143390656,0.28116948902606964,0.004606268950738013,0.999989464879036,2.1013228135302597e-07,4.1597632005618834e-09
60401,60500,100,3379.057661074843,2.058575694263709e-07,1.0,1.1836443263746332e-05,1.1630585677266935e-05,1.1630585677266935e-05,0.9802536368370056,0.9802236557006836,0.28052203357219696,0.004936335142701864,0.9999878853559494,2.1565936236811467e-07,1.1242544228906581e-08
60501,60600,100,3384.648785922829,2.0395330707856374e-07,1.0,1.164086217613658e-05,1.1436908862378913e-05,1.1436908862378913e-05,0.9803409278392792,0.9803152531385422,0.279969185590744,0.005417986889369786,0.9999854266643524,2.127674996188489e-07,1.1289254198132426e-08
60601,60700,100,3390.249723464811,2.0163955170460212e-07,1.0,1.1464885092209443e-05,1.12632454965933e-05,1.12632454965933e-05,0.9803853929042816,0.9803488552570343,0.2793748304247856,0.0046417220728471875,0.9999893009662628,2.1215631917925748e-07,9.705441006424564e-09
60701,60800,100,3395.852873869808,2.0100140233125785e-07,1.0,1.1846381075883983e-05,1.164537965451018e-05,1.164537965451018e-05,0.98044753074646,0.9804338216781616,0.2789020389318466,0.004841840476728976,0.9999883472919464,2.093755817611509e-07,9.656638932931116e-09
60801,60900,100,3401.4531854328197,1.967045122341915e-07,1.0,1.1948231012866017e-05,1.1751526453736006e-05,1.1751526453736006e-05,0.9804972410202026,0.9805308729410172,0.2783789709210396,0.005268052103929222,0.9999859482049942,2.0817174117837567e-07,1.507493130326054e-08
60901,61000,100,3407.0899782838133,1.934843689355148e-07,1.0,1.1385498592062504e-05,1.1192014208063483e-05,1.1192014208063483e-05,0.9805341213941574,0.9805505871772766,0.2779669985175133,0.004857423366047442,0.9999881982803345,2.0269228784286497e-07,1.0324299692943129e-08
61001,61100,100,3412.677098244789,1.9436058622090967e-07,1.0,1.0918238413069048e-05,1.0723877830969285e-05,1.0723877830969285e-05,0.9805987477302551,0.9806056022644043,0.27750686556100845,0.0046616720501333475,0.9999892264604568,2.0343839679526354e-07,1.3062701365029739e-08
61101,61200,100,3418.2341654407937,1.9273766241667545e-07,1.0,1.0990218461301993e-05,1.079748074971576e-05,1.079748074971576e-05,0.9806475192308426,0.9806526452302933,0.27707265317440033,0.004579408443532884,0.9999896138906479,1.996892962097263e-07,8.41917324745367e-09
61201,61300,100,3423.7824339327562,1.9213695807707153e-07,1.0,1.0718286011979216e-05,1.052614897616877e-05,1.052614897616877e-05,0.9807111620903015,0.9807020127773285,0.27645473182201385,0.004764750599861145,0.9999888092279434,2.0076878826102984e-07,8.968530473829617e-09
61301,61400,100,3429.3538897087383,1.913423275823334e-07,1.0,1.0572415376373102e-05,1.0381073034295696e-05,1.0381073034295696e-05,0.98076331615448,0.9807721674442291,0.2760491818189621,0.004523743991740048,0.9999897629022598,1.991257434497129e-07,1.0397832872488522e-08
61401,61500,100,3434.887747446737,1.8842864562884643e-07,1.0,1.0903023176069837e-05,1.071459452759882e-05,1.071459452759882e-05,0.9808309525251389,0.9807805716991425,0.2755516245961189,0.0049891117960214615,0.9999873638153076,1.9831876940656912e-07,1.0545167627995511e-08
61501,61600,100,3440.5155811247205,1.8827682126243418e-07,1.0,1.0384776005594177e-05,1.0196499147241411e-05,1.0196499147241411e-05,0.9808876067399979,0.9808586090803146,0.27516496181488037,0.004371398244984448,0.9999905079603195,1.9582377674964846e-07,6.6891295835702635e-09
61601,61700,100,3446.148400121743,1.8701225940276345e-07,1.0,1.0557627315392892e-05,1.037061504121084e-05,1.037061504121084e-05,0.980931431055069,0.9809360653162003,0.27467460185289383,0.004439704935066402,0.9999902695417404,1.9518878602298173e-07,7.321989126118922e-09
61701,61800,100,3451.7167589047276,1.8495044741939638e-07,1.0,1.034261867062014e-05,1.0157668175452272e-05,1.0157668175452272e-05,0.9809786677360535,0.9809585362672806,0.27428939938545227,0.004451241926290095,0.9999900758266449,1.9337376855332877e-07,9.21524967445464e-09
61801,61900,100,3457.2428773437205,1.83066655949915e-07,1.0,1.0169978322664974e-05,9.986911636588048e-06,9.986911636588048e-06,0.9810291677713394,0.9810294359922409,0.273876391351223,0.004478047019802034,0.9999900162220001,1.8884150776443676e-07,5.440340566931212e-09
61901,62000,100,3462.762404440713,1.8279016870792474e-07,1.0,1.0021223811236269e-05,9.838433620643627e-06,9.838433620643627e-06,0.9810908287763596,0.9810868501663208,0.2734186351299286,0.004609599243849516,0.999989315867424,1.9168309606243383e-07,1.4590181174334305e-08
62001,62100,100,3468.291587592692,1.8181781229031911e-07,1.0,9.94450278540171e-06,9.762684940142207e-06,9.762684940142207e-06,0.9811447113752365,0.9811519533395767,0.27302341163158417,0.004346308181993663,0.9999906420707703,1.867169281410952e-07,9.937171641105635e-09
62101,62200,100,3473.849813284716,1.7932235309103815e-07,1.0,1.003623224733019e-05,9.85690992365562e-06,9.85690992365562e-06,0.9811818897724152,0.9811746627092361,0.27264199405908585,0.004121487843804061,0.9999915957450867,1.865608219020487e-07,8.466926049166545e-09
62201,62300,100,3479.4555554157014,1.7852510296734182e-07,1.0,9.752530309015128e-06,9.57400518018403e-06,9.57400518018403e-06,0.9812164008617401,0.9812043756246567,0.27224256098270416,0.004479025141336024,0.9999900460243225,1.884393476814239e-07,1.042061648082182e-08
62301,62400,100,3485.013709250703,1.7729818452494328e-07,1.0,9.812059533942375e-06,9.634761349843757e-06,9.634761349843757e-06,0.9812926799058914,0.9812904447317123,0.2718610391020775,0.004377404518891126,0.9999904483556747,1.8222435471670906e-07,7.08967595741683e-09
62401,62500,100,3490.5393867617167,1.7520164149686935e-07,1.0,9.729932235131856e-06,9.554730531817768e-06,9.554730531817768e-06,0.9813445955514908,0.9813182801008224,0.27156244218349457,0.004588211188092828,0.9999895691871643,1.819465431651679e-07,6.936659024958658e-09
62501,62600,100,3496.1211854297326,1.7321996352848147e-07,1.0,9.98973687273974e-06,9.816516894716188e-06,9.816516894716188e-06,0.9813909083604813,0.9813828617334366,0.2711911126971245,0.004222936229780316,0.9999911487102509,1.7420492426367673e-07,-6.05259176111872e-11
62601,62700,100,3501.6987219887524,1.7228320871254253e-07,1.0,9.452741792301823e-06,9.280458589273622e-06,9.280458589273622e-06,0.9814290553331375,0.9814203679561615,0.2708614468574524,0.0041174208745360374,0.9999916255474091,1.783747087813481e-07,4.302747866335999e-09
62701,62800,100,3507.21250233076,1.72056393097364e-07,1.0,9.726173375383951e-06,9.554116968502057e-06,9.554116968502057e-06,0.9814841598272324,0.9814831167459488,0.27049628645181656,0.004446590901352465,0.9999901950359344,1.7516270389705824e-07,4.067660208662005e-09
62801,62900,100,3512.801481343762,1.7053406793365865e-07,1.0,9.306578986070236e-06,9.13604489142017e-06,9.13604489142017e-06,0.9815248399972916,0.9815302491188049,0.27016857266426086,0.004245751712005585,0.9999910295009613,1.741176163250202e-07,5.227852498124186e-09
62901,63000,100,3518.3886841657622,1.6921217294907364e-07,1.0,9.324874054073006e-06,9.15566184630734e-06,9.15566184630734e-06,0.9815684407949448,0.9815781861543655,0.2698438987135887,0.003951378748752177,0.9999922215938568,1.7329212198546884e-07,4.5049629582294415e-09
63001,63100,100,3523.950948969785,1.6755441947680083e-07,1.0,8.98584483365994e-06,8.818290425551822e-06,8.818290425551822e-06,0.9816316068172455,0.9816491007804871,0.2694788947701454,0.004558858461678028,0.9999896287918091,1.7164378718348416e-07,5.039713854571026e-10
63101,63200,100,3529.5134237307793,1.6707828024209448e-07,1.0,9.034884583343227e-06,8.867806341186224e-06,8.867806341186224e-06,0.9816690981388092,0.9816639274358749,0.26917508244514465,0.004237124929204583,0.9999910145998001,1.6864609619915427e-07,4.14974787865674e-09
63201,63300,100,3535.0935377337737,1.6567644649967406e-07,1.0,9.277689059672412e-06,9.11201262169925e-06,9.11201262169925e-06,0.9817094057798386,0.9817069470882416,0.2688753828406334,0.004139508178923279,0.9999914765357971,1.7200361313030044e-07,1.0144053153027244e-08
63301,63400,100,3540.655000557759,1.63348042576672e-07,1.0,8.934476200010977e-06,8.771128141233931e-06,8.771128141233931e-06,0.9817613959312439,0.9817458689212799,0.26847242563962936,0.004815297783352435,0.9999882578849792,1.712151664889916e-07,6.311340672304766e-09
63401,63500,100,3546.252930840761,1.6417944323166012e-07,1.0,9.436015016035526e-06,9.27183560179401e-06,9.27183560179401e-06,0.9818249493837357,0.9818065911531448,0.268032930791378,0.0040816692053340375,0.9999916851520538,1.6905354627283486e-07,5.413148040922522e-09
63501,63600,100,3551.819410772765,1.6323007557161872e-07,1.0,8.894770512597461e-06,8.731540419830708e-06,8.731540419830708e-06,0.9818602949380875,0.9818697571754456,0.2678181082010269,0.004110857844352722,0.9999916255474091,1.6754808740415683e-07,7.463071383106978e-09
63601,63700,100,3557.4016281387812,1.6316206924216204e-07,1.0,8.654050607219687e-06,8.490888499181892e-06,8.490888499181892e-06,0.9819086045026779,0.9818998575210571,0.2674712687730789,0.00405543006490916,0.9999917894601822,1.6443133077359562e-07,3.4432826034880293e-09
63701,63800,100,3562.9882591707756,1.603624752988253e-07,1.0,8.964414137153653e-06,8.804051626611908e-06,8.804051626611908e-06,0.9819573909044266,0.9819871336221695,0.2671973407268524,0.004022360371891409,0.9999919235706329,1.640291635851554e-07,6.642269789747246e-09
63801,63900,100,3568.5397231217503,1.578787534128878e-07,1.0,8.928584479690471e-06,8.770705680944958e-06,8.770705680944958e-06,0.9820002764463425,0.9820490330457687,0.26687178015708923,0.004414277616888285,0.9999902695417404,1.6660089130482447e-07,1.4185036922853556e-08
63901,64000,100,3574.079285324762,1.586911396600499e-07,1.0,8.602918737778964e-06,8.444227592008247e-06,8.444227592008247e-06,0.9820555001497269,0.9820290058851242,0.26647867262363434,0.0040666681015864015,0.9999917447566986,1.6304493044572155e-07,3.933340542161545e-09
64001,64100,100,3579.585391254768,1.5753251517480748e-07,1.0,8.658103315610787e-06,8.500570784235606e-06,8.500570784235606e-06,0.9821119904518127,0.982105478644371,0.2661243826150894,0.0038357764715328813,0.9999926537275314,1.6168498362389983e-07,6.553237466566664e-09
64101,64200,100,3585.1545489177515,1.5662661041915272e-07,1.0,8.561295453546336e-06,8.404668828916329e-06,8.404668828916329e-06,0.9821672737598419,0.9821581691503525,0.2658867612481117,0.0038040626677684486,0.9999927878379822,1.6237289557352597e-07,7.801364887427553e-09
64201,64300,100,3590.7227309117407,1.5646042697881057e-07,1.0,8.464454494969687e-06,8.30799405775906e-06,8.30799405775906e-06,0.9822150617837906,0.9821668714284897,0.26550915837287903,0.00408724439330399,0.9999916553497314,1.6234114497137853e-07,4.9942314173101465e-09
64301,64400,100,3596.2778503317495,1.548676715401598e-07,1.0,8.574612575102947e-06,8.419744899583748e-06,8.419744899583748e-06,0.9822732359170914,0.9822752624750137,0.2650921568274498,0.004168529121670872,0.999991312623024,1.6373548206161104e-07,1.0976077269297946e-08
64401,64500,100,3601.811814428762,1.5560787872459514e-07,1.0,8.299196470034075e-06,8.143588602251838e-06,8.143588602251838e-06,0.9822985678911209,0.9823039025068283,0.2648167312145233,0.004118557902984321,0.9999914914369583,1.6346032438718794e-07,9.438906822811788e-09
64501,64600,100,3607.3439578607577,1.5465201272490958e-07,1.0,8.404080476793752e-06,8.249428442468342e-06,8.249428442468342e-06,0.9823724776506424,0.9823646694421768,0.26447372883558273,0.004079199570696801,0.9999917149543762,1.6397360624864632e-07,1.0797864824496628e-08
64601,64700,100,3612.8988730557685,1.5398495207818995e-07,1.0,8.111910628940678e-06,7.95792563167197e-06,7.95792563167197e-06,0.9824278652667999,0.9824157506227493,0.2641252726316452,0.004002066154498607,0.9999920427799225,1.6099178523631963e-07,8.057147171669499e-09
64701,64800,100,3618.445622936739,1.5353277589724713e-07,1.0,8.166196848833352e-06,8.012664061425312e-06,8.012664061425312e-06,0.9824714809656143,0.9824800938367844,0.2637778967618942,0.004025478439871222,0.9999919235706329,1.6044145567661872e-07,6.284626152819328e-09
64801,64900,100,3624.0495721487423,1.5276977109124345e-07,1.0,8.04503510153154e-06,7.892265330156079e-06,7.892265330156079e-06,0.9825220108032227,0.9825209081172943,0.26353155821561813,0.003847793792374432,0.9999926537275314,1.5692254251575832e-07,5.354283780234503e-09
64901,65000,100,3629.6115261387386,1.5093681156486128e-07,1.0,8.186983009181859e-06,8.036046165216248e-06,8.036046165216248e-06,0.9825758785009384,0.9825843870639801,0.2631775736808777,0.004291140357963741,0.9999908804893494,1.6175907191495753e-07,1.1672950162022744e-08
65001,65100,100,3635.1563450927424,1.4987238756702935e-07,1.0,7.814060140844958e-06,7.664187733098515e-06,7.664187733098515e-06,0.9826352447271347,0.9826406389474869,0.2629121020436287,0.003903800155967474,0.9999924302101135,1.5876931058755872e-07,1.1270324451473357e-08
65101,65200,100,3640.708895985743,1.4962655711769912e-07,1.0,8.031577654037391e-06,7.881951091803785e-06,7.881951091803785e-06,0.9826804548501968,0.9826644361019135,0.26259569823741913,0.0037281891563907266,0.9999931007623672,1.5766865502087057e-07,7.808479196569351e-09
65201,65300,100,3646.2624817017677,1.4989838646783939e-07,1.0,7.783816554365331e-06,7.633918107785575e-06,7.633918107785575e-06,0.9827263653278351,0.9827429205179214,0.26229600608348846,0.004108858935069293,0.9999916255474091,1.5736174674430004e-07,9.209360052331306e-09
65301,65400,100,3651.8527520717507,1.4936782463337295e-07,1.0,8.033932613216165e-06,7.884564829510055e-06,7.884564829510055e-06,0.9827775210142136,0.9827852994203568,0.26210884004831314,0.003926855628378689,0.9999923706054688,1.5515514917296969e-07,7.52166740003446e-09
65401,65500,100,3657.4519685697596,1.4805359185743328e-07,1.0,7.686113658564864e-06,7.538060071965447e-06,7.538060071965447e-06,0.9828298836946487,0.9828299283981323,0.2617562636733055,0.004099604848306626,0.9999916404485703,1.5711833256659702e-07,1.132450810903407e-08
65501,65600,100,3663.0062539867613,1.48696010171534e-07,1.0,7.572015065306914e-06,7.423319052577426e-06,7.423319052577426e-06,0.9828873872756958,0.9828502982854843,0.2613913267850876,0.004165913385804743,0.9999912828207016,1.5650186213633788e-07,1.1958719570159815e-08
65601,65700,100,3668.5976196167503,1.4663613853826973e-07,1.0,7.80241699430917e-06,7.655780864297412e-06,7.655780864297412e-06,0.9829282760620117,0.9828966408967972,0.2611929550766945,0.0038565521826967597,0.9999925792217255,1.5519747620373892e-07,9.788068133786965e-09
65701,65800,100,3674.162845485771,1.47690958556268e-07,1.0,7.569440563202079e-06,7.421749583045312e-06,7.421749583045312e-06,0.9830020666122437,0.9830220192670822,0.2608693614602089,0.004079704114701599,0.9999917447566986,1.5577690959389656e-07,1.0649223725067714e-08
65801,65900,100,3679.6911433137793,1.461588357187793e-07,1.0,7.75721201534907e-06,7.611053183609328e-06,7.611053183609328e-06,0.9830496907234192,0.9830595999956131,0.26065173745155334,0.0038514247280545533,0.9999924749135971,1.5602032377159958e-07,1.2545757988036144e-08
65901,66000,100,3685.1403249267605,1.4614651490774123e-07,1.0,7.681411329940601e-06,7.535264812759124e-06,7.535264812759124e-06,0.9830976128578186,0.9831081330776215,0.2603960856795311,0.003778257465455681,0.9999929368495941,1.5399099240198666e-07,8.555298386392352e-09
66001,66100,100,3690.6518635537614,1.455063276978308e-07,1.0,7.493626885661797e-06,7.3481205299685824e-06,7.3481205299685824e-06,0.983148843050003,0.9831534326076508,0.2600964680314064,0.004304995411075652,0.9999906569719315,1.5411534448617203e-07,8.054210964836273e-09
66101,66200,100,3696.2883495937604,1.4483645458085448e-07,1.0,7.376080288850062e-06,7.231243826026912e-06,7.231243826026912e-06,0.9831990301609039,0.9832046180963516,0.2598123177886009,0.003828265704214573,0.9999926835298538,1.548085464264659e-07,1.0861355814739682e-08
66201,66300,100,3701.8970976887467,1.4356044559349356e-07,1.0,7.35325746518356e-06,7.209697009784577e-06,7.209697009784577e-06,0.9832448065280914,0.9832439720630646,0.2595672681927681,0.0038251617224887013,0.9999926835298538,1.5319195512120132e-07,1.535545268716021e-08
66301,66400,100,3707.5080854417574,1.4414252234473678e-07,1.0,7.57722734761046e-06,7.4330847655801334e-06,7.4330847655801334e-06,0.983309730887413,0.9833103567361832,0.25933948904275894,0.003559106611646712,0.9999937266111374,1.5172354039805214e-07,8.799535156089888e-09
66401,66500,100,3713.1236317677503,1.4251988673663617e-07,1.0,7.168274332798319e-06,7.025754416645213e-06,7.025754416645213e-06,0.9833607822656631,0.9833342880010605,0.25898903608322144,0.004015484009869397,0.9999919235706329,1.5437727896028264e-07,1.163509577573052e-08
66501,66600,100,3718.759838557722,1.4307024059689866e-07,1.0,7.1478549170933545e-06,7.004784652053786e-06,7.004784652053786e-06,0.9834122359752655,0.9834431856870651,0.2588205710053444,0.0037723699933849275,0.9999929219484329,1.5083454840691957e-07,1.0943865591528379e-08
66601,66700,100,3724.3844805337394,1.410653739242207e-07,1.0,7.184189594227064e-06,7.0431242011181894e-06,7.0431242011181894e-06,0.9834662973880768,0.9835078120231628,0.2586578354239464,0.0039023791323415935,0.9999923706054688,1.504509086203143e-07,1.3439070967180555e-08
66701,66800,100,3729.9614228317478,1.4054868344715032e-07,1.0,7.420803785862517e-06,7.280255072146247e-06,7.280255072146247e-06,0.983518660068512,0.9835121631622314,0.2583680525422096,0.003968072065617889,0.9999920278787613,1.4946137483207167e-07,9.39163946611643e-09
66801,66900,100,3735.536432912715,1.3967586056651272e-07,1.0,7.24455337604013e-06,7.104877508936624e-06,7.104877508936624e-06,0.9835676699876785,0.9835561960935593,0.25806547701358795,0.0036925647873431444,0.9999931901693344,1.4990058261332706e-07,8.85140810646945e-09
66901,67000,100,3741.1453161127356,1.3940228370756814e-07,1.0,7.047876174510747e-06,6.908473847033747e-06,6.908473847033747e-06,0.9836390316486359,0.9836814254522324,0.25783344358205795,0.0037524792132899165,0.9999930262565613,1.4872319908931786e-07,1.2065831000995786e-08
67001,67100,100,3746.7691803607195,1.398060507540322e-07,1.0,6.873848906252533e-06,6.734042840434995e-06,6.734042840434995e-06,0.9836898446083069,0.9836943000555038,0.25760407000780106,0.0037901269970461726,0.9999928772449493,1.4943492132601932e-07,8.060199174764193e-09
67101,67200,100,3752.406359511726,1.3898173392590252e-07,1.0,7.044593030514079e-06,6.905611285219493e-06,6.905611285219493e-06,0.9837445765733719,0.9837407320737839,0.2572702094912529,0.0034843540634028614,0.9999939501285553,1.4544769300073312e-07,6.1984187921249045e-09
67201,67300,100,3757.990349320731,1.389119825034868e-07,1.0,6.9485867152252464e-06,6.809674723626813e-06,6.809674723626813e-06,0.9838017225265503,0.9838148355484009,0.25713104009628296,0.003783351741731167,0.9999928623437881,1.4783156387920826e-07,9.204026096831797e-09
67301,67400,100,3763.6429494737386,1.381804077027482e-07,1.0,7.098299402059638e-06,6.960118967072049e-06,6.960118967072049e-06,0.9838566929101944,0.9838476181030273,0.25679440796375275,0.0035400601918809116,0.9999937415122986,1.451407811714489e-07,8.434514531252546e-09
67401,67500,100,3769.265284790734,1.36288951040342e-07,1.0,6.926995133653691e-06,6.790706174797379e-06,6.790706174797379e-06,0.9839190691709518,0.9839145690202713,0.25655585527420044,0.003551743517164141,0.9999937117099762,1.4508522383493982e-07,9.467304717958314e-09
67501,67600,100,3774.84116771373,1.3644504335275087e-07,1.0,6.822428008490533e-06,6.685982980343397e-06,6.685982980343397e-06,0.983987107872963,0.9839871376752853,0.25629791617393494,0.0038318641600199044,0.9999925196170807,1.4614353816000403e-07,1.0041755982292955e-08
67601,67700,100,3780.4724690527255,1.3681165555112785e-07,1.0,6.8684837970067745e-06,6.731672124260513e-06,6.731672124260513e-06,0.9840277433395386,0.9840411394834518,0.25606731325387955,0.004052068630699068,0.9999918341636658,1.466435968211499e-07,1.4824698135740277e-08
67701,67800,100,3786.073151192686,1.363029193157672e-07,1.0,7.039005572551104e-06,6.9027026074763855e-06,6.9027026074763855e-06,0.9840919226408005,0.9840894490480423,0.25595320016145706,0.0034774602972902358,0.9999939948320389,1.4414066740187081e-07,1.0004929773543836e-08
67801,67900,100,3791.6796382936664,1.3448393190174102e-07,1.0,6.817029425292276e-06,6.682545467810997e-06,6.682545467810997e-06,0.9841492027044296,0.9841757714748383,0.25567246973514557,0.0034115934977307916,0.9999942630529404,1.4365383904646478e-07,1.1550295830886625e-08
67901,68000,100,3797.299530090677,1.3403359702124363e-07,1.0,6.991391474002739e-06,6.857357871012937e-06,6.857357871012937e-06,0.9842041432857513,0.9842150956392288,0.2554331570863724,0.0036741411895491183,0.999993309378624,1.4236798051570076e-07,1.067976540536364e-08
68001,68100,100,3802.9017985526443,1.33844228145108e-07,1.0,6.693664281556266e-06,6.559820035363373e-06,6.559820035363373e-06,0.9842580556869507,0.9842243492603302,0.2552250325679779,0.003447266237344593,0.999994084239006,1.4113239288349178e-07,9.495651598356858e-09
68101,68200,100,3808.504133090646,1.3313244664914237e-07,1.0,6.5734938470995984e-06,6.440361412387574e-06,6.440361412387574e-06,0.984311506152153,0.9843163639307022,0.2550976201891899,0.0034458705340512097,0.9999940693378448,1.418546951015287e-07,1.2408990390788688e-08
68201,68300,100,3814.107064566644,1.3318114611138299e-07,1.0,6.7122506288797015e-06,6.579069463441556e-06,6.579069463441556e-06,0.9843682050704956,0.9843710660934448,0.25479985773563385,0.00364636437734589,0.9999933689832687,1.4057942010481383e-07,7.706595583911735e-09
68301,68400,100,3819.6993346726485,1.341146041511365e-07,1.0,6.240831576178607e-06,6.106716962221981e-06,6.106716962221981e-06,0.9844357371330261,0.9844162464141846,0.25461527705192566,0.0037173351738601923,0.9999931305646896,1.4160334416146725e-07,7.83682041483047e-09
68401,68500,100,3825.304510439644,1.3352185618487056e-07,1.0,6.448663111768838e-06,6.315141235972987e-06,6.315141235972987e-06,0.9844935983419418,0.9844774901866913,0.2543362006545067,0.0038594185025431216,0.9999926090240479,1.434448222425999e-07,7.982643823734037e-09
68501,68600,100,3830.899615084658,1.321727961567376e-07,1.0,6.396970293280901e-06,6.2647974755236645e-06,6.2647974755236645e-06,0.9845471233129501,0.9845207929611206,0.2541474178433418,0.00349714100593701,0.9999938756227493,1.376901970218114e-07,7.301363735834343e-09
68601,68700,100,3836.4922629286593,1.3131850124636912e-07,1.0,6.419781566364691e-06,6.28846306426567e-06,6.28846306426567e-06,0.9846017807722092,0.9845949560403824,0.2539905905723572,0.0034310458577238023,0.9999940395355225,1.3609478699549982e-07,5.590811869016221e-09
68701,68800,100,3842.1372212446477,1.3101572449158994e-07,1.0,6.622083369620668e-06,6.491067611023027e-06,6.491067611023027e-06,0.9846543222665787,0.9846756458282471,0.2538905292749405,0.0038847707910463214,0.9999925047159195,1.379150980085342e-07,9.040634796342317e-09
68801,68900,100,3847.6918091716398,1.3074214834318808e-07,1.0,6.333023084152955e-06,6.202280919751502e-06,6.202280919751502e-06,0.9847094118595123,0.9846916645765305,0.2536422237753868,0.0036328909918665886,0.9999933391809464,1.3601541581920173e-07,7.1211366803325404e-09
68901,69000,100,3853.2914224796696,1.3011302030463412e-07,1.0,6.473411317529098e-06,6.343298268802755e-06,6.343298268802755e-06,0.9847864806652069,0.9848260432481766,0.2534032613039017,0.003957542066927999,0.9999922215938568,1.3911628826690503e-07,8.805194462446764e-09
69001,69100,100,3858.8886188996767,1.2928491955221943e-07,1.0,6.261864309635712e-06,6.13257936493028e-06,6.13257936493028e-06,0.9848382025957108,0.9848511815071106,0.2532372400164604,0.0034309719339944422,0.9999941885471344,1.3590429048804253e-07,8.240138738013769e-09
69101,69200,100,3864.5202726016614,1.285166761988421e-07,1.0,6.387683961293078e-06,6.259167280404654e-06,6.259167280404654e-06,0.9849115163087845,0.9849155992269516,0.25302543491125107,0.0034999767667613924,0.9999938756227493,1.3453111336048096e-07,8.172796550631745e-09
69201,69300,100,3870.1451532426618,1.2920003399585767e-07,1.0,6.164289261505473e-06,6.035089218130451e-06,6.035089218130451e-06,0.9849555343389511,0.9849661737680435,0.2528209462761879,0.0033164016203954816,0.999994546175003,1.3485655259160012e-07,6.552537290538396e-09
69301,69400,100,3875.777713421692,1.2724891369941817e-07,1.0,6.268065621952701e-06,6.1408166720866575e-06,6.1408166720866575e-06,0.9850039929151535,0.9850167781114578,0.25269855558872223,0.0034305708832107484,0.9999941885471344,1.3239066731784987e-07,6.014037268187167e-09
69401,69500,100,3881.4035703086956,1.265886447754383e-07,1.0,6.098066314734752e-06,5.971477653474722e-06,5.971477653474722e-06,0.9850698709487915,0.9850587546825409,0.25244737416505814,0.003399960231035948,0.9999942034482956,1.3288542888290067e-07,8.09283962066587e-09
69501,69600,100,3887.0195227546865,1.2640014951159628e-07,1.0,6.02915863510134e-06,5.902758471165726e-06,5.902758471165726e-06,0.9851192682981491,0.9851460754871368,0.2523043677210808,0.0036102846497669816,0.9999935477972031,1.3369504614502148e-07,6.41013092606002e-09
69601,69700,100,3892.609775994675,1.2564063638365043e-07,1.0,6.357173310789221e-06,6.231532652236638e-06,6.231532652236638e-06,0.9851846098899841,0.9851905405521393,0.25207091867923737,0.003519524761941284,0.9999938011169434,1.316101538861858e-07,5.975630434917889e-09
69701,69800,100,3898.197438580679,1.245299375796094e-07,1.0,6.355414334393572e-06,6.230884400793002e-06,6.230884400793002e-06,0.9852433502674103,0.9852289408445358,0.25193824619054794,0.003491890733130276,0.9999938458204269,1.3035339918587852e-07,8.228007830624051e-09
69801,69900,100,3903.734484468667,1.2433503933095834e-07,1.0,6.19545527797527e-06,6.071120199067082e-06,6.071120199067082e-06,0.985311821103096,0.9853074997663498,0.2518167123198509,0.0038551432662643492,0.9999926090240479,1.318429774244123e-07,7.347997210693791e-09
69901,70000,100,3909.2525118496997,1.2367428531945279e-07,1.0,5.9511037943593695e-06,5.8274295179217e-06,5.8274295179217e-06,0.9853736162185669,0.9853609949350357,0.2515394389629364,0.0038486228440888226,0.9999926537275314,1.3363683493139433e-07,9.42312855523042e-09
70001,70100,100,3914.7371551437136,1.2321046739316443e-07,1.0,6.0493650153148336e-06,5.9261545220579134e-06,5.9261545220579134e-06,0.9854298830032349,0.9854027032852173,0.2513509541749954,0.003450680582318455,0.9999940693378448,1.2850398078967373e-07,6.185490231125357e-09
70101,70200,100,3920.3143193597134,1.228878999626204e-07,1.0,6.0223807031434265e-06,5.899492789467331e-06,5.899492789467331e-06,0.9854907989501953,0.9854814857244492,0.25115513801574707,0.0034817573032341897,0.9999939799308777,1.2782665592681042e-07,5.8407325642662045e-09
70201,70300,100,3925.8921488267188,1.2217223797961198e-07,1.0,5.996877725920058e-06,5.874705450423789e-06,5.874705450423789e-06,0.9855472594499588,0.9855309724807739,0.250984825193882,0.003542174817994237,0.9999937415122986,1.2862304643590505e-07,1.0731230709604134e-08
70301,70400,100,3931.4626731487224,1.2186820036674817e-07,1.0,5.984802978673542e-06,5.862934767719708e-06,5.862934767719708e-06,0.9856129437685013,0.9855895787477493,0.2507927790284157,0.003247740911319852,0.9999947845935822,1.248474887916018e-07,3.658861449928885e-09
70401,70500,100,3937.039717056745,1.2109306716467926e-07,1.0,5.96956101617252e-06,5.848467967553006e-06,5.848467967553006e-06,0.9856594353914261,0.9856565743684769,0.25068580359220505,0.003352042054757476,0.9999943822622299,1.275144505541448e-07,9.40547739691766e-09
70501,70600,100,3942.640493926745,1.2073053113681453e-07,1.0,5.899701120597456e-06,5.778970589744859e-06,5.778970589744859e-06,0.9857236742973328,0.9857045114040375,0.25051116943359375,0.0035538615193217993,0.9999937117099762,1.2422042416915247e-07,2.8996648415713366e-09
70601,70700,100,3948.2940651497483,1.205927737402135e-07,1.0,6.012272342559299e-06,5.891679556953022e-06,5.891679556953022e-06,0.9857841581106186,0.9857790470123291,0.250340111553669,0.003414165519643575,0.9999942034482956,1.2746682642728047e-07,7.636315170478358e-09
70701,70800,100,3953.90331612873,1.2107327719945716e-07,1.0,5.930087756951252e-06,5.809014476199082e-06,5.809014476199082e-06,0.9858426004648209,0.9858420342206955,0.25025447458028793,0.0032564069842919707,0.999994769692421,1.2522583503482565e-07,4.868472847086025e-09
70801,70900,100,3959.5097603677023,1.1986168495070614e-07,1.0,5.866708224857575e-06,5.746846545662265e-06,5.746846545662265e-06,0.9859074950218201,0.9858824163675308,0.24997220560908318,0.0035243513411842287,0.9999938607215881,1.254163350949966e-07,8.048604449584218e-09
70901,71000,100,3965.1307431587265,1.1939321133525028e-07,1.0,5.655997479152575e-06,5.5366042261084655e-06,5.5366042261084655e-06,0.9859782606363297,0.9859483242034912,0.2497745119035244,0.0034251217148266733,0.9999942183494568,1.2482102818012208e-07,7.658905232243995e-09
71001,71100,100,3970.755346813741,1.1870286819259945e-07,1.0,5.793461491521157e-06,5.6747586040728495e-06,5.6747586040728495e-06,0.9860335737466812,0.9860468059778214,0.2496955581009388,0.003754660254344344,0.9999929517507553,1.2615715405672745e-07,1.3657602599315317e-09
71101,71200,100,3976.397950382736,1.1861487898556789e-07,1.0,5.887262122996617e-06,5.768647226886969e-06,5.768647226886969e-06,0.9860771000385284,0.9860766530036926,0.2495415024459362,0.003526949556544423,0.9999938011169434,1.2214082900641188e-07,4.3809164629315944e-09
71201,71300,100,3982.006809451752,1.1790911059961218e-07,1.0,5.80996005282941e-06,5.692050913239655e-06,5.692050913239655e-06,0.9861448556184769,0.9861457347869873,0.2493511624634266,0.0031427089124917984,0.9999951273202896,1.218153933280064e-07,4.769626277267847e-09
71301,71400,100,3987.613064655772,1.1795819951032627e-07,1.0,5.572692275563895e-06,5.454734066461242e-06,5.454734066461242e-06,0.9862035363912582,0.9861896932125092,0.2492225244641304,0.003400029323529452,0.9999941885471344,1.2367274848656962e-07,1.1054382520470085e-08
71401,71500,100,3993.2498997667863,1.1724661149514758e-07,1.0,5.590981782006566e-06,5.473735175201e-06,5.473735175201e-06,0.9862579703330994,0.9862490445375443,0.24901805073022842,0.003424382011871785,0.9999942183494568,1.2359072698586715e-07,5.9654367556838395e-09
71501,71600,100,3998.8844011657966,1.1703706370269629e-07,1.0,5.635474099108251e-06,5.518437005775923e-06,5.518437005775923e-06,0.9863235056400299,0.9863168746232986,0.2489091157913208,0.003477069898508489,0.9999940544366837,1.2276788297072017e-07,5.431050886794964e-09
71601,71700,100,4004.4965112277787,1.1636951903426507e-07,1.0,5.599848591373302e-06,5.483479078520759e-06,5.483479078520759e-06,0.9863758385181427,0.9863911122083664,0.24877814576029778,0.0030969163635745645,0.9999952465295792,1.2265675763956096e-07,6.909514738140388e-09
71701,71800,100,4010.09269610477,1.1535816106800212e-07,1.0,5.711102865006979e-06,5.595744687525439e-06,5.595744687525439e-06,0.9864423424005508,0.9864261299371719,0.24867060407996178,0.003211430099327117,0.9999948292970657,1.1763237850459518e-07,1.4578713236623742e-09
71801,71900,100,4015.674389455762,1.1552657589675164e-07,1.0,5.40346380603296e-06,5.287937210596283e-06,5.287937210596283e-06,0.9865105897188187,0.9865234345197678,0.24846547842025757,0.003308922750875354,0.999994546175003,1.1792870857618709e-07,3.997437894587286e-09
71901,72000,100,4021.245602058785,1.1554044839101607e-07,1.0,5.408703136708937e-06,5.293162689667952e-06,5.293162689667952e-06,0.9865552634000778,0.9865658730268478,0.24840674921870232,0.0031838598661124706,0.9999949336051941,1.1908757358014554e-07,2.5728917329992385e-09
72001,72100,100,4026.8152525988116,1.1541850362561945e-07,1.0,5.457579593439732e-06,5.342161091448361e-06,5.342161091448361e-06,0.9866299480199814,0.9866173714399338,0.2481958009302616,0.003147255745716393,0.9999950677156448,1.1918546505285121e-07,2.903499773942997e-09
72101,72200,100,4032.356833222795,1.1368537009559531e-07,1.0,5.7188764867532885e-06,5.605191108770668e-06,5.605191108770668e-06,0.9866760820150375,0.9866499155759811,0.2481188215315342,0.0033925159368664026,0.999994307756424,1.1788902654075173e-07,4.110876093525728e-09
72201,72300,100,4037.910907732821,1.1361600662951332e-07,1.0,5.584267792073661e-06,5.470651778978208e-06,5.470651778978208e-06,0.9867394864559174,0.9867582768201828,0.24801365658640862,0.0032087478321045637,0.9999948292970657,1.1623010642836107e-07,9.209326357062508e-10
72301,72400,100,4043.5236004457947,1.1305333302402687e-07,1.0,5.323777763805992e-06,5.21072444598758e-06,5.21072444598758e-06,0.9867879748344421,0.9867840558290482,0.24786439910531044,0.003298373194411397,0.9999945759773254,1.1756359086234625e-07,8.817819252548986e-10
72401,72500,100,4049.133017526794,1.1287531350490098e-07,1.0,5.465751476094738e-06,5.352876141841989e-06,5.352876141841989e-06,0.9868482351303101,0.9868386387825012,0.24776726588606834,0.0033233787398785353,0.9999945312738419,1.1385417408860121e-07,-3.5425745670281117e-10
72501,72600,100,4054.7548082547655,1.1227917163125766e-07,1.0,5.459165854517778e-06,5.3468866713046736e-06,5.3468866713046736e-06,0.986908346414566,0.9869209080934525,0.24764690920710564,0.003472170210443437,0.9999939501285553,1.1272706146314704e-07,-8.803911835664202e-10
72601,72700,100,4060.354788404733,1.1187627620756757e-07,1.0,5.483713105149945e-06,5.371836800804886e-06,5.371836800804886e-06,0.9869667291641235,0.9869645684957504,0.2474522814154625,0.0032503390684723854,0.999994695186615,1.1531465737846247e-07,4.030835831780877e-09
72701,72800,100,4065.940019756741,1.1153139510611254e-07,1.0,5.355508651518903e-06,5.243977223017282e-06,5.243977223017282e-06,0.987028181552887,0.9870214760303497,0.24740970134735107,0.0033666144590824842,0.999994307756424,1.1553425949273333e-07,6.395768969991167e-09
72801,72900,100,4071.566118390754,1.1143787510548009e-07,1.0,5.311927063758048e-06,5.200489197250136e-06,5.200489197250136e-06,0.9870750159025192,0.9870603233575821,0.2473314367234707,0.0034359118435531855,0.9999940395355225,1.1144649292305076e-07,4.953135679386378e-10
72901,73000,100,4077.1996041437524,1.100977407730852e-07,1.0,5.329206178430468e-06,5.219108420533302e-06,5.219108420533302e-06,0.9871246814727783,0.9871303886175156,0.24724040180444717,0.003171686956193298,0.9999949932098389,1.113406629116298e-07,2.426166011149089e-09
73001,73100,100,4082.8003949187696,1.1027857169665367e-07,1.0,5.315993480508041e-06,5.205714908242953e-06,5.205714908242953e-06,0.9871920049190521,0.987186461687088,0.24713358655571938,0.0035693852114491165,0.999993696808815,1.0958649632186734e-07,-1.1449682868480693e-10
73101,73200,100,4088.3964329257724,1.0938886831013406e-07,1.0,5.230638957982592e-06,5.121250060255989e-06,5.121250060255989e-06,0.9872535318136215,0.9872512370347977,0.24693186581134796,0.0032729306840337813,0.9999946653842926,1.0785878501451407e-07,-4.220217286743377e-09
73201,73300,100,4093.986722752783,1.0978079956203146e-07,1.0,5.355193256946222e-06,5.245412442036468e-06,5.245412442036468e-06,0.987313836812973,0.9873098880052567,0.24683606252074242,0.0033519307035021484,0.9999944120645523,1.0882185641492015e-07,-2.0254421473353545e-09
73301,73400,100,4099.5486714837825,1.0894522816329299e-07,1.0,5.216689178269007e-06,5.107743920689245e-06,5.107743920689245e-06,0.9873723685741425,0.9873772710561752,0.24663714319467545,0.0033335674088448286,0.9999944865703583,1.0829534424772191e-07,-1.2793616027684251e-09
73401,73500,100,4105.152133185769,1.0834743456200613e-07,1.0,5.038647789206152e-06,4.930300335672655e-06,4.930300335672655e-06,0.9874213486909866,0.9874115139245987,0.24665560945868492,0.003086180775426328,0.999995231628418,1.0738518518849105e-07,-3.0579546672626634e-09
73501,73600,100,4110.7546964517605,1.0817504268345602e-07,1.0,5.23515395798313e-06,5.12697889462288e-06,5.12697889462288e-06,0.98747718334198,0.9874827563762665,0.24658473581075668,0.0032026314875110984,0.9999948889017105,1.058109351248504e-07,-2.5886748300507634e-09
73601,73700,100,4116.369422420787,1.0703776354148431e-07,1.0,5.446419822874304e-06,5.33938203489015e-06,5.33938203489015e-06,0.9875306636095047,0.9875483512878418,0.24655595049262047,0.003164821828249842,0.9999950230121613,1.0576860098865382e-07,-1.3217805877596689e-09
73701,73800,100,4121.983295476766,1.0619578915793682e-07,1.0,5.2615477170547816e-06,5.155351921075635e-06,5.155351921075635e-06,0.9875836819410324,0.9875696003437042,0.2464442402124405,0.0033455757657065988,0.9999944269657135,1.0615753254228366e-07,-1.4842971296502583e-10
73801,73900,100,4127.5844718977605,1.0674973239588326e-07,1.0,5.335508947155177e-06,5.228759196143074e-06,5.228759196143074e-06,0.98764269053936,0.987642452120781,0.24619656428694725,0.003092520055361092,0.9999953061342239,1.0397474703438547e-07,-3.2332459487527387e-09
73901,74000,100,4133.222220748779,1.0580579811403367e-07,1.0,5.130032222950831e-06,5.024226431942225e-06,5.024226431942225e-06,0.9876913577318192,0.9876835495233536,0.24628392234444618,0.0034955510054714978,0.9999938756227493,1.0233434899475924e-07,-1.5344909787273764e-09
74001,74100,100,4138.844062123764,1.0446818627940502e-07,1.0,5.316073925314413e-06,5.211605741806124e-06,5.211605741806124e-06,0.9877515584230423,0.9877438992261887,0.2461886964738369,0.0031404769397340715,0.9999951124191284,1.023025983926118e-07,-4.69991456863994e-09
74101,74200,100,4144.468782803775,1.0550447619550596e-07,1.0,4.899476743958076e-06,4.7939722844603235e-06,4.7939722844603235e-06,0.9877952635288239,0.9877883642911911,0.24604559689760208,0.0031059838947840035,0.9999951720237732,1.0341383749334909e-07,-3.2190447807334266e-09
74201,74300,100,4150.121937940767,1.03375046123233e-07,1.0,5.130312260916981e-06,5.026937192269542e-06,5.026937192269542e-06,0.9878497421741486,0.9878257066011429,0.24596210941672325,0.0034532786812633276,0.9999940246343613,9.948482038169004e-08,-5.752936849123813e-09
74301,74400,100,4155.766758495745,1.0345430631275576e-07,1.0,5.059960406015307e-06,4.956506109010661e-06,4.956506109010661e-06,0.9879055917263031,0.9879134297370911,0.24587911367416382,0.0030426534940488636,0.9999953359365463,9.907736497893893e-08,-5.204772834943583e-09
74401,74500,100,4161.4199427537715,1.0186397489064803e-07,1.0,5.0022324035126075e-06,4.900368383005116e-06,4.900368383005116e-06,0.9879512786865234,0.9879498332738876,0.24578628689050674,0.0031950684497132897,0.9999949634075165,9.659824762309199e-08,-4.671897924080071e-09
74501,74600,100,4167.059186198741,1.0158448247921115e-07,1.0,5.077645848814427e-06,4.976061359229789e-06,4.976061359229789e-06,0.9880112707614899,0.9879864603281021,0.2457256056368351,0.00352936057606712,0.9999938309192657,9.565634329078421e-08,-6.976554910165245e-09
74601,74700,100,4172.728390735734,1.0039656096694216e-07,1.0,5.007621787171957e-06,4.907225218175881e-06,4.907225218175881e-06,0.9880649596452713,0.9880569726228714,0.24565982073545456,0.0031538098119199276,0.999995082616806,9.485466456737868e-08,-7.234148391432882e-09
74701,74800,100,4178.3656421637315,1.0059563180675469e-07,1.0,4.9848499565996465e-06,4.884254342414351e-06,4.884254342414351e-06,0.9881138205528259,0.9880906641483307,0.2455669865012169,0.003227884299121797,0.9999948292970657,9.547113677399466e-08,-3.626677652635024e-09
74801,74900,100,4184.005595394756,9.960270553222017e-08,1.0,4.9759698231355284e-06,4.876367113411107e-06,4.876367113411107e-06,0.9881638586521149,0.9881722629070282,0.24547838419675827,0.002893661498092115,0.9999958276748657,9.523830613034079e-08,-5.507657524495002e-09
74901,75000,100,4189.669706443743,9.957088622059018e-08,1.0,4.8327233002964934e-06,4.733152409244213e-06,4.733152409244213e-06,0.9882274568080902,0.9882282316684723,0.24536999315023422,0.003193581535015255,0.9999949336051941,9.414558910236792e-08,-4.844472701465152e-09
75001,75100,100,4195.30252509674,9.883688761647136e-08,1.0,4.893657730917766e-06,4.7948208134585e-06,4.7948208134585e-06,0.9882753044366837,0.9882725477218628,0.24524754658341408,0.0033708704286254942,0.9999943524599075,9.160032909960591e-08,-6.676111552472719e-09
75101,75200,100,4200.942606904737,9.916023188338841e-08,1.0,4.851711476021592e-06,4.7525512195534244e-06,4.7525512195534244e-06,0.988337054848671,0.988330528140068,0.24509786069393158,0.0031192979658953846,0.999995157122612,9.679932944095526e-08,-5.219921113408521e-09
75201,75300,100,4206.571140477747,9.771105425215864e-08,1.0,4.835832380649663e-06,4.738121315313038e-06,4.738121315313038e-06,0.988389253616333,0.9884017258882523,0.24511849135160446,0.0031809803913347423,0.9999949634075165,9.364553221757888e-08,-3.758291566846594e-09
75301,75400,100,4212.16527513873,9.815605167773356e-08,1.0,4.831689243474102e-06,4.733533178296056e-06,4.733533178296056e-06,0.9884467571973801,0.9884371012449265,0.24497664347290993,0.0032067036372609437,0.9999949038028717,9.06478376805353e-08,-7.762974263414435e-09
75401,75500,100,4217.783812238726,9.65139174269325e-08,1.0,4.819889866212179e-06,4.7233759255505e-06,4.7233759255505e-06,0.9884950071573257,0.9884940832853317,0.2448662705719471,0.003011346503626555,0.9999955147504807,8.985409927220189e-08,-5.929627650003155e-09
75501,75600,100,4223.386830718715,9.637994310196518e-08,1.0,5.131657956098934e-06,5.0352779908280356e-06,5.0352779908280356e-06,0.9885476976633072,0.9885586798191071,0.24478913098573685,0.0032976273796521127,0.999994546175003,9.265865053009747e-08,-4.715981889724663e-09
75601,75700,100,4229.016821403722,9.575353203672421e-08,1.0,4.8003047368183616e-06,4.7045511905707825e-06,4.7045511905707825e-06,0.9885966777801514,0.9886258840560913,0.24477605521678925,0.0036892081261612475,0.9999931752681732,8.662886408217219e-08,-5.1167445280775326e-09
75701,75800,100,4234.651337296709,9.649063500205556e-08,1.0,4.984484930901089e-06,4.887994275577512e-06,4.887994275577512e-06,0.9886587411165237,0.9886569231748581,0.24456051737070084,0.003495108860079199,0.9999939352273941,9.170880410636073e-08,-4.796329333700555e-09
75801,75900,100,4240.284609149727,9.536897330519878e-08,1.0,4.859321934418403e-06,4.763952947541839e-06,4.763952947541839e-06,0.988715872168541,0.9887353330850601,0.24446505680680275,0.0030920785502530634,0.9999952167272568,8.964772391095721e-08,-9.94701165879519e-09
75901,76000,100,4245.867838124719,9.491068382772028e-08,1.0,4.990351346805255e-06,4.895440622476599e-06,4.895440622476599e-06,0.9887581467628479,0.988766148686409,0.24430659413337708,0.0032186073949560523,0.9999948441982269,8.902331671833963e-08,-5.788266616013615e-09
76001,76100,100,4251.490579542726,9.506280093773967e-08,1.0,4.764284899465565e-06,4.669222089432879e-06,4.669222089432879e-06,0.9888370186090469,0.9888232052326202,0.24410443753004074,0.002881223801523447,0.9999958574771881,9.13674966795952e-08,-4.164946720841556e-09
76101,76200,100,4257.086151486736,9.413729898710698e-08,1.0,4.879125185652811e-06,4.784987854691281e-06,4.784987854691281e-06,0.9888721406459808,0.9888855516910553,0.2441696599125862,0.003099889203440398,0.9999952018260956,9.092035746505189e-08,-3.865290310045566e-09
76201,76300,100,4262.710640131729,9.415068781493119e-08,1.0,4.747852078708092e-06,4.6537013940906035e-06,4.6537013940906035e-06,0.9889379590749741,0.9889517277479172,0.24396325275301933,0.0029878044733777642,0.9999955147504807,8.558377118106364e-08,-7.574861182746417e-09
76301,76400,100,4268.317027271751,9.333966076496836e-08,1.0,4.681238569901325e-06,4.587898902173038e-06,4.587898902173038e-06,0.9889801144599915,0.9890038371086121,0.24387550354003906,0.0028116179746575654,0.9999960362911224,8.412328789120238e-08,-6.015682230131603e-09
76401,76500,100,4273.930092124741,9.16344676937797e-08,1.0,4.633370283499972e-06,4.541735811471881e-06,4.541735811471881e-06,0.9890306442975998,0.9890136420726776,0.24376288801431656,0.0032015687320381403,0.9999949038028717,8.596741274402575e-08,-4.299235953353353e-09
76501,76600,100,4279.57604300377,9.172847271088358e-08,1.0,4.75145505333785e-06,4.65972655774749e-06,4.65972655774749e-06,0.9890887886285782,0.9891039580106735,0.24362532421946526,0.003236995718907565,0.999994769692421,8.557054265168063e-08,-4.286486721127858e-09
76601,76700,100,4285.197344916782,9.207451789450261e-08,1.0,4.6478302238028846e-06,4.555755713226972e-06,4.555755713226972e-06,0.9891550987958908,0.9891420006752014,0.24360236898064613,0.003025765414349735,0.9999954551458359,8.60441407013468e-08,-4.3275550920540695e-09
76701,76800,100,4290.798724373792,9.132460910166173e-08,1.0,4.615202688000863e-06,4.523878073996457e-06,4.523878073996457e-06,0.9892036765813828,0.9891927242279053,0.24348316714167595,0.0029366202652454376,0.9999957382678986,8.328192357964781e-08,-4.815704890415162e-09
76801,76900,100,4296.411954960804,9.14872994428606e-08,1.0,4.66246576706908e-06,4.570978480842314e-06,4.570978480842314e-06,0.9892752915620804,0.989252507686615,0.24330155178904533,0.003026433172635734,0.9999954253435135,8.716066979275183e-08,-3.795969316655601e-09
76901,77000,100,4302.044866309818,9.183489666497734e-08,1.0,4.500698064475728e-06,4.408863176195154e-06,4.408863176195154e-06,0.9893302768468857,0.9893316030502319,0.24320385977625847,0.002993530943058431,0.9999955147504807,8.504931869879329e-08,-8.412166227489415e-09
77001,77100,100,4307.676471416817,9.0372913703618e-08,1.0,4.664295313432376e-06,4.573922396957642e-06,4.573922396957642e-06,0.9893849194049835,0.9893904030323029,0.2430247776210308,0.003134093596599996,0.9999951124191284,8.663680262088747e-08,-3.1229445279779e-09
77101,77200,100,4313.286140024818,8.943664354887915e-08,1.0,4.693833807323244e-06,4.604397158800566e-06,4.604397158800566e-06,0.9894348382949829,0.9894300252199173,0.2429143339395523,0.00293376186164096,0.999995693564415,8.037947729633288e-08,-1.1572697022899092e-08
77201,77300,100,4318.877744256843,9.054695439658644e-08,1.0,4.542868744010775e-06,4.452321772987488e-06,4.452321772987488e-06,0.9895026087760925,0.9895085990428925,0.24284565821290016,0.0032052224269136786,0.9999948590993881,8.135842577416952e-08,-8.920563288050687e-09
77301,77400,100,4324.462038268859,8.969081704890414e-08,1.0,4.589229715747933e-06,4.499538879372267e-06,4.499538879372267e-06,0.9895623177289963,0.9895355552434921,0.24257633462548256,0.0032235532416962087,0.9999947994947433,8.428732911625048e-08,-3.650850233238856e-09
77401,77500,100,4330.04388013787,8.911271756062434e-08,1.0,4.578831119488314e-06,4.489718396598618e-06,4.489718396598618e-06,0.9896136373281479,0.989612266421318,0.24259452149271965,0.0027635906590148807,0.9999962151050568,8.193256206823207e-08,-3.5587074675991204e-09
77501,77600,100,4335.616909657885,8.782021659214934e-08,1.0,4.650661305731774e-06,4.562841077131452e-06,4.562841077131452e-06,0.9896776378154755,0.9896749407052994,0.24251199513673782,0.002954126161057502,0.9999957084655762,8.067580736792479e-08,-4.961320854146578e-09
77601,77700,100,4341.200735513885,8.730110145904746e-08,1.0,4.686771869728546e-06,4.599470755692891e-06,4.599470755692891e-06,0.9897376298904419,0.9897209405899048,0.24231389164924622,0.0032366099185310304,0.9999948441982269,8.192727385392118e-08,-4.69752281517799e-09
77701,77800,100,4346.784570637876,8.800289187149702e-08,1.0,4.642018566300976e-06,4.55401566796354e-06,4.55401566796354e-06,0.9897990524768829,0.989792063832283,0.2421913668513298,0.003133265592623502,0.9999951273202896,8.2702491965847e-08,-6.448857364782512e-09
77801,77900,100,4352.369360552882,8.719846164240153e-08,1.0,4.547473990896833e-06,4.460275499695854e-06,4.460275499695854e-06,0.9898598045110703,0.9898772835731506,0.24210860952734947,0.0029368216055445373,0.9999956637620926,8.037683052464217e-08,-6.271103247801335e-09
77901,78000,100,4357.914130228895,8.798038514612472e-08,1.0,4.545268852780282e-06,4.457288484900346e-06,4.457288484900346e-06,0.9899177551269531,0.9899100363254547,0.2419949769973755,0.002837571606505662,0.9999959915876389,8.278980523357404e-08,-7.151062870330849e-09
78001,78100,100,4363.462420172902,8.831818341548115e-08,1.0,4.347329497704777e-06,4.259011302565341e-06,4.259011302565341e-06,0.9899757653474808,0.9899763762950897,0.24182114377617836,0.0030381307587958872,0.9999953359365463,8.035831200459143e-08,-5.787805124057854e-09
78101,78200,100,4368.959704679921,8.88872600768309e-08,1.0,4.3220780298725e-06,4.233190770719375e-06,4.233190770719375e-06,0.9900396466255188,0.9900464713573456,0.24167552217841148,0.002864795329514891,0.9999959021806717,7.867028983810087e-08,-7.444390326405426e-09
78201,78300,100,4374.442540861932,8.799241420831549e-08,1.0,4.353317497134412e-06,4.265325046617363e-06,4.265325046617363e-06,0.9900990724563599,0.9900848567485809,0.24156933650374413,0.0028294285875745118,0.9999960958957672,7.956721681523504e-08,-4.937985353947738e-09
78301,78400,100,4379.952491480926,8.538286820680696e-08,1.0,4.4023980103702345e-06,4.317015145716141e-06,4.317015145716141e-06,0.9901746809482574,0.9901748895645142,0.24139097705483437,0.0029348001698963344,0.9999957084655762,8.094303360905997e-08,-5.305458905535687e-09
78401,78500,100,4385.515056085951,8.719235026433126e-08,1.0,4.594978049681231e-06,4.5077856952957515e-06,4.5077856952957515e-06,0.990232065320015,0.9902131408452988,0.24133018031716347,0.002888125367462635,0.9999958127737045,8.069432944068922e-08,-3.988119515185851e-09
78501,78600,100,4391.072414423943,8.676015852415731e-08,1.0,4.22020014411828e-06,4.13343997706761e-06,4.13343997706761e-06,0.9903052002191544,0.9903036653995514,0.24118642136454582,0.0028187528951093554,0.9999960362911224,8.167327614216902e-08,-6.475586400433997e-09
78601,78700,100,4396.617509626951,8.525675163184587e-08,1.0,4.297601765301806e-06,4.212345008909324e-06,4.212345008909324e-06,0.9903634339570999,0.9903576225042343,0.2410746030509472,0.0027942523011006415,0.9999961405992508,7.747438779404092e-08,-5.897958205158815e-09
78701,78800,100,4402.131525083962,8.518156661807552e-08,1.0,4.480969919313793e-06,4.395788339479623e-06,4.395788339479623e-06,0.9904345870018005,0.990420401096344,0.24091718345880508,0.002830551180522889,0.9999960362911224,7.944021795935896e-08,-9.557374336388591e-09
78801,78900,100,4407.7155419949595,8.632922721574232e-08,1.0,4.263862781499483e-06,4.177533523943566e-06,4.177533523943566e-06,0.9904938489198685,0.9904749393463135,0.24076861143112183,0.003052434418350458,0.9999953657388687,7.932115764219816e-08,-9.523208444051079e-09
78901,79000,100,4413.277532728949,8.62613185859118e-08,1.0,4.327934211687534e-06,4.241672895659576e-06,4.241672895659576e-06,0.9905661046504974,0.9905590265989304,0.24060746282339096,0.0031116075697354972,0.9999952167272568,7.759873810186946e-08,-8.41714392629811e-09
79001,79100,100,4418.819806758947,8.360666107876114e-08,1.0,4.357548425559798e-06,4.273941763131006e-06,4.273941763131006e-06,0.9906295388936996,0.9906186610460281,0.24046175554394722,0.0029434753814712167,0.9999956637620926,7.918357525227293e-08,-4.101783246390767e-09
79101,79200,100,4424.353862980926,8.533572000146706e-08,1.0,4.338268972787773e-06,4.252933258612757e-06,4.252933258612757e-06,0.9906891286373138,0.9906822890043259,0.24033935740590096,0.002673426060937345,0.9999964684247971,7.88396210538167e-08,-8.574636445324302e-09
79201,79300,100,4429.890020963936,8.497211609892474e-08,1.0,4.282183165287279e-06,4.197211051177874e-06,4.197211051177874e-06,0.9907459914684296,0.990763783454895,0.240243349224329,0.0027358486549928784,0.999996230006218,7.860149864313826e-08,-3.89276028078811e-09
79301,79400,100,4435.447114532912,8.354825951073507e-08,1.0,4.25510719196609e-06,4.171558919097151e-06,4.171558919097151e-06,0.9908283650875092,0.9908408522605896,0.24016517400741577,0.0029809725820086896,0.9999956041574478,7.477566832392313e-08,-3.780848540496651e-09
79401,79500,100,4440.995957168921,8.459648213943183e-08,1.0,4.269216335615056e-06,4.18461985873364e-06,4.18461985873364e-06,0.9908848702907562,0.9908771514892578,0.24001162499189377,0.002961246471386403,0.9999956786632538,8.036889376228373e-08,-7.90824666863088e-09
79501,79600,100,4446.487923064928,8.401450280359768e-08,1.0,4.398535363634437e-06,4.314520836032898e-06,4.314520836032898e-06,0.9909605830907822,0.9909721463918686,0.23988968133926392,0.0029509555315598845,0.9999956786632538,7.749555308578238e-08,-7.641591415197269e-09
79601,79700,100,4452.002721875928,8.45344914779389e-08,1.0,4.151449704750121e-06,4.066915205385158e-06,4.066915205385158e-06,0.9910281151533127,0.9910313636064529,0.23983082920312881,0.0028277102392166853,0.9999960362911224,7.928676026836001e-08,-2.1974455033380025e-09
79701,79800,100,4457.511906878921,8.34710373709413e-08,1.0,4.12499103731534e-06,4.041519991915265e-06,4.041519991915265e-06,0.9911171644926071,0.9911155700683594,0.23961526900529861,0.0030204681679606438,0.9999954998493195,7.719922301419047e-08,-6.530865404030806e-09
79801,79900,100,4463.045263271932,8.35646548580371e-08,1.0,4.20296679067178e-06,4.119402130982053e-06,4.119402130982053e-06,0.9911663085222244,0.9911655336618423,0.23951559513807297,0.0027958808932453394,0.9999960958957672,7.619910924461237e-08,-9.16751963231377e-09
79901,80000,100,4468.575893353944,8.294852683832232e-08,1.0,4.009185724953568e-06,3.926237181985925e-06,3.926237181985925e-06,0.9912552088499069,0.9912623763084412,0.23938361182808876,0.0027627277304418385,0.9999961704015732,7.813583735583052e-08,-3.955101079977652e-09
