arm,update,role,length,words,prefix_exact_count,state_correct_count,token_correct_count,token_denominator,E,E_low95,E_high95,A,A_low95,A_high95,M,state_ce,injection_coefficient
quadratic_input,500,dev,1,4096,4096,4096,4096,4096,1.0,0.9990630225926348,0.9999999999999999,1.0,0.9990630225926348,0.9999999999999999,1.0,0.002207744067135309,5e-06
quadratic_input,500,dev,2,4096,4096,4096,8192,8192,1.0,0.9990630225926348,0.9999999999999999,1.0,0.9990630225926348,0.9999999999999999,1.0,0.014043385271847342,5e-06
quadratic_input,500,dev,3,4096,224,224,8416,12288,0.0546875,0.048132459168260984,0.062077036335173634,0.0546875,0.048132459168260984,0.062077036335173634,0.6848958333333334,3.939170243054434,5e-06
quadratic_input,500,dev,4,4096,3,64,8480,16384,0.000732421875,0.0002491200948151938,0.0021513285370509242,0.015625,0.012255565007829483,0.01990213185555554,0.517578125,4.095165769343112,5e-06
quadratic_input,500,dev,5,4096,1,71,8551,20480,0.000244140625,4.309811523941186e-05,0.0013817030336260863,0.017333984375,0.01376571558724534,0.02180674746664186,0.417529296875,4.099318174121436,5e-06
quadratic_input,500,dev,6,4096,0,69,8620,24576,0.0,0.0,0.0009369774073651883,0.016845703125,0.013333172427690648,0.02126364314319593,0.3507486979166667,4.099302356131375,5e-06
quadratic_input,500,dev,7,4096,0,78,8698,28672,0.0,0.0,0.0009369774073651883,0.01904296875,0.01528574904596704,0.023701480198422328,0.30336216517857145,4.0964764698874205,5e-06
quadratic_input,500,dev,8,4096,0,48,8746,32768,0.0,0.0,0.0009369774073651883,0.01171875,0.00885047381719605,0.015502043182184016,0.26690673828125,4.099405722052325,5e-06
quadratic_input,500,dev,9,4096,0,69,8815,36864,0.0,0.0,0.0009369774073651883,0.016845703125,0.013333172427690648,0.02126364314319593,0.23912217881944445,4.097714311734308,5e-06
quadratic_input,500,dev,10,4096,0,73,8888,40960,0.0,0.0,0.0009369774073651883,0.017822265625,0.014199063362519719,0.022349047174368093,0.2169921875,4.09644111210946,5e-06
quadratic_input,500,dev,11,4096,0,64,8952,45056,0.0,0.0,0.0009369774073651883,0.015625,0.012255565007829483,0.01990213185555554,0.19868607954545456,4.097077608574182,5e-06
quadratic_input,500,dev,12,4096,0,73,9025,49152,0.0,0.0,0.0009369774073651883,0.017822265625,0.014199063362519719,0.022349047174368093,0.18361409505208334,4.0965498616569676,5e-06
quadratic_input,500,ood_dev,1,4096,4096,4096,4096,4096,1.0,0.9990630225926348,0.9999999999999999,1.0,0.9990630225926348,0.9999999999999999,1.0,0.0021895360716825962,5e-06
quadratic_input,500,ood_dev,2,4096,4095,4095,8191,8192,0.999755859375,0.9986182969663738,0.9999569018847606,0.999755859375,0.9986182969663738,0.9999569018847606,0.9998779296875,0.01445048415070005,5e-06
quadratic_input,500,ood_dev,3,4096,231,231,8422,12288,0.056396484375,0.04973859724567345,0.06388566444826334,0.056396484375,0.04973859724567345,0.06388566444826334,0.6853841145833334,3.961427196860086,5e-06
quadratic_input,500,ood_dev,4,4096,1,46,8468,16384,0.000244140625,4.309811523941186e-05,0.0013817030336260863,0.01123046875,0.008430482402087882,0.014946387114291566,0.516845703125,4.0974768655141816,5e-06
quadratic_input,500,ood_dev,5,4096,0,73,8541,20480,0.0,0.0,0.0009369774073651883,0.017822265625,0.014199063362519719,0.022349047174368093,0.417041015625,4.096573383954819,5e-06
quadratic_input,500,ood_dev,6,4096,0,64,8605,24576,0.0,0.0,0.0009369774073651883,0.015625,0.012255565007829483,0.01990213185555554,0.3501383463541667,4.097239580878522,5e-06
quadratic_input,500,ood_dev,7,4096,0,73,8678,28672,0.0,0.0,0.0009369774073651883,0.017822265625,0.014199063362519719,0.022349047174368093,0.3026646205357143,4.098705839249305,5e-06
quadratic_input,500,ood_dev,8,4096,0,71,8749,32768,0.0,0.0,0.0009369774073651883,0.017333984375,0.01376571558724534,0.02180674746664186,0.266998291015625,4.099260856921319,5e-06
quadratic_input,500,ood_dev,9,4096,0,64,8813,36864,0.0,0.0,0.0009369774073651883,0.015625,0.012255565007829483,0.01990213185555554,0.2390679253472222,4.099169228866231,5e-06
quadratic_input,500,ood_dev,10,4096,0,62,8875,40960,0.0,0.0,0.0009369774073651883,0.01513671875,0.011826124044008677,0.01935592533637573,0.2166748046875,4.097605851129629,5e-06
quadratic_input,500,ood_dev,11,4096,0,69,8944,45056,0.0,0.0,0.0009369774073651883,0.016845703125,0.013333172427690648,0.02126364314319593,0.19850852272727273,4.098878839984536,5e-06
quadratic_input,500,ood_dev,12,4096,0,61,9005,49152,0.0,0.0,0.0009369774073651883,0.014892578125,0.011611768142410793,0.019082457496473304,0.18320719401041666,4.097336012404412,5e-06
quadratic_input,500,ood_dev,13,4096,0,77,9082,53248,0.0,0.0,0.0009369774073651883,0.018798828125,0.01506804743850219,0.023431358064386867,0.1705603966346154,4.099896663567051,5e-06
quadratic_input,500,ood_dev,14,4096,0,69,9151,57344,0.0,0.0,0.0009369774073651883,0.016845703125,0.013333172427690648,0.02126364314319593,0.15958077566964285,4.096213285520207,5e-06
quadratic_input,500,ood_dev,15,4096,0,53,9204,61440,0.0,0.0,0.0009369774073651883,0.012939453125,0.009906496085844563,0.016885139621037056,0.1498046875,4.098844963591546,5e-06
quadratic_input,500,ood_dev,16,4096,0,69,9273,65536,0.0,0.0,0.0009369774073651883,0.016845703125,0.013333172427690648,0.02126364314319593,0.1414947509765625,4.09794312203303,5e-06
quadratic_input,500,ood_dev,17,4096,0,62,9335,69632,0.0,0.0,0.0009369774073651883,0.01513671875,0.011826124044008677,0.01935592533637573,0.1340619255514706,4.098737983906176,5e-06
quadratic_input,500,ood_dev,18,4096,0,70,9405,73728,0.0,0.0,0.0009369774073651883,0.01708984375,0.0135493413532538,0.021535297959133087,0.1275634765625,4.096444391994737,5e-06
quadratic_input,500,ood_dev,19,4096,0,80,9485,77824,0.0,0.0,0.0009369774073651883,0.01953125,0.015721675338006252,0.02424120138938373,0.12187756990131579,4.09792869532248,5e-06
quadratic_input,500,ood_dev,20,4096,0,53,9538,81920,0.0,0.0,0.0009369774073651883,0.012939453125,0.009906496085844563,0.016885139621037056,0.1164306640625,4.098787506867666,5e-06
quadratic_input,500,ood_dev,21,4096,0,68,9606,86016,0.0,0.0,0.0009369774073651883,0.0166015625,0.013117213150496153,0.020991778678890113,0.11167689732142858,4.096599554293789,5e-06
quadratic_input,500,ood_dev,22,4096,0,69,9675,90112,0.0,0.0,0.0009369774073651883,0.016845703125,0.013333172427690648,0.02126364314319593,0.10736638849431818,4.096827054803725,5e-06
quadratic_input,500,ood_dev,23,4096,0,68,9743,94208,0.0,0.0,0.0009369774073651883,0.0166015625,0.013117213150496153,0.020991778678890113,0.10342009171195653,4.098274862044491,5e-06
quadratic_input,500,ood_dev,24,4096,0,61,9804,98304,0.0,0.0,0.0009369774073651883,0.014892578125,0.011611768142410793,0.019082457496473304,0.0997314453125,4.095399777230341,5e-06
quadratic_input,500,ood_dev,25,4096,0,78,9882,102400,0.0,0.0,0.0009369774073651883,0.01904296875,0.01528574904596704,0.023701480198422328,0.09650390625,4.0977992749540135,5e-06
quadratic_input,500,ood_dev,26,4096,0,72,9954,106496,0.0,0.0,0.0009369774073651883,0.017578125,0.013982290939508705,0.022077995855878798,0.09346829927884616,4.0971427816548385,5e-06
quadratic_input,500,ood_dev,27,4096,0,69,10023,110592,0.0,0.0,0.0009369774073651883,0.016845703125,0.013333172427690648,0.02126364314319593,0.09063042534722222,4.097764337726403,5e-06
quadratic_input,500,ood_dev,28,4096,0,72,10095,114688,0.0,0.0,0.0009369774073651883,0.017578125,0.013982290939508705,0.022077995855878798,0.08802141462053571,4.099767453793902,5e-06
quadratic_input,500,ood_dev,29,4096,0,60,10155,118784,0.0,0.0,0.0009369774073651883,0.0146484375,0.01139766303294143,0.018808738864442356,0.08549131196120689,4.097487235150766,5e-06
quadratic_input,500,ood_dev,30,4096,0,81,10236,122880,0.0,0.0,0.0009369774073651883,0.019775390625,0.015939893688042484,0.02451080678084781,0.08330078125,4.096350858162623,5e-06
quadratic_input,500,ood_dev,31,4096,0,62,10298,126976,0.0,0.0,0.0009369774073651883,0.01513671875,0.011826124044008677,0.01935592533637573,0.08110194052419355,4.0977491670055315,5e-06
quadratic_input,500,ood_dev,32,4096,0,72,10370,131072,0.0,0.0,0.0009369774073651883,0.017578125,0.013982290939508705,0.022077995855878798,0.0791168212890625,4.09693509148201,5e-06
quadratic_input,500,ood_dev,33,4096,0,69,10439,135168,0.0,0.0,0.0009369774073651883,0.016845703125,0.013333172427690648,0.02126364314319593,0.07722981770833333,4.099633299687412,5e-06
quadratic_input,500,ood_dev,34,4096,0,59,10498,139264,0.0,0.0,0.0009369774073651883,0.014404296875,0.011183814817094736,0.01853476333878874,0.07538200827205882,4.096961258968804,5e-06
quadratic_input,500,ood_dev,35,4096,0,55,10553,143360,0.0,0.0,0.0009369774073651883,0.013427734375,0.010331122163193216,0.017436161026689018,0.07361188616071429,4.099942063272465,5e-06
quadratic_input,500,ood_dev,36,4096,0,65,10618,147456,0.0,0.0,0.0009369774073651883,0.015869140625,0.012470639018872916,0.020174881586012418,0.07200792100694445,4.096897479321342,5e-06
quadratic_input,1000,dev,1,102400,102400,102400,102400,102400,1.0,0.9999624871609701,1.0,1.0,0.9999624871609701,1.0,1.0,0.009041721214215386,2e-05
quadratic_input,1000,dev,2,102400,102329,102329,204729,204800,0.999306640625,0.9991256059557884,0.9994502144749388,0.999306640625,0.9991256059557884,0.9994502144749388,0.9996533203125,0.11032166989438225,2e-05
quadratic_input,1000,dev,3,102400,70201,70228,274957,307200,0.685556640625,0.6827059774162506,0.6883933823209679,0.6858203125,0.6829702853184495,0.6886563983866077,0.8950423177083333,1.0669954151164212,2e-05
quadratic_input,1000,dev,4,102400,29236,36578,311535,409600,0.2855078125,0.2827495570062155,0.2882821604155903,0.35720703125,0.3542775355290754,0.3601472401102272,0.76058349609375,1.972472803101873,2e-05
quadratic_input,1000,dev,5,102400,9018,19558,331093,512000,0.08806640625,0.08634608207893119,0.08981763601825557,0.19099609375,0.18860009524488539,0.19341527548270418,0.646666015625,2.7360343846018442,2e-05
quadratic_input,1000,dev,6,102400,2203,11110,342203,614400,0.021513671875,0.02064280253395561,0.022420439977254368,0.10849609375,0.10660588293972534,0.11041567740630415,0.5569710286458334,3.2828147191929746,2e-05
quadratic_input,1000,dev,7,102400,430,6691,348894,716800,0.00419921875,0.003821321673182759,0.004614313616613158,0.065341796875,0.06384441154494959,0.06687179273146417,0.48673828125,3.6544362778490176,2e-05
quadratic_input,1000,dev,8,102400,53,3999,352893,819200,0.000517578125,0.0003957560628508712,0.0006768741945293102,0.039052734375,0.03788340603701899,0.0402566455941344,0.430777587890625,3.9276922370458487,2e-05
quadratic_input,1000,dev,9,102400,5,2275,355168,921600,4.8828125e-05,2.0856631032296734e-05,0.0001143087946344752,0.022216796875,0.02133182423510089,0.023137615523679204,0.38538194444444446,4.064843783166725,2e-05
quadratic_input,1000,dev,10,102400,1,1872,357040,1024000,9.765625e-06,1.7238746867777096e-06,5.5319481670543434e-05,0.01828125,0.01747860680728485,0.019120034468568074,0.348671875,4.0996043356368315,2e-05
quadratic_input,1000,dev,11,102400,0,1763,358803,1126400,0.0,3.3881317890172014e-21,3.751283902995844e-05,0.017216796875,0.01643800127708362,0.018031813610086767,0.31853959517045455,4.1025325196073394,2e-05
quadratic_input,1000,dev,12,102400,0,1682,360485,1228800,0.0,3.3881317890172014e-21,3.751283902995844e-05,0.01642578125,0.015665213872477914,0.0172226291111761,0.29336344401041664,4.101968513100874,2e-05
quadratic_input,1000,ood_dev,1,102400,102400,102400,102400,102400,1.0,0.9999624871609701,1.0,1.0,0.9999624871609701,1.0,1.0,0.009063237295239333,2e-05
quadratic_input,1000,ood_dev,2,102400,102344,102344,204744,204800,0.999453125,0.9992899777075444,0.9995788004830934,0.999453125,0.9992899777075444,0.9995788004830934,0.9997265625,0.11013373632155435,2e-05
quadratic_input,1000,ood_dev,3,102400,69965,69991,274735,307200,0.683251953125,0.6803957757644041,0.6860943818835568,0.683505859375,0.6806502855376739,0.6863476655607985,0.8943196614583333,1.0642609967077532,2e-05
quadratic_input,1000,ood_dev,4,102400,29098,36552,311287,409600,0.28416015625,0.2814058861398507,0.286930619890779,0.356953125,0.3540241026541561,0.35989287953463506,0.75997802734375,1.9782669642711699,2e-05
quadratic_input,1000,ood_dev,5,102400,8897,19183,330470,512000,0.086884765625,0.08517505222026019,0.08862547328031568,0.187333984375,0.1849559245075274,0.18973550222230118,0.64544921875,2.7468290208127293,2e-05
quadratic_input,1000,ood_dev,6,102400,2127,10862,341332,614400,0.020771484375,0.019915770894047904,0.021663152300282505,0.10607421875,0.10420292106462224,0.10797507098422134,0.5555533854166667,3.2936419957119507,2e-05
quadratic_input,1000,ood_dev,7,102400,404,6512,347844,716800,0.0039453125,0.003579522376110841,0.004348319463173646,0.06359375,0.062115416184555745,0.06510482549026009,0.4852734375,3.6626526115846354,2e-05
quadratic_input,1000,ood_dev,8,102400,45,3840,351684,819200,0.000439453125,0.00032846613451102604,0.0005879199842502537,0.0375,0.03635361430343291,0.038681085072669805,0.4293017578125,3.9320009056152774,2e-05
quadratic_input,1000,ood_dev,9,102400,8,2400,354084,921600,7.8125e-05,3.958839428702881e-05,0.00015416858336183122,0.0234375,0.022528597658431432,0.024382156766268995,0.3842057291666667,4.065688979631522,2e-05
quadratic_input,1000,ood_dev,10,102400,0,1793,355877,1024000,0.0,3.3881317890172014e-21,3.751283902995844e-05,0.017509765625,0.016724330834732817,0.018331399572258458,0.3475361328125,4.099466785539407,2e-05
quadratic_input,1000,ood_dev,11,102400,0,1684,357561,1126400,0.0,3.3881317890172014e-21,3.751283902995844e-05,0.0164453125,0.015684289562204114,0.017242614456104623,0.31743696732954546,4.102545353630558,2e-05
quadratic_input,1000,ood_dev,12,102400,0,1717,359278,1228800,0.0,3.3881317890172014e-21,3.751283902995844e-05,0.016767578125,0.01599907903589678,0.01757233205421493,0.2923811848958333,4.101905762797688,2e-05
quadratic_input,1000,ood_dev,13,102400,0,1707,360985,1331200,0.0,3.3881317890172014e-21,3.751283902995844e-05,0.016669921875,0.01590368026112528,0.0174724256557128,0.27117262620192306,4.101008932299447,2e-05
quadratic_input,1000,ood_dev,14,102400,0,1740,362725,1433600,0.0,3.3881317890172014e-21,3.751283902995844e-05,0.0169921875,0.01621852227877429,0.01780209070986676,0.25301688058035715,4.100442737275735,2e-05
quadratic_input,1000,ood_dev,15,102400,0,1723,364448,1536000,0.0,3.3881317890172014e-21,3.751283902995844e-05,0.016826171875,0.016056321612980526,0.017632272581095357,0.23727083333333332,4.100047591126058,2e-05
quadratic_input,1000,ood_dev,16,102400,0,1700,366148,1638400,0.0,3.3881317890172014e-21,3.751283902995844e-05,0.0166015625,0.015836905251750164,0.017402487043796374,0.22347900390625,4.100742434610147,2e-05
quadratic_input,1000,ood_dev,17,102400,0,1697,367845,1740800,0.0,3.3881317890172014e-21,3.751283902995844e-05,0.016572265625,0.01580828843853085,0.0173725123050336,0.21130801930147058,4.100031320624985,2e-05
quadratic_input,1000,ood_dev,18,102400,0,1741,369586,1843200,0.0,3.3881317890172014e-21,3.751283902995844e-05,0.017001953125,0.016228064105455898,0.017812079400512517,0.20051323784722222,4.099425750055816,2e-05
quadratic_input,1000,ood_dev,19,102400,0,1672,371258,1945600,0.0,3.3881317890172014e-21,3.751283902995844e-05,0.016328125,0.01556983969681238,0.017122698113568,0.1908192845394737,4.100290156216361,2e-05
quadratic_input,1000,ood_dev,20,102400,0,1763,373021,2048000,0.0,3.3881317890172014e-21,3.751283902995844e-05,0.017216796875,0.01643800127708362,0.018031813610086767,0.18213916015625,4.100456774050835,2e-05
quadratic_input,1000,ood_dev,21,102400,0,1770,374791,2150400,0.0,3.3881317890172014e-21,3.751283902995844e-05,0.01728515625,0.0165048062250697,0.01810172228339223,0.17428896949404762,4.100282058792654,2e-05
quadratic_input,1000,ood_dev,22,102400,0,1647,376438,2252800,0.0,3.3881317890172014e-21,3.751283902995844e-05,0.016083984375,0.015331435756104178,0.016872839121092133,0.16709783380681817,4.100110459760763,2e-05
quadratic_input,1000,ood_dev,23,102400,0,1691,378129,2355200,0.0,3.3881317890172014e-21,3.751283902995844e-05,0.016513671875,0.01575105670713481,0.01731256093246547,0.16055069633152175,4.100134946098551,2e-05
quadratic_input,1000,ood_dev,24,102400,0,1737,379866,2457600,0.0,3.3881317890172014e-21,3.751283902995844e-05,0.016962890625,0.016189897204480646,0.017772124232178315,0.15456787109375,4.100248585781083,2e-05
quadratic_input,1000,ood_dev,25,102400,0,1753,381619,2560000,0.0,3.3881317890172014e-21,3.751283902995844e-05,0.017119140625,0.016342571276687833,0.017931938437208937,0.149069921875,4.0996554134693,2e-05
quadratic_input,1000,ood_dev,26,102400,0,1701,383320,2662400,0.0,3.3881317890172014e-21,3.751283902995844e-05,0.016611328125,0.015846444329457577,0.017412478483416333,0.1439753605769231,4.100037471216638,2e-05
quadratic_input,1000,ood_dev,27,102400,0,1662,384982,2764800,0.0,3.3881317890172014e-21,3.751283902995844e-05,0.01623046875,0.015474472688896538,0.017022759948210224,0.13924406828703703,4.100566051192581,2e-05
quadratic_input,1000,ood_dev,28,102400,0,1703,386685,2867200,0.0,3.3881317890172014e-21,3.751283902995844e-05,0.016630859375,0.01586552269446015,0.017432461153068485,0.13486502511160714,4.09962191876024,2e-05
quadratic_input,1000,ood_dev,29,102400,0,1746,388431,2969600,0.0,3.3881317890172014e-21,3.751283902995844e-05,0.01705078125,0.016275774250670384,0.017862021841934844,0.13080246497844827,4.09957818293944,2e-05
quadratic_input,1000,ood_dev,30,102400,0,1706,390137,3072000,0.0,3.3881317890172014e-21,3.751283902995844e-05,0.01666015625,0.015894140765027154,0.017462434634483562,0.12699772135416668,4.099813375659287,2e-05
quadratic_input,1000,ood_dev,31,102400,0,1661,391798,3174400,0.0,3.3881317890172014e-21,3.751283902995844e-05,0.016220703125,0.015464936384774395,0.017012765735004997,0.12342426915322581,4.1001372642815115,2e-05
quadratic_input,1000,ood_dev,32,102400,0,1729,393527,3276800,0.0,3.3881317890172014e-21,3.751283902995844e-05,0.016884765625,0.01611356665865825,0.01769221063938181,0.12009490966796875,4.0998717789072545,2e-05
quadratic_input,1000,ood_dev,33,102400,0,1680,395207,3379200,0.0,3.3881317890172014e-21,3.751283902995844e-05,0.01640625,0.015646138466949424,0.017202643482049865,0.1169528290719697,4.099464024486951,2e-05
quadratic_input,1000,ood_dev,34,102400,0,1735,396942,3481600,0.0,3.3881317890172014e-21,3.751283902995844e-05,0.016943359375,0.016170814160317883,0.017752146241686355,0.11401137408088236,4.100027974615805,2e-05
quadratic_input,1000,ood_dev,35,102400,0,1689,398631,3584000,0.0,3.3881317890172014e-21,3.751283902995844e-05,0.016494140625,0.01573198002662403,0.017292576578321527,0.11122516741071428,4.100267195822671,2e-05
quadratic_input,1000,ood_dev,36,102400,0,1717,400348,3686400,0.0,3.3881317890172014e-21,3.751283902995844e-05,0.016767578125,0.01599907903589678,0.01757233205421493,0.10860134548611111,4.100370803691913,2e-05
quadratic_input,1500,dev,1,4096,4096,4096,4096,4096,1.0,0.9990630225926348,0.9999999999999999,1.0,0.9990630225926348,0.9999999999999999,1.0,0.0063816366853757245,4.5e-05
quadratic_input,1500,dev,2,4096,4096,4096,8192,8192,1.0,0.9990630225926348,0.9999999999999999,1.0,0.9990630225926348,0.9999999999999999,1.0,0.01601762792944328,4.5e-05
quadratic_input,1500,dev,3,4096,4096,4096,12288,12288,1.0,0.9990630225926348,0.9999999999999999,1.0,0.9990630225926348,0.9999999999999999,1.0,0.026310386560055576,4.5e-05
quadratic_input,1500,dev,4,4096,4079,4079,16367,16384,0.995849609375,0.9933629968413301,0.9974070221457995,0.995849609375,0.9933629968413301,0.9974070221457995,0.99896240234375,0.042714415865532374,4.5e-05
quadratic_input,1500,dev,5,4096,4047,4054,20421,20480,0.988037109375,0.9842206673133682,0.9909389919457514,0.98974609375,0.9861695639225535,0.9924048615270683,0.997119140625,0.07001389264831914,4.5e-05
quadratic_input,1500,dev,6,4096,3995,4016,24437,24576,0.975341796875,0.9701285156377056,0.9796643090633977,0.98046875,0.9757587986106162,0.9842783246619937,0.9943440755208334,0.10625485559546632,4.5e-05
quadratic_input,1500,dev,7,4096,3868,3908,28345,28672,0.9443359375,0.9368892357284203,0.9509499738021437,0.9541015625,0.947256349406498,0.9600958097840784,0.9885951450892857,0.1638288423062022,4.5e-05
quadratic_input,1500,dev,8,4096,3696,3779,32124,32768,0.90234375,0.8928723632769541,0.9110611627155568,0.922607421875,0.9140224457668371,0.9304004507701995,0.9803466796875,0.2406978967720761,4.5e-05
quadratic_input,1500,dev,9,4096,3437,3581,35705,36864,0.839111328125,0.8275420910342984,0.8500450859096321,0.874267578125,0.8637621415848652,0.88407165413511,0.9685601128472222,0.34596394930156293,4.5e-05
quadratic_input,1500,dev,10,4096,3181,3407,39112,40960,0.776611328125,0.7635999027671785,0.7891043963526727,0.831787109375,0.8200221498156435,0.8429303148832779,0.9548828125,0.4801856220976788,4.5e-05
quadratic_input,1500,dev,11,4096,2800,3120,42232,45056,0.68359375,0.6691847481849715,0.6976587054232615,0.76171875,0.7484303424468323,0.7745167084415,0.9373224431818182,0.6653934216089965,4.5e-05
quadratic_input,1500,dev,12,4096,2314,2750,44982,49152,0.56494140625,0.54970503592285,0.5800560793162325,0.67138671875,0.6568474017348821,0.6856048647983356,0.9151611328125,0.946822171086751,4.5e-05
quadratic_input,1500,ood_dev,1,4096,4096,4096,4096,4096,1.0,0.9990630225926348,0.9999999999999999,1.0,0.9990630225926348,0.9999999999999999,1.0,0.006446544444827396,4.5e-05
quadratic_input,1500,ood_dev,2,4096,4096,4096,8192,8192,1.0,0.9990630225926348,0.9999999999999999,1.0,0.9990630225926348,0.9999999999999999,1.0,0.015701043776800816,4.5e-05
quadratic_input,1500,ood_dev,3,4096,4093,4093,12285,12288,0.999267578125,0.9978486714629491,0.9997508799051849,0.999267578125,0.9978486714629491,0.9997508799051849,0.999755859375,0.025374499962197206,4.5e-05
quadratic_input,1500,ood_dev,4,4096,4082,4084,16369,16384,0.99658203125,0.9942706398960515,0.9979628503155791,0.9970703125,0.9948858699188933,0.9983232677757378,0.99908447265625,0.04317883080670981,4.5e-05
quadratic_input,1500,ood_dev,5,4096,4050,4058,20427,20480,0.98876953125,0.9850536128857085,0.9915695175979121,0.99072265625,0.987292434466316,0.993233285949307,0.997412109375,0.06771833101902303,4.5e-05
quadratic_input,1500,ood_dev,6,4096,3984,4005,24432,24576,0.97265625,0.9672017903723954,0.9772249731722046,0.977783203125,0.9728018164634368,0.9818692456526698,0.994140625,0.10941268901683543,4.5e-05
quadratic_input,1500,ood_dev,7,4096,3864,3905,28337,28672,0.943359375,0.9358561096520154,0.9500318049125475,0.953369140625,0.9464763369080933,0.9594123510579824,0.9883161272321429,0.16852713756782123,4.5e-05
quadratic_input,1500,ood_dev,8,4096,3695,3783,32120,32768,0.902099609375,0.8926183492901923,0.9108273529608181,0.923583984375,0.915045461521617,0.9313287299814208,0.980224609375,0.24538494950172662,4.5e-05
quadratic_input,1500,ood_dev,9,4096,3477,3621,35741,36864,0.848876953125,0.8375816138522119,0.8595185127517311,0.884033203125,0.8738658758000654,0.8934808695799222,0.9695366753472222,0.3402520631138941,4.5e-05
quadratic_input,1500,ood_dev,10,4096,3168,3403,39144,40960,0.7734375,0.7603651334237318,0.7859974570566153,0.830810546875,0.8190200915524753,0.8419810781804445,0.9556640625,0.4601097878846758,4.5e-05
quadratic_input,1500,ood_dev,11,4096,2847,3190,42334,45056,0.695068359375,0.6807921746326393,0.7089789948261083,0.77880859375,0.7658399814639417,0.7912547313294122,0.9395862926136364,0.621098431009159,4.5e-05
quadratic_input,1500,ood_dev,12,4096,2322,2767,45101,49152,0.56689453125,0.5516642746451457,0.5819994305259393,0.675537109375,0.6610408501330648,0.689704420005658,0.9175821940104166,0.9231070247278694,4.5e-05
quadratic_input,1500,ood_dev,13,4096,1359,1865,46966,53248,0.331787109375,0.317530947178628,0.3463584949276584,0.455322265625,0.44012025007135425,0.4706080052340891,0.8820237379807693,1.6664080513846784,4.5e-05
quadratic_input,1500,ood_dev,14,4096,287,528,47494,57344,0.070068359375,0.06264722053899238,0.07829517067896177,0.12890625,0.11899074265656151,0.13951717026296728,0.8282296316964286,3.4326901000858925,4.5e-05
quadratic_input,1500,ood_dev,15,4096,34,113,47607,61440,0.00830078125,0.00594629450988538,0.011576690108490348,0.027587890625,0.022997436199112566,0.03306362399778765,0.774853515625,4.646016167736889,4.5e-05
quadratic_input,1500,ood_dev,16,4096,1,77,47684,65536,0.000244140625,4.309811523941186e-05,0.0013817030336260863,0.018798828125,0.01506804743850219,0.023431358064386867,0.72760009765625,5.038719955857232,4.5e-05
quadratic_input,1500,ood_dev,17,4096,1,77,47761,69632,0.000244140625,4.309811523941186e-05,0.0013817030336260863,0.018798828125,0.01506804743850219,0.023431358064386867,0.6859059053308824,5.120365392329404,4.5e-05
quadratic_input,1500,ood_dev,18,4096,0,69,47830,73728,0.0,0.0,0.0009369774073651883,0.016845703125,0.013333172427690648,0.02126364314319593,0.6487358940972222,5.173568720725598,4.5e-05
quadratic_input,1500,ood_dev,19,4096,0,65,47895,77824,0.0,0.0,0.0009369774073651883,0.015869140625,0.012470639018872916,0.020174881586012418,0.6154271175986842,5.194844723679125,4.5e-05
quadratic_input,1500,ood_dev,20,4096,0,74,47969,81920,0.0,0.0,0.0009369774073651883,0.01806640625,0.014416028944668636,0.02261990533371949,0.58555908203125,5.194208001397783,4.5e-05
quadratic_input,1500,ood_dev,21,4096,0,84,48053,86016,0.0,0.0,0.0009369774073651883,0.0205078125,0.016595533532573623,0.025318638160817603,0.5586518787202381,5.204371886968147,4.5e-05
quadratic_input,1500,ood_dev,22,4096,0,79,48132,90112,0.0,0.0,0.0009369774073651883,0.019287109375,0.015503626084669948,0.023971426901219724,0.5341352982954546,5.125890761439223,4.5e-05
quadratic_input,1500,ood_dev,23,4096,0,71,48203,94208,0.0,0.0,0.0009369774073651883,0.017333984375,0.01376571558724534,0.02180674746664186,0.5116656759510869,5.171845042568748,4.5e-05
quadratic_input,1500,ood_dev,24,4096,0,80,48283,98304,0.0,0.0,0.0009369774073651883,0.01953125,0.015721675338006252,0.02424120138938373,0.4911600748697917,5.147965519485297,4.5e-05
quadratic_input,1500,ood_dev,25,4096,0,74,48357,102400,0.0,0.0,0.0009369774073651883,0.01806640625,0.014416028944668636,0.02261990533371949,0.472236328125,5.114076597878011,4.5e-05
quadratic_input,1500,ood_dev,26,4096,0,63,48420,106496,0.0,0.0,0.0009369774073651883,0.015380859375,0.012040724876904885,0.019629148244979834,0.4546649639423077,5.137656562059419,4.5e-05
quadratic_input,1500,ood_dev,27,4096,0,66,48486,110592,0.0,0.0,0.0009369774073651883,0.01611328125,0.01268594169611479,0.020447402650270854,0.4384223090277778,5.098681070769089,4.5e-05
quadratic_input,1500,ood_dev,28,4096,0,82,48568,114688,0.0,0.0,0.0009369774073651883,0.02001953125,0.01615827811132198,0.024780246099068624,0.42347935267857145,5.040526644297643,4.5e-05
quadratic_input,1500,ood_dev,29,4096,0,70,48638,118784,0.0,0.0,0.0009369774073651883,0.01708984375,0.0135493413532538,0.021535297959133087,0.4094659213362069,5.025026974879438,4.5e-05
quadratic_input,1500,ood_dev,30,4096,0,75,48713,122880,0.0,0.0,0.0009369774073651883,0.018310546875,0.014633183903943853,0.022890574115944584,0.39642740885416666,5.0127055627526715,4.5e-05
quadratic_input,1500,ood_dev,31,4096,0,67,48780,126976,0.0,0.0,0.0009369774073651883,0.016357421875,0.012901468019013623,0.020719700068872332,0.3841670866935484,5.025396194832865,4.5e-05
quadratic_input,1500,ood_dev,32,4096,0,79,48859,131072,0.0,0.0,0.0009369774073651883,0.019287109375,0.015503626084669948,0.023971426901219724,0.37276458740234375,5.00854160846211,4.5e-05
quadratic_input,1500,ood_dev,33,4096,0,51,48910,135168,0.0,0.0,0.0009369774073651883,0.012451171875,0.009483101104023409,0.016332887119857586,0.3618459990530303,4.945707755658077,4.5e-05
quadratic_input,1500,ood_dev,34,4096,0,73,48983,139264,0.0,0.0,0.0009369774073651883,0.017822265625,0.014199063362519719,0.022349047174368093,0.3517276539522059,4.929254013579339,4.5e-05
quadratic_input,1500,ood_dev,35,4096,0,56,49039,143360,0.0,0.0,0.0009369774073651883,0.013671875,0.01054387645975476,0.017711230471627787,0.34206891741071427,4.920353997847997,4.5e-05
quadratic_input,1500,ood_dev,36,4096,0,66,49105,147456,0.0,0.0,0.0009369774073651883,0.01611328125,0.01268594169611479,0.020447402650270854,0.3330145941840278,4.893865486825234,4.5e-05
quadratic_input,2000,dev,1,4096,4096,4096,4096,4096,1.0,0.9990630225926348,0.9999999999999999,1.0,0.9990630225926348,0.9999999999999999,1.0,0.0018909354202065742,8e-05
quadratic_input,2000,dev,2,4096,4096,4096,8192,8192,1.0,0.9990630225926348,0.9999999999999999,1.0,0.9990630225926348,0.9999999999999999,1.0,0.002896347399442334,8e-05
quadratic_input,2000,dev,3,4096,4096,4096,12288,12288,1.0,0.9990630225926348,0.9999999999999999,1.0,0.9990630225926348,0.9999999999999999,1.0,0.004059062123644708,8e-05
quadratic_input,2000,dev,4,4096,4096,4096,16384,16384,1.0,0.9990630225926348,0.9999999999999999,1.0,0.9990630225926348,0.9999999999999999,1.0,0.006943457604847936,8e-05
quadratic_input,2000,dev,5,4096,4094,4094,20478,20480,0.99951171875,0.9982212896544476,0.9998660854551866,0.99951171875,0.9982212896544476,0.9998660854551866,0.99990234375,0.012037911178765626,8e-05
quadratic_input,2000,dev,6,4096,4086,4086,24564,24576,0.99755859375,0.9955114747539533,0.9986733104236785,0.99755859375,0.9955114747539533,0.9986733104236785,0.99951171875,0.019820792682622823,8e-05
quadratic_input,2000,dev,7,4096,4066,4067,28631,28672,0.99267578125,0.9895635962243474,0.994864714123278,0.992919921875,0.9898503448988859,0.9950657891902398,0.9985700334821429,0.03347148580540704,8e-05
quadratic_input,2000,dev,8,4096,4019,4033,32664,32768,0.981201171875,0.9765686419356131,0.9849319525614978,0.984619140625,0.9803708517550201,0.9879592751230951,0.996826171875,0.05713535992829577,8e-05
quadratic_input,2000,dev,9,4096,3955,3982,36646,36864,0.965576171875,0.9595422298231,0.970737645217991,0.97216796875,0.9666710641443907,0.9767800519172087,0.9940863715277778,0.09002275350988498,8e-05
quadratic_input,2000,dev,10,4096,3840,3894,40540,40960,0.9375,0.9296692192922852,0.9445109254762704,0.95068359375,0.9436199393767509,0.9569026874328211,0.98974609375,0.14998133209988396,8e-05
quadratic_input,2000,dev,11,4096,3700,3778,44318,45056,0.9033203125,0.8938885935671609,0.9119962273913512,0.92236328125,0.913766751587586,0.9301683212079501,0.9836203835227273,0.22779075188000775,8e-05
quadratic_input,2000,dev,12,4096,3272,3417,47735,49152,0.798828125,0.7862740796113783,0.8108221799850011,0.834228515625,0.8225279064284977,0.8453027956854265,0.9711710611979166,0.4636999448428014,8e-05
quadratic_input,2000,ood_dev,1,4096,4096,4096,4096,4096,1.0,0.9990630225926348,0.9999999999999999,1.0,0.9990630225926348,0.9999999999999999,1.0,0.0018958485282354332,8e-05
quadratic_input,2000,ood_dev,2,4096,4096,4096,8192,8192,1.0,0.9990630225926348,0.9999999999999999,1.0,0.9990630225926348,0.9999999999999999,1.0,0.0028160956129994474,8e-05
quadratic_input,2000,ood_dev,3,4096,4096,4096,12288,12288,1.0,0.9990630225926348,0.9999999999999999,1.0,0.9990630225926348,0.9999999999999999,1.0,0.004013402931917653,8e-05
quadratic_input,2000,ood_dev,4,4096,4096,4096,16384,16384,1.0,0.9990630225926348,0.9999999999999999,1.0,0.9990630225926348,0.9999999999999999,1.0,0.006489955357764643,8e-05
quadratic_input,2000,ood_dev,5,4096,4093,4093,20477,20480,0.999267578125,0.9978486714629491,0.9997508799051849,0.999267578125,0.9978486714629491,0.9997508799051849,0.999853515625,0.012031218833612911,8e-05
quadratic_input,2000,ood_dev,6,4096,4080,4080,24557,24576,0.99609375,0.9936637657680687,0.9975940769605611,0.99609375,0.9936637657680687,0.9975940769605611,0.9992268880208334,0.02218067869878837,8e-05
quadratic_input,2000,ood_dev,7,4096,4061,4066,28623,28672,0.991455078125,0.9881397703182205,0.9938494213219035,0.99267578125,0.9895635962243474,0.994864714123278,0.998291015625,0.03432147918726969,8e-05
quadratic_input,2000,ood_dev,8,4096,4028,4041,32664,32768,0.9833984375,0.9790082213211099,0.9868827868495039,0.986572265625,0.9825638389733109,0.9896688778368068,0.996826171875,0.05567003324881625,8e-05
quadratic_input,2000,ood_dev,9,4096,3973,3996,36660,36864,0.969970703125,0.964287665331574,0.9747730370565226,0.9755859375,0.970395272680658,0.9798853757619459,0.9944661458333334,0.08954226525474951,8e-05
quadratic_input,2000,ood_dev,10,4096,3848,3888,40548,40960,0.939453125,0.9317293423030818,0.9463533923974762,0.94921875,0.9420642079017939,0.9555314764587765,0.98994140625,0.14669313968164488,8e-05
quadratic_input,2000,ood_dev,11,4096,3693,3777,44325,45056,0.901611328125,0.8921103732139267,0.9103596815540832,0.922119140625,0.913511081106035,0.9299361679480009,0.9837757457386364,0.2271414990309495,8e-05
quadratic_input,2000,ood_dev,12,4096,3253,3409,47734,49152,0.794189453125,0.7815353009716819,0.8062923075361916,0.832275390625,0.8205232310717371,0.8434048811101847,0.9711507161458334,0.47525786321469354,8e-05
quadratic_input,2000,ood_dev,13,4096,952,1065,48799,53248,0.232421875,0.21974117629235676,0.24560400302330346,0.260009765625,0.24680595242699077,0.2736633096782045,0.9164475661057693,2.9069250831258273,8e-05
quadratic_input,2000,ood_dev,14,4096,108,183,48982,57344,0.0263671875,0.021886441418738075,0.03173550007066059,0.044677734375,0.03876608545839374,0.05144263664352817,0.8541782924107143,5.612277406778048,8e-05
quadratic_input,2000,ood_dev,15,4096,7,68,49050,61440,0.001708984375,0.0008280858168609898,0.0035236577810063684,0.0166015625,0.013117213150496153,0.020991778678890113,0.79833984375,6.739294768398395,8e-05
quadratic_input,2000,ood_dev,16,4096,1,76,49126,65536,0.000244140625,4.309811523941186e-05,0.0013817030336260863,0.0185546875,0.014850524581988338,0.02316105717940041,0.749603271484375,7.333744329531328,8e-05
quadratic_input,2000,ood_dev,17,4096,0,83,49209,69632,0.0,0.0,0.0009369774073651883,0.020263671875,0.01637682567489716,0.025049522276993755,0.7067009420955882,7.725080317519314,8e-05
quadratic_input,2000,ood_dev,18,4096,0,59,49268,73728,0.0,0.0,0.0009369774073651883,0.014404296875,0.011183814817094736,0.01853476333878874,0.6682400173611112,7.936778680093994,8e-05
quadratic_input,2000,ood_dev,19,4096,0,78,49346,77824,0.0,0.0,0.0009369774073651883,0.01904296875,0.01528574904596704,0.023701480198422328,0.6340717516447368,8.08173044310206,8e-05
quadratic_input,2000,ood_dev,20,4096,0,75,49421,81920,0.0,0.0,0.0009369774073651883,0.018310546875,0.014633183903943853,0.022890574115944584,0.60328369140625,8.21412279184733,8e-05
quadratic_input,2000,ood_dev,21,4096,0,79,49500,86016,0.0,0.0,0.0009369774073651883,0.019287109375,0.015503626084669948,0.023971426901219724,0.5754743303571429,8.367251177078288,8e-05
quadratic_input,2000,ood_dev,22,4096,0,71,49571,90112,0.0,0.0,0.0009369774073651883,0.017333984375,0.01376571558724534,0.02180674746664186,0.5501043146306818,8.413547305608517,8e-05
quadratic_input,2000,ood_dev,23,4096,0,78,49649,94208,0.0,0.0,0.0009369774073651883,0.01904296875,0.01528574904596704,0.023701480198422328,0.5270146908967391,8.543489278355992,8e-05
quadratic_input,2000,ood_dev,24,4096,0,81,49730,98304,0.0,0.0,0.0009369774073651883,0.019775390625,0.015939893688042484,0.02451080678084781,0.5058797200520834,8.596499552535533,8e-05
quadratic_input,2000,ood_dev,25,4096,0,78,49808,102400,0.0,0.0,0.0009369774073651883,0.01904296875,0.01528574904596704,0.023701480198422328,0.48640625,8.683319772910181,8e-05
quadratic_input,2000,ood_dev,26,4096,0,67,49875,106496,0.0,0.0,0.0009369774073651883,0.016357421875,0.012901468019013623,0.020719700068872332,0.4683274489182692,8.850537233685827,8e-05
quadratic_input,2000,ood_dev,27,4096,0,67,49942,110592,0.0,0.0,0.0009369774073651883,0.016357421875,0.012901468019013623,0.020719700068872332,0.45158781828703703,8.790806870165397,8e-05
quadratic_input,2000,ood_dev,28,4096,0,70,50012,114688,0.0,0.0,0.0009369774073651883,0.01708984375,0.0135493413532538,0.021535297959133087,0.43607003348214285,8.855887130353949,8e-05
quadratic_input,2000,ood_dev,29,4096,0,58,50070,118784,0.0,0.0,0.0009369774073651883,0.01416015625,0.010970229851119503,0.018260524563263665,0.42152141702586204,8.97193001575215,8e-05
quadratic_input,2000,ood_dev,30,4096,0,72,50142,122880,0.0,0.0,0.0009369774073651883,0.017578125,0.013982290939508705,0.022077995855878798,0.408056640625,8.863922466196527,8e-05
quadratic_input,2000,ood_dev,31,4096,0,59,50201,126976,0.0,0.0,0.0009369774073651883,0.014404296875,0.011183814817094736,0.01853476333878874,0.3953581779233871,9.026803797853063,8e-05
quadratic_input,2000,ood_dev,32,4096,0,68,50269,131072,0.0,0.0,0.0009369774073651883,0.0166015625,0.013117213150496153,0.020991778678890113,0.38352203369140625,9.0530493014885,8e-05
quadratic_input,2000,ood_dev,33,4096,0,65,50334,135168,0.0,0.0,0.0009369774073651883,0.015869140625,0.012470639018872916,0.020174881586012418,0.3723810369318182,9.045668118735193,8e-05
quadratic_input,2000,ood_dev,34,4096,0,72,50406,139264,0.0,0.0,0.0009369774073651883,0.017578125,0.013982290939508705,0.022077995855878798,0.36194565716911764,9.014257816324971,8e-05
quadratic_input,2000,ood_dev,35,4096,0,61,50467,143360,0.0,0.0,0.0009369774073651883,0.014892578125,0.011611768142410793,0.019082457496473304,0.3520298549107143,9.063601188827306,8e-05
quadratic_input,2000,ood_dev,36,4096,0,72,50539,147456,0.0,0.0,0.0009369774073651883,0.017578125,0.013982290939508705,0.022077995855878798,0.3427395290798611,9.073760124418186,8e-05
quadratic_input,2500,dev,1,4096,4096,4096,4096,4096,1.0,0.9990630225926348,0.9999999999999999,1.0,0.9990630225926348,0.9999999999999999,1.0,0.0004883485819888733,0.00012500000000000003
quadratic_input,2500,dev,2,4096,4096,4096,8192,8192,1.0,0.9990630225926348,0.9999999999999999,1.0,0.9990630225926348,0.9999999999999999,1.0,0.0008447537664970639,0.00012500000000000003
quadratic_input,2500,dev,3,4096,4096,4096,12288,12288,1.0,0.9990630225926348,0.9999999999999999,1.0,0.9990630225926348,0.9999999999999999,1.0,0.0016140267463420344,0.00012500000000000003
quadratic_input,2500,dev,4,4096,4096,4096,16384,16384,1.0,0.9990630225926348,0.9999999999999999,1.0,0.9990630225926348,0.9999999999999999,1.0,0.0031803525462485993,0.00012500000000000003
quadratic_input,2500,dev,5,4096,4093,4093,20477,20480,0.999267578125,0.9978486714629491,0.9997508799051849,0.999267578125,0.9978486714629491,0.9997508799051849,0.999853515625,0.006644252985520183,0.00012500000000000003
quadratic_input,2500,dev,6,4096,4089,4090,24567,24576,0.998291015625,0.9964763422189936,0.9991719141831389,0.99853515625,0.9968075986857966,0.9993284814578364,0.9996337890625,0.011518536735284357,0.00012500000000000003
quadratic_input,2500,dev,7,4096,4077,4079,28646,28672,0.995361328125,0.9927660832938955,0.9970282882102334,0.995849609375,0.9933629968413301,0.9974070221457995,0.9990931919642857,0.01878881982873537,0.00012500000000000003
quadratic_input,2500,dev,8,4096,4048,4058,32704,32768,0.98828125,0.9844979568178159,0.9911495261828039,0.99072265625,0.987292434466316,0.993233285949307,0.998046875,0.03519112529789403,0.00012500000000000003
quadratic_input,2500,dev,9,4096,3996,4021,36725,36864,0.9755859375,0.970395272680658,0.9798853757619459,0.981689453125,0.9771094258840555,0.9853668160960561,0.9962293836805556,0.058841320392033936,0.00012500000000000003
quadratic_input,2500,dev,10,4096,3906,3952,40677,40960,0.95361328125,0.946736292289229,0.959640219418347,0.96484375,0.9587538013451912,0.9700626024713991,0.9930908203125,0.10460029584597663,0.00012500000000000003
quadratic_input,2500,dev,11,4096,3789,3873,44550,45056,0.925048828125,0.916580713871883,0.9327204200801565,0.945556640625,0.9381814914524192,0.9520968367856465,0.98876953125,0.15176872032425237,0.00012500000000000003
quadratic_input,2500,dev,12,4096,3609,3734,48284,49152,0.881103515625,0.8708325325922874,0.8906603278896965,0.91162109375,0.9025383332525057,0.9199324949170169,0.9823404947916666,0.24966364192925283,0.00012500000000000003
quadratic_input,2500,ood_dev,1,4096,4096,4096,4096,4096,1.0,0.9990630225926348,0.9999999999999999,1.0,0.9990630225926348,0.9999999999999999,1.0,0.0004910315470141313,0.00012500000000000003
quadratic_input,2500,ood_dev,2,4096,4096,4096,8192,8192,1.0,0.9990630225926348,0.9999999999999999,1.0,0.9990630225926348,0.9999999999999999,1.0,0.0008362637533991801,0.00012500000000000003
quadratic_input,2500,ood_dev,3,4096,4096,4096,12288,12288,1.0,0.9990630225926348,0.9999999999999999,1.0,0.9990630225926348,0.9999999999999999,1.0,0.0016316636809783347,0.00012500000000000003
quadratic_input,2500,ood_dev,4,4096,4095,4095,16383,16384,0.999755859375,0.9986182969663738,0.9999569018847606,0.999755859375,0.9986182969663738,0.9999569018847606,0.99993896484375,0.0032182597961565307,0.00012500000000000003
quadratic_input,2500,ood_dev,5,4096,4093,4094,20477,20480,0.999267578125,0.9978486714629491,0.9997508799051849,0.99951171875,0.9982212896544476,0.9998660854551866,0.999853515625,0.006187698711837442,0.00012500000000000003
quadratic_input,2500,ood_dev,6,4096,4081,4081,24558,24576,0.996337890625,0.9939662587473084,0.9977794077228217,0.996337890625,0.9939662587473084,0.9977794077228217,0.999267578125,0.013632308420554295,0.00012500000000000003
quadratic_input,2500,ood_dev,7,4096,4067,4071,28629,28672,0.992919921875,0.9898503448988859,0.9950657891902398,0.993896484375,0.9910051126562461,0.995862316398881,0.9985002790178571,0.02326408724117357,0.00012500000000000003
quadratic_input,2500,ood_dev,8,4096,4034,4042,32671,32768,0.98486328125,0.9806440746636242,0.9881738759559913,0.98681640625,0.9828391999625007,0.9898813405891173,0.997039794921875,0.043240798242200285,0.00012500000000000003
quadratic_input,2500,ood_dev,9,4096,3972,3990,36661,36864,0.9697265625,0.964023311604608,0.9745495670419884,0.97412109375,0.9687965056840521,0.9785572003095498,0.9944932725694444,0.07657277171117371,0.00012500000000000003
quadratic_input,2500,ood_dev,10,4096,3879,3921,40582,40960,0.947021484375,0.9397334817874256,0.9534717888996419,0.957275390625,0.9506416766616401,0.9630521911684404,0.990771484375,0.11799717324728576,0.00012500000000000003
quadratic_input,2500,ood_dev,11,4096,3759,3824,44406,45056,0.917724609375,0.9089129525352261,0.9257534691718042,0.93359375,0.92555502965908,0.9408199352454705,0.9855735085227273,0.17525811851201567,0.00012500000000000003
quadratic_input,2500,ood_dev,12,4096,3574,3692,48098,49152,0.87255859375,0.8619961004422974,0.8824229290871757,0.9013671875,0.8918564110099307,0.9101258200165789,0.9785563151041666,0.2673427356283895,0.00012500000000000003
quadratic_input,2500,ood_dev,13,4096,2879,3064,51162,53248,0.702880859375,0.6887009863532034,0.7166805428335541,0.748046875,0.7345235343408396,0.7611053870234754,0.9608248197115384,0.7771114022705916,0.00012500000000000003
quadratic_input,2500,ood_dev,14,4096,817,951,52113,57344,0.199462890625,0.18750955940584324,0.21197941480727517,0.232177734375,0.219501996415961,0.24535535915819892,0.9087785993303571,3.418213841566711,0.00012500000000000003
quadratic_input,2500,ood_dev,15,4096,108,210,52323,61440,0.0263671875,0.021886441418738075,0.03173550007066059,0.05126953125,0.04492593949542012,0.05845402362701016,0.851611328125,5.477144339687015,0.00012500000000000003
quadratic_input,2500,ood_dev,16,4096,8,93,52416,65536,0.001953125,0.0009900179449591885,0.0038495493944084797,0.022705078125,0.01857068652760418,0.02773389883928984,0.7998046875,6.387462411686101,0.00012500000000000003
quadratic_input,2500,ood_dev,17,4096,1,66,52482,69632,0.000244140625,4.309811523941186e-05,0.0013817030336260863,0.01611328125,0.01268594169611479,0.020447402650270854,0.7537051930147058,7.060397485668545,0.00012500000000000003
quadratic_input,2500,ood_dev,18,4096,0,70,52552,73728,0.0,0.0,0.0009369774073651883,0.01708984375,0.0135493413532538,0.021535297959133087,0.7127821180555556,7.690470184141304,0.00012500000000000003
quadratic_input,2500,ood_dev,19,4096,0,77,52629,77824,0.0,0.0,0.0009369774073651883,0.018798828125,0.01506804743850219,0.023431358064386867,0.676256681743421,8.239376032623113,0.00012500000000000003
quadratic_input,2500,ood_dev,20,4096,0,68,52697,81920,0.0,0.0,0.0009369774073651883,0.0166015625,0.013117213150496153,0.020991778678890113,0.64327392578125,8.779891492587922,0.00012500000000000003
quadratic_input,2500,ood_dev,21,4096,0,77,52774,86016,0.0,0.0,0.0009369774073651883,0.018798828125,0.01506804743850219,0.023431358064386867,0.6135370163690477,9.329254063547978,0.00012500000000000003
quadratic_input,2500,ood_dev,22,4096,0,68,52842,90112,0.0,0.0,0.0009369774073651883,0.0166015625,0.013117213150496153,0.020991778678890113,0.5864035866477273,9.728745736132623,0.00012500000000000003
quadratic_input,2500,ood_dev,23,4096,0,68,52910,94208,0.0,0.0,0.0009369774073651883,0.0166015625,0.013117213150496153,0.020991778678890113,0.561629585597826,10.157399972623352,0.00012500000000000003
quadratic_input,2500,ood_dev,24,4096,0,70,52980,98304,0.0,0.0,0.0009369774073651883,0.01708984375,0.0135493413532538,0.021535297959133087,0.5389404296875,10.499021738788997,0.00012500000000000003
quadratic_input,2500,ood_dev,25,4096,0,61,53041,102400,0.0,0.0,0.0009369774073651883,0.014892578125,0.011611768142410793,0.019082457496473304,0.517978515625,10.761786553158345,0.00012500000000000003
quadratic_input,2500,ood_dev,26,4096,0,61,53102,106496,0.0,0.0,0.0009369774073651883,0.014892578125,0.011611768142410793,0.019082457496473304,0.49862905649038464,11.172466690156398,0.00012500000000000003
quadratic_input,2500,ood_dev,27,4096,0,86,53188,110592,0.0,0.0,0.0009369774073651883,0.02099609375,0.017033419158058095,0.025856400018333753,0.48093894675925924,11.214777571034574,0.00012500000000000003
quadratic_input,2500,ood_dev,28,4096,0,73,53261,114688,0.0,0.0,0.0009369774073651883,0.017822265625,0.014199063362519719,0.022349047174368093,0.46439906529017855,11.593318024847122,0.00012500000000000003
quadratic_input,2500,ood_dev,29,4096,0,53,53314,118784,0.0,0.0,0.0009369774073651883,0.012939453125,0.009906496085844563,0.016885139621037056,0.4488314924568966,11.866370129803613,0.00012500000000000003
quadratic_input,2500,ood_dev,30,4096,0,74,53388,122880,0.0,0.0,0.0009369774073651883,0.01806640625,0.014416028944668636,0.02261990533371949,0.43447265625,11.931691303404932,0.00012500000000000003
quadratic_input,2500,ood_dev,31,4096,0,64,53452,126976,0.0,0.0,0.0009369774073651883,0.015625,0.012255565007829483,0.01990213185555554,0.42096144153225806,12.119472613750986,0.00012500000000000003
quadratic_input,2500,ood_dev,32,4096,0,68,53520,131072,0.0,0.0,0.0009369774073651883,0.0166015625,0.013117213150496153,0.020991778678890113,0.4083251953125,12.340434622356042,0.00012500000000000003
quadratic_input,2500,ood_dev,33,4096,0,70,53590,135168,0.0,0.0,0.0009369774073651883,0.01708984375,0.0135493413532538,0.021535297959133087,0.39646957859848486,12.487263745837708,0.00012500000000000003
quadratic_input,2500,ood_dev,34,4096,0,65,53655,139264,0.0,0.0,0.0009369774073651883,0.015869140625,0.012470639018872916,0.020174881586012418,0.3852754480698529,12.59454638805255,0.00012500000000000003
quadratic_input,2500,ood_dev,35,4096,0,81,53736,143360,0.0,0.0,0.0009369774073651883,0.019775390625,0.015939893688042484,0.02451080678084781,0.3748325892857143,12.665249038248703,0.00012500000000000003
quadratic_input,2500,ood_dev,36,4096,0,71,53807,147456,0.0,0.0,0.0009369774073651883,0.017333984375,0.01376571558724534,0.02180674746664186,0.3649020724826389,12.81362831889237,0.00012500000000000003
quadratic_input,3000,dev,1,4096,4096,4096,4096,4096,1.0,0.9990630225926348,0.9999999999999999,1.0,0.9990630225926348,0.9999999999999999,1.0,0.00018754475670412774,0.00018
quadratic_input,3000,dev,2,4096,4096,4096,8192,8192,1.0,0.9990630225926348,0.9999999999999999,1.0,0.9990630225926348,0.9999999999999999,1.0,0.00032471272068512747,0.00018
quadratic_input,3000,dev,3,4096,4096,4096,12288,12288,1.0,0.9990630225926348,0.9999999999999999,1.0,0.9990630225926348,0.9999999999999999,1.0,0.0006107186352188876,0.00018
quadratic_input,3000,dev,4,4096,4096,4096,16384,16384,1.0,0.9990630225926348,0.9999999999999999,1.0,0.9990630225926348,0.9999999999999999,1.0,0.0010241955759706656,0.00018
quadratic_input,3000,dev,5,4096,4095,4095,20479,20480,0.999755859375,0.9986182969663738,0.9999569018847606,0.999755859375,0.9986182969663738,0.9999569018847606,0.999951171875,0.0022283831324170222,0.00018
quadratic_input,3000,dev,6,4096,4095,4096,24575,24576,0.999755859375,0.9986182969663738,0.9999569018847606,1.0,0.9990630225926348,0.9999999999999999,0.9999593098958334,0.0029731127416106062,0.00018
quadratic_input,3000,dev,7,4096,4090,4091,28666,28672,0.99853515625,0.9968075986857966,0.9993284814578364,0.998779296875,0.997145424476127,0.9994784794090062,0.9997907366071429,0.006373740960111007,0.00018
quadratic_input,3000,dev,8,4096,4087,4090,32756,32768,0.997802734375,0.9958290482073086,0.9988435607118235,0.99853515625,0.9968075986857966,0.9993284814578364,0.9996337890625,0.009904219870983333,0.00018
quadratic_input,3000,dev,9,4096,4074,4080,36836,36864,0.99462890625,0.9918806406223304,0.9964502596572975,0.99609375,0.9936637657680687,0.9975940769605611,0.9992404513888888,0.018462379883399826,0.00018
quadratic_input,3000,dev,10,4096,4041,4052,40888,40960,0.986572265625,0.9825638389733109,0.9896688778368068,0.9892578125,0.9856107816089336,0.9919879963576875,0.9982421875,0.03201107621656174,0.00018
quadratic_input,3000,dev,11,4096,3999,4019,44907,45056,0.976318359375,0.9711962850581976,0.9805478346089073,0.981201171875,0.9765686419356131,0.9849319525614978,0.9966930042613636,0.0579470541635434,0.00018
quadratic_input,3000,dev,12,4096,3905,3941,48848,49152,0.953369140625,0.9464763369080933,0.9594123510579824,0.962158203125,0.9558683230202784,0.9675820196398083,0.9938151041666666,0.10671240221251033,0.00018
quadratic_input,3000,ood_dev,1,4096,4096,4096,4096,4096,1.0,0.9990630225926348,0.9999999999999999,1.0,0.9990630225926348,0.9999999999999999,1.0,0.00018810141337688435,0.00018
quadratic_input,3000,ood_dev,2,4096,4096,4096,8192,8192,1.0,0.9990630225926348,0.9999999999999999,1.0,0.9990630225926348,0.9999999999999999,1.0,0.00032974289789322597,0.00018
quadratic_input,3000,ood_dev,3,4096,4096,4096,12288,12288,1.0,0.9990630225926348,0.9999999999999999,1.0,0.9990630225926348,0.9999999999999999,1.0,0.0005702058663814569,0.00018
quadratic_input,3000,ood_dev,4,4096,4096,4096,16384,16384,1.0,0.9990630225926348,0.9999999999999999,1.0,0.9990630225926348,0.9999999999999999,1.0,0.0010305814146178705,0.00018
quadratic_input,3000,ood_dev,5,4096,4096,4096,20480,20480,1.0,0.9990630225926348,0.9999999999999999,1.0,0.9990630225926348,0.9999999999999999,1.0,0.0021486142073268155,0.00018
quadratic_input,3000,ood_dev,6,4096,4094,4094,24574,24576,0.99951171875,0.9982212896544476,0.9998660854551866,0.99951171875,0.9982212896544476,0.9998660854551866,0.9999186197916666,0.0038629917909309697,0.00018
quadratic_input,3000,ood_dev,7,4096,4090,4090,28664,28672,0.99853515625,0.9968075986857966,0.9993284814578364,0.99853515625,0.9968075986857966,0.9993284814578364,0.9997209821428571,0.008302278020801523,0.00018
quadratic_input,3000,ood_dev,8,4096,4076,4078,32742,32768,0.9951171875,0.9924697076331114,0.9968368401295172,0.99560546875,0.9930638103960733,0.9972183848495558,0.99920654296875,0.014546952550658077,0.00018
quadratic_input,3000,ood_dev,9,4096,4052,4062,36804,36864,0.9892578125,0.9856107816089336,0.9919879963576875,0.99169921875,0.9884233098915096,0.9940537054901146,0.9983723958333334,0.02463731051753193,0.00018
quadratic_input,3000,ood_dev,10,4096,4026,4044,40848,40960,0.98291015625,0.9784647020408669,0.9864506586467462,0.9873046875,0.9833908284717333,0.9903053595628853,0.997265625,0.04197682711595441,0.00018
quadratic_input,3000,ood_dev,11,4096,3981,4010,44858,45056,0.971923828125,0.9664058535023272,0.976557438817772,0.97900390625,0.9741435999816663,0.9829665808419419,0.99560546875,0.06529824965701891,0.00018
quadratic_input,3000,ood_dev,12,4096,3885,3933,48791,49152,0.948486328125,0.941286924101402,0.9548452890346674,0.960205078125,0.9537747892075905,0.9657729635204937,0.9926554361979166,0.10942057346461098,0.00018
quadratic_input,3000,ood_dev,13,4096,2575,2645,51436,53248,0.628662109375,0.613751416646233,0.6433316951244303,0.645751953125,0.6309744101249366,0.6602563635507483,0.9659705528846154,1.643944154263119,0.00018
quadratic_input,3000,ood_dev,14,4096,538,690,52126,57344,0.13134765625,0.1213478263716104,0.14203832396292154,0.16845703125,0.1573069812838624,0.18022837775871664,0.9090053013392857,5.755095054873404,0.00018
quadratic_input,3000,ood_dev,15,4096,51,186,52312,61440,0.012451171875,0.009483101104023409,0.016332887119857586,0.04541015625,0.03944879745397491,0.05222339587244794,0.8514322916666667,7.161802021475552,0.00018
quadratic_input,3000,ood_dev,16,4096,5,96,52408,65536,0.001220703125,0.0005215205909937573,0.0028545755238729804,0.0234375,0.019231598990288437,0.028536457601106506,0.7996826171875,7.096911777409844,0.00018
quadratic_input,3000,ood_dev,17,4096,0,74,52482,69632,0.0,0.0,0.0009369774073651883,0.01806640625,0.014416028944668636,0.02261990533371949,0.7537051930147058,7.112621440379598,0.00018
quadratic_input,3000,ood_dev,18,4096,0,64,52546,73728,0.0,0.0,0.0009369774073651883,0.015625,0.012255565007829483,0.01990213185555554,0.7127007378472222,7.26019418100077,0.00018
quadratic_input,3000,ood_dev,19,4096,0,73,52619,77824,0.0,0.0,0.0009369774073651883,0.017822265625,0.014199063362519719,0.022349047174368093,0.6761281866776315,7.414139381773566,0.00018
quadratic_input,3000,ood_dev,20,4096,0,79,52698,81920,0.0,0.0,0.0009369774073651883,0.019287109375,0.015503626084669948,0.023971426901219724,0.6432861328125,7.70965002777848,0.00018
quadratic_input,3000,ood_dev,21,4096,0,66,52764,86016,0.0,0.0,0.0009369774073651883,0.01611328125,0.01268594169611479,0.020447402650270854,0.6134207589285714,8.108053130891676,0.00018
quadratic_input,3000,ood_dev,22,4096,0,58,52822,90112,0.0,0.0,0.0009369774073651883,0.01416015625,0.010970229851119503,0.018260524563263665,0.586181640625,8.474052769448463,0.00018
quadratic_input,3000,ood_dev,23,4096,0,67,52889,94208,0.0,0.0,0.0009369774073651883,0.016357421875,0.012901468019013623,0.020719700068872332,0.5614066745923914,8.806988837996869,0.00018
quadratic_input,3000,ood_dev,24,4096,0,63,52952,98304,0.0,0.0,0.0009369774073651883,0.015380859375,0.012040724876904885,0.019629148244979834,0.5386555989583334,9.209101852504546,0.00018
quadratic_input,3000,ood_dev,25,4096,0,64,53016,102400,0.0,0.0,0.0009369774073651883,0.015625,0.012255565007829483,0.01990213185555554,0.517734375,9.52448052315549,0.00018
quadratic_input,3000,ood_dev,26,4096,0,64,53080,106496,0.0,0.0,0.0009369774073651883,0.015625,0.012255565007829483,0.01990213185555554,0.49842247596153844,10.024470755100538,0.00018
quadratic_input,3000,ood_dev,27,4096,0,64,53144,110592,0.0,0.0,0.0009369774073651883,0.015625,0.012255565007829483,0.01990213185555554,0.48054108796296297,10.377274444108707,0.00018
quadratic_input,3000,ood_dev,28,4096,0,64,53208,114688,0.0,0.0,0.0009369774073651883,0.015625,0.012255565007829483,0.01990213185555554,0.4639369419642857,10.951748636963657,0.00018
quadratic_input,3000,ood_dev,29,4096,0,60,53268,118784,0.0,0.0,0.0009369774073651883,0.0146484375,0.01139766303294143,0.018808738864442356,0.4484442349137931,11.35263816904694,0.00018
quadratic_input,3000,ood_dev,30,4096,0,70,53338,122880,0.0,0.0,0.0009369774073651883,0.01708984375,0.0135493413532538,0.021535297959133087,0.43406575520833335,11.955348504012534,0.00018
quadratic_input,3000,ood_dev,31,4096,0,72,53410,126976,0.0,0.0,0.0009369774073651883,0.017578125,0.013982290939508705,0.022077995855878798,0.42063067036290325,12.462416605267777,0.00018
quadratic_input,3000,ood_dev,32,4096,0,55,53465,131072,0.0,0.0,0.0009369774073651883,0.013427734375,0.010331122163193216,0.017436161026689018,0.40790557861328125,13.06339501098148,0.00018
quadratic_input,3000,ood_dev,33,4096,0,78,53543,135168,0.0,0.0,0.0009369774073651883,0.01904296875,0.01528574904596704,0.023701480198422328,0.3961218631628788,13.479254650546409,0.00018
quadratic_input,3000,ood_dev,34,4096,0,76,53619,139264,0.0,0.0,0.0009369774073651883,0.0185546875,0.014850524581988338,0.02316105717940041,0.38501694623161764,13.850085098013892,0.00018
quadratic_input,3000,ood_dev,35,4096,0,69,53688,143360,0.0,0.0,0.0009369774073651883,0.016845703125,0.013333172427690648,0.02126364314319593,0.37449776785714284,14.224058790556228,0.00018
quadratic_input,3000,ood_dev,36,4096,0,77,53765,147456,0.0,0.0,0.0009369774073651883,0.018798828125,0.01506804743850219,0.023431358064386867,0.3646172417534722,14.461065348528138,0.00018
quadratic_input,3500,dev,1,4096,4096,4096,4096,4096,1.0,0.9990630225926348,0.9999999999999999,1.0,0.9990630225926348,0.9999999999999999,1.0,0.00013739459265416087,0.00024500000000000005
quadratic_input,3500,dev,2,4096,4096,4096,8192,8192,1.0,0.9990630225926348,0.9999999999999999,1.0,0.9990630225926348,0.9999999999999999,1.0,0.00027131421914905474,0.00024500000000000005
quadratic_input,3500,dev,3,4096,4096,4096,12288,12288,1.0,0.9990630225926348,0.9999999999999999,1.0,0.9990630225926348,0.9999999999999999,1.0,0.000533665778424286,0.00024500000000000005
quadratic_input,3500,dev,4,4096,4096,4096,16384,16384,1.0,0.9990630225926348,0.9999999999999999,1.0,0.9990630225926348,0.9999999999999999,1.0,0.0010241014946723581,0.00024500000000000005
quadratic_input,3500,dev,5,4096,4096,4096,20480,20480,1.0,0.9990630225926348,0.9999999999999999,1.0,0.9990630225926348,0.9999999999999999,1.0,0.0021415199993271017,0.00024500000000000005
quadratic_input,3500,dev,6,4096,4093,4093,24573,24576,0.999267578125,0.9978486714629491,0.9997508799051849,0.999267578125,0.9978486714629491,0.9997508799051849,0.9998779296875,0.004262213496265765,0.00024500000000000005
quadratic_input,3500,dev,7,4096,4082,4084,28657,28672,0.99658203125,0.9942706398960515,0.9979628503155791,0.9970703125,0.9948858699188933,0.9983232677757378,0.9994768415178571,0.011790559319242,0.00024500000000000005
quadratic_input,3500,dev,8,4096,4071,4075,32732,32768,0.993896484375,0.9910051126562461,0.995862316398881,0.994873046875,0.9921745882319427,0.9966441357891856,0.9989013671875,0.018561196712329142,0.00024500000000000005
quadratic_input,3500,dev,9,4096,4045,4053,36785,36864,0.987548828125,0.9836671128801424,0.9905168988959765,0.989501953125,0.9858899643168433,0.9921966373912783,0.9978569878472222,0.03427487382880301,0.00024500000000000005
quadratic_input,3500,dev,10,4096,4012,4032,40817,40960,0.9794921875,0.9746813618391824,0.9834044664674263,0.984375,0.9800978681444444,0.9877444349921706,0.9965087890625,0.05320888679509839,0.00024500000000000005
quadratic_input,3500,dev,11,4096,3939,3969,44786,45056,0.961669921875,0.9553445608690955,0.9671301343079907,0.968994140625,0.9632307842127183,0.973878623209377,0.9940074573863636,0.08078617053003789,0.00024500000000000005
quadratic_input,3500,dev,12,4096,3868,3923,48709,49152,0.9443359375,0.9368892357284203,0.9509499738021437,0.957763671875,0.951163293350015,0.9635062219630662,0.9909871419270834,0.12417665583674786,0.00024500000000000005
quadratic_input,3500,ood_dev,1,4096,4096,4096,4096,4096,1.0,0.9990630225926348,0.9999999999999999,1.0,0.9990630225926348,0.9999999999999999,1.0,0.00013910849343723442,0.00024500000000000005
quadratic_input,3500,ood_dev,2,4096,4096,4096,8192,8192,1.0,0.9990630225926348,0.9999999999999999,1.0,0.9990630225926348,0.9999999999999999,1.0,0.0002667251051589048,0.00024500000000000005
quadratic_input,3500,ood_dev,3,4096,4096,4096,12288,12288,1.0,0.9990630225926348,0.9999999999999999,1.0,0.9990630225926348,0.9999999999999999,1.0,0.0004922855764766254,0.00024500000000000005
quadratic_input,3500,ood_dev,4,4096,4096,4096,16384,16384,1.0,0.9990630225926348,0.9999999999999999,1.0,0.9990630225926348,0.9999999999999999,1.0,0.0009494199993467234,0.00024500000000000005
quadratic_input,3500,ood_dev,5,4096,4093,4093,20477,20480,0.999267578125,0.9978486714629491,0.9997508799051849,0.999267578125,0.9978486714629491,0.9997508799051849,0.999853515625,0.0026832400373244525,0.00024500000000000005
quadratic_input,3500,ood_dev,6,4096,4090,4090,24567,24576,0.99853515625,0.9968075986857966,0.9993284814578364,0.99853515625,0.9968075986857966,0.9993284814578364,0.9996337890625,0.006029059515288537,0.00024500000000000005
quadratic_input,3500,ood_dev,7,4096,4080,4081,28648,28672,0.99609375,0.9936637657680687,0.9975940769605611,0.996337890625,0.9939662587473084,0.9977794077228217,0.9991629464285714,0.013577999479092107,0.00024500000000000005
quadratic_input,3500,ood_dev,8,4096,4063,4065,32713,32768,0.991943359375,0.9887074354065306,0.9942574037165939,0.992431640625,0.9892775496501616,0.9946629369559636,0.998321533203125,0.022828817472582585,0.00024500000000000005
quadratic_input,3500,ood_dev,9,4096,4042,4051,36764,36864,0.98681640625,0.9828391999625007,0.9898813405891173,0.989013671875,0.9853320021138738,0.991778952111247,0.9972873263888888,0.038068273233261785,0.00024500000000000005
quadratic_input,3500,ood_dev,10,4096,3996,4011,40775,40960,0.9755859375,0.970395272680658,0.9798853757619459,0.979248046875,0.974412403486461,0.9831856010786475,0.9954833984375,0.062154607728683864,0.00024500000000000005
quadratic_input,3500,ood_dev,11,4096,3934,3968,44743,45056,0.96044921875,0.9540362633072799,0.9659993131623048,0.96875,0.9629667829716362,0.9736548007089589,0.9930530894886364,0.08823375425960922,0.00024500000000000005
quadratic_input,3500,ood_dev,12,4096,3848,3907,48650,49152,0.939453125,0.9317293423030818,0.9463533923974762,0.953857421875,0.9469962963333816,0.9598680391156946,0.9897867838541666,0.12736938860986058,0.00024500000000000005
quadratic_input,3500,ood_dev,13,4096,3034,3143,51793,53248,0.74072265625,0.7270807032767356,0.75391350584257,0.767333984375,0.7541473591557158,0.7800196377871235,0.9726750300480769,0.9909699797701013,0.00024500000000000005
quadratic_input,3500,ood_dev,14,4096,724,828,52621,57344,0.1767578125,0.1653801215596772,0.18874124469391237,0.2021484375,0.19013126750509637,0.21472376786452543,0.9176374162946429,6.2087831757040295,0.00024500000000000005
quadratic_input,3500,ood_dev,15,4096,77,198,52819,61440,0.018798828125,0.01506804743850219,0.023431358064386867,0.04833984375,0.04218406026026596,0.055342017964160606,0.8596842447916667,8.581707468339637,0.00024500000000000005
quadratic_input,3500,ood_dev,16,4096,3,85,52904,65536,0.000732421875,0.0002491200948151938,0.0021513285370509242,0.020751953125,0.016814398921352457,0.02558759651353908,0.8072509765625,8.623058631844884,0.00024500000000000005
quadratic_input,3500,ood_dev,17,4096,0,74,52978,69632,0.0,0.0,0.0009369774073651883,0.01806640625,0.014416028944668636,0.02261990533371949,0.7608283547794118,8.668126076344606,0.00024500000000000005
quadratic_input,3500,ood_dev,18,4096,0,69,53047,73728,0.0,0.0,0.0009369774073651883,0.016845703125,0.013333172427690648,0.02126364314319593,0.7194959852430556,8.676916807618,0.00024500000000000005
quadratic_input,3500,ood_dev,19,4096,0,72,53119,77824,0.0,0.0,0.0009369774073651883,0.017578125,0.013982290939508705,0.022077995855878798,0.6825529399671053,8.833104309352507,0.00024500000000000005
quadratic_input,3500,ood_dev,20,4096,0,75,53194,81920,0.0,0.0,0.0009369774073651883,0.018310546875,0.014633183903943853,0.022890574115944584,0.6493408203125,9.087867623342618,0.00024500000000000005
quadratic_input,3500,ood_dev,21,4096,0,74,53268,86016,0.0,0.0,0.0009369774073651883,0.01806640625,0.014416028944668636,0.02261990533371949,0.6192801339285714,9.558165785723759,0.00024500000000000005
quadratic_input,3500,ood_dev,22,4096,0,68,53336,90112,0.0,0.0,0.0009369774073651883,0.0166015625,0.013117213150496153,0.020991778678890113,0.5918856534090909,10.112876100009089,0.00024500000000000005
quadratic_input,3500,ood_dev,23,4096,0,68,53404,94208,0.0,0.0,0.0009369774073651883,0.0166015625,0.013117213150496153,0.020991778678890113,0.5668733016304348,10.64622799913343,0.00024500000000000005
quadratic_input,3500,ood_dev,24,4096,0,64,53468,98304,0.0,0.0,0.0009369774073651883,0.015625,0.012255565007829483,0.01990213185555554,0.5439046223958334,11.258242890719657,0.00024500000000000005
quadratic_input,3500,ood_dev,25,4096,0,61,53529,102400,0.0,0.0,0.0009369774073651883,0.014892578125,0.011611768142410793,0.019082457496473304,0.522744140625,11.833021906964973,0.00024500000000000005
quadratic_input,3500,ood_dev,26,4096,0,76,53605,106496,0.0,0.0,0.0009369774073651883,0.0185546875,0.014850524581988338,0.02316105717940041,0.5033522385817307,12.5640439873074,0.00024500000000000005
quadratic_input,3500,ood_dev,27,4096,0,58,53663,110592,0.0,0.0,0.0009369774073651883,0.01416015625,0.010970229851119503,0.018260524563263665,0.4852340133101852,13.064382389937421,0.00024500000000000005
quadratic_input,3500,ood_dev,28,4096,0,68,53731,114688,0.0,0.0,0.0009369774073651883,0.0166015625,0.013117213150496153,0.020991778678890113,0.4684971400669643,13.590009221420075,0.00024500000000000005
quadratic_input,3500,ood_dev,29,4096,0,67,53798,118784,0.0,0.0,0.0009369774073651883,0.016357421875,0.012901468019013623,0.020719700068872332,0.45290611530172414,13.937176736251047,0.00024500000000000005
quadratic_input,3500,ood_dev,30,4096,0,80,53878,122880,0.0,0.0,0.0009369774073651883,0.01953125,0.015721675338006252,0.02424120138938373,0.43846028645833335,14.332732217223793,0.00024500000000000005
quadratic_input,3500,ood_dev,31,4096,0,52,53930,126976,0.0,0.0,0.0009369774073651883,0.0126953125,0.009694640437114613,0.016609171528266693,0.42472593245967744,14.835711330327442,0.00024500000000000005
quadratic_input,3500,ood_dev,32,4096,0,66,53996,131072,0.0,0.0,0.0009369774073651883,0.01611328125,0.01268594169611479,0.020447402650270854,0.411956787109375,15.219300435217974,0.00024500000000000005
quadratic_input,3500,ood_dev,33,4096,0,69,54065,135168,0.0,0.0,0.0009369774073651883,0.016845703125,0.013333172427690648,0.02126364314319593,0.3999837239583333,15.36762516144006,0.00024500000000000005
quadratic_input,3500,ood_dev,34,4096,0,65,54130,139264,0.0,0.0,0.0009369774073651883,0.015869140625,0.012470639018872916,0.020174881586012418,0.3886862362132353,15.635578533399581,0.00024500000000000005
quadratic_input,3500,ood_dev,35,4096,0,57,54187,143360,0.0,0.0,0.0009369774073651883,0.013916015625,0.01075691476118927,0.017986015911693586,0.377978515625,15.68271035756166,0.00024500000000000005
quadratic_input,3500,ood_dev,36,4096,0,82,54269,147456,0.0,0.0,0.0009369774073651883,0.02001953125,0.01615827811132198,0.024780246099068624,0.3680352105034722,15.765999337879784,0.00024500000000000005
quadratic_input,4000,dev,1,4096,4096,4096,4096,4096,1.0,0.9990630225926348,0.9999999999999999,1.0,0.9990630225926348,0.9999999999999999,1.0,7.709241122721977e-05,0.00032
quadratic_input,4000,dev,2,4096,4096,4096,8192,8192,1.0,0.9990630225926348,0.9999999999999999,1.0,0.9990630225926348,0.9999999999999999,1.0,0.00013456842697845417,0.00032
quadratic_input,4000,dev,3,4096,4096,4096,12288,12288,1.0,0.9990630225926348,0.9999999999999999,1.0,0.9990630225926348,0.9999999999999999,1.0,0.00027252930054766367,0.00032
quadratic_input,4000,dev,4,4096,4096,4096,16384,16384,1.0,0.9990630225926348,0.9999999999999999,1.0,0.9990630225926348,0.9999999999999999,1.0,0.0005850458508755985,0.00032
quadratic_input,4000,dev,5,4096,4096,4096,20480,20480,1.0,0.9990630225926348,0.9999999999999999,1.0,0.9990630225926348,0.9999999999999999,1.0,0.001245105967322857,0.00032
quadratic_input,4000,dev,6,4096,4094,4094,24574,24576,0.99951171875,0.9982212896544476,0.9998660854551866,0.99951171875,0.9982212896544476,0.9998660854551866,0.9999186197916666,0.003003684586317945,0.00032
quadratic_input,4000,dev,7,4096,4087,4088,28662,28672,0.997802734375,0.9958290482073086,0.9988435607118235,0.998046875,0.9961504506055915,0.9990099820550408,0.9996512276785714,0.008226592144977118,0.00032
quadratic_input,4000,dev,8,4096,4079,4080,32742,32768,0.995849609375,0.9933629968413301,0.9974070221457995,0.99609375,0.9936637657680687,0.9975940769605611,0.99920654296875,0.014777222252881916,0.00032
quadratic_input,4000,dev,9,4096,4052,4054,36796,36864,0.9892578125,0.9856107816089336,0.9919879963576875,0.98974609375,0.9861695639225535,0.9924048615270683,0.9981553819444444,0.030499105828832196,0.00032
quadratic_input,4000,dev,10,4096,4016,4028,40824,40960,0.98046875,0.9757587986106162,0.9842783246619937,0.9833984375,0.9790082213211099,0.9868827868495039,0.9966796875,0.05297734654104813,0.00032
quadratic_input,4000,dev,11,4096,3950,3980,44804,45056,0.96435546875,0.9582285450750817,0.9696122112585078,0.9716796875,0.9661407428071721,0.9763347257714267,0.9944069602272727,0.08231391599787763,0.00032
quadratic_input,4000,dev,12,4096,3875,3925,48729,49152,0.946044921875,0.9386986636872588,0.9525553120338074,0.958251953125,0.9516851324633817,0.9639600303327001,0.99139404296875,0.12184604289047396,0.00032
quadratic_input,4000,ood_dev,1,4096,4096,4096,4096,4096,1.0,0.9990630225926348,0.9999999999999999,1.0,0.9990630225926348,0.9999999999999999,1.0,7.735287191934503e-05,0.00032
quadratic_input,4000,ood_dev,2,4096,4096,4096,8192,8192,1.0,0.9990630225926348,0.9999999999999999,1.0,0.9990630225926348,0.9999999999999999,1.0,0.00013216577689245668,0.00032
quadratic_input,4000,ood_dev,3,4096,4096,4096,12288,12288,1.0,0.9990630225926348,0.9999999999999999,1.0,0.9990630225926348,0.9999999999999999,1.0,0.0002938362426889718,0.00032
quadratic_input,4000,ood_dev,4,4096,4096,4096,16384,16384,1.0,0.9990630225926348,0.9999999999999999,1.0,0.9990630225926348,0.9999999999999999,1.0,0.0006370953243366451,0.00032
quadratic_input,4000,ood_dev,5,4096,4095,4095,20479,20480,0.999755859375,0.9986182969663738,0.9999569018847606,0.999755859375,0.9986182969663738,0.9999569018847606,0.999951171875,0.0014785194936819401,0.00032
quadratic_input,4000,ood_dev,6,4096,4095,4096,24575,24576,0.999755859375,0.9986182969663738,0.9999569018847606,1.0,0.9990630225926348,0.9999999999999999,0.9999593098958334,0.002511142652885656,0.00032
quadratic_input,4000,ood_dev,7,4096,4092,4093,28668,28672,0.9990234375,0.9974915571936952,0.9996201704329383,0.999267578125,0.9978486714629491,0.9997508799051849,0.9998604910714286,0.005874401640601601,0.00032
quadratic_input,4000,ood_dev,8,4096,4080,4082,32750,32768,0.99609375,0.9936637657680687,0.9975940769605611,0.99658203125,0.9942706398960515,0.9979628503155791,0.99945068359375,0.01219396365519243,0.00032
quadratic_input,4000,ood_dev,9,4096,4053,4059,36809,36864,0.989501953125,0.9858899643168433,0.9921966373912783,0.990966796875,0.9875743543279273,0.993439189829196,0.9985080295138888,0.025143235500652672,0.00032
quadratic_input,4000,ood_dev,10,4096,4008,4022,40831,40960,0.978515625,0.973606447163245,0.9825280861773625,0.98193359375,0.9773800946662805,0.9855839710553314,0.9968505859375,0.047470494113516004,0.00032
quadratic_input,4000,ood_dev,11,4096,3952,3984,44815,45056,0.96484375,0.9587538013451912,0.9700626024713991,0.97265625,0.9672017903723954,0.9772249731722046,0.9946511008522727,0.07969176443851245,0.00032
quadratic_input,4000,ood_dev,12,4096,3854,3922,48737,49152,0.94091796875,0.9332758337542256,0.9477338433953341,0.95751953125,0.9509024574310025,0.9632792341405783,0.9915568033854166,0.11591020665165219,0.00032
quadratic_input,4000,ood_dev,13,4096,2006,2077,50814,53248,0.48974609375,0.4744538738280325,0.5050575290289545,0.507080078125,0.4917699339515416,0.5223769545519674,0.9542893629807693,3.3614951518419742,0.00032
quadratic_input,4000,ood_dev,14,4096,280,410,51224,57344,0.068359375,0.061028422391329204,0.07649920263612277,0.10009765625,0.09127770733442592,0.10966700408806634,0.8932756696428571,9.952918097832853,0.00032
quadratic_input,4000,ood_dev,15,4096,20,130,51354,61440,0.0048828125,0.0031631598704827783,0.007530292366888611,0.03173828125,0.026793100257844867,0.03756096354456061,0.83583984375,11.95964674696149,0.00032
quadratic_input,4000,ood_dev,16,4096,0,75,51429,65536,0.0,0.0,0.0009369774073651883,0.018310546875,0.014633183903943853,0.022890574115944584,0.7847442626953125,11.746821125038423,0.00032
quadratic_input,4000,ood_dev,17,4096,0,68,51497,69632,0.0,0.0,0.0009369774073651883,0.0166015625,0.013117213150496153,0.020991778678890113,0.7395593979779411,11.287482543638077,0.00032
quadratic_input,4000,ood_dev,18,4096,0,86,51583,73728,0.0,0.0,0.0009369774073651883,0.02099609375,0.017033419158058095,0.025856400018333753,0.6996392144097222,10.941067965827415,0.00032
quadratic_input,4000,ood_dev,19,4096,0,71,51654,77824,0.0,0.0,0.0009369774073651883,0.017333984375,0.01376571558724534,0.02180674746664186,0.6637284128289473,10.952475133261146,0.00032
quadratic_input,4000,ood_dev,20,4096,0,75,51729,81920,0.0,0.0,0.0009369774073651883,0.018310546875,0.014633183903943853,0.022890574115944584,0.63145751953125,11.067107785703598,0.00032
quadratic_input,4000,ood_dev,21,4096,0,80,51809,86016,0.0,0.0,0.0009369774073651883,0.01953125,0.015721675338006252,0.02424120138938373,0.6023181733630952,11.474206099752678,0.00032
quadratic_input,4000,ood_dev,22,4096,0,64,51873,90112,0.0,0.0,0.0009369774073651883,0.015625,0.012255565007829483,0.01990213185555554,0.5756503018465909,11.952366238671573,0.00032
quadratic_input,4000,ood_dev,23,4096,0,74,51947,94208,0.0,0.0,0.0009369774073651883,0.01806640625,0.014416028944668636,0.02261990533371949,0.551407523777174,12.298028442240508,0.00032
quadratic_input,4000,ood_dev,24,4096,0,71,52018,98304,0.0,0.0,0.0009369774073651883,0.017333984375,0.01376571558724534,0.02180674746664186,0.5291544596354166,12.78136584362386,0.00032
quadratic_input,4000,ood_dev,25,4096,0,73,52091,102400,0.0,0.0,0.0009369774073651883,0.017822265625,0.014199063362519719,0.022349047174368093,0.508701171875,13.145480320660369,0.00032
quadratic_input,4000,ood_dev,26,4096,0,72,52163,106496,0.0,0.0,0.0009369774073651883,0.017578125,0.013982290939508705,0.022077995855878798,0.4898118239182692,13.606185596524462,0.00032
quadratic_input,4000,ood_dev,27,4096,0,55,52218,110592,0.0,0.0,0.0009369774073651883,0.013427734375,0.010331122163193216,0.017436161026689018,0.47216796875,13.708644345069345,0.00032
quadratic_input,4000,ood_dev,28,4096,0,69,52287,114688,0.0,0.0,0.0009369774073651883,0.016845703125,0.013333172427690648,0.02126364314319593,0.45590645926339285,14.12733687293732,0.00032
quadratic_input,4000,ood_dev,29,4096,0,69,52356,118784,0.0,0.0,0.0009369774073651883,0.016845703125,0.013333172427690648,0.02126364314319593,0.4407664331896552,14.291714645129986,0.00032
quadratic_input,4000,ood_dev,30,4096,0,82,52438,122880,0.0,0.0,0.0009369774073651883,0.02001953125,0.01615827811132198,0.024780246099068624,0.42674153645833335,14.392438335199458,0.00032
quadratic_input,4000,ood_dev,31,4096,0,71,52509,126976,0.0,0.0,0.0009369774073651883,0.017333984375,0.01376571558724534,0.02180674746664186,0.4135348412298387,14.680593385670086,0.00032
quadratic_input,4000,ood_dev,32,4096,0,67,52576,131072,0.0,0.0,0.0009369774073651883,0.016357421875,0.012901468019013623,0.020719700068872332,0.401123046875,14.896144629046702,0.00032
quadratic_input,4000,ood_dev,33,4096,0,67,52643,135168,0.0,0.0,0.0009369774073651883,0.016357421875,0.012901468019013623,0.020719700068872332,0.3894634824810606,14.988539463145937,0.00032
quadratic_input,4000,ood_dev,34,4096,0,69,52712,139264,0.0,0.0,0.0009369774073651883,0.016845703125,0.013333172427690648,0.02126364314319593,0.37850413602941174,15.148606648142447,0.00032
quadratic_input,4000,ood_dev,35,4096,0,71,52783,143360,0.0,0.0,0.0009369774073651883,0.017333984375,0.01376571558724534,0.02180674746664186,0.3681849888392857,15.210736215371895,0.00032
quadratic_input,4000,ood_dev,36,4096,0,71,52854,147456,0.0,0.0,0.0009369774073651883,0.017333984375,0.01376571558724534,0.02180674746664186,0.3584391276041667,15.174414005136306,0.00032
quadratic_input,4500,dev,1,4096,4096,4096,4096,4096,1.0,0.9990630225926348,0.9999999999999999,1.0,0.9990630225926348,0.9999999999999999,1.0,6.540854429459841e-05,0.000405
quadratic_input,4500,dev,2,4096,4096,4096,8192,8192,1.0,0.9990630225926348,0.9999999999999999,1.0,0.9990630225926348,0.9999999999999999,1.0,0.00010970391052689266,0.000405
quadratic_input,4500,dev,3,4096,4096,4096,12288,12288,1.0,0.9990630225926348,0.9999999999999999,1.0,0.9990630225926348,0.9999999999999999,1.0,0.00019236892910834413,0.000405
quadratic_input,4500,dev,4,4096,4096,4096,16384,16384,1.0,0.9990630225926348,0.9999999999999999,1.0,0.9990630225926348,0.9999999999999999,1.0,0.00041648236351932155,0.000405
quadratic_input,4500,dev,5,4096,4096,4096,20480,20480,1.0,0.9990630225926348,0.9999999999999999,1.0,0.9990630225926348,0.9999999999999999,1.0,0.0009763866718368597,0.000405
quadratic_input,4500,dev,6,4096,4094,4094,24574,24576,0.99951171875,0.9982212896544476,0.9998660854551866,0.99951171875,0.9982212896544476,0.9998660854551866,0.9999186197916666,0.0029506663122234045,0.000405
quadratic_input,4500,dev,7,4096,4094,4095,28669,28672,0.99951171875,0.9982212896544476,0.9998660854551866,0.999755859375,0.9986182969663738,0.9999569018847606,0.9998953683035714,0.0036077549384678775,0.000405
quadratic_input,4500,dev,8,4096,4090,4091,32760,32768,0.99853515625,0.9968075986857966,0.9993284814578364,0.998779296875,0.997145424476127,0.9994784794090062,0.999755859375,0.007441734212354945,0.000405
quadratic_input,4500,dev,9,4096,4080,4083,36843,36864,0.99609375,0.9936637657680687,0.9975940769605611,0.996826171875,0.9945771012522003,0.9981442127009305,0.9994303385416666,0.011586167038878159,0.000405
quadratic_input,4500,dev,10,4096,4058,4066,40909,40960,0.99072265625,0.987292434466316,0.993233285949307,0.99267578125,0.9895635962243474,0.994864714123278,0.9987548828125,0.01909727935943817,0.000405
quadratic_input,4500,dev,11,4096,4041,4052,44961,45056,0.986572265625,0.9825638389733109,0.9896688778368068,0.9892578125,0.9856107816089336,0.9919879963576875,0.9978915127840909,0.0330141374299564,0.000405
quadratic_input,4500,dev,12,4096,3987,4008,48969,49152,0.973388671875,0.9679986619577605,0.9778915728113404,0.978515625,0.973606447163245,0.9825280861773625,0.99627685546875,0.05906167040900234,0.000405
quadratic_input,4500,ood_dev,1,4096,4096,4096,4096,4096,1.0,0.9990630225926348,0.9999999999999999,1.0,0.9990630225926348,0.9999999999999999,1.0,6.478686098443376e-05,0.000405
quadratic_input,4500,ood_dev,2,4096,4096,4096,8192,8192,1.0,0.9990630225926348,0.9999999999999999,1.0,0.9990630225926348,0.9999999999999999,1.0,0.00010497877560800006,0.000405
quadratic_input,4500,ood_dev,3,4096,4096,4096,12288,12288,1.0,0.9990630225926348,0.9999999999999999,1.0,0.9990630225926348,0.9999999999999999,1.0,0.00019792419415898266,0.000405
quadratic_input,4500,ood_dev,4,4096,4096,4096,16384,16384,1.0,0.9990630225926348,0.9999999999999999,1.0,0.9990630225926348,0.9999999999999999,1.0,0.00040363574426782733,0.000405
quadratic_input,4500,ood_dev,5,4096,4096,4096,20480,20480,1.0,0.9990630225926348,0.9999999999999999,1.0,0.9990630225926348,0.9999999999999999,1.0,0.0007974890878141849,0.000405
quadratic_input,4500,ood_dev,6,4096,4095,4095,24575,24576,0.999755859375,0.9986182969663738,0.9999569018847606,0.999755859375,0.9986182969663738,0.9999569018847606,0.9999593098958334,0.0014409507812871425,0.000405
quadratic_input,4500,ood_dev,7,4096,4095,4096,28671,28672,0.999755859375,0.9986182969663738,0.9999569018847606,1.0,0.9990630225926348,0.9999999999999999,0.9999651227678571,0.0024110030772312996,0.000405
quadratic_input,4500,ood_dev,8,4096,4091,4092,32763,32768,0.998779296875,0.997145424476127,0.9994784794090062,0.9990234375,0.9974915571936952,0.9996201704329383,0.999847412109375,0.005250075684157363,0.000405
quadratic_input,4500,ood_dev,9,4096,4083,4086,36849,36864,0.996826171875,0.9945771012522003,0.9981442127009305,0.99755859375,0.9955114747539533,0.9986733104236785,0.9995930989583334,0.010883354806802803,0.000405
quadratic_input,4500,ood_dev,10,4096,4062,4068,40917,40960,0.99169921875,0.9884233098915096,0.9940537054901146,0.9931640625,0.9901378308615215,0.9952661269691047,0.9989501953125,0.018439678114980484,0.000405
quadratic_input,4500,ood_dev,11,4096,4030,4040,44957,45056,0.98388671875,0.9795525973497291,0.9873140583038852,0.986328125,0.9822887695283722,0.9894561235402453,0.997802734375,0.036308848718543896,0.000405
quadratic_input,4500,ood_dev,12,4096,3973,4003,48960,49152,0.969970703125,0.964287665331574,0.9747730370565226,0.977294921875,0.9722661011607102,0.9814293134723958,0.99609375,0.06475686011776594,0.000405
quadratic_input,4500,ood_dev,13,4096,1895,1929,50889,53248,0.462646484375,0.44741916985642305,0.4779437976940295,0.470947265625,0.4556952784212732,0.4862536963401899,0.9556978665865384,3.9564061532833783,0.000405
quadratic_input,4500,ood_dev,14,4096,257,381,51270,57344,0.062744140625,0.055719528675085485,0.07058815029785935,0.093017578125,0.0844998214531925,0.10229800146579078,0.8940778459821429,10.758252195474906,0.000405
quadratic_input,4500,ood_dev,15,4096,20,140,51410,61440,0.0048828125,0.0031631598704827783,0.007530292366888611,0.0341796875,0.029037488565238835,0.04019481265216975,0.8367513020833334,12.821728187137936,0.000405
quadratic_input,4500,ood_dev,16,4096,0,69,51479,65536,0.0,0.0,0.0009369774073651883,0.016845703125,0.013333172427690648,0.02126364314319593,0.7855072021484375,12.591190093293505,0.000405
quadratic_input,4500,ood_dev,17,4096,0,57,51536,69632,0.0,0.0,0.0009369774073651883,0.013916015625,0.01075691476118927,0.017986015911693586,0.7401194852941176,11.86805075488764,0.000405
quadratic_input,4500,ood_dev,18,4096,0,66,51602,73728,0.0,0.0,0.0009369774073651883,0.01611328125,0.01268594169611479,0.020447402650270854,0.6998969184027778,11.167014353611364,0.000405
quadratic_input,4500,ood_dev,19,4096,0,76,51678,77824,0.0,0.0,0.0009369774073651883,0.0185546875,0.014850524581988338,0.02316105717940041,0.6640368009868421,10.873661278259306,0.000405
quadratic_input,4500,ood_dev,20,4096,0,70,51748,81920,0.0,0.0,0.0009369774073651883,0.01708984375,0.0135493413532538,0.021535297959133087,0.631689453125,10.668387712777985,0.000405
quadratic_input,4500,ood_dev,21,4096,0,75,51823,86016,0.0,0.0,0.0009369774073651883,0.018310546875,0.014633183903943853,0.022890574115944584,0.6024809337797619,10.881592862827944,0.000405
quadratic_input,4500,ood_dev,22,4096,0,58,51881,90112,0.0,0.0,0.0009369774073651883,0.01416015625,0.010970229851119503,0.018260524563263665,0.5757390802556818,11.276038686751349,0.000405
quadratic_input,4500,ood_dev,23,4096,0,67,51948,94208,0.0,0.0,0.0009369774073651883,0.016357421875,0.012901468019013623,0.020719700068872332,0.5514181385869565,11.557929277527876,0.000405
quadratic_input,4500,ood_dev,24,4096,0,68,52016,98304,0.0,0.0,0.0009369774073651883,0.0166015625,0.013117213150496153,0.020991778678890113,0.5291341145833334,11.899313275308089,0.000405
quadratic_input,4500,ood_dev,25,4096,0,73,52089,102400,0.0,0.0,0.0009369774073651883,0.017822265625,0.014199063362519719,0.022349047174368093,0.508681640625,12.19094239891507,0.000405
quadratic_input,4500,ood_dev,26,4096,0,60,52149,106496,0.0,0.0,0.0009369774073651883,0.0146484375,0.01139766303294143,0.018808738864442356,0.4896803635817308,12.763538702497726,0.000405
quadratic_input,4500,ood_dev,27,4096,0,67,52216,110592,0.0,0.0,0.0009369774073651883,0.016357421875,0.012901468019013623,0.020719700068872332,0.47214988425925924,12.791178568406906,0.000405
quadratic_input,4500,ood_dev,28,4096,0,74,52290,114688,0.0,0.0,0.0009369774073651883,0.01806640625,0.014416028944668636,0.02261990533371949,0.4559326171875,13.243082054282127,0.000405
quadratic_input,4500,ood_dev,29,4096,0,62,52352,118784,0.0,0.0,0.0009369774073651883,0.01513671875,0.011826124044008677,0.01935592533637573,0.44073275862068967,13.38451016498265,0.000405
quadratic_input,4500,ood_dev,30,4096,0,84,52436,122880,0.0,0.0,0.0009369774073651883,0.0205078125,0.016595533532573623,0.025318638160817603,0.42672526041666664,13.548636179390087,0.000405
quadratic_input,4500,ood_dev,31,4096,0,69,52505,126976,0.0,0.0,0.0009369774073651883,0.016845703125,0.013333172427690648,0.02126364314319593,0.4135033392137097,13.824962375104342,0.000405
quadratic_input,4500,ood_dev,32,4096,0,73,52578,131072,0.0,0.0,0.0009369774073651883,0.017822265625,0.014199063362519719,0.022349047174368093,0.4011383056640625,13.950414966256524,0.000405
quadratic_input,4500,ood_dev,33,4096,0,64,52642,135168,0.0,0.0,0.0009369774073651883,0.015625,0.012255565007829483,0.01990213185555554,0.38945608428030304,14.105376383505941,0.000405
quadratic_input,4500,ood_dev,34,4096,0,77,52719,139264,0.0,0.0,0.0009369774073651883,0.018798828125,0.01506804743850219,0.023431358064386867,0.3785544002757353,14.233557200203386,0.000405
quadratic_input,4500,ood_dev,35,4096,0,81,52800,143360,0.0,0.0,0.0009369774073651883,0.019775390625,0.015939893688042484,0.02451080678084781,0.36830357142857145,14.302134342518329,0.000405
quadratic_input,4500,ood_dev,36,4096,0,66,52866,147456,0.0,0.0,0.0009369774073651883,0.01611328125,0.01268594169611479,0.020447402650270854,0.3585205078125,14.335435077374498,0.000405
quadratic_input,5000,dev,1,102400,102400,102400,102400,102400,1.0,0.9999624871609701,1.0,1.0,0.9999624871609701,1.0,1.0,4.840647200353487e-05,0.0005000000000000001
quadratic_input,5000,dev,2,102400,102400,102400,204800,204800,1.0,0.9999624871609701,1.0,1.0,0.9999624871609701,1.0,1.0,8.93690886404741e-05,0.0005000000000000001
quadratic_input,5000,dev,3,102400,102397,102397,307197,307200,0.999970703125,0.9999138592392058,0.9999900363697822,0.999970703125,0.9999138592392058,0.9999900363697822,0.999990234375,0.0002476858573644769,0.0005000000000000001
quadratic_input,5000,dev,4,102400,102396,102396,409593,409600,0.9999609375,0.9998995558365923,0.9999848092550684,0.9999609375,0.9998995558365923,0.9999848092550684,0.99998291015625,0.0005448467157546765,0.0005000000000000001
quadratic_input,5000,dev,5,102400,102385,102386,511979,512000,0.999853515625,0.9997583066269857,0.9999112227740738,0.99986328125,0.9997705055160856,0.9999185544023014,0.999958984375,0.0012375697816754537,0.0005000000000000001
quadratic_input,5000,dev,6,102400,102348,102353,614332,614400,0.9994921875,0.9993341989036343,0.9996127013563129,0.999541015625,0.9993897582662231,0.9996547945803608,0.9998893229166667,0.0025739122824157868,0.0005000000000000001
quadratic_input,5000,dev,7,102400,102267,102284,716616,716800,0.998701171875,0.998461083452209,0.9989038449042218,0.9988671875,0.9986415990119286,0.9990553481390674,0.9997433035714286,0.004934029950057841,0.0005000000000000001
quadratic_input,5000,dev,8,102400,102092,102146,818762,819200,0.9969921875,0.9966376275634656,0.9973094602606767,0.99751953125,0.9971956352798654,0.9978061004799545,0.99946533203125,0.008432123705615276,0.0005000000000000001
quadratic_input,5000,dev,9,102400,101842,101962,920724,921600,0.99455078125,0.9940809577790983,0.9949835007132033,0.99572265625,0.9953039168178373,0.996104203753748,0.9990494791666666,0.013162128808128797,0.0005000000000000001
quadratic_input,5000,dev,10,102400,101510,101729,1022453,1024000,0.99130859375,0.990721352977587,0.9918589737620304,0.993447265625,0.9929342415453063,0.9939232684890033,0.9984892578125,0.019721973730722517,0.0005000000000000001
quadratic_input,5000,dev,11,102400,100979,101342,1123795,1126400,0.986123046875,0.9853881014448289,0.9868215205939588,0.98966796875,0.9890299897860318,0.9902692100425884,0.9976873224431818,0.030326218171069445,0.0005000000000000001
quadratic_input,5000,dev,12,102400,100107,100697,1224492,1228800,0.977607421875,0.9766831279465902,0.9784958829827373,0.983369140625,0.9825675388469316,0.9841344773055399,0.996494140625,0.047208980995406886,0.0005000000000000001
quadratic_input,5000,ood_dev,1,102400,102400,102400,102400,102400,1.0,0.9999624871609701,1.0,1.0,0.9999624871609701,1.0,1.0,4.8450355973344015e-05,0.0005000000000000001
quadratic_input,5000,ood_dev,2,102400,102400,102400,204800,204800,1.0,0.9999624871609701,1.0,1.0,0.9999624871609701,1.0,1.0,8.95001694607167e-05,0.0005000000000000001
quadratic_input,5000,ood_dev,3,102400,102400,102400,307200,307200,1.0,0.9999624871609701,1.0,1.0,0.9999624871609701,1.0,1.0,0.00021603077688231665,0.0005000000000000001
quadratic_input,5000,ood_dev,4,102400,102394,102394,409594,409600,0.99994140625,0.9998721583660714,0.9999731456909345,0.99994140625,0.9998721583660714,0.9999731456909345,0.9999853515625,0.0005578219442839582,0.0005000000000000001
quadratic_input,5000,ood_dev,5,102400,102381,102383,511977,512000,0.999814453125,0.999710201380565,0.999881205951185,0.999833984375,0.9997341277518229,0.9998963406145821,0.999955078125,0.001225082916809228,0.0005000000000000001
quadratic_input,5000,ood_dev,6,102400,102335,102343,614320,614400,0.999365234375,0.9991911066054158,0.9995018969292757,0.999443359375,0.9992789510277558,0.9995702966455544,0.9998697916666667,0.002596757522584614,0.0005000000000000001
quadratic_input,5000,ood_dev,7,102400,102253,102279,716599,716800,0.998564453125,0.9983131050785029,0.9987783960353448,0.998818359375,0.9985884022615245,0.9990108923028346,0.9997195870535714,0.0050246881794289424,0.0005000000000000001
quadratic_input,5000,ood_dev,8,102400,102101,102163,818762,819200,0.997080078125,0.9967304290750366,0.997392433405052,0.997685546875,0.9973719716708869,0.9979617828834981,0.99946533203125,0.008141624799333051,0.0005000000000000001
quadratic_input,5000,ood_dev,9,102400,101882,102004,920766,921600,0.99494140625,0.9944879292526507,0.9953577499327455,0.9961328125,0.9957336035211678,0.9964947987781666,0.9990950520833334,0.012629281666979394,0.0005000000000000001
quadratic_input,5000,ood_dev,10,102400,101559,101750,1022516,1024000,0.991787109375,0.9912155797800356,0.9923217423086225,0.99365234375,0.9931470503064159,0.9941206005917684,0.99855078125,0.01905925084092951,0.0005000000000000001
quadratic_input,5000,ood_dev,11,102400,101115,101434,1123950,1126400,0.987451171875,0.9867508530071953,0.9881149193881136,0.99056640625,0.9899556514776835,0.9911403559450542,0.9978249289772727,0.0286913027922715,0.0005000000000000001
quadratic_input,5000,ood_dev,12,102400,100310,100835,1224785,1228800,0.97958984375,0.9787056314759189,0.9804380744708631,0.984716796875,0.9839470255508728,0.9854502019927748,0.9967325846354167,0.04489752947122902,0.0005000000000000001
quadratic_input,5000,ood_dev,13,102400,63504,64234,1289019,1331200,0.62015625,0.6171790943602813,0.6231243908355892,0.62728515625,0.6243188838481837,0.6302418789966617,0.9683135516826923,2.2008690161402926,0.0005000000000000001
quadratic_input,5000,ood_dev,14,102400,8735,11007,1300026,1433600,0.085302734375,0.0836073772151503,0.0870292044783928,0.107490234375,0.10560784185716059,0.10940207520415056,0.906826171875,10.160914146141597,0.0005000000000000001
quadratic_input,5000,ood_dev,15,102400,671,3133,1303159,1536000,0.006552734375,0.006076731510996648,0.007065758454693679,0.030595703125,0.029558358688618253,0.03166826493703903,0.8484108072916666,12.250067484167284,0.0005000000000000001
quadratic_input,5000,ood_dev,16,102400,46,1822,1304981,1638400,0.00044921875,0.0003368283364539456,0.0005990882996346968,0.01779296875,0.017001171414558893,0.018620943994925896,0.7964971923828125,11.637482319529095,0.0005000000000000001
quadratic_input,5000,ood_dev,17,102400,1,1688,1306669,1740800,9.765625e-06,1.7238746867777096e-06,5.5319481670543434e-05,0.016484375,0.015722441792261517,0.017282584295356673,0.7506140854779412,10.83207553280661,0.0005000000000000001
quadratic_input,5000,ood_dev,18,102400,0,1728,1308397,1843200,0.0,3.3881317890172014e-21,3.751283902995844e-05,0.016875,0.016104025646818412,0.01768222113389429,0.7098508029513889,10.203620165444699,0.0005000000000000001
quadratic_input,5000,ood_dev,19,102400,0,1760,1310157,1945600,0.0,3.3881317890172014e-21,3.751283902995844e-05,0.0171875,0.016409371578367776,0.01800185175682053,0.6733948396381579,9.909288614226083,0.0005000000000000001
quadratic_input,5000,ood_dev,20,102400,0,1744,1311901,2048000,0.0,3.3881317890172014e-21,3.751283902995844e-05,0.01703125,0.016256689990451302,0.0178420450674992,0.64057666015625,9.92053884319286,0.0005000000000000001
quadratic_input,5000,ood_dev,21,102400,0,1710,1313611,2150400,0.0,3.3881317890172014e-21,3.751283902995844e-05,0.01669921875,0.01593229916630613,0.01750239830251404,0.6108682105654762,10.245648310444476,0.0005000000000000001
quadratic_input,5000,ood_dev,22,102400,0,1752,1315363,2252800,0.0,3.3881317890172014e-21,3.751283902995844e-05,0.017109375,0.0163330286433993,0.0179219505531701,0.5838791725852273,10.742206489179791,0.0005000000000000001
quadratic_input,5000,ood_dev,23,102400,0,1721,1317084,2355200,0.0,3.3881317890172014e-21,3.751283902995844e-05,0.016806640625,0.01603724047903842,0.017612292680382738,0.5592238451086956,11.287713493947754,0.0005000000000000001
quadratic_input,5000,ood_dev,24,102400,0,1680,1318764,2457600,0.0,3.3881317890172014e-21,3.751283902995844e-05,0.01640625,0.015646138466949424,0.017202643482049865,0.5366064453125,11.844953738414011,0.0005000000000000001
quadratic_input,5000,ood_dev,25,102400,0,1730,1320494,2560000,0.0,3.3881317890172014e-21,3.751283902995844e-05,0.01689453125,0.016123107738719566,0.01770220007664786,0.51581796875,12.384193266793618,0.0005000000000000001
quadratic_input,5000,ood_dev,26,102400,0,1720,1322214,2662400,0.0,3.3881317890172014e-21,3.751283902995844e-05,0.016796875,0.016027700015071877,0.017602302627021917,0.4966248497596154,12.915924013119072,0.0005000000000000001
quadratic_input,5000,ood_dev,27,102400,0,1645,1323859,2764800,0.0,3.3881317890172014e-21,3.751283902995844e-05,0.016064453125,0.01531236540613202,0.01685284843640957,0.47882631655092595,13.35090702964573,0.0005000000000000001
quadratic_input,5000,ood_dev,28,102400,0,1678,1325537,2867200,0.0,3.3881317890172014e-21,3.751283902995844e-05,0.01638671875,0.015627063346117524,0.017182657568227042,0.46231061662946427,13.735521400201497,0.0005000000000000001
quadratic_input,5000,ood_dev,29,102400,0,1725,1327262,2969600,0.0,3.3881317890172014e-21,3.751283902995844e-05,0.016845703125,0.016075403021209946,0.01765225220752066,0.44694975754310345,14.061127237631307,0.0005000000000000001
quadratic_input,5000,ood_dev,30,102400,0,1759,1329021,3072000,0.0,3.3881317890172014e-21,3.751283902995844e-05,0.017177734375,0.016399828478305734,0.017991864339555207,0.4326240234375,14.359908673121407,0.0005000000000000001
quadratic_input,5000,ood_dev,31,102400,0,1691,1330712,3174400,0.0,3.3881317890172014e-21,3.751283902995844e-05,0.016513671875,0.01575105670713481,0.01731256093246547,0.41920110887096773,14.568051974526925,0.0005000000000000001
quadratic_input,5000,ood_dev,32,102400,0,1728,1332440,3276800,0.0,3.3881317890172014e-21,3.751283902995844e-05,0.016875,0.016104025646818412,0.01768222113389429,0.40662841796875,14.758863757976718,0.0005000000000000001
quadratic_input,5000,ood_dev,33,102400,0,1674,1334114,3379200,0.0,3.3881317890172014e-21,3.751283902995844e-05,0.01634765625,0.015588913960546404,0.0171426848844887,0.39480172821969695,14.942499845965761,0.0005000000000000001
quadratic_input,5000,ood_dev,34,102400,0,1662,1335776,3481600,0.0,3.3881317890172014e-21,3.751283902995844e-05,0.01623046875,0.015474472688896538,0.017022759948210224,0.3836672794117647,15.096035467553211,0.0005000000000000001
quadratic_input,5000,ood_dev,35,102400,0,1703,1337479,3584000,0.0,3.3881317890172014e-21,3.751283902995844e-05,0.016630859375,0.01586552269446015,0.017432461153068485,0.3731805245535714,15.190615699779226,0.0005000000000000001
quadratic_input,5000,ood_dev,36,102400,0,1719,1339198,3686400,0.0,3.3881317890172014e-21,3.751283902995844e-05,0.016787109375,0.016018159619853447,0.01759231250491299,0.3632807074652778,15.29037558888263,0.0005000000000000001
quadratic_input,5500,dev,1,4096,4096,4096,4096,4096,1.0,0.9990630225926348,0.9999999999999999,1.0,0.9990630225926348,0.9999999999999999,1.0,4.515861754450512e-05,0.0006050000000000001
quadratic_input,5500,dev,2,4096,4096,4096,8192,8192,1.0,0.9990630225926348,0.9999999999999999,1.0,0.9990630225926348,0.9999999999999999,1.0,7.6016724693595e-05,0.0006050000000000001
quadratic_input,5500,dev,3,4096,4096,4096,12288,12288,1.0,0.9990630225926348,0.9999999999999999,1.0,0.9990630225926348,0.9999999999999999,1.0,0.0001587520793868702,0.0006050000000000001
quadratic_input,5500,dev,4,4096,4096,4096,16384,16384,1.0,0.9990630225926348,0.9999999999999999,1.0,0.9990630225926348,0.9999999999999999,1.0,0.0003872949206660259,0.0006050000000000001
quadratic_input,5500,dev,5,4096,4096,4096,20480,20480,1.0,0.9990630225926348,0.9999999999999999,1.0,0.9990630225926348,0.9999999999999999,1.0,0.0009896634158033102,0.0006050000000000001
quadratic_input,5500,dev,6,4096,4096,4096,24576,24576,1.0,0.9990630225926348,0.9999999999999999,1.0,0.9990630225926348,0.9999999999999999,1.0,0.0012940880585141645,0.0006050000000000001
quadratic_input,5500,dev,7,4096,4096,4096,28672,28672,1.0,0.9990630225926348,0.9999999999999999,1.0,0.9990630225926348,0.9999999999999999,1.0,0.00294240475511498,0.0006050000000000001
quadratic_input,5500,dev,8,4096,4091,4091,32763,32768,0.998779296875,0.997145424476127,0.9994784794090062,0.998779296875,0.997145424476127,0.9994784794090062,0.999847412109375,0.004896946903893529,0.0006050000000000001
quadratic_input,5500,dev,9,4096,4083,4083,36846,36864,0.996826171875,0.9945771012522003,0.9981442127009305,0.996826171875,0.9945771012522003,0.9981442127009305,0.99951171875,0.009526984569435015,0.0006050000000000001
quadratic_input,5500,dev,10,4096,4080,4084,40930,40960,0.99609375,0.9936637657680687,0.9975940769605611,0.9970703125,0.9948858699188933,0.9983232677757378,0.999267578125,0.012912045113889103,0.0006050000000000001
quadratic_input,5500,dev,11,4096,4057,4062,44992,45056,0.990478515625,0.9870110133784079,0.9930268832957149,0.99169921875,0.9884233098915096,0.9940537054901146,0.9985795454545454,0.028182296453829192,0.0006050000000000001
quadratic_input,5500,dev,12,4096,4023,4031,49023,49152,0.982177734375,0.9776509528256319,0.9858009366374803,0.984130859375,0.9798251184139876,0.987529360981127,0.99737548828125,0.049488518670931736,0.0006050000000000001
quadratic_input,5500,ood_dev,1,4096,4096,4096,4096,4096,1.0,0.9990630225926348,0.9999999999999999,1.0,0.9990630225926348,0.9999999999999999,1.0,4.4331158273180904e-05,0.0006050000000000001
quadratic_input,5500,ood_dev,2,4096,4096,4096,8192,8192,1.0,0.9990630225926348,0.9999999999999999,1.0,0.9990630225926348,0.9999999999999999,1.0,7.554624773398189e-05,0.0006050000000000001
quadratic_input,5500,ood_dev,3,4096,4096,4096,12288,12288,1.0,0.9990630225926348,0.9999999999999999,1.0,0.9990630225926348,0.9999999999999999,1.0,0.0001553520886143911,0.0006050000000000001
quadratic_input,5500,ood_dev,4,4096,4096,4096,16384,16384,1.0,0.9990630225926348,0.9999999999999999,1.0,0.9990630225926348,0.9999999999999999,1.0,0.0003162034846908579,0.0006050000000000001
quadratic_input,5500,ood_dev,5,4096,4096,4096,20480,20480,1.0,0.9990630225926348,0.9999999999999999,1.0,0.9990630225926348,0.9999999999999999,1.0,0.0007324981786773765,0.0006050000000000001
quadratic_input,5500,ood_dev,6,4096,4096,4096,24576,24576,1.0,0.9990630225926348,0.9999999999999999,1.0,0.9990630225926348,0.9999999999999999,1.0,0.001388476016406015,0.0006050000000000001
quadratic_input,5500,ood_dev,7,4096,4094,4094,28670,28672,0.99951171875,0.9982212896544476,0.9998660854551866,0.99951171875,0.9982212896544476,0.9998660854551866,0.9999302455357143,0.003284972206668124,0.0006050000000000001
quadratic_input,5500,ood_dev,8,4096,4088,4088,32758,32768,0.998046875,0.9961504506055915,0.9990099820550408,0.998046875,0.9961504506055915,0.9990099820550408,0.99969482421875,0.00627003837536777,0.0006050000000000001
quadratic_input,5500,ood_dev,9,4096,4078,4081,36839,36864,0.99560546875,0.9930638103960733,0.9972183848495558,0.996337890625,0.9939662587473084,0.9977794077228217,0.9993218315972222,0.012393906948910516,0.0006050000000000001
quadratic_input,5500,ood_dev,10,4096,4061,4068,40907,40960,0.991455078125,0.9881397703182205,0.9938494213219035,0.9931640625,0.9901378308615215,0.9952661269691047,0.9987060546875,0.018738986971163163,0.0006050000000000001
quadratic_input,5500,ood_dev,11,4096,4051,4065,44972,45056,0.989013671875,0.9853320021138738,0.991778952111247,0.992431640625,0.9892775496501616,0.9946629369559636,0.9981356534090909,0.023798693666778448,0.0006050000000000001
quadratic_input,5500,ood_dev,12,4096,4019,4039,49011,49152,0.981201171875,0.9765686419356131,0.9849319525614978,0.986083984375,0.9820139840883064,0.9892430852388108,0.99713134765625,0.04454203541019508,0.0006050000000000001
quadratic_input,5500,ood_dev,13,4096,1477,1490,50501,53248,0.360595703125,0.3460275936831729,0.3754250499201502,0.36376953125,0.3491706176508034,0.37862373459202364,0.9484112079326923,5.214084988253908,0.0006050000000000001
quadratic_input,5500,ood_dev,14,4096,147,248,50749,57344,0.035888671875,0.030613091018468288,0.04203397638944247,0.060546875,0.05364660760252385,0.0682706576969182,0.8849923270089286,11.553199004805398,0.0006050000000000001
quadratic_input,5500,ood_dev,15,4096,4,117,50866,61440,0.0009765625,0.000379829567061715,0.0025084428063047127,0.028564453125,0.023888085979904983,0.03412426918299647,0.8278971354166667,12.686628452011519,0.0006050000000000001
quadratic_input,5500,ood_dev,16,4096,0,68,50934,65536,0.0,0.0,0.0009369774073651883,0.0166015625,0.013117213150496153,0.020991778678890113,0.777191162109375,12.193352644762143,0.0006050000000000001
quadratic_input,5500,ood_dev,17,4096,0,61,50995,69632,0.0,0.0,0.0009369774073651883,0.014892578125,0.011611768142410793,0.019082457496473304,0.7323500689338235,11.422637077955073,0.0006050000000000001
quadratic_input,5500,ood_dev,18,4096,0,66,51061,73728,0.0,0.0,0.0009369774073651883,0.01611328125,0.01268594169611479,0.020447402650270854,0.6925591362847222,10.58968497202028,0.0006050000000000001
quadratic_input,5500,ood_dev,19,4096,0,77,51138,77824,0.0,0.0,0.0009369774073651883,0.018798828125,0.01506804743850219,0.023431358064386867,0.6570980674342105,10.079879412002128,0.0006050000000000001
quadratic_input,5500,ood_dev,20,4096,0,73,51211,81920,0.0,0.0,0.0009369774073651883,0.017822265625,0.014199063362519719,0.022349047174368093,0.62513427734375,9.475352444835835,0.0006050000000000001
quadratic_input,5500,ood_dev,21,4096,0,68,51279,86016,0.0,0.0,0.0009369774073651883,0.0166015625,0.013117213150496153,0.020991778678890113,0.5961565290178571,9.436422316322478,0.0006050000000000001
quadratic_input,5500,ood_dev,22,4096,0,67,51346,90112,0.0,0.0,0.0009369774073651883,0.016357421875,0.012901468019013623,0.020719700068872332,0.5698020241477273,9.299615065118587,0.0006050000000000001
quadratic_input,5500,ood_dev,23,4096,0,64,51410,94208,0.0,0.0,0.0009369774073651883,0.015625,0.012255565007829483,0.01990213185555554,0.5457073709239131,9.468233020149796,0.0006050000000000001
quadratic_input,5500,ood_dev,24,4096,0,65,51475,98304,0.0,0.0,0.0009369774073651883,0.015869140625,0.012470639018872916,0.020174881586012418,0.5236307779947916,9.551315430020281,0.0006050000000000001
quadratic_input,5500,ood_dev,25,4096,0,59,51534,102400,0.0,0.0,0.0009369774073651883,0.014404296875,0.011183814817094736,0.01853476333878874,0.50326171875,9.720779490549145,0.0006050000000000001
quadratic_input,5500,ood_dev,26,4096,0,71,51605,106496,0.0,0.0,0.0009369774073651883,0.017333984375,0.01376571558724534,0.02180674746664186,0.4845721905048077,9.915669700728003,0.0006050000000000001
quadratic_input,5500,ood_dev,27,4096,0,69,51674,110592,0.0,0.0,0.0009369774073651883,0.016845703125,0.013333172427690648,0.02126364314319593,0.46724898726851855,10.176809308709807,0.0006050000000000001
quadratic_input,5500,ood_dev,28,4096,0,61,51735,114688,0.0,0.0,0.0009369774073651883,0.014892578125,0.011611768142410793,0.019082457496473304,0.45109340122767855,10.608643479813736,0.0006050000000000001
quadratic_input,5500,ood_dev,29,4096,0,63,51798,118784,0.0,0.0,0.0009369774073651883,0.015380859375,0.012040724876904885,0.019629148244979834,0.4360688308189655,10.794439285778537,0.0006050000000000001
quadratic_input,5500,ood_dev,30,4096,0,70,51868,122880,0.0,0.0,0.0009369774073651883,0.01708984375,0.0135493413532538,0.021535297959133087,0.42210286458333335,10.968071531828116,0.0006050000000000001
quadratic_input,5500,ood_dev,31,4096,0,73,51941,126976,0.0,0.0,0.0009369774073651883,0.017822265625,0.014199063362519719,0.022349047174368093,0.4090615549395161,11.346008206350078,0.0006050000000000001
quadratic_input,5500,ood_dev,32,4096,0,66,52007,131072,0.0,0.0,0.0009369774073651883,0.01611328125,0.01268594169611479,0.020447402650270854,0.39678192138671875,11.518587560242281,0.0006050000000000001
quadratic_input,5500,ood_dev,33,4096,0,79,52086,135168,0.0,0.0,0.0009369774073651883,0.019287109375,0.015503626084669948,0.023971426901219724,0.3853426846590909,11.81581788585413,0.0006050000000000001
quadratic_input,5500,ood_dev,34,4096,0,84,52170,139264,0.0,0.0,0.0009369774073651883,0.0205078125,0.016595533532573623,0.025318638160817603,0.3746122472426471,12.000149705757991,0.0006050000000000001
quadratic_input,5500,ood_dev,35,4096,0,63,52233,143360,0.0,0.0,0.0009369774073651883,0.015380859375,0.012040724876904885,0.019629148244979834,0.36434849330357144,12.316474712190939,0.0006050000000000001
quadratic_input,5500,ood_dev,36,4096,0,67,52300,147456,0.0,0.0,0.0009369774073651883,0.016357421875,0.012901468019013623,0.020719700068872332,0.3546820746527778,12.755416360330315,0.0006050000000000001
quadratic_input,6000,dev,1,4096,4096,4096,4096,4096,1.0,0.9990630225926348,0.9999999999999999,1.0,0.9990630225926348,0.9999999999999999,1.0,5.882791214739669e-05,0.00072
quadratic_input,6000,dev,2,4096,4096,4096,8192,8192,1.0,0.9990630225926348,0.9999999999999999,1.0,0.9990630225926348,0.9999999999999999,1.0,0.00011714387381323021,0.00072
quadratic_input,6000,dev,3,4096,4096,4096,12288,12288,1.0,0.9990630225926348,0.9999999999999999,1.0,0.9990630225926348,0.9999999999999999,1.0,0.00023780296611120022,0.00072
quadratic_input,6000,dev,4,4096,4096,4096,16384,16384,1.0,0.9990630225926348,0.9999999999999999,1.0,0.9990630225926348,0.9999999999999999,1.0,0.0003558517911410597,0.00072
quadratic_input,6000,dev,5,4096,4096,4096,20480,20480,1.0,0.9990630225926348,0.9999999999999999,1.0,0.9990630225926348,0.9999999999999999,1.0,0.000644010944993223,0.00072
quadratic_input,6000,dev,6,4096,4093,4093,24573,24576,0.999267578125,0.9978486714629491,0.9997508799051849,0.999267578125,0.9978486714629491,0.9997508799051849,0.9998779296875,0.0020435548655233227,0.00072
quadratic_input,6000,dev,7,4096,4092,4094,28667,28672,0.9990234375,0.9974915571936952,0.9996201704329383,0.99951171875,0.9982212896544476,0.9998660854551866,0.9998256138392857,0.002414414605756532,0.00072
quadratic_input,6000,dev,8,4096,4088,4089,32756,32768,0.998046875,0.9961504506055915,0.9990099820550408,0.998291015625,0.9964763422189936,0.9991719141831389,0.9996337890625,0.004753483171271,0.00072
quadratic_input,6000,dev,9,4096,4083,4086,36842,36864,0.996826171875,0.9945771012522003,0.9981442127009305,0.99755859375,0.9955114747539533,0.9986733104236785,0.9994032118055556,0.007617684173532258,0.00072
quadratic_input,6000,dev,10,4096,4080,4085,40927,40960,0.99609375,0.9936637657680687,0.9975940769605611,0.997314453125,0.9951972177470491,0.9984997436890822,0.9991943359375,0.01041902757529578,0.00072
quadratic_input,6000,dev,11,4096,4064,4070,44997,45056,0.9921875,0.9889921727170213,0.9944604901476036,0.99365234375,0.99071517109395,0.9956644342196767,0.9986905184659091,0.017188956301940728,0.00072
quadratic_input,6000,dev,12,4096,4048,4062,49059,49152,0.98828125,0.9844979568178159,0.9911495261828039,0.99169921875,0.9884233098915096,0.9940537054901146,0.99810791015625,0.028437528037953186,0.00072
quadratic_input,6000,ood_dev,1,4096,4096,4096,4096,4096,1.0,0.9990630225926348,0.9999999999999999,1.0,0.9990630225926348,0.9999999999999999,1.0,6.04613186623304e-05,0.00072
quadratic_input,6000,ood_dev,2,4096,4096,4096,8192,8192,1.0,0.9990630225926348,0.9999999999999999,1.0,0.9990630225926348,0.9999999999999999,1.0,0.0001181790677149408,0.00072
quadratic_input,6000,ood_dev,3,4096,4096,4096,12288,12288,1.0,0.9990630225926348,0.9999999999999999,1.0,0.9990630225926348,0.9999999999999999,1.0,0.0002498079927035768,0.00072
quadratic_input,6000,ood_dev,4,4096,4096,4096,16384,16384,1.0,0.9990630225926348,0.9999999999999999,1.0,0.9990630225926348,0.9999999999999999,1.0,0.00040414208873951196,0.00072
quadratic_input,6000,ood_dev,5,4096,4096,4096,20480,20480,1.0,0.9990630225926348,0.9999999999999999,1.0,0.9990630225926348,0.9999999999999999,1.0,0.0009386191378442099,0.00072
quadratic_input,6000,ood_dev,6,4096,4095,4095,24575,24576,0.999755859375,0.9986182969663738,0.9999569018847606,0.999755859375,0.9986182969663738,0.9999569018847606,0.9999593098958334,0.0014821262264410606,0.00072
quadratic_input,6000,ood_dev,7,4096,4090,4090,28665,28672,0.99853515625,0.9968075986857966,0.9993284814578364,0.99853515625,0.9968075986857966,0.9993284814578364,0.999755859375,0.0029738059209432066,0.00072
quadratic_input,6000,ood_dev,8,4096,4089,4091,32756,32768,0.998291015625,0.9964763422189936,0.9991719141831389,0.998779296875,0.997145424476127,0.9994784794090062,0.9996337890625,0.0035344103041570207,0.00072
quadratic_input,6000,ood_dev,9,4096,4082,4083,36839,36864,0.99658203125,0.9942706398960515,0.9979628503155791,0.996826171875,0.9945771012522003,0.9981442127009305,0.9993218315972222,0.0076501100243984155,0.00072
quadratic_input,6000,ood_dev,10,4096,4076,4080,40919,40960,0.9951171875,0.9924697076331114,0.9968368401295172,0.99609375,0.9936637657680687,0.9975940769605611,0.9989990234375,0.009865813230744536,0.00072
quadratic_input,6000,ood_dev,11,4096,4071,4077,44996,45056,0.993896484375,0.9910051126562461,0.995862316398881,0.995361328125,0.9927660832938955,0.9970282882102334,0.9986683238636364,0.01401810310307905,0.00072
quadratic_input,6000,ood_dev,12,4096,4051,4065,49061,49152,0.989013671875,0.9853320021138738,0.991778952111247,0.992431640625,0.9892775496501616,0.9946629369559636,0.9981486002604166,0.023156806577946387,0.00072
quadratic_input,6000,ood_dev,13,4096,2376,2390,51451,53248,0.580078125,0.564895426406652,0.5951107608054497,0.58349609375,0.5683275237207287,0.5985081958723774,0.9662522536057693,2.5415507405233626,0.00072
quadratic_input,6000,ood_dev,14,4096,312,420,51871,57344,0.076171875,0.06843926049750462,0.08469872425795727,0.1025390625,0.09361825903778868,0.11220468979970667,0.9045584542410714,9.847159876924602,0.00072
quadratic_input,6000,ood_dev,15,4096,26,143,52014,61440,0.00634765625,0.004335565780323295,0.009284828906049952,0.034912109375,0.029712310009736072,0.04098346243217344,0.84658203125,12.38059923536072,0.00072
quadratic_input,6000,ood_dev,16,4096,2,69,52083,65536,0.00048828125,0.00013391454481334652,0.0017787103455524616,0.016845703125,0.013333172427690648,0.02126364314319593,0.7947235107421875,12.441638089913468,0.00072
quadratic_input,6000,ood_dev,17,4096,0,61,52144,69632,0.0,0.0,0.0009369774073651883,0.014892578125,0.011611768142410793,0.019082457496473304,0.7488511029411765,12.03561524369448,0.00072
quadratic_input,6000,ood_dev,18,4096,0,80,52224,73728,0.0,0.0,0.0009369774073651883,0.01953125,0.015721675338006252,0.02424120138938373,0.7083333333333334,11.517452195069382,0.00072
quadratic_input,6000,ood_dev,19,4096,0,76,52300,77824,0.0,0.0,0.0009369774073651883,0.0185546875,0.014850524581988338,0.02316105717940041,0.6720291940789473,11.271615042795418,0.00072
quadratic_input,6000,ood_dev,20,4096,0,75,52375,81920,0.0,0.0,0.0009369774073651883,0.018310546875,0.014633183903943853,0.022890574115944584,0.63934326171875,11.010150712899303,0.00072
quadratic_input,6000,ood_dev,21,4096,0,72,52447,86016,0.0,0.0,0.0009369774073651883,0.017578125,0.013982290939508705,0.022077995855878798,0.6097353980654762,11.068915925617546,0.00072
quadratic_input,6000,ood_dev,22,4096,0,70,52517,90112,0.0,0.0,0.0009369774073651883,0.01708984375,0.0135493413532538,0.021535297959133087,0.5827969637784091,11.141318899610951,0.00072
quadratic_input,6000,ood_dev,23,4096,0,61,52578,94208,0.0,0.0,0.0009369774073651883,0.014892578125,0.011611768142410793,0.019082457496473304,0.55810546875,11.36412586946392,0.00072
quadratic_input,6000,ood_dev,24,4096,0,71,52649,98304,0.0,0.0,0.0009369774073651883,0.017333984375,0.01376571558724534,0.02180674746664186,0.5355733235677084,11.379175838813865,0.00072
quadratic_input,6000,ood_dev,25,4096,0,60,52709,102400,0.0,0.0,0.0009369774073651883,0.0146484375,0.01139766303294143,0.018808738864442356,0.514736328125,11.590765846182109,0.00072
quadratic_input,6000,ood_dev,26,4096,0,80,52789,106496,0.0,0.0,0.0009369774073651883,0.01953125,0.015721675338006252,0.02424120138938373,0.49568997896634615,11.880239181297021,0.00072
quadratic_input,6000,ood_dev,27,4096,0,78,52867,110592,0.0,0.0,0.0009369774073651883,0.01904296875,0.01528574904596704,0.023701480198422328,0.47803638599537035,12.062516815474638,0.00072
quadratic_input,6000,ood_dev,28,4096,0,62,52929,114688,0.0,0.0,0.0009369774073651883,0.01513671875,0.011826124044008677,0.01935592533637573,0.46150425502232145,12.467908607765423,0.00072
quadratic_input,6000,ood_dev,29,4096,0,59,52988,118784,0.0,0.0,0.0009369774073651883,0.014404296875,0.011183814817094736,0.01853476333878874,0.4460870150862069,12.812702862299531,0.00072
quadratic_input,6000,ood_dev,30,4096,0,63,53051,122880,0.0,0.0,0.0009369774073651883,0.015380859375,0.012040724876904885,0.019629148244979834,0.43173014322916664,13.041251012904546,0.00072
quadratic_input,6000,ood_dev,31,4096,0,69,53120,126976,0.0,0.0,0.0009369774073651883,0.016845703125,0.013333172427690648,0.02126364314319593,0.4183467741935484,13.283195030019954,0.00072
quadratic_input,6000,ood_dev,32,4096,0,64,53184,131072,0.0,0.0,0.0009369774073651883,0.015625,0.012255565007829483,0.01990213185555554,0.40576171875,13.684582218280326,0.00072
quadratic_input,6000,ood_dev,33,4096,0,74,53258,135168,0.0,0.0,0.0009369774073651883,0.01806640625,0.014416028944668636,0.02261990533371949,0.3940133759469697,13.954693337333147,0.00072
quadratic_input,6000,ood_dev,34,4096,0,67,53325,139264,0.0,0.0,0.0009369774073651883,0.016357421875,0.012901468019013623,0.020719700068872332,0.38290584788602944,14.304285225961848,0.00072
quadratic_input,6000,ood_dev,35,4096,0,71,53396,143360,0.0,0.0,0.0009369774073651883,0.017333984375,0.01376571558724534,0.02180674746664186,0.3724609375,14.638575271929554,0.00072
quadratic_input,6000,ood_dev,36,4096,0,58,53454,147456,0.0,0.0,0.0009369774073651883,0.01416015625,0.010970229851119503,0.018260524563263665,0.3625081380208333,15.026517250446943,0.00072
quadratic_input,6500,dev,1,4096,4096,4096,4096,4096,1.0,0.9990630225926348,0.9999999999999999,1.0,0.9990630225926348,0.9999999999999999,1.0,5.356135289691366e-05,0.0008450000000000002
quadratic_input,6500,dev,2,4096,4096,4096,8192,8192,1.0,0.9990630225926348,0.9999999999999999,1.0,0.9990630225926348,0.9999999999999999,1.0,0.00011107172057212011,0.0008450000000000002
quadratic_input,6500,dev,3,4096,4096,4096,12288,12288,1.0,0.9990630225926348,0.9999999999999999,1.0,0.9990630225926348,0.9999999999999999,1.0,0.00019412433729160128,0.0008450000000000002
quadratic_input,6500,dev,4,4096,4096,4096,16384,16384,1.0,0.9990630225926348,0.9999999999999999,1.0,0.9990630225926348,0.9999999999999999,1.0,0.000402856004186658,0.0008450000000000002
quadratic_input,6500,dev,5,4096,4096,4096,20480,20480,1.0,0.9990630225926348,0.9999999999999999,1.0,0.9990630225926348,0.9999999999999999,1.0,0.0005802617638672736,0.0008450000000000002
quadratic_input,6500,dev,6,4096,4095,4095,24575,24576,0.999755859375,0.9986182969663738,0.9999569018847606,0.999755859375,0.9986182969663738,0.9999569018847606,0.9999593098958334,0.0010812976097898108,0.0008450000000000002
quadratic_input,6500,dev,7,4096,4094,4095,28670,28672,0.99951171875,0.9982212896544476,0.9998660854551866,0.999755859375,0.9986182969663738,0.9999569018847606,0.9999302455357143,0.0014831139184148245,0.0008450000000000002
quadratic_input,6500,dev,8,4096,4091,4092,32762,32768,0.998779296875,0.997145424476127,0.9994784794090062,0.9990234375,0.9974915571936952,0.9996201704329383,0.99981689453125,0.0026778405082525936,0.0008450000000000002
quadratic_input,6500,dev,9,4096,4088,4091,36853,36864,0.998046875,0.9961504506055915,0.9990099820550408,0.998779296875,0.997145424476127,0.9994784794090062,0.9997016059027778,0.0043466812657799725,0.0008450000000000002
quadratic_input,6500,dev,10,4096,4082,4086,40939,40960,0.99658203125,0.9942706398960515,0.9979628503155791,0.99755859375,0.9955114747539533,0.9986733104236785,0.9994873046875,0.008197270249862942,0.0008450000000000002
quadratic_input,6500,dev,11,4096,4072,4080,45019,45056,0.994140625,0.9912959670744264,0.996059285722201,0.99609375,0.9936637657680687,0.9975940769605611,0.9991787997159091,0.010768008004968355,0.0008450000000000002
quadratic_input,6500,dev,12,4096,4054,4064,49083,49152,0.98974609375,0.9861695639225535,0.9924048615270683,0.9921875,0.9889921727170213,0.9944604901476036,0.99859619140625,0.027009448581800433,0.0008450000000000002
quadratic_input,6500,ood_dev,1,4096,4096,4096,4096,4096,1.0,0.9990630225926348,0.9999999999999999,1.0,0.9990630225926348,0.9999999999999999,1.0,5.3975668556027756e-05,0.0008450000000000002
quadratic_input,6500,ood_dev,2,4096,4096,4096,8192,8192,1.0,0.9990630225926348,0.9999999999999999,1.0,0.9990630225926348,0.9999999999999999,1.0,0.00010979635356767048,0.0008450000000000002
quadratic_input,6500,ood_dev,3,4096,4096,4096,12288,12288,1.0,0.9990630225926348,0.9999999999999999,1.0,0.9990630225926348,0.9999999999999999,1.0,0.00019196874371862904,0.0008450000000000002
quadratic_input,6500,ood_dev,4,4096,4096,4096,16384,16384,1.0,0.9990630225926348,0.9999999999999999,1.0,0.9990630225926348,0.9999999999999999,1.0,0.0003133822055936264,0.0008450000000000002
quadratic_input,6500,ood_dev,5,4096,4096,4096,20480,20480,1.0,0.9990630225926348,0.9999999999999999,1.0,0.9990630225926348,0.9999999999999999,1.0,0.00046614221856788873,0.0008450000000000002
quadratic_input,6500,ood_dev,6,4096,4096,4096,24576,24576,1.0,0.9990630225926348,0.9999999999999999,1.0,0.9990630225926348,0.9999999999999999,1.0,0.0006457701852471409,0.0008450000000000002
quadratic_input,6500,ood_dev,7,4096,4096,4096,28672,28672,1.0,0.9990630225926348,0.9999999999999999,1.0,0.9990630225926348,0.9999999999999999,1.0,0.0010410587400766502,0.0008450000000000002
quadratic_input,6500,ood_dev,8,4096,4095,4095,32767,32768,0.999755859375,0.9986182969663738,0.9999569018847606,0.999755859375,0.9986182969663738,0.9999569018847606,0.999969482421875,0.0018516461260500439,0.0008450000000000002
quadratic_input,6500,ood_dev,9,4096,4090,4090,36857,36864,0.99853515625,0.9968075986857966,0.9993284814578364,0.99853515625,0.9968075986857966,0.9993284814578364,0.9998101128472222,0.003925766670779263,0.0008450000000000002
quadratic_input,6500,ood_dev,10,4096,4086,4088,40945,40960,0.99755859375,0.9955114747539533,0.9986733104236785,0.998046875,0.9961504506055915,0.9990099820550408,0.9996337890625,0.005281231862164226,0.0008450000000000002
quadratic_input,6500,ood_dev,11,4096,4077,4083,45028,45056,0.995361328125,0.9927660832938955,0.9970282882102334,0.996826171875,0.9945771012522003,0.9981442127009305,0.9993785511363636,0.009459209536929913,0.0008450000000000002
quadratic_input,6500,ood_dev,12,4096,4056,4065,49093,49152,0.990234375,0.9867300726317991,0.9928200003008232,0.992431640625,0.9892775496501616,0.9946629369559636,0.9987996419270834,0.020108931534013497,0.0008450000000000002
quadratic_input,6500,ood_dev,13,4096,1205,1214,50307,53248,0.294189453125,0.28043263103943405,0.30833195487580467,0.29638671875,0.28259768596143436,0.31055731362730715,0.9447678786057693,6.350822006943168,0.0008450000000000002
quadratic_input,6500,ood_dev,14,4096,149,283,50590,57344,0.036376953125,0.031063905459610283,0.042558809431301095,0.069091796875,0.061722026347128256,0.07726906990482466,0.8822195870535714,10.755987727577567,0.0008450000000000002
quadratic_input,6500,ood_dev,15,4096,14,117,50707,61440,0.00341796875,0.0020371496844209867,0.00572936010394854,0.028564453125,0.023888085979904983,0.03412426918299647,0.8253092447916667,11.725607005053597,0.0008450000000000002
quadratic_input,6500,ood_dev,16,4096,0,66,50773,65536,0.0,0.0,0.0009369774073651883,0.01611328125,0.01268594169611479,0.020447402650270854,0.7747344970703125,11.534932650753376,0.0008450000000000002
quadratic_input,6500,ood_dev,17,4096,0,73,50846,69632,0.0,0.0,0.0009369774073651883,0.017822265625,0.014199063362519719,0.022349047174368093,0.7302102481617647,11.238624170495257,0.0008450000000000002
quadratic_input,6500,ood_dev,18,4096,0,71,50917,73728,0.0,0.0,0.0009369774073651883,0.017333984375,0.01376571558724534,0.02180674746664186,0.6906060112847222,11.080070326456052,0.0008450000000000002
quadratic_input,6500,ood_dev,19,4096,0,64,50981,77824,0.0,0.0,0.0009369774073651883,0.015625,0.012255565007829483,0.01990213185555554,0.6550806949013158,11.17842082758591,0.0008450000000000002
quadratic_input,6500,ood_dev,20,4096,0,67,51048,81920,0.0,0.0,0.0009369774073651883,0.016357421875,0.012901468019013623,0.020719700068872332,0.62314453125,11.060162388531666,0.0008450000000000002
quadratic_input,6500,ood_dev,21,4096,0,61,51109,86016,0.0,0.0,0.0009369774073651883,0.014892578125,0.011611768142410793,0.019082457496473304,0.5941801525297619,11.309851779817677,0.0008450000000000002
quadratic_input,6500,ood_dev,22,4096,0,69,51178,90112,0.0,0.0,0.0009369774073651883,0.016845703125,0.013333172427690648,0.02126364314319593,0.5679376775568182,11.510084370751883,0.0008450000000000002
quadratic_input,6500,ood_dev,23,4096,0,69,51247,94208,0.0,0.0,0.0009369774073651883,0.016845703125,0.013333172427690648,0.02126364314319593,0.5439771569293478,11.694390046384285,0.0008450000000000002
quadratic_input,6500,ood_dev,24,4096,0,52,51299,98304,0.0,0.0,0.0009369774073651883,0.0126953125,0.009694640437114613,0.016609171528266693,0.5218404134114584,12.002008413525914,0.0008450000000000002
quadratic_input,6500,ood_dev,25,4096,0,50,51349,102400,0.0,0.0,0.0009369774073651883,0.01220703125,0.009271887142588631,0.016056277339792056,0.501455078125,12.203285572028875,0.0008450000000000002
quadratic_input,6500,ood_dev,26,4096,0,71,51420,106496,0.0,0.0,0.0009369774073651883,0.017333984375,0.01376571558724534,0.02180674746664186,0.4828350360576923,12.432812941252791,0.0008450000000000002
quadratic_input,6500,ood_dev,27,4096,0,71,51491,110592,0.0,0.0,0.0009369774073651883,0.017333984375,0.01376571558724534,0.02180674746664186,0.46559425636574076,12.678972848504884,0.0008450000000000002
quadratic_input,6500,ood_dev,28,4096,0,55,51546,114688,0.0,0.0,0.0009369774073651883,0.013427734375,0.010331122163193216,0.017436161026689018,0.44944545200892855,13.1583257545513,0.0008450000000000002
quadratic_input,6500,ood_dev,29,4096,0,77,51623,118784,0.0,0.0,0.0009369774073651883,0.018798828125,0.01506804743850219,0.023431358064386867,0.43459556842672414,13.504578827458317,0.0008450000000000002
quadratic_input,6500,ood_dev,30,4096,0,68,51691,122880,0.0,0.0,0.0009369774073651883,0.0166015625,0.013117213150496153,0.020991778678890113,0.4206624348958333,13.69592735001605,0.0008450000000000002
quadratic_input,6500,ood_dev,31,4096,0,88,51779,126976,0.0,0.0,0.0009369774073651883,0.021484375,0.017471913822637443,0.02639355283675502,0.4077857232862903,13.914535249378531,0.0008450000000000002
quadratic_input,6500,ood_dev,32,4096,0,57,51836,131072,0.0,0.0,0.0009369774073651883,0.013916015625,0.01075691476118927,0.017986015911693586,0.395477294921875,14.32301606036684,0.0008450000000000002
quadratic_input,6500,ood_dev,33,4096,0,67,51903,135168,0.0,0.0,0.0009369774073651883,0.016357421875,0.012901468019013623,0.020719700068872332,0.38398881392045453,14.554386625579994,0.0008450000000000002
quadratic_input,6500,ood_dev,34,4096,0,78,51981,139264,0.0,0.0,0.0009369774073651883,0.01904296875,0.01528574904596704,0.023701480198422328,0.37325511259191174,14.774128752274606,0.0008450000000000002
quadratic_input,6500,ood_dev,35,4096,0,58,52039,143360,0.0,0.0,0.0009369774073651883,0.01416015625,0.010970229851119503,0.018260524563263665,0.36299525669642857,15.099990877541458,0.0008450000000000002
quadratic_input,6500,ood_dev,36,4096,0,62,52101,147456,0.0,0.0,0.0009369774073651883,0.01513671875,0.011826124044008677,0.01935592533637573,0.35333251953125,15.411095906414126,0.0008450000000000002
quadratic_input,7000,dev,1,4096,4096,4096,4096,4096,1.0,0.9990630225926348,0.9999999999999999,1.0,0.9990630225926348,0.9999999999999999,1.0,6.241419948382898e-05,0.0009800000000000002
quadratic_input,7000,dev,2,4096,4096,4096,8192,8192,1.0,0.9990630225926348,0.9999999999999999,1.0,0.9990630225926348,0.9999999999999999,1.0,0.00014376288703843443,0.0009800000000000002
quadratic_input,7000,dev,3,4096,4096,4096,12288,12288,1.0,0.9990630225926348,0.9999999999999999,1.0,0.9990630225926348,0.9999999999999999,1.0,0.0002626862490680004,0.0009800000000000002
quadratic_input,7000,dev,4,4096,4096,4096,16384,16384,1.0,0.9990630225926348,0.9999999999999999,1.0,0.9990630225926348,0.9999999999999999,1.0,0.00035085847638693934,0.0009800000000000002
quadratic_input,7000,dev,5,4096,4096,4096,20480,20480,1.0,0.9990630225926348,0.9999999999999999,1.0,0.9990630225926348,0.9999999999999999,1.0,0.0006177202762609468,0.0009800000000000002
quadratic_input,7000,dev,6,4096,4095,4095,24575,24576,0.999755859375,0.9986182969663738,0.9999569018847606,0.999755859375,0.9986182969663738,0.9999569018847606,0.9999593098958334,0.001168386755713069,0.0009800000000000002
quadratic_input,7000,dev,7,4096,4094,4095,28670,28672,0.99951171875,0.9982212896544476,0.9998660854551866,0.999755859375,0.9986182969663738,0.9999569018847606,0.9999302455357143,0.0017333927408755834,0.0009800000000000002
quadratic_input,7000,dev,8,4096,4091,4092,32762,32768,0.998779296875,0.997145424476127,0.9994784794090062,0.9990234375,0.9974915571936952,0.9996201704329383,0.99981689453125,0.0026736247819609815,0.0009800000000000002
quadratic_input,7000,dev,9,4096,4089,4090,36852,36864,0.998291015625,0.9964763422189936,0.9991719141831389,0.99853515625,0.9968075986857966,0.9993284814578364,0.9996744791666666,0.004813991458253231,0.0009800000000000002
quadratic_input,7000,dev,10,4096,4087,4088,40940,40960,0.997802734375,0.9958290482073086,0.9988435607118235,0.998046875,0.9961504506055915,0.9990099820550408,0.99951171875,0.007605401194994865,0.0009800000000000002
quadratic_input,7000,dev,11,4096,4077,4079,45019,45056,0.995361328125,0.9927660832938955,0.9970282882102334,0.995849609375,0.9933629968413301,0.9974070221457995,0.9991787997159091,0.013745952251174032,0.0009800000000000002
quadratic_input,7000,dev,12,4096,4058,4064,49083,49152,0.99072265625,0.987292434466316,0.993233285949307,0.9921875,0.9889921727170213,0.9944604901476036,0.99859619140625,0.025664091671010247,0.0009800000000000002
quadratic_input,7000,ood_dev,1,4096,4096,4096,4096,4096,1.0,0.9990630225926348,0.9999999999999999,1.0,0.9990630225926348,0.9999999999999999,1.0,6.33109243910468e-05,0.0009800000000000002
quadratic_input,7000,ood_dev,2,4096,4096,4096,8192,8192,1.0,0.9990630225926348,0.9999999999999999,1.0,0.9990630225926348,0.9999999999999999,1.0,0.0001444720321441828,0.0009800000000000002
quadratic_input,7000,ood_dev,3,4096,4096,4096,12288,12288,1.0,0.9990630225926348,0.9999999999999999,1.0,0.9990630225926348,0.9999999999999999,1.0,0.0002097339933415654,0.0009800000000000002
quadratic_input,7000,ood_dev,4,4096,4095,4095,16383,16384,0.999755859375,0.9986182969663738,0.9999569018847606,0.999755859375,0.9986182969663738,0.9999569018847606,0.99993896484375,0.0005555281249987054,0.0009800000000000002
quadratic_input,7000,ood_dev,5,4096,4095,4095,20478,20480,0.999755859375,0.9986182969663738,0.9999569018847606,0.999755859375,0.9986182969663738,0.9999569018847606,0.99990234375,0.0014142007247315291,0.0009800000000000002
quadratic_input,7000,ood_dev,6,4096,4095,4095,24573,24576,0.999755859375,0.9986182969663738,0.9999569018847606,0.999755859375,0.9986182969663738,0.9999569018847606,0.9998779296875,0.0007662946893631783,0.0009800000000000002
quadratic_input,7000,ood_dev,7,4096,4095,4095,28668,28672,0.999755859375,0.9986182969663738,0.9999569018847606,0.999755859375,0.9986182969663738,0.9999569018847606,0.9998604910714286,0.0011385041514220262,0.0009800000000000002
quadratic_input,7000,ood_dev,8,4096,4094,4094,32762,32768,0.99951171875,0.9982212896544476,0.9998660854551866,0.99951171875,0.9982212896544476,0.9998660854551866,0.99981689453125,0.002253141617432508,0.0009800000000000002
quadratic_input,7000,ood_dev,9,4096,4094,4094,36856,36864,0.99951171875,0.9982212896544476,0.9998660854551866,0.99951171875,0.9982212896544476,0.9998660854551866,0.9997829861111112,0.0037077829611420476,0.0009800000000000002
quadratic_input,7000,ood_dev,10,4096,4093,4093,40949,40960,0.999267578125,0.9978486714629491,0.9997508799051849,0.999267578125,0.9978486714629491,0.9997508799051849,0.9997314453125,0.004658583471249589,0.0009800000000000002
quadratic_input,7000,ood_dev,11,4096,4086,4087,45036,45056,0.99755859375,0.9955114747539533,0.9986733104236785,0.997802734375,0.9958290482073086,0.9988435607118235,0.9995561079545454,0.009333429729149856,0.0009800000000000002
quadratic_input,7000,ood_dev,12,4096,4077,4079,49115,49152,0.995361328125,0.9927660832938955,0.9970282882102334,0.995849609375,0.9933629968413301,0.9974070221457995,0.9992472330729166,0.01765752041607005,0.0009800000000000002
quadratic_input,7000,ood_dev,13,4096,2371,2377,51492,53248,0.578857421875,0.56366985753922,0.59389721096538,0.580322265625,0.5651405515475498,0.5953534594060521,0.9670222355769231,2.3062555891808767,0.0009800000000000002
quadratic_input,7000,ood_dev,14,4096,312,387,51879,57344,0.076171875,0.06843926049750462,0.08469872425795727,0.094482421875,0.08590091321673533,0.1038238521512498,0.9046979631696429,9.309174345748925,0.0009800000000000002
quadratic_input,7000,ood_dev,15,4096,24,120,51999,61440,0.005859375,0.003940714277798989,0.008704032925573639,0.029296875,0.024557101432008455,0.03491872495539393,0.846337890625,11.497723126278444,0.0009800000000000002
quadratic_input,7000,ood_dev,16,4096,0,62,52061,65536,0.0,0.0,0.0009369774073651883,0.01513671875,0.011826124044008677,0.01935592533637573,0.7943878173828125,11.792974292052634,0.0009800000000000002
quadratic_input,7000,ood_dev,17,4096,0,67,52128,69632,0.0,0.0,0.0009369774073651883,0.016357421875,0.012901468019013623,0.020719700068872332,0.7486213235294118,11.812186775291707,0.0009800000000000002
quadratic_input,7000,ood_dev,18,4096,0,71,52199,73728,0.0,0.0,0.0009369774073651883,0.017333984375,0.01376571558724534,0.02180674746664186,0.7079942491319444,11.695080431851864,0.0009800000000000002
quadratic_input,7000,ood_dev,19,4096,0,77,52276,77824,0.0,0.0,0.0009369774073651883,0.018798828125,0.01506804743850219,0.023431358064386867,0.6717208059210527,11.787572209543157,0.0009800000000000002
quadratic_input,7000,ood_dev,20,4096,0,60,52336,81920,0.0,0.0,0.0009369774073651883,0.0146484375,0.01139766303294143,0.018808738864442356,0.6388671875,11.94570807737523,0.0009800000000000002
quadratic_input,7000,ood_dev,21,4096,0,67,52403,86016,0.0,0.0,0.0009369774073651883,0.016357421875,0.012901468019013623,0.020719700068872332,0.6092238653273809,12.208235477138317,0.0009800000000000002
quadratic_input,7000,ood_dev,22,4096,0,57,52460,90112,0.0,0.0,0.0009369774073651883,0.013916015625,0.01075691476118927,0.017986015911693586,0.5821644176136364,12.461989694423835,0.0009800000000000002
quadratic_input,7000,ood_dev,23,4096,0,70,52530,94208,0.0,0.0,0.0009369774073651883,0.01708984375,0.0135493413532538,0.021535297959133087,0.5575959578804348,12.670098852107174,0.0009800000000000002
quadratic_input,7000,ood_dev,24,4096,0,84,52614,98304,0.0,0.0,0.0009369774073651883,0.0205078125,0.016595533532573623,0.025318638160817603,0.53521728515625,13.004254775711104,0.0009800000000000002
quadratic_input,7000,ood_dev,25,4096,0,65,52679,102400,0.0,0.0,0.0009369774073651883,0.015869140625,0.012470639018872916,0.020174881586012418,0.514443359375,13.374004178895206,0.0009800000000000002
quadratic_input,7000,ood_dev,26,4096,0,66,52745,106496,0.0,0.0,0.0009369774073651883,0.01611328125,0.01268594169611479,0.020447402650270854,0.49527681790865385,13.617024373289851,0.0009800000000000002
quadratic_input,7000,ood_dev,27,4096,0,70,52815,110592,0.0,0.0,0.0009369774073651883,0.01708984375,0.0135493413532538,0.021535297959133087,0.4775661892361111,13.983408316487846,0.0009800000000000002
quadratic_input,7000,ood_dev,28,4096,0,59,52874,114688,0.0,0.0,0.0009369774073651883,0.014404296875,0.011183814817094736,0.01853476333878874,0.46102469308035715,14.399337936208013,0.0009800000000000002
quadratic_input,7000,ood_dev,29,4096,0,59,52933,118784,0.0,0.0,0.0009369774073651883,0.014404296875,0.011183814817094736,0.01853476333878874,0.44562398976293105,14.763113849950198,0.0009800000000000002
quadratic_input,7000,ood_dev,30,4096,0,61,52994,122880,0.0,0.0,0.0009369774073651883,0.014892578125,0.011611768142410793,0.019082457496473304,0.4312662760416667,14.949665017063458,0.0009800000000000002
quadratic_input,7000,ood_dev,31,4096,0,75,53069,126976,0.0,0.0,0.0009369774073651883,0.018310546875,0.014633183903943853,0.022890574115944584,0.41794512348790325,15.136438426563615,0.0009800000000000002
quadratic_input,7000,ood_dev,32,4096,0,70,53139,131072,0.0,0.0,0.0009369774073651883,0.01708984375,0.0135493413532538,0.021535297959133087,0.40541839599609375,15.460230739491251,0.0009800000000000002
quadratic_input,7000,ood_dev,33,4096,0,69,53208,135168,0.0,0.0,0.0009369774073651883,0.016845703125,0.013333172427690648,0.02126364314319593,0.3936434659090909,15.650366827061937,0.0009800000000000002
quadratic_input,7000,ood_dev,34,4096,0,64,53272,139264,0.0,0.0,0.0009369774073651883,0.015625,0.012255565007829483,0.01990213185555554,0.3825252757352941,15.901488028995715,0.0009800000000000002
quadratic_input,7000,ood_dev,35,4096,0,59,53331,143360,0.0,0.0,0.0009369774073651883,0.014404296875,0.011183814817094736,0.01853476333878874,0.3720075334821429,16.1864703767473,0.0009800000000000002
quadratic_input,7000,ood_dev,36,4096,0,61,53392,147456,0.0,0.0,0.0009369774073651883,0.014892578125,0.011611768142410793,0.019082457496473304,0.3620876736111111,16.3182132228445,0.0009800000000000002
quadratic_input,7500,dev,1,4096,4096,4096,4096,4096,1.0,0.9990630225926348,0.9999999999999999,1.0,0.9990630225926348,0.9999999999999999,1.0,9.066184449357806e-05,0.001125
quadratic_input,7500,dev,2,4096,4096,4096,8192,8192,1.0,0.9990630225926348,0.9999999999999999,1.0,0.9990630225926348,0.9999999999999999,1.0,0.0002725437062749414,0.001125
quadratic_input,7500,dev,3,4096,4094,4094,12286,12288,0.99951171875,0.9982212896544476,0.9998660854551866,0.99951171875,0.9982212896544476,0.9998660854551866,0.9998372395833334,0.0006473465489080787,0.001125
quadratic_input,7500,dev,4,4096,4094,4095,16381,16384,0.99951171875,0.9982212896544476,0.9998660854551866,0.999755859375,0.9986182969663738,0.9999569018847606,0.99981689453125,0.0011334818241950373,0.001125
quadratic_input,7500,dev,5,4096,4093,4095,20476,20480,0.999267578125,0.9978486714629491,0.9997508799051849,0.999755859375,0.9986182969663738,0.9999569018847606,0.9998046875,0.001028589948353975,0.001125
quadratic_input,7500,dev,6,4096,4092,4094,24570,24576,0.9990234375,0.9974915571936952,0.9996201704329383,0.99951171875,0.9982212896544476,0.9998660854551866,0.999755859375,0.0012073447624909583,0.001125
quadratic_input,7500,dev,7,4096,4092,4093,28663,28672,0.9990234375,0.9974915571936952,0.9996201704329383,0.999267578125,0.9978486714629491,0.9997508799051849,0.9996861049107143,0.0012185539906566234,0.001125
quadratic_input,7500,dev,8,4096,4091,4094,32757,32768,0.998779296875,0.997145424476127,0.9994784794090062,0.99951171875,0.9982212896544476,0.9998660854551866,0.999664306640625,0.0014884084723809643,0.001125
quadratic_input,7500,dev,9,4096,4091,4094,36851,36864,0.998779296875,0.997145424476127,0.9994784794090062,0.99951171875,0.9982212896544476,0.9998660854551866,0.9996473524305556,0.002152833867946846,0.001125
quadratic_input,7500,dev,10,4096,4090,4093,40944,40960,0.99853515625,0.9968075986857966,0.9993284814578364,0.999267578125,0.9978486714629491,0.9997508799051849,0.999609375,0.0024643145128795396,0.001125
quadratic_input,7500,dev,11,4096,4088,4093,45037,45056,0.998046875,0.9961504506055915,0.9990099820550408,0.999267578125,0.9978486714629491,0.9997508799051849,0.9995783025568182,0.003380967996255091,0.001125
quadratic_input,7500,dev,12,4096,4080,4085,49122,49152,0.99609375,0.9936637657680687,0.9975940769605611,0.997314453125,0.9951972177470491,0.9984997436890822,0.9993896484375,0.009633479573182946,0.001125
quadratic_input,7500,ood_dev,1,4096,4096,4096,4096,4096,1.0,0.9990630225926348,0.9999999999999999,1.0,0.9990630225926348,0.9999999999999999,1.0,9.220205504201218e-05,0.001125
quadratic_input,7500,ood_dev,2,4096,4096,4096,8192,8192,1.0,0.9990630225926348,0.9999999999999999,1.0,0.9990630225926348,0.9999999999999999,1.0,0.00042930435065002825,0.001125
quadratic_input,7500,ood_dev,3,4096,4093,4093,12285,12288,0.999267578125,0.9978486714629491,0.9997508799051849,0.999267578125,0.9978486714629491,0.9997508799051849,0.999755859375,0.002751024696757476,0.001125
quadratic_input,7500,ood_dev,4,4096,4093,4093,16378,16384,0.999267578125,0.9978486714629491,0.9997508799051849,0.999267578125,0.9978486714629491,0.9997508799051849,0.9996337890625,0.0034397811359565544,0.001125
quadratic_input,7500,ood_dev,5,4096,4093,4093,20471,20480,0.999267578125,0.9978486714629491,0.9997508799051849,0.999267578125,0.9978486714629491,0.9997508799051849,0.999560546875,0.0034450791566928984,0.001125
quadratic_input,7500,ood_dev,6,4096,4093,4093,24564,24576,0.999267578125,0.9978486714629491,0.9997508799051849,0.999267578125,0.9978486714629491,0.9997508799051849,0.99951171875,0.004021882948697542,0.001125
quadratic_input,7500,ood_dev,7,4096,4093,4094,28658,28672,0.999267578125,0.9978486714629491,0.9997508799051849,0.99951171875,0.9982212896544476,0.9998660854551866,0.99951171875,0.003836488723204745,0.001125
quadratic_input,7500,ood_dev,8,4096,4091,4092,32750,32768,0.998779296875,0.997145424476127,0.9994784794090062,0.9990234375,0.9974915571936952,0.9996201704329383,0.99945068359375,0.004547657083747936,0.001125
quadratic_input,7500,ood_dev,9,4096,4089,4090,36840,36864,0.998291015625,0.9964763422189936,0.9991719141831389,0.99853515625,0.9968075986857966,0.9993284814578364,0.9993489583333334,0.006126290071695628,0.001125
quadratic_input,7500,ood_dev,10,4096,4086,4087,40927,40960,0.99755859375,0.9955114747539533,0.9986733104236785,0.997802734375,0.9958290482073086,0.9988435607118235,0.9991943359375,0.007473113972421785,0.001125
quadratic_input,7500,ood_dev,11,4096,4079,4084,45011,45056,0.995849609375,0.9933629968413301,0.9974070221457995,0.9970703125,0.9948858699188933,0.9983232677757378,0.9990012428977273,0.010943584262578465,0.001125
quadratic_input,7500,ood_dev,12,4096,4071,4079,49090,49152,0.993896484375,0.9910051126562461,0.995862316398881,0.995849609375,0.9933629968413301,0.9974070221457995,0.9987386067708334,0.018363956119177516,0.001125
quadratic_input,7500,ood_dev,13,4096,2812,2818,51908,53248,0.6865234375,0.6721473833392579,0.7005499551669789,0.68798828125,0.6736289470306165,0.7019953339246221,0.9748347355769231,1.595620838128605,0.001125
quadratic_input,7500,ood_dev,14,4096,411,480,52388,57344,0.100341796875,0.091511687728977,0.1099208474350156,0.1171875,0.10769411736362602,0.12739825596388793,0.91357421875,8.132366750839793,0.001125
quadratic_input,7500,ood_dev,15,4096,34,148,52536,61440,0.00830078125,0.00594629450988538,0.011576690108490348,0.0361328125,0.030838463484247167,0.042296427665163894,0.855078125,9.837930213166459,0.001125
quadratic_input,7500,ood_dev,16,4096,3,66,52602,65536,0.000732421875,0.0002491200948151938,0.0021513285370509242,0.01611328125,0.01268594169611479,0.020447402650270854,0.802642822265625,9.71381516617248,0.001125
quadratic_input,7500,ood_dev,17,4096,0,65,52667,69632,0.0,0.0,0.0009369774073651883,0.015869140625,0.012470639018872916,0.020174881586012418,0.7563620174632353,9.481184063974979,0.001125
quadratic_input,7500,ood_dev,18,4096,0,64,52731,73728,0.0,0.0,0.0009369774073651883,0.015625,0.012255565007829483,0.01990213185555554,0.7152099609375,9.34425899155815,0.001125
quadratic_input,7500,ood_dev,19,4096,0,80,52811,77824,0.0,0.0,0.0009369774073651883,0.01953125,0.015721675338006252,0.02424120138938373,0.6785952919407895,9.313360782463405,0.001125
quadratic_input,7500,ood_dev,20,4096,0,75,52886,81920,0.0,0.0,0.0009369774073651883,0.018310546875,0.014633183903943853,0.022890574115944584,0.6455810546875,9.272179871129765,0.001125
quadratic_input,7500,ood_dev,21,4096,0,69,52955,86016,0.0,0.0,0.0009369774073651883,0.016845703125,0.013333172427690648,0.02126364314319593,0.6156412760416666,9.477848396067202,0.001125
quadratic_input,7500,ood_dev,22,4096,0,64,53019,90112,0.0,0.0,0.0009369774073651883,0.015625,0.012255565007829483,0.01990213185555554,0.5883678089488636,9.598278003924861,0.001125
quadratic_input,7500,ood_dev,23,4096,0,75,53094,94208,0.0,0.0,0.0009369774073651883,0.018310546875,0.014633183903943853,0.022890574115944584,0.563582710597826,9.743010838524242,0.001125
quadratic_input,7500,ood_dev,24,4096,0,64,53158,98304,0.0,0.0,0.0009369774073651883,0.015625,0.012255565007829483,0.01990213185555554,0.5407511393229166,10.074136774408544,0.001125
quadratic_input,7500,ood_dev,25,4096,0,63,53221,102400,0.0,0.0,0.0009369774073651883,0.015380859375,0.012040724876904885,0.019629148244979834,0.519736328125,10.268053156383758,0.001125
quadratic_input,7500,ood_dev,26,4096,0,82,53303,106496,0.0,0.0,0.0009369774073651883,0.02001953125,0.01615827811132198,0.024780246099068624,0.5005164513221154,10.467442946030303,0.001125
quadratic_input,7500,ood_dev,27,4096,0,78,53381,110592,0.0,0.0,0.0009369774073651883,0.01904296875,0.01528574904596704,0.023701480198422328,0.48268410011574076,10.750634978636441,0.001125
quadratic_input,7500,ood_dev,28,4096,0,72,53453,114688,0.0,0.0,0.0009369774073651883,0.017578125,0.013982290939508705,0.022077995855878798,0.4660731724330357,11.168797767468732,0.001125
quadratic_input,7500,ood_dev,29,4096,0,69,53522,118784,0.0,0.0,0.0009369774073651883,0.016845703125,0.013333172427690648,0.02126364314319593,0.4505825700431034,11.549975547721779,0.001125
quadratic_input,7500,ood_dev,30,4096,0,69,53591,122880,0.0,0.0,0.0009369774073651883,0.016845703125,0.013333172427690648,0.02126364314319593,0.43612467447916664,11.800425169945242,0.001125
quadratic_input,7500,ood_dev,31,4096,0,77,53668,126976,0.0,0.0,0.0009369774073651883,0.018798828125,0.01506804743850219,0.023431358064386867,0.4226625504032258,12.096765212314608,0.001125
quadratic_input,7500,ood_dev,32,4096,0,63,53731,131072,0.0,0.0,0.0009369774073651883,0.015380859375,0.012040724876904885,0.019629148244979834,0.40993499755859375,12.554355063551839,0.001125
quadratic_input,7500,ood_dev,33,4096,0,67,53798,135168,0.0,0.0,0.0009369774073651883,0.016357421875,0.012901468019013623,0.020719700068872332,0.3980084043560606,12.88080122791456,0.001125
quadratic_input,7500,ood_dev,34,4096,0,83,53881,139264,0.0,0.0,0.0009369774073651883,0.020263671875,0.01637682567489716,0.025049522276993755,0.3868982651654412,13.204227860936328,0.001125
quadratic_input,7500,ood_dev,35,4096,0,60,53941,143360,0.0,0.0,0.0009369774073651883,0.0146484375,0.01139766303294143,0.018808738864442356,0.37626255580357143,13.706329676371269,0.001125
quadratic_input,7500,ood_dev,36,4096,0,67,54008,147456,0.0,0.0,0.0009369774073651883,0.016357421875,0.012901468019013623,0.020719700068872332,0.3662651909722222,14.079053704933358,0.001125
quadratic_input,8000,dev,1,4096,4096,4096,4096,4096,1.0,0.9990630225926348,0.9999999999999999,1.0,0.9990630225926348,0.9999999999999999,1.0,6.766671133418001e-05,0.00128
quadratic_input,8000,dev,2,4096,4096,4096,8192,8192,1.0,0.9990630225926348,0.9999999999999999,1.0,0.9990630225926348,0.9999999999999999,1.0,0.00015967888456680512,0.00128
quadratic_input,8000,dev,3,4096,4096,4096,12288,12288,1.0,0.9990630225926348,0.9999999999999999,1.0,0.9990630225926348,0.9999999999999999,1.0,0.00017092411028896137,0.00128
quadratic_input,8000,dev,4,4096,4096,4096,16384,16384,1.0,0.9990630225926348,0.9999999999999999,1.0,0.9990630225926348,0.9999999999999999,1.0,0.00020789656472164353,0.00128
quadratic_input,8000,dev,5,4096,4096,4096,20480,20480,1.0,0.9990630225926348,0.9999999999999999,1.0,0.9990630225926348,0.9999999999999999,1.0,0.0005917645337749633,0.00128
quadratic_input,8000,dev,6,4096,4096,4096,24576,24576,1.0,0.9990630225926348,0.9999999999999999,1.0,0.9990630225926348,0.9999999999999999,1.0,0.0006699221201467154,0.00128
quadratic_input,8000,dev,7,4096,4095,4095,28671,28672,0.999755859375,0.9986182969663738,0.9999569018847606,0.999755859375,0.9986182969663738,0.9999569018847606,0.9999651227678571,0.0010737545933285908,0.00128
quadratic_input,8000,dev,8,4096,4091,4091,32762,32768,0.998779296875,0.997145424476127,0.9994784794090062,0.998779296875,0.997145424476127,0.9994784794090062,0.99981689453125,0.0030596794977530983,0.00128
quadratic_input,8000,dev,9,4096,4090,4090,36852,36864,0.99853515625,0.9968075986857966,0.9993284814578364,0.99853515625,0.9968075986857966,0.9993284814578364,0.9996744791666666,0.005089784013356802,0.00128
quadratic_input,8000,dev,10,4096,4087,4087,40939,40960,0.997802734375,0.9958290482073086,0.9988435607118235,0.997802734375,0.9958290482073086,0.9988435607118235,0.9994873046875,0.006028644920432313,0.00128
quadratic_input,8000,dev,11,4096,4083,4085,45024,45056,0.996826171875,0.9945771012522003,0.9981442127009305,0.997314453125,0.9951972177470491,0.9984997436890822,0.9992897727272727,0.009832723272233501,0.00128
quadratic_input,8000,dev,12,4096,4076,4080,49104,49152,0.9951171875,0.9924697076331114,0.9968368401295172,0.99609375,0.9936637657680687,0.9975940769605611,0.9990234375,0.015598640495259719,0.00128
quadratic_input,8000,ood_dev,1,4096,4096,4096,4096,4096,1.0,0.9990630225926348,0.9999999999999999,1.0,0.9990630225926348,0.9999999999999999,1.0,6.728805897848744e-05,0.00128
quadratic_input,8000,ood_dev,2,4096,4096,4096,8192,8192,1.0,0.9990630225926348,0.9999999999999999,1.0,0.9990630225926348,0.9999999999999999,1.0,0.00016794011106080475,0.00128
quadratic_input,8000,ood_dev,3,4096,4096,4096,12288,12288,1.0,0.9990630225926348,0.9999999999999999,1.0,0.9990630225926348,0.9999999999999999,1.0,0.00030773924696081423,0.00128
quadratic_input,8000,ood_dev,4,4096,4095,4095,16383,16384,0.999755859375,0.9986182969663738,0.9999569018847606,0.999755859375,0.9986182969663738,0.9999569018847606,0.99993896484375,0.0006078431687552843,0.00128
quadratic_input,8000,ood_dev,5,4096,4094,4094,20477,20480,0.99951171875,0.9982212896544476,0.9998660854551866,0.99951171875,0.9982212896544476,0.9998660854551866,0.999853515625,0.0011519516909301863,0.00128
quadratic_input,8000,ood_dev,6,4096,4093,4093,24570,24576,0.999267578125,0.9978486714629491,0.9997508799051849,0.999267578125,0.9978486714629491,0.9997508799051849,0.999755859375,0.0016514501398852133,0.00128
quadratic_input,8000,ood_dev,7,4096,4093,4095,28665,28672,0.999267578125,0.9978486714629491,0.9997508799051849,0.999755859375,0.9986182969663738,0.9999569018847606,0.999755859375,0.0020301476356596737,0.00128
quadratic_input,8000,ood_dev,8,4096,4092,4093,32758,32768,0.9990234375,0.9974915571936952,0.9996201704329383,0.999267578125,0.9978486714629491,0.9997508799051849,0.99969482421875,0.003836361922175957,0.00128
quadratic_input,8000,ood_dev,9,4096,4091,4092,36850,36864,0.998779296875,0.997145424476127,0.9994784794090062,0.9990234375,0.9974915571936952,0.9996201704329383,0.9996202256944444,0.005295682165059823,0.00128
quadratic_input,8000,ood_dev,10,4096,4090,4090,40940,40960,0.99853515625,0.9968075986857966,0.9993284814578364,0.99853515625,0.9968075986857966,0.9993284814578364,0.99951171875,0.007821317722759069,0.00128
quadratic_input,8000,ood_dev,11,4096,4086,4086,45026,45056,0.99755859375,0.9955114747539533,0.9986733104236785,0.99755859375,0.9955114747539533,0.9986733104236785,0.9993341619318182,0.012329187345773374,0.00128
quadratic_input,8000,ood_dev,12,4096,4077,4080,49106,49152,0.995361328125,0.9927660832938955,0.9970282882102334,0.99609375,0.9936637657680687,0.9975940769605611,0.9990641276041666,0.017775693834308326,0.00128
quadratic_input,8000,ood_dev,13,4096,2982,2983,52089,53248,0.72802734375,0.7141912615147941,0.7414361130464955,0.728271484375,0.714439001527118,0.7416761967756718,0.9782339242788461,1.2871497784851045,0.00128
quadratic_input,8000,ood_dev,14,4096,601,701,52790,57344,0.146728515625,0.13622354395615024,0.15789550209290118,0.171142578125,0.15991780888561646,0.18298361131346597,0.9205845424107143,7.3589447899212574,0.00128
quadratic_input,8000,ood_dev,15,4096,61,198,52988,61440,0.014892578125,0.011611768142410793,0.019082457496473304,0.04833984375,0.04218406026026596,0.055342017964160606,0.8624348958333333,10.063246651252385,0.00128
quadratic_input,8000,ood_dev,16,4096,2,80,53068,65536,0.00048828125,0.00013391454481334652,0.0017787103455524616,0.01953125,0.015721675338006252,0.02424120138938373,0.80975341796875,10.7502764884308,0.00128
quadratic_input,8000,ood_dev,17,4096,0,73,53141,69632,0.0,0.0,0.0009369774073651883,0.017822265625,0.014199063362519719,0.022349047174368093,0.7631692325367647,10.891431898481315,0.00128
quadratic_input,8000,ood_dev,18,4096,0,66,53207,73728,0.0,0.0,0.0009369774073651883,0.01611328125,0.01268594169611479,0.020447402650270854,0.7216661241319444,10.834058938681892,0.00128
quadratic_input,8000,ood_dev,19,4096,0,70,53277,77824,0.0,0.0,0.0009369774073651883,0.01708984375,0.0135493413532538,0.021535297959133087,0.684583162006579,10.918236115634954,0.00128
quadratic_input,8000,ood_dev,20,4096,0,60,53337,81920,0.0,0.0,0.0009369774073651883,0.0146484375,0.01139766303294143,0.018808738864442356,0.65108642578125,11.064795699290876,0.00128
quadratic_input,8000,ood_dev,21,4096,0,68,53405,86016,0.0,0.0,0.0009369774073651883,0.0166015625,0.013117213150496153,0.020991778678890113,0.6208728608630952,11.425531505404976,0.00128
quadratic_input,8000,ood_dev,22,4096,0,62,53467,90112,0.0,0.0,0.0009369774073651883,0.01513671875,0.011826124044008677,0.01935592533637573,0.5933393998579546,11.650382624819656,0.00128
quadratic_input,8000,ood_dev,23,4096,0,79,53546,94208,0.0,0.0,0.0009369774073651883,0.019287109375,0.015503626084669948,0.023971426901219724,0.5683806046195652,11.99117263793076,0.00128
quadratic_input,8000,ood_dev,24,4096,0,77,53623,98304,0.0,0.0,0.0009369774073651883,0.018798828125,0.01506804743850219,0.023431358064386867,0.5454813639322916,12.374451567688908,0.00128
quadratic_input,8000,ood_dev,25,4096,0,55,53678,102400,0.0,0.0,0.0009369774073651883,0.013427734375,0.010331122163193216,0.017436161026689018,0.52419921875,12.817597163855794,0.00128
quadratic_input,8000,ood_dev,26,4096,0,63,53741,106496,0.0,0.0,0.0009369774073651883,0.015380859375,0.012040724876904885,0.019629148244979834,0.5046292818509616,13.144012395884403,0.00128
quadratic_input,8000,ood_dev,27,4096,0,58,53799,110592,0.0,0.0,0.0009369774073651883,0.01416015625,0.010970229851119503,0.018260524563263665,0.4864637586805556,13.50720061094372,0.00128
quadratic_input,8000,ood_dev,28,4096,0,59,53858,114688,0.0,0.0,0.0009369774073651883,0.014404296875,0.011183814817094736,0.01853476333878874,0.4696044921875,14.091556639533962,0.00128
quadratic_input,8000,ood_dev,29,4096,0,61,53919,118784,0.0,0.0,0.0009369774073651883,0.014892578125,0.011611768142410793,0.019082457496473304,0.45392477101293105,14.472361897764078,0.00128
quadratic_input,8000,ood_dev,30,4096,0,64,53983,122880,0.0,0.0,0.0009369774073651883,0.015625,0.012255565007829483,0.01990213185555554,0.43931477864583335,14.710061701364943,0.00128
quadratic_input,8000,ood_dev,31,4096,0,72,54055,126976,0.0,0.0,0.0009369774073651883,0.017578125,0.013982290939508705,0.022077995855878798,0.4257103704637097,14.854027943090056,0.00128
quadratic_input,8000,ood_dev,32,4096,0,68,54123,131072,0.0,0.0,0.0009369774073651883,0.0166015625,0.013117213150496153,0.020991778678890113,0.41292572021484375,15.23314498436313,0.00128
quadratic_input,8000,ood_dev,33,4096,0,60,54183,135168,0.0,0.0,0.0009369774073651883,0.0146484375,0.01139766303294143,0.018808738864442356,0.4008567116477273,15.348293867603992,0.00128
quadratic_input,8000,ood_dev,34,4096,0,65,54248,139264,0.0,0.0,0.0009369774073651883,0.015869140625,0.012470639018872916,0.020174881586012418,0.38953354779411764,15.606274404727607,0.00128
quadratic_input,8000,ood_dev,35,4096,0,57,54305,143360,0.0,0.0,0.0009369774073651883,0.013916015625,0.01075691476118927,0.017986015911693586,0.37880161830357145,15.713529070035861,0.00128
quadratic_input,8000,ood_dev,36,4096,0,64,54369,147456,0.0,0.0,0.0009369774073651883,0.015625,0.012255565007829483,0.01990213185555554,0.36871337890625,15.830094089130704,0.00128
quadratic_input,8500,dev,1,4096,4096,4096,4096,4096,1.0,0.9990630225926348,0.9999999999999999,1.0,0.9990630225926348,0.9999999999999999,1.0,7.791340395524315e-05,0.0014450000000000003
quadratic_input,8500,dev,2,4096,4096,4096,8192,8192,1.0,0.9990630225926348,0.9999999999999999,1.0,0.9990630225926348,0.9999999999999999,1.0,0.00013741834914426931,0.0014450000000000003
quadratic_input,8500,dev,3,4096,4096,4096,12288,12288,1.0,0.9990630225926348,0.9999999999999999,1.0,0.9990630225926348,0.9999999999999999,1.0,0.0001473580861013346,0.0014450000000000003
quadratic_input,8500,dev,4,4096,4096,4096,16384,16384,1.0,0.9990630225926348,0.9999999999999999,1.0,0.9990630225926348,0.9999999999999999,1.0,0.00014446167703141555,0.0014450000000000003
quadratic_input,8500,dev,5,4096,4096,4096,20480,20480,1.0,0.9990630225926348,0.9999999999999999,1.0,0.9990630225926348,0.9999999999999999,1.0,0.00015605196021484247,0.0014450000000000003
quadratic_input,8500,dev,6,4096,4095,4095,24575,24576,0.999755859375,0.9986182969663738,0.9999569018847606,0.999755859375,0.9986182969663738,0.9999569018847606,0.9999593098958334,0.00042490904941594465,0.0014450000000000003
quadratic_input,8500,dev,7,4096,4095,4095,28670,28672,0.999755859375,0.9986182969663738,0.9999569018847606,0.999755859375,0.9986182969663738,0.9999569018847606,0.9999302455357143,0.0006708299907480786,0.0014450000000000003
quadratic_input,8500,dev,8,4096,4095,4095,32765,32768,0.999755859375,0.9986182969663738,0.9999569018847606,0.999755859375,0.9986182969663738,0.9999569018847606,0.999908447265625,0.0006875024824664067,0.0014450000000000003
quadratic_input,8500,dev,9,4096,4094,4094,36859,36864,0.99951171875,0.9982212896544476,0.9998660854551866,0.99951171875,0.9982212896544476,0.9998660854551866,0.9998643663194444,0.0012856906742766405,0.0014450000000000003
quadratic_input,8500,dev,10,4096,4094,4095,40954,40960,0.99951171875,0.9982212896544476,0.9998660854551866,0.999755859375,0.9986182969663738,0.9999569018847606,0.999853515625,0.0023430324741950947,0.0014450000000000003
quadratic_input,8500,dev,11,4096,4090,4090,45044,45056,0.99853515625,0.9968075986857966,0.9993284814578364,0.99853515625,0.9968075986857966,0.9993284814578364,0.9997336647727273,0.004527732251322636,0.0014450000000000003
quadratic_input,8500,dev,12,4096,4080,4083,49127,49152,0.99609375,0.9936637657680687,0.9975940769605611,0.996826171875,0.9945771012522003,0.9981442127009305,0.9994913736979166,0.01075772028713251,0.0014450000000000003
quadratic_input,8500,ood_dev,1,4096,4096,4096,4096,4096,1.0,0.9990630225926348,0.9999999999999999,1.0,0.9990630225926348,0.9999999999999999,1.0,7.800485894060571e-05,0.0014450000000000003
quadratic_input,8500,ood_dev,2,4096,4096,4096,8192,8192,1.0,0.9990630225926348,0.9999999999999999,1.0,0.9990630225926348,0.9999999999999999,1.0,0.00014433762156063068,0.0014450000000000003
quadratic_input,8500,ood_dev,3,4096,4096,4096,12288,12288,1.0,0.9990630225926348,0.9999999999999999,1.0,0.9990630225926348,0.9999999999999999,1.0,0.000138959520534776,0.0014450000000000003
quadratic_input,8500,ood_dev,4,4096,4096,4096,16384,16384,1.0,0.9990630225926348,0.9999999999999999,1.0,0.9990630225926348,0.9999999999999999,1.0,0.00018558426261350291,0.0014450000000000003
quadratic_input,8500,ood_dev,5,4096,4096,4096,20480,20480,1.0,0.9990630225926348,0.9999999999999999,1.0,0.9990630225926348,0.9999999999999999,1.0,0.0002669151938419212,0.0014450000000000003
quadratic_input,8500,ood_dev,6,4096,4096,4096,24576,24576,1.0,0.9990630225926348,0.9999999999999999,1.0,0.9990630225926348,0.9999999999999999,1.0,0.00021566572897979697,0.0014450000000000003
quadratic_input,8500,ood_dev,7,4096,4096,4096,28672,28672,1.0,0.9990630225926348,0.9999999999999999,1.0,0.9990630225926348,0.9999999999999999,1.0,0.000587711526457646,0.0014450000000000003
quadratic_input,8500,ood_dev,8,4096,4096,4096,32768,32768,1.0,0.9990630225926348,0.9999999999999999,1.0,0.9990630225926348,0.9999999999999999,1.0,0.0005079998931631913,0.0014450000000000003
quadratic_input,8500,ood_dev,9,4096,4096,4096,36864,36864,1.0,0.9990630225926348,0.9999999999999999,1.0,0.9990630225926348,0.9999999999999999,1.0,0.0009691280765040666,0.0014450000000000003
quadratic_input,8500,ood_dev,10,4096,4088,4088,40952,40960,0.998046875,0.9961504506055915,0.9990099820550408,0.998046875,0.9961504506055915,0.9990099820550408,0.9998046875,0.003505829025231222,0.0014450000000000003
quadratic_input,8500,ood_dev,11,4096,4085,4089,45041,45056,0.997314453125,0.9951972177470491,0.9984997436890822,0.998291015625,0.9964763422189936,0.9991719141831389,0.9996670809659091,0.0033608878153557065,0.0014450000000000003
quadratic_input,8500,ood_dev,12,4096,4080,4083,49124,49152,0.99609375,0.9936637657680687,0.9975940769605611,0.996826171875,0.9945771012522003,0.9981442127009305,0.9994303385416666,0.011078055799332187,0.0014450000000000003
quadratic_input,8500,ood_dev,13,4096,2746,2751,51875,53248,0.67041015625,0.6558608931079,0.6846400784593163,0.671630859375,0.6570940398767082,0.6858460503980097,0.9742149939903846,1.753341128990201,0.0014450000000000003
quadratic_input,8500,ood_dev,14,4096,552,678,52553,57344,0.134765625,0.1246497207650136,0.14556596195052265,0.16552734375,0.15446000465916146,0.17722146948541387,0.9164515904017857,7.620551682957571,0.0014450000000000003
quadratic_input,8500,ood_dev,15,4096,69,211,52764,61440,0.016845703125,0.013333172427690648,0.02126364314319593,0.051513671875,0.04515471096533265,0.058713075898597936,0.8587890625,10.321426032348391,0.0014450000000000003
quadratic_input,8500,ood_dev,16,4096,4,79,52843,65536,0.0009765625,0.000379829567061715,0.0025084428063047127,0.019287109375,0.015503626084669948,0.023971426901219724,0.8063201904296875,11.089622664127504,0.0014450000000000003
quadratic_input,8500,ood_dev,17,4096,0,70,52913,69632,0.0,0.0,0.0009369774073651883,0.01708984375,0.0135493413532538,0.021535297959133087,0.7598948759191176,11.2207319162533,0.0014450000000000003
quadratic_input,8500,ood_dev,18,4096,0,68,52981,73728,0.0,0.0,0.0009369774073651883,0.0166015625,0.013117213150496153,0.020991778678890113,0.7186008029513888,10.96137552774394,0.0014450000000000003
quadratic_input,8500,ood_dev,19,4096,0,65,53046,77824,0.0,0.0,0.0009369774073651883,0.015869140625,0.012470639018872916,0.020174881586012418,0.6816149259868421,10.875217977921807,0.0014450000000000003
quadratic_input,8500,ood_dev,20,4096,0,62,53108,81920,0.0,0.0,0.0009369774073651883,0.01513671875,0.011826124044008677,0.01935592533637573,0.648291015625,10.878185977189275,0.0014450000000000003
quadratic_input,8500,ood_dev,21,4096,0,60,53168,86016,0.0,0.0,0.0009369774073651883,0.0146484375,0.01139766303294143,0.018808738864442356,0.6181175595238095,11.145429459836805,0.0014450000000000003
quadratic_input,8500,ood_dev,22,4096,0,59,53227,90112,0.0,0.0,0.0009369774073651883,0.014404296875,0.011183814817094736,0.01853476333878874,0.5906760475852273,11.307742033355908,0.0014450000000000003
quadratic_input,8500,ood_dev,23,4096,0,77,53304,94208,0.0,0.0,0.0009369774073651883,0.018798828125,0.01506804743850219,0.023431358064386867,0.565811820652174,11.550020484287643,0.0014450000000000003
quadratic_input,8500,ood_dev,24,4096,0,81,53385,98304,0.0,0.0,0.0009369774073651883,0.019775390625,0.015939893688042484,0.02451080678084781,0.543060302734375,11.970029480046719,0.0014450000000000003
quadratic_input,8500,ood_dev,25,4096,0,59,53444,102400,0.0,0.0,0.0009369774073651883,0.014404296875,0.011183814817094736,0.01853476333878874,0.5219140625,12.33671449551872,0.0014450000000000003
quadratic_input,8500,ood_dev,26,4096,0,70,53514,106496,0.0,0.0,0.0009369774073651883,0.01708984375,0.0135493413532538,0.021535297959133087,0.5024977463942307,12.664558806618743,0.0014450000000000003
quadratic_input,8500,ood_dev,27,4096,0,62,53576,110592,0.0,0.0,0.0009369774073651883,0.01513671875,0.011826124044008677,0.01935592533637573,0.48444733796296297,13.107577967728048,0.0014450000000000003
quadratic_input,8500,ood_dev,28,4096,0,59,53635,114688,0.0,0.0,0.0009369774073651883,0.014404296875,0.011183814817094736,0.01853476333878874,0.4676600864955357,13.567919687216861,0.0014450000000000003
quadratic_input,8500,ood_dev,29,4096,0,55,53690,118784,0.0,0.0,0.0009369774073651883,0.013427734375,0.010331122163193216,0.017436161026689018,0.4519969019396552,14.141488533767664,0.0014450000000000003
quadratic_input,8500,ood_dev,30,4096,0,67,53757,122880,0.0,0.0,0.0009369774073651883,0.016357421875,0.012901468019013623,0.020719700068872332,0.4374755859375,14.389289535727315,0.0014450000000000003
quadratic_input,8500,ood_dev,31,4096,0,72,53829,126976,0.0,0.0,0.0009369774073651883,0.017578125,0.013982290939508705,0.022077995855878798,0.4239305065524194,14.479783575856501,0.0014450000000000003
quadratic_input,8500,ood_dev,32,4096,0,71,53900,131072,0.0,0.0,0.0009369774073651883,0.017333984375,0.01376571558724534,0.02180674746664186,0.411224365234375,14.897601705054186,0.0014450000000000003
quadratic_input,8500,ood_dev,33,4096,0,64,53964,135168,0.0,0.0,0.0009369774073651883,0.015625,0.012255565007829483,0.01990213185555554,0.3992365056818182,15.099792024726007,0.0014450000000000003
quadratic_input,8500,ood_dev,34,4096,0,68,54032,139264,0.0,0.0,0.0009369774073651883,0.0166015625,0.013117213150496153,0.020991778678890113,0.3879825367647059,15.290192622901287,0.0014450000000000003
quadratic_input,8500,ood_dev,35,4096,0,58,54090,143360,0.0,0.0,0.0009369774073651883,0.01416015625,0.010970229851119503,0.018260524563263665,0.37730189732142855,15.446516633167375,0.0014450000000000003
quadratic_input,8500,ood_dev,36,4096,0,65,54155,147456,0.0,0.0,0.0009369774073651883,0.015869140625,0.012470639018872916,0.020174881586012418,0.3672620985243056,15.599705516106425,0.0014450000000000003
quadratic_input,9000,dev,1,4096,4096,4096,4096,4096,1.0,0.9990630225926348,0.9999999999999999,1.0,0.9990630225926348,0.9999999999999999,1.0,7.159411360113666e-05,0.00162
quadratic_input,9000,dev,2,4096,4096,4096,8192,8192,1.0,0.9990630225926348,0.9999999999999999,1.0,0.9990630225926348,0.9999999999999999,1.0,0.00010629601818035184,0.00162
quadratic_input,9000,dev,3,4096,4096,4096,12288,12288,1.0,0.9990630225926348,0.9999999999999999,1.0,0.9990630225926348,0.9999999999999999,1.0,0.00013867180064108808,0.00162
quadratic_input,9000,dev,4,4096,4096,4096,16384,16384,1.0,0.9990630225926348,0.9999999999999999,1.0,0.9990630225926348,0.9999999999999999,1.0,0.00020404301822285476,0.00162
quadratic_input,9000,dev,5,4096,4095,4095,20479,20480,0.999755859375,0.9986182969663738,0.9999569018847606,0.999755859375,0.9986182969663738,0.9999569018847606,0.999951171875,0.0008004270751169607,0.00162
quadratic_input,9000,dev,6,4096,4095,4095,24574,24576,0.999755859375,0.9986182969663738,0.9999569018847606,0.999755859375,0.9986182969663738,0.9999569018847606,0.9999186197916666,0.00041786371277474643,0.00162
quadratic_input,9000,dev,7,4096,4095,4096,28670,28672,0.999755859375,0.9986182969663738,0.9999569018847606,1.0,0.9990630225926348,0.9999999999999999,0.9999302455357143,0.0002559122390763946,0.00162
quadratic_input,9000,dev,8,4096,4095,4095,32765,32768,0.999755859375,0.9986182969663738,0.9999569018847606,0.999755859375,0.9986182969663738,0.9999569018847606,0.999908447265625,0.0007939591997887518,0.00162
quadratic_input,9000,dev,9,4096,4095,4095,36860,36864,0.999755859375,0.9986182969663738,0.9999569018847606,0.999755859375,0.9986182969663738,0.9999569018847606,0.9998914930555556,0.0015523215977237825,0.00162
quadratic_input,9000,dev,10,4096,4094,4094,40954,40960,0.99951171875,0.9982212896544476,0.9998660854551866,0.99951171875,0.9982212896544476,0.9998660854551866,0.999853515625,0.0029059881991955194,0.00162
quadratic_input,9000,dev,11,4096,4092,4092,45046,45056,0.9990234375,0.9974915571936952,0.9996201704329383,0.9990234375,0.9974915571936952,0.9996201704329383,0.9997780539772727,0.0042388929384378216,0.00162
quadratic_input,9000,dev,12,4096,4082,4083,49129,49152,0.99658203125,0.9942706398960515,0.9979628503155791,0.996826171875,0.9945771012522003,0.9981442127009305,0.9995320638020834,0.011530956145559657,0.00162
quadratic_input,9000,ood_dev,1,4096,4096,4096,4096,4096,1.0,0.9990630225926348,0.9999999999999999,1.0,0.9990630225926348,0.9999999999999999,1.0,7.12414854824317e-05,0.00162
quadratic_input,9000,ood_dev,2,4096,4096,4096,8192,8192,1.0,0.9990630225926348,0.9999999999999999,1.0,0.9990630225926348,0.9999999999999999,1.0,0.00011056565664047113,0.00162
quadratic_input,9000,ood_dev,3,4096,4096,4096,12288,12288,1.0,0.9990630225926348,0.9999999999999999,1.0,0.9990630225926348,0.9999999999999999,1.0,0.00015926851202152648,0.00162
quadratic_input,9000,ood_dev,4,4096,4096,4096,16384,16384,1.0,0.9990630225926348,0.9999999999999999,1.0,0.9990630225926348,0.9999999999999999,1.0,0.00016477086879573832,0.00162
quadratic_input,9000,ood_dev,5,4096,4096,4096,20480,20480,1.0,0.9990630225926348,0.9999999999999999,1.0,0.9990630225926348,0.9999999999999999,1.0,0.00019051797818425698,0.00162
quadratic_input,9000,ood_dev,6,4096,4096,4096,24576,24576,1.0,0.9990630225926348,0.9999999999999999,1.0,0.9990630225926348,0.9999999999999999,1.0,0.0002610145807580011,0.00162
quadratic_input,9000,ood_dev,7,4096,4096,4096,28672,28672,1.0,0.9990630225926348,0.9999999999999999,1.0,0.9990630225926348,0.9999999999999999,1.0,0.0004423299030822392,0.00162
quadratic_input,9000,ood_dev,8,4096,4095,4095,32767,32768,0.999755859375,0.9986182969663738,0.9999569018847606,0.999755859375,0.9986182969663738,0.9999569018847606,0.999969482421875,0.0007784056760851144,0.00162
quadratic_input,9000,ood_dev,9,4096,4095,4096,36863,36864,0.999755859375,0.9986182969663738,0.9999569018847606,1.0,0.9990630225926348,0.9999999999999999,0.9999728732638888,0.0010203870881637656,0.00162
quadratic_input,9000,ood_dev,10,4096,4093,4094,40957,40960,0.999267578125,0.9978486714629491,0.9997508799051849,0.99951171875,0.9982212896544476,0.9998660854551866,0.9999267578125,0.0017192499131004624,0.00162
quadratic_input,9000,ood_dev,11,4096,4089,4090,45047,45056,0.998291015625,0.9964763422189936,0.9991719141831389,0.99853515625,0.9968075986857966,0.9993284814578364,0.9998002485795454,0.004684496335259247,0.00162
quadratic_input,9000,ood_dev,12,4096,4083,4087,49134,49152,0.996826171875,0.9945771012522003,0.9981442127009305,0.997802734375,0.9958290482073086,0.9988435607118235,0.9996337890625,0.007749737178350813,0.00162
quadratic_input,9000,ood_dev,13,4096,3236,3243,52377,53248,0.7900390625,0.7772974517872059,0.8022371531151623,0.791748046875,0.7790422101470098,0.8039071609458606,0.983642578125,0.8968547415836996,0.00162
quadratic_input,9000,ood_dev,14,4096,767,864,53241,57344,0.187255859375,0.17560379023388456,0.19949399690421832,0.2109375,0.1987172855546104,0.22369940450902256,0.9284493582589286,6.275658511574134,0.00162
quadratic_input,9000,ood_dev,15,4096,92,226,53467,61440,0.0224609375,0.018350651411753346,0.02746611021364036,0.05517578125,0.04859116651805456,0.06259397646838068,0.8702311197916667,9.60517245790787,0.00162
quadratic_input,9000,ood_dev,16,4096,6,87,53554,65536,0.00146484375,0.0006715185421635897,0.0031924013142034585,0.021240234375,0.017252591636140006,0.026125051281752146,0.817169189453125,10.620805965585703,0.00162
quadratic_input,9000,ood_dev,17,4096,1,78,53632,69632,0.000244140625,4.309811523941186e-05,0.0013817030336260863,0.01904296875,0.01528574904596704,0.023701480198422328,0.7702205882352942,10.772170763300068,0.00162
quadratic_input,9000,ood_dev,18,4096,0,70,53702,73728,0.0,0.0,0.0009369774073651883,0.01708984375,0.0135493413532538,0.021535297959133087,0.7283799913194444,10.638699081371897,0.00162
quadratic_input,9000,ood_dev,19,4096,0,74,53776,77824,0.0,0.0,0.0009369774073651883,0.01806640625,0.014416028944668636,0.02261990533371949,0.6909950657894737,10.692011495826364,0.00162
quadratic_input,9000,ood_dev,20,4096,0,66,53842,81920,0.0,0.0,0.0009369774073651883,0.01611328125,0.01268594169611479,0.020447402650270854,0.6572509765625,10.820581450407985,0.00162
quadratic_input,9000,ood_dev,21,4096,0,60,53902,86016,0.0,0.0,0.0009369774073651883,0.0146484375,0.01139766303294143,0.018808738864442356,0.6266508556547619,11.058541552051565,0.00162
quadratic_input,9000,ood_dev,22,4096,0,57,53959,90112,0.0,0.0,0.0009369774073651883,0.013916015625,0.01075691476118927,0.017986015911693586,0.5987992720170454,11.317516251884626,0.00162
quadratic_input,9000,ood_dev,23,4096,0,69,54028,94208,0.0,0.0,0.0009369774073651883,0.016845703125,0.013333172427690648,0.02126364314319593,0.5734969429347826,11.54694239082113,0.00162
quadratic_input,9000,ood_dev,24,4096,0,78,54106,98304,0.0,0.0,0.0009369774073651883,0.01904296875,0.01528574904596704,0.023701480198422328,0.5503946940104166,11.929238142199893,0.00162
quadratic_input,9000,ood_dev,25,4096,0,68,54174,102400,0.0,0.0,0.0009369774073651883,0.0166015625,0.013117213150496153,0.020991778678890113,0.52904296875,12.345093911128572,0.00162
quadratic_input,9000,ood_dev,26,4096,0,75,54249,106496,0.0,0.0,0.0009369774073651883,0.018310546875,0.014633183903943853,0.022890574115944584,0.5093994140625,12.660033364881542,0.00162
quadratic_input,9000,ood_dev,27,4096,0,68,54317,110592,0.0,0.0,0.0009369774073651883,0.0166015625,0.013117213150496153,0.020991778678890113,0.4911476417824074,13.131827134574337,0.00162
quadratic_input,9000,ood_dev,28,4096,0,54,54371,114688,0.0,0.0,0.0009369774073651883,0.01318359375,0.010118659410882703,0.017160800037499223,0.47407749720982145,13.53264809390869,0.00162
quadratic_input,9000,ood_dev,29,4096,0,60,54431,118784,0.0,0.0,0.0009369774073651883,0.0146484375,0.01139766303294143,0.018808738864442356,0.45823511584051724,14.046675977978936,0.00162
quadratic_input,9000,ood_dev,30,4096,0,51,54482,122880,0.0,0.0,0.0009369774073651883,0.012451171875,0.009483101104023409,0.016332887119857586,0.44337565104166665,14.237717443382785,0.00162
quadratic_input,9000,ood_dev,31,4096,0,78,54560,126976,0.0,0.0,0.0009369774073651883,0.01904296875,0.01528574904596704,0.023701480198422328,0.4296875,14.361658871882128,0.00162
quadratic_input,9000,ood_dev,32,4096,0,67,54627,131072,0.0,0.0,0.0009369774073651883,0.016357421875,0.012901468019013623,0.020719700068872332,0.41677093505859375,14.697860019896893,0.00162
quadratic_input,9000,ood_dev,33,4096,0,76,54703,135168,0.0,0.0,0.0009369774073651883,0.0185546875,0.014850524581988338,0.02316105717940041,0.4047037760416667,14.878516896670064,0.00162
quadratic_input,9000,ood_dev,34,4096,0,73,54776,139264,0.0,0.0,0.0009369774073651883,0.017822265625,0.014199063362519719,0.022349047174368093,0.3933249080882353,15.079018350905429,0.00162
quadratic_input,9000,ood_dev,35,4096,0,66,54842,143360,0.0,0.0,0.0009369774073651883,0.01611328125,0.01268594169611479,0.020447402650270854,0.3825474330357143,15.140052996832019,0.00162
quadratic_input,9000,ood_dev,36,4096,0,64,54906,147456,0.0,0.0,0.0009369774073651883,0.015625,0.012255565007829483,0.01990213185555554,0.3723551432291667,15.314618526591026,0.00162
quadratic_input,9500,dev,1,4096,4096,4096,4096,4096,1.0,0.9990630225926348,0.9999999999999999,1.0,0.9990630225926348,0.9999999999999999,1.0,6.621239679160951e-05,0.0018050000000000002
quadratic_input,9500,dev,2,4096,4096,4096,8192,8192,1.0,0.9990630225926348,0.9999999999999999,1.0,0.9990630225926348,0.9999999999999999,1.0,0.0002482761536675149,0.0018050000000000002
quadratic_input,9500,dev,3,4096,4095,4095,12287,12288,0.999755859375,0.9986182969663738,0.9999569018847606,0.999755859375,0.9986182969663738,0.9999569018847606,0.9999186197916666,0.0004034479640275812,0.0018050000000000002
quadratic_input,9500,dev,4,4096,4095,4095,16382,16384,0.999755859375,0.9986182969663738,0.9999569018847606,0.999755859375,0.9986182969663738,0.9999569018847606,0.9998779296875,0.0007989921556834645,0.0018050000000000002
quadratic_input,9500,dev,5,4096,4094,4094,20476,20480,0.99951171875,0.9982212896544476,0.9998660854551866,0.99951171875,0.9982212896544476,0.9998660854551866,0.9998046875,0.0009896857488769228,0.0018050000000000002
quadratic_input,9500,dev,6,4096,4093,4094,24570,24576,0.999267578125,0.9978486714629491,0.9997508799051849,0.99951171875,0.9982212896544476,0.9998660854551866,0.999755859375,0.0011089518365809958,0.0018050000000000002
quadratic_input,9500,dev,7,4096,4091,4091,28661,28672,0.998779296875,0.997145424476127,0.9994784794090062,0.998779296875,0.997145424476127,0.9994784794090062,0.9996163504464286,0.003193196624572181,0.0018050000000000002
quadratic_input,9500,dev,8,4096,4090,4091,32752,32768,0.99853515625,0.9968075986857966,0.9993284814578364,0.998779296875,0.997145424476127,0.9994784794090062,0.99951171875,0.003905407442362119,0.0018050000000000002
quadratic_input,9500,dev,9,4096,4089,4091,36843,36864,0.998291015625,0.9964763422189936,0.9991719141831389,0.998779296875,0.997145424476127,0.9994784794090062,0.9994303385416666,0.004793729103477862,0.0018050000000000002
quadratic_input,9500,dev,10,4096,4086,4089,40932,40960,0.99755859375,0.9955114747539533,0.9986733104236785,0.998291015625,0.9964763422189936,0.9991719141831389,0.99931640625,0.008308239545634422,0.0018050000000000002
quadratic_input,9500,dev,11,4096,4084,4086,45018,45056,0.9970703125,0.9948858699188933,0.9983232677757378,0.99755859375,0.9955114747539533,0.9986733104236785,0.9991566051136364,0.01161952995858595,0.0018050000000000002
quadratic_input,9500,dev,12,4096,4074,4079,49097,49152,0.99462890625,0.9918806406223304,0.9964502596572975,0.995849609375,0.9933629968413301,0.9974070221457995,0.9988810221354166,0.017336478064686744,0.0018050000000000002
quadratic_input,9500,ood_dev,1,4096,4096,4096,4096,4096,1.0,0.9990630225926348,0.9999999999999999,1.0,0.9990630225926348,0.9999999999999999,1.0,6.549574469749686e-05,0.0018050000000000002
quadratic_input,9500,ood_dev,2,4096,4096,4096,8192,8192,1.0,0.9990630225926348,0.9999999999999999,1.0,0.9990630225926348,0.9999999999999999,1.0,0.0003447266034410923,0.0018050000000000002
quadratic_input,9500,ood_dev,3,4096,4096,4096,12288,12288,1.0,0.9990630225926348,0.9999999999999999,1.0,0.9990630225926348,0.9999999999999999,1.0,0.0002770835781169545,0.0018050000000000002
quadratic_input,9500,ood_dev,4,4096,4095,4095,16383,16384,0.999755859375,0.9986182969663738,0.9999569018847606,0.999755859375,0.9986182969663738,0.9999569018847606,0.99993896484375,0.0009169106763953216,0.0018050000000000002
quadratic_input,9500,ood_dev,5,4096,4094,4095,20478,20480,0.99951171875,0.9982212896544476,0.9998660854551866,0.999755859375,0.9986182969663738,0.9999569018847606,0.99990234375,0.0005668036595642967,0.0018050000000000002
quadratic_input,9500,ood_dev,6,4096,4093,4095,24573,24576,0.999267578125,0.9978486714629491,0.9997508799051849,0.999755859375,0.9986182969663738,0.9999569018847606,0.9998779296875,0.0010079961600015785,0.0018050000000000002
quadratic_input,9500,ood_dev,7,4096,4092,4093,28666,28672,0.9990234375,0.9974915571936952,0.9996201704329383,0.999267578125,0.9978486714629491,0.9997508799051849,0.9997907366071429,0.001699528257477656,0.0018050000000000002
quadratic_input,9500,ood_dev,8,4096,4091,4093,32759,32768,0.998779296875,0.997145424476127,0.9994784794090062,0.999267578125,0.9978486714629491,0.9997508799051849,0.999725341796875,0.0025987728987462155,0.0018050000000000002
quadratic_input,9500,ood_dev,9,4096,4090,4093,36852,36864,0.99853515625,0.9968075986857966,0.9993284814578364,0.999267578125,0.9978486714629491,0.9997508799051849,0.9996744791666666,0.0033647955453313116,0.0018050000000000002
quadratic_input,9500,ood_dev,10,4096,4087,4089,40941,40960,0.997802734375,0.9958290482073086,0.9988435607118235,0.998291015625,0.9964763422189936,0.9991719141831389,0.9995361328125,0.005229415045869157,0.0018050000000000002
quadratic_input,9500,ood_dev,11,4096,4083,4086,45027,45056,0.996826171875,0.9945771012522003,0.9981442127009305,0.99755859375,0.9955114747539533,0.9986733104236785,0.9993563565340909,0.008912087519456158,0.0018050000000000002
quadratic_input,9500,ood_dev,12,4096,4074,4077,49104,49152,0.99462890625,0.9918806406223304,0.9964502596572975,0.995361328125,0.9927660832938955,0.9970282882102334,0.9990234375,0.015398753080356986,0.0018050000000000002
quadratic_input,9500,ood_dev,13,4096,2447,2453,51557,53248,0.597412109375,0.5823087881871979,0.6123328846714259,0.598876953125,0.5837812268664276,0.6137873884411978,0.9682429387019231,2.242017763491182,0.0018050000000000002
quadratic_input,9500,ood_dev,14,4096,431,563,52120,57344,0.105224609375,0.09619474510925842,0.11499426488474036,0.137451171875,0.12724564131094498,0.14833610256109467,0.9089006696428571,7.0062952530624685,0.0018050000000000002
quadratic_input,9500,ood_dev,15,4096,35,151,52271,61440,0.008544921875,0.006150578678096599,0.011860229681779438,0.036865234375,0.03151499527812255,0.043083367095789436,0.8507649739583333,9.016274349284629,0.0018050000000000002
quadratic_input,9500,ood_dev,16,4096,1,77,52348,65536,0.000244140625,4.309811523941186e-05,0.0013817030336260863,0.018798828125,0.01506804743850219,0.023431358064386867,0.79876708984375,9.156050151929094,0.0018050000000000002
quadratic_input,9500,ood_dev,17,4096,0,78,52426,69632,0.0,0.0,0.0009369774073651883,0.01904296875,0.01528574904596704,0.023701480198422328,0.7529009650735294,9.02447570034974,0.0018050000000000002
quadratic_input,9500,ood_dev,18,4096,0,63,52489,73728,0.0,0.0,0.0009369774073651883,0.015380859375,0.012040724876904885,0.019629148244979834,0.7119276258680556,9.02785784351454,0.0018050000000000002
quadratic_input,9500,ood_dev,19,4096,0,75,52564,77824,0.0,0.0,0.0009369774073651883,0.018310546875,0.014633183903943853,0.022890574115944584,0.6754214638157895,9.161731356462496,0.0018050000000000002
quadratic_input,9500,ood_dev,20,4096,0,79,52643,81920,0.0,0.0,0.0009369774073651883,0.019287109375,0.015503626084669948,0.023971426901219724,0.64261474609375,9.378180067827088,0.0018050000000000002
quadratic_input,9500,ood_dev,21,4096,0,67,52710,86016,0.0,0.0,0.0009369774073651883,0.016357421875,0.012901468019013623,0.020719700068872332,0.61279296875,9.871363844448524,0.0018050000000000002
quadratic_input,9500,ood_dev,22,4096,0,63,52773,90112,0.0,0.0,0.0009369774073651883,0.015380859375,0.012040724876904885,0.019629148244979834,0.5856378728693182,10.305197584964162,0.0018050000000000002
quadratic_input,9500,ood_dev,23,4096,0,67,52840,94208,0.0,0.0,0.0009369774073651883,0.016357421875,0.012901468019013623,0.020719700068872332,0.5608865489130435,10.722983080270296,0.0018050000000000002
quadratic_input,9500,ood_dev,24,4096,0,73,52913,98304,0.0,0.0,0.0009369774073651883,0.017822265625,0.014199063362519719,0.022349047174368093,0.5382588704427084,11.248453290094574,0.0018050000000000002
quadratic_input,9500,ood_dev,25,4096,0,64,52977,102400,0.0,0.0,0.0009369774073651883,0.015625,0.012255565007829483,0.01990213185555554,0.517353515625,11.856525929465079,0.0018050000000000002
quadratic_input,9500,ood_dev,26,4096,0,69,53046,106496,0.0,0.0,0.0009369774073651883,0.016845703125,0.013333172427690648,0.02126364314319593,0.4981032151442308,12.330047046702873,0.0018050000000000002
quadratic_input,9500,ood_dev,27,4096,0,53,53099,110592,0.0,0.0,0.0009369774073651883,0.012939453125,0.009906496085844563,0.016885139621037056,0.4801341869212963,12.873101502714277,0.0018050000000000002
quadratic_input,9500,ood_dev,28,4096,0,64,53163,114688,0.0,0.0,0.0009369774073651883,0.015625,0.012255565007829483,0.01990213185555554,0.46354457310267855,13.356830419370667,0.0018050000000000002
quadratic_input,9500,ood_dev,29,4096,0,61,53224,118784,0.0,0.0,0.0009369774073651883,0.014892578125,0.011611768142410793,0.019082457496473304,0.44807381465517243,13.923991372704478,0.0018050000000000002
quadratic_input,9500,ood_dev,30,4096,0,64,53288,122880,0.0,0.0,0.0009369774073651883,0.015625,0.012255565007829483,0.01990213185555554,0.43365885416666666,14.30960942263792,0.0018050000000000002
quadratic_input,9500,ood_dev,31,4096,0,75,53363,126976,0.0,0.0,0.0009369774073651883,0.018310546875,0.014633183903943853,0.022890574115944584,0.4202605216733871,14.465669640496728,0.0018050000000000002
quadratic_input,9500,ood_dev,32,4096,0,68,53431,131072,0.0,0.0,0.0009369774073651883,0.0166015625,0.013117213150496153,0.020991778678890113,0.40764617919921875,14.923095287825134,0.0018050000000000002
quadratic_input,9500,ood_dev,33,4096,0,68,53499,135168,0.0,0.0,0.0009369774073651883,0.0166015625,0.013117213150496153,0.020991778678890113,0.39579634232954547,15.11579036739488,0.0018050000000000002
quadratic_input,9500,ood_dev,34,4096,0,76,53575,139264,0.0,0.0,0.0009369774073651883,0.0185546875,0.014850524581988338,0.02316105717940041,0.3847009995404412,15.383123781572202,0.0018050000000000002
quadratic_input,9500,ood_dev,35,4096,0,77,53652,143360,0.0,0.0,0.0009369774073651883,0.018798828125,0.01506804743850219,0.023431358064386867,0.3742466517857143,15.566305160052941,0.0018050000000000002
quadratic_input,9500,ood_dev,36,4096,0,65,53717,147456,0.0,0.0,0.0009369774073651883,0.015869140625,0.012470639018872916,0.020174881586012418,0.3642917209201389,15.705257078564575,0.0018050000000000002
quadratic_input,10000,dev,1,102400,102400,102400,102400,102400,1.0,0.9999624871609701,1.0,1.0,0.9999624871609701,1.0,1.0,6.476607152361424e-05,0.0020000000000000005
quadratic_input,10000,dev,2,102400,102400,102400,204800,204800,1.0,0.9999624871609701,1.0,1.0,0.9999624871609701,1.0,1.0,0.00011087229175494429,0.0020000000000000005
quadratic_input,10000,dev,3,102400,102399,102399,307199,307200,0.999990234375,0.9999446805183295,0.9999982761253133,0.999990234375,0.9999446805183295,0.9999982761253133,0.9999967447916667,0.00014957740813418497,0.0020000000000000005
quadratic_input,10000,dev,4,102400,102397,102397,409596,409600,0.999970703125,0.9999138592392058,0.9999900363697822,0.999970703125,0.9999138592392058,0.9999900363697822,0.999990234375,0.00021338616440822023,0.0020000000000000005
quadratic_input,10000,dev,5,102400,102385,102387,511983,512000,0.999853515625,0.9997583066269857,0.9999112227740738,0.999873046875,0.9997827872309603,0.9999258032047541,0.999966796875,0.0004784707834122237,0.0020000000000000005
quadratic_input,10000,dev,6,102400,102376,102378,614361,614400,0.999765625,0.9996512662615883,0.999842488483525,0.99978515625,0.9996747063713258,0.9998581094084422,0.9999365234375,0.0007102533725773341,0.0020000000000000005
quadratic_input,10000,dev,7,102400,102358,102366,716727,716800,0.99958984375,0.9994456792698375,0.9996965261633833,0.99966796875,0.9995360760544642,0.9997623735173754,0.9998981584821428,0.0011616665531078319,0.0020000000000000005
quadratic_input,10000,dev,8,102400,102340,102357,819084,819200,0.9994140625,0.999245935024263,0.9995447210970653,0.999580078125,0.9994344632702631,0.9996882116456304,0.9998583984375,0.00177407514478098,0.0020000000000000005
quadratic_input,10000,dev,9,102400,102308,102333,921417,921600,0.9991015625,0.9988983859912574,0.9992672935755954,0.999345703125,0.9991692393347998,0.9994847031652371,0.9998014322916666,0.0023125285184007714,0.0020000000000000005
quadratic_input,10000,dev,10,102400,102272,102309,1023726,1024000,0.99875,0.9985140751833245,0.9989485057597433,0.999111328125,0.9989091451458519,0.9992760649383282,0.999732421875,0.0033955710645246382,0.0020000000000000005
quadratic_input,10000,dev,11,102400,102200,102254,1125980,1126400,0.998046875,0.997757132400793,0.9982992512947044,0.99857421875,0.9983236567113399,0.9987873749198352,0.9996271306818182,0.005479194883631688,0.0020000000000000005
quadratic_input,10000,dev,12,102400,102028,102117,1228097,1228800,0.9963671875,0.9959796110579461,0.9967175236572451,0.997236328125,0.9968955968409154,0.9975397539164108,0.9994278971354167,0.00999689136252778,0.0020000000000000005
quadratic_input,10000,ood_dev,1,102400,102400,102400,102400,102400,1.0,0.9999624871609701,1.0,1.0,0.9999624871609701,1.0,1.0,6.470489415054459e-05,0.0020000000000000005
quadratic_input,10000,ood_dev,2,102400,102400,102400,204800,204800,1.0,0.9999624871609701,1.0,1.0,0.9999624871609701,1.0,1.0,0.00011170394987166433,0.0020000000000000005
quadratic_input,10000,ood_dev,3,102400,102399,102399,307199,307200,0.999990234375,0.9999446805183295,0.9999982761253133,0.999990234375,0.9999446805183295,0.9999982761253133,0.9999967447916667,0.00015443358948994402,0.0020000000000000005
quadratic_input,10000,ood_dev,4,102400,102391,102392,409591,409600,0.999912109375,0.9998329541276058,0.999953758377418,0.999921875,0.9998458314166382,0.9999604116057129,0.99997802734375,0.0002834214867417906,0.0020000000000000005
quadratic_input,10000,ood_dev,5,102400,102381,102384,511975,512000,0.999814453125,0.999710201380565,0.999881205951185,0.99984375,0.9997461828910157,0.9999038159927167,0.999951171875,0.000501143872492662,0.0020000000000000005
quadratic_input,10000,ood_dev,6,102400,102371,102379,614354,614400,0.999716796875,0.9995933030510014,0.9998027991074752,0.999794921875,0.9996864903756401,0.9998658559214554,0.9999251302083333,0.000788715143042591,0.0020000000000000005
quadratic_input,10000,ood_dev,7,102400,102359,102368,716722,716800,0.999599609375,0.9994569122761486,0.9997048236743996,0.9996875,0.9995588896466933,0.9997786209598011,0.9998911830357143,0.0013000519257082032,0.0020000000000000005
quadratic_input,10000,ood_dev,8,102400,102349,102363,819085,819200,0.999501953125,0.9993452844279009,0.9996211463493736,0.999638671875,0.9995020271813618,0.9997378308384958,0.999859619140625,0.0017877301812012725,0.0020000000000000005
quadratic_input,10000,ood_dev,9,102400,102329,102350,921435,921600,0.999306640625,0.9991256059557884,0.9994502144749388,0.99951171875,0.9993563827385776,0.9996295785560243,0.9998209635416667,0.002311853172155125,0.0020000000000000005
quadratic_input,10000,ood_dev,10,102400,102303,102327,1023762,1024000,0.999052734375,0.9988446687417952,0.9992233582384206,0.999287109375,0.9991038370362532,0.9994329223598194,0.999767578125,0.003214846084191123,0.0020000000000000005
quadratic_input,10000,ood_dev,11,102400,102245,102289,1126051,1126400,0.998486328125,0.9982287857437072,0.9987064712315218,0.998916015625,0.9986948905496533,0.9990997091879794,0.9996901633522727,0.004646198769324617,0.0020000000000000005
quadratic_input,10000,ood_dev,12,102400,102063,102135,1228186,1228800,0.996708984375,0.9963390734108176,0.9970416294108312,0.997412109375,0.9970817192769507,0.9977051807922682,0.9995003255208333,0.00919806647402508,0.0020000000000000005
quadratic_input,10000,ood_dev,13,102400,77239,77372,1305558,1331200,0.754287109375,0.7516407828987491,0.7569143577884482,0.7555859375,0.7529442770731949,0.7582084224185417,0.9807376802884615,1.0631376907912073,0.0020000000000000005
quadratic_input,10000,ood_dev,14,102400,15447,17837,1323395,1433600,0.150849609375,0.1486705981206072,0.1530548158741943,0.174189453125,0.17187868639080967,0.17652466401638872,0.9231270926339286,6.022805736320105,0.0020000000000000005
quadratic_input,10000,ood_dev,15,102400,1444,4580,1327975,1536000,0.0141015625,0.013397389554175696,0.014842190305565996,0.0447265625,0.0434775175342339,0.046009764664117214,0.8645670572916667,7.877836199155301,0.0020000000000000005
quadratic_input,10000,ood_dev,16,102400,91,2143,1330118,1638400,0.000888671875,0.000723935061671836,0.001090854854148128,0.020927734375,0.020068806539701063,0.021822604931867155,0.811839599609375,7.959796101838743,0.0020000000000000005
quadratic_input,10000,ood_dev,17,102400,5,1766,1331884,1740800,4.8828125e-05,2.0856631032296734e-05,0.0001143087946344752,0.01724609375,0.016466631572429353,0.01806177486672313,0.7650988051470589,7.962284743464497,0.0020000000000000005
quadratic_input,10000,ood_dev,18,102400,0,1697,1333581,1843200,0.0,3.3881317890172014e-21,3.751283902995844e-05,0.016572265625,0.01580828843853085,0.0173725123050336,0.7235139973958333,8.07264654147727,0.0020000000000000005
quadratic_input,10000,ood_dev,19,102400,0,1715,1335296,1945600,0.0,3.3881317890172014e-21,3.751283902995844e-05,0.016748046875,0.015979998727640964,0.017552351327816018,0.6863157894736842,8.276574656274006,0.0020000000000000005
quadratic_input,10000,ood_dev,20,102400,0,1682,1336978,2048000,0.0,3.3881317890172014e-21,3.751283902995844e-05,0.01642578125,0.015665213872477914,0.0172226291111761,0.6528212890625,8.590222821508094,0.0020000000000000005
quadratic_input,10000,ood_dev,21,102400,0,1632,1338610,2150400,0.0,3.3881317890172014e-21,3.751283902995844e-05,0.0159375,0.015188415313222157,0.01672290180406372,0.6224934895833333,9.022675834169346,0.0020000000000000005
quadratic_input,10000,ood_dev,22,102400,0,1772,1340382,2252800,0.0,3.3881317890172014e-21,3.751283902995844e-05,0.0173046875,0.01652389394704792,0.018121695596068733,0.5949849076704545,9.521567082218521,0.0020000000000000005
quadratic_input,10000,ood_dev,23,102400,0,1720,1342102,2355200,0.0,3.3881317890172014e-21,3.751283902995844e-05,0.016796875,0.016027700015071877,0.017602302627021917,0.5698462975543478,10.102801233498216,0.0020000000000000005
quadratic_input,10000,ood_dev,24,102400,0,1705,1343807,2457600,0.0,3.3881317890172014e-21,3.751283902995844e-05,0.016650390625,0.01588460133851014,0.017452443543673216,0.5467964680989583,10.714393136353527,0.0020000000000000005
quadratic_input,10000,ood_dev,25,102400,0,1705,1345512,2560000,0.0,3.3881317890172014e-21,3.751283902995844e-05,0.016650390625,0.01588460133851014,0.017452443543673216,0.525590625,11.334920117286606,0.0020000000000000005
quadratic_input,10000,ood_dev,26,102400,0,1682,1347194,2662400,0.0,3.3881317890172014e-21,3.751283902995844e-05,0.01642578125,0.015665213872477914,0.0172226291111761,0.5060073617788462,11.940219455049753,0.0020000000000000005
quadratic_input,10000,ood_dev,27,102400,0,1703,1348897,2764800,0.0,3.3881317890172014e-21,3.751283902995844e-05,0.016630859375,0.01586552269446015,0.017432461153068485,0.48788230613425926,12.466551890410697,0.0020000000000000005
quadratic_input,10000,ood_dev,28,102400,0,1683,1350580,2867200,0.0,3.3881317890172014e-21,3.751283902995844e-05,0.016435546875,0.01567475168184742,0.01723262181913395,0.471044921875,13.015274424517926,0.0020000000000000005
quadratic_input,10000,ood_dev,29,102400,0,1659,1352239,2969600,0.0,3.3881317890172014e-21,3.751283902995844e-05,0.016201171875,0.015445863993727361,0.016992777091397307,0.4553606546336207,13.471859498508778,0.0020000000000000005
quadratic_input,10000,ood_dev,30,102400,0,1651,1353890,3072000,0.0,3.3881317890172014e-21,3.751283902995844e-05,0.016123046875,0.015369577334964322,0.016912819611541452,0.4407194010416667,13.881070537597864,0.0020000000000000005
quadratic_input,10000,ood_dev,31,102400,0,1740,1355630,3174400,0.0,3.3881317890172014e-21,3.751283902995844e-05,0.0169921875,0.01621852227877429,0.01780209070986676,0.42705078125,14.21523802758828,0.0020000000000000005
quadratic_input,10000,ood_dev,32,102400,0,1663,1357293,3276800,0.0,3.3881317890172014e-21,3.751283902995844e-05,0.016240234375,0.015484009065332125,0.017032754089101997,0.41421295166015626,14.563649632730208,0.0020000000000000005
quadratic_input,10000,ood_dev,33,102400,0,1641,1358934,3379200,0.0,3.3881317890172014e-21,3.751283902995844e-05,0.016025390625,0.015274225587732131,0.016812866185500014,0.4021466619318182,14.837291236549282,0.0020000000000000005
quadratic_input,10000,ood_dev,34,102400,0,1720,1360654,3481600,0.0,3.3881317890172014e-21,3.751283902995844e-05,0.016796875,0.016027700015071877,0.017602302627021917,0.39081284466911764,15.086495282576852,0.0020000000000000005
quadratic_input,10000,ood_dev,35,102400,0,1697,1362351,3584000,0.0,3.3881317890172014e-21,3.751283902995844e-05,0.016572265625,0.01580828843853085,0.0173725123050336,0.38012025669642857,15.283960674961758,0.0020000000000000005
quadratic_input,10000,ood_dev,36,102400,0,1757,1364108,3686400,0.0,3.3881317890172014e-21,3.751283902995844e-05,0.017158203125,0.016380742477780357,0.01797188930542586,0.37003797743055555,15.456361429227808,0.0020000000000000005
quadratic_input,10500,dev,1,4096,4096,4096,4096,4096,1.0,0.9990630225926348,0.9999999999999999,1.0,0.9990630225926348,0.9999999999999999,1.0,7.62275826624581e-05,0.002205
quadratic_input,10500,dev,2,4096,4096,4096,8192,8192,1.0,0.9990630225926348,0.9999999999999999,1.0,0.9990630225926348,0.9999999999999999,1.0,0.0001101181116607286,0.002205
quadratic_input,10500,dev,3,4096,4096,4096,12288,12288,1.0,0.9990630225926348,0.9999999999999999,1.0,0.9990630225926348,0.9999999999999999,1.0,0.00023067530388498625,0.002205
quadratic_input,10500,dev,4,4096,4096,4096,16384,16384,1.0,0.9990630225926348,0.9999999999999999,1.0,0.9990630225926348,0.9999999999999999,1.0,0.0002503959579631676,0.002205
quadratic_input,10500,dev,5,4096,4094,4094,20478,20480,0.99951171875,0.9982212896544476,0.9998660854551866,0.99951171875,0.9982212896544476,0.9998660854551866,0.99990234375,0.0008996492567043823,0.002205
quadratic_input,10500,dev,6,4096,4093,4093,24571,24576,0.999267578125,0.9978486714629491,0.9997508799051849,0.999267578125,0.9978486714629491,0.9997508799051849,0.9997965494791666,0.0018916111541993352,0.002205
quadratic_input,10500,dev,7,4096,4093,4093,28664,28672,0.999267578125,0.9978486714629491,0.9997508799051849,0.999267578125,0.9978486714629491,0.9997508799051849,0.9997209821428571,0.003394079685557383,0.002205
quadratic_input,10500,dev,8,4096,4093,4093,32757,32768,0.999267578125,0.9978486714629491,0.9997508799051849,0.999267578125,0.9978486714629491,0.9997508799051849,0.999664306640625,0.004241438157039479,0.002205
quadratic_input,10500,dev,9,4096,4091,4091,36848,36864,0.998779296875,0.997145424476127,0.9994784794090062,0.998779296875,0.997145424476127,0.9994784794090062,0.9995659722222222,0.005504659102342213,0.002205
quadratic_input,10500,dev,10,4096,4089,4090,40938,40960,0.998291015625,0.9964763422189936,0.9991719141831389,0.99853515625,0.9968075986857966,0.9993284814578364,0.999462890625,0.007009931737571584,0.002205
quadratic_input,10500,dev,11,4096,4088,4091,45029,45056,0.998046875,0.9961504506055915,0.9990099820550408,0.998779296875,0.997145424476127,0.9994784794090062,0.9994007457386364,0.007662797360866946,0.002205
quadratic_input,10500,dev,12,4096,4087,4090,49119,49152,0.997802734375,0.9958290482073086,0.9988435607118235,0.99853515625,0.9968075986857966,0.9993284814578364,0.99932861328125,0.009867465389803431,0.002205
quadratic_input,10500,ood_dev,1,4096,4096,4096,4096,4096,1.0,0.9990630225926348,0.9999999999999999,1.0,0.9990630225926348,0.9999999999999999,1.0,7.174263346509946e-05,0.002205
quadratic_input,10500,ood_dev,2,4096,4096,4096,8192,8192,1.0,0.9990630225926348,0.9999999999999999,1.0,0.9990630225926348,0.9999999999999999,1.0,9.908456584062364e-05,0.002205
quadratic_input,10500,ood_dev,3,4096,4095,4095,12287,12288,0.999755859375,0.9986182969663738,0.9999569018847606,0.999755859375,0.9986182969663738,0.9999569018847606,0.9999186197916666,0.00032229715950027327,0.002205
quadratic_input,10500,ood_dev,4,4096,4095,4096,16383,16384,0.999755859375,0.9986182969663738,0.9999569018847606,1.0,0.9990630225926348,0.9999999999999999,0.99993896484375,0.0003521258847318798,0.002205
quadratic_input,10500,ood_dev,5,4096,4095,4096,20479,20480,0.999755859375,0.9986182969663738,0.9999569018847606,1.0,0.9990630225926348,0.9999999999999999,0.999951171875,0.0003452926694920144,0.002205
quadratic_input,10500,ood_dev,6,4096,4095,4096,24575,24576,0.999755859375,0.9986182969663738,0.9999569018847606,1.0,0.9990630225926348,0.9999999999999999,0.9999593098958334,0.00044378764169916707,0.002205
quadratic_input,10500,ood_dev,7,4096,4095,4096,28671,28672,0.999755859375,0.9986182969663738,0.9999569018847606,1.0,0.9990630225926348,0.9999999999999999,0.9999651227678571,0.0005969923775950292,0.002205
quadratic_input,10500,ood_dev,8,4096,4093,4094,32765,32768,0.999267578125,0.9978486714629491,0.9997508799051849,0.99951171875,0.9982212896544476,0.9998660854551866,0.999908447265625,0.001214042199630505,0.002205
quadratic_input,10500,ood_dev,9,4096,4092,4093,36858,36864,0.9990234375,0.9974915571936952,0.9996201704329383,0.999267578125,0.9978486714629491,0.9997508799051849,0.9998372395833334,0.0013357765846322422,0.002205
quadratic_input,10500,ood_dev,10,4096,4090,4092,40950,40960,0.99853515625,0.9968075986857966,0.9993284814578364,0.9990234375,0.9974915571936952,0.9996201704329383,0.999755859375,0.004322270912767934,0.002205
quadratic_input,10500,ood_dev,11,4096,4089,4091,45041,45056,0.998291015625,0.9964763422189936,0.9991719141831389,0.998779296875,0.997145424476127,0.9994784794090062,0.9996670809659091,0.006046874254071799,0.002205
quadratic_input,10500,ood_dev,12,4096,4087,4089,49130,49152,0.997802734375,0.9958290482073086,0.9988435607118235,0.998291015625,0.9964763422189936,0.9991719141831389,0.9995524088541666,0.008446718897702876,0.002205
quadratic_input,10500,ood_dev,13,4096,2738,2738,51868,53248,0.66845703125,0.6538880862523335,0.6827102953828803,0.66845703125,0.6538880862523335,0.6827102953828803,0.9740835336538461,1.603311879953532,0.002205
quadratic_input,10500,ood_dev,14,4096,626,764,52632,57344,0.15283203125,0.14213822719680613,0.16417641238975306,0.1865234375,0.17489003993046567,0.1987442759831363,0.9178292410714286,5.9624589279215545,0.002205
quadratic_input,10500,ood_dev,15,4096,54,179,52811,61440,0.01318359375,0.010118659410882703,0.017160800037499223,0.043701171875,0.03785652333901029,0.05040090379691039,0.8595540364583333,8.909020787892167,0.002205
quadratic_input,10500,ood_dev,16,4096,3,72,52883,65536,0.000732421875,0.0002491200948151938,0.0021513285370509242,0.017578125,0.013982290939508705,0.022077995855878798,0.8069305419921875,9.746235252993074,0.002205
quadratic_input,10500,ood_dev,17,4096,0,76,52959,69632,0.0,0.0,0.0009369774073651883,0.0185546875,0.014850524581988338,0.02316105717940041,0.7605554917279411,9.978260596683697,0.002205
quadratic_input,10500,ood_dev,18,4096,0,66,53025,73728,0.0,0.0,0.0009369774073651883,0.01611328125,0.01268594169611479,0.020447402650270854,0.7191975911458334,10.305828470074857,0.002205
quadratic_input,10500,ood_dev,19,4096,0,74,53099,77824,0.0,0.0,0.0009369774073651883,0.01806640625,0.014416028944668636,0.02261990533371949,0.6822959498355263,10.83530475571115,0.002205
quadratic_input,10500,ood_dev,20,4096,0,79,53178,81920,0.0,0.0,0.0009369774073651883,0.019287109375,0.015503626084669948,0.023971426901219724,0.6491455078125,11.455793665151361,0.002205
quadratic_input,10500,ood_dev,21,4096,0,73,53251,86016,0.0,0.0,0.0009369774073651883,0.017822265625,0.014199063362519719,0.022349047174368093,0.6190824962797619,12.303862636246095,0.002205
quadratic_input,10500,ood_dev,22,4096,0,69,53320,90112,0.0,0.0,0.0009369774073651883,0.016845703125,0.013333172427690648,0.02126364314319593,0.5917080965909091,12.834138126126902,0.002205
quadratic_input,10500,ood_dev,23,4096,0,88,53408,94208,0.0,0.0,0.0009369774073651883,0.021484375,0.017471913822637443,0.02639355283675502,0.5669157608695652,13.353258146595053,0.002205
quadratic_input,10500,ood_dev,24,4096,0,69,53477,98304,0.0,0.0,0.0009369774073651883,0.016845703125,0.013333172427690648,0.02126364314319593,0.5439961751302084,13.80389188875085,0.002205
quadratic_input,10500,ood_dev,25,4096,0,62,53539,102400,0.0,0.0,0.0009369774073651883,0.01513671875,0.011826124044008677,0.01935592533637573,0.522841796875,14.430606692353358,0.002205
quadratic_input,10500,ood_dev,26,4096,0,79,53618,106496,0.0,0.0,0.0009369774073651883,0.019287109375,0.015503626084669948,0.023971426901219724,0.5034743088942307,14.70150293156152,0.002205
quadratic_input,10500,ood_dev,27,4096,0,64,53682,110592,0.0,0.0,0.0009369774073651883,0.015625,0.012255565007829483,0.01990213185555554,0.4854058159722222,15.06069852650753,0.002205
quadratic_input,10500,ood_dev,28,4096,0,58,53740,114688,0.0,0.0,0.0009369774073651883,0.01416015625,0.010970229851119503,0.018260524563263665,0.4685756138392857,15.418603291750202,0.002205
quadratic_input,10500,ood_dev,29,4096,0,64,53804,118784,0.0,0.0,0.0009369774073651883,0.015625,0.012255565007829483,0.01990213185555554,0.45295662715517243,15.689637012364344,0.002205
quadratic_input,10500,ood_dev,30,4096,0,57,53861,122880,0.0,0.0,0.0009369774073651883,0.013916015625,0.01075691476118927,0.017986015911693586,0.43832194010416664,15.828979167770413,0.002205
quadratic_input,10500,ood_dev,31,4096,0,74,53935,126976,0.0,0.0,0.0009369774073651883,0.01806640625,0.014416028944668636,0.02261990533371949,0.4247653099798387,15.783970330183877,0.002205
quadratic_input,10500,ood_dev,32,4096,0,71,54006,131072,0.0,0.0,0.0009369774073651883,0.017333984375,0.01376571558724534,0.02180674746664186,0.4120330810546875,16.014654782307957,0.002205
quadratic_input,10500,ood_dev,33,4096,0,66,54072,135168,0.0,0.0,0.0009369774073651883,0.01611328125,0.01268594169611479,0.020447402650270854,0.40003551136363635,16.00484504294233,0.002205
quadratic_input,10500,ood_dev,34,4096,0,80,54152,139264,0.0,0.0,0.0009369774073651883,0.01953125,0.015721675338006252,0.02424120138938373,0.38884420955882354,16.155662741354856,0.002205
quadratic_input,10500,ood_dev,35,4096,0,58,54210,143360,0.0,0.0,0.0009369774073651883,0.01416015625,0.010970229851119503,0.018260524563263665,0.37813895089285715,16.161676808918124,0.002205
quadratic_input,10500,ood_dev,36,4096,0,55,54265,147456,0.0,0.0,0.0009369774073651883,0.013427734375,0.010331122163193216,0.017436161026689018,0.3680080837673611,16.142291473656528,0.002205
quadratic_input,11000,dev,1,4096,4096,4096,4096,4096,1.0,0.9990630225926348,0.9999999999999999,1.0,0.9990630225926348,0.9999999999999999,1.0,7.085650582361325e-05,0.0024200000000000003
quadratic_input,11000,dev,2,4096,4096,4096,8192,8192,1.0,0.9990630225926348,0.9999999999999999,1.0,0.9990630225926348,0.9999999999999999,1.0,0.0002497947122450661,0.0024200000000000003
quadratic_input,11000,dev,3,4096,4094,4094,12286,12288,0.99951171875,0.9982212896544476,0.9998660854551866,0.99951171875,0.9982212896544476,0.9998660854551866,0.9998372395833334,0.000902547156119482,0.0024200000000000003
quadratic_input,11000,dev,4,4096,4093,4094,16380,16384,0.999267578125,0.9978486714629491,0.9997508799051849,0.99951171875,0.9982212896544476,0.9998660854551866,0.999755859375,0.0032722166998726543,0.0024200000000000003
quadratic_input,11000,dev,5,4096,4091,4092,20472,20480,0.998779296875,0.997145424476127,0.9994784794090062,0.9990234375,0.9974915571936952,0.9996201704329383,0.999609375,0.004795068780953038,0.0024200000000000003
quadratic_input,11000,dev,6,4096,4090,4091,24563,24576,0.99853515625,0.9968075986857966,0.9993284814578364,0.998779296875,0.997145424476127,0.9994784794090062,0.9994710286458334,0.007514356151423485,0.0024200000000000003
quadratic_input,11000,dev,7,4096,4090,4091,28654,28672,0.99853515625,0.9968075986857966,0.9993284814578364,0.998779296875,0.997145424476127,0.9994784794090062,0.9993722098214286,0.009265803637510839,0.0024200000000000003
quadratic_input,11000,dev,8,4096,4089,4090,32744,32768,0.998291015625,0.9964763422189936,0.9991719141831389,0.99853515625,0.9968075986857966,0.9993284814578364,0.999267578125,0.01175124364084068,0.0024200000000000003
quadratic_input,11000,dev,9,4096,4087,4088,36832,36864,0.997802734375,0.9958290482073086,0.9988435607118235,0.998046875,0.9961504506055915,0.9990099820550408,0.9991319444444444,0.012790591526709694,0.0024200000000000003
quadratic_input,11000,dev,10,4096,4086,4087,40919,40960,0.99755859375,0.9955114747539533,0.9986733104236785,0.997802734375,0.9958290482073086,0.9988435607118235,0.9989990234375,0.014431545003000146,0.0024200000000000003
quadratic_input,11000,dev,11,4096,4082,4083,45002,45056,0.99658203125,0.9942706398960515,0.9979628503155791,0.996826171875,0.9945771012522003,0.9981442127009305,0.9988014914772727,0.017174791320167415,0.0024200000000000003
quadratic_input,11000,dev,12,4096,4079,4081,49083,49152,0.995849609375,0.9933629968413301,0.9974070221457995,0.996337890625,0.9939662587473084,0.9977794077228217,0.99859619140625,0.023236840366152922,0.0024200000000000003
quadratic_input,11000,ood_dev,1,4096,4096,4096,4096,4096,1.0,0.9990630225926348,0.9999999999999999,1.0,0.9990630225926348,0.9999999999999999,1.0,7.066172065339771e-05,0.0024200000000000003
quadratic_input,11000,ood_dev,2,4096,4096,4096,8192,8192,1.0,0.9990630225926348,0.9999999999999999,1.0,0.9990630225926348,0.9999999999999999,1.0,0.0003395682957894053,0.0024200000000000003
quadratic_input,11000,ood_dev,3,4096,4096,4096,12288,12288,1.0,0.9990630225926348,0.9999999999999999,1.0,0.9990630225926348,0.9999999999999999,1.0,0.00017456518548852884,0.0024200000000000003
quadratic_input,11000,ood_dev,4,4096,4096,4096,16384,16384,1.0,0.9990630225926348,0.9999999999999999,1.0,0.9990630225926348,0.9999999999999999,1.0,0.00030506282387054995,0.0024200000000000003
quadratic_input,11000,ood_dev,5,4096,4095,4095,20479,20480,0.999755859375,0.9986182969663738,0.9999569018847606,0.999755859375,0.9986182969663738,0.9999569018847606,0.999951171875,0.00043329922424550915,0.0024200000000000003
quadratic_input,11000,ood_dev,6,4096,4094,4095,24574,24576,0.99951171875,0.9982212896544476,0.9998660854551866,0.999755859375,0.9986182969663738,0.9999569018847606,0.9999186197916666,0.0005270387314375569,0.0024200000000000003
quadratic_input,11000,ood_dev,7,4096,4093,4095,28669,28672,0.999267578125,0.9978486714629491,0.9997508799051849,0.999755859375,0.9986182969663738,0.9999569018847606,0.9998953683035714,0.0009019668170107131,0.0024200000000000003
quadratic_input,11000,ood_dev,8,4096,4091,4092,32761,32768,0.998779296875,0.997145424476127,0.9994784794090062,0.9990234375,0.9974915571936952,0.9996201704329383,0.999786376953125,0.001853224444505308,0.0024200000000000003
quadratic_input,11000,ood_dev,9,4096,4090,4090,36851,36864,0.99853515625,0.9968075986857966,0.9993284814578364,0.99853515625,0.9968075986857966,0.9993284814578364,0.9996473524305556,0.003415923175436042,0.0024200000000000003
quadratic_input,11000,ood_dev,10,4096,4087,4088,40939,40960,0.997802734375,0.9958290482073086,0.9988435607118235,0.998046875,0.9961504506055915,0.9990099820550408,0.9994873046875,0.005985578345327092,0.0024200000000000003
quadratic_input,11000,ood_dev,11,4096,4085,4086,45025,45056,0.997314453125,0.9951972177470491,0.9984997436890822,0.99755859375,0.9955114747539533,0.9986733104236785,0.9993119673295454,0.009750155044990105,0.0024200000000000003
quadratic_input,11000,ood_dev,12,4096,4077,4079,49104,49152,0.995361328125,0.9927660832938955,0.9970282882102334,0.995849609375,0.9933629968413301,0.9974070221457995,0.9990234375,0.012327419438831644,0.0024200000000000003
quadratic_input,11000,ood_dev,13,4096,3109,3113,52217,53248,0.759033203125,0.7456972232593029,0.771883766472526,0.760009765625,0.746691002838137,0.772841281859693,0.9806377704326923,1.0710566226587055,0.0024200000000000003
quadratic_input,11000,ood_dev,14,4096,825,932,53149,57344,0.201416015625,0.18941617130920815,0.21397539283591274,0.2275390625,0.2149587360897434,0.24062996839591064,0.9268450055803571,5.167240115266559,0.0024200000000000003
quadratic_input,11000,ood_dev,15,4096,78,210,53359,61440,0.01904296875,0.01528574904596704,0.023701480198422328,0.05126953125,0.04492593949542012,0.05845402362701016,0.8684733072916667,8.921073812799179,0.0024200000000000003
quadratic_input,11000,ood_dev,16,4096,3,79,53438,65536,0.000732421875,0.0002491200948151938,0.0021513285370509242,0.019287109375,0.015503626084669948,0.023971426901219724,0.815399169921875,10.448976886022592,0.0024200000000000003
quadratic_input,11000,ood_dev,17,4096,0,74,53512,69632,0.0,0.0,0.0009369774073651883,0.01806640625,0.014416028944668636,0.02261990533371949,0.7684972426470589,11.037050046216564,0.0024200000000000003
quadratic_input,11000,ood_dev,18,4096,0,65,53577,73728,0.0,0.0,0.0009369774073651883,0.015869140625,0.012470639018872916,0.020174881586012418,0.7266845703125,11.602720200641443,0.0024200000000000003
quadratic_input,11000,ood_dev,19,4096,0,85,53662,77824,0.0,0.0,0.0009369774073651883,0.020751953125,0.016814398921352457,0.02558759651353908,0.6895302220394737,12.235130587279173,0.0024200000000000003
quadratic_input,11000,ood_dev,20,4096,0,78,53740,81920,0.0,0.0,0.0009369774073651883,0.01904296875,0.01528574904596704,0.023701480198422328,0.656005859375,12.772840694127126,0.0024200000000000003
quadratic_input,11000,ood_dev,21,4096,0,83,53823,86016,0.0,0.0,0.0009369774073651883,0.020263671875,0.01637682567489716,0.025049522276993755,0.625732421875,13.46089489546577,0.0024200000000000003
quadratic_input,11000,ood_dev,22,4096,0,63,53886,90112,0.0,0.0,0.0009369774073651883,0.015380859375,0.012040724876904885,0.019629148244979834,0.5979891690340909,13.917364710392192,0.0024200000000000003
quadratic_input,11000,ood_dev,23,4096,0,80,53966,94208,0.0,0.0,0.0009369774073651883,0.01953125,0.015721675338006252,0.02424120138938373,0.5728388247282609,14.385929930448555,0.0024200000000000003
quadratic_input,11000,ood_dev,24,4096,0,71,54037,98304,0.0,0.0,0.0009369774073651883,0.017333984375,0.01376571558724534,0.02180674746664186,0.5496927897135416,14.792460208711262,0.0024200000000000003
quadratic_input,11000,ood_dev,25,4096,0,65,54102,102400,0.0,0.0,0.0009369774073651883,0.015869140625,0.012470639018872916,0.020174881586012418,0.52833984375,15.235377769645154,0.0024200000000000003
quadratic_input,11000,ood_dev,26,4096,0,75,54177,106496,0.0,0.0,0.0009369774073651883,0.018310546875,0.014633183903943853,0.022890574115944584,0.5087233323317307,15.407661541721822,0.0024200000000000003
quadratic_input,11000,ood_dev,27,4096,0,53,54230,110592,0.0,0.0,0.0009369774073651883,0.012939453125,0.009906496085844563,0.016885139621037056,0.4903609664351852,15.694504804927178,0.0024200000000000003
quadratic_input,11000,ood_dev,28,4096,0,62,54292,114688,0.0,0.0,0.0009369774073651883,0.01513671875,0.011826124044008677,0.01935592533637573,0.473388671875,15.901177692468607,0.0024200000000000003
quadratic_input,11000,ood_dev,29,4096,0,53,54345,118784,0.0,0.0,0.0009369774073651883,0.012939453125,0.009906496085844563,0.016885139621037056,0.4575111126077586,16.00779158896522,0.0024200000000000003
quadratic_input,11000,ood_dev,30,4096,0,65,54410,122880,0.0,0.0,0.0009369774073651883,0.015869140625,0.012470639018872916,0.020174881586012418,0.4427897135416667,16.108159482388576,0.0024200000000000003
quadratic_input,11000,ood_dev,31,4096,0,76,54486,126976,0.0,0.0,0.0009369774073651883,0.0185546875,0.014850524581988338,0.02316105717940041,0.4291047127016129,16.037886058720076,0.0024200000000000003
quadratic_input,11000,ood_dev,32,4096,0,70,54556,131072,0.0,0.0,0.0009369774073651883,0.01708984375,0.0135493413532538,0.021535297959133087,0.416229248046875,16.19067445016843,0.0024200000000000003
quadratic_input,11000,ood_dev,33,4096,0,65,54621,135168,0.0,0.0,0.0009369774073651883,0.015869140625,0.012470639018872916,0.020174881586012418,0.40409712357954547,16.18233550572119,0.0024200000000000003
quadratic_input,11000,ood_dev,34,4096,0,73,54694,139264,0.0,0.0,0.0009369774073651883,0.017822265625,0.014199063362519719,0.022349047174368093,0.39273609834558826,16.223162596684432,0.0024200000000000003
quadratic_input,11000,ood_dev,35,4096,0,60,54754,143360,0.0,0.0,0.0009369774073651883,0.0146484375,0.01139766303294143,0.018808738864442356,0.38193359375,16.23991182881815,0.0024200000000000003
quadratic_input,11000,ood_dev,36,4096,0,59,54813,147456,0.0,0.0,0.0009369774073651883,0.014404296875,0.011183814817094736,0.01853476333878874,0.3717244466145833,16.27463372525517,0.0024200000000000003
quadratic_input,11500,dev,1,4096,4096,4096,4096,4096,1.0,0.9990630225926348,0.9999999999999999,1.0,0.9990630225926348,0.9999999999999999,1.0,6.516092747421709e-05,0.002645
quadratic_input,11500,dev,2,4096,4096,4096,8192,8192,1.0,0.9990630225926348,0.9999999999999999,1.0,0.9990630225926348,0.9999999999999999,1.0,9.822802731518365e-05,0.002645
quadratic_input,11500,dev,3,4096,4096,4096,12288,12288,1.0,0.9990630225926348,0.9999999999999999,1.0,0.9990630225926348,0.9999999999999999,1.0,0.0001767830377041868,0.002645
quadratic_input,11500,dev,4,4096,4096,4096,16384,16384,1.0,0.9990630225926348,0.9999999999999999,1.0,0.9990630225926348,0.9999999999999999,1.0,0.0003800502827737695,0.002645
quadratic_input,11500,dev,5,4096,4096,4096,20480,20480,1.0,0.9990630225926348,0.9999999999999999,1.0,0.9990630225926348,0.9999999999999999,1.0,0.0004148011110682859,0.002645
quadratic_input,11500,dev,6,4096,4096,4096,24576,24576,1.0,0.9990630225926348,0.9999999999999999,1.0,0.9990630225926348,0.9999999999999999,1.0,0.0007469350758486648,0.002645
quadratic_input,11500,dev,7,4096,4094,4094,28670,28672,0.99951171875,0.9982212896544476,0.9998660854551866,0.99951171875,0.9982212896544476,0.9998660854551866,0.9999302455357143,0.001264877215908733,0.002645
quadratic_input,11500,dev,8,4096,4093,4093,32763,32768,0.999267578125,0.9978486714629491,0.9997508799051849,0.999267578125,0.9978486714629491,0.9997508799051849,0.999847412109375,0.0020905302459586217,0.002645
quadratic_input,11500,dev,9,4096,4091,4091,36854,36864,0.998779296875,0.997145424476127,0.9994784794090062,0.998779296875,0.997145424476127,0.9994784794090062,0.9997287326388888,0.005184846136629506,0.002645
quadratic_input,11500,dev,10,4096,4082,4083,40937,40960,0.99658203125,0.9942706398960515,0.9979628503155791,0.996826171875,0.9945771012522003,0.9981442127009305,0.9994384765625,0.008235902854264232,0.002645
quadratic_input,11500,dev,11,4096,4079,4083,45020,45056,0.995849609375,0.9933629968413301,0.9974070221457995,0.996826171875,0.9945771012522003,0.9981442127009305,0.9992009943181818,0.009370041448708566,0.002645
quadratic_input,11500,dev,12,4096,4071,4080,49100,49152,0.993896484375,0.9910051126562461,0.995862316398881,0.99609375,0.9936637657680687,0.9975940769605611,0.9989420572916666,0.01521336567315501,0.002645
quadratic_input,11500,ood_dev,1,4096,4096,4096,4096,4096,1.0,0.9990630225926348,0.9999999999999999,1.0,0.9990630225926348,0.9999999999999999,1.0,6.542993774782957e-05,0.002645
quadratic_input,11500,ood_dev,2,4096,4096,4096,8192,8192,1.0,0.9990630225926348,0.9999999999999999,1.0,0.9990630225926348,0.9999999999999999,1.0,9.759256901098468e-05,0.002645
quadratic_input,11500,ood_dev,3,4096,4096,4096,12288,12288,1.0,0.9990630225926348,0.9999999999999999,1.0,0.9990630225926348,0.9999999999999999,1.0,0.00013190279623476187,0.002645
quadratic_input,11500,ood_dev,4,4096,4096,4096,16384,16384,1.0,0.9990630225926348,0.9999999999999999,1.0,0.9990630225926348,0.9999999999999999,1.0,0.00036196470919502843,0.002645
quadratic_input,11500,ood_dev,5,4096,4096,4096,20480,20480,1.0,0.9990630225926348,0.9999999999999999,1.0,0.9990630225926348,0.9999999999999999,1.0,0.00039710327415098945,0.002645
quadratic_input,11500,ood_dev,6,4096,4095,4095,24575,24576,0.999755859375,0.9986182969663738,0.9999569018847606,0.999755859375,0.9986182969663738,0.9999569018847606,0.9999593098958334,0.0008286342019121484,0.002645
quadratic_input,11500,ood_dev,7,4096,4092,4093,28668,28672,0.9990234375,0.9974915571936952,0.9996201704329383,0.999267578125,0.9978486714629491,0.9997508799051849,0.9998604910714286,0.0013317586251893054,0.002645
quadratic_input,11500,ood_dev,8,4096,4090,4091,32759,32768,0.99853515625,0.9968075986857966,0.9993284814578364,0.998779296875,0.997145424476127,0.9994784794090062,0.999725341796875,0.0030947855176473027,0.002645
quadratic_input,11500,ood_dev,9,4096,4090,4092,36851,36864,0.99853515625,0.9968075986857966,0.9993284814578364,0.9990234375,0.9974915571936952,0.9996201704329383,0.9996473524305556,0.0033395206514947873,0.002645
quadratic_input,11500,ood_dev,10,4096,4090,4093,40944,40960,0.99853515625,0.9968075986857966,0.9993284814578364,0.999267578125,0.9978486714629491,0.9997508799051849,0.999609375,0.004527286182608226,0.002645
quadratic_input,11500,ood_dev,11,4096,4087,4090,45034,45056,0.997802734375,0.9958290482073086,0.9988435607118235,0.99853515625,0.9968075986857966,0.9993284814578364,0.99951171875,0.007450595847708463,0.002645
quadratic_input,11500,ood_dev,12,4096,4079,4083,49117,49152,0.995849609375,0.9933629968413301,0.9974070221457995,0.996826171875,0.9945771012522003,0.9981442127009305,0.9992879231770834,0.011417260909353022,0.002645
quadratic_input,11500,ood_dev,13,4096,2718,2724,51841,53248,0.66357421875,0.6489572891833877,0.6778846176218201,0.6650390625,0.650436346030163,0.6793325032240465,0.9735764723557693,1.4572963581986453,0.002645
quadratic_input,11500,ood_dev,14,4096,631,780,52621,57344,0.154052734375,0.14332190632372685,0.16543185197033392,0.1904296875,0.17869750177317745,0.2027419940044295,0.9176374162946429,5.086878692551313,0.002645
quadratic_input,11500,ood_dev,15,4096,55,186,52807,61440,0.013427734375,0.010331122163193216,0.017436161026689018,0.04541015625,0.03944879745397491,0.05222339587244794,0.8594889322916667,8.040793100805871,0.002645
quadratic_input,11500,ood_dev,16,4096,0,94,52901,65536,0.0,0.0,0.0009369774073651883,0.02294921875,0.01879085754766932,0.028001551560725,0.8072052001953125,9.146348605308049,0.002645
quadratic_input,11500,ood_dev,17,4096,0,73,52974,69632,0.0,0.0,0.0009369774073651883,0.017822265625,0.014199063362519719,0.022349047174368093,0.7607709099264706,9.612727990386702,0.002645
quadratic_input,11500,ood_dev,18,4096,0,58,53032,73728,0.0,0.0,0.0009369774073651883,0.01416015625,0.010970229851119503,0.018260524563263665,0.7192925347222222,10.173197013392041,0.002645
quadratic_input,11500,ood_dev,19,4096,0,73,53105,77824,0.0,0.0,0.0009369774073651883,0.017822265625,0.014199063362519719,0.022349047174368093,0.682373046875,10.907885763052036,0.002645
quadratic_input,11500,ood_dev,20,4096,0,69,53174,81920,0.0,0.0,0.0009369774073651883,0.016845703125,0.013333172427690648,0.02126364314319593,0.6490966796875,11.682749323408189,0.002645
quadratic_input,11500,ood_dev,21,4096,0,82,53256,86016,0.0,0.0,0.0009369774073651883,0.02001953125,0.01615827811132198,0.024780246099068624,0.619140625,12.54849251687579,0.002645
quadratic_input,11500,ood_dev,22,4096,0,68,53324,90112,0.0,0.0,0.0009369774073651883,0.0166015625,0.013117213150496153,0.020991778678890113,0.5917524857954546,13.039345989501172,0.002645
quadratic_input,11500,ood_dev,23,4096,0,73,53397,94208,0.0,0.0,0.0009369774073651883,0.017822265625,0.014199063362519719,0.022349047174368093,0.5667989979619565,13.631991459423489,0.002645
quadratic_input,11500,ood_dev,24,4096,0,65,53462,98304,0.0,0.0,0.0009369774073651883,0.015869140625,0.012470639018872916,0.020174881586012418,0.5438435872395834,14.019358658724158,0.002645
quadratic_input,11500,ood_dev,25,4096,0,74,53536,102400,0.0,0.0,0.0009369774073651883,0.01806640625,0.014416028944668636,0.02261990533371949,0.5228125,14.54369282455636,0.002645
quadratic_input,11500,ood_dev,26,4096,0,75,53611,106496,0.0,0.0,0.0009369774073651883,0.018310546875,0.014633183903943853,0.022890574115944584,0.5034085787259616,14.80369091401171,0.002645
quadratic_input,11500,ood_dev,27,4096,0,62,53673,110592,0.0,0.0,0.0009369774073651883,0.01513671875,0.011826124044008677,0.01935592533637573,0.4853244357638889,15.143446087778663,0.002645
quadratic_input,11500,ood_dev,28,4096,0,50,53723,114688,0.0,0.0,0.0009369774073651883,0.01220703125,0.009271887142588631,0.016056277339792056,0.46842738560267855,15.455086612275316,0.002645
quadratic_input,11500,ood_dev,29,4096,0,64,53787,118784,0.0,0.0,0.0009369774073651883,0.015625,0.012255565007829483,0.01990213185555554,0.45281351023706895,15.586035019509623,0.002645
quadratic_input,11500,ood_dev,30,4096,0,67,53854,122880,0.0,0.0,0.0009369774073651883,0.016357421875,0.012901468019013623,0.020719700068872332,0.43826497395833336,15.765699424155535,0.002645
quadratic_input,11500,ood_dev,31,4096,0,82,53936,126976,0.0,0.0,0.0009369774073651883,0.02001953125,0.01615827811132198,0.024780246099068624,0.42477318548387094,15.694118606974385,0.002645
quadratic_input,11500,ood_dev,32,4096,0,59,53995,131072,0.0,0.0,0.0009369774073651883,0.014404296875,0.011183814817094736,0.01853476333878874,0.41194915771484375,15.903543367661342,0.002645
quadratic_input,11500,ood_dev,33,4096,0,60,54055,135168,0.0,0.0,0.0009369774073651883,0.0146484375,0.01139766303294143,0.018808738864442356,0.39990974195075757,15.924242643915804,0.002645
quadratic_input,11500,ood_dev,34,4096,0,77,54132,139264,0.0,0.0,0.0009369774073651883,0.018798828125,0.01506804743850219,0.023431358064386867,0.38870059742647056,16.008667875346294,0.002645
quadratic_input,11500,ood_dev,35,4096,0,66,54198,143360,0.0,0.0,0.0009369774073651883,0.01611328125,0.01268594169611479,0.020447402650270854,0.3780552455357143,15.99450745496829,0.002645
quadratic_input,11500,ood_dev,36,4096,0,59,54257,147456,0.0,0.0,0.0009369774073651883,0.014404296875,0.011183814817094736,0.01853476333878874,0.3679538302951389,16.089071471325838,0.002645
quadratic_input,12000,dev,1,4096,4096,4096,4096,4096,1.0,0.9990630225926348,0.9999999999999999,1.0,0.9990630225926348,0.9999999999999999,1.0,5.807522155620859e-05,0.00288
quadratic_input,12000,dev,2,4096,4096,4096,8192,8192,1.0,0.9990630225926348,0.9999999999999999,1.0,0.9990630225926348,0.9999999999999999,1.0,9.667986095429626e-05,0.00288
quadratic_input,12000,dev,3,4096,4096,4096,12288,12288,1.0,0.9990630225926348,0.9999999999999999,1.0,0.9990630225926348,0.9999999999999999,1.0,0.0001420975853341222,0.00288
quadratic_input,12000,dev,4,4096,4096,4096,16384,16384,1.0,0.9990630225926348,0.9999999999999999,1.0,0.9990630225926348,0.9999999999999999,1.0,0.00018497724769006574,0.00288
quadratic_input,12000,dev,5,4096,4096,4096,20480,20480,1.0,0.9990630225926348,0.9999999999999999,1.0,0.9990630225926348,0.9999999999999999,1.0,0.0003057008840543496,0.00288
quadratic_input,12000,dev,6,4096,4095,4095,24575,24576,0.999755859375,0.9986182969663738,0.9999569018847606,0.999755859375,0.9986182969663738,0.9999569018847606,0.9999593098958334,0.0015276665251739985,0.00288
quadratic_input,12000,dev,7,4096,4095,4095,28670,28672,0.999755859375,0.9986182969663738,0.9999569018847606,0.999755859375,0.9986182969663738,0.9999569018847606,0.9999302455357143,0.0024054421940999937,0.00288
quadratic_input,12000,dev,8,4096,4095,4095,32765,32768,0.999755859375,0.9986182969663738,0.9999569018847606,0.999755859375,0.9986182969663738,0.9999569018847606,0.999908447265625,0.00264874852740693,0.00288
quadratic_input,12000,dev,9,4096,4094,4094,36859,36864,0.99951171875,0.9982212896544476,0.9998660854551866,0.99951171875,0.9982212896544476,0.9998660854551866,0.9998643663194444,0.0038875459021494585,0.00288
quadratic_input,12000,dev,10,4096,4093,4094,40953,40960,0.999267578125,0.9978486714629491,0.9997508799051849,0.99951171875,0.9982212896544476,0.9998660854551866,0.9998291015625,0.0024448304197934867,0.00288
quadratic_input,12000,dev,11,4096,4089,4090,45043,45056,0.998291015625,0.9964763422189936,0.9991719141831389,0.99853515625,0.9968075986857966,0.9993284814578364,0.9997114701704546,0.007363570188693824,0.00288
quadratic_input,12000,dev,12,4096,4079,4082,49125,49152,0.995849609375,0.9933629968413301,0.9974070221457995,0.99658203125,0.9942706398960515,0.9979628503155791,0.99945068359375,0.009590849967934911,0.00288
quadratic_input,12000,ood_dev,1,4096,4096,4096,4096,4096,1.0,0.9990630225926348,0.9999999999999999,1.0,0.9990630225926348,0.9999999999999999,1.0,5.923338035396242e-05,0.00288
quadratic_input,12000,ood_dev,2,4096,4096,4096,8192,8192,1.0,0.9990630225926348,0.9999999999999999,1.0,0.9990630225926348,0.9999999999999999,1.0,9.918717111467856e-05,0.00288
quadratic_input,12000,ood_dev,3,4096,4096,4096,12288,12288,1.0,0.9990630225926348,0.9999999999999999,1.0,0.9990630225926348,0.9999999999999999,1.0,0.00020304098685386407,0.00288
quadratic_input,12000,ood_dev,4,4096,4096,4096,16384,16384,1.0,0.9990630225926348,0.9999999999999999,1.0,0.9990630225926348,0.9999999999999999,1.0,0.0003238145207384857,0.00288
quadratic_input,12000,ood_dev,5,4096,4095,4095,20479,20480,0.999755859375,0.9986182969663738,0.9999569018847606,0.999755859375,0.9986182969663738,0.9999569018847606,0.999951171875,0.000501628928157416,0.00288
quadratic_input,12000,ood_dev,6,4096,4093,4093,24572,24576,0.999267578125,0.9978486714629491,0.9997508799051849,0.999267578125,0.9978486714629491,0.9997508799051849,0.9998372395833334,0.0014324359186050906,0.00288
quadratic_input,12000,ood_dev,7,4096,4092,4093,28665,28672,0.9990234375,0.9974915571936952,0.9996201704329383,0.999267578125,0.9978486714629491,0.9997508799051849,0.999755859375,0.0015895113979342845,0.00288
quadratic_input,12000,ood_dev,8,4096,4092,4095,32760,32768,0.9990234375,0.9974915571936952,0.9996201704329383,0.999755859375,0.9986182969663738,0.9999569018847606,0.999755859375,0.0008649909993785343,0.00288
quadratic_input,12000,ood_dev,9,4096,4091,4093,36853,36864,0.998779296875,0.997145424476127,0.9994784794090062,0.999267578125,0.9978486714629491,0.9997508799051849,0.9997016059027778,0.002657478607899666,0.00288
quadratic_input,12000,ood_dev,10,4096,4090,4091,40944,40960,0.99853515625,0.9968075986857966,0.9993284814578364,0.998779296875,0.997145424476127,0.9994784794090062,0.999609375,0.004874249224196436,0.00288
quadratic_input,12000,ood_dev,11,4096,4085,4085,45029,45056,0.997314453125,0.9951972177470491,0.9984997436890822,0.997314453125,0.9951972177470491,0.9984997436890822,0.9994007457386364,0.01034619354807953,0.00288
quadratic_input,12000,ood_dev,12,4096,4077,4082,49111,49152,0.995361328125,0.9927660832938955,0.9970282882102334,0.99658203125,0.9942706398960515,0.9979628503155791,0.9991658528645834,0.013220094069836374,0.00288
quadratic_input,12000,ood_dev,13,4096,2147,2150,51261,53248,0.524169921875,0.5088601074989444,0.5394344429095862,0.52490234375,0.5095929435807366,0.540165078052295,0.9626840444711539,2.1731735552492815,0.00288
quadratic_input,12000,ood_dev,14,4096,381,499,51760,57344,0.093017578125,0.0844998214531925,0.10229800146579078,0.121826171875,0.11216214563858147,0.13219887877743838,0.9026227678571429,6.477285796808964,0.00288
quadratic_input,12000,ood_dev,15,4096,27,120,51880,61440,0.006591796875,0.004534310788919747,0.009573907638953811,0.029296875,0.024557101432008455,0.03491872495539393,0.8444010416666666,9.908419500957848,0.00288
quadratic_input,12000,ood_dev,16,4096,2,60,51940,65536,0.00048828125,0.00013391454481334652,0.0017787103455524616,0.0146484375,0.01139766303294143,0.018808738864442356,0.79254150390625,11.099928113207511,0.00288
quadratic_input,12000,ood_dev,17,4096,0,60,52000,69632,0.0,0.0,0.0009369774073651883,0.0146484375,0.01139766303294143,0.018808738864442356,0.7467830882352942,11.807592158885427,0.00288
quadratic_input,12000,ood_dev,18,4096,0,63,52063,73728,0.0,0.0,0.0009369774073651883,0.015380859375,0.012040724876904885,0.019629148244979834,0.7061496310763888,12.313022264206495,0.00288
quadratic_input,12000,ood_dev,19,4096,0,71,52134,77824,0.0,0.0,0.0009369774073651883,0.017333984375,0.01376571558724534,0.02180674746664186,0.6698961759868421,13.009669107452076,0.00288
quadratic_input,12000,ood_dev,20,4096,0,80,52214,81920,0.0,0.0,0.0009369774073651883,0.01953125,0.015721675338006252,0.02424120138938373,0.6373779296875,13.616356500315874,0.00288
quadratic_input,12000,ood_dev,21,4096,0,74,52288,86016,0.0,0.0,0.0009369774073651883,0.01806640625,0.014416028944668636,0.02261990533371949,0.6078869047619048,14.205728288419557,0.00288
quadratic_input,12000,ood_dev,22,4096,0,69,52357,90112,0.0,0.0,0.0009369774073651883,0.016845703125,0.013333172427690648,0.02126364314319593,0.5810213955965909,14.494035625798375,0.00288
quadratic_input,12000,ood_dev,23,4096,0,79,52436,94208,0.0,0.0,0.0009369774073651883,0.019287109375,0.015503626084669948,0.023971426901219724,0.5565981657608695,14.947214038521338,0.00288
quadratic_input,12000,ood_dev,24,4096,0,70,52506,98304,0.0,0.0,0.0009369774073651883,0.01708984375,0.0135493413532538,0.021535297959133087,0.53411865234375,15.137148621909226,0.00288
quadratic_input,12000,ood_dev,25,4096,0,58,52564,102400,0.0,0.0,0.0009369774073651883,0.01416015625,0.010970229851119503,0.018260524563263665,0.5133203125,15.520120154974013,0.00288
quadratic_input,12000,ood_dev,26,4096,0,80,52644,106496,0.0,0.0,0.0009369774073651883,0.01953125,0.015721675338006252,0.02424120138938373,0.4943284254807692,15.684588712082688,0.00288
quadratic_input,12000,ood_dev,27,4096,0,56,52700,110592,0.0,0.0,0.0009369774073651883,0.013671875,0.01054387645975476,0.017711230471627787,0.47652633101851855,15.948365363084811,0.00288
quadratic_input,12000,ood_dev,28,4096,0,52,52752,114688,0.0,0.0,0.0009369774073651883,0.0126953125,0.009694640437114613,0.016609171528266693,0.4599609375,16.113586993799366,0.00288
quadratic_input,12000,ood_dev,29,4096,0,63,52815,118784,0.0,0.0,0.0009369774073651883,0.015380859375,0.012040724876904885,0.019629148244979834,0.4446305899784483,16.149692428990107,0.00288
quadratic_input,12000,ood_dev,30,4096,0,68,52883,122880,0.0,0.0,0.0009369774073651883,0.0166015625,0.013117213150496153,0.020991778678890113,0.43036295572916666,16.36388773582857,0.00288
quadratic_input,12000,ood_dev,31,4096,0,68,52951,126976,0.0,0.0,0.0009369774073651883,0.0166015625,0.013117213150496153,0.020991778678890113,0.41701581401209675,16.169647509186532,0.00288
quadratic_input,12000,ood_dev,32,4096,0,73,53024,131072,0.0,0.0,0.0009369774073651883,0.017822265625,0.014199063362519719,0.022349047174368093,0.404541015625,16.29112618078034,0.00288
quadratic_input,12000,ood_dev,33,4096,0,70,53094,135168,0.0,0.0,0.0009369774073651883,0.01708984375,0.0135493413532538,0.021535297959133087,0.3928000710227273,16.29643998976793,0.00288
quadratic_input,12000,ood_dev,34,4096,0,74,53168,139264,0.0,0.0,0.0009369774073651883,0.01806640625,0.014416028944668636,0.02261990533371949,0.3817784926470588,16.340695218244733,0.00288
quadratic_input,12000,ood_dev,35,4096,0,61,53229,143360,0.0,0.0,0.0009369774073651883,0.014892578125,0.011611768142410793,0.019082457496473304,0.37129603794642857,16.387429011913177,0.00288
quadratic_input,12000,ood_dev,36,4096,0,70,53299,147456,0.0,0.0,0.0009369774073651883,0.01708984375,0.0135493413532538,0.021535297959133087,0.3614569769965278,16.407065939626108,0.00288
quadratic_input,12500,dev,1,4096,4096,4096,4096,4096,1.0,0.9990630225926348,0.9999999999999999,1.0,0.9990630225926348,0.9999999999999999,1.0,5.997296896431692e-05,0.003125
quadratic_input,12500,dev,2,4096,4096,4096,8192,8192,1.0,0.9990630225926348,0.9999999999999999,1.0,0.9990630225926348,0.9999999999999999,1.0,8.778218991567499e-05,0.003125
quadratic_input,12500,dev,3,4096,4096,4096,12288,12288,1.0,0.9990630225926348,0.9999999999999999,1.0,0.9990630225926348,0.9999999999999999,1.0,0.0002379282334672439,0.003125
quadratic_input,12500,dev,4,4096,4095,4095,16383,16384,0.999755859375,0.9986182969663738,0.9999569018847606,0.999755859375,0.9986182969663738,0.9999569018847606,0.99993896484375,0.0010745301454506695,0.003125
quadratic_input,12500,dev,5,4096,4093,4093,20476,20480,0.999267578125,0.9978486714629491,0.9997508799051849,0.999267578125,0.9978486714629491,0.9997508799051849,0.9998046875,0.0012940583033667075,0.003125
quadratic_input,12500,dev,6,4096,4091,4094,24570,24576,0.998779296875,0.997145424476127,0.9994784794090062,0.99951171875,0.9982212896544476,0.9998660854551866,0.999755859375,0.0011423558426701952,0.003125
quadratic_input,12500,dev,7,4096,4089,4093,28663,28672,0.998291015625,0.9964763422189936,0.9991719141831389,0.999267578125,0.9978486714629491,0.9997508799051849,0.9996861049107143,0.002009511537057307,0.003125
quadratic_input,12500,dev,8,4096,4086,4091,32754,32768,0.99755859375,0.9955114747539533,0.9986733104236785,0.998779296875,0.997145424476127,0.9994784794090062,0.99957275390625,0.0025021566961296315,0.003125
quadratic_input,12500,dev,9,4096,4085,4092,36846,36864,0.997314453125,0.9951972177470491,0.9984997436890822,0.9990234375,0.9974915571936952,0.9996201704329383,0.99951171875,0.0038847847345357955,0.003125
quadratic_input,12500,dev,10,4096,4082,4092,40938,40960,0.99658203125,0.9942706398960515,0.9979628503155791,0.9990234375,0.9974915571936952,0.9996201704329383,0.999462890625,0.005173801437548864,0.003125
quadratic_input,12500,dev,11,4096,4081,4090,45028,45056,0.996337890625,0.9939662587473084,0.9977794077228217,0.99853515625,0.9968075986857966,0.9993284814578364,0.9993785511363636,0.006287003966564342,0.003125
quadratic_input,12500,dev,12,4096,4075,4083,49111,49152,0.994873046875,0.9921745882319427,0.9966441357891856,0.996826171875,0.9945771012522003,0.9981442127009305,0.9991658528645834,0.009999722463845728,0.003125
quadratic_input,12500,ood_dev,1,4096,4096,4096,4096,4096,1.0,0.9990630225926348,0.9999999999999999,1.0,0.9990630225926348,0.9999999999999999,1.0,6.0031232655077815e-05,0.003125
quadratic_input,12500,ood_dev,2,4096,4096,4096,8192,8192,1.0,0.9990630225926348,0.9999999999999999,1.0,0.9990630225926348,0.9999999999999999,1.0,9.406455211236064e-05,0.003125
quadratic_input,12500,ood_dev,3,4096,4096,4096,12288,12288,1.0,0.9990630225926348,0.9999999999999999,1.0,0.9990630225926348,0.9999999999999999,1.0,0.00025994190011768836,0.003125
quadratic_input,12500,ood_dev,4,4096,4094,4094,16382,16384,0.99951171875,0.9982212896544476,0.9998660854551866,0.99951171875,0.9982212896544476,0.9998660854551866,0.9998779296875,0.0005751598499448285,0.003125
quadratic_input,12500,ood_dev,5,4096,4094,4096,20478,20480,0.99951171875,0.9982212896544476,0.9998660854551866,1.0,0.9990630225926348,0.9999999999999999,0.99990234375,0.0007446232793704155,0.003125
quadratic_input,12500,ood_dev,6,4096,4093,4094,24572,24576,0.999267578125,0.9978486714629491,0.9997508799051849,0.99951171875,0.9982212896544476,0.9998660854551866,0.9998372395833334,0.001209075986705166,0.003125
quadratic_input,12500,ood_dev,7,4096,4091,4092,28664,28672,0.998779296875,0.997145424476127,0.9994784794090062,0.9990234375,0.9974915571936952,0.9996201704329383,0.9997209821428571,0.0027007349332697217,0.003125
quadratic_input,12500,ood_dev,8,4096,4088,4089,32753,32768,0.998046875,0.9961504506055915,0.9990099820550408,0.998291015625,0.9964763422189936,0.9991719141831389,0.999542236328125,0.004010654638187283,0.003125
quadratic_input,12500,ood_dev,9,4096,4088,4093,36846,36864,0.998046875,0.9961504506055915,0.9990099820550408,0.999267578125,0.9978486714629491,0.9997508799051849,0.99951171875,0.002874867025931316,0.003125
quadratic_input,12500,ood_dev,10,4096,4085,4089,40935,40960,0.997314453125,0.9951972177470491,0.9984997436890822,0.998291015625,0.9964763422189936,0.9991719141831389,0.9993896484375,0.0045245797319592995,0.003125
quadratic_input,12500,ood_dev,11,4096,4080,4087,45022,45056,0.99609375,0.9936637657680687,0.9975940769605611,0.997802734375,0.9958290482073086,0.9988435607118235,0.9992453835227273,0.005633264814488559,0.003125
quadratic_input,12500,ood_dev,12,4096,4075,4083,49105,49152,0.994873046875,0.9921745882319427,0.9966441357891856,0.996826171875,0.9945771012522003,0.9981442127009305,0.9990437825520834,0.00919950900285027,0.003125
quadratic_input,12500,ood_dev,13,4096,2736,2747,51852,53248,0.66796875,0.6533949282568866,0.6822278058953267,0.670654296875,0.656107513678577,0.6848812816301397,0.9737830528846154,1.3760402861511274,0.003125
quadratic_input,12500,ood_dev,14,4096,614,744,52596,57344,0.14990234375,0.1392983983215954,0.16116235636696008,0.181640625,0.17013349171352202,0.19374434937007376,0.9172014508928571,4.9375115010632715,0.003125
quadratic_input,12500,ood_dev,15,4096,47,164,52760,61440,0.011474609375,0.008640294920605456,0.015224398337274302,0.0400390625,0.034453446658265954,0.046486624355150066,0.8587239583333334,8.599154893933132,0.003125
quadratic_input,12500,ood_dev,16,4096,6,70,52830,65536,0.00146484375,0.0006715185421635897,0.0031924013142034585,0.01708984375,0.0135493413532538,0.021535297959133087,0.806121826171875,10.131393397333568,0.003125
quadratic_input,12500,ood_dev,17,4096,0,63,52893,69632,0.0,0.0,0.0009369774073651883,0.015380859375,0.012040724876904885,0.019629148244979834,0.7596076516544118,10.998534266763386,0.003125
quadratic_input,12500,ood_dev,18,4096,0,75,52968,73728,0.0,0.0,0.0009369774073651883,0.018310546875,0.014633183903943853,0.022890574115944584,0.7184244791666666,11.71581226477457,0.003125
quadratic_input,12500,ood_dev,19,4096,0,66,53034,77824,0.0,0.0,0.0009369774073651883,0.01611328125,0.01268594169611479,0.020447402650270854,0.6814607319078947,12.612523730590496,0.003125
quadratic_input,12500,ood_dev,20,4096,0,72,53106,81920,0.0,0.0,0.0009369774073651883,0.017578125,0.013982290939508705,0.022077995855878798,0.6482666015625,13.342043640829246,0.003125
quadratic_input,12500,ood_dev,21,4096,0,77,53183,86016,0.0,0.0,0.0009369774073651883,0.018798828125,0.01506804743850219,0.023431358064386867,0.6182919456845238,14.054315964657924,0.003125
quadratic_input,12500,ood_dev,22,4096,0,60,53243,90112,0.0,0.0,0.0009369774073651883,0.0146484375,0.01139766303294143,0.018808738864442356,0.5908536044034091,14.451242456819458,0.003125
quadratic_input,12500,ood_dev,23,4096,0,79,53322,94208,0.0,0.0,0.0009369774073651883,0.019287109375,0.015503626084669948,0.023971426901219724,0.5660028872282609,14.839495160389774,0.003125
quadratic_input,12500,ood_dev,24,4096,0,70,53392,98304,0.0,0.0,0.0009369774073651883,0.01708984375,0.0135493413532538,0.021535297959133087,0.5431315104166666,15.084117189629534,0.003125
quadratic_input,12500,ood_dev,25,4096,0,63,53455,102400,0.0,0.0,0.0009369774073651883,0.015380859375,0.012040724876904885,0.019629148244979834,0.522021484375,15.463629129076814,0.003125
quadratic_input,12500,ood_dev,26,4096,0,86,53541,106496,0.0,0.0,0.0009369774073651883,0.02099609375,0.017033419158058095,0.025856400018333753,0.5027512770432693,15.583889772785874,0.003125
quadratic_input,12500,ood_dev,27,4096,0,57,53598,110592,0.0,0.0,0.0009369774073651883,0.013916015625,0.01075691476118927,0.017986015911693586,0.4846462673611111,15.820144543142192,0.003125
quadratic_input,12500,ood_dev,28,4096,0,59,53657,114688,0.0,0.0,0.0009369774073651883,0.014404296875,0.011183814817094736,0.01853476333878874,0.46785191127232145,15.963720160309414,0.003125
quadratic_input,12500,ood_dev,29,4096,0,68,53725,118784,0.0,0.0,0.0009369774073651883,0.0166015625,0.013117213150496153,0.020991778678890113,0.4522915544181034,16.124971743186414,0.003125
quadratic_input,12500,ood_dev,30,4096,0,65,53790,122880,0.0,0.0,0.0009369774073651883,0.015869140625,0.012470639018872916,0.020174881586012418,0.437744140625,16.1632508098985,0.003125
quadratic_input,12500,ood_dev,31,4096,0,79,53869,126976,0.0,0.0,0.0009369774073651883,0.019287109375,0.015503626084669948,0.023971426901219724,0.4242455267137097,16.04729755558798,0.003125
quadratic_input,12500,ood_dev,32,4096,0,62,53931,131072,0.0,0.0,0.0009369774073651883,0.01513671875,0.011826124044008677,0.01935592533637573,0.41146087646484375,16.179894926090306,0.003125
quadratic_input,12500,ood_dev,33,4096,0,61,53992,135168,0.0,0.0,0.0009369774073651883,0.014892578125,0.011611768142410793,0.019082457496473304,0.3994436553030303,16.18976782943389,0.003125
quadratic_input,12500,ood_dev,34,4096,0,84,54076,139264,0.0,0.0,0.0009369774073651883,0.0205078125,0.016595533532573623,0.025318638160817603,0.38829848345588236,16.1681949429231,0.003125
quadratic_input,12500,ood_dev,35,4096,0,64,54140,143360,0.0,0.0,0.0009369774073651883,0.015625,0.012255565007829483,0.01990213185555554,0.37765066964285715,16.257788684759998,0.003125
quadratic_input,12500,ood_dev,36,4096,0,71,54211,147456,0.0,0.0,0.0009369774073651883,0.017333984375,0.01376571558724534,0.02180674746664186,0.3676418728298611,16.208321844936606,0.003125
quadratic_input,13000,dev,1,4096,4096,4096,4096,4096,1.0,0.9990630225926348,0.9999999999999999,1.0,0.9990630225926348,0.9999999999999999,1.0,5.4232655519292905e-05,0.0033800000000000006
quadratic_input,13000,dev,2,4096,4096,4096,8192,8192,1.0,0.9990630225926348,0.9999999999999999,1.0,0.9990630225926348,0.9999999999999999,1.0,8.311477706879344e-05,0.0033800000000000006
quadratic_input,13000,dev,3,4096,4096,4096,12288,12288,1.0,0.9990630225926348,0.9999999999999999,1.0,0.9990630225926348,0.9999999999999999,1.0,0.00033554872755603427,0.0033800000000000006
quadratic_input,13000,dev,4,4096,4094,4094,16382,16384,0.99951171875,0.9982212896544476,0.9998660854551866,0.99951171875,0.9982212896544476,0.9998660854551866,0.9998779296875,0.0014888160117871863,0.0033800000000000006
quadratic_input,13000,dev,5,4096,4094,4094,20476,20480,0.99951171875,0.9982212896544476,0.9998660854551866,0.99951171875,0.9982212896544476,0.9998660854551866,0.9998046875,0.0018501544459961217,0.0033800000000000006
quadratic_input,13000,dev,6,4096,4094,4094,24570,24576,0.99951171875,0.9982212896544476,0.9998660854551866,0.99951171875,0.9982212896544476,0.9998660854551866,0.999755859375,0.002187354296800059,0.0033800000000000006
quadratic_input,13000,dev,7,4096,4094,4094,28664,28672,0.99951171875,0.9982212896544476,0.9998660854551866,0.99951171875,0.9982212896544476,0.9998660854551866,0.9997209821428571,0.0027627038409896443,0.0033800000000000006
quadratic_input,13000,dev,8,4096,4094,4095,32759,32768,0.99951171875,0.9982212896544476,0.9998660854551866,0.999755859375,0.9986182969663738,0.9999569018847606,0.999725341796875,0.0019111785666421355,0.0033800000000000006
quadratic_input,13000,dev,9,4096,4094,4095,36854,36864,0.99951171875,0.9982212896544476,0.9998660854551866,0.999755859375,0.9986182969663738,0.9999569018847606,0.9997287326388888,0.0023924353757909245,0.0033800000000000006
quadratic_input,13000,dev,10,4096,4091,4092,40946,40960,0.998779296875,0.997145424476127,0.9994784794090062,0.9990234375,0.9974915571936952,0.9996201704329383,0.999658203125,0.004298936974119982,0.0033800000000000006
quadratic_input,13000,dev,11,4096,4088,4089,45035,45056,0.998046875,0.9961504506055915,0.9990099820550408,0.998291015625,0.9964763422189936,0.9991719141831389,0.9995339133522727,0.007137325229520375,0.0033800000000000006
quadratic_input,13000,dev,12,4096,4082,4085,49120,49152,0.99658203125,0.9942706398960515,0.9979628503155791,0.997314453125,0.9951972177470491,0.9984997436890822,0.9993489583333334,0.011436519500882536,0.0033800000000000006
quadratic_input,13000,ood_dev,1,4096,4096,4096,4096,4096,1.0,0.9990630225926348,0.9999999999999999,1.0,0.9990630225926348,0.9999999999999999,1.0,5.484046743964299e-05,0.0033800000000000006
quadratic_input,13000,ood_dev,2,4096,4096,4096,8192,8192,1.0,0.9990630225926348,0.9999999999999999,1.0,0.9990630225926348,0.9999999999999999,1.0,6.956748580533301e-05,0.0033800000000000006
quadratic_input,13000,ood_dev,3,4096,4096,4096,12288,12288,1.0,0.9990630225926348,0.9999999999999999,1.0,0.9990630225926348,0.9999999999999999,1.0,0.0001894934493007483,0.0033800000000000006
quadratic_input,13000,ood_dev,4,4096,4095,4095,16383,16384,0.999755859375,0.9986182969663738,0.9999569018847606,0.999755859375,0.9986182969663738,0.9999569018847606,0.99993896484375,0.00043558724837433616,0.0033800000000000006
quadratic_input,13000,ood_dev,5,4096,4094,4095,20478,20480,0.99951171875,0.9982212896544476,0.9998660854551866,0.999755859375,0.9986182969663738,0.9999569018847606,0.99990234375,0.0005108905744535264,0.0033800000000000006
quadratic_input,13000,ood_dev,6,4096,4094,4095,24573,24576,0.99951171875,0.9982212896544476,0.9998660854551866,0.999755859375,0.9986182969663738,0.9999569018847606,0.9998779296875,0.000606628334115733,0.0033800000000000006
quadratic_input,13000,ood_dev,7,4096,4094,4096,28669,28672,0.99951171875,0.9982212896544476,0.9998660854551866,1.0,0.9990630225926348,0.9999999999999999,0.9998953683035714,0.00031632822581828535,0.0033800000000000006
quadratic_input,13000,ood_dev,8,4096,4092,4094,32763,32768,0.9990234375,0.9974915571936952,0.9996201704329383,0.99951171875,0.9982212896544476,0.9998660854551866,0.999847412109375,0.0010910485642958712,0.0033800000000000006
quadratic_input,13000,ood_dev,9,4096,4092,4093,36856,36864,0.9990234375,0.9974915571936952,0.9996201704329383,0.999267578125,0.9978486714629491,0.9997508799051849,0.9997829861111112,0.0020687424691820944,0.0033800000000000006
quadratic_input,13000,ood_dev,10,4096,4091,4093,40949,40960,0.998779296875,0.997145424476127,0.9994784794090062,0.999267578125,0.9978486714629491,0.9997508799051849,0.9997314453125,0.002228647776785664,0.0033800000000000006
quadratic_input,13000,ood_dev,11,4096,4089,4092,45041,45056,0.998291015625,0.9964763422189936,0.9991719141831389,0.9990234375,0.9974915571936952,0.9996201704329383,0.9996670809659091,0.0032100411155928654,0.0033800000000000006
quadratic_input,13000,ood_dev,12,4096,4082,4085,49126,49152,0.99658203125,0.9942706398960515,0.9979628503155791,0.997314453125,0.9951972177470491,0.9984997436890822,0.9994710286458334,0.007216681729214969,0.0033800000000000006
quadratic_input,13000,ood_dev,13,4096,3099,3102,52228,53248,0.756591796875,0.7432131810659658,0.7694895712508599,0.75732421875,0.7439583329411437,0.770207890600183,0.9808443509615384,0.746632709894528,0.0033800000000000006
quadratic_input,13000,ood_dev,14,4096,610,682,52910,57344,0.14892578125,0.13835210713474286,0.16015735258781136,0.16650390625,0.15540885632445284,0.1782239127861237,0.9226771763392857,4.391855441743736,0.0033800000000000006
quadratic_input,13000,ood_dev,15,4096,32,136,53046,61440,0.0078125,0.005539509852396457,0.011007827282978652,0.033203125,0.028138784376593545,0.0391422218748138,0.86337890625,6.780563945836093,0.0033800000000000006
quadratic_input,13000,ood_dev,16,4096,2,74,53120,65536,0.00048828125,0.00013391454481334652,0.0017787103455524616,0.01806640625,0.014416028944668636,0.02261990533371949,0.810546875,7.588890227098091,0.0033800000000000006
quadratic_input,13000,ood_dev,17,4096,0,60,53180,69632,0.0,0.0,0.0009369774073651883,0.0146484375,0.01139766303294143,0.018808738864442356,0.7637293198529411,8.20154788043692,0.0033800000000000006
quadratic_input,13000,ood_dev,18,4096,0,73,53253,73728,0.0,0.0,0.0009369774073651883,0.017822265625,0.014199063362519719,0.022349047174368093,0.7222900390625,9.059196759490078,0.0033800000000000006
quadratic_input,13000,ood_dev,19,4096,0,69,53322,77824,0.0,0.0,0.0009369774073651883,0.016845703125,0.013333172427690648,0.02126364314319593,0.6851613898026315,9.999029217940915,0.0033800000000000006
quadratic_input,13000,ood_dev,20,4096,0,72,53394,81920,0.0,0.0,0.0009369774073651883,0.017578125,0.013982290939508705,0.022077995855878798,0.6517822265625,10.988956314009954,0.0033800000000000006
quadratic_input,13000,ood_dev,21,4096,0,65,53459,86016,0.0,0.0,0.0009369774073651883,0.015869140625,0.012470639018872916,0.020174881586012418,0.6215006510416666,11.938748530584348,0.0033800000000000006
quadratic_input,13000,ood_dev,22,4096,0,69,53528,90112,0.0,0.0,0.0009369774073651883,0.016845703125,0.013333172427690648,0.02126364314319593,0.5940163352272727,12.542266567461532,0.0033800000000000006
quadratic_input,13000,ood_dev,23,4096,0,62,53590,94208,0.0,0.0,0.0009369774073651883,0.01513671875,0.011826124044008677,0.01935592533637573,0.56884765625,13.178531819176499,0.0033800000000000006
quadratic_input,13000,ood_dev,24,4096,0,70,53660,98304,0.0,0.0,0.0009369774073651883,0.01708984375,0.0135493413532538,0.021535297959133087,0.5458577473958334,13.554580290779796,0.0033800000000000006
quadratic_input,13000,ood_dev,25,4096,0,64,53724,102400,0.0,0.0,0.0009369774073651883,0.015625,0.012255565007829483,0.01990213185555554,0.5246484375,14.13945279829285,0.0033800000000000006
quadratic_input,13000,ood_dev,26,4096,0,78,53802,106496,0.0,0.0,0.0009369774073651883,0.01904296875,0.01528574904596704,0.023701480198422328,0.5052020733173077,14.319254266313862,0.0033800000000000006
quadratic_input,13000,ood_dev,27,4096,0,51,53853,110592,0.0,0.0,0.0009369774073651883,0.012451171875,0.009483101104023409,0.016332887119857586,0.4869520399305556,14.746658624825201,0.0033800000000000006
quadratic_input,13000,ood_dev,28,4096,0,54,53907,114688,0.0,0.0,0.0009369774073651883,0.01318359375,0.010118659410882703,0.017160800037499223,0.47003173828125,14.974959025604107,0.0033800000000000006
quadratic_input,13000,ood_dev,29,4096,0,66,53973,118784,0.0,0.0,0.0009369774073651883,0.01611328125,0.01268594169611479,0.020447402650270854,0.4543793776939655,15.18895688606429,0.0033800000000000006
quadratic_input,13000,ood_dev,30,4096,0,72,54045,122880,0.0,0.0,0.0009369774073651883,0.017578125,0.013982290939508705,0.022077995855878798,0.4398193359375,15.349831683279035,0.0033800000000000006
quadratic_input,13000,ood_dev,31,4096,0,70,54115,126976,0.0,0.0,0.0009369774073651883,0.01708984375,0.0135493413532538,0.021535297959133087,0.4261829007056452,15.387727177167747,0.0033800000000000006
quadratic_input,13000,ood_dev,32,4096,0,64,54179,131072,0.0,0.0,0.0009369774073651883,0.015625,0.012255565007829483,0.01990213185555554,0.41335296630859375,15.566340375426336,0.0033800000000000006
quadratic_input,13000,ood_dev,33,4096,0,64,54243,135168,0.0,0.0,0.0009369774073651883,0.015625,0.012255565007829483,0.01990213185555554,0.4013006036931818,15.636494505211857,0.0033800000000000006
quadratic_input,13000,ood_dev,34,4096,0,72,54315,139264,0.0,0.0,0.0009369774073651883,0.017578125,0.013982290939508705,0.022077995855878798,0.3900146484375,15.669477507384293,0.0033800000000000006
quadratic_input,13000,ood_dev,35,4096,0,59,54374,143360,0.0,0.0,0.0009369774073651883,0.014404296875,0.011183814817094736,0.01853476333878874,0.37928292410714287,15.645185533434276,0.0033800000000000006
quadratic_input,13000,ood_dev,36,4096,0,64,54438,147456,0.0,0.0,0.0009369774073651883,0.015625,0.012255565007829483,0.01990213185555554,0.3691813151041667,15.777902411741408,0.0033800000000000006
quadratic_input,13181,dev,1,102400,102400,102400,102400,102400,1.0,0.9999624871609701,1.0,1.0,0.9999624871609701,1.0,1.0,5.0639038178275083e-05,0.0034747752200000002
quadratic_input,13181,dev,2,102400,102400,102400,204800,204800,1.0,0.9999624871609701,1.0,1.0,0.9999624871609701,1.0,1.0,6.797258627702974e-05,0.0034747752200000002
quadratic_input,13181,dev,3,102400,102400,102400,307200,307200,1.0,0.9999624871609701,1.0,1.0,0.9999624871609701,1.0,1.0,0.0001481280308516908,0.0034747752200000002
quadratic_input,13181,dev,4,102400,102381,102381,409581,409600,0.999814453125,0.999710201380565,0.999881205951185,0.999814453125,0.999710201380565,0.999881205951185,0.99995361328125,0.0006464143064532202,0.0034747752200000002
quadratic_input,13181,dev,5,102400,102355,102362,511943,512000,0.999560546875,0.9994120800157498,0.9996715338654889,0.99962890625,0.9994907196411001,0.9997296078614301,0.999888671875,0.0011797035014289926,0.0034747752200000002
quadratic_input,13181,dev,6,102400,102317,102329,614272,614400,0.999189453125,0.9989954218558749,0.999346032366924,0.999306640625,0.9991256059557884,0.9994502144749388,0.9997916666666666,0.0023741232232948484,0.0034747752200000002
quadratic_input,13181,dev,7,102400,102277,102295,716567,716800,0.998798828125,0.9985671487903861,0.9989930847393184,0.998974609375,0.998758974602583,0.9991528082390141,0.9996749441964285,0.003815112485515506,0.0034747752200000002
quadratic_input,13181,dev,8,102400,102211,102247,818814,819200,0.998154296875,0.9978720589711648,0.9983991604149337,0.998505859375,0.9982498503139426,0.9987244676959409,0.99952880859375,0.005643439941519368,0.0034747752200000002
quadratic_input,13181,dev,9,102400,102137,102198,921012,921600,0.997431640625,0.9971024210603423,0.9977235400435314,0.99802734375,0.9977362590677068,0.9982810635931361,0.9993619791666667,0.007155611433418585,0.0034747752200000002
quadratic_input,13181,dev,10,102400,102068,102174,1023186,1024000,0.9967578125,0.9963904993613882,0.9970878560468973,0.99779296875,0.9974862708390886,0.9980623194058975,0.999205078125,0.009347741271512753,0.0034747752200000002
quadratic_input,13181,dev,11,102400,101964,102090,1125276,1126400,0.9957421875,0.9953243560312932,0.9961228255749466,0.99697265625,0.9966170148535226,0.9972910119359649,0.9990021306818182,0.012432413563266617,0.0034747752200000002
quadratic_input,13181,dev,12,102400,101778,101942,1227218,1228800,0.99392578125,0.9934309960182719,0.9943835093650786,0.99552734375,0.9950996375988101,0.9959178726262277,0.9987125651041666,0.018007598342288614,0.0034747752200000002
quadratic_input,13181,ood_dev,1,102400,102400,102400,102400,102400,1.0,0.9999624871609701,1.0,1.0,0.9999624871609701,1.0,1.0,5.0621094411251734e-05,0.0034747752200000002
quadratic_input,13181,ood_dev,2,102400,102400,102400,204800,204800,1.0,0.9999624871609701,1.0,1.0,0.9999624871609701,1.0,1.0,6.863505600833264e-05,0.0034747752200000002
quadratic_input,13181,ood_dev,3,102400,102394,102394,307194,307200,0.99994140625,0.9998721583660714,0.9999731456909345,0.99994140625,0.9998721583660714,0.9999731456909345,0.99998046875,0.000265059926387945,0.0034747752200000002
quadratic_input,13181,ood_dev,4,102400,102385,102386,409580,409600,0.999853515625,0.9997583066269857,0.9999112227740738,0.99986328125,0.9997705055160856,0.9999185544023014,0.999951171875,0.0006642566545571249,0.0034747752200000002
quadratic_input,13181,ood_dev,5,102400,102364,102370,511950,512000,0.9996484375,0.9995133551962606,0.9997460333409244,0.99970703125,0.9995818045502446,0.9997947670909048,0.99990234375,0.0011528296107718638,0.0034747752200000002
quadratic_input,13181,ood_dev,6,102400,102323,102334,614284,614400,0.999248046875,0.9990603884072679,0.9993982489194954,0.99935546875,0.9991801685991595,0.9994933044182046,0.9998111979166666,0.0021835255054464577,0.0034747752200000002
quadratic_input,13181,ood_dev,7,102400,102282,102304,716588,716800,0.99884765625,0.9986203092737636,0.9990375768425779,0.9990625,0.9988554019944481,0.9992321555030951,0.9997042410714285,0.003294394727319041,0.0034747752200000002
quadratic_input,13181,ood_dev,8,102400,102217,102251,818839,819200,0.998212890625,0.9979348385024579,0.9984535639876048,0.998544921875,0.9982920097794027,0.9987604302997902,0.999559326171875,0.004964886472507804,0.0034747752200000002
quadratic_input,13181,ood_dev,9,102400,102131,102187,921026,921600,0.997373046875,0.9970403289510533,0.997668449048856,0.997919921875,0.9976215718734356,0.9981809150968062,0.9993771701388889,0.006780227392075222,0.0034747752200000002
quadratic_input,13181,ood_dev,10,102400,102050,102141,1023167,1024000,0.99658203125,0.9962054554580393,0.9969213506383539,0.997470703125,0.9971438381196085,0.9977602450535745,0.9991865234375,0.009307570319569115,0.0034747752200000002
quadratic_input,13181,ood_dev,11,102400,101951,102073,1125240,1126400,0.995615234375,0.9951915382083509,0.9960017466726332,0.996806640625,0.9964419450989267,0.9971340628959958,0.9989701704545455,0.012562763894215774,0.0034747752200000002
quadratic_input,13181,ood_dev,12,102400,101764,101934,1227174,1228800,0.9937890625,0.9932889937138402,0.9942520844269273,0.99544921875,0.9950179815234947,0.9958432845629244,0.9986767578125,0.017853316271701374,0.0034747752200000002
quadratic_input,13181,ood_dev,13,102400,81496,81735,1308909,1331200,0.795859375,0.793379525731636,0.7983170272181445,0.798193359375,0.7957239787823573,0.8006403678086627,0.9832549579326924,0.6706833828780145,0.0034747752200000002
quadratic_input,13181,ood_dev,14,102400,24679,27363,1336272,1433600,0.241005859375,0.2383960293612151,0.24363512059979883,0.267216796875,0.2645152636466887,0.2699357948209667,0.932109375,3.4637246128999966,0.0034747752200000002
quadratic_input,13181,ood_dev,15,102400,2014,4745,1341017,1536000,0.01966796875,0.018835331760679606,0.020536642975658825,0.046337890625,0.04506727223153247,0.04764254532583349,0.8730579427083334,6.708540030670182,0.0034747752200000002
quadratic_input,13181,ood_dev,16,102400,97,2078,1343095,1638400,0.000947265625,0.0007766417615793671,0.001155331258204773,0.02029296875,0.019447179958073775,0.02117474788721587,0.8197601318359375,8.000328104008434,0.0034747752200000002
quadratic_input,13181,ood_dev,17,102400,3,1800,1344895,1740800,2.9296875e-05,9.963630217849646e-06,8.614076079419689e-05,0.017578125,0.016791149492307516,0.018401294535975294,0.7725729549632353,8.97253617746245,0.0034747752200000002
quadratic_input,13181,ood_dev,18,102400,0,1772,1346667,1843200,0.0,3.3881317890172014e-21,3.751283902995844e-05,0.0173046875,0.01652389394704792,0.018121695596068733,0.7306136067708333,10.00105968382357,0.0034747752200000002
quadratic_input,13181,ood_dev,19,102400,0,1677,1348344,1945600,0.0,3.3881317890172014e-21,3.751283902995844e-05,0.016376953125,0.015617525892619095,0.017172664504398104,0.6930222039473685,11.092722278645939,0.0034747752200000002
quadratic_input,13181,ood_dev,20,102400,0,1713,1350057,2048000,0.0,3.3881317890172014e-21,3.751283902995844e-05,0.016728515625,0.015960918695559916,0.017532370325242335,0.65920751953125,12.005079785739081,0.0034747752200000002
quadratic_input,13181,ood_dev,21,102400,0,1697,1351754,2150400,0.0,3.3881317890172014e-21,3.751283902995844e-05,0.016572265625,0.01580828843853085,0.0173725123050336,0.6286058407738095,12.791451581442473,0.0034747752200000002
quadratic_input,13181,ood_dev,22,102400,0,1714,1353468,2252800,0.0,3.3881317890172014e-21,3.751283902995844e-05,0.01673828125,0.015970458677048924,0.0175423608610807,0.6007936789772728,13.394389264914459,0.0034747752200000002
quadratic_input,13181,ood_dev,23,102400,0,1717,1355185,2355200,0.0,3.3881317890172014e-21,3.751283902995844e-05,0.016767578125,0.01599907903589678,0.01757233205421493,0.5754012398097826,13.925408974275527,0.0034747752200000002
quadratic_input,13181,ood_dev,24,102400,0,1699,1356884,2457600,0.0,3.3881317890172014e-21,3.751283902995844e-05,0.016591796875,0.015827366243986105,0.01739249553423307,0.5521175130208333,14.322041710284365,0.0034747752200000002
quadratic_input,13181,ood_dev,25,102400,0,1639,1358523,2560000,0.0,3.3881317890172014e-21,3.751283902995844e-05,0.016005859375,0.015255156120360632,0.01679287461821679,0.530673046875,14.660001032197881,0.0034747752200000002
quadratic_input,13181,ood_dev,26,102400,0,1724,1360247,2662400,0.0,3.3881317890172014e-21,3.751283902995844e-05,0.0168359375,0.01606586228283863,0.01764226242856461,0.5109100811298077,14.935896908055945,0.0034747752200000002
quadratic_input,13181,ood_dev,27,102400,0,1681,1361928,2764800,0.0,3.3881317890172014e-21,3.751283902995844e-05,0.016416015625,0.015655676134157807,0.01721263633216884,0.4925954861111111,15.098723896393716,0.0034747752200000002
quadratic_input,13181,ood_dev,28,102400,0,1701,1363629,2867200,0.0,3.3881317890172014e-21,3.751283902995844e-05,0.016611328125,0.015846444329457577,0.017412478483416333,0.4755960518973214,15.287609811040484,0.0034747752200000002
quadratic_input,13181,ood_dev,29,102400,0,1640,1365269,2969600,0.0,3.3881317890172014e-21,3.751283902995844e-05,0.016015625,0.015264690817172183,0.016802870438732593,0.4597484509698276,15.428793240438008,0.0034747752200000002
quadratic_input,13181,ood_dev,30,102400,0,1675,1366944,3072000,0.0,3.3881317890172014e-21,3.751283902995844e-05,0.016357421875,0.015598451199770717,0.01715267816259176,0.44496875,15.553690572249234,0.0034747752200000002
quadratic_input,13181,ood_dev,31,102400,0,1749,1368693,3174400,0.0,3.3881317890172014e-21,3.751283902995844e-05,0.017080078125,0.01630440114519587,0.01789198649939144,0.43116588961693547,15.579693444880132,0.0034747752200000002
quadratic_input,13181,ood_dev,32,102400,0,1692,1370385,3276800,0.0,3.3881317890172014e-21,3.751283902995844e-05,0.0165234375,0.015760595153160015,0.01732255300376763,0.41820831298828126,15.654698753428104,0.0034747752200000002
quadratic_input,13181,ood_dev,33,102400,0,1749,1372134,3379200,0.0,3.3881317890172014e-21,3.751283902995844e-05,0.017080078125,0.01630440114519587,0.01789198649939144,0.4060529119318182,15.728479382369496,0.0034747752200000002
quadratic_input,13181,ood_dev,34,102400,0,1717,1373851,3481600,0.0,3.3881317890172014e-21,3.751283902995844e-05,0.016767578125,0.01599907903589678,0.01757233205421493,0.39460334329044117,15.777676354637327,0.0034747752200000002
quadratic_input,13181,ood_dev,35,102400,0,1693,1375544,3584000,0.0,3.3881317890172014e-21,3.751283902995844e-05,0.016533203125,0.015770133669616524,0.01733254500463848,0.3838013392857143,15.777982578061419,0.0034747752200000002
quadratic_input,13181,ood_dev,36,102400,0,1743,1377287,3686400,0.0,3.3881317890172014e-21,3.751283902995844e-05,0.017021484375,0.016247147961351464,0.017832056579271675,0.3736130099826389,15.808819082056473,0.0034747752200000002
