seed,arm,update,epoch,batch_in_epoch,native_loss,learning_rate,gradient_norm,clipped,seconds,input_tokens,native_targets,answer_token_accuracy,answer_sequence_exact_match
7500,seq-fp32,1,1,0,3.3347206115722656,0.0005,13.905756950378418,True,0.16620554099790752,16384,6144,0.056477864583333336,0.0
7500,seq-fp32,2,1,1,2.946481704711914,0.0005,6.153700351715088,True,0.023450043008779176,16384,6144,0.06868489583333333,0.0
7500,seq-fp32,3,1,2,2.7787551879882812,0.0005,2.853886127471924,True,0.02299279600265436,16384,6144,0.07633463541666667,0.0
7500,seq-fp32,4,1,3,2.6658742427825928,0.0005,1.1302169561386108,True,0.02293426200048998,16384,6144,0.0732421875,0.0
7500,seq-fp32,5,1,4,2.699871063232422,0.0005,2.1023645401000977,True,0.023089435999281704,16384,6144,0.07486979166666667,0.0
7500,seq-fp32,6,1,5,2.699040174484253,0.0005,1.7537719011306763,True,0.02340069400088396,16384,6144,0.07356770833333333,0.0
7500,seq-fp32,7,1,6,2.6655502319335938,0.0005,1.0208604335784912,True,0.023253089995705523,16384,6144,0.06754557291666667,0.0
7500,seq-fp32,8,1,7,2.6497955322265625,0.0005,0.6763810515403748,False,0.02314747599302791,16384,6144,0.07438151041666667,0.0
7500,seq-fp32,9,1,8,2.651798963546753,0.0005,0.7415056824684143,False,0.02320499399502296,16384,6144,0.06901041666666667,0.0
7500,seq-fp32,10,1,9,2.6628289222717285,0.0005,0.9802440404891968,False,0.02365515699784737,16384,6144,0.06656901041666667,0.0
7500,seq-fp32,11,1,10,2.655102491378784,0.0005,0.7495191097259521,False,0.02338714900542982,16384,6144,0.07666015625,0.0
7500,seq-fp32,12,1,11,2.64975643157959,0.0005,0.6460288763046265,False,0.0229363599937642,16384,6144,0.06787109375,0.0
7500,seq-fp32,13,1,12,2.6406383514404297,0.0005,0.3456767797470093,False,0.02299309300724417,16384,6144,0.07649739583333333,0.0
7500,seq-fp32,14,1,13,2.6446924209594727,0.0005,0.4981080889701843,False,0.022701609996147454,16384,6144,0.07649739583333333,0.0
7500,seq-fp32,15,1,14,2.6453187465667725,0.0005,0.5045511722564697,False,0.022707965996232815,16384,6144,0.0771484375,0.0
7500,seq-fp32,16,1,15,2.648744583129883,0.0005,0.584889829158783,False,0.02261532298871316,16384,6144,0.07405598958333333,0.0
7500,seq-fp32,17,1,16,2.6487414836883545,0.0005,0.5833951830863953,False,0.022456071004853584,16384,6144,0.06722005208333333,0.0
7500,seq-fp32,18,1,17,2.6432924270629883,0.0005,0.45070359110832214,False,0.022542001999681816,16384,6144,0.07307942708333333,0.0
7500,seq-fp32,19,1,18,2.6411261558532715,0.0005,0.3480912744998932,False,0.022708589007379487,16384,6144,0.0693359375,0.0
7500,seq-fp32,20,1,19,2.641533374786377,0.0005,0.40028682351112366,False,0.022764449997339398,16384,6144,0.0771484375,0.0
7500,seq-fp32,21,1,20,2.6430823802948,0.0005,0.4716200828552246,False,0.02289007999934256,16384,6144,0.06526692708333333,0.0
7500,seq-fp32,22,1,21,2.644481658935547,0.0005,0.470956951379776,False,0.022646089011686854,16384,6144,0.07828776041666667,0.0
7500,seq-fp32,23,1,22,2.643994092941284,0.0005,0.45250403881073,False,0.02293028199346736,16384,6144,0.06591796875,0.0
7500,seq-fp32,24,1,23,2.645667791366577,0.0005,0.5187593102455139,False,0.022742546992958523,16384,6144,0.07096354166666667,0.0
7500,seq-fp32,25,1,24,2.6408071517944336,0.0005,0.4188041090965271,False,0.022986367010162212,16384,6144,0.0771484375,0.0
7500,seq-fp32,26,1,25,2.637695789337158,0.0005,0.2527775764465332,False,0.022789412003476173,16384,6144,0.08056640625,0.0
7500,seq-fp32,27,1,26,2.640774726867676,0.0005,0.4015805423259735,False,0.023069440998369828,16384,6144,0.07942708333333333,0.0
7500,seq-fp32,28,1,27,2.6424243450164795,0.0005,0.44953495264053345,False,0.023021889996016398,16384,6144,0.06901041666666667,0.0
7500,seq-fp32,29,1,28,2.643702983856201,0.0005,0.5056754350662231,False,0.02318562699656468,16384,6144,0.06624348958333333,0.0
7500,seq-fp32,30,1,29,2.639028549194336,0.0005,0.383313924074173,False,0.023161759992945008,16384,6144,0.0869140625,0.0
7500,seq-fp32,31,1,30,2.639594316482544,0.0005,0.38115939497947693,False,0.023379478996503167,16384,6144,0.0869140625,0.0
7500,seq-fp32,32,1,31,2.6388790607452393,0.0005,0.32505112886428833,False,0.023337243997957557,16384,6144,0.07942708333333333,0.0
7500,seq-fp32,33,1,32,2.6395814418792725,0.0005,0.39142540097236633,False,0.02314319099241402,16384,6144,0.06754557291666667,0.0
7500,seq-fp32,34,1,33,2.638376235961914,0.0005,0.3282656669616699,False,0.022865641993121244,16384,6144,0.07796223958333333,0.0
7500,seq-fp32,35,1,34,2.640369415283203,0.0005,0.4176503121852875,False,0.022593234010855667,16384,6144,0.06982421875,0.0
7500,seq-fp32,36,1,35,2.638306140899658,0.0005,0.3692357838153839,False,0.02322293200995773,16384,6144,0.0791015625,0.0
7500,seq-fp32,37,1,36,2.6380650997161865,0.0005,0.36589568853378296,False,0.022970792997512035,16384,6144,0.07486979166666667,0.0
7500,seq-fp32,38,1,37,2.6373469829559326,0.0005,0.3074836730957031,False,0.02309108000190463,16384,6144,0.07958984375,0.0
7500,seq-fp32,39,1,38,2.635082244873047,0.0005,0.2465941458940506,False,0.022843915998237208,16384,6144,0.08154296875,0.0
7500,seq-fp32,40,1,39,2.635526657104492,0.0005,0.3210635483264923,False,0.022662636009044945,16384,6144,0.08610026041666667,0.0
7500,seq-fp32,41,1,40,2.6390538215637207,0.0005,0.43124496936798096,False,0.022921523996046744,16384,6144,0.0791015625,0.0
7500,seq-fp32,42,1,41,2.6336898803710938,0.0005,0.28642934560775757,False,0.022789629991166294,16384,6144,0.08528645833333333,0.0
7500,seq-fp32,43,1,42,2.634779453277588,0.0005,0.2927778661251068,False,0.022759807005058974,16384,6144,0.0869140625,0.0
7500,seq-fp32,44,1,43,2.633483409881592,0.0005,0.3717101216316223,False,0.023003198992228135,16384,6144,0.0859375,0.0
7500,seq-fp32,45,1,44,2.6318020820617676,0.0005,0.306511253118515,False,0.022954664993449114,16384,6144,0.08251953125,0.0
7500,seq-fp32,46,1,45,2.6351335048675537,0.0005,0.4339487552642822,False,0.02301117499882821,16384,6144,0.08561197916666667,0.0
7500,seq-fp32,47,1,46,2.6330759525299072,0.0005,0.38790541887283325,False,0.02283128300041426,16384,6144,0.08528645833333333,0.0
7500,seq-fp32,48,1,47,2.631171703338623,0.0005,0.2537178695201874,False,0.023144849998061545,16384,6144,0.08772786458333333,0.0
7500,seq-fp32,49,1,48,2.6316893100738525,0.0005,0.4659987986087799,False,0.02311308600474149,16384,6144,0.08430989583333333,0.0
7500,seq-fp32,50,1,49,2.6324572563171387,0.0005,0.39282676577568054,False,0.02290454700414557,16384,6144,0.08740234375,0.0
7500,seq-fp32,51,1,50,2.630603551864624,0.0005,0.38906532526016235,False,0.02332918300817255,16384,6144,0.08463541666666667,0.0
7500,seq-fp32,52,1,51,2.6324822902679443,0.0005,0.3922888934612274,False,0.02354737500718329,16384,6144,0.08772786458333333,0.0
7500,seq-fp32,53,1,52,2.627326011657715,0.0005,0.3611762523651123,False,0.023116216994822025,16384,6144,0.08772786458333333,0.0
7500,seq-fp32,54,1,53,2.627816915512085,0.0005,0.38326022028923035,False,0.02283584899851121,16384,6144,0.09016927083333333,0.0
7500,seq-fp32,55,1,54,2.628934144973755,0.0005,0.4677351415157318,False,0.022884553007315844,16384,6144,0.08902994791666667,0.0
7500,seq-fp32,56,1,55,2.629483938217163,0.0005,0.34125974774360657,False,0.022792201008996926,16384,6144,0.09342447916666667,0.0
7500,seq-fp32,57,1,56,2.6257710456848145,0.0005,0.4647643268108368,False,0.022976302992901765,16384,6144,0.10270182291666667,0.0
7500,seq-fp32,58,1,57,2.6249051094055176,0.0005,0.3262659013271332,False,0.02268604798882734,16384,6144,0.09749348958333333,0.0
7500,seq-fp32,59,1,58,2.6250009536743164,0.0005,0.3144512176513672,False,0.02295439800946042,16384,6144,0.09309895833333333,0.0
7500,seq-fp32,60,1,59,2.625897169113159,0.0005,0.48955363035202026,False,0.022686180993332528,16384,6144,0.087890625,0.0
7500,seq-fp32,61,1,60,2.6208319664001465,0.0005,0.362159788608551,False,0.023132518006605096,16384,6144,0.09440104166666667,0.0
7500,seq-fp32,62,1,61,2.625168561935425,0.0005,0.3689982295036316,False,0.023116288997698575,16384,6144,0.09602864583333333,0.0
7500,seq-fp32,63,1,62,2.619638204574585,0.0005,0.4130480885505676,False,0.02291693098959513,16384,6144,0.10074869791666667,0.0
7500,seq-fp32,64,1,63,2.6189565658569336,0.0005,0.38431522250175476,False,0.023339548002695665,16384,6144,0.09700520833333333,0.0
7500,seq-fp32,65,1,64,2.620633602142334,0.0005,0.6027956008911133,False,0.022999912005616352,16384,6144,0.09309895833333333,0.0
7500,seq-fp32,66,1,65,2.6268680095672607,0.0005,0.6102738380432129,False,0.022962647999520414,16384,6144,0.09049479166666667,0.0
7500,seq-fp32,67,1,66,2.612825870513916,0.0005,0.43766531348228455,False,0.022810277005191892,16384,6144,0.09912109375,0.0
7500,seq-fp32,68,1,67,2.6132640838623047,0.0005,0.6609881520271301,False,0.023133583003073,16384,6144,0.09700520833333333,0.0
7500,seq-fp32,69,1,68,2.621647357940674,0.0005,0.8268738389015198,False,0.022752849996322766,16384,6144,0.1005859375,0.0
7500,seq-fp32,70,1,69,2.611097812652588,0.0005,0.5083005428314209,False,0.02286371799709741,16384,6144,0.10237630208333333,0.0
7500,seq-fp32,71,1,70,2.6160342693328857,0.0005,0.6479955911636353,False,0.02296222498989664,16384,6144,0.09521484375,0.0
7500,seq-fp32,72,1,71,2.613283157348633,0.0005,0.4239744544029236,False,0.023084854998160154,16384,6144,0.10139973958333333,0.0
7500,seq-fp32,73,1,72,2.6108269691467285,0.0005,0.5925431251525879,False,0.023481744996388443,16384,6144,0.10270182291666667,0.0
7500,seq-fp32,74,1,73,2.613813638687134,0.0005,0.6699203848838806,False,0.023674438998568803,16384,6144,0.10367838541666667,0.0
7500,seq-fp32,75,1,74,2.6114697456359863,0.0005,0.5788317918777466,False,0.023285548988496885,16384,6144,0.10367838541666667,0.0
7500,seq-fp32,76,1,75,2.6060149669647217,0.0005,0.47314733266830444,False,0.023076987999957055,16384,6144,0.10400390625,0.0
7500,seq-fp32,77,1,76,2.603677272796631,0.0005,0.4005502164363861,False,0.022998286003712565,16384,6144,0.10416666666666667,0.0
7500,seq-fp32,78,1,77,2.6094634532928467,0.0005,0.48755380511283875,False,0.022698749002302065,16384,6144,0.10481770833333333,0.0
7500,seq-fp32,79,1,78,2.606635093688965,0.0005,0.49851176142692566,False,0.02292461000615731,16384,6144,0.10611979166666667,0.0
7500,seq-fp32,80,1,79,2.605640172958374,0.0005,0.5088849663734436,False,0.022888444989803247,16384,6144,0.1064453125,0.0
7500,seq-fp32,81,1,80,2.5998311042785645,0.0005,0.49163874983787537,False,0.023212564003188163,16384,6144,0.10498046875,0.0
7500,seq-fp32,82,1,81,2.603213310241699,0.0005,0.5460322499275208,False,0.02320600899111014,16384,6144,0.11116536458333333,0.0
7500,seq-fp32,83,1,82,2.601006269454956,0.0005,0.4162345230579376,False,0.023160768003435805,16384,6144,0.11149088541666667,0.0
7500,seq-fp32,84,1,83,2.6012375354766846,0.0005,0.47671839594841003,False,0.02318779000779614,16384,6144,0.10611979166666667,0.0
7500,seq-fp32,85,1,84,2.6024348735809326,0.0005,0.6946092247962952,False,0.02296026499243453,16384,6144,0.10856119791666667,0.0
7500,seq-fp32,86,1,85,2.603886842727661,0.0005,0.8706631064414978,False,0.02331219999177847,16384,6144,0.10791015625,0.0
7500,seq-fp32,87,1,86,2.6014065742492676,0.0005,0.9341163635253906,False,0.023356075995252468,16384,6144,0.11116536458333333,0.0
7500,seq-fp32,88,1,87,2.5997228622436523,0.0005,0.6087572574615479,False,0.023364025008049794,16384,6144,0.10888671875,0.0
7500,seq-fp32,89,1,88,2.5910773277282715,0.0005,0.8532398343086243,False,0.023611003998667,16384,6144,0.10872395833333333,0.0
7500,seq-fp32,90,1,89,2.5939807891845703,0.0005,0.8237270712852478,False,0.023511360996053554,16384,6144,0.11246744791666667,0.0
7500,seq-fp32,91,1,90,2.5908188819885254,0.0005,0.5873369574546814,False,0.023102602994185872,16384,6144,0.11360677083333333,0.0
7500,seq-fp32,92,1,91,2.5982751846313477,0.0005,0.841529369354248,False,0.022983194998232648,16384,6144,0.111328125,0.0
7500,seq-fp32,93,1,92,2.5944008827209473,0.0005,0.5142637491226196,False,0.022887919010827318,16384,6144,0.11083984375,0.0
7500,seq-fp32,94,1,93,2.592595100402832,0.0005,0.7380725741386414,False,0.022538174001965672,16384,6144,0.11100260416666667,0.0
7500,seq-fp32,95,1,94,2.5905990600585938,0.0005,0.6617968082427979,False,0.022689503006404266,16384,6144,0.11002604166666667,0.0
7500,seq-fp32,96,1,95,2.5905139446258545,0.0005,0.4658609926700592,False,0.022702210990246385,16384,6144,0.115234375,0.0
7500,seq-fp32,97,1,96,2.5877740383148193,0.0005,0.7706986665725708,False,0.022757425991585478,16384,6144,0.11214192708333333,0.0
7500,seq-fp32,98,1,97,2.5875654220581055,0.0005,0.4865323603153229,False,0.022976570995524526,16384,6144,0.11637369791666667,0.0
7500,seq-fp32,99,1,98,2.5893208980560303,0.0005,0.6496697664260864,False,0.02298082600464113,16384,6144,0.11083984375,0.0
7500,seq-fp32,100,1,99,2.58780837059021,0.0005,0.48386049270629883,False,0.022886945997015573,16384,6144,0.11344401041666667,0.0
7500,seq-fp32,101,1,100,2.5883328914642334,0.0005,0.5570048093795776,False,0.022682654991513118,16384,6144,0.11767578125,0.0
7500,seq-fp32,102,1,101,2.5843050479888916,0.0005,0.5809983611106873,False,0.022832570990431122,16384,6144,0.12093098958333333,0.0
7500,seq-fp32,103,1,102,2.5834717750549316,0.0005,0.6166135668754578,False,0.02314525199471973,16384,6144,0.11507161458333333,0.0
7500,seq-fp32,104,1,103,2.5859193801879883,0.0005,0.5022732019424438,False,0.02311339500010945,16384,6144,0.1171875,0.0
7500,seq-fp32,105,1,104,2.591242551803589,0.0005,0.8487962484359741,False,0.023058464008499868,16384,6144,0.111328125,0.0
7500,seq-fp32,106,1,105,2.584521532058716,0.0005,0.755856990814209,False,0.023220724004204385,16384,6144,0.11539713541666667,0.0
7500,seq-fp32,107,1,106,2.582446575164795,0.0005,0.6411731243133545,False,0.023509922000812367,16384,6144,0.11865234375,0.0
7500,seq-fp32,108,1,107,2.5822789669036865,0.0005,0.8793097138404846,False,0.023323960005654953,16384,6144,0.11881510416666667,0.0
7500,seq-fp32,109,1,108,2.5838727951049805,0.0005,0.7721056938171387,False,0.023162776997196488,16384,6144,0.11653645833333333,0.0
7500,seq-fp32,110,1,109,2.5851640701293945,0.0005,0.9263017177581787,False,0.022737530001904815,16384,6144,0.11490885416666667,0.0
7500,seq-fp32,111,1,110,2.5805411338806152,0.0005,0.6137892007827759,False,0.022838945995317772,16384,6144,0.11490885416666667,0.0
7500,seq-fp32,112,1,111,2.5830016136169434,0.0005,0.7285593748092651,False,0.02278810901043471,16384,6144,0.12093098958333333,0.0
7500,seq-fp32,113,1,112,2.5724008083343506,0.0005,0.6222269535064697,False,0.023046143003739417,16384,6144,0.11637369791666667,0.0
7500,seq-fp32,114,1,113,2.577625036239624,0.0005,0.5207735300064087,False,0.0229861539992271,16384,6144,0.11637369791666667,0.0
7500,seq-fp32,115,1,114,2.5759358406066895,0.0005,0.6305339336395264,False,0.02306523799779825,16384,6144,0.12076822916666667,0.0
7500,seq-fp32,116,1,115,2.577671766281128,0.0005,0.5229223370552063,False,0.02276367500599008,16384,6144,0.11995442708333333,0.0
7500,seq-fp32,117,1,116,2.5722315311431885,0.0005,0.5287548303604126,False,0.023113418006687425,16384,6144,0.11783854166666667,0.0
7500,seq-fp32,118,1,117,2.5753173828125,0.0005,0.7346363663673401,False,0.022957816006965004,16384,6144,0.11669921875,0.0
7500,seq-fp32,119,1,118,2.568338394165039,0.0005,0.3790293037891388,False,0.022999321998213418,16384,6144,0.12158203125,0.0
7500,seq-fp32,120,1,119,2.5768120288848877,0.0005,0.7465001940727234,False,0.023015531987766735,16384,6144,0.11604817708333333,0.0
7500,seq-fp32,121,1,120,2.5732498168945312,0.0005,0.5823291540145874,False,0.023264303992618807,16384,6144,0.11800130208333333,0.0
7500,seq-fp32,122,1,121,2.572716474533081,0.0005,0.7610540986061096,False,0.023194032997707836,16384,6144,0.11735026041666667,0.0
7500,seq-fp32,123,1,122,2.5682032108306885,0.0005,0.8629469275474548,False,0.022861112011014484,16384,6144,0.12288411458333333,0.0
7500,seq-fp32,124,1,123,2.572194814682007,0.0005,0.6549330353736877,False,0.02294682399951853,16384,6144,0.11751302083333333,0.0
7500,seq-fp32,125,1,124,2.5690085887908936,0.0005,0.6688311100006104,False,0.02290933800395578,16384,6144,0.12223307291666667,0.0
7500,seq-fp32,126,1,125,2.568626642227173,0.0005,0.7326174974441528,False,0.023019675005343743,16384,6144,0.11979166666666667,0.0
7500,seq-fp32,127,1,126,2.566986560821533,0.0005,0.7545753717422485,False,0.023711182991974056,16384,6144,0.12320963541666667,0.0
7500,seq-fp32,128,1,127,2.5673904418945312,0.0005,0.6495030522346497,False,0.023325450005359016,16384,6144,0.12630208333333334,0.0
7500,seq-fp32,129,1,128,2.5693202018737793,0.0005,0.8174929618835449,False,0.023103618004824966,16384,6144,0.1201171875,0.0
7500,seq-fp32,130,1,129,2.565295696258545,0.0005,0.7743930220603943,False,0.022745217007468455,16384,6144,0.12906901041666666,0.0
7500,seq-fp32,131,1,130,2.5655293464660645,0.0005,0.7240263223648071,False,0.02287478098878637,16384,6144,0.12613932291666666,0.0
7500,seq-fp32,132,1,131,2.5672738552093506,0.0005,0.6817036867141724,False,0.022865307997562923,16384,6144,0.12255859375,0.0
7500,seq-fp32,133,1,132,2.55971097946167,0.0005,0.613742470741272,False,0.022856516006868333,16384,6144,0.12581380208333334,0.0
7500,seq-fp32,134,1,133,2.5629990100860596,0.0005,0.7434136867523193,False,0.022691318998113275,16384,6144,0.12662760416666666,0.0
7500,seq-fp32,135,1,134,2.564793586730957,0.0005,0.7065078616142273,False,0.02277096601028461,16384,6144,0.12190755208333333,0.0
7500,seq-fp32,136,1,135,2.565885305404663,0.0005,0.8364124298095703,False,0.022819502992206253,16384,6144,0.12467447916666667,0.0
7500,seq-fp32,137,1,136,2.5612123012542725,0.0005,0.956492006778717,False,0.022801120998337865,16384,6144,0.125,0.0
7500,seq-fp32,138,1,137,2.5604662895202637,0.0005,0.8440457582473755,False,0.02286885998910293,16384,6144,0.12467447916666667,0.0
7500,seq-fp32,139,1,138,2.55820369720459,0.0005,0.9237909317016602,False,0.023241036004037596,16384,6144,0.12890625,0.0
7500,seq-fp32,140,1,139,2.5621631145477295,0.0005,1.3057793378829956,True,0.02323295100359246,16384,6144,0.11930338541666667,0.0
7500,seq-fp32,141,1,140,2.5595078468322754,0.0005,0.7887980341911316,False,0.022991759004071355,16384,6144,0.12760416666666666,0.0
7500,seq-fp32,142,1,141,2.5622472763061523,0.0005,1.3818050622940063,True,0.02337855499354191,16384,6144,0.1259765625,0.0
7500,seq-fp32,143,1,142,2.556790351867676,0.0005,0.8095917105674744,False,0.023462261000531726,16384,6144,0.12630208333333334,0.0
7500,seq-fp32,144,1,143,2.5565943717956543,0.0005,1.0604053735733032,True,0.023676987999351695,16384,6144,0.12679036458333334,0.0
7500,seq-fp32,145,1,144,2.553333282470703,0.0005,0.812273383140564,False,0.02345178200630471,16384,6144,0.12923177083333334,0.0
7500,seq-fp32,146,1,145,2.5581328868865967,0.0005,0.818084716796875,False,0.022931662999326363,16384,6144,0.12874348958333334,0.0
7500,seq-fp32,147,1,146,2.5514540672302246,0.0005,0.7595303058624268,False,0.022879697004100308,16384,6144,0.12923177083333334,0.0
7500,seq-fp32,148,1,147,2.5557966232299805,0.0005,0.8506392240524292,False,0.022982177993981168,16384,6144,0.13151041666666666,0.0
7500,seq-fp32,149,1,148,2.5502302646636963,0.0005,0.8815522193908691,False,0.023032835000776686,16384,6144,0.12679036458333334,0.0
7500,seq-fp32,150,1,149,2.546517848968506,0.0005,0.7426872253417969,False,0.022965705007663928,16384,6144,0.12939453125,0.0
7500,seq-fp32,151,1,150,2.53909969329834,0.0005,0.7687090635299683,False,0.022799646991188638,16384,6144,0.13264973958333334,0.0
7500,seq-fp32,152,1,151,2.5492162704467773,0.0005,0.7280210852622986,False,0.0226387760048965,16384,6144,0.12923177083333334,0.0
7500,seq-fp32,153,1,152,2.5457136631011963,0.0005,0.9457288384437561,False,0.022630306993960403,16384,6144,0.12972005208333334,0.0
7500,seq-fp32,154,1,153,2.5397815704345703,0.0005,0.8620488047599792,False,0.0228290209925035,16384,6144,0.13264973958333334,0.0
7500,seq-fp32,155,1,154,2.5462636947631836,0.0005,0.8591488599777222,False,0.022832636008388363,16384,6144,0.13346354166666666,0.0
7500,seq-fp32,156,1,155,2.538363456726074,0.0005,0.6967774033546448,False,0.022811850998550653,16384,6144,0.12825520833333334,0.0
7500,seq-fp32,157,1,156,2.5385406017303467,0.0005,0.7161023020744324,False,0.022881669996422715,16384,6144,0.1328125,0.0
7500,seq-fp32,158,1,157,2.533353090286255,0.0005,0.773328959941864,False,0.022724043010384776,16384,6144,0.13916015625,0.0
7500,seq-fp32,159,1,158,2.532045364379883,0.0005,0.6878923177719116,False,0.022929837999981828,16384,6144,0.13557942708333334,0.0
7500,seq-fp32,160,1,159,2.539011240005493,0.0005,0.7699011564254761,False,0.0231579929968575,16384,6144,0.13346354166666666,0.0
7500,seq-fp32,161,1,160,2.534364700317383,0.0005,0.7774877548217773,False,0.022853422007756308,16384,6144,0.13167317708333334,0.0
7500,seq-fp32,162,1,161,2.5337181091308594,0.0005,0.9473156929016113,False,0.02360106799460482,16384,6144,0.13248697916666666,0.0
7500,seq-fp32,163,1,162,2.5331521034240723,0.0005,0.9137885570526123,False,0.023623758999747224,16384,6144,0.1318359375,0.0
7500,seq-fp32,164,1,163,2.540203809738159,0.0005,0.9947088360786438,False,0.023015061000478454,16384,6144,0.13004557291666666,0.0
7500,seq-fp32,165,1,164,2.534787178039551,0.0005,1.200792670249939,True,0.022807596003985964,16384,6144,0.13313802083333334,0.0
7500,seq-fp32,166,1,165,2.5234878063201904,0.0005,0.8394026756286621,False,0.022880454998812638,16384,6144,0.13720703125,0.0
7500,seq-fp32,167,1,166,2.5255181789398193,0.0005,0.9353470802307129,False,0.022580389995709993,16384,6144,0.1337890625,0.0
7500,seq-fp32,168,1,167,2.524456739425659,0.0005,0.675523579120636,False,0.022868917003506795,16384,6144,0.13590494791666666,0.0
7500,seq-fp32,169,1,168,2.5278830528259277,0.0005,0.984001100063324,False,0.022800182006903924,16384,6144,0.13362630208333334,0.0
7500,seq-fp32,170,1,169,2.5221948623657227,0.0005,0.9044901132583618,False,0.022714510996593162,16384,6144,0.1318359375,0.0
7500,seq-fp32,171,1,170,2.518557548522949,0.0005,0.7818824052810669,False,0.022623974000453018,16384,6144,0.13883463541666666,0.0
7500,seq-fp32,172,1,171,2.521899700164795,0.0005,1.003641963005066,True,0.02342739600862842,16384,6144,0.13818359375,0.0
7500,seq-fp32,173,1,172,2.513012647628784,0.0005,0.9073610305786133,False,0.02326123000239022,16384,6144,0.13362630208333334,0.0
7500,seq-fp32,174,1,173,2.520902395248413,0.0005,1.077450156211853,True,0.02297185100906063,16384,6144,0.13753255208333334,0.0
7500,seq-fp32,175,1,174,2.5205578804016113,0.0005,1.039435625076294,True,0.022946887009311467,16384,6144,0.1337890625,0.0
7500,seq-fp32,176,1,175,2.523827075958252,0.0005,1.1784857511520386,True,0.02293224399909377,16384,6144,0.13444010416666666,0.0
7500,seq-fp32,177,1,176,2.5152881145477295,0.0005,1.096185564994812,True,0.023171955996076576,16384,6144,0.13850911458333334,0.0
7500,seq-fp32,178,1,177,2.511166572570801,0.0005,0.8944361805915833,False,0.023046835005516186,16384,6144,0.13883463541666666,0.0
7500,seq-fp32,179,1,178,2.5166690349578857,0.0005,1.081810712814331,True,0.023001858993666247,16384,6144,0.13525390625,0.0
7500,seq-fp32,180,1,179,2.511796236038208,0.0005,0.6480797529220581,False,0.02298523399804253,16384,6144,0.142578125,0.0
7500,seq-fp32,181,1,180,2.5070362091064453,0.0005,0.860670804977417,False,0.02313950000097975,16384,6144,0.14404296875,0.0
7500,seq-fp32,182,1,181,2.5129494667053223,0.0005,0.9188016057014465,False,0.022927490004803985,16384,6144,0.13606770833333334,0.0
7500,seq-fp32,183,1,182,2.511155605316162,0.0005,1.0518254041671753,True,0.022717480998835526,16384,6144,0.1396484375,0.0
7500,seq-fp32,184,1,183,2.5064804553985596,0.0005,1.0177363157272339,True,0.022919405993889086,16384,6144,0.14029947916666666,0.0
7500,seq-fp32,185,1,184,2.5035789012908936,0.0005,1.0828378200531006,True,0.02320974599570036,16384,6144,0.13981119791666666,0.0
7500,seq-fp32,186,1,185,2.5078840255737305,0.0005,1.2516509294509888,True,0.023276908992556855,16384,6144,0.14029947916666666,0.0
7500,seq-fp32,187,1,186,2.5007052421569824,0.0005,0.9603802561759949,False,0.023782025993568823,16384,6144,0.138671875,0.0
7500,seq-fp32,188,1,187,2.4998040199279785,0.0005,0.9486521482467651,False,0.023289713994017802,16384,6144,0.142578125,0.0
7500,seq-fp32,189,1,188,2.501408100128174,0.0005,0.856033444404602,False,0.023187041995697655,16384,6144,0.138671875,0.0
7500,seq-fp32,190,1,189,2.5061609745025635,0.0005,0.9522251486778259,False,0.022801671992056072,16384,6144,0.13525390625,0.0
7500,seq-fp32,191,1,190,2.495490312576294,0.0005,0.8447272181510925,False,0.023287417003302835,16384,6144,0.14241536458333334,0.0
7500,seq-fp32,192,1,191,2.505171298980713,0.0005,0.8749613761901855,False,0.02294101800362114,16384,6144,0.13606770833333334,0.0
7500,seq-fp32,193,1,192,2.494779586791992,0.0005,0.8512575030326843,False,0.022941788003663532,16384,6144,0.14664713541666666,0.0
7500,seq-fp32,194,1,193,2.4986863136291504,0.0005,0.8415579199790955,False,0.022978665991104208,16384,6144,0.14046223958333334,0.0
7500,seq-fp32,195,1,194,2.497913360595703,0.0005,1.1744985580444336,True,0.022942027004319243,16384,6144,0.13736979166666666,0.0
7500,seq-fp32,196,1,195,2.503080129623413,0.0005,1.0788029432296753,True,0.02295171399600804,16384,6144,0.14143880208333334,0.0
7500,seq-fp32,197,1,196,2.4905431270599365,0.0005,0.7723410725593567,False,0.02350130300328601,16384,6144,0.14534505208333334,0.0
7500,seq-fp32,198,1,197,2.4919090270996094,0.0005,1.2326761484146118,True,0.023341310996329412,16384,6144,0.13997395833333334,0.0
7500,seq-fp32,199,1,198,2.4969043731689453,0.0005,1.2380582094192505,True,0.023150193999754265,16384,6144,0.14485677083333334,0.0
7500,seq-fp32,200,1,199,2.4828851222991943,0.0005,0.8894808888435364,False,0.023284131995751522,16384,6144,0.14567057291666666,0.0
7500,seq-fp32,201,2,0,2.493511915206909,0.0004999692198041743,1.3849058151245117,True,0.023816984001314268,16384,6144,0.14095052083333334,0.0
7500,seq-fp32,202,2,1,2.4921913146972656,0.0004999692198041743,0.8766511082649231,False,0.023198046008474194,16384,6144,0.14143880208333334,0.0
7500,seq-fp32,203,2,2,2.482576847076416,0.0004999692198041743,0.9731394648551941,False,0.023050346004310995,16384,6144,0.14827473958333334,0.0
7500,seq-fp32,204,2,3,2.4877493381500244,0.0004999692198041743,0.8321030139923096,False,0.02272808100678958,16384,6144,0.1416015625,0.0
7500,seq-fp32,205,2,4,2.4818787574768066,0.0004999692198041743,0.9516269564628601,False,0.022826972999610007,16384,6144,0.14420572916666666,0.0
7500,seq-fp32,206,2,5,2.4872515201568604,0.0004999692198041743,1.1008081436157227,True,0.022967066994169727,16384,6144,0.1416015625,0.0
7500,seq-fp32,207,2,6,2.485806941986084,0.0004999692198041743,0.8458171486854553,False,0.02262388399685733,16384,6144,0.1435546875,0.0
7500,seq-fp32,208,2,7,2.479865789413452,0.0004999692198041743,1.021873950958252,True,0.02289118999033235,16384,6144,0.1513671875,0.0
7500,seq-fp32,209,2,8,2.485929489135742,0.0004999692198041743,0.9046246409416199,False,0.02266062500711996,16384,6144,0.14388020833333334,0.0
7500,seq-fp32,210,2,9,2.4832992553710938,0.0004999692198041743,1.1542068719863892,True,0.02264718699734658,16384,6144,0.14811197916666666,0.0
7500,seq-fp32,211,2,10,2.473729133605957,0.0004999692198041743,0.7826772332191467,False,0.02335553799639456,16384,6144,0.14371744791666666,0.0
7500,seq-fp32,212,2,11,2.4724433422088623,0.0004999692198041743,0.8122442364692688,False,0.02330081901163794,16384,6144,0.15478515625,0.0
7500,seq-fp32,213,2,12,2.4788148403167725,0.0004999692198041743,0.8818209171295166,False,0.02296081699023489,16384,6144,0.14501953125,0.0
7500,seq-fp32,214,2,13,2.480846881866455,0.0004999692198041743,0.9629606008529663,False,0.023077221994753927,16384,6144,0.14518229166666666,0.0
7500,seq-fp32,215,2,14,2.4767062664031982,0.0004999692198041743,0.7567318677902222,False,0.023068042006343603,16384,6144,0.150390625,0.0
7500,seq-fp32,216,2,15,2.4708166122436523,0.0004999692198041743,1.1489007472991943,True,0.023615639001945965,16384,6144,0.14794921875,0.0
7500,seq-fp32,217,2,16,2.4733104705810547,0.0004999692198041743,1.0081048011779785,True,0.023518696005339734,16384,6144,0.15299479166666666,0.0
7500,seq-fp32,218,2,17,2.475759267807007,0.0004999692198041743,1.121703028678894,True,0.02317415300058201,16384,6144,0.15022786458333334,0.0
7500,seq-fp32,219,2,18,2.4710946083068848,0.0004999692198041743,1.0094927549362183,True,0.022970802994677797,16384,6144,0.15673828125,0.0
7500,seq-fp32,220,2,19,2.477264165878296,0.0004999692198041743,0.9373210072517395,False,0.02292929799295962,16384,6144,0.14208984375,0.0
7500,seq-fp32,221,2,20,2.4792423248291016,0.0004999692198041743,1.4954084157943726,True,0.022790433999034576,16384,6144,0.14371744791666666,0.0
7500,seq-fp32,222,2,21,2.462298631668091,0.0004999692198041743,0.6807321906089783,False,0.022802228006185032,16384,6144,0.15771484375,0.0
7500,seq-fp32,223,2,22,2.4655606746673584,0.0004999692198041743,1.2169562578201294,True,0.022897691000252962,16384,6144,0.15006510416666666,0.0
7500,seq-fp32,224,2,23,2.4708564281463623,0.0004999692198041743,1.4115376472473145,True,0.02297118300339207,16384,6144,0.15478515625,0.0
7500,seq-fp32,225,2,24,2.462413787841797,0.0004999692198041743,1.040460228919983,True,0.02286165300756693,16384,6144,0.15738932291666666,0.0
7500,seq-fp32,226,2,25,2.466315269470215,0.0004999692198041743,1.550331950187683,True,0.023094460004358552,16384,6144,0.14729817708333334,0.0
7500,seq-fp32,227,2,26,2.4635541439056396,0.0004999692198041743,1.1222753524780273,True,0.02310831699287519,16384,6144,0.15087890625,0.0
7500,seq-fp32,228,2,27,2.4641997814178467,0.0004999692198041743,1.47757089138031,True,0.022779969993280247,16384,6144,0.15283203125,0.0
7500,seq-fp32,229,2,28,2.4585633277893066,0.0004999692198041743,1.0549532175064087,True,0.02272633000393398,16384,6144,0.1552734375,0.0
7500,seq-fp32,230,2,29,2.4748446941375732,0.0004999692198041743,1.4157434701919556,True,0.02275781899516005,16384,6144,0.14388020833333334,0.0
7500,seq-fp32,231,2,30,2.4618611335754395,0.0004999692198041743,1.137688398361206,True,0.02297292699222453,16384,6144,0.16048177083333334,0.0
7500,seq-fp32,232,2,31,2.462346315383911,0.0004999692198041743,1.3049837350845337,True,0.022816677010268904,16384,6144,0.14697265625,0.0
7500,seq-fp32,233,2,32,2.457240343093872,0.0004999692198041743,1.0148643255233765,True,0.022778568003559485,16384,6144,0.15364583333333334,0.0
7500,seq-fp32,234,2,33,2.456958293914795,0.0004999692198041743,1.1135870218276978,True,0.022859559001517482,16384,6144,0.15218098958333334,0.0
7500,seq-fp32,235,2,34,2.4634737968444824,0.0004999692198041743,1.6031887531280518,True,0.022861087985802442,16384,6144,0.15006510416666666,0.0
7500,seq-fp32,236,2,35,2.4584975242614746,0.0004999692198041743,1.607071042060852,True,0.02280353699461557,16384,6144,0.15380859375,0.0
7500,seq-fp32,237,2,36,2.45570707321167,0.0004999692198041743,1.3369481563568115,True,0.022863121004775167,16384,6144,0.15185546875,0.0
7500,seq-fp32,238,2,37,2.452568531036377,0.0004999692198041743,1.3039803504943848,True,0.023288885000511073,16384,6144,0.15608723958333334,0.0
7500,seq-fp32,239,2,38,2.4546592235565186,0.0004999692198041743,1.0973149538040161,True,0.023256572007085197,16384,6144,0.15055338541666666,0.0
7500,seq-fp32,240,2,39,2.4528610706329346,0.0004999692198041743,1.1542689800262451,True,0.02361376398766879,16384,6144,0.15266927083333334,0.0
7500,seq-fp32,241,2,40,2.4443252086639404,0.0004999692198041743,1.0033737421035767,True,0.023645955996471457,16384,6144,0.16357421875,0.0
7500,seq-fp32,242,2,41,2.460339307785034,0.0004999692198041743,1.027944803237915,True,0.023260019996087067,16384,6144,0.15478515625,0.0
7500,seq-fp32,243,2,42,2.448986768722534,0.0004999692198041743,1.1176984310150146,True,0.023175027992692776,16384,6144,0.15364583333333334,0.0
7500,seq-fp32,244,2,43,2.4502923488616943,0.0004999692198041743,1.4453117847442627,True,0.02327147699543275,16384,6144,0.15787760416666666,0.0
7500,seq-fp32,245,2,44,2.4449315071105957,0.0004999692198041743,1.3615068197250366,True,0.02294838298985269,16384,6144,0.15690104166666666,0.0
7500,seq-fp32,246,2,45,2.4342904090881348,0.0004999692198041743,1.103926658630371,True,0.022863100006361492,16384,6144,0.16357421875,0.0
7500,seq-fp32,247,2,46,2.44378662109375,0.0004999692198041743,1.2730211019515991,True,0.022869369000545703,16384,6144,0.154296875,0.0
7500,seq-fp32,248,2,47,2.4491446018218994,0.0004999692198041743,1.3535360097885132,True,0.022970716003328562,16384,6144,0.15934244791666666,0.0
7500,seq-fp32,249,2,48,2.4451844692230225,0.0004999692198041743,1.2180019617080688,True,0.023235394997755066,16384,6144,0.15413411458333334,0.0
7500,seq-fp32,250,2,49,2.4417200088500977,0.0004999692198041743,1.2583942413330078,True,0.02292797199334018,16384,6144,0.15348307291666666,0.0
7500,seq-fp32,251,2,50,2.4363596439361572,0.0004999692198041743,1.1279325485229492,True,0.02301218999491539,16384,6144,0.15690104166666666,0.0
7500,seq-fp32,252,2,51,2.4444165229797363,0.0004999692198041743,1.0928024053573608,True,0.023031609001918696,16384,6144,0.15771484375,0.0
7500,seq-fp32,253,2,52,2.4380526542663574,0.0004999692198041743,1.335378646850586,True,0.022974930005148053,16384,6144,0.15690104166666666,0.0
7500,seq-fp32,254,2,53,2.4298927783966064,0.0004999692198041743,1.0835448503494263,True,0.023643454987904988,16384,6144,0.1650390625,0.0
7500,seq-fp32,255,2,54,2.4425344467163086,0.0004999692198041743,1.4953954219818115,True,0.023428084008628502,16384,6144,0.1572265625,0.0
7500,seq-fp32,256,2,55,2.429816961288452,0.0004999692198041743,1.1599586009979248,True,0.023117627992178313,16384,6144,0.16259765625,0.0
7500,seq-fp32,257,2,56,2.4339210987091064,0.0004999692198041743,1.6434310674667358,True,0.023068351001711562,16384,6144,0.16227213541666666,0.0
7500,seq-fp32,258,2,57,2.4407763481140137,0.0004999692198041743,1.4848893880844116,True,0.023098894002032466,16384,6144,0.15397135416666666,0.0
7500,seq-fp32,259,2,58,2.440472364425659,0.0004999692198041743,1.6801462173461914,True,0.02297176000138279,16384,6144,0.16129557291666666,0.0
7500,seq-fp32,260,2,59,2.4375743865966797,0.0004999692198041743,1.3148611783981323,True,0.02292802398733329,16384,6144,0.15836588541666666,0.0
7500,seq-fp32,261,2,60,2.4370009899139404,0.0004999692198041743,1.870611310005188,True,0.02295928300009109,16384,6144,0.15966796875,0.0
7500,seq-fp32,262,2,61,2.433331251144409,0.0004999692198041743,1.3137381076812744,True,0.023013263999018818,16384,6144,0.15869140625,0.0
7500,seq-fp32,263,2,62,2.427783966064453,0.0004999692198041743,1.5049103498458862,True,0.023272594989975914,16384,6144,0.16129557291666666,0.0
7500,seq-fp32,264,2,63,2.439723491668701,0.0004999692198041743,1.514145851135254,True,0.0235737149923807,16384,6144,0.16080729166666666,0.0
7500,seq-fp32,265,2,64,2.422477960586548,0.0004999692198041743,1.0555267333984375,True,0.02328477999253664,16384,6144,0.16455078125,0.0
7500,seq-fp32,266,2,65,2.4224612712860107,0.0004999692198041743,1.0846902132034302,True,0.022975066996878013,16384,6144,0.16031901041666666,0.0
7500,seq-fp32,267,2,66,2.422616720199585,0.0004999692198041743,1.188111424446106,True,0.022821620004833676,16384,6144,0.1669921875,0.0
7500,seq-fp32,268,2,67,2.411943197250366,0.0004999692198041743,1.3120139837265015,True,0.023011368000879884,16384,6144,0.1650390625,0.0
7500,seq-fp32,269,2,68,2.421135425567627,0.0004999692198041743,1.4925976991653442,True,0.02298799200798385,16384,6144,0.16487630208333334,0.0
7500,seq-fp32,270,2,69,2.406102180480957,0.0004999692198041743,1.1378791332244873,True,0.023137187003158033,16384,6144,0.17236328125,0.0
7500,seq-fp32,271,2,70,2.4126181602478027,0.0004999692198041743,1.507665753364563,True,0.023385514999972656,16384,6144,0.16617838541666666,0.0
7500,seq-fp32,272,2,71,2.4248769283294678,0.0004999692198041743,1.6725528240203857,True,0.023360214996500872,16384,6144,0.16194661458333334,0.0
7500,seq-fp32,273,2,72,2.4209342002868652,0.0004999692198041743,1.3562068939208984,True,0.023086439003236592,16384,6144,0.16650390625,0.0
7500,seq-fp32,274,2,73,2.4157330989837646,0.0004999692198041743,2.3724331855773926,True,0.023223690994200297,16384,6144,0.16650390625,0.0
7500,seq-fp32,275,2,74,2.4174394607543945,0.0004999692198041743,1.14631986618042,True,0.023678572004428133,16384,6144,0.16471354166666666,0.0
7500,seq-fp32,276,2,75,2.40885329246521,0.0004999692198041743,1.6795125007629395,True,0.023254503001226112,16384,6144,0.17171223958333334,0.0
7500,seq-fp32,277,2,76,2.4030368328094482,0.0004999692198041743,1.1824995279312134,True,0.02324557899555657,16384,6144,0.16682942708333334,0.0
7500,seq-fp32,278,2,77,2.4044017791748047,0.0004999692198041743,1.2563645839691162,True,0.023062549997121096,16384,6144,0.17024739583333334,0.0
7500,seq-fp32,279,2,78,2.40030837059021,0.0004999692198041743,1.1928658485412598,True,0.023138359989388846,16384,6144,0.17122395833333334,0.0
7500,seq-fp32,280,2,79,2.4008445739746094,0.0004999692198041743,1.6511074304580688,True,0.02321222699538339,16384,6144,0.16617838541666666,0.0
7500,seq-fp32,281,2,80,2.3976597785949707,0.0004999692198041743,1.2150808572769165,True,0.02314737200504169,16384,6144,0.169921875,0.0
7500,seq-fp32,282,2,81,2.4087672233581543,0.0004999692198041743,1.9297786951065063,True,0.02296598099928815,16384,6144,0.17008463541666666,0.0
7500,seq-fp32,283,2,82,2.4092977046966553,0.0004999692198041743,1.5576300621032715,True,0.022934147011255845,16384,6144,0.16845703125,0.0
7500,seq-fp32,284,2,83,2.413440465927124,0.0004999692198041743,2.472811460494995,True,0.023161299992352724,16384,6144,0.16373697916666666,0.0
7500,seq-fp32,285,2,84,2.412215232849121,0.0004999692198041743,2.086120128631592,True,0.023022691006190144,16384,6144,0.16552734375,0.0
7500,seq-fp32,286,2,85,2.4105796813964844,0.0004999692198041743,1.379814863204956,True,0.022968580000451766,16384,6144,0.16731770833333334,0.0
7500,seq-fp32,287,2,86,2.3990726470947266,0.0004999692198041743,1.695149540901184,True,0.022773046002839692,16384,6144,0.16682942708333334,0.0
7500,seq-fp32,288,2,87,2.400418281555176,0.0004999692198041743,1.5165523290634155,True,0.023018306004814804,16384,6144,0.16861979166666666,0.0
7500,seq-fp32,289,2,88,2.393954277038574,0.0004999692198041743,1.4979075193405151,True,0.02289700099208858,16384,6144,0.17496744791666666,0.0
7500,seq-fp32,290,2,89,2.3918490409851074,0.0004999692198041743,1.488694429397583,True,0.023165257996879518,16384,6144,0.17154947916666666,0.0
7500,seq-fp32,291,2,90,2.3857908248901367,0.0004999692198041743,1.3640495538711548,True,0.02301530900876969,16384,6144,0.17496744791666666,0.0
7500,seq-fp32,292,2,91,2.3830230236053467,0.0004999692198041743,1.270697832107544,True,0.02288509400386829,16384,6144,0.17431640625,0.0
7500,seq-fp32,293,2,92,2.3823158740997314,0.0004999692198041743,1.3398433923721313,True,0.02294466299645137,16384,6144,0.18229166666666666,0.0
7500,seq-fp32,294,2,93,2.3914713859558105,0.0004999692198041743,1.5048350095748901,True,0.023224291988299228,16384,6144,0.17138671875,0.0
7500,seq-fp32,295,2,94,2.384483814239502,0.0004999692198041743,1.6412920951843262,True,0.02322761701361742,16384,6144,0.17985026041666666,0.0
7500,seq-fp32,296,2,95,2.3855249881744385,0.0004999692198041743,1.598220705986023,True,0.02334789201267995,16384,6144,0.18115234375,0.0
7500,seq-fp32,297,2,96,2.3870205879211426,0.0004999692198041743,2.531311511993408,True,0.023912188989925198,16384,6144,0.17431640625,0.0
7500,seq-fp32,298,2,97,2.378448247909546,0.0004999692198041743,1.5985265970230103,True,0.02338107200921513,16384,6144,0.1796875,0.0
7500,seq-fp32,299,2,98,2.376391649246216,0.0004999692198041743,1.5957542657852173,True,0.023343305991147645,16384,6144,0.17854817708333334,0.0
7500,seq-fp32,300,2,99,2.365612745285034,0.0004999692198041743,1.3975963592529297,True,0.022993603997747414,16384,6144,0.18766276041666666,0.0
7500,seq-fp32,301,2,100,2.3640711307525635,0.0004999692198041743,1.6422761678695679,True,0.0227610769943567,16384,6144,0.17985026041666666,0.0
7500,seq-fp32,302,2,101,2.3915436267852783,0.0004999692198041743,3.336219549179077,True,0.022997323001618497,16384,6144,0.17415364583333334,0.0
7500,seq-fp32,303,2,102,2.386988639831543,0.0004999692198041743,1.9857547283172607,True,0.023001126013696194,16384,6144,0.17431640625,0.0
7500,seq-fp32,304,2,103,2.386482000350952,0.0004999692198041743,2.933793067932129,True,0.023995505005586892,16384,6144,0.17903645833333334,0.0
7500,seq-fp32,305,2,104,2.3788564205169678,0.0004999692198041743,1.868806004524231,True,0.023148485997808166,16384,6144,0.18489583333333334,0.0
7500,seq-fp32,306,2,105,2.38631272315979,0.0004999692198041743,3.4688079357147217,True,0.023258154003997333,16384,6144,0.17138671875,0.0
7500,seq-fp32,307,2,106,2.385378837585449,0.0004999692198041743,2.488259792327881,True,0.022854301991173998,16384,6144,0.17529296875,0.0
7500,seq-fp32,308,2,107,2.3846306800842285,0.0004999692198041743,3.2110722064971924,True,0.022876258997712284,16384,6144,0.17936197916666666,0.0
7500,seq-fp32,309,2,108,2.3740792274475098,0.0004999692198041743,2.1111254692077637,True,0.02328703300736379,16384,6144,0.17757161458333334,0.0
7500,seq-fp32,310,2,109,2.3844656944274902,0.0004999692198041743,2.9903087615966797,True,0.023286997005925514,16384,6144,0.17350260416666666,0.0
7500,seq-fp32,311,2,110,2.37483549118042,0.0004999692198041743,2.7560253143310547,True,0.023178485993412323,16384,6144,0.17399088541666666,0.0
7500,seq-fp32,312,2,111,2.3673977851867676,0.0004999692198041743,2.628142833709717,True,0.022909863997483626,16384,6144,0.18294270833333334,0.0
7500,seq-fp32,313,2,112,2.3729615211486816,0.0004999692198041743,2.5846056938171387,True,0.023042229004204273,16384,6144,0.17399088541666666,0.0
7500,seq-fp32,314,2,113,2.351393699645996,0.0004999692198041743,1.9593991041183472,True,0.02317131900053937,16384,6144,0.18603515625,0.0
7500,seq-fp32,315,2,114,2.3555498123168945,0.0004999692198041743,2.253713607788086,True,0.023024684996926226,16384,6144,0.18977864583333334,0.0
7500,seq-fp32,316,2,115,2.360708236694336,0.0004999692198041743,2.641166925430298,True,0.023299947002669796,16384,6144,0.18831380208333334,0.0
7500,seq-fp32,317,2,116,2.3501548767089844,0.0004999692198041743,2.257732629776001,True,0.023388754998450167,16384,6144,0.18326822916666666,0.0
7500,seq-fp32,318,2,117,2.3766818046569824,0.0004999692198041743,4.277812957763672,True,0.023008396005025133,16384,6144,0.17854817708333334,0.0
7500,seq-fp32,319,2,118,2.393157958984375,0.0004999692198041743,3.9427778720855713,True,0.022817781995399855,16384,6144,0.1708984375,0.0
7500,seq-fp32,320,2,119,2.3653581142425537,0.0004999692198041743,2.654409170150757,True,0.022683795003104024,16384,6144,0.1875,0.0
7500,seq-fp32,321,2,120,2.3534958362579346,0.0004999692198041743,2.6616876125335693,True,0.022693374994560145,16384,6144,0.18522135416666666,0.0
7500,seq-fp32,322,2,121,2.346924304962158,0.0004999692198041743,2.003237009048462,True,0.022832989998278208,16384,6144,0.18408203125,0.0
7500,seq-fp32,323,2,122,2.3545522689819336,0.0004999692198041743,3.179265260696411,True,0.022799619007855654,16384,6144,0.18245442708333334,0.0
7500,seq-fp32,324,2,123,2.358588218688965,0.0004999692198041743,2.572169303894043,True,0.022861786012072116,16384,6144,0.18473307291666666,0.0
7500,seq-fp32,325,2,124,2.3496413230895996,0.0004999692198041743,2.4465417861938477,True,0.022688712007948197,16384,6144,0.18522135416666666,0.0
7500,seq-fp32,326,2,125,2.347379684448242,0.0004999692198041743,2.1824347972869873,True,0.022643359989160672,16384,6144,0.19091796875,0.0
7500,seq-fp32,327,2,126,2.3511099815368652,0.0004999692198041743,2.3306915760040283,True,0.022925682002096437,16384,6144,0.18570963541666666,0.0
7500,seq-fp32,328,2,127,2.345554828643799,0.0004999692198041743,2.485759973526001,True,0.023226522011100315,16384,6144,0.18326822916666666,0.0
7500,seq-fp32,329,2,128,2.3301219940185547,0.0004999692198041743,2.7941203117370605,True,0.02316380900447257,16384,6144,0.19091796875,0.0
7500,seq-fp32,330,2,129,2.365755319595337,0.0004999692198041743,4.104500770568848,True,0.02288743099779822,16384,6144,0.18196614583333334,0.0
7500,seq-fp32,331,2,130,2.373804807662964,0.0004999692198041743,3.8731625080108643,True,0.022976616004598327,16384,6144,0.17936197916666666,0.0
7500,seq-fp32,332,2,131,2.3439269065856934,0.0004999692198041743,2.3907010555267334,True,0.02305003000947181,16384,6144,0.19173177083333334,0.0
7500,seq-fp32,333,2,132,2.3287973403930664,0.0004999692198041743,2.055777072906494,True,0.023027713992632926,16384,6144,0.19580078125,0.0
7500,seq-fp32,334,2,133,2.339303493499756,0.0004999692198041743,2.628108024597168,True,0.023053632001392543,16384,6144,0.18912760416666666,0.0
7500,seq-fp32,335,2,134,2.3357574939727783,0.0004999692198041743,1.5731074810028076,True,0.023362601990811527,16384,6144,0.18977864583333334,0.0
7500,seq-fp32,336,2,135,2.331185817718506,0.0004999692198041743,2.07222056388855,True,0.02370572699874174,16384,6144,0.19189453125,0.0
7500,seq-fp32,337,2,136,2.334892511367798,0.0004999692198041743,1.8054683208465576,True,0.02347275399370119,16384,6144,0.19140625,0.0
7500,seq-fp32,338,2,137,2.3109421730041504,0.0004999692198041743,2.557769775390625,True,0.022929967992240563,16384,6144,0.19938151041666666,0.0
7500,seq-fp32,339,2,138,2.3286855220794678,0.0004999692198041743,2.0914804935455322,True,0.02283964400703553,16384,6144,0.189453125,0.0
7500,seq-fp32,340,2,139,2.3085763454437256,0.0004999692198041743,1.8834563493728638,True,0.022912279004231095,16384,6144,0.20345052083333334,0.0
7500,seq-fp32,341,2,140,2.3213391304016113,0.0004999692198041743,2.5272231101989746,True,0.022614967994741164,16384,6144,0.193359375,0.0
7500,seq-fp32,342,2,141,2.3288381099700928,0.0004999692198041743,2.0488829612731934,True,0.023034147001453675,16384,6144,0.19417317708333334,0.0
7500,seq-fp32,343,2,142,2.295475721359253,0.0004999692198041743,1.6521857976913452,True,0.023026036011287943,16384,6144,0.20052083333333334,0.0
7500,seq-fp32,344,2,143,2.3148586750030518,0.0004999692198041743,2.123961925506592,True,0.023027100003673695,16384,6144,0.1923828125,0.0
7500,seq-fp32,345,2,144,2.3184900283813477,0.0004999692198041743,3.7912673950195312,True,0.02296994801145047,16384,6144,0.19287109375,0.0
7500,seq-fp32,346,2,145,2.306560516357422,0.0004999692198041743,1.9093174934387207,True,0.022675709988106973,16384,6144,0.19791666666666666,0.0
7500,seq-fp32,347,2,146,2.3171472549438477,0.0004999692198041743,2.9324100017547607,True,0.02259990001039114,16384,6144,0.19482421875,0.0
7500,seq-fp32,348,2,147,2.3053274154663086,0.0004999692198041743,2.7538833618164062,True,0.02262368900119327,16384,6144,0.20052083333333334,0.0
7500,seq-fp32,349,2,148,2.3149962425231934,0.0004999692198041743,2.315974712371826,True,0.02281030399899464,16384,6144,0.19856770833333334,0.0
7500,seq-fp32,350,2,149,2.2927708625793457,0.0004999692198041743,1.9811164140701294,True,0.022899374991538934,16384,6144,0.20328776041666666,0.0
7500,seq-fp32,351,2,150,2.307765483856201,0.0004999692198041743,2.803123950958252,True,0.023144275008235127,16384,6144,0.19563802083333334,0.0
7500,seq-fp32,352,2,151,2.302748441696167,0.0004999692198041743,2.4240834712982178,True,0.02322424200247042,16384,6144,0.201171875,0.0
7500,seq-fp32,353,2,152,2.289651393890381,0.0004999692198041743,2.778324842453003,True,0.023007969997706823,16384,6144,0.20930989583333334,0.0
7500,seq-fp32,354,2,153,2.3057398796081543,0.0004999692198041743,2.605672836303711,True,0.02315102099964861,16384,6144,0.19108072916666666,0.0
7500,seq-fp32,355,2,154,2.3050403594970703,0.0004999692198041743,4.786519527435303,True,0.023632722994079813,16384,6144,0.20703125,0.0
7500,seq-fp32,356,2,155,2.2954623699188232,0.0004999692198041743,1.8275502920150757,True,0.023624441004358232,16384,6144,0.1982421875,0.0
7500,seq-fp32,357,2,156,2.301720142364502,0.0004999692198041743,3.9428882598876953,True,0.02323582199460361,16384,6144,0.19954427083333334,0.0
7500,seq-fp32,358,2,157,2.3033742904663086,0.0004999692198041743,2.9898886680603027,True,0.022998632994131185,16384,6144,0.19580078125,0.0
7500,seq-fp32,359,2,158,2.2927632331848145,0.0004999692198041743,3.2405779361724854,True,0.023021859989967197,16384,6144,0.20475260416666666,0.0
7500,seq-fp32,360,2,159,2.319760799407959,0.0004999692198041743,5.072751998901367,True,0.02293364300567191,16384,6144,0.19563802083333334,0.0
7500,seq-fp32,361,2,160,2.270995855331421,0.0004999692198041743,2.468637466430664,True,0.02320892699935939,16384,6144,0.2138671875,0.0
7500,seq-fp32,362,2,161,2.3145558834075928,0.0004999692198041743,5.979866027832031,True,0.02284579300612677,16384,6144,0.1923828125,0.0
7500,seq-fp32,363,2,162,2.3243350982666016,0.0004999692198041743,5.0902557373046875,True,0.022925776996999048,16384,6144,0.193359375,0.0
7500,seq-fp32,364,2,163,2.3213014602661133,0.0004999692198041743,6.119556903839111,True,0.022858149008243345,16384,6144,0.19108072916666666,0.0
7500,seq-fp32,365,2,164,2.296977996826172,0.0004999692198041743,5.130620002746582,True,0.023029938005493023,16384,6144,0.19873046875,0.0
7500,seq-fp32,366,2,165,2.2788219451904297,0.0004999692198041743,3.640950918197632,True,0.02312926600279752,16384,6144,0.21028645833333334,0.0
7500,seq-fp32,367,2,166,2.311730146408081,0.0004999692198041743,5.1204609870910645,True,0.022941514995181933,16384,6144,0.19807942708333334,0.0
7500,seq-fp32,368,2,167,2.2923388481140137,0.0004999692198041743,5.159119606018066,True,0.02299515799677465,16384,6144,0.19791666666666666,0.0
7500,seq-fp32,369,2,168,2.265565872192383,0.0004999692198041743,3.0182478427886963,True,0.023244896001415327,16384,6144,0.21435546875,0.0
7500,seq-fp32,370,2,169,2.291205406188965,0.0004999692198041743,4.364792823791504,True,0.0229410710016964,16384,6144,0.20198567708333334,0.0
7500,seq-fp32,371,2,170,2.3042845726013184,0.0004999692198041743,5.1772942543029785,True,0.02302354598941747,16384,6144,0.19710286458333334,0.0
7500,seq-fp32,372,2,171,2.285867691040039,0.0004999692198041743,4.714236259460449,True,0.023040365005726926,16384,6144,0.20377604166666666,0.0
7500,seq-fp32,373,2,172,2.287097692489624,0.0004999692198041743,5.706533908843994,True,0.022706172996549867,16384,6144,0.20149739583333334,0.0
7500,seq-fp32,374,2,173,2.268773078918457,0.0004999692198041743,4.212283611297607,True,0.022653610009001568,16384,6144,0.21809895833333334,0.0
7500,seq-fp32,375,2,174,2.281158447265625,0.0004999692198041743,5.53575325012207,True,0.02321750200644601,16384,6144,0.20735677083333334,0.0
7500,seq-fp32,376,2,175,2.2813711166381836,0.0004999692198041743,4.496857643127441,True,0.023209006001707166,16384,6144,0.20377604166666666,0.0
7500,seq-fp32,377,2,176,2.261531352996826,0.0004999692198041743,4.023787021636963,True,0.023211532010463998,16384,6144,0.20963541666666666,0.0
7500,seq-fp32,378,2,177,2.2666096687316895,0.0004999692198041743,4.096399307250977,True,0.023572161997435614,16384,6144,0.21044921875,0.0
7500,seq-fp32,379,2,178,2.2503366470336914,0.0004999692198041743,4.731071472167969,True,0.023470810003345832,16384,6144,0.2158203125,0.0
7500,seq-fp32,380,2,179,2.264974594116211,0.0004999692198041743,5.635106563568115,True,0.023139284006902017,16384,6144,0.2080078125,0.0
7500,seq-fp32,381,2,180,2.2568609714508057,0.0004999692198041743,4.60362434387207,True,0.022813229996245354,16384,6144,0.20556640625,0.0
7500,seq-fp32,382,2,181,2.264587163925171,0.0004999692198041743,4.409724712371826,True,0.023198713999590836,16384,6144,0.2109375,0.0
7500,seq-fp32,383,2,182,2.25750994682312,0.0004999692198041743,5.947359085083008,True,0.02309322300425265,16384,6144,0.21110026041666666,0.0
7500,seq-fp32,384,2,183,2.2583065032958984,0.0004999692198041743,4.7184977531433105,True,0.02282873600779567,16384,6144,0.21044921875,0.0
7500,seq-fp32,385,2,184,2.2427289485931396,0.0004999692198041743,3.3472659587860107,True,0.0229115779948188,16384,6144,0.21858723958333334,0.0
7500,seq-fp32,386,2,185,2.285010814666748,0.0004999692198041743,6.708164215087891,True,0.022746263013686985,16384,6144,0.20686848958333334,0.0
7500,seq-fp32,387,2,186,2.286468982696533,0.0004999692198041743,6.491156101226807,True,0.02285911000217311,16384,6144,0.20377604166666666,0.0
7500,seq-fp32,388,2,187,2.260953903198242,0.0004999692198041743,5.0811238288879395,True,0.02349056999082677,16384,6144,0.21223958333333334,0.0
7500,seq-fp32,389,2,188,2.257908344268799,0.0004999692198041743,4.362347602844238,True,0.023336847007158212,16384,6144,0.21028645833333334,0.0
7500,seq-fp32,390,2,189,2.266956090927124,0.0004999692198041743,5.760120391845703,True,0.02322550700046122,16384,6144,0.20817057291666666,0.0
7500,seq-fp32,391,2,190,2.2566585540771484,0.0004999692198041743,5.701720714569092,True,0.02311849599936977,16384,6144,0.21223958333333334,0.0
7500,seq-fp32,392,2,191,2.2687737941741943,0.0004999692198041743,6.821990966796875,True,0.023277381013031118,16384,6144,0.21158854166666666,0.0
7500,seq-fp32,393,2,192,2.2622342109680176,0.0004999692198041743,5.543424129486084,True,0.02323409100063145,16384,6144,0.21158854166666666,0.0
7500,seq-fp32,394,2,193,2.2532918453216553,0.0004999692198041743,4.595888137817383,True,0.023010381002677605,16384,6144,0.2109375,0.0
7500,seq-fp32,395,2,194,2.244131565093994,0.0004999692198041743,4.8236775398254395,True,0.022786817004089244,16384,6144,0.21761067708333334,0.0
7500,seq-fp32,396,2,195,2.2374038696289062,0.0004999692198041743,5.03126335144043,True,0.023380812010145746,16384,6144,0.2158203125,0.0
7500,seq-fp32,397,2,196,2.2352638244628906,0.0004999692198041743,4.596301555633545,True,0.02326905399968382,16384,6144,0.21321614583333334,0.0
7500,seq-fp32,398,2,197,2.2351136207580566,0.0004999692198041743,4.238279819488525,True,0.02300660900073126,16384,6144,0.21272786458333334,0.0
7500,seq-fp32,399,2,198,2.238128900527954,0.0004999692198041743,4.143957138061523,True,0.023029830001178198,16384,6144,0.21565755208333334,0.0
7500,seq-fp32,400,2,199,2.2644755840301514,0.0004999692198041743,6.517430782318115,True,0.02266671200050041,16384,6144,0.20963541666666666,0.0
7500,seq-fp32,401,3,0,2.2577309608459473,0.00049987688681125,6.049491882324219,True,0.023068280002917163,16384,6144,0.21142578125,0.0
7500,seq-fp32,402,3,1,2.2351245880126953,0.00049987688681125,5.9269819259643555,True,0.022884359990712255,16384,6144,0.21142578125,0.0
7500,seq-fp32,403,3,2,2.2389228343963623,0.00049987688681125,4.989121913909912,True,0.022743483001249842,16384,6144,0.21744791666666666,0.0
7500,seq-fp32,404,3,3,2.2115938663482666,0.00049987688681125,4.4414777755737305,True,0.022811251998064108,16384,6144,0.22591145833333334,0.0
7500,seq-fp32,405,3,4,2.2847137451171875,0.00049987688681125,8.096680641174316,True,0.023176867005531676,16384,6144,0.19938151041666666,0.0
7500,seq-fp32,406,3,5,2.2741189002990723,0.00049987688681125,6.857196807861328,True,0.023009559998172335,16384,6144,0.2080078125,0.0
7500,seq-fp32,407,3,6,2.2565197944641113,0.00049987688681125,7.5410919189453125,True,0.02293123300478328,16384,6144,0.21321614583333334,0.0
7500,seq-fp32,408,3,7,2.25071120262146,0.00049987688681125,5.288084983825684,True,0.02296034200116992,16384,6144,0.21402994791666666,0.0
7500,seq-fp32,409,3,8,2.231452226638794,0.00049987688681125,5.299044132232666,True,0.02321102599671576,16384,6144,0.21891276041666666,0.0
7500,seq-fp32,410,3,9,2.223020553588867,0.00049987688681125,4.111601829528809,True,0.023362070991424844,16384,6144,0.22607421875,0.0
7500,seq-fp32,411,3,10,2.212226390838623,0.00049987688681125,4.467810153961182,True,0.023370947994408198,16384,6144,0.2197265625,0.0
7500,seq-fp32,412,3,11,2.2334084510803223,0.00049987688681125,5.999751567840576,True,0.023600849992362782,16384,6144,0.21533203125,0.0
7500,seq-fp32,413,3,12,2.2111337184906006,0.00049987688681125,3.7640600204467773,True,0.02354561199899763,16384,6144,0.22493489583333334,0.0
7500,seq-fp32,414,3,13,2.237002372741699,0.00049987688681125,6.463864326477051,True,0.02335201800451614,16384,6144,0.21451822916666666,0.0
7500,seq-fp32,415,3,14,2.2462031841278076,0.00049987688681125,5.945824146270752,True,0.023302411995246075,16384,6144,0.21337890625,0.0
7500,seq-fp32,416,3,15,2.2303969860076904,0.00049987688681125,6.676829814910889,True,0.022982487993431278,16384,6144,0.21875,0.0
7500,seq-fp32,417,3,16,2.2320945262908936,0.00049987688681125,5.194962978363037,True,0.02297019500110764,16384,6144,0.2216796875,0.0
7500,seq-fp32,418,3,17,2.2491300106048584,0.00049987688681125,8.15627384185791,True,0.02291783900000155,16384,6144,0.20638020833333334,0.0
7500,seq-fp32,419,3,18,2.233315944671631,0.00049987688681125,6.860919952392578,True,0.02270129299722612,16384,6144,0.21337890625,0.0
7500,seq-fp32,420,3,19,2.26495099067688,0.00049987688681125,7.431015491485596,True,0.022334844004944898,16384,6144,0.21158854166666666,0.0
7500,seq-fp32,421,3,20,2.241091251373291,0.00049987688681125,7.381458282470703,True,0.022762733991839923,16384,6144,0.20817057291666666,0.0
7500,seq-fp32,422,3,21,2.2250232696533203,0.00049987688681125,3.753653049468994,True,0.02260040798864793,16384,6144,0.22037760416666666,0.0
7500,seq-fp32,423,3,22,2.2006072998046875,0.00049987688681125,3.5567753314971924,True,0.022845789993880317,16384,6144,0.22119140625,0.0
7500,seq-fp32,424,3,23,2.20513916015625,0.00049987688681125,5.053732872009277,True,0.022908445011125877,16384,6144,0.22347005208333334,0.0
7500,seq-fp32,425,3,24,2.191976547241211,0.00049987688681125,3.193721055984497,True,0.0229798530053813,16384,6144,0.2255859375,0.0
7500,seq-fp32,426,3,25,2.216465473175049,0.00049987688681125,5.699436187744141,True,0.02291664099902846,16384,6144,0.22607421875,0.0
7500,seq-fp32,427,3,26,2.240018844604492,0.00049987688681125,4.569745063781738,True,0.022836119009298272,16384,6144,0.21419270833333334,0.0
7500,seq-fp32,428,3,27,2.20133113861084,0.00049987688681125,5.070441722869873,True,0.02340766899578739,16384,6144,0.21842447916666666,0.0
7500,seq-fp32,429,3,28,2.2282557487487793,0.00049987688681125,6.985937118530273,True,0.02331343200057745,16384,6144,0.22265625,0.0
7500,seq-fp32,430,3,29,2.2294423580169678,0.00049987688681125,5.620213031768799,True,0.02316870298818685,16384,6144,0.21402994791666666,0.0
7500,seq-fp32,431,3,30,2.2084884643554688,0.00049987688681125,7.290093898773193,True,0.02347342400753405,16384,6144,0.224609375,0.0
7500,seq-fp32,432,3,31,2.236975908279419,0.00049987688681125,4.3116631507873535,True,0.023611172000528313,16384,6144,0.20979817708333334,0.0
7500,seq-fp32,433,3,32,2.222623109817505,0.00049987688681125,6.12257719039917,True,0.02332977799233049,16384,6144,0.2236328125,0.0
7500,seq-fp32,434,3,33,2.2233376502990723,0.00049987688681125,6.2645392417907715,True,0.023071623989380896,16384,6144,0.22216796875,0.0
7500,seq-fp32,435,3,34,2.2579398155212402,0.00049987688681125,7.358283519744873,True,0.022968506993493065,16384,6144,0.21110026041666666,0.0
7500,seq-fp32,436,3,35,2.198178291320801,0.00049987688681125,6.163620471954346,True,0.02286126700346358,16384,6144,0.21956380208333334,0.0
7500,seq-fp32,437,3,36,2.190741539001465,0.00049987688681125,4.237143516540527,True,0.022682244001771323,16384,6144,0.22770182291666666,0.0
7500,seq-fp32,438,3,37,2.1789987087249756,0.00049987688681125,2.681405544281006,True,0.022780448009143583,16384,6144,0.22737630208333334,0.0
7500,seq-fp32,439,3,38,2.1827752590179443,0.00049987688681125,5.488437175750732,True,0.022879096999531612,16384,6144,0.22867838541666666,0.0
7500,seq-fp32,440,3,39,2.165358066558838,0.00049987688681125,3.0911624431610107,True,0.022700728004565462,16384,6144,0.22932942708333334,0.0
7500,seq-fp32,441,3,40,2.1989898681640625,0.00049987688681125,5.423303127288818,True,0.023035926002194174,16384,6144,0.22639973958333334,0.0
7500,seq-fp32,442,3,41,2.209639549255371,0.00049987688681125,7.1836113929748535,True,0.022991434001596645,16384,6144,0.22037760416666666,0.0
7500,seq-fp32,443,3,42,2.1882150173187256,0.00049987688681125,4.055743217468262,True,0.023010630990029313,16384,6144,0.22688802083333334,0.0
7500,seq-fp32,444,3,43,2.2056002616882324,0.00049987688681125,8.405220985412598,True,0.022790494011132978,16384,6144,0.22607421875,0.0
7500,seq-fp32,445,3,44,2.219907760620117,0.00049987688681125,7.513087749481201,True,0.022971329992287792,16384,6144,0.22444661458333334,0.0
7500,seq-fp32,446,3,45,2.211738109588623,0.00049987688681125,9.056084632873535,True,0.02365512000687886,16384,6144,0.22135416666666666,0.0
7500,seq-fp32,447,3,46,2.1956543922424316,0.00049987688681125,6.914459228515625,True,0.023601506007253192,16384,6144,0.21826171875,0.0
7500,seq-fp32,448,3,47,2.2332539558410645,0.00049987688681125,8.652543067932129,True,0.02337308799906168,16384,6144,0.21695963541666666,0.0
7500,seq-fp32,449,3,48,2.247520923614502,0.00049987688681125,8.189888000488281,True,0.023238515001139604,16384,6144,0.21451822916666666,0.0
7500,seq-fp32,450,3,49,2.178401470184326,0.00049987688681125,3.9027910232543945,True,0.02347791800275445,16384,6144,0.22998046875,0.0
7500,seq-fp32,451,3,50,2.1805672645568848,0.00049987688681125,6.214696407318115,True,0.022788692003814504,16384,6144,0.22802734375,0.0
7500,seq-fp32,452,3,51,2.2054147720336914,0.00049987688681125,5.111653804779053,True,0.02308664000884164,16384,6144,0.23046875,0.0
7500,seq-fp32,453,3,52,2.1882245540618896,0.00049987688681125,6.8502349853515625,True,0.023567398005980067,16384,6144,0.22900390625,0.0
7500,seq-fp32,454,3,53,2.2065491676330566,0.00049987688681125,5.679441452026367,True,0.023283908987650648,16384,6144,0.22509765625,0.0
7500,seq-fp32,455,3,54,2.1835339069366455,0.00049987688681125,8.804238319396973,True,0.022968621997279115,16384,6144,0.23291015625,0.0
7500,seq-fp32,456,3,55,2.171666145324707,0.00049987688681125,4.889316558837891,True,0.02281212199886795,16384,6144,0.23160807291666666,0.0
7500,seq-fp32,457,3,56,2.1692545413970947,0.00049987688681125,5.084805488586426,True,0.022892831009812653,16384,6144,0.23453776041666666,0.0
7500,seq-fp32,458,3,57,2.1625277996063232,0.00049987688681125,6.945555686950684,True,0.022762288004742004,16384,6144,0.23453776041666666,0.0
7500,seq-fp32,459,3,58,2.16003680229187,0.00049987688681125,5.0566253662109375,True,0.023002184010692872,16384,6144,0.236328125,0.0
7500,seq-fp32,460,3,59,2.184080123901367,0.00049987688681125,9.563050270080566,True,0.022926154008018784,16384,6144,0.22672526041666666,0.0
7500,seq-fp32,461,3,60,2.1926093101501465,0.00049987688681125,8.000988960266113,True,0.02306395499908831,16384,6144,0.22379557291666666,0.0
7500,seq-fp32,462,3,61,2.15360164642334,0.00049987688681125,6.455338954925537,True,0.022761556989280507,16384,6144,0.232421875,0.0
7500,seq-fp32,463,3,62,2.156773090362549,0.00049987688681125,5.15958833694458,True,0.02320923999650404,16384,6144,0.23681640625,0.0
7500,seq-fp32,464,3,63,2.1494624614715576,0.00049987688681125,6.943778991699219,True,0.023157160001574084,16384,6144,0.23583984375,0.0
7500,seq-fp32,465,3,64,2.145683765411377,0.00049987688681125,5.819565773010254,True,0.02306919900001958,16384,6144,0.23844401041666666,0.0
7500,seq-fp32,466,3,65,2.1713814735412598,0.00049987688681125,7.464131832122803,True,0.023458498006220907,16384,6144,0.2294921875,0.0
7500,seq-fp32,467,3,66,2.162379741668701,0.00049987688681125,5.782983303070068,True,0.023801965988241136,16384,6144,0.23291015625,0.0
7500,seq-fp32,468,3,67,2.1294779777526855,0.00049987688681125,6.133825778961182,True,0.023268277989700437,16384,6144,0.240234375,0.0
7500,seq-fp32,469,3,68,2.143970012664795,0.00049987688681125,6.115744113922119,True,0.023121435995562933,16384,6144,0.23518880208333334,0.0
7500,seq-fp32,470,3,69,2.151094436645508,0.00049987688681125,6.534758567810059,True,0.022869934007758275,16384,6144,0.24137369791666666,0.0
7500,seq-fp32,471,3,70,2.129150390625,0.00049987688681125,5.279029846191406,True,0.022896380003658123,16384,6144,0.2421875,0.0
7500,seq-fp32,472,3,71,2.1357030868530273,0.00049987688681125,6.939121723175049,True,0.022799402999226004,16384,6144,0.24397786458333334,0.0
7500,seq-fp32,473,3,72,2.119934320449829,0.00049987688681125,6.237634181976318,True,0.023082068990333937,16384,6144,0.24007161458333334,0.0
7500,seq-fp32,474,3,73,2.107701063156128,0.00049987688681125,4.743146896362305,True,0.022887480998178944,16384,6144,0.24527994791666666,0.0
7500,seq-fp32,475,3,74,2.1264781951904297,0.00049987688681125,6.089268207550049,True,0.02325878498959355,16384,6144,0.24479166666666666,0.0
7500,seq-fp32,476,3,75,2.123671531677246,0.00049987688681125,8.041205406188965,True,0.023389976006001234,16384,6144,0.23193359375,0.0
7500,seq-fp32,477,3,76,2.1262736320495605,0.00049987688681125,8.305509567260742,True,0.023327275994233787,16384,6144,0.2412109375,0.0
7500,seq-fp32,478,3,77,2.0847718715667725,0.00049987688681125,3.236374616622925,True,0.023054844001308084,16384,6144,0.2529296875,0.0
7500,seq-fp32,479,3,78,2.1928486824035645,0.00049987688681125,14.85373306274414,True,0.023113039991585538,16384,6144,0.22672526041666666,0.0
7500,seq-fp32,480,3,79,2.2193264961242676,0.00049987688681125,11.545232772827148,True,0.02301918700686656,16384,6144,0.22395833333333334,0.0
7500,seq-fp32,481,3,80,2.2154009342193604,0.00049987688681125,9.846940040588379,True,0.023119198987842537,16384,6144,0.22233072916666666,0.0
7500,seq-fp32,482,3,81,2.1723544597625732,0.00049987688681125,10.906601905822754,True,0.02310345099249389,16384,6144,0.23063151041666666,0.0
7500,seq-fp32,483,3,82,2.158961772918701,0.00049987688681125,11.191924095153809,True,0.023021020999294706,16384,6144,0.23404947916666666,0.0
7500,seq-fp32,484,3,83,2.1713950634002686,0.00049987688681125,8.903192520141602,True,0.02290931300376542,16384,6144,0.228515625,0.0
7500,seq-fp32,485,3,84,2.142673969268799,0.00049987688681125,8.17780876159668,True,0.02310212899465114,16384,6144,0.23844401041666666,0.0
7500,seq-fp32,486,3,85,2.1459903717041016,0.00049987688681125,6.815027713775635,True,0.02303075700183399,16384,6144,0.23486328125,0.0
7500,seq-fp32,487,3,86,2.1850619316101074,0.00049987688681125,10.073166847229004,True,0.02308893299777992,16384,6144,0.22819010416666666,0.0
7500,seq-fp32,488,3,87,2.1824042797088623,0.00049987688681125,9.234992980957031,True,0.023451221000868827,16384,6144,0.2294921875,0.0
7500,seq-fp32,489,3,88,2.138144016265869,0.00049987688681125,9.259888648986816,True,0.023400625999784097,16384,6144,0.24365234375,0.0
7500,seq-fp32,490,3,89,2.129343032836914,0.00049987688681125,7.687722206115723,True,0.023225078999530524,16384,6144,0.24055989583333334,0.0
7500,seq-fp32,491,3,90,2.1158876419067383,0.00049987688681125,7.817956447601318,True,0.023014591002720408,16384,6144,0.24348958333333334,0.0
7500,seq-fp32,492,3,91,2.1302170753479004,0.00049987688681125,9.34552001953125,True,0.022808327004895546,16384,6144,0.2412109375,0.0
7500,seq-fp32,493,3,92,2.1403720378875732,0.00049987688681125,9.048151969909668,True,0.0229457349923905,16384,6144,0.2392578125,0.0
7500,seq-fp32,494,3,93,2.114326000213623,0.00049987688681125,7.809048652648926,True,0.022786882997024804,16384,6144,0.24039713541666666,0.0
7500,seq-fp32,495,3,94,2.1197259426116943,0.00049987688681125,10.714814186096191,True,0.022626937992754392,16384,6144,0.23746744791666666,0.0
7500,seq-fp32,496,3,95,2.130669593811035,0.00049987688681125,10.216704368591309,True,0.022662325005512685,16384,6144,0.23470052083333334,0.0
7500,seq-fp32,497,3,96,2.124645709991455,0.00049987688681125,9.223617553710938,True,0.022912640997674316,16384,6144,0.24251302083333334,0.0
7500,seq-fp32,498,3,97,2.113527774810791,0.00049987688681125,9.744812965393066,True,0.023492951004300267,16384,6144,0.24267578125,0.0
7500,seq-fp32,499,3,98,2.1138596534729004,0.00049987688681125,10.159224510192871,True,0.02329842100152746,16384,6144,0.24007161458333334,0.0
7500,seq-fp32,500,3,99,2.074540615081787,0.00049987688681125,7.014007091522217,True,0.023071190997143276,16384,6144,0.255859375,0.0
7500,seq-fp32,501,3,100,2.1563289165496826,0.00049987688681125,13.705216407775879,True,0.022947880992433056,16384,6144,0.23502604166666666,0.0
7500,seq-fp32,502,3,101,2.177966833114624,0.00049987688681125,11.919967651367188,True,0.023023139001452364,16384,6144,0.23583984375,0.0
7500,seq-fp32,503,3,102,2.114149332046509,0.00049987688681125,8.080002784729004,True,0.023337498991168104,16384,6144,0.24967447916666666,0.0
7500,seq-fp32,504,3,103,2.096737861633301,0.00049987688681125,9.532661437988281,True,0.02325201898929663,16384,6144,0.2470703125,0.0
7500,seq-fp32,505,3,104,2.1038033962249756,0.00049987688681125,9.414426803588867,True,0.022947281002416275,16384,6144,0.24886067708333334,0.0
7500,seq-fp32,506,3,105,2.098139762878418,0.00049987688681125,8.922028541564941,True,0.023368056004983373,16384,6144,0.24886067708333334,0.0
7500,seq-fp32,507,3,106,2.1586616039276123,0.00049987688681125,13.51602840423584,True,0.0233785910095321,16384,6144,0.22639973958333334,0.0
7500,seq-fp32,508,3,107,2.135561943054199,0.00049987688681125,12.083711624145508,True,0.023038546001771465,16384,6144,0.23046875,0.0
7500,seq-fp32,509,3,108,2.0784382820129395,0.00049987688681125,9.152374267578125,True,0.022915076013305224,16384,6144,0.25048828125,0.0
7500,seq-fp32,510,3,109,2.0807151794433594,0.00049987688681125,8.009825706481934,True,0.022486437010229565,16384,6144,0.248046875,0.0
7500,seq-fp32,511,3,110,2.1086082458496094,0.00049987688681125,11.637072563171387,True,0.0224804640020011,16384,6144,0.23974609375,0.0
7500,seq-fp32,512,3,111,2.093431234359741,0.00049987688681125,10.652883529663086,True,0.022519989986903965,16384,6144,0.24609375,0.0
7500,seq-fp32,513,3,112,2.080627918243408,0.00049987688681125,10.509736061096191,True,0.022772926997276954,16384,6144,0.2542317708333333,0.0
7500,seq-fp32,514,3,113,2.1011228561401367,0.00049987688681125,10.395559310913086,True,0.022820472993771546,16384,6144,0.24625651041666666,0.0
7500,seq-fp32,515,3,114,2.076629161834717,0.00049987688681125,9.543333053588867,True,0.023050592993968166,16384,6144,0.2511393229166667,0.0
7500,seq-fp32,516,3,115,2.0548832416534424,0.00049987688681125,8.692523002624512,True,0.022823075007181615,16384,6144,0.2576497395833333,0.0
7500,seq-fp32,517,3,116,2.099454164505005,0.00049987688681125,12.526144981384277,True,0.02292022100300528,16384,6144,0.24560546875,0.0
7500,seq-fp32,518,3,117,2.089482069015503,0.00049987688681125,9.913985252380371,True,0.02282079499855172,16384,6144,0.2506510416666667,0.0
7500,seq-fp32,519,3,118,2.0515623092651367,0.00049987688681125,8.944977760314941,True,0.0228203470032895,16384,6144,0.2555338541666667,0.0
7500,seq-fp32,520,3,119,2.055574417114258,0.00049987688681125,8.761282920837402,True,0.022957582012168132,16384,6144,0.2594401041666667,0.0
7500,seq-fp32,521,3,120,2.0820059776306152,0.00049987688681125,11.93102741241455,True,0.022793073003413156,16384,6144,0.24837239583333334,0.0
7500,seq-fp32,522,3,121,2.0922703742980957,0.00049987688681125,11.924315452575684,True,0.02307487699727062,16384,6144,0.24251302083333334,0.0
7500,seq-fp32,523,3,122,2.070197582244873,0.00049987688681125,10.368915557861328,True,0.02300765299878549,16384,6144,0.2550455729166667,0.0
7500,seq-fp32,524,3,123,2.0282514095306396,0.00049987688681125,8.1920804977417,True,0.022923070995602757,16384,6144,0.26806640625,0.0
7500,seq-fp32,525,3,124,2.07550048828125,0.00049987688681125,12.90731143951416,True,0.02333297899167519,16384,6144,0.24772135416666666,0.0
7500,seq-fp32,526,3,125,2.0784764289855957,0.00049987688681125,11.413068771362305,True,0.023406979991705157,16384,6144,0.2508138020833333,0.0
7500,seq-fp32,527,3,126,2.0194778442382812,0.00049987688681125,7.518703460693359,True,0.023064820998115465,16384,6144,0.265625,0.0
7500,seq-fp32,528,3,127,2.020495891571045,0.00049987688681125,5.8308234214782715,True,0.02327436399355065,16384,6144,0.2688802083333333,0.0
7500,seq-fp32,529,3,128,2.0652949810028076,0.00049987688681125,12.552068710327148,True,0.02317070799472276,16384,6144,0.2537434895833333,0.0
7500,seq-fp32,530,3,129,2.0617153644561768,0.00049987688681125,10.14369010925293,True,0.023081160004949197,16384,6144,0.2530924479166667,0.0
7500,seq-fp32,531,3,130,2.0404043197631836,0.00049987688681125,9.312724113464355,True,0.02294963999884203,16384,6144,0.2566731770833333,0.0
7500,seq-fp32,532,3,131,2.0139384269714355,0.00049987688681125,8.494380950927734,True,0.02323712399811484,16384,6144,0.2679036458333333,0.0
7500,seq-fp32,533,3,132,2.0673842430114746,0.00049987688681125,10.707067489624023,True,0.023225762997753918,16384,6144,0.25244140625,0.0
7500,seq-fp32,534,3,133,2.073427200317383,0.00049987688681125,9.047760963439941,True,0.022947521996684372,16384,6144,0.25048828125,0.0
7500,seq-fp32,535,3,134,2.026228189468384,0.00049987688681125,7.244772434234619,True,0.022776647994760424,16384,6144,0.2620442708333333,0.0
7500,seq-fp32,536,3,135,2.025092124938965,0.00049987688681125,6.799639701843262,True,0.022961244991165586,16384,6144,0.26416015625,0.0
7500,seq-fp32,537,3,136,2.113478183746338,0.00049987688681125,14.310325622558594,True,0.022927628000616096,16384,6144,0.240234375,0.0
7500,seq-fp32,538,3,137,2.091991901397705,0.00049987688681125,11.747466087341309,True,0.02278828900307417,16384,6144,0.24088541666666666,0.0
7500,seq-fp32,539,3,138,2.0595216751098633,0.00049987688681125,10.592182159423828,True,0.023028008989058435,16384,6144,0.24983723958333334,0.0
7500,seq-fp32,540,3,139,2.0656304359436035,0.00049987688681125,11.024900436401367,True,0.022808016001363285,16384,6144,0.251953125,0.0
7500,seq-fp32,541,3,140,2.022333860397339,0.00049987688681125,8.518436431884766,True,0.022838973003672436,16384,6144,0.26513671875,0.0
7500,seq-fp32,542,3,141,2.0884811878204346,0.00049987688681125,13.880772590637207,True,0.023078847996657714,16384,6144,0.24886067708333334,0.0
7500,seq-fp32,543,3,142,2.0928144454956055,0.00049987688681125,11.547406196594238,True,0.022990316996583715,16384,6144,0.24625651041666666,0.0
7500,seq-fp32,544,3,143,2.0488593578338623,0.00049987688681125,9.841204643249512,True,0.022988046999671496,16384,6144,0.2609049479166667,0.0
7500,seq-fp32,545,3,144,2.0201425552368164,0.00049987688681125,7.698330879211426,True,0.023489884013542905,16384,6144,0.2657877604166667,0.0
7500,seq-fp32,546,3,145,2.039586067199707,0.00049987688681125,10.732474327087402,True,0.02355800299847033,16384,6144,0.2604166666666667,0.0
7500,seq-fp32,547,3,146,2.009404420852661,0.00049987688681125,6.18720817565918,True,0.022997733001830056,16384,6144,0.2667643229166667,0.0
7500,seq-fp32,548,3,147,2.038463592529297,0.00049987688681125,8.284488677978516,True,0.022827940003480762,16384,6144,0.2574869791666667,0.0
7500,seq-fp32,549,3,148,2.021815776824951,0.00049987688681125,7.44830322265625,True,0.022746224000002258,16384,6144,0.26171875,0.0
7500,seq-fp32,550,3,149,2.078906774520874,0.00049987688681125,11.049540519714355,True,0.02260396799829323,16384,6144,0.2421875,0.0
7500,seq-fp32,551,3,150,2.0497820377349854,0.00049987688681125,8.6051664352417,True,0.022612631000811234,16384,6144,0.2542317708333333,0.0
7500,seq-fp32,552,3,151,2.0264391899108887,0.00049987688681125,10.546932220458984,True,0.02312927000457421,16384,6144,0.2604166666666667,0.0
7500,seq-fp32,553,3,152,2.0642166137695312,0.00049987688681125,7.762082099914551,True,0.02288620399485808,16384,6144,0.24918619791666666,0.0
7500,seq-fp32,554,3,153,2.039332151412964,0.00049987688681125,9.765957832336426,True,0.023040325002511963,16384,6144,0.26123046875,0.0
7500,seq-fp32,555,3,154,2.0319080352783203,0.00049987688681125,6.859932899475098,True,0.02280760501162149,16384,6144,0.2529296875,0.0
7500,seq-fp32,556,3,155,2.040544271469116,0.00049987688681125,7.939563751220703,True,0.022916943999007344,16384,6144,0.2574869791666667,0.0
7500,seq-fp32,557,3,156,2.0012078285217285,0.00049987688681125,5.129665374755859,True,0.023369158996501938,16384,6144,0.2628580729166667,0.0
7500,seq-fp32,558,3,157,2.2099900245666504,0.00049987688681125,19.8538875579834,True,0.02300378399377223,16384,6144,0.21826171875,0.0
7500,seq-fp32,559,3,158,2.253514289855957,0.00049987688681125,14.585009574890137,True,0.022898124996572733,16384,6144,0.2138671875,0.0
7500,seq-fp32,560,3,159,2.145918846130371,0.00049987688681125,15.268296241760254,True,0.022861486999318004,16384,6144,0.23697916666666666,0.0
7500,seq-fp32,561,3,160,2.1264395713806152,0.00049987688681125,11.021113395690918,True,0.022966418997384608,16384,6144,0.24088541666666666,0.0
7500,seq-fp32,562,3,161,2.1198973655700684,0.00049987688681125,15.21888542175293,True,0.022896063994267024,16384,6144,0.24137369791666666,0.0
7500,seq-fp32,563,3,162,2.0820960998535156,0.00049987688681125,11.175997734069824,True,0.023063130996888503,16384,6144,0.24820963541666666,0.0
7500,seq-fp32,564,3,163,2.107063055038452,0.00049987688681125,9.678610801696777,True,0.02268852300767321,16384,6144,0.248046875,0.0
7500,seq-fp32,565,3,164,2.0792148113250732,0.00049987688681125,7.931553363800049,True,0.023177784998551942,16384,6144,0.2530924479166667,0.0
7500,seq-fp32,566,3,165,2.063432216644287,0.00049987688681125,11.108247756958008,True,0.02326420600002166,16384,6144,0.2526041666666667,0.0
7500,seq-fp32,567,3,166,2.0770912170410156,0.00049987688681125,7.444634914398193,True,0.023052648990415037,16384,6144,0.24886067708333334,0.0
7500,seq-fp32,568,3,167,2.0333526134490967,0.00049987688681125,8.930861473083496,True,0.022944627999095246,16384,6144,0.2626953125,0.0
7500,seq-fp32,569,3,168,2.0135459899902344,0.00049987688681125,7.134263515472412,True,0.022812882001744583,16384,6144,0.2648111979166667,0.0
7500,seq-fp32,570,3,169,2.0484466552734375,0.00049987688681125,14.275069236755371,True,0.023047327995300293,16384,6144,0.2522786458333333,0.0
7500,seq-fp32,571,3,170,2.057252883911133,0.00049987688681125,7.5947771072387695,True,0.022728950003511272,16384,6144,0.24772135416666666,0.0
7500,seq-fp32,572,3,171,2.017066478729248,0.00049987688681125,9.750113487243652,True,0.022664985997835174,16384,6144,0.2574869791666667,0.0
7500,seq-fp32,573,3,172,2.072648525238037,0.00049987688681125,15.513547897338867,True,0.022822746992460452,16384,6144,0.24186197916666666,0.0
7500,seq-fp32,574,3,173,2.0054290294647217,0.00049987688681125,7.648125171661377,True,0.022776849000365473,16384,6144,0.2586263020833333,0.0
7500,seq-fp32,575,3,174,2.1751010417938232,0.00049987688681125,20.212162017822266,True,0.02291969399084337,16384,6144,0.2236328125,0.0
7500,seq-fp32,576,3,175,2.195758819580078,0.00049987688681125,13.374564170837402,True,0.022988270997302607,16384,6144,0.22542317708333334,0.0
7500,seq-fp32,577,3,176,2.1371867656707764,0.00049987688681125,15.323948860168457,True,0.023105164000298828,16384,6144,0.23567708333333334,0.0
7500,seq-fp32,578,3,177,2.1007776260375977,0.00049987688681125,19.026107788085938,True,0.023004114991636015,16384,6144,0.23860677083333334,0.0
7500,seq-fp32,579,3,178,2.0904645919799805,0.00049987688681125,11.331742286682129,True,0.02297005499713123,16384,6144,0.24788411458333334,0.0
7500,seq-fp32,580,3,179,2.116058826446533,0.00049987688681125,16.10927391052246,True,0.023414267008774914,16384,6144,0.23844401041666666,0.0
7500,seq-fp32,581,3,180,2.0433273315429688,0.00049987688681125,9.701225280761719,True,0.023508804995799437,16384,6144,0.2609049479166667,0.0
7500,seq-fp32,582,3,181,2.1708245277404785,0.00049987688681125,18.529048919677734,True,0.023152979993028566,16384,6144,0.22998046875,0.0
7500,seq-fp32,583,3,182,2.1984193325042725,0.00049987688681125,17.713645935058594,True,0.023056058009387925,16384,6144,0.22347005208333334,0.0
7500,seq-fp32,584,3,183,2.055966377258301,0.00049987688681125,7.964297294616699,True,0.022934255001018755,16384,6144,0.259765625,0.0
7500,seq-fp32,585,3,184,2.1518096923828125,0.00049987688681125,15.79826545715332,True,0.02285062499868218,16384,6144,0.2275390625,0.0
7500,seq-fp32,586,3,185,2.2556514739990234,0.00049987688681125,16.721019744873047,True,0.02301051800895948,16384,6144,0.2109375,0.0
7500,seq-fp32,587,3,186,2.110710620880127,0.00049987688681125,13.299433708190918,True,0.022846009000204504,16384,6144,0.24479166666666666,0.0
7500,seq-fp32,588,3,187,2.0745935440063477,0.00049987688681125,10.800928115844727,True,0.02262242100550793,16384,6144,0.24788411458333334,0.0
7500,seq-fp32,589,3,188,2.116558074951172,0.00049987688681125,12.313467025756836,True,0.02263091401255224,16384,6144,0.24300130208333334,0.0
7500,seq-fp32,590,3,189,2.065265655517578,0.00049987688681125,7.330322265625,True,0.022445210997830145,16384,6144,0.2555338541666667,0.0
7500,seq-fp32,591,3,190,2.026536464691162,0.00049987688681125,7.7727227210998535,True,0.022526021988596767,16384,6144,0.2659505208333333,0.0
7500,seq-fp32,592,3,191,2.095734119415283,0.00049987688681125,9.008663177490234,True,0.022875916998600587,16384,6144,0.23974609375,0.0
7500,seq-fp32,593,3,192,2.0052573680877686,0.00049987688681125,6.491487503051758,True,0.022981032001553103,16384,6144,0.2666015625,0.0
7500,seq-fp32,594,3,193,2.0938591957092285,0.00049987688681125,11.49699592590332,True,0.0225607539905468,16384,6144,0.24251302083333334,0.0
7500,seq-fp32,595,3,194,2.147904872894287,0.00049987688681125,10.349506378173828,True,0.02253021000069566,16384,6144,0.22623697916666666,0.0
7500,seq-fp32,596,3,195,2.022627353668213,0.00049987688681125,13.092544555664062,True,0.022750550997443497,16384,6144,0.2633463541666667,0.0
7500,seq-fp32,597,3,196,2.023000717163086,0.00049987688681125,9.608109474182129,True,0.022795812008553185,16384,6144,0.2555338541666667,0.0
7500,seq-fp32,598,3,197,2.10304594039917,0.00049987688681125,20.218564987182617,True,0.0229688690014882,16384,6144,0.24625651041666666,0.0
7500,seq-fp32,599,3,198,2.0569894313812256,0.00049987688681125,15.839496612548828,True,0.02363491700089071,16384,6144,0.25390625,0.0
7500,seq-fp32,600,3,199,1.989269495010376,0.00049987688681125,8.014090538024902,True,0.02336190899950452,16384,6144,0.2639973958333333,0.0
7500,seq-fp32,601,4,0,1.9752702713012695,0.0004997230238030115,10.532422065734863,True,0.023210911007481627,16384,6144,0.2657877604166667,0.0
7500,seq-fp32,602,4,1,2.002267599105835,0.0004997230238030115,13.408162117004395,True,0.022786861009080894,16384,6144,0.2626953125,0.0
7500,seq-fp32,603,4,2,1.9594453573226929,0.0004997230238030115,5.137518882751465,True,0.022710702993208542,16384,6144,0.2687174479166667,0.0
7500,seq-fp32,604,4,3,2.0724692344665527,0.0004997230238030115,17.98520278930664,True,0.022673487008432858,16384,6144,0.2451171875,0.0
7500,seq-fp32,605,4,4,2.089810848236084,0.0004997230238030115,10.020720481872559,True,0.02281047399446834,16384,6144,0.2333984375,0.0
7500,seq-fp32,606,4,5,2.0568456649780273,0.0004997230238030115,15.117352485656738,True,0.022937779998756014,16384,6144,0.25146484375,0.0
7500,seq-fp32,607,4,6,1.9936285018920898,0.0004997230238030115,13.037774085998535,True,0.023530784994363785,16384,6144,0.2659505208333333,0.0
7500,seq-fp32,608,4,7,2.1099789142608643,0.0004997230238030115,16.512914657592773,True,0.02352264799992554,16384,6144,0.23893229166666666,0.0
7500,seq-fp32,609,4,8,2.1003198623657227,0.0004997230238030115,16.1911678314209,True,0.022909491002792493,16384,6144,0.23974609375,0.0
7500,seq-fp32,610,4,9,1.999700903892517,0.0004997230238030115,7.020334720611572,True,0.023067352012731135,16384,6144,0.2688802083333333,0.0
7500,seq-fp32,611,4,10,1.95448637008667,0.0004997230238030115,4.564267158508301,True,0.023150966997491196,16384,6144,0.2828776041666667,0.0
7500,seq-fp32,612,4,11,1.9808225631713867,0.0004997230238030115,9.891990661621094,True,0.022836646996438503,16384,6144,0.2633463541666667,0.0
7500,seq-fp32,613,4,12,2.0038936138153076,0.0004997230238030115,6.006511211395264,True,0.02303838099760469,16384,6144,0.263671875,0.0
7500,seq-fp32,614,4,13,1.9422801733016968,0.0004997230238030115,4.569263458251953,True,0.02287369100668002,16384,6144,0.27685546875,0.0
7500,seq-fp32,615,4,14,1.9603843688964844,0.0004997230238030115,11.457134246826172,True,0.022878622999996878,16384,6144,0.2713216145833333,0.0
7500,seq-fp32,616,4,15,2.003077983856201,0.0004997230238030115,9.400923728942871,True,0.02309661399340257,16384,6144,0.26611328125,0.0
7500,seq-fp32,617,4,16,1.9390901327133179,0.0004997230238030115,3.9559590816497803,True,0.0229193889972521,16384,6144,0.2784830729166667,0.0
7500,seq-fp32,618,4,17,1.9428870677947998,0.0004997230238030115,7.349499702453613,True,0.02323670100304298,16384,6144,0.2799479166666667,0.0
7500,seq-fp32,619,4,18,2.059722900390625,0.0004997230238030115,19.967571258544922,True,0.023436666000634432,16384,6144,0.2509765625,0.0
7500,seq-fp32,620,4,19,2.048508405685425,0.0004997230238030115,10.909646034240723,True,0.023087845998816192,16384,6144,0.2535807291666667,0.0
7500,seq-fp32,621,4,20,2.136033058166504,0.0004997230238030115,20.768285751342773,True,0.0227763699949719,16384,6144,0.23649088541666666,0.0
7500,seq-fp32,622,4,21,2.0643129348754883,0.0004997230238030115,14.207745552062988,True,0.0226560630107997,16384,6144,0.24462890625,0.0
7500,seq-fp32,623,4,22,2.124654531478882,0.0004997230238030115,16.229049682617188,True,0.02284849098941777,16384,6144,0.24202473958333334,0.0
7500,seq-fp32,624,4,23,2.068506956100464,0.0004997230238030115,14.420326232910156,True,0.022829691995866597,16384,6144,0.24495442708333334,0.0
7500,seq-fp32,625,4,24,2.109715223312378,0.0004997230238030115,17.147891998291016,True,0.02284443800454028,16384,6144,0.23828125,0.0
7500,seq-fp32,626,4,25,2.0889780521392822,0.0004997230238030115,16.181734085083008,True,0.022636349996901117,16384,6144,0.24332682291666666,0.0
7500,seq-fp32,627,4,26,2.0040900707244873,0.0004997230238030115,4.52951192855835,True,0.02268062399525661,16384,6144,0.2736002604166667,0.0
7500,seq-fp32,628,4,27,1.9860525131225586,0.0004997230238030115,6.684875011444092,True,0.022727354007656686,16384,6144,0.27783203125,0.0
7500,seq-fp32,629,4,28,1.9640854597091675,0.0004997230238030115,6.6071929931640625,True,0.02289927400124725,16384,6144,0.27685546875,0.0
7500,seq-fp32,630,4,29,1.946062445640564,0.0004997230238030115,5.357490539550781,True,0.022894587003975175,16384,6144,0.27392578125,0.0
7500,seq-fp32,631,4,30,2.0781383514404297,0.0004997230238030115,22.007125854492188,True,0.02356602299551014,16384,6144,0.24072265625,0.0
7500,seq-fp32,632,4,31,2.036581039428711,0.0004997230238030115,16.633140563964844,True,0.02346613400732167,16384,6144,0.2579752604166667,0.0
7500,seq-fp32,633,4,32,2.036428213119507,0.0004997230238030115,16.47701072692871,True,0.022958146990276873,16384,6144,0.2584635416666667,0.0
7500,seq-fp32,634,4,33,1.9908612966537476,0.0004997230238030115,16.873327255249023,True,0.02323846700892318,16384,6144,0.2696940104166667,0.0
7500,seq-fp32,635,4,34,1.9788098335266113,0.0004997230238030115,15.412684440612793,True,0.023305203998461366,16384,6144,0.2635091145833333,0.0
7500,seq-fp32,636,4,35,1.9487351179122925,0.0004997230238030115,8.212370872497559,True,0.02290283799811732,16384,6144,0.2664388020833333,0.0
7500,seq-fp32,637,4,36,2.078127384185791,0.0004997230238030115,23.415821075439453,True,0.023339167004451156,16384,6144,0.24544270833333334,0.0
7500,seq-fp32,638,4,37,2.119100332260132,0.0004997230238030115,22.27260971069336,True,0.02351109699520748,16384,6144,0.23665364583333334,0.0
7500,seq-fp32,639,4,38,1.9821372032165527,0.0004997230238030115,8.494746208190918,True,0.023101965998648666,16384,6144,0.2667643229166667,0.0
7500,seq-fp32,640,4,39,1.978052020072937,0.0004997230238030115,15.565571784973145,True,0.02281310899707023,16384,6144,0.2683919270833333,0.0
7500,seq-fp32,641,4,40,2.0116353034973145,0.0004997230238030115,11.288765907287598,True,0.022801746003096923,16384,6144,0.2613932291666667,0.0
7500,seq-fp32,642,4,41,1.93942391872406,0.0004997230238030115,9.688641548156738,True,0.02259867000975646,16384,6144,0.2835286458333333,0.0
7500,seq-fp32,643,4,42,2.0013926029205322,0.0004997230238030115,18.53335189819336,True,0.022538563993293792,16384,6144,0.2615559895833333,0.0
7500,seq-fp32,644,4,43,2.0397446155548096,0.0004997230238030115,13.798123359680176,True,0.02253493299940601,16384,6144,0.251953125,0.0
7500,seq-fp32,645,4,44,2.003223180770874,0.0004997230238030115,14.048932075500488,True,0.022796617005951703,16384,6144,0.2607421875,0.0
7500,seq-fp32,646,4,45,1.9492909908294678,0.0004997230238030115,9.364195823669434,True,0.022649246995570138,16384,6144,0.2726236979166667,0.0
7500,seq-fp32,647,4,46,2.0762600898742676,0.0004997230238030115,18.67521095275879,True,0.022686326003167778,16384,6144,0.23453776041666666,0.0
7500,seq-fp32,648,4,47,2.055208206176758,0.0004997230238030115,17.435914993286133,True,0.022680813999613747,16384,6144,0.24186197916666666,0.0
7500,seq-fp32,649,4,48,1.945986032485962,0.0004997230238030115,10.285099983215332,True,0.022639602000708692,16384,6144,0.2755533854166667,0.0
7500,seq-fp32,650,4,49,1.9258792400360107,0.0004997230238030115,8.175920486450195,True,0.022771748001105152,16384,6144,0.2882486979166667,0.0
7500,seq-fp32,651,4,50,2.0160958766937256,0.0004997230238030115,19.071043014526367,True,0.0227750790072605,16384,6144,0.2596028645833333,0.0
7500,seq-fp32,652,4,51,1.9988019466400146,0.0004997230238030115,17.168529510498047,True,0.02303894399665296,16384,6144,0.2579752604166667,0.0
7500,seq-fp32,653,4,52,1.9275274276733398,0.0004997230238030115,10.805262565612793,True,0.0228633520018775,16384,6144,0.2845052083333333,0.0
7500,seq-fp32,654,4,53,1.9114387035369873,0.0004997230238030115,10.798599243164062,True,0.023226514997077174,16384,6144,0.2854817708333333,0.0
7500,seq-fp32,655,4,54,1.986281156539917,0.0004997230238030115,17.438926696777344,True,0.02294981099839788,16384,6144,0.2620442708333333,0.0
7500,seq-fp32,656,4,55,1.94766366481781,0.0004997230238030115,13.450350761413574,True,0.023131351001211442,16384,6144,0.26953125,0.0
7500,seq-fp32,657,4,56,1.9980754852294922,0.0004997230238030115,20.98431968688965,True,0.02343608498631511,16384,6144,0.2610677083333333,0.0
7500,seq-fp32,658,4,57,2.008174180984497,0.0004997230238030115,20.822980880737305,True,0.023180114993010648,16384,6144,0.2556966145833333,0.0
7500,seq-fp32,659,4,58,1.9277112483978271,0.0004997230238030115,11.473041534423828,True,0.022997618987574242,16384,6144,0.283203125,0.0
7500,seq-fp32,660,4,59,1.945159912109375,0.0004997230238030115,17.371444702148438,True,0.022898867988260463,16384,6144,0.2713216145833333,0.0
7500,seq-fp32,661,4,60,1.9405784606933594,0.0004997230238030115,14.067679405212402,True,0.022652685991488397,16384,6144,0.2706705729166667,0.0
7500,seq-fp32,662,4,61,1.8894128799438477,0.0004997230238030115,10.250503540039062,True,0.02279780500975903,16384,6144,0.2874348958333333,0.0
7500,seq-fp32,663,4,62,1.9210028648376465,0.0004997230238030115,14.978235244750977,True,0.02284363099897746,16384,6144,0.2845052083333333,0.0
7500,seq-fp32,664,4,63,1.8604063987731934,0.0004997230238030115,10.452178001403809,True,0.022777666003094055,16384,6144,0.2902018229166667,0.0
7500,seq-fp32,665,4,64,2.05997896194458,0.0004997230238030115,25.590320587158203,True,0.022790235001593828,16384,6144,0.2509765625,0.0
7500,seq-fp32,666,4,65,2.0848639011383057,0.0004997230238030115,27.0322208404541,True,0.02261925498896744,16384,6144,0.2470703125,0.0
7500,seq-fp32,667,4,66,1.8468698263168335,0.0004997230238030115,5.553880214691162,True,0.02305123799305875,16384,6144,0.2989908854166667,0.0
7500,seq-fp32,668,4,67,2.2756433486938477,0.0004997230238030115,30.445640563964844,True,0.02326710599299986,16384,6144,0.21956380208333334,0.0
7500,seq-fp32,669,4,68,2.4846138954162598,0.0004997230238030115,23.398733139038086,True,0.022842017002403736,16384,6144,0.18570963541666666,0.0
7500,seq-fp32,670,4,69,2.2643017768859863,0.0004997230238030115,18.536603927612305,True,0.022781669002142735,16384,6144,0.22086588541666666,0.0
7500,seq-fp32,671,4,70,2.0705697536468506,0.0004997230238030115,12.09381103515625,True,0.022855484014144167,16384,6144,0.23844401041666666,0.0
7500,seq-fp32,672,4,71,2.116826057434082,0.0004997230238030115,16.291847229003906,True,0.02282630499394145,16384,6144,0.23681640625,0.0
7500,seq-fp32,673,4,72,2.218977451324463,0.0004997230238030115,15.287030220031738,True,0.022795159995439462,16384,6144,0.21028645833333334,0.0
7500,seq-fp32,674,4,73,2.103713035583496,0.0004997230238030115,11.772610664367676,True,0.022711466008331627,16384,6144,0.23828125,0.0
7500,seq-fp32,675,4,74,1.982357382774353,0.0004997230238030115,5.651425361633301,True,0.022625706988037564,16384,6144,0.2750651041666667,0.0
7500,seq-fp32,676,4,75,2.0197970867156982,0.0004997230238030115,7.536619663238525,True,0.022900009993463755,16384,6144,0.2628580729166667,0.0
7500,seq-fp32,677,4,76,1.9830358028411865,0.0004997230238030115,7.671180725097656,True,0.023279172004549764,16384,6144,0.2705078125,0.0
7500,seq-fp32,678,4,77,1.9329118728637695,0.0004997230238030115,7.023384094238281,True,0.022811271992395632,16384,6144,0.2828776041666667,0.0
7500,seq-fp32,679,4,78,1.9487193822860718,0.0004997230238030115,6.137298583984375,True,0.0231706549966475,16384,6144,0.28076171875,0.0
7500,seq-fp32,680,4,79,1.915692687034607,0.0004997230238030115,9.884819030761719,True,0.023411261005094275,16384,6144,0.28173828125,0.0
7500,seq-fp32,681,4,80,1.922511100769043,0.0004997230238030115,6.410558223724365,True,0.02317091400618665,16384,6144,0.2734375,0.0
7500,seq-fp32,682,4,81,1.8773425817489624,0.0004997230238030115,4.360047340393066,True,0.02286524100054521,16384,6144,0.2908528645833333,0.0
7500,seq-fp32,683,4,82,1.8972686529159546,0.0004997230238030115,12.860897064208984,True,0.022731666002073325,16384,6144,0.28173828125,0.0
7500,seq-fp32,684,4,83,1.9336694478988647,0.0004997230238030115,14.310325622558594,True,0.02286052898853086,16384,6144,0.2732747395833333,0.0
7500,seq-fp32,685,4,84,1.923492193222046,0.0004997230238030115,5.072865009307861,True,0.02279446300235577,16384,6144,0.2722981770833333,0.0
7500,seq-fp32,686,4,85,1.8839772939682007,0.0004997230238030115,10.229780197143555,True,0.02277736300311517,16384,6144,0.2928059895833333,0.0
7500,seq-fp32,687,4,86,1.9739341735839844,0.0004997230238030115,21.872995376586914,True,0.022671127997455187,16384,6144,0.2687174479166667,0.0
7500,seq-fp32,688,4,87,1.9323673248291016,0.0004997230238030115,9.556852340698242,True,0.02282009201007895,16384,6144,0.2796223958333333,0.0
7500,seq-fp32,689,4,88,2.1323652267456055,0.0004997230238030115,29.610614776611328,True,0.022954457002924755,16384,6144,0.23453776041666666,0.0
7500,seq-fp32,690,4,89,2.149157762527466,0.0004997230238030115,24.828237533569336,True,0.022938203997910023,16384,6144,0.23697916666666666,0.0
7500,seq-fp32,691,4,90,2.0014073848724365,0.0004997230238030115,11.169051170349121,True,0.0231286009948235,16384,6144,0.2692057291666667,0.0
7500,seq-fp32,692,4,91,2.0284736156463623,0.0004997230238030115,22.741411209106445,True,0.022882372999447398,16384,6144,0.25634765625,0.0
7500,seq-fp32,693,4,92,2.0531201362609863,0.0004997230238030115,14.341215133666992,True,0.023127088003093377,16384,6144,0.2537434895833333,0.0
7500,seq-fp32,694,4,93,1.9641165733337402,0.0004997230238030115,17.383136749267578,True,0.022980627007200383,16384,6144,0.2718098958333333,0.0
7500,seq-fp32,695,4,94,1.968646764755249,0.0004997230238030115,9.107378005981445,True,0.023336522004683502,16384,6144,0.2742513020833333,0.0
7500,seq-fp32,696,4,95,1.9707775115966797,0.0004997230238030115,16.771400451660156,True,0.0229816600040067,16384,6144,0.2727864583333333,0.0
7500,seq-fp32,697,4,96,1.9650777578353882,0.0004997230238030115,14.107959747314453,True,0.022923886994249187,16384,6144,0.2648111979166667,0.0
7500,seq-fp32,698,4,97,1.9867124557495117,0.0004997230238030115,15.186930656433105,True,0.02317406900692731,16384,6144,0.26904296875,0.0
7500,seq-fp32,699,4,98,2.0074033737182617,0.0004997230238030115,17.88967514038086,True,0.023609511001268402,16384,6144,0.2571614583333333,0.0
7500,seq-fp32,700,4,99,1.8834798336029053,0.0004997230238030115,6.197146415710449,True,0.023341913998592645,16384,6144,0.2972005208333333,0.0
7500,seq-fp32,701,4,100,1.8458102941513062,0.0004997230238030115,5.107202053070068,True,0.023118907993193716,16384,6144,0.3019205729166667,0.0
7500,seq-fp32,702,4,101,1.9211481809616089,0.0004997230238030115,17.835493087768555,True,0.022888056002557278,16384,6144,0.2848307291666667,0.0
7500,seq-fp32,703,4,102,1.9104790687561035,0.0004997230238030115,12.310428619384766,True,0.02246814100362826,16384,6144,0.2799479166666667,0.0
7500,seq-fp32,704,4,103,1.9324226379394531,0.0004997230238030115,17.78102684020996,True,0.022524707004777156,16384,6144,0.27734375,0.0
7500,seq-fp32,705,4,104,1.9435639381408691,0.0004997230238030115,18.25948715209961,True,0.022602773999096826,16384,6144,0.2822265625,0.0
7500,seq-fp32,706,4,105,1.908829689025879,0.0004997230238030115,13.757678031921387,True,0.022635800996795297,16384,6144,0.2820638020833333,0.0
7500,seq-fp32,707,4,106,1.84439218044281,0.0004997230238030115,8.820661544799805,True,0.022706733012455516,16384,6144,0.2952473958333333,0.0
7500,seq-fp32,708,4,107,1.8832454681396484,0.0004997230238030115,17.39423942565918,True,0.023166575003415346,16384,6144,0.2890625,0.0
7500,seq-fp32,709,4,108,1.8062658309936523,0.0004997230238030115,6.380560398101807,True,0.0231673829985084,16384,6144,0.306640625,0.0
7500,seq-fp32,710,4,109,1.9762800931930542,0.0004997230238030115,25.315122604370117,True,0.022973318002186716,16384,6144,0.2561848958333333,0.0
7500,seq-fp32,711,4,110,1.9611866474151611,0.0004997230238030115,22.09771156311035,True,0.02282229899719823,16384,6144,0.259765625,0.0
7500,seq-fp32,712,4,111,1.91270112991333,0.0004997230238030115,16.01885223388672,True,0.023042000000714324,16384,6144,0.2740885416666667,0.0
7500,seq-fp32,713,4,112,1.8533859252929688,0.0004997230238030115,11.448974609375,True,0.02309288400283549,16384,6144,0.2998046875,0.0
7500,seq-fp32,714,4,113,1.8695237636566162,0.0004997230238030115,14.426263809204102,True,0.023149165994254872,16384,6144,0.2854817708333333,0.0
7500,seq-fp32,715,4,114,1.7968368530273438,0.0004997230238030115,5.732312202453613,True,0.023085105000063777,16384,6144,0.3095703125,0.0
7500,seq-fp32,716,4,115,1.858751654624939,0.0004997230238030115,12.236839294433594,True,0.023342068991041742,16384,6144,0.2916666666666667,0.0
7500,seq-fp32,717,4,116,1.8836538791656494,0.0004997230238030115,11.586092948913574,True,0.023564154005725868,16384,6144,0.2820638020833333,0.0
7500,seq-fp32,718,4,117,1.77274751663208,0.0004997230238030115,4.452056884765625,True,0.023305419003008865,16384,6144,0.314453125,0.0
7500,seq-fp32,719,4,118,1.8325815200805664,0.0004997230238030115,7.44668436050415,True,0.023035941005218774,16384,6144,0.2936197916666667,0.0
7500,seq-fp32,720,4,119,1.803084135055542,0.0004997230238030115,7.102728366851807,True,0.022796457007643767,16384,6144,0.3063151041666667,0.0
7500,seq-fp32,721,4,120,1.8683347702026367,0.0004997230238030115,19.634639739990234,True,0.022772658005123958,16384,6144,0.28759765625,0.0
7500,seq-fp32,722,4,121,1.8483567237854004,0.0004997230238030115,6.003982067108154,True,0.022980161011219025,16384,6144,0.2952473958333333,0.0
7500,seq-fp32,723,4,122,1.8089144229888916,0.0004997230238030115,17.00111961364746,True,0.022889974003192037,16384,6144,0.2967122395833333,0.0
7500,seq-fp32,724,4,123,1.850945234298706,0.0004997230238030115,9.593772888183594,True,0.0231210759957321,16384,6144,0.29541015625,0.0
7500,seq-fp32,725,4,124,1.8591127395629883,0.0004997230238030115,8.943474769592285,True,0.02280455600703135,16384,6144,0.2823893229166667,0.0
7500,seq-fp32,726,4,125,1.7987178564071655,0.0004997230238030115,9.725751876831055,True,0.022763590997783467,16384,6144,0.3019205729166667,0.0
7500,seq-fp32,727,4,126,1.8634586334228516,0.0004997230238030115,23.503704071044922,True,0.023695807001786307,16384,6144,0.2869466145833333,0.0
7500,seq-fp32,728,4,127,1.8455041646957397,0.0004997230238030115,10.910356521606445,True,0.023114633993827738,16384,6144,0.29345703125,0.0
7500,seq-fp32,729,4,128,2.087383270263672,0.0004997230238030115,32.93231964111328,True,0.02302636200329289,16384,6144,0.24365234375,0.0
7500,seq-fp32,730,4,129,2.111295700073242,0.0004997230238030115,29.53668785095215,True,0.022844242994324304,16384,6144,0.24397786458333334,0.0
7500,seq-fp32,731,4,130,1.9091300964355469,0.0004997230238030115,11.855133056640625,True,0.022787452006014064,16384,6144,0.2869466145833333,0.0
7500,seq-fp32,732,4,131,2.138854742050171,0.0004997230238030115,35.31757354736328,True,0.022886140999617055,16384,6144,0.24072265625,0.0
7500,seq-fp32,733,4,132,2.1888890266418457,0.0004997230238030115,29.319738388061523,True,0.022810003996710293,16384,6144,0.23893229166666666,0.0
7500,seq-fp32,734,4,133,2.041452407836914,0.0004997230238030115,17.566829681396484,True,0.02299715598928742,16384,6144,0.2542317708333333,0.0
7500,seq-fp32,735,4,134,1.9814565181732178,0.0004997230238030115,15.586589813232422,True,0.022973640996497124,16384,6144,0.2677408854166667,0.0
7500,seq-fp32,736,4,135,1.9467332363128662,0.0004997230238030115,14.357963562011719,True,0.02287899599468801,16384,6144,0.26953125,0.0
7500,seq-fp32,737,4,136,1.9874334335327148,0.0004997230238030115,17.16674041748047,True,0.023074165990692563,16384,6144,0.2666015625,0.0
7500,seq-fp32,738,4,137,1.8840751647949219,0.0004997230238030115,8.135903358459473,True,0.02327020899974741,16384,6144,0.2841796875,0.0
7500,seq-fp32,739,4,138,1.87860906124115,0.0004997230238030115,14.53036880493164,True,0.023307840005145408,16384,6144,0.2945963541666667,0.0
7500,seq-fp32,740,4,139,1.8845727443695068,0.0004997230238030115,8.878384590148926,True,0.02295251499162987,16384,6144,0.2838541666666667,0.0
7500,seq-fp32,741,4,140,1.8046448230743408,0.0004997230238030115,5.140438079833984,True,0.022709508004481904,16384,6144,0.3113606770833333,0.0
7500,seq-fp32,742,4,141,2.021104335784912,0.0004997230238030115,18.938949584960938,True,0.022749720999854617,16384,6144,0.25341796875,0.0
7500,seq-fp32,743,4,142,2.077120780944824,0.0004997230238030115,12.607921600341797,True,0.022651538005447946,16384,6144,0.23681640625,0.0
7500,seq-fp32,744,4,143,1.9802125692367554,0.0004997230238030115,19.760326385498047,True,0.02259615699585993,16384,6144,0.2605794270833333,0.0
7500,seq-fp32,745,4,144,1.8957014083862305,0.0004997230238030115,13.192907333374023,True,0.022630065999692306,16384,6144,0.2814127604166667,0.0
7500,seq-fp32,746,4,145,2.029299736022949,0.0004997230238030115,20.554445266723633,True,0.022878360003232956,16384,6144,0.2506510416666667,0.0
7500,seq-fp32,747,4,146,2.0503058433532715,0.0004997230238030115,19.639530181884766,True,0.023039589999825694,16384,6144,0.24772135416666666,0.0
7500,seq-fp32,748,4,147,1.8903402090072632,0.0004997230238030115,9.474138259887695,True,0.022863149002660066,16384,6144,0.2804361979166667,0.0
7500,seq-fp32,749,4,148,1.8885297775268555,0.0004997230238030115,20.107263565063477,True,0.023095713986549526,16384,6144,0.2841796875,0.0
7500,seq-fp32,750,4,149,1.9692015647888184,0.0004997230238030115,13.18807601928711,True,0.022944132011616603,16384,6144,0.2537434895833333,0.0
7500,seq-fp32,751,4,150,1.8881168365478516,0.0004997230238030115,13.035964012145996,True,0.023042164000798948,16384,6144,0.2789713541666667,0.0
7500,seq-fp32,752,4,151,1.8493461608886719,0.0004997230238030115,13.316689491271973,True,0.022733363992301747,16384,6144,0.294921875,0.0
7500,seq-fp32,753,4,152,1.8445748090744019,0.0004997230238030115,8.70925235748291,True,0.022754057004931383,16384,6144,0.2880859375,0.0
7500,seq-fp32,754,4,153,1.9499261379241943,0.0004997230238030115,22.501853942871094,True,0.02305666900065262,16384,6144,0.2613932291666667,0.0
7500,seq-fp32,755,4,154,1.9049746990203857,0.0004997230238030115,17.349149703979492,True,0.02302150201285258,16384,6144,0.279296875,0.0
7500,seq-fp32,756,4,155,1.930010199546814,0.0004997230238030115,20.4095516204834,True,0.023335485995630734,16384,6144,0.2862955729166667,0.0
7500,seq-fp32,757,4,156,1.9368529319763184,0.0004997230238030115,20.21835708618164,True,0.023229159996844828,16384,6144,0.2732747395833333,0.0
7500,seq-fp32,758,4,157,1.928299903869629,0.0004997230238030115,15.115686416625977,True,0.02336820498749148,16384,6144,0.27734375,0.0
7500,seq-fp32,759,4,158,1.8134607076644897,0.0004997230238030115,9.085648536682129,True,0.0234699619904859,16384,6144,0.3059895833333333,0.0
7500,seq-fp32,760,4,159,2.018641948699951,0.0004997230238030115,25.76490020751953,True,0.022915394001756795,16384,6144,0.24983723958333334,0.0
7500,seq-fp32,761,4,160,2.0263285636901855,0.0004997230238030115,23.49564552307129,True,0.022666339005809277,16384,6144,0.2521158854166667,0.0
7500,seq-fp32,762,4,161,1.8528087139129639,0.0004997230238030115,10.833181381225586,True,0.02280942899233196,16384,6144,0.2845052083333333,0.0
7500,seq-fp32,763,4,162,1.8841753005981445,0.0004997230238030115,15.557025909423828,True,0.02284616000542883,16384,6144,0.2869466145833333,0.0
7500,seq-fp32,764,4,163,1.8796758651733398,0.0004997230238030115,12.434050559997559,True,0.02280796700506471,16384,6144,0.2796223958333333,0.0
7500,seq-fp32,765,4,164,1.8522005081176758,0.0004997230238030115,14.364225387573242,True,0.023010399003396742,16384,6144,0.2864583333333333,0.0
7500,seq-fp32,766,4,165,1.8640196323394775,0.0004997230238030115,18.031404495239258,True,0.022868350002681836,16384,6144,0.2877604166666667,0.0
7500,seq-fp32,767,4,166,1.8058815002441406,0.0004997230238030115,13.563508987426758,True,0.023040653992211446,16384,6144,0.3015950520833333,0.0
7500,seq-fp32,768,4,167,1.831447958946228,0.0004997230238030115,15.396997451782227,True,0.022790846996940672,16384,6144,0.2957356770833333,0.0
7500,seq-fp32,769,4,168,1.8161505460739136,0.0004997230238030115,12.79926872253418,True,0.023007547002634965,16384,6144,0.2980143229166667,0.0
7500,seq-fp32,770,4,169,1.8194421529769897,0.0004997230238030115,17.236562728881836,True,0.023083611988113262,16384,6144,0.298828125,0.0
7500,seq-fp32,771,4,170,1.8010896444320679,0.0004997230238030115,10.200855255126953,True,0.023172777000581846,16384,6144,0.2981770833333333,0.0
7500,seq-fp32,772,4,171,1.778257131576538,0.0004997230238030115,15.371626853942871,True,0.023158836003858596,16384,6144,0.3077799479166667,0.0
7500,seq-fp32,773,4,172,1.8067965507507324,0.0004997230238030115,11.395711898803711,True,0.02282406399899628,16384,6144,0.2957356770833333,0.0
7500,seq-fp32,774,4,173,1.7434167861938477,0.0004997230238030115,4.570353031158447,True,0.023476400005165488,16384,6144,0.3136393229166667,0.0
7500,seq-fp32,775,4,174,1.8484642505645752,0.0004997230238030115,19.50135612487793,True,0.023537942994153127,16384,6144,0.291015625,0.0
7500,seq-fp32,776,4,175,1.8900794982910156,0.0004997230238030115,10.297600746154785,True,0.023230022998177446,16384,6144,0.2732747395833333,0.0
7500,seq-fp32,777,4,176,1.767885446548462,0.0004997230238030115,10.000021934509277,True,0.022988623997662216,16384,6144,0.3046875,0.0
7500,seq-fp32,778,4,177,1.8771438598632812,0.0004997230238030115,23.37131690979004,True,0.02279883000301197,16384,6144,0.2848307291666667,0.0
7500,seq-fp32,779,4,178,1.9066181182861328,0.0004997230238030115,15.152497291564941,True,0.022899279996636324,16384,6144,0.2736002604166667,0.0
7500,seq-fp32,780,4,179,2.0373990535736084,0.0004997230238030115,26.538616180419922,True,0.02267022299929522,16384,6144,0.248046875,0.0
7500,seq-fp32,781,4,180,2.0013930797576904,0.0004997230238030115,28.812997817993164,True,0.022632148989941925,16384,6144,0.2609049479166667,0.0
7500,seq-fp32,782,4,181,1.8096163272857666,0.0004997230238030115,9.06331729888916,True,0.022643799995421432,16384,6144,0.3035481770833333,0.0
7500,seq-fp32,783,4,182,1.7853965759277344,0.0004997230238030115,13.824651718139648,True,0.022523998995893635,16384,6144,0.3033854166666667,0.0
7500,seq-fp32,784,4,183,1.822892189025879,0.0004997230238030115,19.471181869506836,True,0.022644638011115603,16384,6144,0.2903645833333333,0.0
7500,seq-fp32,785,4,184,1.8242934942245483,0.0004997230238030115,11.424345970153809,True,0.022547544009285048,16384,6144,0.3011067708333333,0.0
7500,seq-fp32,786,4,185,1.922582983970642,0.0004997230238030115,25.780330657958984,True,0.022611100008361973,16384,6144,0.2722981770833333,0.0
7500,seq-fp32,787,4,186,1.9168345928192139,0.0004997230238030115,28.042938232421875,True,0.022688220997224562,16384,6144,0.27978515625,0.0
7500,seq-fp32,788,4,187,1.7672128677368164,0.0004997230238030115,11.052596092224121,True,0.022933597007067874,16384,6144,0.3082682291666667,0.0
7500,seq-fp32,789,4,188,1.7378473281860352,0.0004997230238030115,11.295931816101074,True,0.02251956899999641,16384,6144,0.3199869791666667,0.0
7500,seq-fp32,790,4,189,1.8904895782470703,0.0004997230238030115,25.44063377380371,True,0.022865602004458196,16384,6144,0.2734375,0.0
7500,seq-fp32,791,4,190,1.8509877920150757,0.0004997230238030115,17.75255012512207,True,0.02294281599461101,16384,6144,0.2975260416666667,0.0
7500,seq-fp32,792,4,191,1.848081350326538,0.0004997230238030115,18.504043579101562,True,0.022883844008902088,16384,6144,0.2835286458333333,0.0
7500,seq-fp32,793,4,192,1.7797105312347412,0.0004997230238030115,17.140256881713867,True,0.022954460000619292,16384,6144,0.30712890625,0.0
7500,seq-fp32,794,4,193,1.8340234756469727,0.0004997230238030115,21.682857513427734,True,0.02363693701045122,16384,6144,0.2941080729166667,0.0
7500,seq-fp32,795,4,194,1.7862952947616577,0.0004997230238030115,16.42222023010254,True,0.023443955986294895,16384,6144,0.3068033854166667,0.0
7500,seq-fp32,796,4,195,1.8534765243530273,0.0004997230238030115,22.028934478759766,True,0.023026593000395223,16384,6144,0.2841796875,0.0
7500,seq-fp32,797,4,196,1.8052642345428467,0.0004997230238030115,20.646900177001953,True,0.022920186995179392,16384,6144,0.2989908854166667,0.0
7500,seq-fp32,798,4,197,1.8110847473144531,0.0004997230238030115,17.751720428466797,True,0.022752894001314417,16384,6144,0.2937825520833333,0.0
7500,seq-fp32,799,4,198,1.778180480003357,0.0004997230238030115,14.768255233764648,True,0.022891105996677652,16384,6144,0.2994791666666667,0.0
7500,seq-fp32,800,4,199,1.8182376623153687,0.0004997230238030115,22.11988639831543,True,0.02280142900417559,16384,6144,0.2931315104166667,0.0
7500,seq-fp32,801,5,0,1.8253724575042725,0.0004995076687428538,20.661556243896484,True,0.023031789998640306,16384,6144,0.291015625,0.0
7500,seq-fp32,802,5,1,1.7650007009506226,0.0004995076687428538,19.487211227416992,True,0.022870269996928982,16384,6144,0.3064778645833333,0.0
7500,seq-fp32,803,5,2,1.7775191068649292,0.0004995076687428538,19.176158905029297,True,0.02291475400852505,16384,6144,0.30029296875,0.0
7500,seq-fp32,804,5,3,1.7457170486450195,0.0004995076687428538,16.977210998535156,True,0.023028864001389593,16384,6144,0.3146158854166667,0.0
7500,seq-fp32,805,5,4,1.7455501556396484,0.0004995076687428538,13.256247520446777,True,0.02286697099043522,16384,6144,0.310546875,0.0
7500,seq-fp32,806,5,5,1.807890772819519,0.0004995076687428538,23.892223358154297,True,0.022905689009348862,16384,6144,0.3020833333333333,0.0
7500,seq-fp32,807,5,6,1.7703851461410522,0.0004995076687428538,21.95501708984375,True,0.022835306997876614,16384,6144,0.3024088541666667,0.0
7500,seq-fp32,808,5,7,1.774601936340332,0.0004995076687428538,21.118549346923828,True,0.022938666996196844,16384,6144,0.30322265625,0.0
7500,seq-fp32,809,5,8,1.8059800863265991,0.0004995076687428538,22.769933700561523,True,0.022762299995520152,16384,6144,0.29296875,0.0
7500,seq-fp32,810,5,9,1.6962413787841797,0.0004995076687428538,15.587459564208984,True,0.02305997200892307,16384,6144,0.3292643229166667,0.0
7500,seq-fp32,811,5,10,1.70155668258667,0.0004995076687428538,14.490334510803223,True,0.023242153009050526,16384,6144,0.3199869791666667,0.0
7500,seq-fp32,812,5,11,1.8317716121673584,0.0004995076687428538,25.849838256835938,True,0.02280914000584744,16384,6144,0.2801106770833333,0.0
7500,seq-fp32,813,5,12,1.8038060665130615,0.0004995076687428538,24.060779571533203,True,0.023211630003061146,16384,6144,0.2869466145833333,0.0
7500,seq-fp32,814,5,13,1.6929004192352295,0.0004995076687428538,14.283465385437012,True,0.023376370008918457,16384,6144,0.3219401041666667,0.0
7500,seq-fp32,815,5,14,1.6782491207122803,0.0004995076687428538,14.321475982666016,True,0.02293132799968589,16384,6144,0.3243815104166667,0.0
7500,seq-fp32,816,5,15,1.7669271230697632,0.0004995076687428538,24.234134674072266,True,0.022718513006111607,16384,6144,0.30322265625,0.0
7500,seq-fp32,817,5,16,1.7664868831634521,0.0004995076687428538,23.87175750732422,True,0.02272868499858305,16384,6144,0.3017578125,0.0
7500,seq-fp32,818,5,17,1.7177362442016602,0.0004995076687428538,18.314075469970703,True,0.022717431987985037,16384,6144,0.3107096354166667,0.0
7500,seq-fp32,819,5,18,1.6964750289916992,0.0004995076687428538,15.860008239746094,True,0.023162604004028253,16384,6144,0.3190104166666667,0.0
7500,seq-fp32,820,5,19,1.7696881294250488,0.0004995076687428538,24.179885864257812,True,0.022701901994878426,16384,6144,0.2975260416666667,0.0
7500,seq-fp32,821,5,20,1.740661382675171,0.0004995076687428538,22.336393356323242,True,0.022723221001797356,16384,6144,0.3098958333333333,0.0
7500,seq-fp32,822,5,21,1.7171623706817627,0.0004995076687428538,19.15427017211914,True,0.02280531199357938,16384,6144,0.31689453125,0.0
7500,seq-fp32,823,5,22,1.6668576002120972,0.0004995076687428538,15.406846046447754,True,0.02295188199786935,16384,6144,0.33544921875,0.0
7500,seq-fp32,824,5,23,1.7673801183700562,0.0004995076687428538,22.840255737304688,True,0.02295902000332717,16384,6144,0.2994791666666667,0.0
7500,seq-fp32,825,5,24,1.708545207977295,0.0004995076687428538,16.464792251586914,True,0.022794063988840207,16384,6144,0.31591796875,0.0
7500,seq-fp32,826,5,25,1.8161189556121826,0.0004995076687428538,27.543336868286133,True,0.023109482994186692,16384,6144,0.2823893229166667,0.0
7500,seq-fp32,827,5,26,1.758501410484314,0.0004995076687428538,24.43741226196289,True,0.02360256199608557,16384,6144,0.3072916666666667,0.0
7500,seq-fp32,828,5,27,1.7486863136291504,0.0004995076687428538,19.48210906982422,True,0.023278388995095156,16384,6144,0.3014322916666667,0.0
7500,seq-fp32,829,5,28,1.694345235824585,0.0004995076687428538,16.88768768310547,True,0.023300503002246842,16384,6144,0.3277994791666667,0.0
7500,seq-fp32,830,5,29,1.8340015411376953,0.0004995076687428538,27.78774642944336,True,0.023037431004922837,16384,6144,0.2828776041666667,0.0
7500,seq-fp32,831,5,30,1.6867108345031738,0.0004995076687428538,16.944904327392578,True,0.023289353004656732,16384,6144,0.3224283854166667,0.0
7500,seq-fp32,832,5,31,1.8329410552978516,0.0004995076687428538,24.32329559326172,True,0.02336863700475078,16384,6144,0.279296875,0.0
7500,seq-fp32,833,5,32,1.7511606216430664,0.0004995076687428538,21.028491973876953,True,0.023109500005375594,16384,6144,0.3004557291666667,0.0
7500,seq-fp32,834,5,33,1.777604103088379,0.0004995076687428538,21.693309783935547,True,0.022711262994562276,16384,6144,0.3015950520833333,0.0
7500,seq-fp32,835,5,34,1.7043123245239258,0.0004995076687428538,17.19156265258789,True,0.022934680004254915,16384,6144,0.31787109375,0.0
7500,seq-fp32,836,5,35,1.7694666385650635,0.0004995076687428538,21.72983169555664,True,0.022727563002263196,16384,6144,0.2972005208333333,0.0
7500,seq-fp32,837,5,36,1.7665650844573975,0.0004995076687428538,19.882503509521484,True,0.02262745299958624,16384,6144,0.2986653645833333,0.0
7500,seq-fp32,838,5,37,1.7557346820831299,0.0004995076687428538,22.68549156188965,True,0.022610534011619166,16384,6144,0.2950846354166667,0.0
7500,seq-fp32,839,5,38,1.7176650762557983,0.0004995076687428538,18.1720027923584,True,0.022373314001015387,16384,6144,0.3098958333333333,0.0
7500,seq-fp32,840,5,39,1.7597053050994873,0.0004995076687428538,21.699941635131836,True,0.022613617009483278,16384,6144,0.3033854166666667,0.0
7500,seq-fp32,841,5,40,1.758499026298523,0.0004995076687428538,17.82886505126953,True,0.022635882007307373,16384,6144,0.30517578125,0.0
7500,seq-fp32,842,5,41,1.758970022201538,0.0004995076687428538,21.69472885131836,True,0.02273745200363919,16384,6144,0.2986653645833333,0.0
7500,seq-fp32,843,5,42,1.757757544517517,0.0004995076687428538,18.23228645324707,True,0.02284765300282743,16384,6144,0.2906901041666667,0.0
7500,seq-fp32,844,5,43,1.7374634742736816,0.0004995076687428538,26.421375274658203,True,0.022727953997673467,16384,6144,0.3092447916666667,0.0
7500,seq-fp32,845,5,44,1.8103188276290894,0.0004995076687428538,18.446348190307617,True,0.02278630000364501,16384,6144,0.2867838541666667,0.0
7500,seq-fp32,846,5,45,1.7568950653076172,0.0004995076687428538,25.828853607177734,True,0.022865833991090767,16384,6144,0.30615234375,0.0
7500,seq-fp32,847,5,46,1.777195930480957,0.0004995076687428538,19.07327651977539,True,0.023315362006542273,16384,6144,0.29345703125,0.0
7500,seq-fp32,848,5,47,1.7761691808700562,0.0004995076687428538,26.477813720703125,True,0.02305117998912465,16384,6144,0.3024088541666667,0.0
7500,seq-fp32,849,5,48,1.7231175899505615,0.0004995076687428538,16.33372688293457,True,0.02316360799886752,16384,6144,0.3069661458333333,0.0
7500,seq-fp32,850,5,49,1.795820951461792,0.0004995076687428538,20.783790588378906,True,0.023676608994719572,16384,6144,0.3019205729166667,0.0
7500,seq-fp32,851,5,50,1.7437567710876465,0.0004995076687428538,18.491985321044922,True,0.023367622008663602,16384,6144,0.3030598958333333,0.0
7500,seq-fp32,852,5,51,1.798365831375122,0.0004995076687428538,21.75731658935547,True,0.02304853701207321,16384,6144,0.2830403645833333,0.0
7500,seq-fp32,853,5,52,1.7228009700775146,0.0004995076687428538,20.22797203063965,True,0.022824839004897512,16384,6144,0.3103841145833333,0.0
7500,seq-fp32,854,5,53,1.7615993022918701,0.0004995076687428538,21.269939422607422,True,0.022829752997495234,16384,6144,0.3056640625,0.0
7500,seq-fp32,855,5,54,1.742971420288086,0.0004995076687428538,20.76132583618164,True,0.02257713399012573,16384,6144,0.3040364583333333,0.0
7500,seq-fp32,856,5,55,1.7079284191131592,0.0004995076687428538,17.230058670043945,True,0.022764738008845598,16384,6144,0.3118489583333333,0.0
7500,seq-fp32,857,5,56,1.706876277923584,0.0004995076687428538,15.184281349182129,True,0.02291826601140201,16384,6144,0.3107096354166667,0.0
7500,seq-fp32,858,5,57,1.709778070449829,0.0004995076687428538,18.83820343017578,True,0.023608068993780762,16384,6144,0.31884765625,0.0
7500,seq-fp32,859,5,58,1.7043122053146362,0.0004995076687428538,13.53498649597168,True,0.023467311999411322,16384,6144,0.3142903645833333,0.0
7500,seq-fp32,860,5,59,1.7104675769805908,0.0004995076687428538,21.36366081237793,True,0.022913032007636502,16384,6144,0.3095703125,0.0
7500,seq-fp32,861,5,60,1.7464532852172852,0.0004995076687428538,16.063337326049805,True,0.02301595700555481,16384,6144,0.2939453125,0.0
7500,seq-fp32,862,5,61,1.7114155292510986,0.0004995076687428538,17.677265167236328,True,0.023019311993266456,16384,6144,0.3196614583333333,0.0
7500,seq-fp32,863,5,62,1.756854772567749,0.0004995076687428538,14.499650001525879,True,0.022807397006545216,16384,6144,0.3025716145833333,0.0
7500,seq-fp32,864,5,63,1.6364316940307617,0.0004995076687428538,9.620593070983887,True,0.022770385010517202,16384,6144,0.33935546875,0.0
7500,seq-fp32,865,5,64,1.8231525421142578,0.0004995076687428538,27.434490203857422,True,0.023116081007174216,16384,6144,0.2781575520833333,0.0
7500,seq-fp32,866,5,65,1.6676020622253418,0.0004995076687428538,13.243671417236328,True,0.023045317007927224,16384,6144,0.3193359375,0.0
7500,seq-fp32,867,5,66,1.937082052230835,0.0004995076687428538,35.30541229248047,True,0.022903331002453342,16384,6144,0.2638346354166667,0.0
7500,seq-fp32,868,5,67,2.057326078414917,0.0004995076687428538,35.590614318847656,True,0.02282235999882687,16384,6144,0.23681640625,0.0
7500,seq-fp32,869,5,68,1.7043657302856445,0.0004995076687428538,11.197152137756348,True,0.02271184598794207,16384,6144,0.3154296875,0.0
7500,seq-fp32,870,5,69,2.016456127166748,0.0004995076687428538,34.99024200439453,True,0.02281721199688036,16384,6144,0.2628580729166667,0.0
7500,seq-fp32,871,5,70,2.3078813552856445,0.0004995076687428538,27.55518341064453,True,0.022762098000384867,16384,6144,0.21988932291666666,0.0
7500,seq-fp32,872,5,71,1.946876049041748,0.0004995076687428538,22.461368560791016,True,0.023361860992736183,16384,6144,0.2537434895833333,0.0
7500,seq-fp32,873,5,72,1.826277494430542,0.0004995076687428538,19.626928329467773,True,0.023665760993026197,16384,6144,0.2862955729166667,0.0
7500,seq-fp32,874,5,73,2.0443577766418457,0.0004995076687428538,20.827980041503906,True,0.023468783998396248,16384,6144,0.24658203125,0.0
7500,seq-fp32,875,5,74,1.8659266233444214,0.0004995076687428538,22.702106475830078,True,0.023095484008081257,16384,6144,0.27685546875,0.0
7500,seq-fp32,876,5,75,1.7293882369995117,0.0004995076687428538,8.367911338806152,True,0.02283056400483474,16384,6144,0.31787109375,0.0
7500,seq-fp32,877,5,76,1.6879533529281616,0.0004995076687428538,13.382126808166504,True,0.02267782299895771,16384,6144,0.32177734375,0.0
7500,seq-fp32,878,5,77,1.7757129669189453,0.0004995076687428538,21.977733612060547,True,0.02274632899207063,16384,6144,0.3014322916666667,0.0
7500,seq-fp32,879,5,78,1.779545545578003,0.0004995076687428538,12.69007396697998,True,0.0228031480073696,16384,6144,0.2978515625,0.0
7500,seq-fp32,880,5,79,1.7724241018295288,0.0004995076687428538,24.789587020874023,True,0.022917514012078755,16384,6144,0.3028971354166667,0.0
7500,seq-fp32,881,5,80,1.7372522354125977,0.0004995076687428538,14.784809112548828,True,0.022783235006500036,16384,6144,0.3108723958333333,0.0
7500,seq-fp32,882,5,81,1.8304901123046875,0.0004995076687428538,25.358135223388672,True,0.023014179998426698,16384,6144,0.2823893229166667,0.0
7500,seq-fp32,883,5,82,1.7782602310180664,0.0004995076687428538,19.894927978515625,True,0.02313254300679546,16384,6144,0.3053385416666667,0.0
7500,seq-fp32,884,5,83,1.816870927810669,0.0004995076687428538,20.446977615356445,True,0.022949801990762353,16384,6144,0.28369140625,0.0
7500,seq-fp32,885,5,84,1.7519092559814453,0.0004995076687428538,18.553808212280273,True,0.023112566996132955,16384,6144,0.2986653645833333,0.0
7500,seq-fp32,886,5,85,1.7727439403533936,0.0004995076687428538,18.880168914794922,True,0.02295866700296756,16384,6144,0.2911783854166667,0.0
7500,seq-fp32,887,5,86,1.729480504989624,0.0004995076687428538,15.270687103271484,True,0.023121830992749892,16384,6144,0.3048502604166667,0.0
7500,seq-fp32,888,5,87,1.7473634481430054,0.0004995076687428538,22.07164192199707,True,0.0235167140053818,16384,6144,0.2994791666666667,0.0
7500,seq-fp32,889,5,88,1.7547430992126465,0.0004995076687428538,17.707805633544922,True,0.02318473201012239,16384,6144,0.3035481770833333,0.0
7500,seq-fp32,890,5,89,1.8304316997528076,0.0004995076687428538,28.132293701171875,True,0.023371602001134306,16384,6144,0.2906901041666667,0.0
7500,seq-fp32,891,5,90,1.839437484741211,0.0004995076687428538,28.242897033691406,True,0.02280827399226837,16384,6144,0.2828776041666667,0.0
7500,seq-fp32,892,5,91,1.687095046043396,0.0004995076687428538,11.102356910705566,True,0.02267748399754055,16384,6144,0.3177083333333333,0.0
7500,seq-fp32,893,5,92,1.664766550064087,0.0004995076687428538,13.259981155395508,True,0.022711137993610464,16384,6144,0.3282877604166667,0.0
7500,seq-fp32,894,5,93,1.7610496282577515,0.0004995076687428538,19.935012817382812,True,0.022754342993721366,16384,6144,0.3011067708333333,0.0
7500,seq-fp32,895,5,94,1.6567950248718262,0.0004995076687428538,12.719508171081543,True,0.02258026201161556,16384,6144,0.3234049479166667,0.0
7500,seq-fp32,896,5,95,1.839160442352295,0.0004995076687428538,27.800941467285156,True,0.02279732200258877,16384,6144,0.2918294270833333,0.0
7500,seq-fp32,897,5,96,1.8729867935180664,0.0004995076687428538,26.000072479248047,True,0.022783787004300393,16384,6144,0.2763671875,0.0
7500,seq-fp32,898,5,97,1.701955795288086,0.0004995076687428538,14.494765281677246,True,0.02256813200074248,16384,6144,0.31201171875,0.0
7500,seq-fp32,899,5,98,1.6461868286132812,0.0004995076687428538,10.214695930480957,True,0.022935920002055354,16384,6144,0.33154296875,0.0
7500,seq-fp32,900,5,99,1.8368520736694336,0.0004995076687428538,29.205841064453125,True,0.02269663498736918,16384,6144,0.27587890625,0.0
7500,seq-fp32,901,5,100,1.7797448635101318,0.0004995076687428538,25.90966033935547,True,0.02298955300648231,16384,6144,0.2888997395833333,0.0
7500,seq-fp32,902,5,101,1.7212867736816406,0.0004995076687428538,20.067790985107422,True,0.022886707010911778,16384,6144,0.3151041666666667,0.0
7500,seq-fp32,903,5,102,1.7709996700286865,0.0004995076687428538,26.74579620361328,True,0.02287056999921333,16384,6144,0.3028971354166667,0.0
7500,seq-fp32,904,5,103,1.6451692581176758,0.0004995076687428538,12.213062286376953,True,0.023227322002639994,16384,6144,0.3330078125,0.0
7500,seq-fp32,905,5,104,1.6254801750183105,0.0004995076687428538,8.404282569885254,True,0.02312480799446348,16384,6144,0.3408203125,0.0
7500,seq-fp32,906,5,105,1.8326773643493652,0.0004995076687428538,34.38044357299805,True,0.023268566990736872,16384,6144,0.2747395833333333,0.0
7500,seq-fp32,907,5,106,1.761993169784546,0.0004995076687428538,27.007322311401367,True,0.02345434800372459,16384,6144,0.2926432291666667,0.0
7500,seq-fp32,908,5,107,1.6568788290023804,0.0004995076687428538,12.281485557556152,True,0.02312533299846109,16384,6144,0.33203125,0.0
7500,seq-fp32,909,5,108,1.6335877180099487,0.0004995076687428538,9.828165054321289,True,0.022862206009449437,16384,6144,0.3299153645833333,0.0
7500,seq-fp32,910,5,109,1.7154597043991089,0.0004995076687428538,24.583740234375,True,0.022798584002885036,16384,6144,0.3160807291666667,0.0
7500,seq-fp32,911,5,110,1.6966370344161987,0.0004995076687428538,19.290746688842773,True,0.022782897998695262,16384,6144,0.3157552083333333,0.0
7500,seq-fp32,912,5,111,1.7817944288253784,0.0004995076687428538,33.89989471435547,True,0.023030541007756256,16384,6144,0.29248046875,0.0
7500,seq-fp32,913,5,112,1.8624532222747803,0.0004995076687428538,38.07699203491211,True,0.02283138400525786,16384,6144,0.2635091145833333,0.0
7500,seq-fp32,914,5,113,1.6116822957992554,0.0004995076687428538,6.93150520324707,True,0.023027805000310764,16384,6144,0.3367513020833333,0.0
7500,seq-fp32,915,5,114,1.7706754207611084,0.0004995076687428538,21.832773208618164,True,0.022993768012383953,16384,6144,0.2854817708333333,0.0
7500,seq-fp32,916,5,115,1.6646335124969482,0.0004995076687428538,12.865354537963867,True,0.022922884993022308,16384,6144,0.3201497395833333,0.0
7500,seq-fp32,917,5,116,1.7697601318359375,0.0004995076687428538,17.381881713867188,True,0.022823320992756635,16384,6144,0.2958984375,0.0
7500,seq-fp32,918,5,117,1.765057921409607,0.0004995076687428538,18.673992156982422,True,0.02266915100335609,16384,6144,0.2986653645833333,0.0
7500,seq-fp32,919,5,118,1.6420037746429443,0.0004995076687428538,9.053190231323242,True,0.022616425005253404,16384,6144,0.3287760416666667,0.0
7500,seq-fp32,920,5,119,1.703784465789795,0.0004995076687428538,26.716903686523438,True,0.02272197300044354,16384,6144,0.3045247395833333,0.0
7500,seq-fp32,921,5,120,1.6929752826690674,0.0004995076687428538,10.88959789276123,True,0.023090265996870585,16384,6144,0.3162434895833333,0.0
7500,seq-fp32,922,5,121,1.7602777481079102,0.0004995076687428538,34.309059143066406,True,0.022694721003063023,16384,6144,0.3107096354166667,0.0
7500,seq-fp32,923,5,122,1.8312591314315796,0.0004995076687428538,25.881797790527344,True,0.0230559909978183,16384,6144,0.2862955729166667,0.0
7500,seq-fp32,924,5,123,1.8126353025436401,0.0004995076687428538,25.035661697387695,True,0.022613850000198,16384,6144,0.2869466145833333,0.0
7500,seq-fp32,925,5,124,1.7103848457336426,0.0004995076687428538,16.09602928161621,True,0.022874589994898997,16384,6144,0.31494140625,0.0
7500,seq-fp32,926,5,125,1.8173788785934448,0.0004995076687428538,25.837446212768555,True,0.022952728992095217,16384,6144,0.302734375,0.0
7500,seq-fp32,927,5,126,1.673397421836853,0.0004995076687428538,18.720083236694336,True,0.023023411995382048,16384,6144,0.3221028645833333,0.0
7500,seq-fp32,928,5,127,1.8136895895004272,0.0004995076687428538,32.40666961669922,True,0.02316071699897293,16384,6144,0.2879231770833333,0.0
7500,seq-fp32,929,5,128,1.8497874736785889,0.0004995076687428538,28.95057487487793,True,0.023181832002592273,16384,6144,0.2802734375,0.0
7500,seq-fp32,930,5,129,1.7630798816680908,0.0004995076687428538,20.278989791870117,True,0.023654296004679054,16384,6144,0.3126627604166667,0.0
7500,seq-fp32,931,5,130,1.6976850032806396,0.0004995076687428538,17.743711471557617,True,0.023579284999868833,16384,6144,0.32275390625,0.0
7500,seq-fp32,932,5,131,1.7322924137115479,0.0004995076687428538,23.289873123168945,True,0.02319809301116038,16384,6144,0.2970377604166667,0.0
7500,seq-fp32,933,5,132,1.7030915021896362,0.0004995076687428538,18.125141143798828,True,0.02284677399438806,16384,6144,0.3147786458333333,0.0
7500,seq-fp32,934,5,133,1.767601728439331,0.0004995076687428538,27.265445709228516,True,0.022687107004458085,16384,6144,0.29833984375,0.0
7500,seq-fp32,935,5,134,1.776929259300232,0.0004995076687428538,28.812206268310547,True,0.022792721996665932,16384,6144,0.2898763020833333,0.0
7500,seq-fp32,936,5,135,1.6693015098571777,0.0004995076687428538,13.461647987365723,True,0.02268447499955073,16384,6144,0.3206380208333333,0.0
7500,seq-fp32,937,5,136,1.6188405752182007,0.0004995076687428538,12.01068115234375,True,0.023215815002913587,16384,6144,0.3429361979166667,0.0
7500,seq-fp32,938,5,137,1.7294886112213135,0.0004995076687428538,25.309947967529297,True,0.02306171300006099,16384,6144,0.2994791666666667,0.0
7500,seq-fp32,939,5,138,1.6891801357269287,0.0004995076687428538,19.663705825805664,True,0.022856614988995716,16384,6144,0.3167317708333333,0.0
7500,seq-fp32,940,5,139,1.711106538772583,0.0004995076687428538,23.44251251220703,True,0.022814663010649383,16384,6144,0.306640625,0.0
7500,seq-fp32,941,5,140,1.7028392553329468,0.0004995076687428538,23.9178409576416,True,0.022975568994297646,16384,6144,0.3095703125,0.0
7500,seq-fp32,942,5,141,1.670880675315857,0.0004995076687428538,17.137454986572266,True,0.02303555200342089,16384,6144,0.3212890625,0.0
7500,seq-fp32,943,5,142,1.5945215225219727,0.0004995076687428538,13.93532657623291,True,0.022733316000085324,16384,6144,0.34326171875,0.0
7500,seq-fp32,944,5,143,1.7285884618759155,0.0004995076687428538,25.749284744262695,True,0.023087046996806748,16384,6144,0.2967122395833333,0.0
7500,seq-fp32,945,5,144,1.6726734638214111,0.0004995076687428538,19.732309341430664,True,0.02303126800688915,16384,6144,0.3111979166666667,0.0
7500,seq-fp32,946,5,145,1.731501817703247,0.0004995076687428538,28.673799514770508,True,0.02291861800767947,16384,6144,0.2975260416666667,0.0
7500,seq-fp32,947,5,146,1.7052857875823975,0.0004995076687428538,28.770183563232422,True,0.023106338005163707,16384,6144,0.3072916666666667,0.0
7500,seq-fp32,948,5,147,1.6401195526123047,0.0004995076687428538,17.776851654052734,True,0.022835548006696627,16384,6144,0.3147786458333333,0.0
7500,seq-fp32,949,5,148,1.5747884511947632,0.0004995076687428538,15.045964241027832,True,0.02281442099774722,16384,6144,0.34326171875,0.0
7500,seq-fp32,950,5,149,1.7288904190063477,0.0004995076687428538,30.07769012451172,True,0.022984116003499366,16384,6144,0.2950846354166667,0.0
7500,seq-fp32,951,5,150,1.6622276306152344,0.0004995076687428538,22.287282943725586,True,0.02347199700307101,16384,6144,0.3160807291666667,0.0
7500,seq-fp32,952,5,151,1.678654432296753,0.0004995076687428538,23.646137237548828,True,0.023249772988492623,16384,6144,0.3126627604166667,0.0
7500,seq-fp32,953,5,152,1.6442359685897827,0.0004995076687428538,20.264404296875,True,0.02319133499986492,16384,6144,0.3260091145833333,0.0
7500,seq-fp32,954,5,153,1.633319616317749,0.0004995076687428538,22.73306655883789,True,0.022880761011037976,16384,6144,0.333984375,0.0
7500,seq-fp32,955,5,154,1.6145753860473633,0.0004995076687428538,18.855838775634766,True,0.022963069000979885,16384,6144,0.3287760416666667,0.0
7500,seq-fp32,956,5,155,1.6602733135223389,0.0004995076687428538,25.359973907470703,True,0.022738650004612282,16384,6144,0.3191731770833333,0.0
7500,seq-fp32,957,5,156,1.6488388776779175,0.0004995076687428538,21.788198471069336,True,0.022833247989183292,16384,6144,0.3141276041666667,0.0
7500,seq-fp32,958,5,157,1.6545146703720093,0.0004995076687428538,23.82888412475586,True,0.022855987001094036,16384,6144,0.3203125,0.0
7500,seq-fp32,959,5,158,1.6330325603485107,0.0004995076687428538,21.67420768737793,True,0.022863044010591693,16384,6144,0.3216145833333333,0.0
7500,seq-fp32,960,5,159,1.653724193572998,0.0004995076687428538,25.164091110229492,True,0.02290465700207278,16384,6144,0.3199869791666667,0.0
7500,seq-fp32,961,5,160,1.6452381610870361,0.0004995076687428538,22.406015396118164,True,0.022897167000337504,16384,6144,0.30810546875,0.0
7500,seq-fp32,962,5,161,1.6911532878875732,0.0004995076687428538,28.633468627929688,True,0.023173638997832313,16384,6144,0.3330078125,0.0
7500,seq-fp32,963,5,162,1.6310666799545288,0.0004995076687428538,26.698471069335938,True,0.023186209000414237,16384,6144,0.3297526041666667,0.0
7500,seq-fp32,964,5,163,1.6068434715270996,0.0004995076687428538,19.52948570251465,True,0.023334844008786604,16384,6144,0.3323567708333333,0.0
7500,seq-fp32,965,5,164,1.6012945175170898,0.0004995076687428538,18.139591217041016,True,0.023193537999759428,16384,6144,0.3326822916666667,0.0
7500,seq-fp32,966,5,165,1.6209535598754883,0.0004995076687428538,23.988370895385742,True,0.023361333005595952,16384,6144,0.3331705729166667,0.0
7500,seq-fp32,967,5,166,1.6045506000518799,0.0004995076687428538,20.431367874145508,True,0.023612367993337102,16384,6144,0.3377278645833333,0.0
7500,seq-fp32,968,5,167,1.6137199401855469,0.0004995076687428538,23.617389678955078,True,0.023297990002902225,16384,6144,0.3346354166666667,0.0
7500,seq-fp32,969,5,168,1.6046571731567383,0.0004995076687428538,23.125465393066406,True,0.02307855899562128,16384,6144,0.3375651041666667,0.0
7500,seq-fp32,970,5,169,1.5881471633911133,0.0004995076687428538,20.852785110473633,True,0.022831107999081723,16384,6144,0.3445638020833333,0.0
7500,seq-fp32,971,5,170,1.5279321670532227,0.0004995076687428538,14.203591346740723,True,0.022709330994985066,16384,6144,0.3640950520833333,0.0
7500,seq-fp32,972,5,171,1.6459115743637085,0.0004995076687428538,29.886472702026367,True,0.022867633000714704,16384,6144,0.3167317708333333,0.0
7500,seq-fp32,973,5,172,1.6772880554199219,0.0004995076687428538,30.289554595947266,True,0.022782537998864427,16384,6144,0.3201497395833333,0.0
7500,seq-fp32,974,5,173,1.537931203842163,0.0004995076687428538,14.592740058898926,True,0.02301152900326997,16384,6144,0.35791015625,0.0
7500,seq-fp32,975,5,174,1.5614150762557983,0.0004995076687428538,17.62293243408203,True,0.02265359000011813,16384,6144,0.3468424479166667,0.0
7500,seq-fp32,976,5,175,1.562438726425171,0.0004995076687428538,16.940853118896484,True,0.022537518991157413,16384,6144,0.34033203125,0.0
7500,seq-fp32,977,5,176,1.6082730293273926,0.0004995076687428538,17.20592498779297,True,0.022725066999555565,16384,6144,0.3333333333333333,0.0
7500,seq-fp32,978,5,177,1.5777969360351562,0.0004995076687428538,14.558249473571777,True,0.02287296499707736,16384,6144,0.34130859375,0.0
7500,seq-fp32,979,5,178,1.4703423976898193,0.0004995076687428538,2.9840192794799805,True,0.022843275000923313,16384,6144,0.3753255208333333,0.0
7500,seq-fp32,980,5,179,1.9118821620941162,0.0004995076687428538,44.22407913208008,True,0.02293125999858603,16384,6144,0.2633463541666667,0.0
7500,seq-fp32,981,5,180,2.123920202255249,0.0004995076687428538,41.72334671020508,True,0.02278804600064177,16384,6144,0.25244140625,0.0
7500,seq-fp32,982,5,181,1.8043043613433838,0.0004995076687428538,10.463875770568848,True,0.02280182999675162,16384,6144,0.3035481770833333,0.0
7500,seq-fp32,983,5,182,1.8839797973632812,0.0004995076687428538,32.73626708984375,True,0.022875346010550857,16384,6144,0.2919921875,0.0
7500,seq-fp32,984,5,183,2.024914264678955,0.0004995076687428538,21.26291275024414,True,0.022681148009723984,16384,6144,0.26318359375,0.0
7500,seq-fp32,985,5,184,1.842968463897705,0.0004995076687428538,18.26288414001465,True,0.023039289997541346,16384,6144,0.27880859375,0.0
7500,seq-fp32,986,5,185,1.7221107482910156,0.0004995076687428538,12.001269340515137,True,0.023054114004480653,16384,6144,0.3035481770833333,0.0
7500,seq-fp32,987,5,186,1.8889869451522827,0.0004995076687428538,22.076501846313477,True,0.023198102004243992,16384,6144,0.2692057291666667,0.0
7500,seq-fp32,988,5,187,1.8756399154663086,0.0004995076687428538,16.506061553955078,True,0.02322406599705573,16384,6144,0.263671875,0.0
7500,seq-fp32,989,5,188,1.7844538688659668,0.0004995076687428538,18.584453582763672,True,0.02341827200143598,16384,6144,0.2928059895833333,0.0
7500,seq-fp32,990,5,189,1.7788623571395874,0.0004995076687428538,20.04121208190918,True,0.023448838997865096,16384,6144,0.2882486979166667,0.0
7500,seq-fp32,991,5,190,1.7198704481124878,0.0004995076687428538,12.91876220703125,True,0.02323624699783977,16384,6144,0.30322265625,0.0
7500,seq-fp32,992,5,191,1.8125076293945312,0.0004995076687428538,31.681482315063477,True,0.02288801500981208,16384,6144,0.2882486979166667,0.0
7500,seq-fp32,993,5,192,1.7946232557296753,0.0004995076687428538,26.969432830810547,True,0.022784417000366375,16384,6144,0.2989908854166667,0.0
7500,seq-fp32,994,5,193,1.7548803091049194,0.0004995076687428538,19.97395896911621,True,0.022836761010694318,16384,6144,0.2999674479166667,0.0
7500,seq-fp32,995,5,194,1.736242651939392,0.0004995076687428538,21.220069885253906,True,0.022989033997873776,16384,6144,0.30419921875,0.0
7500,seq-fp32,996,5,195,1.7042982578277588,0.0004995076687428538,18.332963943481445,True,0.02323019599134568,16384,6144,0.3125,0.0
7500,seq-fp32,997,5,196,1.6203908920288086,0.0004995076687428538,9.260212898254395,True,0.02336003399977926,16384,6144,0.3458658854166667,0.0
7500,seq-fp32,998,5,197,1.7936439514160156,0.0004995076687428538,27.25433349609375,True,0.023209854000015184,16384,6144,0.2898763020833333,0.0
7500,seq-fp32,999,5,198,1.7135331630706787,0.0004995076687428538,17.21293067932129,True,0.0229485659947386,16384,6144,0.3095703125,0.0
7500,seq-fp32,1000,5,199,1.8310236930847168,0.0004995076687428538,32.868553161621094,True,0.022841408994281664,16384,6144,0.27783203125,0.0
7500,cdrm-fp32,1,1,0,3.331298351287842,0.0005,13.853862762451172,True,2.0947375380055746,16384,6144,0.057779947916666664,0.0
7500,cdrm-fp32,2,1,1,2.951449155807495,0.0005,6.197475433349609,True,0.5567152830044506,16384,6144,0.06787109375,0.0
7500,cdrm-fp32,3,1,2,2.7800025939941406,0.0005,2.817906141281128,True,0.563218326002243,16384,6144,0.076171875,0.0
7500,cdrm-fp32,4,1,3,2.665851593017578,0.0005,1.1172922849655151,True,0.5512329820048762,16384,6144,0.07210286458333333,0.0
7500,cdrm-fp32,5,1,4,2.7003800868988037,0.0005,2.1152169704437256,True,0.5561728390021017,16384,6144,0.07470703125,0.0
7500,cdrm-fp32,6,1,5,2.7004528045654297,0.0005,1.7667878866195679,True,0.5559784920042148,16384,6144,0.07307942708333333,0.0
7500,cdrm-fp32,7,1,6,2.6666419506073,0.0005,1.0312120914459229,True,0.5530650439905003,16384,6144,0.0673828125,0.0
7500,cdrm-fp32,8,1,7,2.6501452922821045,0.0005,0.6858723759651184,False,0.5506606929993723,16384,6144,0.07194010416666667,0.0
7500,cdrm-fp32,9,1,8,2.651256799697876,0.0005,0.7220979928970337,False,0.554227422006079,16384,6144,0.06884765625,0.0
7500,cdrm-fp32,10,1,9,2.6631040573120117,0.0005,0.9817287921905518,False,0.551289839000674,16384,6144,0.06640625,0.0
7500,cdrm-fp32,11,1,10,2.655942440032959,0.0005,0.7615193128585815,False,0.5531833770073717,16384,6144,0.07503255208333333,0.0
7500,cdrm-fp32,12,1,11,2.6506996154785156,0.0005,0.6650883555412292,False,0.549307029999909,16384,6144,0.06803385416666667,0.0
7500,cdrm-fp32,13,1,12,2.6407229900360107,0.0005,0.3472621738910675,False,0.5512919500033604,16384,6144,0.07666015625,0.0
7500,cdrm-fp32,14,1,13,2.644192695617676,0.0005,0.47914206981658936,False,0.5578956679964904,16384,6144,0.07649739583333333,0.0
7500,cdrm-fp32,15,1,14,2.6451215744018555,0.0005,0.4962698221206665,False,0.549711526997271,16384,6144,0.0771484375,0.0
7500,cdrm-fp32,16,1,15,2.6490206718444824,0.0005,0.5909395813941956,False,0.5499583409982733,16384,6144,0.07356770833333333,0.0
7500,cdrm-fp32,17,1,16,2.649357318878174,0.0005,0.5966833233833313,False,0.5470445350074442,16384,6144,0.06917317708333333,0.0
7500,cdrm-fp32,18,1,17,2.6437671184539795,0.0005,0.4616312086582184,False,0.5399882259953301,16384,6144,0.07275390625,0.0
7500,cdrm-fp32,19,1,18,2.641289234161377,0.0005,0.3516523540019989,False,0.546770507004112,16384,6144,0.06982421875,0.0
7500,cdrm-fp32,20,1,19,2.6415793895721436,0.0005,0.3992012143135071,False,0.5455344760121079,16384,6144,0.0771484375,0.0
7500,cdrm-fp32,21,1,20,2.6429975032806396,0.0005,0.4670000672340393,False,0.5425612230028491,16384,6144,0.06526692708333333,0.0
7500,cdrm-fp32,22,1,21,2.644409656524658,0.0005,0.4667815864086151,False,0.5416225719964132,16384,6144,0.07958984375,0.0
7500,cdrm-fp32,23,1,22,2.644111394882202,0.0005,0.4534083604812622,False,0.5490962449985091,16384,6144,0.06608072916666667,0.0
7500,cdrm-fp32,24,1,23,2.6461830139160156,0.0005,0.5272292494773865,False,0.5470499150105752,16384,6144,0.07112630208333333,0.0
7500,cdrm-fp32,25,1,24,2.6412973403930664,0.0005,0.42892974615097046,False,0.5512033470004098,16384,6144,0.07438151041666667,0.0
7500,cdrm-fp32,26,1,25,2.637767791748047,0.0005,0.2535974979400635,False,0.5508010759949684,16384,6144,0.07926432291666667,0.0
7500,cdrm-fp32,27,1,26,2.6406023502349854,0.0005,0.38971930742263794,False,0.5490528849913971,16384,6144,0.07958984375,0.0
7500,cdrm-fp32,28,1,27,2.6421432495117188,0.0005,0.43733471632003784,False,0.5487583060021279,16384,6144,0.06901041666666667,0.0
7500,cdrm-fp32,29,1,28,2.6435208320617676,0.0005,0.49869316816329956,False,0.553182695992291,16384,6144,0.06608072916666667,0.0
7500,cdrm-fp32,30,1,29,2.638864040374756,0.0005,0.3711300790309906,False,0.5522504829859827,16384,6144,0.08707682291666667,0.0
7500,cdrm-fp32,31,1,30,2.639835834503174,0.0005,0.38470327854156494,False,0.5500552239973331,16384,6144,0.0849609375,0.0
7500,cdrm-fp32,32,1,31,2.639136791229248,0.0005,0.3318430781364441,False,0.5631289269949775,16384,6144,0.07682291666666667,0.0
7500,cdrm-fp32,33,1,32,2.63989520072937,0.0005,0.398384153842926,False,0.5528809520037612,16384,6144,0.06673177083333333,0.0
7500,cdrm-fp32,34,1,33,2.6384201049804688,0.0005,0.32468628883361816,False,0.5499355560023105,16384,6144,0.07682291666666667,0.0
7500,cdrm-fp32,35,1,34,2.640106678009033,0.0005,0.40440836548805237,False,0.5507289050001418,16384,6144,0.07014973958333333,0.0
7500,cdrm-fp32,36,1,35,2.638179302215576,0.0005,0.35919690132141113,False,0.5620209129992872,16384,6144,0.08268229166666667,0.0
7500,cdrm-fp32,37,1,36,2.638090133666992,0.0005,0.36074012517929077,False,0.5593892809993122,16384,6144,0.07454427083333333,0.0
7500,cdrm-fp32,38,1,37,2.6375844478607178,0.0005,0.3107033669948578,False,0.548911849007709,16384,6144,0.07779947916666667,0.0
7500,cdrm-fp32,39,1,38,2.6351869106292725,0.0005,0.24547339975833893,False,0.546364159003133,16384,6144,0.08479817708333333,0.0
7500,cdrm-fp32,40,1,39,2.63564395904541,0.0005,0.318721741437912,False,0.5491154079936678,16384,6144,0.08658854166666667,0.0
7500,cdrm-fp32,41,1,40,2.639106273651123,0.0005,0.4270841181278229,False,0.5502816970110871,16384,6144,0.08056640625,0.0
7500,cdrm-fp32,42,1,41,2.633817434310913,0.0005,0.2856694161891937,False,0.5457660669926554,16384,6144,0.08414713541666667,0.0
7500,cdrm-fp32,43,1,42,2.6348471641540527,0.0005,0.2923174798488617,False,0.5443893850024324,16384,6144,0.0849609375,0.0
7500,cdrm-fp32,44,1,43,2.6333491802215576,0.0005,0.3574305772781372,False,0.5483410629967693,16384,6144,0.08561197916666667,0.0
7500,cdrm-fp32,45,1,44,2.6319527626037598,0.0005,0.3054634630680084,False,0.5522100849921117,16384,6144,0.08251953125,0.0
7500,cdrm-fp32,46,1,45,2.635524034500122,0.0005,0.44039443135261536,False,0.5436876780004241,16384,6144,0.08544921875,0.0
7500,cdrm-fp32,47,1,46,2.63336443901062,0.0005,0.38969236612319946,False,0.549305157008348,16384,6144,0.08707682291666667,0.0
7500,cdrm-fp32,48,1,47,2.6314268112182617,0.0005,0.2590467929840088,False,0.5452118730026996,16384,6144,0.08365885416666667,0.0
7500,cdrm-fp32,49,1,48,2.631899356842041,0.0005,0.4662555158138275,False,0.561487440005294,16384,6144,0.08463541666666667,0.0
7500,cdrm-fp32,50,1,49,2.632326602935791,0.0005,0.3807102143764496,False,0.5430937850032933,16384,6144,0.0869140625,0.0
7500,cdrm-fp32,51,1,50,2.6309103965759277,0.0005,0.39344802498817444,False,0.5531295340042561,16384,6144,0.08382161458333333,0.0
7500,cdrm-fp32,52,1,51,2.632889986038208,0.0005,0.3983533978462219,False,0.5434638379956596,16384,6144,0.08626302083333333,0.0
7500,cdrm-fp32,53,1,52,2.6276817321777344,0.0005,0.36075231432914734,False,0.5674652839952614,16384,6144,0.08675130208333333,0.0
7500,cdrm-fp32,54,1,53,2.6281399726867676,0.0005,0.3884943723678589,False,0.5513928839936852,16384,6144,0.09130859375,0.0
7500,cdrm-fp32,55,1,54,2.62896728515625,0.0005,0.4494119882583618,False,0.5635058070038212,16384,6144,0.08935546875,0.0
7500,cdrm-fp32,56,1,55,2.6298441886901855,0.0005,0.34714508056640625,False,0.5404167619999498,16384,6144,0.09098307291666667,0.0
7500,cdrm-fp32,57,1,56,2.626246213912964,0.0005,0.467053085565567,False,0.550573116997839,16384,6144,0.10074869791666667,0.0
7500,cdrm-fp32,58,1,57,2.6251323223114014,0.0005,0.3152455687522888,False,0.5453874900122173,16384,6144,0.09586588541666667,0.0
7500,cdrm-fp32,59,1,58,2.6253116130828857,0.0005,0.31889504194259644,False,0.556859185002395,16384,6144,0.09098307291666667,0.0
7500,cdrm-fp32,60,1,59,2.6261234283447266,0.0005,0.47107455134391785,False,0.545344751997618,16384,6144,0.08854166666666667,0.0
7500,cdrm-fp32,61,1,60,2.621269702911377,0.0005,0.35548916459083557,False,0.548992273004842,16384,6144,0.0947265625,0.0
7500,cdrm-fp32,62,1,61,2.6256284713745117,0.0005,0.375696063041687,False,0.5483802700036904,16384,6144,0.09342447916666667,0.0
7500,cdrm-fp32,63,1,62,2.620062828063965,0.0005,0.40595725178718567,False,0.549676909999107,16384,6144,0.10009765625,0.0
7500,cdrm-fp32,64,1,63,2.619485855102539,0.0005,0.40025457739830017,False,0.5390926050022244,16384,6144,0.09602864583333333,0.0
7500,cdrm-fp32,65,1,64,2.62074613571167,0.0005,0.5712539553642273,False,0.5445465349912411,16384,6144,0.09602864583333333,0.0
7500,cdrm-fp32,66,1,65,2.626969575881958,0.0005,0.5748340487480164,False,0.552430504001677,16384,6144,0.09065755208333333,0.0
7500,cdrm-fp32,67,1,66,2.6132359504699707,0.0005,0.44673627614974976,False,0.5447287839924684,16384,6144,0.1005859375,0.0
7500,cdrm-fp32,68,1,67,2.6138203144073486,0.0005,0.6648984551429749,False,0.5411280809930759,16384,6144,0.09847005208333333,0.0
7500,cdrm-fp32,69,1,68,2.6217565536499023,0.0005,0.8263043761253357,False,0.546793379005976,16384,6144,0.10074869791666667,0.0
7500,cdrm-fp32,70,1,69,2.6116538047790527,0.0005,0.5083168745040894,False,0.5543606580031337,16384,6144,0.10205078125,0.0
7500,cdrm-fp32,71,1,70,2.616424560546875,0.0005,0.607545018196106,False,0.5451132059970405,16384,6144,0.09765625,0.0
7500,cdrm-fp32,72,1,71,2.614022731781006,0.0005,0.4772937595844269,False,0.5479797290026909,16384,6144,0.09814453125,0.0
7500,cdrm-fp32,73,1,72,2.610849380493164,0.0005,0.549428403377533,False,0.5453741969977273,16384,6144,0.10237630208333333,0.0
7500,cdrm-fp32,74,1,73,2.614959478378296,0.0005,0.6962645649909973,False,0.5474951090000104,16384,6144,0.10302734375,0.0
7500,cdrm-fp32,75,1,74,2.6126627922058105,0.0005,0.6225737929344177,False,0.5424420370109146,16384,6144,0.10384114583333333,0.0
7500,cdrm-fp32,76,1,75,2.606218099594116,0.0005,0.4418017268180847,False,0.5644613589975052,16384,6144,0.10286458333333333,0.0
7500,cdrm-fp32,77,1,76,2.604435443878174,0.0005,0.43677839636802673,False,0.5484887659986271,16384,6144,0.10367838541666667,0.0
7500,cdrm-fp32,78,1,77,2.6099071502685547,0.0005,0.4754237234592438,False,0.5510177079995628,16384,6144,0.10677083333333333,0.0
7500,cdrm-fp32,79,1,78,2.607752799987793,0.0005,0.5388234257698059,False,0.5511310720030451,16384,6144,0.10546875,0.0
7500,cdrm-fp32,80,1,79,2.606339454650879,0.0005,0.511193573474884,False,0.5447892369993497,16384,6144,0.10514322916666667,0.0
7500,cdrm-fp32,81,1,80,2.6012258529663086,0.0005,0.5634282231330872,False,0.5422792290046345,16384,6144,0.10400390625,0.0
7500,cdrm-fp32,82,1,81,2.6031360626220703,0.0005,0.47044575214385986,False,0.5391800430079456,16384,6144,0.11116536458333333,0.0
7500,cdrm-fp32,83,1,82,2.6019551753997803,0.0005,0.4324367940425873,False,0.5489682930056006,16384,6144,0.10970052083333333,0.0
7500,cdrm-fp32,84,1,83,2.602321147918701,0.0005,0.502252995967865,False,0.5432798130059382,16384,6144,0.10530598958333333,0.0
7500,cdrm-fp32,85,1,84,2.6027534008026123,0.0005,0.6621530652046204,False,0.5460719070106279,16384,6144,0.10986328125,0.0
7500,cdrm-fp32,86,1,85,2.6054697036743164,0.0005,0.964031457901001,False,0.5447783039999194,16384,6144,0.1044921875,0.0
7500,cdrm-fp32,87,1,86,2.602468252182007,0.0005,0.9464762210845947,False,0.5427996190119302,16384,6144,0.11051432291666667,0.0
7500,cdrm-fp32,88,1,87,2.6015548706054688,0.0005,0.6776151657104492,False,0.54740812300588,16384,6144,0.10611979166666667,0.0
7500,cdrm-fp32,89,1,88,2.593543767929077,0.0005,1.024046778678894,True,0.5514104400062934,16384,6144,0.10774739583333333,0.0
7500,cdrm-fp32,90,1,89,2.59321665763855,0.0005,0.645709216594696,False,0.5481525509967469,16384,6144,0.11279296875,0.0
7500,cdrm-fp32,91,1,90,2.594362735748291,0.0005,0.8313888907432556,False,0.5527895870036446,16384,6144,0.11458333333333333,0.0
7500,cdrm-fp32,92,1,91,2.598043441772461,0.0005,0.71983802318573,False,0.5422572749957908,16384,6144,0.11067708333333333,0.0
7500,cdrm-fp32,93,1,92,2.5963573455810547,0.0005,0.6835485696792603,False,0.5457897129963385,16384,6144,0.10693359375,0.0
7500,cdrm-fp32,94,1,93,2.5938358306884766,0.0005,0.7473359107971191,False,0.5471563229948515,16384,6144,0.11376953125,0.0
7500,cdrm-fp32,95,1,94,2.5904948711395264,0.0005,0.5550807118415833,False,0.552105709008174,16384,6144,0.11263020833333333,0.0
7500,cdrm-fp32,96,1,95,2.593015670776367,0.0005,0.6065613031387329,False,0.5519255629915278,16384,6144,0.11328125,0.0
7500,cdrm-fp32,97,1,96,2.587442636489868,0.0005,0.7032137513160706,False,0.5479619840043597,16384,6144,0.11458333333333333,0.0
7500,cdrm-fp32,98,1,97,2.590792179107666,0.0005,0.6112856864929199,False,0.5471068850019947,16384,6144,0.1142578125,0.0
7500,cdrm-fp32,99,1,98,2.5879454612731934,0.0005,0.4904666543006897,False,0.5494338080025045,16384,6144,0.1123046875,0.0
7500,cdrm-fp32,100,1,99,2.5913453102111816,0.0005,0.629838228225708,False,0.5516952460020548,16384,6144,0.10904947916666667,0.0
7500,cdrm-fp32,101,1,100,2.588250160217285,0.0005,0.5013189315795898,False,5.739232352992985,16384,6144,0.1181640625,0.0
7500,cdrm-fp32,102,1,101,2.5862131118774414,0.0005,0.6427443027496338,False,0.5445618579979055,16384,6144,0.12060546875,0.0
7500,cdrm-fp32,103,1,102,2.5845999717712402,0.0005,0.6405637860298157,False,0.5449573740042979,16384,6144,0.11197916666666667,0.0
7500,cdrm-fp32,104,1,103,2.58646559715271,0.0005,0.49835097789764404,False,0.5486739030020544,16384,6144,0.1201171875,0.0
7500,cdrm-fp32,105,1,104,2.591463088989258,0.0005,0.7489587068557739,False,0.5456526530033443,16384,6144,0.11116536458333333,0.0
7500,cdrm-fp32,106,1,105,2.5848426818847656,0.0005,0.6325669884681702,False,0.5474040190019878,16384,6144,0.11800130208333333,0.0
7500,cdrm-fp32,107,1,106,2.5814082622528076,0.0005,0.584491491317749,False,0.543086179997772,16384,6144,0.11458333333333333,0.0
7500,cdrm-fp32,108,1,107,2.582730770111084,0.0005,0.8313652873039246,False,0.549258760001976,16384,6144,0.11800130208333333,0.0
7500,cdrm-fp32,109,1,108,2.583571434020996,0.0005,0.7206289172172546,False,0.5442223309946712,16384,6144,0.11653645833333333,0.0
7500,cdrm-fp32,110,1,109,2.584937334060669,0.0005,0.8521382808685303,False,0.5422334479953861,16384,6144,0.11735026041666667,0.0
7500,cdrm-fp32,111,1,110,2.5811822414398193,0.0005,0.5671653151512146,False,0.5493235790054314,16384,6144,0.11197916666666667,0.0
7500,cdrm-fp32,112,1,111,2.5819082260131836,0.0005,0.6398268938064575,False,0.5396359130099881,16384,6144,0.1220703125,0.0
7500,cdrm-fp32,113,1,112,2.572890281677246,0.0005,0.6226667761802673,False,0.5437220929889008,16384,6144,0.11555989583333333,0.0
7500,cdrm-fp32,114,1,113,2.5773439407348633,0.0005,0.4501263499259949,False,0.5425683079956798,16384,6144,0.11507161458333333,0.0
7500,cdrm-fp32,115,1,114,2.5754590034484863,0.0005,0.6049244403839111,False,0.5488796319987159,16384,6144,0.12027994791666667,0.0
7500,cdrm-fp32,116,1,115,2.5781373977661133,0.0005,0.5246251821517944,False,0.5406977819948224,16384,6144,0.1181640625,0.0
7500,cdrm-fp32,117,1,116,2.572408676147461,0.0005,0.5661591291427612,False,0.5362891389959259,16384,6144,0.11848958333333333,0.0
7500,cdrm-fp32,118,1,117,2.5749311447143555,0.0005,0.6614331007003784,False,0.5415492469910532,16384,6144,0.11783854166666667,0.0
7500,cdrm-fp32,119,1,118,2.5692968368530273,0.0005,0.5082928538322449,False,0.5507050110027194,16384,6144,0.12158203125,0.0
7500,cdrm-fp32,120,1,119,2.575348138809204,0.0005,0.6295572519302368,False,0.5434204600023804,16384,6144,0.11588541666666667,0.0
7500,cdrm-fp32,121,1,120,2.5752344131469727,0.0005,0.8120207786560059,False,0.542595341001288,16384,6144,0.123046875,0.0
7500,cdrm-fp32,122,1,121,2.5716991424560547,0.0005,0.6790690422058105,False,0.543154623999726,16384,6144,0.11783854166666667,0.0
7500,cdrm-fp32,123,1,122,2.56748628616333,0.0005,0.8011254072189331,False,0.5415725799975917,16384,6144,0.12239583333333333,0.0
7500,cdrm-fp32,124,1,123,2.571760654449463,0.0005,0.6539347171783447,False,0.5459138129954226,16384,6144,0.1181640625,0.0
7500,cdrm-fp32,125,1,124,2.570127010345459,0.0005,0.7828866839408875,False,0.5501283339981455,16384,6144,0.11995442708333333,0.0
7500,cdrm-fp32,126,1,125,2.5684151649475098,0.0005,0.6960870623588562,False,0.5520574690017384,16384,6144,0.12027994791666667,0.0
7500,cdrm-fp32,127,1,126,2.5660085678100586,0.0005,0.6806252002716064,False,0.5466819189896341,16384,6144,0.1240234375,0.0
7500,cdrm-fp32,128,1,127,2.568655490875244,0.0005,0.7304608225822449,False,0.5480892690102337,16384,6144,0.126953125,0.0
7500,cdrm-fp32,129,1,128,2.5696334838867188,0.0005,0.7778990864753723,False,0.5483851620083442,16384,6144,0.123046875,0.0
7500,cdrm-fp32,130,1,129,2.5649449825286865,0.0005,0.6306887269020081,False,0.5471632690023398,16384,6144,0.12613932291666666,0.0
7500,cdrm-fp32,131,1,130,2.566838026046753,0.0005,0.76474928855896,False,0.5475851450028131,16384,6144,0.12565104166666666,0.0
7500,cdrm-fp32,132,1,131,2.566775321960449,0.0005,0.6275091767311096,False,0.5453284010000061,16384,6144,0.1201171875,0.0
7500,cdrm-fp32,133,1,132,2.5610604286193848,0.0005,0.6882997751235962,False,0.5429286980070174,16384,6144,0.12320963541666667,0.0
7500,cdrm-fp32,134,1,133,2.564012289047241,0.0005,0.7515631318092346,False,0.5445917649922194,16384,6144,0.12369791666666667,0.0
7500,cdrm-fp32,135,1,134,2.5651986598968506,0.0005,0.6924283504486084,False,0.5459846589947119,16384,6144,0.12418619791666667,0.0
7500,cdrm-fp32,136,1,135,2.5691258907318115,0.0005,0.9725011587142944,False,0.5375688919884851,16384,6144,0.12288411458333333,0.0
7500,cdrm-fp32,137,1,136,2.562089681625366,0.0005,0.910910427570343,False,0.5404449499910697,16384,6144,0.12516276041666666,0.0
7500,cdrm-fp32,138,1,137,2.562180995941162,0.0005,0.8524760007858276,False,0.5367136079876218,16384,6144,0.12272135416666667,0.0
7500,cdrm-fp32,139,1,138,2.559368371963501,0.0005,0.9845761060714722,False,0.5337152730062371,16384,6144,0.12565104166666666,0.0
7500,cdrm-fp32,140,1,139,2.56270170211792,0.0005,1.26820969581604,True,0.5422490310011199,16384,6144,0.12125651041666667,0.0
7500,cdrm-fp32,141,1,140,2.5618715286254883,0.0005,0.866873025894165,False,0.5461176719982177,16384,6144,0.12255859375,0.0
7500,cdrm-fp32,142,1,141,2.559549331665039,0.0005,1.133729338645935,True,0.537024172997917,16384,6144,0.1259765625,0.0
7500,cdrm-fp32,143,1,142,2.5608367919921875,0.0005,1.0762287378311157,True,0.5342918329988606,16384,6144,0.12125651041666667,0.0
7500,cdrm-fp32,144,1,143,2.5569398403167725,0.0005,0.9265736937522888,False,0.5359969660057686,16384,6144,0.12874348958333334,0.0
7500,cdrm-fp32,145,1,144,2.5559260845184326,0.0005,0.9644347429275513,False,0.5397082849958679,16384,6144,0.12662760416666666,0.0
7500,cdrm-fp32,146,1,145,2.5598819255828857,0.0005,0.9076852202415466,False,0.5367526310001267,16384,6144,0.1279296875,0.0
7500,cdrm-fp32,147,1,146,2.5531954765319824,0.0005,0.7803140878677368,False,0.5380084560019895,16384,6144,0.12630208333333334,0.0
7500,cdrm-fp32,148,1,147,2.5563745498657227,0.0005,0.9498475790023804,False,0.5363054079934955,16384,6144,0.12841796875,0.0
7500,cdrm-fp32,149,1,148,2.549910545349121,0.0005,0.6751667857170105,False,0.5395191809948301,16384,6144,0.12972005208333334,0.0
7500,cdrm-fp32,150,1,149,2.5463547706604004,0.0005,0.6703931093215942,False,0.5373211080004694,16384,6144,0.12955729166666666,0.0
7500,cdrm-fp32,151,1,150,2.53944730758667,0.0005,0.7524105906486511,False,0.5407280469953548,16384,6144,0.1318359375,0.0
7500,cdrm-fp32,152,1,151,2.5506467819213867,0.0005,0.9356009364128113,False,0.5414006789942505,16384,6144,0.12467447916666667,0.0
7500,cdrm-fp32,153,1,152,2.5450820922851562,0.0005,0.9040694236755371,False,0.5435697109933244,16384,6144,0.13199869791666666,0.0
7500,cdrm-fp32,154,1,153,2.542202949523926,0.0005,0.9810375571250916,False,0.5420981240022229,16384,6144,0.12923177083333334,0.0
7500,cdrm-fp32,155,1,154,2.5459232330322266,0.0005,0.8802982568740845,False,0.5407027509936597,16384,6144,0.13037109375,0.0
7500,cdrm-fp32,156,1,155,2.541006088256836,0.0005,0.9267828464508057,False,0.545366328995442,16384,6144,0.12727864583333334,0.0
7500,cdrm-fp32,157,1,156,2.5396599769592285,0.0005,0.7875616550445557,False,0.5459968939976534,16384,6144,0.1318359375,0.0
7500,cdrm-fp32,158,1,157,2.5352931022644043,0.0005,0.8010435700416565,False,0.5594965539930854,16384,6144,0.13671875,0.0
7500,cdrm-fp32,159,1,158,2.5348892211914062,0.0005,0.828843891620636,False,0.54430967499502,16384,6144,0.13720703125,0.0
7500,cdrm-fp32,160,1,159,2.5414562225341797,0.0005,0.725566029548645,False,0.5461178879922954,16384,6144,0.13069661458333334,0.0
7500,cdrm-fp32,161,1,160,2.5359134674072266,0.0005,0.7989817261695862,False,0.5415835960011464,16384,6144,0.13411458333333334,0.0
7500,cdrm-fp32,162,1,161,2.533742904663086,0.0005,0.8132571578025818,False,0.5387416960002156,16384,6144,0.13264973958333334,0.0
7500,cdrm-fp32,163,1,162,2.534304618835449,0.0005,0.9076749682426453,False,0.5416801760002272,16384,6144,0.1328125,0.0
7500,cdrm-fp32,164,1,163,2.539052963256836,0.0005,0.9253860712051392,False,0.5420002110040514,16384,6144,0.13264973958333334,0.0
7500,cdrm-fp32,165,1,164,2.531284809112549,0.0005,0.6133240461349487,False,0.5364264989912044,16384,6144,0.13541666666666666,0.0
7500,cdrm-fp32,166,1,165,2.525855541229248,0.0005,0.9386554956436157,False,0.5391179520083824,16384,6144,0.13720703125,0.0
7500,cdrm-fp32,167,1,166,2.5242738723754883,0.0005,0.866753876209259,False,0.542728069005534,16384,6144,0.134765625,0.0
7500,cdrm-fp32,168,1,167,2.5286450386047363,0.0005,0.9224482774734497,False,0.5371481139882235,16384,6144,0.1357421875,0.0
7500,cdrm-fp32,169,1,168,2.5254735946655273,0.0005,0.6835811734199524,False,0.5363033110043034,16384,6144,0.13346354166666666,0.0
7500,cdrm-fp32,170,1,169,2.5232672691345215,0.0005,0.9677742719650269,False,0.535985869995784,16384,6144,0.13102213541666666,0.0
7500,cdrm-fp32,171,1,170,2.520782709121704,0.0005,0.7883243560791016,False,0.5499344999989262,16384,6144,0.13818359375,0.0
7500,cdrm-fp32,172,1,171,2.520740032196045,0.0005,0.9499092698097229,False,0.5389711140014697,16384,6144,0.13948567708333334,0.0
7500,cdrm-fp32,173,1,172,2.516083002090454,0.0005,1.1332762241363525,True,0.5383549659891287,16384,6144,0.13444010416666666,0.0
7500,cdrm-fp32,174,1,173,2.5203607082366943,0.0005,0.829490065574646,False,0.5380908999941312,16384,6144,0.13232421875,0.0
7500,cdrm-fp32,175,1,174,2.520717144012451,0.0005,1.0881125926971436,True,0.5394105540035525,16384,6144,0.13330078125,0.0
7500,cdrm-fp32,176,1,175,2.5236124992370605,0.0005,1.090372085571289,True,0.5434237660083454,16384,6144,0.13688151041666666,0.0
7500,cdrm-fp32,177,1,176,2.513556480407715,0.0005,0.9040877819061279,False,0.538551889010705,16384,6144,0.14404296875,0.0
7500,cdrm-fp32,178,1,177,2.5143818855285645,0.0005,1.0240490436553955,True,0.5414410910016159,16384,6144,0.14176432291666666,0.0
7500,cdrm-fp32,179,1,178,2.512885808944702,0.0005,0.578885555267334,False,0.5399190729949623,16384,6144,0.13785807291666666,0.0
7500,cdrm-fp32,180,1,179,2.515255928039551,0.0005,0.8939415812492371,False,0.5390152279869653,16384,6144,0.14501953125,0.0
7500,cdrm-fp32,181,1,180,2.506972074508667,0.0005,0.5848494172096252,False,0.5356009440001799,16384,6144,0.14095052083333334,0.0
7500,cdrm-fp32,182,1,181,2.5141408443450928,0.0005,0.9009619355201721,False,0.5442070120043354,16384,6144,0.13704427083333334,0.0
7500,cdrm-fp32,183,1,182,2.506754159927368,0.0005,0.7921344637870789,False,0.5448745350004174,16384,6144,0.14143880208333334,0.0
7500,cdrm-fp32,184,1,183,2.506070613861084,0.0005,0.8717140555381775,False,0.5369766070070909,16384,6144,0.14339192708333334,0.0
7500,cdrm-fp32,185,1,184,2.501805305480957,0.0005,1.03357994556427,True,0.5351326520030852,16384,6144,0.14111328125,0.0
7500,cdrm-fp32,186,1,185,2.504241466522217,0.0005,0.9039792418479919,False,0.5406256209971616,16384,6144,0.13899739583333334,0.0
7500,cdrm-fp32,187,1,186,2.50215220451355,0.0005,1.2023824453353882,True,0.5437939319963334,16384,6144,0.14241536458333334,0.0
7500,cdrm-fp32,188,1,187,2.4993276596069336,0.0005,0.6282426118850708,False,0.5368497090094024,16384,6144,0.14274088541666666,0.0
7500,cdrm-fp32,189,1,188,2.5017266273498535,0.0005,0.8487254977226257,False,0.5363800569903105,16384,6144,0.14241536458333334,0.0
7500,cdrm-fp32,190,1,189,2.505251884460449,0.0005,0.9273590445518494,False,0.5306212220020825,16384,6144,0.14013671875,0.0
7500,cdrm-fp32,191,1,190,2.4974470138549805,0.0005,1.0953716039657593,True,0.5386576500022784,16384,6144,0.14388020833333334,0.0
7500,cdrm-fp32,192,1,191,2.5040621757507324,0.0005,0.8667454123497009,False,0.5381820760085247,16384,6144,0.13541666666666666,0.0
7500,cdrm-fp32,193,1,192,2.4967684745788574,0.0005,0.9082890748977661,False,0.53287116199499,16384,6144,0.14583333333333334,0.0
7500,cdrm-fp32,194,1,193,2.503142833709717,0.0005,1.403652548789978,True,0.539728660005494,16384,6144,0.14111328125,0.0
7500,cdrm-fp32,195,1,194,2.496738910675049,0.0005,0.8496426939964294,False,0.5354430739971576,16384,6144,0.14404296875,0.0
7500,cdrm-fp32,196,1,195,2.503298282623291,0.0005,0.8651198744773865,False,0.5363967070006765,16384,6144,0.14404296875,0.0
7500,cdrm-fp32,197,1,196,2.4977669715881348,0.0005,1.249232292175293,True,0.5418842420040164,16384,6144,0.13948567708333334,0.0
7500,cdrm-fp32,198,1,197,2.4867053031921387,0.0005,0.48367536067962646,False,0.5389333619968966,16384,6144,0.14697265625,0.0
7500,cdrm-fp32,199,1,198,2.499636173248291,0.0005,1.4792152643203735,True,0.5414608790015336,16384,6144,0.142578125,0.0
7500,cdrm-fp32,200,1,199,2.483267307281494,0.0005,0.8621818423271179,False,0.5411471819970757,16384,6144,0.14729817708333334,0.0
7500,cdrm-fp32,201,2,0,2.4891717433929443,0.0004999692198041743,1.060893177986145,True,0.5378342969925143,16384,6144,0.14485677083333334,0.0
7500,cdrm-fp32,202,2,1,2.494986057281494,0.0004999692198041743,1.006532907485962,True,0.5367014959920198,16384,6144,0.14143880208333334,0.0
7500,cdrm-fp32,203,2,2,2.477949857711792,0.0004999692198041743,0.6356239318847656,False,0.5329590170003939,16384,6144,0.15006510416666666,0.0
7500,cdrm-fp32,204,2,3,2.487832546234131,0.0004999692198041743,0.9820148944854736,False,0.5460579889913788,16384,6144,0.13623046875,0.0
7500,cdrm-fp32,205,2,4,2.485048532485962,0.0004999692198041743,1.1305711269378662,True,0.5494324510073056,16384,6144,0.14290364583333334,0.0
7500,cdrm-fp32,206,2,5,2.4869117736816406,0.0004999692198041743,0.9315709471702576,False,0.5388011949980864,16384,6144,0.14420572916666666,0.0
7500,cdrm-fp32,207,2,6,2.48805570602417,0.0004999692198041743,1.1772730350494385,True,0.553855319012655,16384,6144,0.14322916666666666,0.0
7500,cdrm-fp32,208,2,7,2.480376720428467,0.0004999692198041743,0.9121734499931335,False,0.5352335520001361,16384,6144,0.1533203125,0.0
7500,cdrm-fp32,209,2,8,2.4913716316223145,0.0004999692198041743,1.4002395868301392,True,0.5434721100027673,16384,6144,0.14583333333333334,0.0
7500,cdrm-fp32,210,2,9,2.48355770111084,0.0004999692198041743,1.0490752458572388,True,0.5405213889898732,16384,6144,0.14876302083333334,0.0
7500,cdrm-fp32,211,2,10,2.47885799407959,0.0004999692198041743,1.2554264068603516,True,0.5645179209968774,16384,6144,0.13932291666666666,0.0
7500,cdrm-fp32,212,2,11,2.4793508052825928,0.0004999692198041743,1.096599817276001,True,0.5385288800025592,16384,6144,0.14892578125,0.0
7500,cdrm-fp32,213,2,12,2.4826459884643555,0.0004999692198041743,1.0519524812698364,True,0.53810514799261,16384,6144,0.14371744791666666,0.0
7500,cdrm-fp32,214,2,13,2.4858791828155518,0.0004999692198041743,1.261012077331543,True,0.5441380239935825,16384,6144,0.14306640625,0.0
7500,cdrm-fp32,215,2,14,2.478867530822754,0.0004999692198041743,0.9016163349151611,False,0.5423972300050082,16384,6144,0.15266927083333334,0.0
7500,cdrm-fp32,216,2,15,2.4738900661468506,0.0004999692198041743,1.1870671510696411,True,0.534759412999847,16384,6144,0.14990234375,0.0
7500,cdrm-fp32,217,2,16,2.47369384765625,0.0004999692198041743,0.9076659083366394,False,0.5331085259967949,16384,6144,0.14990234375,0.0
7500,cdrm-fp32,218,2,17,2.479509115219116,0.0004999692198041743,1.2695475816726685,True,0.5414426780043868,16384,6144,0.14388020833333334,0.0
7500,cdrm-fp32,219,2,18,2.4711456298828125,0.0004999692198041743,1.0473084449768066,True,0.5307626879948657,16384,6144,0.15706380208333334,0.0
7500,cdrm-fp32,220,2,19,2.478485345840454,0.0004999692198041743,0.8858403563499451,False,0.5376423249981599,16384,6144,0.14143880208333334,0.0
7500,cdrm-fp32,221,2,20,2.480959415435791,0.0004999692198041743,1.5195236206054688,True,0.5369385850062827,16384,6144,0.14192708333333334,0.0
7500,cdrm-fp32,222,2,21,2.467514991760254,0.0004999692198041743,0.871231198310852,False,0.5464451669977279,16384,6144,0.15787760416666666,0.0
7500,cdrm-fp32,223,2,22,2.467846632003784,0.0004999692198041743,1.246390700340271,True,0.5335805360082304,16384,6144,0.14925130208333334,0.0
7500,cdrm-fp32,224,2,23,2.47031307220459,0.0004999692198041743,1.1567739248275757,True,0.5415269630029798,16384,6144,0.15299479166666666,0.0
7500,cdrm-fp32,225,2,24,2.4633049964904785,0.0004999692198041743,0.9933958053588867,False,0.5495783430087613,16384,6144,0.1572265625,0.0
7500,cdrm-fp32,226,2,25,2.466883659362793,0.0004999692198041743,1.3827853202819824,True,0.5527450049994513,16384,6144,0.14973958333333334,0.0
7500,cdrm-fp32,227,2,26,2.4701945781707764,0.0004999692198041743,1.1903561353683472,True,0.5374164319946431,16384,6144,0.14501953125,0.0
7500,cdrm-fp32,228,2,27,2.4653899669647217,0.0004999692198041743,1.1894398927688599,True,0.5349650749994908,16384,6144,0.15185546875,0.0
7500,cdrm-fp32,229,2,28,2.461472511291504,0.0004999692198041743,1.157360553741455,True,0.5384002430073451,16384,6144,0.15543619791666666,0.0
7500,cdrm-fp32,230,2,29,2.476658344268799,0.0004999692198041743,1.2024832963943481,True,0.534763831004966,16384,6144,0.14078776041666666,0.0
7500,cdrm-fp32,231,2,30,2.464812755584717,0.0004999692198041743,1.108373761177063,True,0.5438535150024109,16384,6144,0.15494791666666666,0.0
7500,cdrm-fp32,232,2,31,2.46286940574646,0.0004999692198041743,0.9920135140419006,False,0.5845042000000831,16384,6144,0.14925130208333334,0.0
7500,cdrm-fp32,233,2,32,2.4608731269836426,0.0004999692198041743,0.9190021753311157,False,0.5413914329983527,16384,6144,0.14957682291666666,0.0
7500,cdrm-fp32,234,2,33,2.460545539855957,0.0004999692198041743,1.259125828742981,True,0.5383692869945662,16384,6144,0.15201822916666666,0.0
7500,cdrm-fp32,235,2,34,2.4690980911254883,0.0004999692198041743,1.4760850667953491,True,0.5427697259874549,16384,6144,0.1513671875,0.0
7500,cdrm-fp32,236,2,35,2.4601683616638184,0.0004999692198041743,1.248358964920044,True,0.5423484749917407,16384,6144,0.14973958333333334,0.0
7500,cdrm-fp32,237,2,36,2.46140718460083,0.0004999692198041743,1.5632145404815674,True,0.5377219539950602,16384,6144,0.15413411458333334,0.0
7500,cdrm-fp32,238,2,37,2.452981472015381,0.0004999692198041743,0.9860838055610657,False,0.5436408189998474,16384,6144,0.15657552083333334,0.0
7500,cdrm-fp32,239,2,38,2.4570364952087402,0.0004999692198041743,1.0193594694137573,True,0.5394371679867618,16384,6144,0.15364583333333334,0.0
7500,cdrm-fp32,240,2,39,2.4531471729278564,0.0004999692198041743,0.9969767332077026,False,0.5432466970087262,16384,6144,0.16015625,0.0
7500,cdrm-fp32,241,2,40,2.44744873046875,0.0004999692198041743,0.7866657376289368,False,0.544598488995689,16384,6144,0.15804036458333334,0.0
7500,cdrm-fp32,242,2,41,2.463391065597534,0.0004999692198041743,1.040703535079956,True,0.5368928960087942,16384,6144,0.14973958333333334,0.0
7500,cdrm-fp32,243,2,42,2.451524496078491,0.0004999692198041743,0.878564715385437,False,0.5360741040058201,16384,6144,0.15413411458333334,0.0
7500,cdrm-fp32,244,2,43,2.4519295692443848,0.0004999692198041743,1.1962738037109375,True,0.5406494490016485,16384,6144,0.15413411458333334,0.0
7500,cdrm-fp32,245,2,44,2.4469704627990723,0.0004999692198041743,1.3117706775665283,True,0.537676370004192,16384,6144,0.15152994791666666,0.0
7500,cdrm-fp32,246,2,45,2.439509868621826,0.0004999692198041743,1.0872546434402466,True,0.5380953230051091,16384,6144,0.15869140625,0.0
7500,cdrm-fp32,247,2,46,2.4469637870788574,0.0004999692198041743,1.319640874862671,True,0.5435487169888802,16384,6144,0.15185546875,0.0
7500,cdrm-fp32,248,2,47,2.450625419616699,0.0004999692198041743,1.1373088359832764,True,0.5382258610043209,16384,6144,0.15983072916666666,0.0
7500,cdrm-fp32,249,2,48,2.446746826171875,0.0004999692198041743,0.9948387145996094,False,0.5334113470016746,16384,6144,0.15869140625,0.0
7500,cdrm-fp32,250,2,49,2.443018674850464,0.0004999692198041743,1.0101014375686646,True,0.5343730190070346,16384,6144,0.15738932291666666,0.0
7500,cdrm-fp32,251,2,50,2.438962697982788,0.0004999692198041743,1.0914089679718018,True,0.5393840320029994,16384,6144,0.16129557291666666,0.0
7500,cdrm-fp32,252,2,51,2.446086883544922,0.0004999692198041743,1.3394732475280762,True,0.5372513629990863,16384,6144,0.16048177083333334,0.0
7500,cdrm-fp32,253,2,52,2.4405665397644043,0.0004999692198041743,1.317850112915039,True,0.5381501550000394,16384,6144,0.15608723958333334,0.0
7500,cdrm-fp32,254,2,53,2.435647964477539,0.0004999692198041743,1.1923505067825317,True,0.5408544250094565,16384,6144,0.16145833333333334,0.0
7500,cdrm-fp32,255,2,54,2.4437448978424072,0.0004999692198041743,1.2253910303115845,True,0.5403746749943821,16384,6144,0.16129557291666666,0.0
7500,cdrm-fp32,256,2,55,2.4322469234466553,0.0004999692198041743,1.0818309783935547,True,0.5427740890008863,16384,6144,0.16438802083333334,0.0
7500,cdrm-fp32,257,2,56,2.43375563621521,0.0004999692198041743,1.234864354133606,True,0.5385232949920464,16384,6144,0.1630859375,0.0
7500,cdrm-fp32,258,2,57,2.436774253845215,0.0004999692198041743,1.1872309446334839,True,0.53574849999859,16384,6144,0.16259765625,0.0
7500,cdrm-fp32,259,2,58,2.438016414642334,0.0004999692198041743,1.3002396821975708,True,0.5405303779989481,16384,6144,0.16259765625,0.0
7500,cdrm-fp32,260,2,59,2.4365599155426025,0.0004999692198041743,1.2999444007873535,True,0.5353718039987143,16384,6144,0.15852864583333334,0.0
7500,cdrm-fp32,261,2,60,2.4320662021636963,0.0004999692198041743,1.2880867719650269,True,0.5397510239999974,16384,6144,0.16048177083333334,0.0
7500,cdrm-fp32,262,2,61,2.43760085105896,0.0004999692198041743,1.73484206199646,True,0.5369731269893236,16384,6144,0.1611328125,0.0
7500,cdrm-fp32,263,2,62,2.4333066940307617,0.0004999692198041743,1.2680397033691406,True,0.5411891699914122,16384,6144,0.15901692708333334,0.0
7500,cdrm-fp32,264,2,63,2.4439141750335693,0.0004999692198041743,1.5808725357055664,True,0.5341805200005183,16384,6144,0.15641276041666666,0.0
7500,cdrm-fp32,265,2,64,2.4271364212036133,0.0004999692198041743,1.3517533540725708,True,0.5425159820006229,16384,6144,0.16520182291666666,0.0
7500,cdrm-fp32,266,2,65,2.4309563636779785,0.0004999692198041743,1.8362808227539062,True,0.5365049880056176,16384,6144,0.15755208333333334,0.0
7500,cdrm-fp32,267,2,66,2.427088737487793,0.0004999692198041743,1.373000979423523,True,0.5380314829963027,16384,6144,0.16650390625,0.0
7500,cdrm-fp32,268,2,67,2.418907642364502,0.0004999692198041743,1.2925801277160645,True,0.5346260709920898,16384,6144,0.16520182291666666,0.0
7500,cdrm-fp32,269,2,68,2.421098232269287,0.0004999692198041743,1.1070982217788696,True,0.533647240998107,16384,6144,0.16422526041666666,0.0
7500,cdrm-fp32,270,2,69,2.4123475551605225,0.0004999692198041743,1.306254267692566,True,0.5316923089994816,16384,6144,0.16927083333333334,0.0
7500,cdrm-fp32,271,2,70,2.4162635803222656,0.0004999692198041743,1.339738130569458,True,0.5379083150037332,16384,6144,0.16292317708333334,0.0
7500,cdrm-fp32,272,2,71,2.421485185623169,0.0004999692198041743,1.4967317581176758,True,0.5304080310015706,16384,6144,0.16064453125,0.0
7500,cdrm-fp32,273,2,72,2.4259426593780518,0.0004999692198041743,1.466382384300232,True,0.5364889269985724,16384,6144,0.15950520833333334,0.0
7500,cdrm-fp32,274,2,73,2.4103376865386963,0.0004999692198041743,1.3491274118423462,True,0.5391702430060832,16384,6144,0.1728515625,0.0
7500,cdrm-fp32,275,2,74,2.4193837642669678,0.0004999692198041743,1.4459624290466309,True,0.5357020789961098,16384,6144,0.1650390625,0.0
7500,cdrm-fp32,276,2,75,2.404618501663208,0.0004999692198041743,1.237983226776123,True,0.540311415999895,16384,6144,0.177734375,0.0
7500,cdrm-fp32,277,2,76,2.4105265140533447,0.0004999692198041743,2.174088478088379,True,0.5403304490027949,16384,6144,0.16438802083333334,0.0
7500,cdrm-fp32,278,2,77,2.417677640914917,0.0004999692198041743,1.7101304531097412,True,0.5423402940068627,16384,6144,0.1669921875,0.0
7500,cdrm-fp32,279,2,78,2.4092531204223633,0.0004999692198041743,1.6195329427719116,True,0.5356160800001817,16384,6144,0.16617838541666666,0.0
7500,cdrm-fp32,280,2,79,2.4037275314331055,0.0004999692198041743,1.2748205661773682,True,0.5313588049903046,16384,6144,0.17122395833333334,0.0
7500,cdrm-fp32,281,2,80,2.4069652557373047,0.0004999692198041743,1.4595876932144165,True,0.5379491639905609,16384,6144,0.1708984375,0.0
7500,cdrm-fp32,282,2,81,2.407475233078003,0.0004999692198041743,1.3184080123901367,True,0.5365575110045029,16384,6144,0.17122395833333334,0.0
7500,cdrm-fp32,283,2,82,2.4146389961242676,0.0004999692198041743,1.8186836242675781,True,0.5344226559973322,16384,6144,0.16780598958333334,0.0
7500,cdrm-fp32,284,2,83,2.4061553478240967,0.0004999692198041743,1.8623427152633667,True,0.5376503599982243,16384,6144,0.17057291666666666,0.0
7500,cdrm-fp32,285,2,84,2.397754430770874,0.0004999692198041743,1.1181191205978394,True,0.5318585990025895,16384,6144,0.17008463541666666,0.0
7500,cdrm-fp32,286,2,85,2.4165115356445312,0.0004999692198041743,1.7108842134475708,True,0.5389492409885861,16384,6144,0.16927083333333334,0.0
7500,cdrm-fp32,287,2,86,2.3942484855651855,0.0004999692198041743,1.589909315109253,True,0.538662031001877,16384,6144,0.17252604166666666,0.0
7500,cdrm-fp32,288,2,87,2.399247646331787,0.0004999692198041743,1.4733660221099854,True,0.5349519510054961,16384,6144,0.1650390625,0.0
7500,cdrm-fp32,289,2,88,2.3931005001068115,0.0004999692198041743,1.5745849609375,True,0.5368302799906814,16384,6144,0.17447916666666666,0.0
7500,cdrm-fp32,290,2,89,2.3954215049743652,0.0004999692198041743,1.8388582468032837,True,0.5350035680021392,16384,6144,0.17350260416666666,0.0
7500,cdrm-fp32,291,2,90,2.387777090072632,0.0004999692198041743,1.35967218875885,True,0.5334359999978915,16384,6144,0.17659505208333334,0.0
7500,cdrm-fp32,292,2,91,2.3844032287597656,0.0004999692198041743,1.585066556930542,True,0.5359614619956119,16384,6144,0.17301432291666666,0.0
7500,cdrm-fp32,293,2,92,2.3873462677001953,0.0004999692198041743,1.4316866397857666,True,0.5342709359974833,16384,6144,0.17919921875,0.0
7500,cdrm-fp32,294,2,93,2.3976969718933105,0.0004999692198041743,1.6190012693405151,True,0.5383505759964464,16384,6144,0.17252604166666666,0.0
7500,cdrm-fp32,295,2,94,2.3807215690612793,0.0004999692198041743,1.3833558559417725,True,0.5325140700006159,16384,6144,0.18668619791666666,0.0
7500,cdrm-fp32,296,2,95,2.391239643096924,0.0004999692198041743,1.8026390075683594,True,0.5323341640032595,16384,6144,0.1806640625,0.0
7500,cdrm-fp32,297,2,96,2.381371259689331,0.0004999692198041743,1.7110183238983154,True,0.5373637580050854,16384,6144,0.17626953125,0.0
7500,cdrm-fp32,298,2,97,2.3760623931884766,0.0004999692198041743,1.490162968635559,True,0.5383842419978464,16384,6144,0.17740885416666666,0.0
7500,cdrm-fp32,299,2,98,2.3867945671081543,0.0004999692198041743,2.5531809329986572,True,0.5416688239929499,16384,6144,0.1767578125,0.0
7500,cdrm-fp32,300,2,99,2.3678717613220215,0.0004999692198041743,1.4359124898910522,True,0.532308035006281,16384,6144,0.18668619791666666,0.0
7500,cdrm-fp32,301,2,100,2.374237537384033,0.0004999692198041743,2.288668155670166,True,0.53541519700957,16384,6144,0.17659505208333334,0.0
7500,cdrm-fp32,302,2,101,2.386744737625122,0.0004999692198041743,1.9130345582962036,True,0.5313166699925205,16384,6144,0.17561848958333334,0.0
7500,cdrm-fp32,303,2,102,2.3909661769866943,0.0004999692198041743,2.7107529640197754,True,0.5415233310050098,16384,6144,0.1748046875,0.0
7500,cdrm-fp32,304,2,103,2.385340690612793,0.0004999692198041743,2.2615044116973877,True,0.5404893999948399,16384,6144,0.17903645833333334,0.0
7500,cdrm-fp32,305,2,104,2.3943724632263184,0.0004999692198041743,3.160508632659912,True,0.5352587439992931,16384,6144,0.17496744791666666,0.0
7500,cdrm-fp32,306,2,105,2.383816957473755,0.0004999692198041743,2.5046908855438232,True,0.5343614209996304,16384,6144,0.17333984375,0.0
7500,cdrm-fp32,307,2,106,2.3863673210144043,0.0004999692198041743,2.3177435398101807,True,0.5358396920055384,16384,6144,0.17757161458333334,0.0
7500,cdrm-fp32,308,2,107,2.381791591644287,0.0004999692198041743,2.438856601715088,True,0.5395767820009496,16384,6144,0.17854817708333334,0.0
7500,cdrm-fp32,309,2,108,2.381889820098877,0.0004999692198041743,2.2188687324523926,True,0.5389377829997102,16384,6144,0.17545572916666666,0.0
7500,cdrm-fp32,310,2,109,2.375762939453125,0.0004999692198041743,2.2644381523132324,True,0.5381518120120745,16384,6144,0.17350260416666666,0.0
7500,cdrm-fp32,311,2,110,2.3698174953460693,0.0004999692198041743,2.54440975189209,True,0.5399032799905399,16384,6144,0.18359375,0.0
7500,cdrm-fp32,312,2,111,2.3669755458831787,0.0004999692198041743,2.2351317405700684,True,0.5368554460001178,16384,6144,0.18229166666666666,0.0
7500,cdrm-fp32,313,2,112,2.379329204559326,0.0004999692198041743,2.4548678398132324,True,0.5300524339982076,16384,6144,0.17464192708333334,0.0
7500,cdrm-fp32,314,2,113,2.355437755584717,0.0004999692198041743,1.6509987115859985,True,0.5426251629978651,16384,6144,0.18359375,0.0
7500,cdrm-fp32,315,2,114,2.359739303588867,0.0004999692198041743,2.276991367340088,True,0.5360273779951967,16384,6144,0.17919921875,0.0
7500,cdrm-fp32,316,2,115,2.357208013534546,0.0004999692198041743,1.857170820236206,True,0.5419002779963193,16384,6144,0.18522135416666666,0.0
7500,cdrm-fp32,317,2,116,2.3523788452148438,0.0004999692198041743,1.7806857824325562,True,0.5392646690015681,16384,6144,0.17919921875,0.0
7500,cdrm-fp32,318,2,117,2.3513829708099365,0.0004999692198041743,1.6224675178527832,True,0.5344448709947756,16384,6144,0.18294270833333334,0.0
7500,cdrm-fp32,319,2,118,2.356194019317627,0.0004999692198041743,1.738791584968567,True,0.5388742699869908,16384,6144,0.1845703125,0.0
7500,cdrm-fp32,320,2,119,2.3520727157592773,0.0004999692198041743,1.6722332239151,True,0.5362388339999598,16384,6144,0.18522135416666666,0.0
7500,cdrm-fp32,321,2,120,2.353303909301758,0.0004999692198041743,3.079648017883301,True,0.5386189679993549,16384,6144,0.18782552083333334,0.0
7500,cdrm-fp32,322,2,121,2.3592147827148438,0.0004999692198041743,2.832240581512451,True,0.5358623019856168,16384,6144,0.1826171875,0.0
7500,cdrm-fp32,323,2,122,2.336520195007324,0.0004999692198041743,1.3511699438095093,True,0.5327491469943197,16384,6144,0.19108072916666666,0.0
7500,cdrm-fp32,324,2,123,2.3614540100097656,0.0004999692198041743,2.7639808654785156,True,0.5312148480006726,16384,6144,0.18098958333333334,0.0
7500,cdrm-fp32,325,2,124,2.358673095703125,0.0004999692198041743,2.261563539505005,True,0.5445061810023617,16384,6144,0.18245442708333334,0.0
7500,cdrm-fp32,326,2,125,2.3336596488952637,0.0004999692198041743,1.562866449356079,True,0.5346749199961778,16384,6144,0.19694010416666666,0.0
7500,cdrm-fp32,327,2,126,2.35129976272583,0.0004999692198041743,2.6801984310150146,True,0.5330857759981882,16384,6144,0.18375651041666666,0.0
7500,cdrm-fp32,328,2,127,2.360640048980713,0.0004999692198041743,2.46349835395813,True,0.5388661510078236,16384,6144,0.189453125,0.0
7500,cdrm-fp32,329,2,128,2.335986614227295,0.0004999692198041743,2.4316623210906982,True,0.5361573670088546,16384,6144,0.19368489583333334,0.0
7500,cdrm-fp32,330,2,129,2.3700671195983887,0.0004999692198041743,4.709553241729736,True,0.5374012550018961,16384,6144,0.18375651041666666,0.0
7500,cdrm-fp32,331,2,130,2.381600856781006,0.0004999692198041743,4.326113224029541,True,0.5378165959991748,16384,6144,0.17496744791666666,0.0
7500,cdrm-fp32,332,2,131,2.3630590438842773,0.0004999692198041743,3.48799467086792,True,0.5386346529994626,16384,6144,0.18440755208333334,0.0
7500,cdrm-fp32,333,2,132,2.341871738433838,0.0004999692198041743,2.680302143096924,True,0.5333627089858055,16384,6144,0.19205729166666666,0.0
7500,cdrm-fp32,334,2,133,2.345275640487671,0.0004999692198041743,2.976125478744507,True,0.5401513079996221,16384,6144,0.185546875,0.0
7500,cdrm-fp32,335,2,134,2.341057300567627,0.0004999692198041743,2.12204909324646,True,0.534742390998872,16384,6144,0.18294270833333334,0.0
7500,cdrm-fp32,336,2,135,2.348637819290161,0.0004999692198041743,3.6404643058776855,True,0.5393076449981891,16384,6144,0.18408203125,0.0
7500,cdrm-fp32,337,2,136,2.3493003845214844,0.0004999692198041743,3.1102757453918457,True,0.5319098510080948,16384,6144,0.1884765625,0.0
7500,cdrm-fp32,338,2,137,2.3221335411071777,0.0004999692198041743,3.431788682937622,True,0.5365935120062204,16384,6144,0.19661458333333334,0.0
7500,cdrm-fp32,339,2,138,2.330502986907959,0.0004999692198041743,2.271463632583618,True,0.5383776840026258,16384,6144,0.19205729166666666,0.0
7500,cdrm-fp32,340,2,139,2.338813066482544,0.0004999692198041743,4.36494255065918,True,0.552525193998008,16384,6144,0.189453125,0.0
7500,cdrm-fp32,341,2,140,2.339710235595703,0.0004999692198041743,3.588270425796509,True,0.5527711670001736,16384,6144,0.1875,0.0
7500,cdrm-fp32,342,2,141,2.3389251232147217,0.0004999692198041743,2.7873528003692627,True,0.6161448619968724,16384,6144,0.18912760416666666,0.0
7500,cdrm-fp32,343,2,142,2.304191827774048,0.0004999692198041743,2.2777321338653564,True,0.5444607690005796,16384,6144,0.19807942708333334,0.0
7500,cdrm-fp32,344,2,143,2.339278221130371,0.0004999692198041743,3.5964627265930176,True,0.5436121120001189,16384,6144,0.19287109375,0.0
7500,cdrm-fp32,345,2,144,2.3255679607391357,0.0004999692198041743,3.672063112258911,True,0.5414777419937309,16384,6144,0.19449869791666666,0.0
7500,cdrm-fp32,346,2,145,2.3378238677978516,0.0004999692198041743,4.785697937011719,True,0.5496192419959698,16384,6144,0.189453125,0.0
7500,cdrm-fp32,347,2,146,2.336965560913086,0.0004999692198041743,4.514587879180908,True,0.5528747680073138,16384,6144,0.19091796875,0.0
7500,cdrm-fp32,348,2,147,2.305449962615967,0.0004999692198041743,2.6055638790130615,True,0.5541565049934434,16384,6144,0.19856770833333334,0.0
7500,cdrm-fp32,349,2,148,2.3177852630615234,0.0004999692198041743,2.4208285808563232,True,0.553297921011108,16384,6144,0.19368489583333334,0.0
7500,cdrm-fp32,350,2,149,2.311016321182251,0.0004999692198041743,3.3242595195770264,True,0.540363474006881,16384,6144,0.19563802083333334,0.0
7500,cdrm-fp32,351,2,150,2.316136360168457,0.0004999692198041743,2.0598177909851074,True,0.5584744619991397,16384,6144,0.19270833333333334,0.0
7500,cdrm-fp32,352,2,151,2.318633794784546,0.0004999692198041743,4.049051761627197,True,0.5360052109899698,16384,6144,0.19254557291666666,0.0
7500,cdrm-fp32,353,2,152,2.3116567134857178,0.0004999692198041743,3.7424557209014893,True,0.542087627996807,16384,6144,0.19889322916666666,0.0
7500,cdrm-fp32,354,2,153,2.3560194969177246,0.0004999692198041743,4.925107002258301,True,0.5506983100058278,16384,6144,0.17919921875,0.0
7500,cdrm-fp32,355,2,154,2.323024034500122,0.0004999692198041743,4.222340106964111,True,0.5448636390065076,16384,6144,0.19661458333333334,0.0
7500,cdrm-fp32,356,2,155,2.306596279144287,0.0004999692198041743,2.590085029602051,True,0.5430439040064812,16384,6144,0.20084635416666666,0.0
7500,cdrm-fp32,357,2,156,2.3088786602020264,0.0004999692198041743,3.696136951446533,True,0.5415775419969577,16384,6144,0.19596354166666666,0.0
7500,cdrm-fp32,358,2,157,2.3082275390625,0.0004999692198041743,3.527364492416382,True,0.5396317029953934,16384,6144,0.20231119791666666,0.0
7500,cdrm-fp32,359,2,158,2.28814697265625,0.0004999692198041743,1.8173744678497314,True,0.5424265300098341,16384,6144,0.20393880208333334,0.0
7500,cdrm-fp32,360,2,159,2.30574369430542,0.0004999692198041743,3.4378128051757812,True,0.5455914469930576,16384,6144,0.19759114583333334,0.0
7500,cdrm-fp32,361,2,160,2.2856903076171875,0.0004999692198041743,2.93992018699646,True,0.537641226008418,16384,6144,0.20475260416666666,0.0
7500,cdrm-fp32,362,2,161,2.3340911865234375,0.0004999692198041743,6.4219841957092285,True,0.539337127993349,16384,6144,0.18912760416666666,0.0
7500,cdrm-fp32,363,2,162,2.3294811248779297,0.0004999692198041743,5.781877517700195,True,0.5337809129996458,16384,6144,0.18831380208333334,0.0
7500,cdrm-fp32,364,2,163,2.2975425720214844,0.0004999692198041743,3.4972922801971436,True,0.5460637880023569,16384,6144,0.20068359375,0.0
7500,cdrm-fp32,365,2,164,2.2905001640319824,0.0004999692198041743,4.111242294311523,True,0.542379335995065,16384,6144,0.20198567708333334,0.0
7500,cdrm-fp32,366,2,165,2.2892050743103027,0.0004999692198041743,3.7931525707244873,True,0.5415055400080746,16384,6144,0.19970703125,0.0
7500,cdrm-fp32,367,2,166,2.2852330207824707,0.0004999692198041743,1.8028262853622437,True,0.5411037849989953,16384,6144,0.20784505208333334,0.0
7500,cdrm-fp32,368,2,167,2.26898193359375,0.0004999692198041743,2.377444267272949,True,0.5402890779951122,16384,6144,0.20947265625,0.0
7500,cdrm-fp32,369,2,168,2.282195806503296,0.0004999692198041743,3.952381134033203,True,0.5449590049975086,16384,6144,0.20540364583333334,0.0
7500,cdrm-fp32,370,2,169,2.29496169090271,0.0004999692198041743,4.093911170959473,True,0.5468915259989444,16384,6144,0.1982421875,0.0
7500,cdrm-fp32,371,2,170,2.2789952754974365,0.0004999692198041743,1.635665774345398,True,0.5473286189953797,16384,6144,0.20345052083333334,0.0
7500,cdrm-fp32,372,2,171,2.2884697914123535,0.0004999692198041743,4.818534851074219,True,0.54157640899939,16384,6144,0.21240234375,0.0
7500,cdrm-fp32,373,2,172,2.295098304748535,0.0004999692198041743,2.4179511070251465,True,0.5478003479947802,16384,6144,0.19921875,0.0
7500,cdrm-fp32,374,2,173,2.2752764225006104,0.0004999692198041743,2.6092123985290527,True,0.5448973970051156,16384,6144,0.20784505208333334,0.0
7500,cdrm-fp32,375,2,174,2.291104793548584,0.0004999692198041743,3.8923680782318115,True,0.549049010995077,16384,6144,0.20654296875,0.0
7500,cdrm-fp32,376,2,175,2.2831854820251465,0.0004999692198041743,2.2929883003234863,True,0.5465709359996254,16384,6144,0.20849609375,0.0
7500,cdrm-fp32,377,2,176,2.2569539546966553,0.0004999692198041743,1.6920148134231567,True,0.5477442169940332,16384,6144,0.20751953125,0.0
7500,cdrm-fp32,378,2,177,2.2796382904052734,0.0004999692198041743,3.3581655025482178,True,0.5410069609933998,16384,6144,0.20524088541666666,0.0
7500,cdrm-fp32,379,2,178,2.2600040435791016,0.0004999692198041743,2.5381696224212646,True,0.5454806960042333,16384,6144,0.2197265625,0.0
7500,cdrm-fp32,380,2,179,2.288576602935791,0.0004999692198041743,7.029475212097168,True,0.5401419330009958,16384,6144,0.20149739583333334,0.0
7500,cdrm-fp32,381,2,180,2.2835311889648438,0.0004999692198041743,3.499920606613159,True,0.5378240430000005,16384,6144,0.20703125,0.0
7500,cdrm-fp32,382,2,181,2.3041162490844727,0.0004999692198041743,5.292251110076904,True,0.5385801679949509,16384,6144,0.20784505208333334,0.0
7500,cdrm-fp32,383,2,182,2.273359537124634,0.0004999692198041743,4.531130313873291,True,0.5424950339947827,16384,6144,0.20556640625,0.0
7500,cdrm-fp32,384,2,183,2.3041024208068848,0.0004999692198041743,6.941653728485107,True,0.540650850001839,16384,6144,0.19059244791666666,0.0
7500,cdrm-fp32,385,2,184,2.3117623329162598,0.0004999692198041743,6.496860980987549,True,0.5402960370120127,16384,6144,0.19156901041666666,0.0
7500,cdrm-fp32,386,2,185,2.299290180206299,0.0004999692198041743,4.669120788574219,True,0.5402597920037806,16384,6144,0.19710286458333334,0.0
7500,cdrm-fp32,387,2,186,2.292619228363037,0.0004999692198041743,5.94082498550415,True,0.5364048780029407,16384,6144,0.201171875,0.0
7500,cdrm-fp32,388,2,187,2.260558843612671,0.0004999692198041743,3.463740587234497,True,0.5390820400061784,16384,6144,0.21321614583333334,0.0
7500,cdrm-fp32,389,2,188,2.2628021240234375,0.0004999692198041743,2.518616199493408,True,0.5393238870019559,16384,6144,0.20947265625,0.0
7500,cdrm-fp32,390,2,189,2.2846310138702393,0.0004999692198041743,6.477179050445557,True,0.5413741340016713,16384,6144,0.19954427083333334,0.0
7500,cdrm-fp32,391,2,190,2.3010401725769043,0.0004999692198041743,6.407960414886475,True,0.5374196220072918,16384,6144,0.19905598958333334,0.0
7500,cdrm-fp32,392,2,191,2.270031690597534,0.0004999692198041743,5.714666366577148,True,0.5441556150035467,16384,6144,0.20296223958333334,0.0
7500,cdrm-fp32,393,2,192,2.271439552307129,0.0004999692198041743,6.184778213500977,True,0.5373496660031378,16384,6144,0.20751953125,0.0
7500,cdrm-fp32,394,2,193,2.239811897277832,0.0004999692198041743,3.641045331954956,True,0.5446079399989685,16384,6144,0.21663411458333334,0.0
7500,cdrm-fp32,395,2,194,2.2306509017944336,0.0004999692198041743,3.1747488975524902,True,0.5426450840022881,16384,6144,0.21695963541666666,0.0
7500,cdrm-fp32,396,2,195,2.2569243907928467,0.0004999692198041743,7.702366828918457,True,0.540556412001024,16384,6144,0.20572916666666666,0.0
7500,cdrm-fp32,397,2,196,2.2581849098205566,0.0004999692198041743,5.9307050704956055,True,0.5401297839998733,16384,6144,0.20686848958333334,0.0
7500,cdrm-fp32,398,2,197,2.2531514167785645,0.0004999692198041743,6.189804553985596,True,0.5492216769926017,16384,6144,0.20930989583333334,0.0
7500,cdrm-fp32,399,2,198,2.275386333465576,0.0004999692198041743,6.107667446136475,True,0.54428457999893,16384,6144,0.20914713541666666,0.0
7500,cdrm-fp32,400,2,199,2.2609500885009766,0.0004999692198041743,5.00974178314209,True,0.54664070099534,16384,6144,0.2099609375,0.0
7500,cdrm-fp32,401,3,0,2.233515739440918,0.00049987688681125,4.709532737731934,True,0.5327716329920804,16384,6144,0.21516927083333334,0.0
7500,cdrm-fp32,402,3,1,2.2536773681640625,0.00049987688681125,6.981198310852051,True,0.5417154930037213,16384,6144,0.21256510416666666,0.0
7500,cdrm-fp32,403,3,2,2.261975049972534,0.00049987688681125,6.2786478996276855,True,0.5357425810070708,16384,6144,0.2099609375,0.0
7500,cdrm-fp32,404,3,3,2.2245919704437256,0.00049987688681125,4.913525104522705,True,0.541573744994821,16384,6144,0.2197265625,0.0
7500,cdrm-fp32,405,3,4,2.312411069869995,0.00049987688681125,9.427517890930176,True,0.5360683190083364,16384,6144,0.193359375,0.0
7500,cdrm-fp32,406,3,5,2.272780418395996,0.00049987688681125,5.985986709594727,True,0.5399510319984984,16384,6144,0.21175130208333334,0.0
7500,cdrm-fp32,407,3,6,2.2568140029907227,0.00049987688681125,7.366778373718262,True,0.5402334169921232,16384,6144,0.21516927083333334,0.0
7500,cdrm-fp32,408,3,7,2.258357524871826,0.00049987688681125,5.351337432861328,True,0.5434073250071378,16384,6144,0.20914713541666666,0.0
7500,cdrm-fp32,409,3,8,2.238882541656494,0.00049987688681125,5.999840259552002,True,0.5331699829985155,16384,6144,0.21761067708333334,0.0
7500,cdrm-fp32,410,3,9,2.230447769165039,0.00049987688681125,5.452285289764404,True,0.5378986449941294,16384,6144,0.21907552083333334,0.0
7500,cdrm-fp32,411,3,10,2.2484445571899414,0.00049987688681125,7.445524215698242,True,0.5383812880027108,16384,6144,0.2158203125,0.0
7500,cdrm-fp32,412,3,11,2.2388179302215576,0.00049987688681125,5.519076824188232,True,0.5377847119962098,16384,6144,0.21256510416666666,0.0
7500,cdrm-fp32,413,3,12,2.2241921424865723,0.00049987688681125,4.458835601806641,True,0.5408544739912031,16384,6144,0.21712239583333334,0.0
7500,cdrm-fp32,414,3,13,2.236241102218628,0.00049987688681125,5.473592758178711,True,0.5408933649887331,16384,6144,0.212890625,0.0
7500,cdrm-fp32,415,3,14,2.2298941612243652,0.00049987688681125,5.310832977294922,True,0.5464176459936425,16384,6144,0.21598307291666666,0.0
7500,cdrm-fp32,416,3,15,2.194575071334839,0.00049987688681125,3.661332130432129,True,0.5389104259957094,16384,6144,0.22688802083333334,0.0
7500,cdrm-fp32,417,3,16,2.237910270690918,0.00049987688681125,6.228344917297363,True,0.535657981003169,16384,6144,0.21533203125,0.0
7500,cdrm-fp32,418,3,17,2.2236499786376953,0.00049987688681125,4.723538398742676,True,0.537841158991796,16384,6144,0.21858723958333334,0.0
7500,cdrm-fp32,419,3,18,2.2152552604675293,0.00049987688681125,5.934487819671631,True,0.5421124899876304,16384,6144,0.21793619791666666,0.0
7500,cdrm-fp32,420,3,19,2.256230354309082,0.00049987688681125,7.014456748962402,True,0.5421692399977474,16384,6144,0.21321614583333334,0.0
7500,cdrm-fp32,421,3,20,2.1937923431396484,0.00049987688681125,3.8256194591522217,True,0.5400574450031854,16384,6144,0.22184244791666666,0.0
7500,cdrm-fp32,422,3,21,2.266829490661621,0.00049987688681125,5.981531143188477,True,0.5355015180102782,16384,6144,0.21207682291666666,0.0
7500,cdrm-fp32,423,3,22,2.2467594146728516,0.00049987688681125,5.320225238800049,True,0.5399191989999963,16384,6144,0.208984375,0.0
7500,cdrm-fp32,424,3,23,2.192833185195923,0.00049987688681125,3.6702895164489746,True,0.5353828349907417,16384,6144,0.22737630208333334,0.0
7500,cdrm-fp32,425,3,24,2.217144012451172,0.00049987688681125,5.659953594207764,True,0.5433329779916676,16384,6144,0.22412109375,0.0
7500,cdrm-fp32,426,3,25,2.1990914344787598,0.00049987688681125,3.2582223415374756,True,0.5463405259943102,16384,6144,0.23079427083333334,0.0
7500,cdrm-fp32,427,3,26,2.214014768600464,0.00049987688681125,4.789729595184326,True,0.5442351490055444,16384,6144,0.21956380208333334,0.0
7500,cdrm-fp32,428,3,27,2.2268033027648926,0.00049987688681125,3.7455945014953613,True,0.5363044330006232,16384,6144,0.21826171875,0.0
7500,cdrm-fp32,429,3,28,2.1954638957977295,0.00049987688681125,4.252128601074219,True,0.5388464510033373,16384,6144,0.22965494791666666,0.0
7500,cdrm-fp32,430,3,29,2.221588611602783,0.00049987688681125,5.928840637207031,True,0.5439635860093404,16384,6144,0.22477213541666666,0.0
7500,cdrm-fp32,431,3,30,2.1910152435302734,0.00049987688681125,3.36391544342041,True,0.541218147991458,16384,6144,0.22444661458333334,0.0
7500,cdrm-fp32,432,3,31,2.209503650665283,0.00049987688681125,4.8658342361450195,True,0.5416271339927334,16384,6144,0.21858723958333334,0.0
7500,cdrm-fp32,433,3,32,2.196500301361084,0.00049987688681125,4.3833208084106445,True,0.5393068020057399,16384,6144,0.22493489583333334,0.0
7500,cdrm-fp32,434,3,33,2.187629222869873,0.00049987688681125,4.090946197509766,True,0.54275728900393,16384,6144,0.22281901041666666,0.0
7500,cdrm-fp32,435,3,34,2.2156028747558594,0.00049987688681125,6.392819881439209,True,0.5378012410074007,16384,6144,0.21988932291666666,0.0
7500,cdrm-fp32,436,3,35,2.178776264190674,0.00049987688681125,4.8087944984436035,True,0.536574001002009,16384,6144,0.228515625,0.0
7500,cdrm-fp32,437,3,36,2.1778512001037598,0.00049987688681125,4.407670974731445,True,0.5372922340029618,16384,6144,0.22900390625,0.0
7500,cdrm-fp32,438,3,37,2.168912410736084,0.00049987688681125,4.5765767097473145,True,0.5430690130015137,16384,6144,0.23079427083333334,0.0
7500,cdrm-fp32,439,3,38,2.168747663497925,0.00049987688681125,3.7361767292022705,True,0.5368148389970884,16384,6144,0.23551432291666666,0.0
7500,cdrm-fp32,440,3,39,2.16827654838562,0.00049987688681125,5.495915412902832,True,0.5393322220043046,16384,6144,0.22981770833333334,0.0
7500,cdrm-fp32,441,3,40,2.1691365242004395,0.00049987688681125,2.717113733291626,True,0.5389434739918215,16384,6144,0.23258463541666666,0.0
7500,cdrm-fp32,442,3,41,2.1919450759887695,0.00049987688681125,5.846867084503174,True,0.5465024989971425,16384,6144,0.22574869791666666,0.0
7500,cdrm-fp32,443,3,42,2.2198188304901123,0.00049987688681125,7.899314880371094,True,0.5338841790071456,16384,6144,0.22347005208333334,0.0
7500,cdrm-fp32,444,3,43,2.1767196655273438,0.00049987688681125,4.902930736541748,True,0.5315595899883192,16384,6144,0.23616536458333334,0.0
7500,cdrm-fp32,445,3,44,2.1556172370910645,0.00049987688681125,6.3806471824646,True,0.5378627140016761,16384,6144,0.2353515625,0.0
7500,cdrm-fp32,446,3,45,2.1786563396453857,0.00049987688681125,6.130539417266846,True,0.5412047059944598,16384,6144,0.23470052083333334,0.0
7500,cdrm-fp32,447,3,46,2.176027536392212,0.00049987688681125,3.7701761722564697,True,0.5453491319931345,16384,6144,0.22819010416666666,0.0
7500,cdrm-fp32,448,3,47,2.1723155975341797,0.00049987688681125,3.76678204536438,True,0.542740718999994,16384,6144,0.23860677083333334,0.0
7500,cdrm-fp32,449,3,48,2.173938751220703,0.00049987688681125,5.416579246520996,True,0.5422675820009317,16384,6144,0.23258463541666666,0.0
7500,cdrm-fp32,450,3,49,2.175203800201416,0.00049987688681125,8.074431419372559,True,0.5399874720023945,16384,6144,0.23518880208333334,0.0
7500,cdrm-fp32,451,3,50,2.1512274742126465,0.00049987688681125,2.824751615524292,True,0.5418831610004418,16384,6144,0.23518880208333334,0.0
7500,cdrm-fp32,452,3,51,2.19417667388916,0.00049987688681125,7.367374897003174,True,0.5429186550027225,16384,6144,0.22965494791666666,0.0
7500,cdrm-fp32,453,3,52,2.187434196472168,0.00049987688681125,5.5311079025268555,True,0.5434737580071669,16384,6144,0.22688802083333334,0.0
7500,cdrm-fp32,454,3,53,2.1967155933380127,0.00049987688681125,7.776024341583252,True,0.5455615509999916,16384,6144,0.22054036458333334,0.0
7500,cdrm-fp32,455,3,54,2.2035624980926514,0.00049987688681125,6.908890724182129,True,0.5415457039925968,16384,6144,0.22444661458333334,0.0
7500,cdrm-fp32,456,3,55,2.1949570178985596,0.00049987688681125,6.716867923736572,True,0.5428330879949499,16384,6144,0.23030598958333334,0.0
7500,cdrm-fp32,457,3,56,2.2093448638916016,0.00049987688681125,6.10887336730957,True,0.5410504829924321,16384,6144,0.22054036458333334,0.0
7500,cdrm-fp32,458,3,57,2.156358242034912,0.00049987688681125,5.159781455993652,True,0.5408977560000494,16384,6144,0.232421875,0.0
7500,cdrm-fp32,459,3,58,2.203918218612671,0.00049987688681125,7.440462112426758,True,0.5424821659980807,16384,6144,0.22965494791666666,0.0
7500,cdrm-fp32,460,3,59,2.1682820320129395,0.00049987688681125,4.176802158355713,True,0.5428581470041536,16384,6144,0.23323567708333334,0.0
7500,cdrm-fp32,461,3,60,2.2004058361053467,0.00049987688681125,8.584195137023926,True,0.5396973390015773,16384,6144,0.22233072916666666,0.0
7500,cdrm-fp32,462,3,61,2.2080349922180176,0.00049987688681125,7.793450832366943,True,0.5575851710018469,16384,6144,0.22493489583333334,0.0
7500,cdrm-fp32,463,3,62,2.1693315505981445,0.00049987688681125,5.646122932434082,True,0.5410285550024128,16384,6144,0.22802734375,0.0
7500,cdrm-fp32,464,3,63,2.191648006439209,0.00049987688681125,9.513896942138672,True,0.5476722449966474,16384,6144,0.22444661458333334,0.0
7500,cdrm-fp32,465,3,64,2.1867973804473877,0.00049987688681125,6.7278642654418945,True,0.5337161380011821,16384,6144,0.23128255208333334,0.0
7500,cdrm-fp32,466,3,65,2.1879231929779053,0.00049987688681125,9.037123680114746,True,0.5414072429994121,16384,6144,0.22607421875,0.0
7500,cdrm-fp32,467,3,66,2.1728644371032715,0.00049987688681125,7.4313273429870605,True,0.5439329469954828,16384,6144,0.22998046875,0.0
7500,cdrm-fp32,468,3,67,2.194287061691284,0.00049987688681125,11.864477157592773,True,0.5424097619979875,16384,6144,0.22493489583333334,0.0
7500,cdrm-fp32,469,3,68,2.161724090576172,0.00049987688681125,6.718186378479004,True,0.5387762890022714,16384,6144,0.232421875,0.0
7500,cdrm-fp32,470,3,69,2.210944890975952,0.00049987688681125,11.310514450073242,True,0.5363942529947963,16384,6144,0.22021484375,0.0
7500,cdrm-fp32,471,3,70,2.188779354095459,0.00049987688681125,9.223560333251953,True,0.5391369550052332,16384,6144,0.22916666666666666,0.0
7500,cdrm-fp32,472,3,71,2.168292999267578,0.00049987688681125,9.0902681350708,True,0.5451436529983766,16384,6144,0.22737630208333334,0.0
7500,cdrm-fp32,473,3,72,2.128711700439453,0.00049987688681125,7.939862251281738,True,0.5387636500090593,16384,6144,0.24104817708333334,0.0
7500,cdrm-fp32,474,3,73,2.2030258178710938,0.00049987688681125,12.94522762298584,True,0.5417152549925959,16384,6144,0.22493489583333334,0.0
7500,cdrm-fp32,475,3,74,2.210416793823242,0.00049987688681125,12.46690559387207,True,0.5389925740018953,16384,6144,0.22249348958333334,0.0
7500,cdrm-fp32,476,3,75,2.1272904872894287,0.00049987688681125,3.576357364654541,True,0.5375398010073695,16384,6144,0.23746744791666666,0.0
7500,cdrm-fp32,477,3,76,2.122256278991699,0.00049987688681125,5.998440742492676,True,0.5375169940089108,16384,6144,0.24088541666666666,0.0
7500,cdrm-fp32,478,3,77,2.147817611694336,0.00049987688681125,7.459171772003174,True,0.5452080920076696,16384,6144,0.2392578125,0.0
7500,cdrm-fp32,479,3,78,2.117380142211914,0.00049987688681125,4.930590629577637,True,0.549154787993757,16384,6144,0.24772135416666666,0.0
7500,cdrm-fp32,480,3,79,2.1997315883636475,0.00049987688681125,13.126275062561035,True,0.5645130519988015,16384,6144,0.22249348958333334,0.0
7500,cdrm-fp32,481,3,80,2.2052602767944336,0.00049987688681125,12.454489707946777,True,0.5448774129908998,16384,6144,0.22542317708333334,0.0
7500,cdrm-fp32,482,3,81,2.2214736938476562,0.00049987688681125,11.838489532470703,True,0.5385486090090126,16384,6144,0.22233072916666666,0.0
7500,cdrm-fp32,483,3,82,2.1801223754882812,0.00049987688681125,12.161453247070312,True,0.5473562889965251,16384,6144,0.22607421875,0.0
7500,cdrm-fp32,484,3,83,2.1201608180999756,0.00049987688681125,5.851346492767334,True,0.5386356429953594,16384,6144,0.24560546875,0.0
7500,cdrm-fp32,485,3,84,2.119550943374634,0.00049987688681125,7.1366777420043945,True,0.5400825529941358,16384,6144,0.24560546875,0.0
7500,cdrm-fp32,486,3,85,2.199754476547241,0.00049987688681125,11.854986190795898,True,0.5381306490016868,16384,6144,0.22298177083333334,0.0
7500,cdrm-fp32,487,3,86,2.1975133419036865,0.00049987688681125,10.772143363952637,True,0.5392267899878789,16384,6144,0.22395833333333334,0.0
7500,cdrm-fp32,488,3,87,2.1440882682800293,0.00049987688681125,8.42619514465332,True,0.5354813930025557,16384,6144,0.23616536458333334,0.0
7500,cdrm-fp32,489,3,88,2.1201729774475098,0.00049987688681125,8.835911750793457,True,0.5393779360019835,16384,6144,0.2392578125,0.0
7500,cdrm-fp32,490,3,89,2.1421236991882324,0.00049987688681125,9.204631805419922,True,0.5421801799966488,16384,6144,0.23665364583333334,0.0
7500,cdrm-fp32,491,3,90,2.1297366619110107,0.00049987688681125,9.116148948669434,True,0.5422255980083719,16384,6144,0.24348958333333334,0.0
7500,cdrm-fp32,492,3,91,2.1291580200195312,0.00049987688681125,9.762775421142578,True,0.5413714419992175,16384,6144,0.24462890625,0.0
7500,cdrm-fp32,493,3,92,2.1268956661224365,0.00049987688681125,7.867117404937744,True,0.535798707001959,16384,6144,0.24544270833333334,0.0
7500,cdrm-fp32,494,3,93,2.115264415740967,0.00049987688681125,7.982646942138672,True,0.5346521280007437,16384,6144,0.24641927083333334,0.0
7500,cdrm-fp32,495,3,94,2.0964250564575195,0.00049987688681125,8.239413261413574,True,0.5332868350087665,16384,6144,0.24788411458333334,0.0
7500,cdrm-fp32,496,3,95,2.1465606689453125,0.00049987688681125,11.519492149353027,True,0.5454445279901847,16384,6144,0.23193359375,0.0
7500,cdrm-fp32,497,3,96,2.1312642097473145,0.00049987688681125,11.512243270874023,True,0.5430131970060756,16384,6144,0.2314453125,0.0
7500,cdrm-fp32,498,3,97,2.122002124786377,0.00049987688681125,9.960622787475586,True,0.5392475050030043,16384,6144,0.24186197916666666,0.0
7500,cdrm-fp32,499,3,98,2.094015598297119,0.00049987688681125,9.289280891418457,True,0.5343569840042619,16384,6144,0.24576822916666666,0.0
7500,cdrm-fp32,500,3,99,2.1038854122161865,0.00049987688681125,10.83868408203125,True,0.5373783490067581,16384,6144,0.24560546875,0.0
7500,cdrm-fp32,501,3,100,2.086629867553711,0.00049987688681125,8.147485733032227,True,0.537989781005308,16384,6144,0.24169921875,0.0
7500,cdrm-fp32,502,3,101,2.168874740600586,0.00049987688681125,12.308405876159668,True,0.5376976069965167,16384,6144,0.23811848958333334,0.0
7500,cdrm-fp32,503,3,102,2.159519672393799,0.00049987688681125,11.242927551269531,True,0.5380998250038829,16384,6144,0.23681640625,0.0
7500,cdrm-fp32,504,3,103,2.0720808506011963,0.00049987688681125,7.349271297454834,True,0.5384650019987021,16384,6144,0.2529296875,0.0
7500,cdrm-fp32,505,3,104,2.0638797283172607,0.00049987688681125,6.53590202331543,True,0.5441715609922539,16384,6144,0.24837239583333334,0.0
7500,cdrm-fp32,506,3,105,2.128554105758667,0.00049987688681125,12.699227333068848,True,0.5344800189923262,16384,6144,0.24365234375,0.0
7500,cdrm-fp32,507,3,106,2.080880641937256,0.00049987688681125,8.473639488220215,True,0.5371733449865133,16384,6144,0.24820963541666666,0.0
7500,cdrm-fp32,508,3,107,2.117569923400879,0.00049987688681125,11.186017036437988,True,0.5444205290114041,16384,6144,0.24055989583333334,0.0
7500,cdrm-fp32,509,3,108,2.075352668762207,0.00049987688681125,9.640893936157227,True,0.5326053070020862,16384,6144,0.2548828125,0.0
7500,cdrm-fp32,510,3,109,2.073000907897949,0.00049987688681125,8.32253646850586,True,0.5441658539930359,16384,6144,0.2566731770833333,0.0
7500,cdrm-fp32,511,3,110,2.0737953186035156,0.00049987688681125,8.28366470336914,True,0.5358697949995985,16384,6144,0.2513020833333333,0.0
7500,cdrm-fp32,512,3,111,2.1003124713897705,0.00049987688681125,12.782881736755371,True,0.5403681559982942,16384,6144,0.24609375,0.0
7500,cdrm-fp32,513,3,112,2.075967311859131,0.00049987688681125,10.340209007263184,True,0.5324281200009864,16384,6144,0.2561848958333333,0.0
7500,cdrm-fp32,514,3,113,2.1085171699523926,0.00049987688681125,12.376725196838379,True,0.5383181359939044,16384,6144,0.24446614583333334,0.0
7500,cdrm-fp32,515,3,114,2.0886454582214355,0.00049987688681125,11.259855270385742,True,0.5374825180042535,16384,6144,0.2516276041666667,0.0
7500,cdrm-fp32,516,3,115,2.0611391067504883,0.00049987688681125,9.25230884552002,True,0.5392199460038682,16384,6144,0.2566731770833333,0.0
7500,cdrm-fp32,517,3,116,2.062239646911621,0.00049987688681125,7.724850177764893,True,0.5338914080057293,16384,6144,0.2511393229166667,0.0
7500,cdrm-fp32,518,3,117,2.081573724746704,0.00049987688681125,10.665526390075684,True,0.530301980994409,16384,6144,0.24723307291666666,0.0
7500,cdrm-fp32,519,3,118,2.0719804763793945,0.00049987688681125,9.952817916870117,True,0.5392892770032631,16384,6144,0.2526041666666667,0.0
7500,cdrm-fp32,520,3,119,2.080626964569092,0.00049987688681125,12.096081733703613,True,0.5464233110105852,16384,6144,0.24983723958333334,0.0
7500,cdrm-fp32,521,3,120,2.082580804824829,0.00049987688681125,9.22796630859375,True,0.5343835870007752,16384,6144,0.2576497395833333,0.0
7500,cdrm-fp32,522,3,121,2.0883216857910156,0.00049987688681125,10.717267036437988,True,0.533660899993265,16384,6144,0.24690755208333334,0.0
7500,cdrm-fp32,523,3,122,2.0879416465759277,0.00049987688681125,8.814594268798828,True,0.533965349997743,16384,6144,0.25,0.0
7500,cdrm-fp32,524,3,123,2.017010450363159,0.00049987688681125,5.66418981552124,True,0.5387606609874638,16384,6144,0.2734375,0.0
7500,cdrm-fp32,525,3,124,2.1139044761657715,0.00049987688681125,10.238252639770508,True,0.537851725006476,16384,6144,0.24365234375,0.0
7500,cdrm-fp32,526,3,125,2.023223876953125,0.00049987688681125,3.6259732246398926,True,0.5348807169939391,16384,6144,0.26513671875,0.0
7500,cdrm-fp32,527,3,126,2.253246784210205,0.00049987688681125,14.83525562286377,True,0.5362463410128839,16384,6144,0.22216796875,0.0
7500,cdrm-fp32,528,3,127,2.3277413845062256,0.00049987688681125,12.507461547851562,True,0.5385904150025453,16384,6144,0.20703125,0.0
7500,cdrm-fp32,529,3,128,2.0864579677581787,0.00049987688681125,5.279682636260986,True,0.5413611629919615,16384,6144,0.24853515625,0.0
7500,cdrm-fp32,530,3,129,2.2561254501342773,0.00049987688681125,10.069939613342285,True,0.5444300460076192,16384,6144,0.20589192708333334,0.0
7500,cdrm-fp32,531,3,130,2.3431382179260254,0.00049987688681125,8.228961944580078,True,0.5402582800015807,16384,6144,0.18766276041666666,0.0
7500,cdrm-fp32,532,3,131,2.2344231605529785,0.00049987688681125,8.845751762390137,True,0.5373983000026783,16384,6144,0.21402994791666666,0.0
7500,cdrm-fp32,533,3,132,2.1249351501464844,0.00049987688681125,5.7442307472229,True,0.5386369240004569,16384,6144,0.24593098958333334,0.0
7500,cdrm-fp32,534,3,133,2.2354750633239746,0.00049987688681125,11.558460235595703,True,0.5404436779936077,16384,6144,0.22428385416666666,0.0
7500,cdrm-fp32,535,3,134,2.296527862548828,0.00049987688681125,9.728960990905762,True,0.5449134520022199,16384,6144,0.19563802083333334,0.0
7500,cdrm-fp32,536,3,135,2.2256827354431152,0.00049987688681125,4.8384222984313965,True,0.5401001220016042,16384,6144,0.21419270833333334,0.0
7500,cdrm-fp32,537,3,136,2.187386989593506,0.00049987688681125,10.559943199157715,True,0.530990635001217,16384,6144,0.2265625,0.0
7500,cdrm-fp32,538,3,137,2.1777493953704834,0.00049987688681125,5.134058952331543,True,0.5488190050091362,16384,6144,0.23291015625,0.0
7500,cdrm-fp32,539,3,138,2.2301321029663086,0.00049987688681125,8.53968620300293,True,0.5409064929990564,16384,6144,0.20930989583333334,0.0
7500,cdrm-fp32,540,3,139,2.2276124954223633,0.00049987688681125,9.720568656921387,True,0.540019730993663,16384,6144,0.21809895833333334,0.0
7500,cdrm-fp32,541,3,140,2.1217856407165527,0.00049987688681125,2.3117518424987793,True,0.5426925509964349,16384,6144,0.24235026041666666,0.0
7500,cdrm-fp32,542,3,141,2.1994950771331787,0.00049987688681125,12.818525314331055,True,0.5407413089997135,16384,6144,0.21923828125,0.0
7500,cdrm-fp32,543,3,142,2.2413010597229004,0.00049987688681125,10.24522590637207,True,0.5333259159961017,16384,6144,0.21598307291666666,0.0
7500,cdrm-fp32,544,3,143,2.2305760383605957,0.00049987688681125,7.045642375946045,True,0.5411297499958891,16384,6144,0.21158854166666666,0.0
7500,cdrm-fp32,545,3,144,2.185809850692749,0.00049987688681125,10.551281929016113,True,0.538925904998905,16384,6144,0.22916666666666666,0.0
7500,cdrm-fp32,546,3,145,2.142179489135742,0.00049987688681125,7.8595709800720215,True,0.5417385660111904,16384,6144,0.2333984375,0.0
7500,cdrm-fp32,547,3,146,2.113896608352661,0.00049987688681125,5.900196552276611,True,0.530620364996139,16384,6144,0.2275390625,0.0
7500,cdrm-fp32,548,3,147,2.0905933380126953,0.00049987688681125,2.96863055229187,True,0.5321707999974024,16384,6144,0.2540690104166667,0.0
7500,cdrm-fp32,549,3,148,2.0980048179626465,0.00049987688681125,4.673582553863525,True,0.5331208900024649,16384,6144,0.24397786458333334,0.0
7500,cdrm-fp32,550,3,149,2.091409683227539,0.00049987688681125,4.09435510635376,True,0.547521054992103,16384,6144,0.2517903645833333,0.0
7500,cdrm-fp32,551,3,150,2.074345350265503,0.00049987688681125,5.098752021789551,True,0.5379095440002857,16384,6144,0.2547200520833333,0.0
7500,cdrm-fp32,552,3,151,2.047886848449707,0.00049987688681125,4.58939266204834,True,0.5543478909967234,16384,6144,0.2618815104166667,0.0
7500,cdrm-fp32,553,3,152,2.0494372844696045,0.00049987688681125,4.146474361419678,True,0.5452284070051974,16384,6144,0.2566731770833333,0.0
7500,cdrm-fp32,554,3,153,2.071847677230835,0.00049987688681125,9.290656089782715,True,0.5436994019983103,16384,6144,0.24837239583333334,0.0
7500,cdrm-fp32,555,3,154,2.0902981758117676,0.00049987688681125,6.618294715881348,True,0.5409880460065324,16384,6144,0.24967447916666666,0.0
7500,cdrm-fp32,556,3,155,2.070570468902588,0.00049987688681125,3.541985511779785,True,0.5382809830043698,16384,6144,0.2501627604166667,0.0
7500,cdrm-fp32,557,3,156,2.0193698406219482,0.00049987688681125,5.557054042816162,True,0.5417386619956233,16384,6144,0.2646484375,0.0
7500,cdrm-fp32,558,3,157,2.1979665756225586,0.00049987688681125,18.611225128173828,True,0.542062876993441,16384,6144,0.22281901041666666,0.0
7500,cdrm-fp32,559,3,158,2.181103467941284,0.00049987688681125,13.157486915588379,True,0.5389396800019313,16384,6144,0.22347005208333334,0.0
7500,cdrm-fp32,560,3,159,2.182626247406006,0.00049987688681125,12.95688533782959,True,0.5298285560129443,16384,6144,0.23193359375,0.0
7500,cdrm-fp32,561,3,160,2.187406539916992,0.00049987688681125,13.128887176513672,True,0.5357854449976003,16384,6144,0.22135416666666666,0.0
7500,cdrm-fp32,562,3,161,2.119016170501709,0.00049987688681125,9.551094055175781,True,0.5324352260067826,16384,6144,0.24186197916666666,0.0
7500,cdrm-fp32,563,3,162,2.0908150672912598,0.00049987688681125,7.687332630157471,True,0.5361865789891453,16384,6144,0.2529296875,0.0
7500,cdrm-fp32,564,3,163,2.1043052673339844,0.00049987688681125,7.842272758483887,True,0.5406123100110563,16384,6144,0.24430338541666666,0.0
7500,cdrm-fp32,565,3,164,2.0718793869018555,0.00049987688681125,6.7244038581848145,True,0.5379785230034031,16384,6144,0.2545572916666667,0.0
7500,cdrm-fp32,566,3,165,2.0831446647644043,0.00049987688681125,10.180074691772461,True,0.5329138230008539,16384,6144,0.24886067708333334,0.0
7500,cdrm-fp32,567,3,166,2.090193510055542,0.00049987688681125,9.815738677978516,True,0.5335450270067668,16384,6144,0.2532552083333333,0.0
7500,cdrm-fp32,568,3,167,2.0499415397644043,0.00049987688681125,8.886211395263672,True,0.5439412249979796,16384,6144,0.2574869791666667,0.0
7500,cdrm-fp32,569,3,168,2.042497158050537,0.00049987688681125,7.987398147583008,True,0.5371911549882498,16384,6144,0.2594401041666667,0.0
7500,cdrm-fp32,570,3,169,2.0614449977874756,0.00049987688681125,12.073005676269531,True,0.5338045930111548,16384,6144,0.251953125,0.0
7500,cdrm-fp32,571,3,170,2.050128221511841,0.00049987688681125,8.093328475952148,True,0.532035955999163,16384,6144,0.2527669270833333,0.0
7500,cdrm-fp32,572,3,171,2.0577659606933594,0.00049987688681125,13.258023262023926,True,0.5412818490003701,16384,6144,0.2552083333333333,0.0
7500,cdrm-fp32,573,3,172,2.0368449687957764,0.00049987688681125,8.077997207641602,True,0.5389259289950132,16384,6144,0.2587890625,0.0
7500,cdrm-fp32,574,3,173,1.982130765914917,0.00049987688681125,7.118850231170654,True,0.5429584299999988,16384,6144,0.2731119791666667,0.0
7500,cdrm-fp32,575,3,174,2.0803937911987305,0.00049987688681125,13.333989143371582,True,0.5414663449919317,16384,6144,0.24820963541666666,0.0
7500,cdrm-fp32,576,3,175,2.003023147583008,0.00049987688681125,6.798278331756592,True,0.5389783869904932,16384,6144,0.2682291666666667,0.0
7500,cdrm-fp32,577,3,176,2.147321939468384,0.00049987688681125,19.582870483398438,True,0.5404960189916892,16384,6144,0.23665364583333334,0.0
7500,cdrm-fp32,578,3,177,2.1930904388427734,0.00049987688681125,15.886921882629395,True,0.5362577280029655,16384,6144,0.22623697916666666,0.0
7500,cdrm-fp32,579,3,178,2.086360454559326,0.00049987688681125,15.600168228149414,True,0.5382848829904106,16384,6144,0.24934895833333334,0.0
7500,cdrm-fp32,580,3,179,2.0651302337646484,0.00049987688681125,14.094281196594238,True,0.539112237005611,16384,6144,0.24658203125,0.0
7500,cdrm-fp32,581,3,180,2.1402478218078613,0.00049987688681125,15.6410493850708,True,0.5380866380000953,16384,6144,0.23209635416666666,0.0
7500,cdrm-fp32,582,3,181,2.144714117050171,0.00049987688681125,16.874242782592773,True,0.5392424349993235,16384,6144,0.23795572916666666,0.0
7500,cdrm-fp32,583,3,182,2.015907049179077,0.00049987688681125,5.126001834869385,True,0.5402724509913241,16384,6144,0.2591145833333333,0.0
7500,cdrm-fp32,584,3,183,2.069826602935791,0.00049987688681125,12.353976249694824,True,0.5395164750079857,16384,6144,0.244140625,0.0
7500,cdrm-fp32,585,3,184,2.1142079830169678,0.00049987688681125,9.067500114440918,True,0.5375687069899868,16384,6144,0.24365234375,0.0
7500,cdrm-fp32,586,3,185,2.0353989601135254,0.00049987688681125,9.876273155212402,True,0.5428994800022338,16384,6144,0.2613932291666667,0.0
7500,cdrm-fp32,587,3,186,2.0121326446533203,0.00049987688681125,7.494894027709961,True,0.5420602840022184,16384,6144,0.2682291666666667,0.0
7500,cdrm-fp32,588,3,187,1.991887092590332,0.00049987688681125,4.5596208572387695,True,0.557581860004575,16384,6144,0.2662760416666667,0.0
7500,cdrm-fp32,589,3,188,2.020071506500244,0.00049987688681125,6.623352527618408,True,0.5372609769983683,16384,6144,0.2576497395833333,0.0
7500,cdrm-fp32,590,3,189,1.9680036306381226,0.00049987688681125,6.727624416351318,True,0.5362232909974409,16384,6144,0.2716471354166667,0.0
7500,cdrm-fp32,591,3,190,2.021671772003174,0.00049987688681125,13.160256385803223,True,0.5414327309990767,16384,6144,0.26416015625,0.0
7500,cdrm-fp32,592,3,191,2.018129348754883,0.00049987688681125,7.390501022338867,True,0.5372946199931903,16384,6144,0.2662760416666667,0.0
7500,cdrm-fp32,593,3,192,2.04187273979187,0.00049987688681125,16.95156478881836,True,0.5397894820052898,16384,6144,0.25634765625,0.0
7500,cdrm-fp32,594,3,193,2.0343968868255615,0.00049987688681125,12.005462646484375,True,0.5391392480087234,16384,6144,0.2521158854166667,0.0
7500,cdrm-fp32,595,3,194,2.042119026184082,0.00049987688681125,14.041189193725586,True,0.5507501719985157,16384,6144,0.2501627604166667,0.0
7500,cdrm-fp32,596,3,195,1.9853414297103882,0.00049987688681125,8.31531810760498,True,0.5347388719965238,16384,6144,0.26708984375,0.0
7500,cdrm-fp32,597,3,196,2.061583995819092,0.00049987688681125,18.4589900970459,True,0.5400025679991813,16384,6144,0.24886067708333334,0.0
7500,cdrm-fp32,598,3,197,2.034140110015869,0.00049987688681125,13.314414978027344,True,0.5397265589999733,16384,6144,0.2693684895833333,0.0
7500,cdrm-fp32,599,3,198,2.1958723068237305,0.00049987688681125,25.89205551147461,True,0.537973200000124,16384,6144,0.21988932291666666,0.0
7500,cdrm-fp32,600,3,199,2.180910110473633,0.00049987688681125,23.635639190673828,True,0.5433391009864863,16384,6144,0.22639973958333334,0.0
7500,cdrm-fp32,601,4,0,1.9715297222137451,0.0004997230238030115,4.595672607421875,True,0.5394244290073402,16384,6144,0.2737630208333333,0.0
7500,cdrm-fp32,602,4,1,2.099247455596924,0.0004997230238030115,19.027568817138672,True,0.5424254969984759,16384,6144,0.24365234375,0.0
7500,cdrm-fp32,603,4,2,2.117283344268799,0.0004997230238030115,13.220105171203613,True,0.5424353840062395,16384,6144,0.24397786458333334,0.0
7500,cdrm-fp32,604,4,3,2.122744560241699,0.0004997230238030115,12.944143295288086,True,0.5416023910074728,16384,6144,0.23828125,0.0
7500,cdrm-fp32,605,4,4,2.088740825653076,0.0004997230238030115,11.693768501281738,True,0.5444786810112419,16384,6144,0.24251302083333334,0.0
7500,cdrm-fp32,606,4,5,2.0233702659606934,0.0004997230238030115,11.893819808959961,True,0.5397820399957709,16384,6144,0.2578125,0.0
7500,cdrm-fp32,607,4,6,2.0207715034484863,0.0004997230238030115,12.109033584594727,True,0.5511159560119268,16384,6144,0.25830078125,0.0
7500,cdrm-fp32,608,4,7,2.0169026851654053,0.0004997230238030115,10.963983535766602,True,0.5409604099986609,16384,6144,0.26318359375,0.0
7500,cdrm-fp32,609,4,8,2.0167529582977295,0.0004997230238030115,9.200193405151367,True,0.5343308559968136,16384,6144,0.2654622395833333,0.0
7500,cdrm-fp32,610,4,9,2.0678000450134277,0.0004997230238030115,12.742670059204102,True,0.5327858999953605,16384,6144,0.25439453125,0.0
7500,cdrm-fp32,611,4,10,2.0073962211608887,0.0004997230238030115,11.410660743713379,True,0.5293441979883937,16384,6144,0.2657877604166667,0.0
7500,cdrm-fp32,612,4,11,1.9725072383880615,0.0004997230238030115,9.386391639709473,True,0.5434908510069363,16384,6144,0.2724609375,0.0
7500,cdrm-fp32,613,4,12,1.9922544956207275,0.0004997230238030115,7.34310245513916,True,0.5378358969901456,16384,6144,0.27490234375,0.0
7500,cdrm-fp32,614,4,13,1.9992088079452515,0.0004997230238030115,14.703863143920898,True,0.53790504198696,16384,6144,0.2643229166666667,0.0
7500,cdrm-fp32,615,4,14,1.973671317100525,0.0004997230238030115,10.018184661865234,True,0.5290700659970753,16384,6144,0.2706705729166667,0.0
7500,cdrm-fp32,616,4,15,2.051225185394287,0.0004997230238030115,17.52604866027832,True,0.532227823001449,16384,6144,0.24886067708333334,0.0
7500,cdrm-fp32,617,4,16,2.0375542640686035,0.0004997230238030115,17.042072296142578,True,0.5430032650037901,16384,6144,0.2565104166666667,0.0
7500,cdrm-fp32,618,4,17,1.9927494525909424,0.0004997230238030115,12.50698184967041,True,0.5382027670129901,16384,6144,0.2620442708333333,0.0
7500,cdrm-fp32,619,4,18,1.9546473026275635,0.0004997230238030115,11.771825790405273,True,0.5378497039928334,16384,6144,0.2652994791666667,0.0
7500,cdrm-fp32,620,4,19,1.997598648071289,0.0004997230238030115,18.023584365844727,True,0.5623511590092676,16384,6144,0.2669270833333333,0.0
7500,cdrm-fp32,621,4,20,1.9632627964019775,0.0004997230238030115,13.904437065124512,True,0.5424516560015036,16384,6144,0.2770182291666667,0.0
7500,cdrm-fp32,622,4,21,2.020254373550415,0.0004997230238030115,17.523160934448242,True,0.5364160839963006,16384,6144,0.2561848958333333,0.0
7500,cdrm-fp32,623,4,22,2.01163911819458,0.0004997230238030115,16.893848419189453,True,0.539073976004147,16384,6144,0.2654622395833333,0.0
7500,cdrm-fp32,624,4,23,1.9348796606063843,0.0004997230238030115,8.240066528320312,True,0.5357672149984865,16384,6144,0.2765299479166667,0.0
7500,cdrm-fp32,625,4,24,1.9211680889129639,0.0004997230238030115,7.3257341384887695,True,0.5380479890009155,16384,6144,0.2853190104166667,0.0
7500,cdrm-fp32,626,4,25,1.9900341033935547,0.0004997230238030115,18.620176315307617,True,0.5382867930020439,16384,6144,0.26708984375,0.0
7500,cdrm-fp32,627,4,26,2.0166311264038086,0.0004997230238030115,16.645435333251953,True,0.5418974130006973,16384,6144,0.2609049479166667,0.0
7500,cdrm-fp32,628,4,27,1.9328292608261108,0.0004997230238030115,11.666596412658691,True,0.5324531590013066,16384,6144,0.2786458333333333,0.0
7500,cdrm-fp32,629,4,28,1.9591331481933594,0.0004997230238030115,14.017556190490723,True,0.5312484830064932,16384,6144,0.26904296875,0.0
7500,cdrm-fp32,630,4,29,2.014768362045288,0.0004997230238030115,19.50379180908203,True,0.5362656499928562,16384,6144,0.2560221354166667,0.0
7500,cdrm-fp32,631,4,30,1.9833492040634155,0.0004997230238030115,16.35300636291504,True,0.5375975500064669,16384,6144,0.2703450520833333,0.0
7500,cdrm-fp32,632,4,31,1.9474281072616577,0.0004997230238030115,13.650496482849121,True,0.5313621230015997,16384,6144,0.2775065104166667,0.0
7500,cdrm-fp32,633,4,32,1.9611915349960327,0.0004997230238030115,16.733570098876953,True,0.5287287450046279,16384,6144,0.2677408854166667,0.0
7500,cdrm-fp32,634,4,33,1.916475534439087,0.0004997230238030115,12.104327201843262,True,0.5312112340034219,16384,6144,0.27783203125,0.0
7500,cdrm-fp32,635,4,34,1.911831259727478,0.0004997230238030115,11.076717376708984,True,0.5650206249993062,16384,6144,0.2919921875,0.0
7500,cdrm-fp32,636,4,35,1.9648427963256836,0.0004997230238030115,15.014663696289062,True,0.5405688570026541,16384,6144,0.271484375,0.0
7500,cdrm-fp32,637,4,36,1.9458703994750977,0.0004997230238030115,16.557947158813477,True,0.5389034309919225,16384,6144,0.2757161458333333,0.0
7500,cdrm-fp32,638,4,37,1.9158008098602295,0.0004997230238030115,12.537004470825195,True,0.5343400819983799,16384,6144,0.2814127604166667,0.0
7500,cdrm-fp32,639,4,38,1.9089025259017944,0.0004997230238030115,10.67276668548584,True,0.53599643499183,16384,6144,0.2893880208333333,0.0
7500,cdrm-fp32,640,4,39,1.9668166637420654,0.0004997230238030115,18.71222496032715,True,0.5316011109971441,16384,6144,0.2649739583333333,0.0
7500,cdrm-fp32,641,4,40,1.9272140264511108,0.0004997230238030115,13.97905158996582,True,0.5373254019941669,16384,6144,0.2718098958333333,0.0
7500,cdrm-fp32,642,4,41,1.9361064434051514,0.0004997230238030115,15.899839401245117,True,0.5352701959927799,16384,6144,0.27734375,0.0
7500,cdrm-fp32,643,4,42,1.9180282354354858,0.0004997230238030115,14.561116218566895,True,0.5314513799967244,16384,6144,0.2804361979166667,0.0
7500,cdrm-fp32,644,4,43,1.9708404541015625,0.0004997230238030115,17.2083797454834,True,0.5351136029930785,16384,6144,0.26513671875,0.0
7500,cdrm-fp32,645,4,44,1.9035544395446777,0.0004997230238030115,11.449102401733398,True,0.5311955659999512,16384,6144,0.2916666666666667,0.0
7500,cdrm-fp32,646,4,45,1.9639489650726318,0.0004997230238030115,16.930179595947266,True,0.5370336179912556,16384,6144,0.2734375,0.0
7500,cdrm-fp32,647,4,46,1.9030885696411133,0.0004997230238030115,12.364928245544434,True,0.5377921740000602,16384,6144,0.2859700520833333,0.0
7500,cdrm-fp32,648,4,47,1.9721403121948242,0.0004997230238030115,18.600414276123047,True,0.5395917010027915,16384,6144,0.2693684895833333,0.0
7500,cdrm-fp32,649,4,48,1.9109101295471191,0.0004997230238030115,15.231343269348145,True,0.5398219000053359,16384,6144,0.2890625,0.0
7500,cdrm-fp32,650,4,49,1.9102706909179688,0.0004997230238030115,12.199878692626953,True,0.5472336470120354,16384,6144,0.2840169270833333,0.0
7500,cdrm-fp32,651,4,50,1.880176305770874,0.0004997230238030115,10.170990943908691,True,0.5341126679995796,16384,6144,0.28173828125,0.0
7500,cdrm-fp32,652,4,51,1.8734039068222046,0.0004997230238030115,11.173839569091797,True,0.5344303970050532,16384,6144,0.2884114583333333,0.0
7500,cdrm-fp32,653,4,52,1.8627851009368896,0.0004997230238030115,7.862077713012695,True,0.536618318001274,16384,6144,0.2980143229166667,0.0
7500,cdrm-fp32,654,4,53,1.8700956106185913,0.0004997230238030115,9.507126808166504,True,0.538638361991616,16384,6144,0.28466796875,0.0
7500,cdrm-fp32,655,4,54,1.8573750257492065,0.0004997230238030115,8.634391784667969,True,0.535052181003266,16384,6144,0.2980143229166667,0.0
7500,cdrm-fp32,656,4,55,1.957167387008667,0.0004997230238030115,16.421184539794922,True,0.5361741290107602,16384,6144,0.265625,0.0
7500,cdrm-fp32,657,4,56,1.8862078189849854,0.0004997230238030115,8.255355834960938,True,0.5345640949963126,16384,6144,0.2900390625,0.0
7500,cdrm-fp32,658,4,57,2.1416566371917725,0.0004997230238030115,28.6726131439209,True,0.5312133510014974,16384,6144,0.22900390625,0.0
7500,cdrm-fp32,659,4,58,2.241472005844116,0.0004997230238030115,21.74074935913086,True,0.5354091500048526,16384,6144,0.22412109375,0.0
7500,cdrm-fp32,660,4,59,2.0229690074920654,0.0004997230238030115,19.6821231842041,True,0.531349772005342,16384,6144,0.24755859375,0.0
7500,cdrm-fp32,661,4,60,1.9957036972045898,0.0004997230238030115,15.982046127319336,True,0.536316796002211,16384,6144,0.2638346354166667,0.0
7500,cdrm-fp32,662,4,61,2.0930490493774414,0.0004997230238030115,17.90814971923828,True,0.5271716980059864,16384,6144,0.23274739583333334,0.0
7500,cdrm-fp32,663,4,62,1.9556668996810913,0.0004997230238030115,14.170670509338379,True,0.5331674149929313,16384,6144,0.2698567708333333,0.0
7500,cdrm-fp32,664,4,63,1.9683735370635986,0.0004997230238030115,13.32540225982666,True,0.5311307730007684,16384,6144,0.2696940104166667,0.0
7500,cdrm-fp32,665,4,64,1.9567415714263916,0.0004997230238030115,8.729069709777832,True,0.5337147760001244,16384,6144,0.27880859375,0.0
7500,cdrm-fp32,666,4,65,1.9871959686279297,0.0004997230238030115,15.521285057067871,True,0.5403014430048643,16384,6144,0.2734375,0.0
7500,cdrm-fp32,667,4,66,2.0014045238494873,0.0004997230238030115,12.240429878234863,True,0.5281446000008145,16384,6144,0.26513671875,0.0
7500,cdrm-fp32,668,4,67,1.9698598384857178,0.0004997230238030115,16.788698196411133,True,0.5299210569937713,16384,6144,0.2724609375,0.0
7500,cdrm-fp32,669,4,68,1.9617133140563965,0.0004997230238030115,12.801488876342773,True,0.5476606769952923,16384,6144,0.27392578125,0.0
7500,cdrm-fp32,670,4,69,1.9522613286972046,0.0004997230238030115,15.119975090026855,True,0.5350811780081131,16384,6144,0.2734375,0.0
7500,cdrm-fp32,671,4,70,1.9335317611694336,0.0004997230238030115,7.784178733825684,True,0.5321069829951739,16384,6144,0.2825520833333333,0.0
7500,cdrm-fp32,672,4,71,1.9782556295394897,0.0004997230238030115,17.372028350830078,True,0.5400731539994013,16384,6144,0.2648111979166667,0.0
7500,cdrm-fp32,673,4,72,1.923654556274414,0.0004997230238030115,13.189541816711426,True,0.5426243569963844,16384,6144,0.2760416666666667,0.0
7500,cdrm-fp32,674,4,73,2.0038135051727295,0.0004997230238030115,20.01436424255371,True,0.5372621789865661,16384,6144,0.2579752604166667,0.0
7500,cdrm-fp32,675,4,74,2.0065133571624756,0.0004997230238030115,21.751728057861328,True,0.540645075001521,16384,6144,0.255859375,0.0
7500,cdrm-fp32,676,4,75,1.8912347555160522,0.0004997230238030115,8.978531837463379,True,0.5379930399940349,16384,6144,0.28466796875,0.0
7500,cdrm-fp32,677,4,76,1.8544540405273438,0.0004997230238030115,7.233068943023682,True,0.5373768779973034,16384,6144,0.3001302083333333,0.0
7500,cdrm-fp32,678,4,77,2.0159401893615723,0.0004997230238030115,26.53263282775879,True,0.5324500599963358,16384,6144,0.2579752604166667,0.0
7500,cdrm-fp32,679,4,78,2.0422024726867676,0.0004997230238030115,23.567962646484375,True,0.5351096480007982,16384,6144,0.2613932291666667,0.0
7500,cdrm-fp32,680,4,79,1.905874490737915,0.0004997230238030115,12.792532920837402,True,0.5330271679995349,16384,6144,0.28369140625,0.0
7500,cdrm-fp32,681,4,80,1.9061263799667358,0.0004997230238030115,14.747344970703125,True,0.5320244489994366,16384,6144,0.2809244791666667,0.0
7500,cdrm-fp32,682,4,81,1.9287481307983398,0.0004997230238030115,16.295289993286133,True,0.540606619004393,16384,6144,0.27978515625,0.0
7500,cdrm-fp32,683,4,82,1.848230242729187,0.0004997230238030115,13.232037544250488,True,0.5365124919917434,16384,6144,0.2887369791666667,0.0
7500,cdrm-fp32,684,4,83,1.9466502666473389,0.0004997230238030115,22.63587760925293,True,0.5523140120058088,16384,6144,0.27490234375,0.0
7500,cdrm-fp32,685,4,84,1.986559271812439,0.0004997230238030115,21.10185432434082,True,0.5332132790063042,16384,6144,0.2586263020833333,0.0
7500,cdrm-fp32,686,4,85,1.8779948949813843,0.0004997230238030115,10.097138404846191,True,0.537717947998317,16384,6144,0.2888997395833333,0.0
7500,cdrm-fp32,687,4,86,1.8330817222595215,0.0004997230238030115,8.331525802612305,True,0.5434383409883594,16384,6144,0.2998046875,0.0
7500,cdrm-fp32,688,4,87,1.918509840965271,0.0004997230238030115,17.835704803466797,True,0.5373790269950405,16384,6144,0.28076171875,0.0
7500,cdrm-fp32,689,4,88,1.8753981590270996,0.0004997230238030115,11.096089363098145,True,0.5301210500037996,16384,6144,0.2840169270833333,0.0
7500,cdrm-fp32,690,4,89,1.959130048751831,0.0004997230238030115,20.574499130249023,True,0.5358292410091963,16384,6144,0.2742513020833333,0.0
7500,cdrm-fp32,691,4,90,1.9648466110229492,0.0004997230238030115,16.66716194152832,True,0.5470774499990512,16384,6144,0.2664388020833333,0.0
7500,cdrm-fp32,692,4,91,1.8648147583007812,0.0004997230238030115,12.433104515075684,True,0.5402692329953425,16384,6144,0.29248046875,0.0
7500,cdrm-fp32,693,4,92,1.8878841400146484,0.0004997230238030115,12.85152816772461,True,0.5432182129879948,16384,6144,0.2760416666666667,0.0
7500,cdrm-fp32,694,4,93,1.854885458946228,0.0004997230238030115,10.689732551574707,True,0.5299422620009864,16384,6144,0.2996419270833333,0.0
7500,cdrm-fp32,695,4,94,1.934539556503296,0.0004997230238030115,12.60366439819336,True,0.5483339100028388,16384,6144,0.2784830729166667,0.0
7500,cdrm-fp32,696,4,95,1.8699878454208374,0.0004997230238030115,7.821081161499023,True,0.542239749993314,16384,6144,0.2877604166666667,0.0
7500,cdrm-fp32,697,4,96,2.0225656032562256,0.0004997230238030115,18.8934383392334,True,0.5401083110045874,16384,6144,0.2517903645833333,0.0
7500,cdrm-fp32,698,4,97,2.0636773109436035,0.0004997230238030115,14.707110404968262,True,0.5358741460076999,16384,6144,0.24723307291666666,0.0
7500,cdrm-fp32,699,4,98,1.9487969875335693,0.0004997230238030115,16.78048324584961,True,0.537717914005043,16384,6144,0.2644856770833333,0.0
7500,cdrm-fp32,700,4,99,1.9316190481185913,0.0004997230238030115,12.00941276550293,True,0.5385690279945266,16384,6144,0.2747395833333333,0.0
7500,cdrm-fp32,701,4,100,1.890737533569336,0.0004997230238030115,9.229281425476074,True,0.5397196039994014,16384,6144,0.2742513020833333,0.0
7500,cdrm-fp32,702,4,101,1.895193099975586,0.0004997230238030115,15.675211906433105,True,0.5426139939954737,16384,6144,0.28173828125,0.0
7500,cdrm-fp32,703,4,102,1.9301484823226929,0.0004997230238030115,10.41483211517334,True,0.5319534519949229,16384,6144,0.275390625,0.0
7500,cdrm-fp32,704,4,103,1.8872493505477905,0.0004997230238030115,9.11545181274414,True,0.5337606890097959,16384,6144,0.2884114583333333,0.0
7500,cdrm-fp32,705,4,104,1.8806309700012207,0.0004997230238030115,14.937590599060059,True,0.5353307409968693,16384,6144,0.2972005208333333,0.0
7500,cdrm-fp32,706,4,105,1.9254498481750488,0.0004997230238030115,12.55864143371582,True,0.5399575540068327,16384,6144,0.2701822916666667,0.0
7500,cdrm-fp32,707,4,106,1.8122599124908447,0.0004997230238030115,4.24350118637085,True,0.5379283349902835,16384,6144,0.3006184895833333,0.0
7500,cdrm-fp32,708,4,107,1.9463708400726318,0.0004997230238030115,11.824565887451172,True,0.5417105029919185,16384,6144,0.2750651041666667,0.0
7500,cdrm-fp32,709,4,108,1.9847749471664429,0.0004997230238030115,11.255609512329102,True,0.5335778169974219,16384,6144,0.2566731770833333,0.0
7500,cdrm-fp32,710,4,109,1.9107415676116943,0.0004997230238030115,8.60397720336914,True,0.53045960298914,16384,6144,0.27978515625,0.0
7500,cdrm-fp32,711,4,110,1.8403823375701904,0.0004997230238030115,7.2563090324401855,True,0.5393894800072303,16384,6144,0.2991536458333333,0.0
7500,cdrm-fp32,712,4,111,1.9368022680282593,0.0004997230238030115,21.55562400817871,True,0.5370693920121994,16384,6144,0.2718098958333333,0.0
7500,cdrm-fp32,713,4,112,1.9688289165496826,0.0004997230238030115,8.590245246887207,True,0.5378653779916931,16384,6144,0.2708333333333333,0.0
7500,cdrm-fp32,714,4,113,1.995030403137207,0.0004997230238030115,21.87451934814453,True,0.5359823210019385,16384,6144,0.2586263020833333,0.0
7500,cdrm-fp32,715,4,114,1.9720910787582397,0.0004997230238030115,16.854686737060547,True,0.5373557470011292,16384,6144,0.2635091145833333,0.0
7500,cdrm-fp32,716,4,115,1.9496902227401733,0.0004997230238030115,18.011211395263672,True,0.5288105910003651,16384,6144,0.271484375,0.0
7500,cdrm-fp32,717,4,116,1.9105018377304077,0.0004997230238030115,12.80602741241455,True,0.5382304899976589,16384,6144,0.2757161458333333,0.0
7500,cdrm-fp32,718,4,117,1.9528450965881348,0.0004997230238030115,19.908706665039062,True,0.5375437820039224,16384,6144,0.2722981770833333,0.0
7500,cdrm-fp32,719,4,118,1.8586229085922241,0.0004997230238030115,10.795317649841309,True,0.5393959089997225,16384,6144,0.2950846354166667,0.0
7500,cdrm-fp32,720,4,119,2.19488787651062,0.0004997230238030115,32.95402908325195,True,0.5315936459955992,16384,6144,0.22184244791666666,0.0
7500,cdrm-fp32,721,4,120,2.269364833831787,0.0004997230238030115,31.550439834594727,True,0.5397306970116915,16384,6144,0.2138671875,0.0
7500,cdrm-fp32,722,4,121,1.8899883031845093,0.0004997230238030115,8.286606788635254,True,0.5418631110078422,16384,6144,0.27880859375,0.0
7500,cdrm-fp32,723,4,122,2.358412265777588,0.0004997230238030115,29.134584426879883,True,0.5406277110014344,16384,6144,0.19401041666666666,0.0
7500,cdrm-fp32,724,4,123,2.5568838119506836,0.0004997230238030115,23.44822120666504,True,0.5417542229988612,16384,6144,0.16910807291666666,0.0
7500,cdrm-fp32,725,4,124,2.346566677093506,0.0004997230238030115,13.687481880187988,True,0.5369312780094333,16384,6144,0.20182291666666666,0.0
7500,cdrm-fp32,726,4,125,2.1497392654418945,0.0004997230238030115,19.41724395751953,True,0.5366271439997945,16384,6144,0.2265625,0.0
7500,cdrm-fp32,727,4,126,2.2805535793304443,0.0004997230238030115,28.45015525817871,True,0.5321968140051467,16384,6144,0.20751953125,0.0
7500,cdrm-fp32,728,4,127,2.2519521713256836,0.0004997230238030115,24.45073699951172,True,0.5453882599977078,16384,6144,0.20849609375,0.0
7500,cdrm-fp32,729,4,128,2.1463332176208496,0.0004997230238030115,13.386643409729004,True,0.5397042250115192,16384,6144,0.22916666666666666,0.0
7500,cdrm-fp32,730,4,129,2.131990909576416,0.0004997230238030115,16.13568115234375,True,0.542166104001808,16384,6144,0.2333984375,0.0
7500,cdrm-fp32,731,4,130,2.0907275676727295,0.0004997230238030115,14.522046089172363,True,0.5411250499892049,16384,6144,0.24283854166666666,0.0
7500,cdrm-fp32,732,4,131,2.0455520153045654,0.0004997230238030115,8.847553253173828,True,0.5451954650052357,16384,6144,0.2537434895833333,0.0
7500,cdrm-fp32,733,4,132,2.0383973121643066,0.0004997230238030115,12.032018661499023,True,0.5427287880011136,16384,6144,0.2600911458333333,0.0
7500,cdrm-fp32,734,4,133,1.971971035003662,0.0004997230238030115,5.118940353393555,True,0.5370588520017918,16384,6144,0.2801106770833333,0.0
7500,cdrm-fp32,735,4,134,2.0791754722595215,0.0004997230238030115,13.883452415466309,True,0.5369392910070019,16384,6144,0.24348958333333334,0.0
7500,cdrm-fp32,736,4,135,2.122044324874878,0.0004997230238030115,16.990724563598633,True,0.53720687799796,16384,6144,0.23372395833333334,0.0
7500,cdrm-fp32,737,4,136,1.9463424682617188,0.0004997230238030115,9.029412269592285,True,0.5362974160088925,16384,6144,0.2734375,0.0
7500,cdrm-fp32,738,4,137,2.04560923576355,0.0004997230238030115,18.46011734008789,True,0.5449954469950171,16384,6144,0.2517903645833333,0.0
7500,cdrm-fp32,739,4,138,2.1385817527770996,0.0004997230238030115,20.10331153869629,True,0.5436591430043336,16384,6144,0.23160807291666666,0.0
7500,cdrm-fp32,740,4,139,1.9966216087341309,0.0004997230238030115,9.996626853942871,True,0.535352161998162,16384,6144,0.2555338541666667,0.0
7500,cdrm-fp32,741,4,140,2.0511112213134766,0.0004997230238030115,21.214372634887695,True,0.5329468800046016,16384,6144,0.23763020833333334,0.0
7500,cdrm-fp32,742,4,141,2.0849111080169678,0.0004997230238030115,20.38116455078125,True,0.5340870310028549,16384,6144,0.23795572916666666,0.0
7500,cdrm-fp32,743,4,142,2.0050065517425537,0.0004997230238030115,9.567256927490234,True,0.5351652550016297,16384,6144,0.2490234375,0.0
7500,cdrm-fp32,744,4,143,1.9910974502563477,0.0004997230238030115,15.4884033203125,True,0.5363340059993789,16384,6144,0.2581380208333333,0.0
7500,cdrm-fp32,745,4,144,1.9279839992523193,0.0004997230238030115,9.011837005615234,True,0.5393913010047982,16384,6144,0.2783203125,0.0
7500,cdrm-fp32,746,4,145,1.9730156660079956,0.0004997230238030115,13.108445167541504,True,0.559316097991541,16384,6144,0.2569986979166667,0.0
7500,cdrm-fp32,747,4,146,1.9455846548080444,0.0004997230238030115,9.735840797424316,True,0.5429417999985162,16384,6144,0.2698567708333333,0.0
7500,cdrm-fp32,748,4,147,1.9731364250183105,0.0004997230238030115,14.854456901550293,True,0.5338701809960185,16384,6144,0.2718098958333333,0.0
7500,cdrm-fp32,749,4,148,1.9021934270858765,0.0004997230238030115,11.535908699035645,True,0.5400293379934737,16384,6144,0.2770182291666667,0.0
7500,cdrm-fp32,750,4,149,1.96783447265625,0.0004997230238030115,14.411365509033203,True,0.5360387699911371,16384,6144,0.2672526041666667,0.0
7500,cdrm-fp32,751,4,150,1.994049072265625,0.0004997230238030115,15.03753662109375,True,0.5406023309915327,16384,6144,0.25927734375,0.0
7500,cdrm-fp32,752,4,151,1.848331332206726,0.0004997230238030115,6.411352157592773,True,0.5347193890047492,16384,6144,0.2931315104166667,0.0
7500,cdrm-fp32,753,4,152,1.847508430480957,0.0004997230238030115,8.520682334899902,True,0.5357007409911603,16384,6144,0.2942708333333333,0.0
7500,cdrm-fp32,754,4,153,1.9291362762451172,0.0004997230238030115,16.633502960205078,True,0.5275749239954166,16384,6144,0.2724609375,0.0
7500,cdrm-fp32,755,4,154,1.874908447265625,0.0004997230238030115,9.258551597595215,True,0.5433819080062676,16384,6144,0.28271484375,0.0
7500,cdrm-fp32,756,4,155,2.0113868713378906,0.0004997230238030115,25.003082275390625,True,0.5444950530072674,16384,6144,0.2569986979166667,0.0
7500,cdrm-fp32,757,4,156,2.1017165184020996,0.0004997230238030115,26.63555145263672,True,0.5412440119980602,16384,6144,0.2275390625,0.0
7500,cdrm-fp32,758,4,157,1.8756859302520752,0.0004997230238030115,5.676248073577881,True,0.5386965799989412,16384,6144,0.2771809895833333,0.0
7500,cdrm-fp32,759,4,158,2.0006356239318848,0.0004997230238030115,23.96310043334961,True,0.5370121489977464,16384,6144,0.2542317708333333,0.0
7500,cdrm-fp32,760,4,159,2.1021251678466797,0.0004997230238030115,21.809720993041992,True,0.5434581090084976,16384,6144,0.24446614583333334,0.0
7500,cdrm-fp32,761,4,160,2.0301320552825928,0.0004997230238030115,12.931811332702637,True,0.538994652000838,16384,6144,0.24772135416666666,0.0
7500,cdrm-fp32,762,4,161,2.0081775188446045,0.0004997230238030115,21.986059188842773,True,0.5461583419964882,16384,6144,0.2659505208333333,0.0
7500,cdrm-fp32,763,4,162,1.8617600202560425,0.0004997230238030115,7.577293395996094,True,0.5327779509971151,16384,6144,0.2941080729166667,0.0
7500,cdrm-fp32,764,4,163,2.0784382820129395,0.0004997230238030115,21.414363861083984,True,0.5350909999979194,16384,6144,0.24007161458333334,0.0
7500,cdrm-fp32,765,4,164,2.1416378021240234,0.0004997230238030115,18.951087951660156,True,0.5384848949906882,16384,6144,0.23079427083333334,0.0
7500,cdrm-fp32,766,4,165,2.007627248764038,0.0004997230238030115,10.240313529968262,True,0.5405670420004753,16384,6144,0.2625325520833333,0.0
7500,cdrm-fp32,767,4,166,2.133726119995117,0.0004997230238030115,21.914731979370117,True,0.5328586959949462,16384,6144,0.22330729166666666,0.0
7500,cdrm-fp32,768,4,167,2.1984806060791016,0.0004997230238030115,21.517343521118164,True,0.5389758550008992,16384,6144,0.22135416666666666,0.0
7500,cdrm-fp32,769,4,168,2.0165114402770996,0.0004997230238030115,10.34652328491211,True,0.5442667280003661,16384,6144,0.2516276041666667,0.0
7500,cdrm-fp32,770,4,169,2.0657577514648438,0.0004997230238030115,18.38821792602539,True,0.5406615040119505,16384,6144,0.2412109375,0.0
7500,cdrm-fp32,771,4,170,2.1111371517181396,0.0004997230238030115,18.590484619140625,True,0.5421614639926702,16384,6144,0.2353515625,0.0
7500,cdrm-fp32,772,4,171,1.9911766052246094,0.0004997230238030115,9.084239959716797,True,0.5418479169893544,16384,6144,0.2643229166666667,0.0
7500,cdrm-fp32,773,4,172,2.032865047454834,0.0004997230238030115,18.26579475402832,True,0.5419318439962808,16384,6144,0.2555338541666667,0.0
7500,cdrm-fp32,774,4,173,2.1666648387908936,0.0004997230238030115,20.46674156188965,True,0.5364529499929631,16384,6144,0.22298177083333334,0.0
7500,cdrm-fp32,775,4,174,1.9987601041793823,0.0004997230238030115,9.851449012756348,True,0.5355186609958764,16384,6144,0.2550455729166667,0.0
7500,cdrm-fp32,776,4,175,2.034883975982666,0.0004997230238030115,16.408048629760742,True,0.5308854360046098,16384,6144,0.24169921875,0.0
7500,cdrm-fp32,777,4,176,2.1188840866088867,0.0004997230238030115,17.718385696411133,True,0.5373383819969604,16384,6144,0.21744791666666666,0.0
7500,cdrm-fp32,778,4,177,2.007054090499878,0.0004997230238030115,9.47514820098877,True,0.5375557150109671,16384,6144,0.24772135416666666,0.0
7500,cdrm-fp32,779,4,178,1.978776216506958,0.0004997230238030115,16.070829391479492,True,0.5408775079995394,16384,6144,0.2731119791666667,0.0
7500,cdrm-fp32,780,4,179,1.9683293104171753,0.0004997230238030115,14.82099723815918,True,0.5412605979945511,16384,6144,0.2600911458333333,0.0
7500,cdrm-fp32,781,4,180,1.9906209707260132,0.0004997230238030115,15.006711959838867,True,0.5390970050066244,16384,6144,0.24951171875,0.0
7500,cdrm-fp32,782,4,181,2.000041961669922,0.0004997230238030115,17.49903106689453,True,0.5390877940080827,16384,6144,0.2547200520833333,0.0
7500,cdrm-fp32,783,4,182,1.8384711742401123,0.0004997230238030115,5.965399265289307,True,0.53958726899873,16384,6144,0.30224609375,0.0
7500,cdrm-fp32,784,4,183,2.058969497680664,0.0004997230238030115,20.243467330932617,True,0.5376836100040236,16384,6144,0.2556966145833333,0.0
7500,cdrm-fp32,785,4,184,2.1675779819488525,0.0004997230238030115,22.66826820373535,True,0.5406189149944112,16384,6144,0.23014322916666666,0.0
7500,cdrm-fp32,786,4,185,1.9530551433563232,0.0004997230238030115,13.213804244995117,True,0.5389485599880572,16384,6144,0.2654622395833333,0.0
7500,cdrm-fp32,787,4,186,2.014075756072998,0.0004997230238030115,18.91383934020996,True,0.5407803190028062,16384,6144,0.2535807291666667,0.0
7500,cdrm-fp32,788,4,187,2.0898282527923584,0.0004997230238030115,20.206953048706055,True,0.5360774959990522,16384,6144,0.24527994791666666,0.0
7500,cdrm-fp32,789,4,188,1.978072166442871,0.0004997230238030115,12.554071426391602,True,0.5419534069951624,16384,6144,0.2503255208333333,0.0
7500,cdrm-fp32,790,4,189,2.051192283630371,0.0004997230238030115,17.550582885742188,True,0.5367356229980942,16384,6144,0.240234375,0.0
7500,cdrm-fp32,791,4,190,1.9871454238891602,0.0004997230238030115,15.431370735168457,True,0.538703747006366,16384,6144,0.2607421875,0.0
7500,cdrm-fp32,792,4,191,1.8921849727630615,0.0004997230238030115,6.834113597869873,True,0.5410672040015925,16384,6144,0.2872721354166667,0.0
7500,cdrm-fp32,793,4,192,1.8897466659545898,0.0004997230238030115,12.002254486083984,True,0.5323521069949493,16384,6144,0.2835286458333333,0.0
7500,cdrm-fp32,794,4,193,1.9079718589782715,0.0004997230238030115,9.731147766113281,True,0.5351240589952795,16384,6144,0.2752278645833333,0.0
7500,cdrm-fp32,795,4,194,1.9178545475006104,0.0004997230238030115,11.898611068725586,True,0.5364231809944613,16384,6144,0.2765299479166667,0.0
7500,cdrm-fp32,796,4,195,1.8487056493759155,0.0004997230238030115,8.59619140625,True,0.5409391190041788,16384,6144,0.2947591145833333,0.0
7500,cdrm-fp32,797,4,196,1.9359889030456543,0.0004997230238030115,13.647210121154785,True,0.5377647230052389,16384,6144,0.2737630208333333,0.0
7500,cdrm-fp32,798,4,197,1.8954002857208252,0.0004997230238030115,13.155442237854004,True,0.5372370679979213,16384,6144,0.27734375,0.0
7500,cdrm-fp32,799,4,198,1.8439115285873413,0.0004997230238030115,8.856181144714355,True,0.5319925079966197,16384,6144,0.28759765625,0.0
7500,cdrm-fp32,800,4,199,1.8415844440460205,0.0004997230238030115,9.641776084899902,True,0.5411895950092003,16384,6144,0.2823893229166667,0.0
7500,cdrm-fp32,801,5,0,1.8606061935424805,0.0004995076687428538,14.596091270446777,True,0.5391897069930565,16384,6144,0.2872721354166667,0.0
7500,cdrm-fp32,802,5,1,1.8484143018722534,0.0004995076687428538,12.790827751159668,True,0.5435910270025488,16384,6144,0.291015625,0.0
7500,cdrm-fp32,803,5,2,1.8254363536834717,0.0004995076687428538,13.823988914489746,True,0.5431711279961746,16384,6144,0.2967122395833333,0.0
7500,cdrm-fp32,804,5,3,1.8378785848617554,0.0004995076687428538,14.452057838439941,True,0.5364603839989286,16384,6144,0.2911783854166667,0.0
7500,cdrm-fp32,805,5,4,1.8234953880310059,0.0004995076687428538,10.529518127441406,True,0.5393627289886354,16384,6144,0.2986653645833333,0.0
7500,cdrm-fp32,806,5,5,1.7624640464782715,0.0004995076687428538,8.484094619750977,True,0.5506683730054647,16384,6144,0.3113606770833333,0.0
7500,cdrm-fp32,807,5,6,1.8428882360458374,0.0004995076687428538,17.616209030151367,True,0.5358241560024908,16384,6144,0.2884114583333333,0.0
7500,cdrm-fp32,808,5,7,1.8290822505950928,0.0004995076687428538,15.15237808227539,True,0.5395321709947893,16384,6144,0.2942708333333333,0.0
7500,cdrm-fp32,809,5,8,1.828581690788269,0.0004995076687428538,15.348519325256348,True,0.5378245660103858,16384,6144,0.2945963541666667,0.0
7500,cdrm-fp32,810,5,9,1.7882570028305054,0.0004995076687428538,13.339554786682129,True,0.5549411539977882,16384,6144,0.31005859375,0.0
7500,cdrm-fp32,811,5,10,1.8120568990707397,0.0004995076687428538,16.211124420166016,True,0.5356588930008002,16384,6144,0.2906901041666667,0.0
7500,cdrm-fp32,812,5,11,1.7701133489608765,0.0004995076687428538,11.466771125793457,True,0.5357529549946776,16384,6144,0.3136393229166667,0.0
7500,cdrm-fp32,813,5,12,1.8501455783843994,0.0004995076687428538,18.541824340820312,True,0.5329236340039643,16384,6144,0.28076171875,0.0
7500,cdrm-fp32,814,5,13,1.8678250312805176,0.0004995076687428538,20.1002140045166,True,0.5418806860106997,16384,6144,0.2840169270833333,0.0
7500,cdrm-fp32,815,5,14,1.7228164672851562,0.0004995076687428538,8.799242973327637,True,0.5392832789948443,16384,6144,0.3151041666666667,0.0
7500,cdrm-fp32,816,5,15,1.721518874168396,0.0004995076687428538,8.693197250366211,True,0.5355419130064547,16384,6144,0.3193359375,0.0
7500,cdrm-fp32,817,5,16,1.8586578369140625,0.0004995076687428538,21.506027221679688,True,0.5379888510069577,16384,6144,0.2843424479166667,0.0
7500,cdrm-fp32,818,5,17,1.8455922603607178,0.0004995076687428538,18.423765182495117,True,0.5371592849987792,16384,6144,0.2809244791666667,0.0
7500,cdrm-fp32,819,5,18,1.7953500747680664,0.0004995076687428538,15.125543594360352,True,0.534523298003478,16384,6144,0.3011067708333333,0.0
7500,cdrm-fp32,820,5,19,1.7720025777816772,0.0004995076687428538,15.618037223815918,True,0.5359672740014503,16384,6144,0.30322265625,0.0
7500,cdrm-fp32,821,5,20,1.76571786403656,0.0004995076687428538,15.842391014099121,True,0.5469321530108573,16384,6144,0.3011067708333333,0.0
7500,cdrm-fp32,822,5,21,1.7640130519866943,0.0004995076687428538,13.739105224609375,True,0.5332802100019762,16384,6144,0.3019205729166667,0.0
7500,cdrm-fp32,823,5,22,1.7773488759994507,0.0004995076687428538,18.23134994506836,True,0.5279970520059578,16384,6144,0.3098958333333333,0.0
7500,cdrm-fp32,824,5,23,1.7903380393981934,0.0004995076687428538,18.290130615234375,True,0.530666235004901,16384,6144,0.3035481770833333,0.0
7500,cdrm-fp32,825,5,24,1.7388293743133545,0.0004995076687428538,11.983845710754395,True,0.5498281749896705,16384,6144,0.3131510416666667,0.0
7500,cdrm-fp32,826,5,25,1.7100704908370972,0.0004995076687428538,9.645845413208008,True,0.5395098130102269,16384,6144,0.3134765625,0.0
7500,cdrm-fp32,827,5,26,1.8205606937408447,0.0004995076687428538,22.923452377319336,True,0.5338432630087482,16384,6144,0.2877604166666667,0.0
7500,cdrm-fp32,828,5,27,1.8096641302108765,0.0004995076687428538,18.93913459777832,True,0.5344788880029228,16384,6144,0.3006184895833333,0.0
7500,cdrm-fp32,829,5,28,1.746964454650879,0.0004995076687428538,12.522642135620117,True,0.5361586899962276,16384,6144,0.3128255208333333,0.0
7500,cdrm-fp32,830,5,29,1.7309534549713135,0.0004995076687428538,10.528726577758789,True,0.5384501530061243,16384,6144,0.3050130208333333,0.0
7500,cdrm-fp32,831,5,30,1.726442575454712,0.0004995076687428538,13.627540588378906,True,0.5375067360000685,16384,6144,0.318359375,0.0
7500,cdrm-fp32,832,5,31,1.7341499328613281,0.0004995076687428538,7.9231157302856445,True,0.5328141409991076,16384,6144,0.310546875,0.0
7500,cdrm-fp32,833,5,32,1.7310361862182617,0.0004995076687428538,11.67839241027832,True,0.5356156380003085,16384,6144,0.3076171875,0.0
7500,cdrm-fp32,834,5,33,1.6981124877929688,0.0004995076687428538,8.26140022277832,True,0.5319986300019082,16384,6144,0.3229166666666667,0.0
7500,cdrm-fp32,835,5,34,1.843973159790039,0.0004995076687428538,14.518309593200684,True,0.5322548530093627,16384,6144,0.29833984375,0.0
7500,cdrm-fp32,836,5,35,1.7544149160385132,0.0004995076687428538,11.383453369140625,True,0.5471785870031454,16384,6144,0.3072916666666667,0.0
7500,cdrm-fp32,837,5,36,1.7647775411605835,0.0004995076687428538,11.504945755004883,True,0.5362586929986719,16384,6144,0.3037109375,0.0
7500,cdrm-fp32,838,5,37,1.743130087852478,0.0004995076687428538,14.090543746948242,True,0.5308918380032992,16384,6144,0.3024088541666667,0.0
7500,cdrm-fp32,839,5,38,1.7193756103515625,0.0004995076687428538,9.591623306274414,True,0.5286509580037091,16384,6144,0.31640625,0.0
7500,cdrm-fp32,840,5,39,1.715015172958374,0.0004995076687428538,7.941558837890625,True,0.5428583169996273,16384,6144,0.3131510416666667,0.0
7500,cdrm-fp32,841,5,40,1.7407244443893433,0.0004995076687428538,18.35181999206543,True,0.533491142996354,16384,6144,0.3040364583333333,0.0
7500,cdrm-fp32,842,5,41,1.7198169231414795,0.0004995076687428538,7.438183307647705,True,0.535017465997953,16384,6144,0.30908203125,0.0
7500,cdrm-fp32,843,5,42,1.7077144384384155,0.0004995076687428538,10.920515060424805,True,0.5354010900045978,16384,6144,0.3167317708333333,0.0
7500,cdrm-fp32,844,5,43,1.76919686794281,0.0004995076687428538,19.732051849365234,True,0.5495339219924062,16384,6144,0.3020833333333333,0.0
7500,cdrm-fp32,845,5,44,1.7272990942001343,0.0004995076687428538,9.592530250549316,True,0.5338052000006428,16384,6144,0.3108723958333333,0.0
7500,cdrm-fp32,846,5,45,1.867384910583496,0.0004995076687428538,29.2232608795166,True,0.5418586820014752,16384,6144,0.27880859375,0.0
7500,cdrm-fp32,847,5,46,1.8822972774505615,0.0004995076687428538,21.521596908569336,True,0.5411374159884872,16384,6144,0.2779947916666667,0.0
7500,cdrm-fp32,848,5,47,1.8782646656036377,0.0004995076687428538,18.452009201049805,True,0.540260160996695,16384,6144,0.2825520833333333,0.0
7500,cdrm-fp32,849,5,48,1.754211187362671,0.0004995076687428538,16.520795822143555,True,0.5366495049966034,16384,6144,0.3087565104166667,0.0
7500,cdrm-fp32,850,5,49,1.9110616445541382,0.0004995076687428538,26.098602294921875,True,0.5393075770116411,16384,6144,0.2646484375,0.0
7500,cdrm-fp32,851,5,50,1.9447379112243652,0.0004995076687428538,21.6158504486084,True,0.543432690014015,16384,6144,0.2638346354166667,0.0
7500,cdrm-fp32,852,5,51,1.8107837438583374,0.0004995076687428538,19.58001708984375,True,0.5344688140030485,16384,6144,0.2985026041666667,0.0
7500,cdrm-fp32,853,5,52,1.7648733854293823,0.0004995076687428538,17.892492294311523,True,0.5348926630103961,16384,6144,0.2996419270833333,0.0
7500,cdrm-fp32,854,5,53,1.795676589012146,0.0004995076687428538,17.7373104095459,True,0.5382480469997972,16384,6144,0.294921875,0.0
7500,cdrm-fp32,855,5,54,1.758265495300293,0.0004995076687428538,15.8751220703125,True,0.537354881002102,16384,6144,0.3056640625,0.0
7500,cdrm-fp32,856,5,55,1.7509472370147705,0.0004995076687428538,15.788402557373047,True,0.533896206994541,16384,6144,0.2994791666666667,0.0
7500,cdrm-fp32,857,5,56,1.7276853322982788,0.0004995076687428538,12.75765609741211,True,0.5337388640036806,16384,6144,0.3111979166666667,0.0
7500,cdrm-fp32,858,5,57,1.7889678478240967,0.0004995076687428538,20.177045822143555,True,0.5388730539998505,16384,6144,0.2923177083333333,0.0
7500,cdrm-fp32,859,5,58,1.7309257984161377,0.0004995076687428538,16.692935943603516,True,0.5463053550047334,16384,6144,0.3094075520833333,0.0
7500,cdrm-fp32,860,5,59,1.7741931676864624,0.0004995076687428538,19.92339515686035,True,0.5332397519960068,16384,6144,0.29931640625,0.0
7500,cdrm-fp32,861,5,60,1.7611849308013916,0.0004995076687428538,17.661121368408203,True,0.537004326004535,16384,6144,0.3033854166666667,0.0
7500,cdrm-fp32,862,5,61,1.7327073812484741,0.0004995076687428538,17.308574676513672,True,0.5353726030007238,16384,6144,0.3079427083333333,0.0
7500,cdrm-fp32,863,5,62,1.715484380722046,0.0004995076687428538,15.685870170593262,True,0.5356840379972709,16384,6144,0.3141276041666667,0.0
7500,cdrm-fp32,864,5,63,1.7287267446517944,0.0004995076687428538,19.26017951965332,True,0.5337841779983137,16384,6144,0.31640625,0.0
7500,cdrm-fp32,865,5,64,1.726806402206421,0.0004995076687428538,17.821086883544922,True,0.5345624330075225,16384,6144,0.3107096354166667,0.0
7500,cdrm-fp32,866,5,65,1.7235610485076904,0.0004995076687428538,17.9285888671875,True,0.550037520006299,16384,6144,0.31787109375,0.0
7500,cdrm-fp32,867,5,66,1.6897010803222656,0.0004995076687428538,16.38018798828125,True,0.5350253770011477,16384,6144,0.31689453125,0.0
7500,cdrm-fp32,868,5,67,1.6845529079437256,0.0004995076687428538,16.67354393005371,True,0.5301728829945205,16384,6144,0.31982421875,0.0
7500,cdrm-fp32,869,5,68,1.6734845638275146,0.0004995076687428538,13.75805377960205,True,0.5337528410018422,16384,6144,0.32275390625,0.0
7500,cdrm-fp32,870,5,69,1.7953823804855347,0.0004995076687428538,24.051782608032227,True,0.5348976969980868,16384,6144,0.28515625,0.0
7500,cdrm-fp32,871,5,70,1.7547862529754639,0.0004995076687428538,20.803203582763672,True,0.5363938990049064,16384,6144,0.3019205729166667,0.0
7500,cdrm-fp32,872,5,71,1.7088764905929565,0.0004995076687428538,18.500690460205078,True,0.5329886260005878,16384,6144,0.31298828125,0.0
7500,cdrm-fp32,873,5,72,1.6806687116622925,0.0004995076687428538,15.48017406463623,True,0.5300288759899558,16384,6144,0.3230794270833333,0.0
7500,cdrm-fp32,874,5,73,1.7519878149032593,0.0004995076687428538,22.440645217895508,True,0.5279779580014292,16384,6144,0.2931315104166667,0.0
7500,cdrm-fp32,875,5,74,1.719496488571167,0.0004995076687428538,20.84160804748535,True,0.5299997240072116,16384,6144,0.3108723958333333,0.0
7500,cdrm-fp32,876,5,75,1.6679058074951172,0.0004995076687428538,15.855743408203125,True,0.5438929709926015,16384,6144,0.3253580729166667,0.0
7500,cdrm-fp32,877,5,76,1.62651526927948,0.0004995076687428538,12.040472984313965,True,0.5348463260015706,16384,6144,0.3377278645833333,0.0
7500,cdrm-fp32,878,5,77,1.7084239721298218,0.0004995076687428538,22.607500076293945,True,0.5359139840002172,16384,6144,0.3108723958333333,0.0
7500,cdrm-fp32,879,5,78,1.7001464366912842,0.0004995076687428538,20.411296844482422,True,0.5309038289997261,16384,6144,0.3118489583333333,0.0
7500,cdrm-fp32,880,5,79,1.6527070999145508,0.0004995076687428538,16.180055618286133,True,0.5395505000051344,16384,6144,0.3396809895833333,0.0
7500,cdrm-fp32,881,5,80,1.6507289409637451,0.0004995076687428538,14.766451835632324,True,0.5338041249924572,16384,6144,0.32568359375,0.0
7500,cdrm-fp32,882,5,81,1.7281044721603394,0.0004995076687428538,22.044269561767578,True,0.5352823249995708,16384,6144,0.3009440104166667,0.0
7500,cdrm-fp32,883,5,82,1.6931254863739014,0.0004995076687428538,19.69818115234375,True,0.5315558459988097,16384,6144,0.3113606770833333,0.0
7500,cdrm-fp32,884,5,83,1.6807416677474976,0.0004995076687428538,18.965702056884766,True,0.5390693520021159,16384,6144,0.32568359375,0.0
7500,cdrm-fp32,885,5,84,1.6895828247070312,0.0004995076687428538,20.411205291748047,True,0.5372474780015182,16384,6144,0.3203125,0.0
7500,cdrm-fp32,886,5,85,1.6724002361297607,0.0004995076687428538,19.28000831604004,True,0.53668288901099,16384,6144,0.32421875,0.0
7500,cdrm-fp32,887,5,86,1.6586618423461914,0.0004995076687428538,18.154151916503906,True,0.5306182519998401,16384,6144,0.3255208333333333,0.0
7500,cdrm-fp32,888,5,87,1.6704938411712646,0.0004995076687428538,18.68663787841797,True,0.5309905469912337,16384,6144,0.3251953125,0.0
7500,cdrm-fp32,889,5,88,1.6377443075180054,0.0004995076687428538,14.969796180725098,True,0.5435449490032624,16384,6144,0.3343098958333333,0.0
7500,cdrm-fp32,890,5,89,1.7036590576171875,0.0004995076687428538,22.25291633605957,True,0.5389991970005212,16384,6144,0.3059895833333333,0.0
7500,cdrm-fp32,891,5,90,1.7073132991790771,0.0004995076687428538,21.87067413330078,True,0.5363376540044555,16384,6144,0.30908203125,0.0
7500,cdrm-fp32,892,5,91,1.6768133640289307,0.0004995076687428538,19.31403350830078,True,0.5352540149906417,16384,6144,0.31494140625,0.0
7500,cdrm-fp32,893,5,92,1.6343587636947632,0.0004995076687428538,16.124347686767578,True,0.5360537499946076,16384,6144,0.3349609375,0.0
7500,cdrm-fp32,894,5,93,1.6872329711914062,0.0004995076687428538,19.135175704956055,True,0.5290500440023607,16384,6144,0.314453125,0.0
7500,cdrm-fp32,895,5,94,1.6457723379135132,0.0004995076687428538,17.65008544921875,True,0.5343810469930759,16384,6144,0.3308919270833333,0.0
7500,cdrm-fp32,896,5,95,1.6829512119293213,0.0004995076687428538,19.49213218688965,True,0.5342152830125997,16384,6144,0.3165690104166667,0.0
7500,cdrm-fp32,897,5,96,1.6349003314971924,0.0004995076687428538,16.290971755981445,True,0.5367982250027126,16384,6144,0.33154296875,0.0
7500,cdrm-fp32,898,5,97,1.6858460903167725,0.0004995076687428538,22.57485008239746,True,0.5419738979981048,16384,6144,0.30419921875,0.0
7500,cdrm-fp32,899,5,98,1.6368569135665894,0.0004995076687428538,17.37550163269043,True,0.5349128100060625,16384,6144,0.3282877604166667,0.0
7500,cdrm-fp32,900,5,99,1.68654203414917,0.0004995076687428538,20.902511596679688,True,0.535603459997219,16384,6144,0.3128255208333333,0.0
7500,cdrm-fp32,901,5,100,1.6339643001556396,0.0004995076687428538,18.194849014282227,True,0.5378956189961173,16384,6144,0.3273111979166667,0.0
7500,cdrm-fp32,902,5,101,1.6605281829833984,0.0004995076687428538,19.113664627075195,True,0.5307861790060997,16384,6144,0.31396484375,0.0
7500,cdrm-fp32,903,5,102,1.6160695552825928,0.0004995076687428538,13.850172996520996,True,0.5411959290067898,16384,6144,0.330078125,0.0
7500,cdrm-fp32,904,5,103,1.6867107152938843,0.0004995076687428538,24.968786239624023,True,0.5410792970069451,16384,6144,0.3151041666666667,0.0
7500,cdrm-fp32,905,5,104,1.636736273765564,0.0004995076687428538,18.33252716064453,True,0.5331487210060004,16384,6144,0.337890625,0.0
7500,cdrm-fp32,906,5,105,1.6538718938827515,0.0004995076687428538,22.034679412841797,True,0.532036379998317,16384,6144,0.3206380208333333,0.0
7500,cdrm-fp32,907,5,106,1.6126227378845215,0.0004995076687428538,15.594605445861816,True,0.5394505260046571,16384,6144,0.3330078125,0.0
7500,cdrm-fp32,908,5,107,1.7453360557556152,0.0004995076687428538,24.620145797729492,True,0.5459654419973958,16384,6144,0.29931640625,0.0
7500,cdrm-fp32,909,5,108,1.6574443578720093,0.0004995076687428538,17.407827377319336,True,0.5426737770030741,16384,6144,0.3264973958333333,0.0
7500,cdrm-fp32,910,5,109,1.7159154415130615,0.0004995076687428538,22.918495178222656,True,0.5335560090024956,16384,6144,0.30322265625,0.0
7500,cdrm-fp32,911,5,110,1.6999289989471436,0.0004995076687428538,19.404441833496094,True,0.5414056790032191,16384,6144,0.3224283854166667,0.0
7500,cdrm-fp32,912,5,111,1.639797568321228,0.0004995076687428538,17.270503997802734,True,0.537747385998955,16384,6144,0.3323567708333333,0.0
7500,cdrm-fp32,913,5,112,1.66237211227417,0.0004995076687428538,16.224712371826172,True,0.5331188840063987,16384,6144,0.3204752604166667,0.0
7500,cdrm-fp32,914,5,113,1.5788511037826538,0.0004995076687428538,8.48665714263916,True,0.5322655640047742,16384,6144,0.34814453125,0.0
7500,cdrm-fp32,915,5,114,1.7795863151550293,0.0004995076687428538,21.75142478942871,True,0.5359147410053993,16384,6144,0.2955729166666667,0.0
7500,cdrm-fp32,916,5,115,1.6082067489624023,0.0004995076687428538,7.387292385101318,True,0.5352493579994189,16384,6144,0.3361002604166667,0.0
7500,cdrm-fp32,917,5,116,1.8655369281768799,0.0004995076687428538,22.7320556640625,True,0.5320419269992271,16384,6144,0.2783203125,0.0
7500,cdrm-fp32,918,5,117,1.9855997562408447,0.0004995076687428538,18.674095153808594,True,0.5374338540132158,16384,6144,0.2613932291666667,0.0
7500,cdrm-fp32,919,5,118,1.677101492881775,0.0004995076687428538,13.505387306213379,True,0.541645609002444,16384,6144,0.3131510416666667,0.0
7500,cdrm-fp32,920,5,119,1.8376517295837402,0.0004995076687428538,16.037797927856445,True,0.5386471129895654,16384,6144,0.2815755208333333,0.0
7500,cdrm-fp32,921,5,120,1.7908061742782593,0.0004995076687428538,12.902656555175781,True,0.5289512270101113,16384,6144,0.2853190104166667,0.0
7500,cdrm-fp32,922,5,121,1.6212743520736694,0.0004995076687428538,8.509288787841797,True,0.5336959170090267,16384,6144,0.3279622395833333,0.0
7500,cdrm-fp32,923,5,122,1.7238777875900269,0.0004995076687428538,16.626392364501953,True,0.5342301069904352,16384,6144,0.3024088541666667,0.0
7500,cdrm-fp32,924,5,123,1.6852048635482788,0.0004995076687428538,12.30626392364502,True,0.5390664409933379,16384,6144,0.3289388020833333,0.0
7500,cdrm-fp32,925,5,124,1.6571221351623535,0.0004995076687428538,9.348798751831055,True,0.5320048689900432,16384,6144,0.3232421875,0.0
7500,cdrm-fp32,926,5,125,1.6340187788009644,0.0004995076687428538,11.305106163024902,True,0.5293298460019287,16384,6144,0.3206380208333333,0.0
7500,cdrm-fp32,927,5,126,1.7317636013031006,0.0004995076687428538,22.799388885498047,True,0.5343018340063281,16384,6144,0.3069661458333333,0.0
7500,cdrm-fp32,928,5,127,1.6603279113769531,0.0004995076687428538,8.84753704071045,True,0.5394505489966832,16384,6144,0.3287760416666667,0.0
7500,cdrm-fp32,929,5,128,1.832505702972412,0.0004995076687428538,32.814971923828125,True,0.5335697429982247,16384,6144,0.29443359375,0.0
7500,cdrm-fp32,930,5,129,1.9152121543884277,0.0004995076687428538,24.66180992126465,True,0.5351973320066463,16384,6144,0.2771809895833333,0.0
7500,cdrm-fp32,931,5,130,1.8615167140960693,0.0004995076687428538,16.790376663208008,True,0.532936270989012,16384,6144,0.27880859375,0.0
7500,cdrm-fp32,932,5,131,1.680914282798767,0.0004995076687428538,15.84286117553711,True,0.5346883450110909,16384,6144,0.3212890625,0.0
7500,cdrm-fp32,933,5,132,1.7750513553619385,0.0004995076687428538,18.584627151489258,True,0.5349331430043094,16384,6144,0.2985026041666667,0.0
7500,cdrm-fp32,934,5,133,1.7682979106903076,0.0004995076687428538,10.399835586547852,True,0.540341208994505,16384,6144,0.2962239583333333,0.0
7500,cdrm-fp32,935,5,134,1.666956901550293,0.0004995076687428538,14.460396766662598,True,0.5378015769965714,16384,6144,0.31494140625,0.0
7500,cdrm-fp32,936,5,135,1.7343130111694336,0.0004995076687428538,12.010798454284668,True,0.539505705004558,16384,6144,0.2962239583333333,0.0
7500,cdrm-fp32,937,5,136,1.662292242050171,0.0004995076687428538,6.6912689208984375,True,0.5357678989967098,16384,6144,0.3173828125,0.0
7500,cdrm-fp32,938,5,137,1.6961663961410522,0.0004995076687428538,18.387956619262695,True,0.5380426839983556,16384,6144,0.3077799479166667,0.0
7500,cdrm-fp32,939,5,138,1.8519705533981323,0.0004995076687428538,13.96264934539795,True,0.5365818279969972,16384,6144,0.2779947916666667,0.0
7500,cdrm-fp32,940,5,139,1.741948127746582,0.0004995076687428538,14.181474685668945,True,0.5368581130023813,16384,6144,0.3046875,0.0
7500,cdrm-fp32,941,5,140,1.6730283498764038,0.0004995076687428538,13.26197338104248,True,0.5401701070077252,16384,6144,0.3209635416666667,0.0
7500,cdrm-fp32,942,5,141,1.7203423976898193,0.0004995076687428538,9.654293060302734,True,0.5399018820025958,16384,6144,0.3038736979166667,0.0
7500,cdrm-fp32,943,5,142,1.598081350326538,0.0004995076687428538,4.432466983795166,True,0.5321424529975047,16384,6144,0.34423828125,0.0
7500,cdrm-fp32,944,5,143,1.7700284719467163,0.0004995076687428538,16.03881072998047,True,0.5356820510060061,16384,6144,0.2877604166666667,0.0
7500,cdrm-fp32,945,5,144,1.9630069732666016,0.0004995076687428538,16.315587997436523,True,0.539933378007845,16384,6144,0.2517903645833333,0.0
7500,cdrm-fp32,946,5,145,1.777844786643982,0.0004995076687428538,10.659794807434082,True,0.5307476570014842,16384,6144,0.2923177083333333,0.0
7500,cdrm-fp32,947,5,146,1.7136567831039429,0.0004995076687428538,22.76970863342285,True,0.5389558210008545,16384,6144,0.3193359375,0.0
7500,cdrm-fp32,948,5,147,1.8692870140075684,0.0004995076687428538,13.68808650970459,True,0.5401302910031518,16384,6144,0.2644856770833333,0.0
7500,cdrm-fp32,949,5,148,1.8191471099853516,0.0004995076687428538,19.11250877380371,True,0.5439601300022332,16384,6144,0.27294921875,0.0
7500,cdrm-fp32,950,5,149,1.711125373840332,0.0004995076687428538,8.486997604370117,True,0.5316325040039374,16384,6144,0.31396484375,0.0
7500,cdrm-fp32,951,5,150,1.6839377880096436,0.0004995076687428538,9.974787712097168,True,0.535873303990229,16384,6144,0.3232421875,0.0
7500,cdrm-fp32,952,5,151,1.6737353801727295,0.0004995076687428538,9.829140663146973,True,0.5336749239941128,16384,6144,0.31689453125,0.0
7500,cdrm-fp32,953,5,152,1.7269477844238281,0.0004995076687428538,17.004636764526367,True,0.5388435770000797,16384,6144,0.2947591145833333,0.0
7500,cdrm-fp32,954,5,153,1.6692713499069214,0.0004995076687428538,7.662384033203125,True,0.5314238430000842,16384,6144,0.3243815104166667,0.0
7500,cdrm-fp32,955,5,154,1.6179885864257812,0.0004995076687428538,9.9895658493042,True,0.5356058399920585,16384,6144,0.3408203125,0.0
7500,cdrm-fp32,956,5,155,1.6460292339324951,0.0004995076687428538,14.70968246459961,True,0.5374077729939017,16384,6144,0.32958984375,0.0
7500,cdrm-fp32,957,5,156,1.6577022075653076,0.0004995076687428538,9.901886940002441,True,0.5396978189965012,16384,6144,0.3253580729166667,0.0
7500,cdrm-fp32,958,5,157,1.6646804809570312,0.0004995076687428538,12.665152549743652,True,0.5373436030058656,16384,6144,0.32080078125,0.0
7500,cdrm-fp32,959,5,158,1.6033767461776733,0.0004995076687428538,11.81134033203125,True,0.5347448170068674,16384,6144,0.3372395833333333,0.0
7500,cdrm-fp32,960,5,159,1.6441912651062012,0.0004995076687428538,14.821489334106445,True,0.5435737849911675,16384,6144,0.3331705729166667,0.0
7500,cdrm-fp32,961,5,160,1.5742340087890625,0.0004995076687428538,3.4525275230407715,True,0.5340236369956983,16384,6144,0.3466796875,0.0
7500,cdrm-fp32,962,5,161,1.6141951084136963,0.0004995076687428538,11.877817153930664,True,0.5375097949872725,16384,6144,0.3312174479166667,0.0
7500,cdrm-fp32,963,5,162,1.6564817428588867,0.0004995076687428538,15.71325397491455,True,0.5345427580032265,16384,6144,0.3284505208333333,0.0
7500,cdrm-fp32,964,5,163,1.6926963329315186,0.0004995076687428538,13.923514366149902,True,0.5319674710044637,16384,6144,0.3181966145833333,0.0
7500,cdrm-fp32,965,5,164,1.6481256484985352,0.0004995076687428538,9.298503875732422,True,0.5393070179998176,16384,6144,0.32177734375,0.0
7500,cdrm-fp32,966,5,165,1.5988787412643433,0.0004995076687428538,12.977395057678223,True,0.5346082829928491,16384,6144,0.3369140625,0.0
7500,cdrm-fp32,967,5,166,1.6780450344085693,0.0004995076687428538,25.744203567504883,True,0.5401247179979691,16384,6144,0.3282877604166667,0.0
7500,cdrm-fp32,968,5,167,1.6230601072311401,0.0004995076687428538,7.3473381996154785,True,0.538214139000047,16384,6144,0.3359375,0.0
7500,cdrm-fp32,969,5,168,1.772590160369873,0.0004995076687428538,38.36197280883789,True,0.5340674509934615,16384,6144,0.2884114583333333,0.0
7500,cdrm-fp32,970,5,169,1.6544182300567627,0.0004995076687428538,19.159936904907227,True,0.5373177220026264,16384,6144,0.3224283854166667,0.0
7500,cdrm-fp32,971,5,170,1.9027726650238037,0.0004995076687428538,35.9898681640625,True,0.5433908889972372,16384,6144,0.2815755208333333,0.0
7500,cdrm-fp32,972,5,171,1.8415931463241577,0.0004995076687428538,32.14397048950195,True,0.5396931169962045,16384,6144,0.29150390625,0.0
7500,cdrm-fp32,973,5,172,1.7203081846237183,0.0004995076687428538,18.480674743652344,True,0.5393618140078615,16384,6144,0.3084309895833333,0.0
7500,cdrm-fp32,974,5,173,1.6646897792816162,0.0004995076687428538,19.295345306396484,True,0.5350847570080077,16384,6144,0.326171875,0.0
7500,cdrm-fp32,975,5,174,1.7541561126708984,0.0004995076687428538,27.076467514038086,True,0.5347257880057441,16384,6144,0.2957356770833333,0.0
7500,cdrm-fp32,976,5,175,1.6598848104476929,0.0004995076687428538,19.026870727539062,True,0.5367919129930669,16384,6144,0.32470703125,0.0
7500,cdrm-fp32,977,5,176,1.8060778379440308,0.0004995076687428538,30.533384323120117,True,0.537667133990908,16384,6144,0.28564453125,0.0
7500,cdrm-fp32,978,5,177,1.7603375911712646,0.0004995076687428538,29.00725555419922,True,0.5449511589977192,16384,6144,0.2942708333333333,0.0
7500,cdrm-fp32,979,5,178,1.635501742362976,0.0004995076687428538,19.354877471923828,True,0.5375772359984694,16384,6144,0.3307291666666667,0.0
7500,cdrm-fp32,980,5,179,1.5991524457931519,0.0004995076687428538,17.104822158813477,True,0.536127540995949,16384,6144,0.3390299479166667,0.0
7500,cdrm-fp32,981,5,180,1.6778476238250732,0.0004995076687428538,26.12137222290039,True,0.5379649419919588,16384,6144,0.31591796875,0.0
7500,cdrm-fp32,982,5,181,1.6674383878707886,0.0004995076687428538,23.343446731567383,True,0.536909556001774,16384,6144,0.3136393229166667,0.0
7500,cdrm-fp32,983,5,182,1.6401680707931519,0.0004995076687428538,21.852582931518555,True,0.5332102359971032,16384,6144,0.31982421875,0.0
7500,cdrm-fp32,984,5,183,1.6284407377243042,0.0004995076687428538,19.346393585205078,True,0.5304868780076504,16384,6144,0.3194986979166667,0.0
7500,cdrm-fp32,985,5,184,1.6294667720794678,0.0004995076687428538,24.736507415771484,True,0.536847323004622,16384,6144,0.3185221354166667,0.0
7500,cdrm-fp32,986,5,185,1.6264194250106812,0.0004995076687428538,20.515302658081055,True,0.5401121710019652,16384,6144,0.3190104166666667,0.0
7500,cdrm-fp32,987,5,186,1.6078485250473022,0.0004995076687428538,23.139862060546875,True,0.5390393150009913,16384,6144,0.34033203125,0.0
7500,cdrm-fp32,988,5,187,1.5933202505111694,0.0004995076687428538,20.608814239501953,True,0.5379143629979808,16384,6144,0.3264973958333333,0.0
7500,cdrm-fp32,989,5,188,1.5719631910324097,0.0004995076687428538,19.08861541748047,True,0.5445175519998884,16384,6144,0.34912109375,0.0
7500,cdrm-fp32,990,5,189,1.567038893699646,0.0004995076687428538,17.035429000854492,True,0.5444608929974493,16384,6144,0.3400065104166667,0.0
7500,cdrm-fp32,991,5,190,1.5889122486114502,0.0004995076687428538,21.20709991455078,True,0.5386275320051936,16384,6144,0.3349609375,0.0
7500,cdrm-fp32,992,5,191,1.5571599006652832,0.0004995076687428538,17.016544342041016,True,0.5394650450034533,16384,6144,0.3435872395833333,0.0
7500,cdrm-fp32,993,5,192,1.593362808227539,0.0004995076687428538,23.980243682861328,True,0.5379426360013895,16384,6144,0.3307291666666667,0.0
7500,cdrm-fp32,994,5,193,1.589314341545105,0.0004995076687428538,23.53588104248047,True,0.5401556739961961,16384,6144,0.3361002604166667,0.0
7500,cdrm-fp32,995,5,194,1.5441869497299194,0.0004995076687428538,17.716506958007812,True,0.5362459309981205,16384,6144,0.3509114583333333,0.0
7500,cdrm-fp32,996,5,195,1.5229167938232422,0.0004995076687428538,15.893998146057129,True,0.5413922220031964,16384,6144,0.3538411458333333,0.0
7500,cdrm-fp32,997,5,196,1.6271083354949951,0.0004995076687428538,28.32794952392578,True,0.5422430760081625,16384,6144,0.3273111979166667,0.0
7500,cdrm-fp32,998,5,197,1.5927138328552246,0.0004995076687428538,24.440248489379883,True,0.5466736579983262,16384,6144,0.3279622395833333,0.0
7500,cdrm-fp32,999,5,198,1.5517581701278687,0.0004995076687428538,18.64373779296875,True,0.533905178992427,16384,6144,0.34765625,0.0
7500,cdrm-fp32,1000,5,199,1.5104472637176514,0.0004995076687428538,15.609349250793457,True,0.5377946769876871,16384,6144,0.3597005208333333,0.0
7500,cdrm-bf16,1,1,0,3.332096815109253,0.0005,13.873355865478516,True,2.2817329749959754,16384,6144,0.057454427083333336,0.0
7500,cdrm-bf16,2,1,1,2.950843334197998,0.0005,6.182736873626709,True,0.6060786150046624,16384,6144,0.068359375,0.0
7500,cdrm-bf16,3,1,2,2.7798686027526855,0.0005,2.815077543258667,True,0.5952607829967747,16384,6144,0.076171875,0.0
7500,cdrm-bf16,4,1,3,2.665815830230713,0.0005,1.122497320175171,True,0.5952643019991228,16384,6144,0.07112630208333333,0.0
7500,cdrm-bf16,5,1,4,2.7009363174438477,0.0005,2.123915910720825,True,0.5960485599935055,16384,6144,0.07470703125,0.0
7500,cdrm-bf16,6,1,5,2.7008635997772217,0.0005,1.768877387046814,True,0.5958324679959333,16384,6144,0.07307942708333333,0.0
7500,cdrm-bf16,7,1,6,2.666903018951416,0.0005,1.0310834646224976,True,0.5913111789996037,16384,6144,0.06722005208333333,0.0
7500,cdrm-bf16,8,1,7,2.6503500938415527,0.0005,0.6926565170288086,False,0.5899962230032543,16384,6144,0.07259114583333333,0.0
7500,cdrm-bf16,9,1,8,2.6513173580169678,0.0005,0.7237860560417175,False,0.59511217000545,16384,6144,0.06884765625,0.0
7500,cdrm-bf16,10,1,9,2.6632192134857178,0.0005,0.980647623538971,False,0.5954621209966717,16384,6144,0.06624348958333333,0.0
7500,cdrm-bf16,11,1,10,2.6563901901245117,0.0005,0.7708067893981934,False,0.5952177700091852,16384,6144,0.07568359375,0.0
7500,cdrm-bf16,12,1,11,2.6510813236236572,0.0005,0.674206018447876,False,0.6078298819920747,16384,6144,0.06803385416666667,0.0
7500,cdrm-bf16,13,1,12,2.6407265663146973,0.0005,0.3482619524002075,False,0.5941076949966373,16384,6144,0.07682291666666667,0.0
7500,cdrm-bf16,14,1,13,2.6441116333007812,0.0005,0.4775645434856415,False,0.5928992359986296,16384,6144,0.07649739583333333,0.0
7500,cdrm-bf16,15,1,14,2.6452889442443848,0.0005,0.5010775327682495,False,0.6055034119926859,16384,6144,0.07568359375,0.0
7500,cdrm-bf16,16,1,15,2.649409294128418,0.0005,0.6014704704284668,False,0.5952214479912072,16384,6144,0.07389322916666667,0.0
7500,cdrm-bf16,17,1,16,2.6496076583862305,0.0005,0.60145103931427,False,0.5982826789986575,16384,6144,0.06966145833333333,0.0
7500,cdrm-bf16,18,1,17,2.643876552581787,0.0005,0.46592381596565247,False,0.606401911994908,16384,6144,0.07340494791666667,0.0
7500,cdrm-bf16,19,1,18,2.641282081604004,0.0005,0.35242947936058044,False,0.5971092469990253,16384,6144,0.06998697916666667,0.0
7500,cdrm-bf16,20,1,19,2.641756534576416,0.0005,0.4038482904434204,False,0.5971152140118647,16384,6144,0.0771484375,0.0
7500,cdrm-bf16,21,1,20,2.6430764198303223,0.0005,0.4680939316749573,False,0.5924062139965827,16384,6144,0.06510416666666667,0.0
7500,cdrm-bf16,22,1,21,2.6445345878601074,0.0005,0.47027823328971863,False,0.5996168609999586,16384,6144,0.08121744791666667,0.0
7500,cdrm-bf16,23,1,22,2.6440720558166504,0.0005,0.448591023683548,False,0.6012051680008881,16384,6144,0.06608072916666667,0.0
7500,cdrm-bf16,24,1,23,2.6462152004241943,0.0005,0.5270900130271912,False,0.5912858460069401,16384,6144,0.0703125,0.0
7500,cdrm-bf16,25,1,24,2.641284227371216,0.0005,0.4274914860725403,False,0.5950888899969868,16384,6144,0.07438151041666667,0.0
7500,cdrm-bf16,26,1,25,2.6377968788146973,0.0005,0.2552908957004547,False,0.6050984449975658,16384,6144,0.0771484375,0.0
7500,cdrm-bf16,27,1,26,2.6406965255737305,0.0005,0.3933125138282776,False,0.5940093329991214,16384,6144,0.07845052083333333,0.0
7500,cdrm-bf16,28,1,27,2.6423258781433105,0.0005,0.4432114064693451,False,0.5942192700022133,16384,6144,0.06901041666666667,0.0
7500,cdrm-bf16,29,1,28,2.6434829235076904,0.0005,0.49622538685798645,False,0.6030447200027993,16384,6144,0.06608072916666667,0.0
7500,cdrm-bf16,30,1,29,2.638822078704834,0.0005,0.3695240616798401,False,0.6001941759895999,16384,6144,0.08935546875,0.0
7500,cdrm-bf16,31,1,30,2.6400487422943115,0.0005,0.3912886083126068,False,0.6011618410120718,16384,6144,0.083984375,0.0
7500,cdrm-bf16,32,1,31,2.6393089294433594,0.0005,0.338252454996109,False,0.6014653950114734,16384,6144,0.07747395833333333,0.0
7500,cdrm-bf16,33,1,32,2.6399407386779785,0.0005,0.39950689673423767,False,0.6027845130010974,16384,6144,0.06803385416666667,0.0
7500,cdrm-bf16,34,1,33,2.638406753540039,0.0005,0.32126137614250183,False,0.599002892995486,16384,6144,0.07779947916666667,0.0
7500,cdrm-bf16,35,1,34,2.6400957107543945,0.0005,0.4055171310901642,False,0.5968514400010463,16384,6144,0.06949869791666667,0.0
7500,cdrm-bf16,36,1,35,2.638190746307373,0.0005,0.35885950922966003,False,0.604309750997345,16384,6144,0.08333333333333333,0.0
7500,cdrm-bf16,37,1,36,2.638105630874634,0.0005,0.36015087366104126,False,0.6053200800088234,16384,6144,0.07421875,0.0
7500,cdrm-bf16,38,1,37,2.637723445892334,0.0005,0.3148880898952484,False,0.5972783350007376,16384,6144,0.08138020833333333,0.0
7500,cdrm-bf16,39,1,38,2.6351301670074463,0.0005,0.24075628817081451,False,0.5978508789994521,16384,6144,0.08430989583333333,0.0
7500,cdrm-bf16,40,1,39,2.6355838775634766,0.0005,0.31303656101226807,False,0.598990065001999,16384,6144,0.08740234375,0.0
7500,cdrm-bf16,41,1,40,2.6391396522521973,0.0005,0.42627257108688354,False,0.5945431210129755,16384,6144,0.08186848958333333,0.0
7500,cdrm-bf16,42,1,41,2.634050130844116,0.0005,0.2960616946220398,False,0.596880154000246,16384,6144,0.08382161458333333,0.0
7500,cdrm-bf16,43,1,42,2.6349096298217773,0.0005,0.2920743525028229,False,0.6073854029964423,16384,6144,0.08479817708333333,0.0
7500,cdrm-bf16,44,1,43,2.6332387924194336,0.0005,0.35168880224227905,False,0.6042558780027321,16384,6144,0.083984375,0.0
7500,cdrm-bf16,45,1,44,2.632021188735962,0.0005,0.30419906973838806,False,0.59768589399755,16384,6144,0.08186848958333333,0.0
7500,cdrm-bf16,46,1,45,2.6357059478759766,0.0005,0.4447823762893677,False,0.5992424659925746,16384,6144,0.08577473958333333,0.0
7500,cdrm-bf16,47,1,46,2.6336231231689453,0.0005,0.39401113986968994,False,0.6085566550027579,16384,6144,0.08610026041666667,0.0
7500,cdrm-bf16,48,1,47,2.6316471099853516,0.0005,0.2643420398235321,False,0.5973000820085872,16384,6144,0.08284505208333333,0.0
7500,cdrm-bf16,49,1,48,2.6319589614868164,0.0005,0.46518585085868835,False,0.6061937380000018,16384,6144,0.0849609375,0.0
7500,cdrm-bf16,50,1,49,2.6321210861206055,0.0005,0.3682554364204407,False,0.594148440999561,16384,6144,0.08740234375,0.0
7500,cdrm-bf16,51,1,50,2.631131649017334,0.0005,0.39824822545051575,False,0.5958105019963114,16384,6144,0.083984375,0.0
7500,cdrm-bf16,52,1,51,2.6331067085266113,0.0005,0.3990350365638733,False,0.5972385480126832,16384,6144,0.08512369791666667,0.0
7500,cdrm-bf16,53,1,52,2.62777042388916,0.0005,0.35847705602645874,False,0.5930497419903986,16384,6144,0.0869140625,0.0
7500,cdrm-bf16,54,1,53,2.628211498260498,0.0005,0.3873893916606903,False,0.5851618310116464,16384,6144,0.0908203125,0.0
7500,cdrm-bf16,55,1,54,2.6290159225463867,0.0005,0.44600337743759155,False,0.6012533799948869,16384,6144,0.08919270833333333,0.0
7500,cdrm-bf16,56,1,55,2.63008451461792,0.0005,0.35366201400756836,False,0.6015897090110229,16384,6144,0.09114583333333333,0.0
7500,cdrm-bf16,57,1,56,2.626509666442871,0.0005,0.46710529923439026,False,0.593339526996715,16384,6144,0.10091145833333333,0.0
7500,cdrm-bf16,58,1,57,2.6252079010009766,0.0005,0.3093520402908325,False,0.5940858329995535,16384,6144,0.09619140625,0.0
7500,cdrm-bf16,59,1,58,2.6254067420959473,0.0005,0.3212057054042816,False,0.59704548199079,16384,6144,0.09244791666666667,0.0
7500,cdrm-bf16,60,1,59,2.625950574874878,0.0005,0.4431760311126709,False,0.5990354370005662,16384,6144,0.08837890625,0.0
7500,cdrm-bf16,61,1,60,2.6214349269866943,0.0005,0.3507508933544159,False,0.5964867500006221,16384,6144,0.09488932291666667,0.0
7500,cdrm-bf16,62,1,61,2.6260769367218018,0.0005,0.39342930912971497,False,0.5951262499875156,16384,6144,0.09326171875,0.0
7500,cdrm-bf16,63,1,62,2.620331287384033,0.0005,0.41074812412261963,False,0.6007206689973827,16384,6144,0.09781901041666667,0.0
7500,cdrm-bf16,64,1,63,2.619696617126465,0.0005,0.40586206316947937,False,0.5960883719963022,16384,6144,0.09830729166666667,0.0
7500,cdrm-bf16,65,1,64,2.620598077774048,0.0005,0.5368984341621399,False,0.6037901969975792,16384,6144,0.09847005208333333,0.0
7500,cdrm-bf16,66,1,65,2.6272034645080566,0.0005,0.5807356834411621,False,0.6086068700096803,16384,6144,0.08951822916666667,0.0
7500,cdrm-bf16,67,1,66,2.614161968231201,0.0005,0.5476083755493164,False,0.5926788819924695,16384,6144,0.10042317708333333,0.0
7500,cdrm-bf16,68,1,67,2.6152467727661133,0.0005,0.7548918724060059,False,0.5904379959974904,16384,6144,0.09684244791666667,0.0
7500,cdrm-bf16,69,1,68,2.6208395957946777,0.0005,0.7562072277069092,False,0.6064555720076896,16384,6144,0.1015625,0.0
7500,cdrm-bf16,70,1,69,2.612169027328491,0.0005,0.49807009100914,False,0.6008808709884761,16384,6144,0.10009765625,0.0
7500,cdrm-bf16,71,1,70,2.618407964706421,0.0005,0.7414731383323669,False,0.5947830959921703,16384,6144,0.09733072916666667,0.0
7500,cdrm-bf16,72,1,71,2.614621877670288,0.0005,0.46327024698257446,False,0.6044816829962656,16384,6144,0.09798177083333333,0.0
7500,cdrm-bf16,73,1,72,2.6111555099487305,0.0005,0.5411373376846313,False,0.5999954770086333,16384,6144,0.1044921875,0.0
7500,cdrm-bf16,74,1,73,2.6161484718322754,0.0005,0.7402693033218384,False,0.599096008008928,16384,6144,0.10335286458333333,0.0
7500,cdrm-bf16,75,1,74,2.612060546875,0.0005,0.4913013279438019,False,0.6012925699906191,16384,6144,0.10091145833333333,0.0
7500,cdrm-bf16,76,1,75,2.606323719024658,0.0005,0.4349546432495117,False,0.606692404995556,16384,6144,0.10432942708333333,0.0
7500,cdrm-bf16,77,1,76,2.6044960021972656,0.0005,0.39864668250083923,False,0.6038107749918709,16384,6144,0.10546875,0.0
7500,cdrm-bf16,78,1,77,2.6108784675598145,0.0005,0.5293242931365967,False,0.5908864099910716,16384,6144,0.10546875,0.0
7500,cdrm-bf16,79,1,78,2.6097946166992188,0.0005,0.6474647521972656,False,0.6008017409913009,16384,6144,0.10302734375,0.0
7500,cdrm-bf16,80,1,79,2.607245922088623,0.0005,0.5735745429992676,False,0.5964922190032667,16384,6144,0.10319010416666667,0.0
7500,cdrm-bf16,81,1,80,2.601597785949707,0.0005,0.5637437105178833,False,0.6017904609907418,16384,6144,0.1005859375,0.0
7500,cdrm-bf16,82,1,81,2.604001522064209,0.0005,0.4760320484638214,False,0.6037135740043595,16384,6144,0.11116536458333333,0.0
7500,cdrm-bf16,83,1,82,2.604058265686035,0.0005,0.6376911997795105,False,0.6063910230004694,16384,6144,0.10774739583333333,0.0
7500,cdrm-bf16,84,1,83,2.604797840118408,0.0005,0.640937089920044,False,0.5996389909996651,16384,6144,0.107421875,0.0
7500,cdrm-bf16,85,1,84,2.6031978130340576,0.0005,0.6935521960258484,False,0.5947700609976891,16384,6144,0.10791015625,0.0
7500,cdrm-bf16,86,1,85,2.606687068939209,0.0005,1.0391199588775635,True,0.5951826480013551,16384,6144,0.10172526041666667,0.0
7500,cdrm-bf16,87,1,86,2.600038528442383,0.0005,0.6655105352401733,False,0.598663946002489,16384,6144,0.11002604166666667,0.0
7500,cdrm-bf16,88,1,87,2.6019504070281982,0.0005,0.6641579270362854,False,0.5940344349946827,16384,6144,0.10856119791666667,0.0
7500,cdrm-bf16,89,1,88,2.5906949043273926,0.0005,0.6011015772819519,False,0.6014081890025409,16384,6144,0.10888671875,0.0
7500,cdrm-bf16,90,1,89,2.5926074981689453,0.0005,0.5420757532119751,False,0.6041009250038769,16384,6144,0.11181640625,0.0
7500,cdrm-bf16,91,1,90,2.5935215950012207,0.0005,0.6839178800582886,False,0.5931972859980306,16384,6144,0.11458333333333333,0.0
7500,cdrm-bf16,92,1,91,2.596896171569824,0.0005,0.5468149781227112,False,0.591211609003949,16384,6144,0.11246744791666667,0.0
7500,cdrm-bf16,93,1,92,2.596083641052246,0.0005,0.6463663578033447,False,0.5937714450119529,16384,6144,0.11018880208333333,0.0
7500,cdrm-bf16,94,1,93,2.592961311340332,0.0005,0.6798398494720459,False,0.5969945440010633,16384,6144,0.11409505208333333,0.0
7500,cdrm-bf16,95,1,94,2.5902929306030273,0.0005,0.5293288826942444,False,0.6028617300034966,16384,6144,0.11295572916666667,0.0
7500,cdrm-bf16,96,1,95,2.5925936698913574,0.0005,0.6225677132606506,False,0.5973002789978636,16384,6144,0.11181640625,0.0
7500,cdrm-bf16,97,1,96,2.5889036655426025,0.0005,0.9012112617492676,False,0.5957028179982444,16384,6144,0.11246744791666667,0.0
7500,cdrm-bf16,98,1,97,2.589252233505249,0.0005,0.5455701351165771,False,0.5921889199962607,16384,6144,0.1181640625,0.0
7500,cdrm-bf16,99,1,98,2.588571548461914,0.0005,0.5740154981613159,False,0.5982911600003717,16384,6144,0.11197916666666667,0.0
7500,cdrm-bf16,100,1,99,2.5909438133239746,0.0005,0.6448251008987427,False,0.609577333991183,16384,6144,0.11311848958333333,0.0
7500,cdrm-bf16,101,1,100,2.5877819061279297,0.0005,0.4809862971305847,False,6.228657340005157,16384,6144,0.11800130208333333,0.0
7500,cdrm-bf16,102,1,101,2.5851526260375977,0.0005,0.5730703473091125,False,0.5945466959965415,16384,6144,0.11832682291666667,0.0
7500,cdrm-bf16,103,1,102,2.5835137367248535,0.0005,0.5421512722969055,False,0.5961274660076015,16384,6144,0.10986328125,0.0
7500,cdrm-bf16,104,1,103,2.5869526863098145,0.0005,0.5266192555427551,False,0.6117778080079006,16384,6144,0.11507161458333333,0.0
7500,cdrm-bf16,105,1,104,2.590421199798584,0.0005,0.66058748960495,False,0.603647591007757,16384,6144,0.109375,0.0
7500,cdrm-bf16,106,1,105,2.583444595336914,0.0005,0.5838677287101746,False,0.6143733900098596,16384,6144,0.11555989583333333,0.0
7500,cdrm-bf16,107,1,106,2.5830540657043457,0.0005,0.7636701464653015,False,0.6163080549886217,16384,6144,0.11865234375,0.0
7500,cdrm-bf16,108,1,107,2.5823371410369873,0.0005,0.8555380702018738,False,0.6360912650125101,16384,6144,0.11539713541666667,0.0
7500,cdrm-bf16,109,1,108,2.5817513465881348,0.0005,0.5175789594650269,False,0.6066909429937368,16384,6144,0.1181640625,0.0
7500,cdrm-bf16,110,1,109,2.585757255554199,0.0005,0.8584983348846436,False,0.5945466410048539,16384,6144,0.11604817708333333,0.0
7500,cdrm-bf16,111,1,110,2.579615831375122,0.0005,0.46515554189682007,False,0.6003649379999842,16384,6144,0.11669921875,0.0
7500,cdrm-bf16,112,1,111,2.583940267562866,0.0005,0.8263236284255981,False,0.5969494809978642,16384,6144,0.11930338541666667,0.0
7500,cdrm-bf16,113,1,112,2.5713586807250977,0.0005,0.5609940886497498,False,0.5946868279861519,16384,6144,0.12093098958333333,0.0
7500,cdrm-bf16,114,1,113,2.5790724754333496,0.0005,0.6070617437362671,False,0.596543275998556,16384,6144,0.10953776041666667,0.0
7500,cdrm-bf16,115,1,114,2.575725555419922,0.0005,0.7677749991416931,False,0.5927410250005778,16384,6144,0.1220703125,0.0
7500,cdrm-bf16,116,1,115,2.578906774520874,0.0005,0.7405463457107544,False,0.5940449400077341,16384,6144,0.12076822916666667,0.0
7500,cdrm-bf16,117,1,116,2.573955535888672,0.0005,0.7656655311584473,False,0.5936397530022077,16384,6144,0.1162109375,0.0
7500,cdrm-bf16,118,1,117,2.573434352874756,0.0005,0.4808410108089447,False,0.5984113579906989,16384,6144,0.1220703125,0.0
7500,cdrm-bf16,119,1,118,2.5704004764556885,0.0005,0.6044602394104004,False,0.5947527910029748,16384,6144,0.12141927083333333,0.0
7500,cdrm-bf16,120,1,119,2.5763115882873535,0.0005,0.7476985454559326,False,0.5998904019943438,16384,6144,0.115234375,0.0
7500,cdrm-bf16,121,1,120,2.5752077102661133,0.0005,0.782376766204834,False,0.5996748009929433,16384,6144,0.11800130208333333,0.0
7500,cdrm-bf16,122,1,121,2.574904680252075,0.0005,0.9246960282325745,False,0.6030303900042782,16384,6144,0.11767578125,0.0
7500,cdrm-bf16,123,1,122,2.570483922958374,0.0005,0.9630546569824219,False,0.5930949799949303,16384,6144,0.11865234375,0.0
7500,cdrm-bf16,124,1,123,2.5718419551849365,0.0005,0.6375737190246582,False,0.5991595619998407,16384,6144,0.1171875,0.0
7500,cdrm-bf16,125,1,124,2.5756378173828125,0.0005,1.059836506843567,True,0.5950690250028856,16384,6144,0.11946614583333333,0.0
7500,cdrm-bf16,126,1,125,2.5662436485290527,0.0005,0.4705451726913452,False,0.5931050470098853,16384,6144,0.12125651041666667,0.0
7500,cdrm-bf16,127,1,126,2.5697593688964844,0.0005,0.9516869187355042,False,0.5947687519947067,16384,6144,0.12076822916666667,0.0
7500,cdrm-bf16,128,1,127,2.5687174797058105,0.0005,0.6739994883537292,False,0.5931080909940647,16384,6144,0.125,0.0
7500,cdrm-bf16,129,1,128,2.5686092376708984,0.0005,0.6835100054740906,False,0.5943256510072388,16384,6144,0.12125651041666667,0.0
7500,cdrm-bf16,130,1,129,2.567558526992798,0.0005,0.7177872061729431,False,0.5966437860042788,16384,6144,0.123046875,0.0
7500,cdrm-bf16,131,1,130,2.566265821456909,0.0005,0.7179164886474609,False,0.5965831040084595,16384,6144,0.12483723958333333,0.0
7500,cdrm-bf16,132,1,131,2.56823468208313,0.0005,0.6993178129196167,False,0.5956736049993197,16384,6144,0.12093098958333333,0.0
7500,cdrm-bf16,133,1,132,2.5615386962890625,0.0005,0.7135332226753235,False,0.5938301959977252,16384,6144,0.12662760416666666,0.0
7500,cdrm-bf16,134,1,133,2.563654899597168,0.0005,0.7309238314628601,False,0.5985758509923471,16384,6144,0.12451171875,0.0
7500,cdrm-bf16,135,1,134,2.567103385925293,0.0005,0.8017051219940186,False,0.597985438987962,16384,6144,0.12239583333333333,0.0
7500,cdrm-bf16,136,1,135,2.5649561882019043,0.0005,0.6604964733123779,False,0.5956842169980519,16384,6144,0.12516276041666666,0.0
7500,cdrm-bf16,137,1,136,2.5630853176116943,0.0005,0.8508938550949097,False,0.597626450995449,16384,6144,0.12386067708333333,0.0
7500,cdrm-bf16,138,1,137,2.5600805282592773,0.0005,0.7546430826187134,False,0.6033455970027717,16384,6144,0.12027994791666667,0.0
7500,cdrm-bf16,139,1,138,2.5583722591400146,0.0005,0.7527364492416382,False,0.6032743149989983,16384,6144,0.12711588541666666,0.0
7500,cdrm-bf16,140,1,139,2.560817003250122,0.0005,1.0826495885849,True,0.6000294239929644,16384,6144,0.11930338541666667,0.0
7500,cdrm-bf16,141,1,140,2.561288595199585,0.0005,0.8898307085037231,False,0.6004468749888474,16384,6144,0.12516276041666666,0.0
7500,cdrm-bf16,142,1,141,2.559384346008301,0.0005,0.9373222589492798,False,0.594993164006155,16384,6144,0.12451171875,0.0
7500,cdrm-bf16,143,1,142,2.5575942993164062,0.0005,0.9824732542037964,False,0.5930127640021965,16384,6144,0.12141927083333333,0.0
7500,cdrm-bf16,144,1,143,2.5567221641540527,0.0005,1.0456477403640747,True,0.5902180019911611,16384,6144,0.12565104166666666,0.0
7500,cdrm-bf16,145,1,144,2.5563817024230957,0.0005,1.0554399490356445,True,0.5922082900069654,16384,6144,0.12548828125,0.0
7500,cdrm-bf16,146,1,145,2.559199094772339,0.0005,0.9315803050994873,False,0.5955998389981687,16384,6144,0.12972005208333334,0.0
7500,cdrm-bf16,147,1,146,2.5563950538635254,0.0005,1.0104479789733887,True,0.5949957839911804,16384,6144,0.12386067708333333,0.0
7500,cdrm-bf16,148,1,147,2.5559983253479004,0.0005,0.951873242855072,False,0.5970303719950607,16384,6144,0.12760416666666666,0.0
7500,cdrm-bf16,149,1,148,2.5531864166259766,0.0005,1.194020390510559,True,0.5968390449997969,16384,6144,0.12548828125,0.0
7500,cdrm-bf16,150,1,149,2.5482656955718994,0.0005,0.7603182792663574,False,0.59774829899834,16384,6144,0.12630208333333334,0.0
7500,cdrm-bf16,151,1,150,2.5399770736694336,0.0005,0.9710462093353271,False,0.594866720988648,16384,6144,0.13444010416666666,0.0
7500,cdrm-bf16,152,1,151,2.5474259853363037,0.0005,0.7050083875656128,False,0.5952184459893033,16384,6144,0.12613932291666666,0.0
7500,cdrm-bf16,153,1,152,2.544827938079834,0.0005,0.7787173986434937,False,0.6004587980132783,16384,6144,0.13037109375,0.0
7500,cdrm-bf16,154,1,153,2.538869857788086,0.0005,0.6775440573692322,False,0.5938579200010281,16384,6144,0.13167317708333334,0.0
7500,cdrm-bf16,155,1,154,2.547628879547119,0.0005,1.0707788467407227,True,0.5999905060016317,16384,6144,0.13037109375,0.0
7500,cdrm-bf16,156,1,155,2.540790557861328,0.0005,0.8208446502685547,False,0.6007762700028252,16384,6144,0.13020833333333334,0.0
7500,cdrm-bf16,157,1,156,2.5401480197906494,0.0005,0.7736523151397705,False,0.6020832219946897,16384,6144,0.13020833333333334,0.0
7500,cdrm-bf16,158,1,157,2.537057876586914,0.0005,0.9771957993507385,False,0.6028506729926448,16384,6144,0.13525390625,0.0
7500,cdrm-bf16,159,1,158,2.5340394973754883,0.0005,0.6154952049255371,False,0.5930990189954173,16384,6144,0.13590494791666666,0.0
7500,cdrm-bf16,160,1,159,2.5435073375701904,0.0005,0.8044176697731018,False,0.5971336890070233,16384,6144,0.13199869791666666,0.0
7500,cdrm-bf16,161,1,160,2.536121368408203,0.0005,0.686669111251831,False,0.5937783370027319,16384,6144,0.13232421875,0.0
7500,cdrm-bf16,162,1,161,2.5361697673797607,0.0005,0.9467666745185852,False,0.5926484410010744,16384,6144,0.13264973958333334,0.0
7500,cdrm-bf16,163,1,162,2.5351550579071045,0.0005,0.7710581421852112,False,0.5977163329953328,16384,6144,0.13069661458333334,0.0
7500,cdrm-bf16,164,1,163,2.5431342124938965,0.0005,1.1434288024902344,True,0.5954538060032064,16384,6144,0.1298828125,0.0
7500,cdrm-bf16,165,1,164,2.533742666244507,0.0005,0.6954094171524048,False,0.5958442759874742,16384,6144,0.13216145833333334,0.0
7500,cdrm-bf16,166,1,165,2.526973247528076,0.0005,0.9942537546157837,False,0.5989999000012176,16384,6144,0.13704427083333334,0.0
7500,cdrm-bf16,167,1,166,2.525222063064575,0.0005,0.7211005091667175,False,0.5949209190002875,16384,6144,0.13509114583333334,0.0
7500,cdrm-bf16,168,1,167,2.5258002281188965,0.0005,0.6291117072105408,False,0.595229812010075,16384,6144,0.1337890625,0.0
7500,cdrm-bf16,169,1,168,2.5287399291992188,0.0005,0.8630139827728271,False,0.5907843409950146,16384,6144,0.134765625,0.0
7500,cdrm-bf16,170,1,169,2.5252840518951416,0.0005,1.0718443393707275,True,0.591011486001662,16384,6144,0.13199869791666666,0.0
7500,cdrm-bf16,171,1,170,2.5230777263641357,0.0005,0.9624626636505127,False,0.5861027299979469,16384,6144,0.13720703125,0.0
7500,cdrm-bf16,172,1,171,2.5232458114624023,0.0005,1.1051054000854492,True,0.5908868800033815,16384,6144,0.13590494791666666,0.0
7500,cdrm-bf16,173,1,172,2.5185658931732178,0.0005,1.1812427043914795,True,0.5900735220056958,16384,6144,0.13460286458333334,0.0
7500,cdrm-bf16,174,1,173,2.522460460662842,0.0005,0.83393794298172,False,0.5902962859981926,16384,6144,0.13818359375,0.0
7500,cdrm-bf16,175,1,174,2.5186915397644043,0.0005,0.7533472180366516,False,0.5878876689967001,16384,6144,0.13639322916666666,0.0
7500,cdrm-bf16,176,1,175,2.5225467681884766,0.0005,0.8084583878517151,False,0.5827820200065617,16384,6144,0.13557942708333334,0.0
7500,cdrm-bf16,177,1,176,2.5169763565063477,0.0005,1.0744616985321045,True,0.5774897549999878,16384,6144,0.13395182291666666,0.0
7500,cdrm-bf16,178,1,177,2.5115878582000732,0.0005,0.8036649823188782,False,0.5858542970090639,16384,6144,0.13916015625,0.0
7500,cdrm-bf16,179,1,178,2.518293857574463,0.0005,0.9374837279319763,False,0.5928114679991268,16384,6144,0.13444010416666666,0.0
7500,cdrm-bf16,180,1,179,2.513319969177246,0.0005,0.6950836181640625,False,0.5987235759967007,16384,6144,0.14794921875,0.0
7500,cdrm-bf16,181,1,180,2.512371778488159,0.0005,0.9781317710876465,False,0.5934799759997986,16384,6144,0.14029947916666666,0.0
7500,cdrm-bf16,182,1,181,2.5142431259155273,0.0005,0.7270395755767822,False,0.5937356329959584,16384,6144,0.13802083333333334,0.0
7500,cdrm-bf16,183,1,182,2.5129809379577637,0.0005,1.1283632516860962,True,0.5950225069973385,16384,6144,0.13981119791666666,0.0
7500,cdrm-bf16,184,1,183,2.5074563026428223,0.0005,0.8761829733848572,False,0.5959162320068572,16384,6144,0.13916015625,0.0
7500,cdrm-bf16,185,1,184,2.506244659423828,0.0005,1.207679271697998,True,0.5932138859934639,16384,6144,0.14290364583333334,0.0
7500,cdrm-bf16,186,1,185,2.5045080184936523,0.0005,0.8724175691604614,False,0.5969054800079903,16384,6144,0.13948567708333334,0.0
7500,cdrm-bf16,187,1,186,2.501399278640747,0.0005,0.9506049752235413,False,0.5919602569920244,16384,6144,0.14046223958333334,0.0
7500,cdrm-bf16,188,1,187,2.500196933746338,0.0005,0.7405290603637695,False,0.5920981060044141,16384,6144,0.138671875,0.0
7500,cdrm-bf16,189,1,188,2.5056893825531006,0.0005,0.9150040149688721,False,0.5940616139996564,16384,6144,0.14046223958333334,0.0
7500,cdrm-bf16,190,1,189,2.5080153942108154,0.0005,0.8951812386512756,False,0.593488537997473,16384,6144,0.13932291666666666,0.0
7500,cdrm-bf16,191,1,190,2.497328519821167,0.0005,0.7411401867866516,False,0.5975061200006166,16384,6144,0.14615885416666666,0.0
7500,cdrm-bf16,192,1,191,2.50498104095459,0.0005,0.8418316841125488,False,0.5898671570030274,16384,6144,0.13313802083333334,0.0
7500,cdrm-bf16,193,1,192,2.4983572959899902,0.0005,0.9011908769607544,False,0.5943409979954595,16384,6144,0.14599609375,0.0
7500,cdrm-bf16,194,1,193,2.5011935234069824,0.0005,0.9773765206336975,False,0.5982836490002228,16384,6144,0.1435546875,0.0
7500,cdrm-bf16,195,1,194,2.498485565185547,0.0005,0.9408925771713257,False,0.5982351589918835,16384,6144,0.14339192708333334,0.0
7500,cdrm-bf16,196,1,195,2.503114938735962,0.0005,0.8353185057640076,False,0.5974026569892885,16384,6144,0.14371744791666666,0.0
7500,cdrm-bf16,197,1,196,2.4934191703796387,0.0005,0.8386973738670349,False,0.5893534500064561,16384,6144,0.14632161458333334,0.0
7500,cdrm-bf16,198,1,197,2.4881036281585693,0.0005,0.6792435050010681,False,0.5866294029983692,16384,6144,0.14436848958333334,0.0
7500,cdrm-bf16,199,1,198,2.4939911365509033,0.0005,0.8317262530326843,False,0.6032508520002011,16384,6144,0.14567057291666666,0.0
7500,cdrm-bf16,200,1,199,2.488445997238159,0.0005,1.1625308990478516,True,0.5979045370040694,16384,6144,0.14436848958333334,0.0
7500,cdrm-bf16,201,2,0,2.4899449348449707,0.0004999692198041743,0.9145172238349915,False,0.5998729999992065,16384,6144,0.14436848958333334,0.0
7500,cdrm-bf16,202,2,1,2.499006748199463,0.0004999692198041743,1.3068809509277344,True,0.5908811740082456,16384,6144,0.14143880208333334,0.0
7500,cdrm-bf16,203,2,2,2.483982563018799,0.0004999692198041743,0.8790711164474487,False,0.5993146660039201,16384,6144,0.1513671875,0.0
7500,cdrm-bf16,204,2,3,2.494028091430664,0.0004999692198041743,1.3511818647384644,True,0.5946755409968318,16384,6144,0.13704427083333334,0.0
7500,cdrm-bf16,205,2,4,2.4853997230529785,0.0004999692198041743,0.9697074890136719,False,0.5985481520037865,16384,6144,0.14225260416666666,0.0
7500,cdrm-bf16,206,2,5,2.490076780319214,0.0004999692198041743,1.1097652912139893,True,0.5928244309907313,16384,6144,0.14501953125,0.0
7500,cdrm-bf16,207,2,6,2.487593173980713,0.0004999692198041743,0.7799630761146545,False,0.593202564996318,16384,6144,0.14290364583333334,0.0
7500,cdrm-bf16,208,2,7,2.483262777328491,0.0004999692198041743,1.0111143589019775,True,0.5923434940050356,16384,6144,0.15299479166666666,0.0
7500,cdrm-bf16,209,2,8,2.488034725189209,0.0004999692198041743,0.943260133266449,False,0.590215435004211,16384,6144,0.14371744791666666,0.0
7500,cdrm-bf16,210,2,9,2.484862804412842,0.0004999692198041743,1.1071317195892334,True,0.5869225159985945,16384,6144,0.14860026041666666,0.0
7500,cdrm-bf16,211,2,10,2.4760475158691406,0.0004999692198041743,0.8777432441711426,False,0.5951301739987684,16384,6144,0.14518229166666666,0.0
7500,cdrm-bf16,212,2,11,2.4799885749816895,0.0004999692198041743,1.2070255279541016,True,0.5973024609993445,16384,6144,0.14860026041666666,0.0
7500,cdrm-bf16,213,2,12,2.482455253601074,0.0004999692198041743,0.9404082298278809,False,0.5915338820050238,16384,6144,0.14827473958333334,0.0
7500,cdrm-bf16,214,2,13,2.483668565750122,0.0004999692198041743,0.9144073724746704,False,0.5905027840053663,16384,6144,0.14453125,0.0
7500,cdrm-bf16,215,2,14,2.4816226959228516,0.0004999692198041743,1.0515615940093994,True,0.5943650419940241,16384,6144,0.15022786458333334,0.0
7500,cdrm-bf16,216,2,15,2.473816394805908,0.0004999692198041743,1.3151224851608276,True,0.5932440269971266,16384,6144,0.14713541666666666,0.0
7500,cdrm-bf16,217,2,16,2.4803977012634277,0.0004999692198041743,1.150154709815979,True,0.5909073619986884,16384,6144,0.14778645833333334,0.0
7500,cdrm-bf16,218,2,17,2.475282669067383,0.0004999692198041743,0.6801019906997681,False,0.5937700659997063,16384,6144,0.15185546875,0.0
7500,cdrm-bf16,219,2,18,2.4761595726013184,0.0004999692198041743,1.1491576433181763,True,0.5933808150002733,16384,6144,0.15120442708333334,0.0
7500,cdrm-bf16,220,2,19,2.4780707359313965,0.0004999692198041743,0.6631610989570618,False,0.5918682949995855,16384,6144,0.14599609375,0.0
7500,cdrm-bf16,221,2,20,2.48057222366333,0.0004999692198041743,1.2517222166061401,True,0.5910321960109286,16384,6144,0.1435546875,0.0
7500,cdrm-bf16,222,2,21,2.4695215225219727,0.0004999692198041743,1.0014911890029907,True,0.5940979620063445,16384,6144,0.15152994791666666,0.0
7500,cdrm-bf16,223,2,22,2.465683937072754,0.0004999692198041743,1.1416882276535034,True,0.5892111150023993,16384,6144,0.15364583333333334,0.0
7500,cdrm-bf16,224,2,23,2.4757280349731445,0.0004999692198041743,1.3765473365783691,True,0.5949730400025146,16384,6144,0.1513671875,0.0
7500,cdrm-bf16,225,2,24,2.468061923980713,0.0004999692198041743,0.9775549173355103,False,0.5905762969923671,16384,6144,0.15185546875,0.0
7500,cdrm-bf16,226,2,25,2.466538906097412,0.0004999692198041743,1.3746287822723389,True,0.5884552670031553,16384,6144,0.14827473958333334,0.0
7500,cdrm-bf16,227,2,26,2.469843864440918,0.0004999692198041743,1.1611826419830322,True,0.5972202980046859,16384,6144,0.14892578125,0.0
7500,cdrm-bf16,228,2,27,2.4637346267700195,0.0004999692198041743,1.0278801918029785,True,0.5901785729947733,16384,6144,0.15462239583333334,0.0
7500,cdrm-bf16,229,2,28,2.4630467891693115,0.0004999692198041743,0.951488196849823,False,0.6066430710052373,16384,6144,0.15234375,0.0
7500,cdrm-bf16,230,2,29,2.4782252311706543,0.0004999692198041743,1.2427878379821777,True,0.5937442620052025,16384,6144,0.14811197916666666,0.0
7500,cdrm-bf16,231,2,30,2.463329315185547,0.0004999692198041743,0.9335994720458984,False,0.5919301950052613,16384,6144,0.1572265625,0.0
7500,cdrm-bf16,232,2,31,2.4654672145843506,0.0004999692198041743,1.0879004001617432,True,0.5991428629931761,16384,6144,0.14290364583333334,0.0
7500,cdrm-bf16,233,2,32,2.461933135986328,0.0004999692198041743,0.9505816698074341,False,0.5938899520115228,16384,6144,0.15348307291666666,0.0
7500,cdrm-bf16,234,2,33,2.465510845184326,0.0004999692198041743,1.6273651123046875,True,0.5858151809952687,16384,6144,0.15234375,0.0
7500,cdrm-bf16,235,2,34,2.478175640106201,0.0004999692198041743,1.524368405342102,True,0.5914147069997853,16384,6144,0.14811197916666666,0.0
7500,cdrm-bf16,236,2,35,2.463202476501465,0.0004999692198041743,1.371865153312683,True,0.5930511929909699,16384,6144,0.14990234375,0.0
7500,cdrm-bf16,237,2,36,2.459972858428955,0.0004999692198041743,1.203462839126587,True,0.5994905400002608,16384,6144,0.14876302083333334,0.0
7500,cdrm-bf16,238,2,37,2.4613962173461914,0.0004999692198041743,1.4388799667358398,True,0.5881393349991413,16384,6144,0.15364583333333334,0.0
7500,cdrm-bf16,239,2,38,2.4650046825408936,0.0004999692198041743,1.383766770362854,True,0.5870128980022855,16384,6144,0.14632161458333334,0.0
7500,cdrm-bf16,240,2,39,2.456148862838745,0.0004999692198041743,1.083741545677185,True,0.5890356300078565,16384,6144,0.154296875,0.0
7500,cdrm-bf16,241,2,40,2.4518239498138428,0.0004999692198041743,0.9259862899780273,False,0.5905007800029125,16384,6144,0.15836588541666666,0.0
7500,cdrm-bf16,242,2,41,2.465240716934204,0.0004999692198041743,0.9360604882240295,False,0.5917064609966474,16384,6144,0.15397135416666666,0.0
7500,cdrm-bf16,243,2,42,2.4535398483276367,0.0004999692198041743,0.7114726901054382,False,0.5912535719980951,16384,6144,0.15478515625,0.0
7500,cdrm-bf16,244,2,43,2.4567461013793945,0.0004999692198041743,1.1942939758300781,True,0.6034861310035922,16384,6144,0.15641276041666666,0.0
7500,cdrm-bf16,245,2,44,2.4449057579040527,0.0004999692198041743,1.0486085414886475,True,0.6000612469943007,16384,6144,0.15364583333333334,0.0
7500,cdrm-bf16,246,2,45,2.441030979156494,0.0004999692198041743,1.223124384880066,True,0.5962381700082915,16384,6144,0.16178385416666666,0.0
7500,cdrm-bf16,247,2,46,2.452545642852783,0.0004999692198041743,1.3419451713562012,True,0.5933995159866754,16384,6144,0.15283203125,0.0
7500,cdrm-bf16,248,2,47,2.4531726837158203,0.0004999692198041743,1.113058090209961,True,0.5929809640074382,16384,6144,0.15738932291666666,0.0
7500,cdrm-bf16,249,2,48,2.4538350105285645,0.0004999692198041743,1.5903953313827515,True,0.5951064570108429,16384,6144,0.15690104166666666,0.0
7500,cdrm-bf16,250,2,49,2.4483022689819336,0.0004999692198041743,1.1432467699050903,True,0.5954203360015526,16384,6144,0.15250651041666666,0.0
7500,cdrm-bf16,251,2,50,2.44892954826355,0.0004999692198041743,1.0238673686981201,True,0.5860322009975789,16384,6144,0.1591796875,0.0
7500,cdrm-bf16,252,2,51,2.4500699043273926,0.0004999692198041743,1.0044201612472534,True,0.5845566539937863,16384,6144,0.15738932291666666,0.0
7500,cdrm-bf16,253,2,52,2.4443957805633545,0.0004999692198041743,1.052259922027588,True,0.587186577002285,16384,6144,0.15885416666666666,0.0
7500,cdrm-bf16,254,2,53,2.439133405685425,0.0004999692198041743,1.0702745914459229,True,0.5926151400053641,16384,6144,0.1611328125,0.0
7500,cdrm-bf16,255,2,54,2.44232177734375,0.0004999692198041743,1.050673484802246,True,0.587073610004154,16384,6144,0.16162109375,0.0
7500,cdrm-bf16,256,2,55,2.4410367012023926,0.0004999692198041743,1.3082034587860107,True,0.6057917989965063,16384,6144,0.16292317708333334,0.0
7500,cdrm-bf16,257,2,56,2.434479236602783,0.0004999692198041743,0.99082350730896,False,0.6068338070035679,16384,6144,0.16259765625,0.0
7500,cdrm-bf16,258,2,57,2.4397292137145996,0.0004999692198041743,1.4390051364898682,True,0.6137401299929479,16384,6144,0.15869140625,0.0
7500,cdrm-bf16,259,2,58,2.439706325531006,0.0004999692198041743,1.1450161933898926,True,0.6008525209908839,16384,6144,0.1611328125,0.0
7500,cdrm-bf16,260,2,59,2.4406676292419434,0.0004999692198041743,1.4002984762191772,True,0.6026625819940818,16384,6144,0.15657552083333334,0.0
7500,cdrm-bf16,261,2,60,2.434713363647461,0.0004999692198041743,1.259187936782837,True,0.6051342760038096,16384,6144,0.16015625,0.0
7500,cdrm-bf16,262,2,61,2.438210964202881,0.0004999692198041743,1.589388370513916,True,0.6002418749994831,16384,6144,0.15966796875,0.0
7500,cdrm-bf16,263,2,62,2.4355525970458984,0.0004999692198041743,1.3266972303390503,True,0.5962823860027129,16384,6144,0.15771484375,0.0
7500,cdrm-bf16,264,2,63,2.4453611373901367,0.0004999692198041743,1.2946830987930298,True,0.5967499050020706,16384,6144,0.15576171875,0.0
7500,cdrm-bf16,265,2,64,2.4295639991760254,0.0004999692198041743,1.1367487907409668,True,0.5958204589987872,16384,6144,0.16455078125,0.0
7500,cdrm-bf16,266,2,65,2.4304423332214355,0.0004999692198041743,1.5168683528900146,True,0.5995469090121333,16384,6144,0.15901692708333334,0.0
7500,cdrm-bf16,267,2,66,2.4325156211853027,0.0004999692198041743,1.3390671014785767,True,0.5972584579867544,16384,6144,0.16064453125,0.0
7500,cdrm-bf16,268,2,67,2.4226930141448975,0.0004999692198041743,1.4055039882659912,True,0.6017339969985187,16384,6144,0.16845703125,0.0
7500,cdrm-bf16,269,2,68,2.4259347915649414,0.0004999692198041743,1.2561510801315308,True,0.6033582980016945,16384,6144,0.16617838541666666,0.0
7500,cdrm-bf16,270,2,69,2.411769151687622,0.0004999692198041743,1.2482463121414185,True,0.5921816019981634,16384,6144,0.17154947916666666,0.0
7500,cdrm-bf16,271,2,70,2.419221878051758,0.0004999692198041743,1.131572961807251,True,0.6006288310018135,16384,6144,0.16552734375,0.0
7500,cdrm-bf16,272,2,71,2.4277663230895996,0.0004999692198041743,1.5164250135421753,True,0.5985356570017757,16384,6144,0.158203125,0.0
7500,cdrm-bf16,273,2,72,2.423379421234131,0.0004999692198041743,1.1110799312591553,True,0.5975219660031144,16384,6144,0.16145833333333334,0.0
7500,cdrm-bf16,274,2,73,2.4178874492645264,0.0004999692198041743,1.7864747047424316,True,0.5923393999983091,16384,6144,0.1640625,0.0
7500,cdrm-bf16,275,2,74,2.419910430908203,0.0004999692198041743,1.1038721799850464,True,0.5896216410037596,16384,6144,0.1650390625,0.0
7500,cdrm-bf16,276,2,75,2.4145970344543457,0.0004999692198041743,1.8325375318527222,True,0.5945153600041522,16384,6144,0.171875,0.0
7500,cdrm-bf16,277,2,76,2.413661241531372,0.0004999692198041743,1.5228638648986816,True,0.5876252299931366,16384,6144,0.16373697916666666,0.0
7500,cdrm-bf16,278,2,77,2.4130959510803223,0.0004999692198041743,1.2156087160110474,True,0.5906727910041809,16384,6144,0.16634114583333334,0.0
7500,cdrm-bf16,279,2,78,2.406954526901245,0.0004999692198041743,1.1815197467803955,True,0.5981203650007956,16384,6144,0.1708984375,0.0
7500,cdrm-bf16,280,2,79,2.4116744995117188,0.0004999692198041743,1.728387713432312,True,0.5913268480071565,16384,6144,0.16780598958333334,0.0
7500,cdrm-bf16,281,2,80,2.410008430480957,0.0004999692198041743,1.442976474761963,True,0.5893885279947426,16384,6144,0.16650390625,0.0
7500,cdrm-bf16,282,2,81,2.4103755950927734,0.0004999692198041743,1.6241016387939453,True,0.5921464959974401,16384,6144,0.16666666666666666,0.0
7500,cdrm-bf16,283,2,82,2.418455123901367,0.0004999692198041743,1.59804105758667,True,0.5938829619990429,16384,6144,0.16292317708333334,0.0
7500,cdrm-bf16,284,2,83,2.407052516937256,0.0004999692198041743,1.7750300168991089,True,0.5970589259959524,16384,6144,0.16520182291666666,0.0
7500,cdrm-bf16,285,2,84,2.405724287033081,0.0004999692198041743,1.442743182182312,True,0.5894300720101455,16384,6144,0.17008463541666666,0.0
7500,cdrm-bf16,286,2,85,2.4136645793914795,0.0004999692198041743,1.1497832536697388,True,0.5934533799882047,16384,6144,0.16813151041666666,0.0
7500,cdrm-bf16,287,2,86,2.3999881744384766,0.0004999692198041743,1.4786070585250854,True,0.5928183779906249,16384,6144,0.16910807291666666,0.0
7500,cdrm-bf16,288,2,87,2.400118589401245,0.0004999692198041743,1.2322721481323242,True,0.5905213549995096,16384,6144,0.16536458333333334,0.0
7500,cdrm-bf16,289,2,88,2.39447021484375,0.0004999692198041743,1.2654227018356323,True,0.5997665739996592,16384,6144,0.17513020833333334,0.0
7500,cdrm-bf16,290,2,89,2.3967692852020264,0.0004999692198041743,1.4523605108261108,True,0.6010307859978639,16384,6144,0.17447916666666666,0.0
7500,cdrm-bf16,291,2,90,2.3863160610198975,0.0004999692198041743,1.0650386810302734,True,0.5989157489966601,16384,6144,0.17659505208333334,0.0
7500,cdrm-bf16,292,2,91,2.3954975605010986,0.0004999692198041743,2.027684450149536,True,0.6020459940045839,16384,6144,0.17106119791666666,0.0
7500,cdrm-bf16,293,2,92,2.395813465118408,0.0004999692198041743,1.405293583869934,True,0.6032139829912921,16384,6144,0.17985026041666666,0.0
7500,cdrm-bf16,294,2,93,2.402876377105713,0.0004999692198041743,1.6328257322311401,True,0.5973062999983085,16384,6144,0.17057291666666666,0.0
7500,cdrm-bf16,295,2,94,2.3916878700256348,0.0004999692198041743,1.4410232305526733,True,0.6001737699989462,16384,6144,0.17708333333333334,0.0
7500,cdrm-bf16,296,2,95,2.396836519241333,0.0004999692198041743,1.5706005096435547,True,0.5997102030087262,16384,6144,0.17236328125,0.0
7500,cdrm-bf16,297,2,96,2.390195369720459,0.0004999692198041743,2.0642549991607666,True,0.5998226210067514,16384,6144,0.17643229166666666,0.0
7500,cdrm-bf16,298,2,97,2.3858323097229004,0.0004999692198041743,1.5765063762664795,True,0.58781335799722,16384,6144,0.17757161458333334,0.0
7500,cdrm-bf16,299,2,98,2.386162042617798,0.0004999692198041743,1.5535001754760742,True,0.5964194150001276,16384,6144,0.17740885416666666,0.0
7500,cdrm-bf16,300,2,99,2.370906114578247,0.0004999692198041743,1.1993852853775024,True,0.5976943639980163,16384,6144,0.18277994791666666,0.0
7500,cdrm-bf16,301,2,100,2.378380298614502,0.0004999692198041743,2.284818649291992,True,0.5927209170040442,16384,6144,0.17952473958333334,0.0
7500,cdrm-bf16,302,2,101,2.3922016620635986,0.0004999692198041743,2.6678524017333984,True,0.5976791919965763,16384,6144,0.1728515625,0.0
7500,cdrm-bf16,303,2,102,2.38289737701416,0.0004999692198041743,1.2514896392822266,True,0.5943563210021239,16384,6144,0.1826171875,0.0
7500,cdrm-bf16,304,2,103,2.38828182220459,0.0004999692198041743,2.629032850265503,True,0.6013440550013911,16384,6144,0.18098958333333334,0.0
7500,cdrm-bf16,305,2,104,2.388819694519043,0.0004999692198041743,1.648244023323059,True,0.5990997979970416,16384,6144,0.1767578125,0.0
7500,cdrm-bf16,306,2,105,2.3868813514709473,0.0004999692198041743,2.7500391006469727,True,0.6013205169874709,16384,6144,0.17220052083333334,0.0
7500,cdrm-bf16,307,2,106,2.389052391052246,0.0004999692198041743,1.872739315032959,True,0.5948554549977416,16384,6144,0.17805989583333334,0.0
7500,cdrm-bf16,308,2,107,2.3827874660491943,0.0004999692198041743,2.3720057010650635,True,0.5870146119996207,16384,6144,0.18131510416666666,0.0
7500,cdrm-bf16,309,2,108,2.3760581016540527,0.0004999692198041743,1.454296350479126,True,0.5976574289961718,16384,6144,0.1787109375,0.0
7500,cdrm-bf16,310,2,109,2.3774280548095703,0.0004999692198041743,2.0656380653381348,True,0.6025929309980711,16384,6144,0.17431640625,0.0
7500,cdrm-bf16,311,2,110,2.3749096393585205,0.0004999692198041743,1.844079852104187,True,0.5944369429926155,16384,6144,0.18391927083333334,0.0
7500,cdrm-bf16,312,2,111,2.369083881378174,0.0004999692198041743,2.254390001296997,True,0.6002401769947028,16384,6144,0.18229166666666666,0.0
7500,cdrm-bf16,313,2,112,2.3804168701171875,0.0004999692198041743,2.1285009384155273,True,0.5918994989915518,16384,6144,0.17626953125,0.0
7500,cdrm-bf16,314,2,113,2.365817070007324,0.0004999692198041743,1.7344388961791992,True,0.5957736359996488,16384,6144,0.18375651041666666,0.0
7500,cdrm-bf16,315,2,114,2.358368396759033,0.0004999692198041743,1.3477444648742676,True,0.59581473399885,16384,6144,0.18391927083333334,0.0
7500,cdrm-bf16,316,2,115,2.362131118774414,0.0004999692198041743,1.8292955160140991,True,0.5870361639972543,16384,6144,0.185546875,0.0
7500,cdrm-bf16,317,2,116,2.3629889488220215,0.0004999692198041743,1.4373924732208252,True,0.5899120870017214,16384,6144,0.1826171875,0.0
7500,cdrm-bf16,318,2,117,2.3596854209899902,0.0004999692198041743,2.0787365436553955,True,0.5860987600026419,16384,6144,0.18587239583333334,0.0
7500,cdrm-bf16,319,2,118,2.363034963607788,0.0004999692198041743,1.9903711080551147,True,0.5913165730016772,16384,6144,0.1845703125,0.0
7500,cdrm-bf16,320,2,119,2.361400842666626,0.0004999692198041743,2.3914599418640137,True,0.5912792579911184,16384,6144,0.18343098958333334,0.0
7500,cdrm-bf16,321,2,120,2.3671605587005615,0.0004999692198041743,3.8996849060058594,True,0.5929079370107502,16384,6144,0.18245442708333334,0.0
7500,cdrm-bf16,322,2,121,2.353306531906128,0.0004999692198041743,2.4301044940948486,True,0.5879782810079632,16384,6144,0.18310546875,0.0
7500,cdrm-bf16,323,2,122,2.364084005355835,0.0004999692198041743,3.455990791320801,True,0.593658255005721,16384,6144,0.18131510416666666,0.0
7500,cdrm-bf16,324,2,123,2.361135482788086,0.0004999692198041743,2.561258316040039,True,0.5904179430071963,16384,6144,0.18326822916666666,0.0
7500,cdrm-bf16,325,2,124,2.355736255645752,0.0004999692198041743,3.160736083984375,True,0.592801115999464,16384,6144,0.1865234375,0.0
7500,cdrm-bf16,326,2,125,2.35117244720459,0.0004999692198041743,2.4858081340789795,True,0.5970730080007343,16384,6144,0.19270833333333334,0.0
7500,cdrm-bf16,327,2,126,2.36599063873291,0.0004999692198041743,3.6909921169281006,True,0.6058695340034319,16384,6144,0.18375651041666666,0.0
7500,cdrm-bf16,328,2,127,2.355747699737549,0.0004999692198041743,2.8281633853912354,True,0.5957307950011455,16384,6144,0.1845703125,0.0
7500,cdrm-bf16,329,2,128,2.3382649421691895,0.0004999692198041743,2.412320375442505,True,0.599619482003618,16384,6144,0.19661458333333334,0.0
7500,cdrm-bf16,330,2,129,2.347557544708252,0.0004999692198041743,3.0051746368408203,True,0.6016629859950626,16384,6144,0.18538411458333334,0.0
7500,cdrm-bf16,331,2,130,2.3473775386810303,0.0004999692198041743,2.8028385639190674,True,0.601761384998099,16384,6144,0.19173177083333334,0.0
7500,cdrm-bf16,332,2,131,2.3427605628967285,0.0004999692198041743,2.693141460418701,True,0.6071428690047469,16384,6144,0.19254557291666666,0.0
7500,cdrm-bf16,333,2,132,2.350250244140625,0.0004999692198041743,3.9085865020751953,True,0.6394881180021912,16384,6144,0.18684895833333334,0.0
7500,cdrm-bf16,334,2,133,2.352306842803955,0.0004999692198041743,3.3661563396453857,True,0.6066166660020826,16384,6144,0.18229166666666666,0.0
7500,cdrm-bf16,335,2,134,2.353847026824951,0.0004999692198041743,3.106375217437744,True,0.6007257480086992,16384,6144,0.189453125,0.0
7500,cdrm-bf16,336,2,135,2.338374614715576,0.0004999692198041743,2.74299955368042,True,0.5953387050103629,16384,6144,0.1875,0.0
7500,cdrm-bf16,337,2,136,2.340884208679199,0.0004999692198041743,2.783104181289673,True,0.6040632789954543,16384,6144,0.1875,0.0
7500,cdrm-bf16,338,2,137,2.3087565898895264,0.0004999692198041743,1.857043743133545,True,0.6024744470050791,16384,6144,0.20231119791666666,0.0
7500,cdrm-bf16,339,2,138,2.354522228240967,0.0004999692198041743,4.185582637786865,True,0.5932066430104896,16384,6144,0.18701171875,0.0
7500,cdrm-bf16,340,2,139,2.328871726989746,0.0004999692198041743,3.452503204345703,True,0.6004189669911284,16384,6144,0.19189453125,0.0
7500,cdrm-bf16,341,2,140,2.3346381187438965,0.0004999692198041743,3.9714527130126953,True,0.5941616779891774,16384,6144,0.18668619791666666,0.0
7500,cdrm-bf16,342,2,141,2.350790500640869,0.0004999692198041743,3.2858145236968994,True,0.5951777390000643,16384,6144,0.18522135416666666,0.0
7500,cdrm-bf16,343,2,142,2.3146798610687256,0.0004999692198041743,2.846351385116577,True,0.5969780710001942,16384,6144,0.19873046875,0.0
7500,cdrm-bf16,344,2,143,2.3238422870635986,0.0004999692198041743,2.2606213092803955,True,0.5984023939963663,16384,6144,0.19319661458333334,0.0
7500,cdrm-bf16,345,2,144,2.315474510192871,0.0004999692198041743,2.915268659591675,True,0.5949514530075248,16384,6144,0.19645182291666666,0.0
7500,cdrm-bf16,346,2,145,2.324066638946533,0.0004999692198041743,3.159456253051758,True,0.6049442799994722,16384,6144,0.19189453125,0.0
7500,cdrm-bf16,347,2,146,2.334597587585449,0.0004999692198041743,4.32647705078125,True,0.5943192889972124,16384,6144,0.19466145833333334,0.0
7500,cdrm-bf16,348,2,147,2.3142590522766113,0.0004999692198041743,3.158686637878418,True,0.6002278100058902,16384,6144,0.19954427083333334,0.0
7500,cdrm-bf16,349,2,148,2.3319711685180664,0.0004999692198041743,3.470027446746826,True,0.6006291630037595,16384,6144,0.19091796875,0.0
7500,cdrm-bf16,350,2,149,2.311805486679077,0.0004999692198041743,3.6261165142059326,True,0.598358080998878,16384,6144,0.19059244791666666,0.0
7500,cdrm-bf16,351,2,150,2.3217291831970215,0.0004999692198041743,3.235140562057495,True,0.6010446029977174,16384,6144,0.19466145833333334,0.0
7500,cdrm-bf16,352,2,151,2.308091640472412,0.0004999692198041743,2.6832430362701416,True,0.5946819480013801,16384,6144,0.19889322916666666,0.0
7500,cdrm-bf16,353,2,152,2.310403823852539,0.0004999692198041743,4.306151866912842,True,0.5942611450009281,16384,6144,0.201171875,0.0
7500,cdrm-bf16,354,2,153,2.341513156890869,0.0004999692198041743,4.202639579772949,True,0.5991495010093786,16384,6144,0.185546875,0.0
7500,cdrm-bf16,355,2,154,2.3076937198638916,0.0004999692198041743,3.674131393432617,True,0.6010098659899086,16384,6144,0.20751953125,0.0
7500,cdrm-bf16,356,2,155,2.3109402656555176,0.0004999692198041743,2.9927115440368652,True,0.5949446449958486,16384,6144,0.20035807291666666,0.0
7500,cdrm-bf16,357,2,156,2.3098790645599365,0.0004999692198041743,3.064653158187866,True,0.5936920399981318,16384,6144,0.19596354166666666,0.0
7500,cdrm-bf16,358,2,157,2.296712875366211,0.0004999692198041743,2.4116363525390625,True,0.6014471660018899,16384,6144,0.20068359375,0.0
7500,cdrm-bf16,359,2,158,2.3199782371520996,0.0004999692198041743,4.727522850036621,True,0.5916579720069421,16384,6144,0.19563802083333334,0.0
7500,cdrm-bf16,360,2,159,2.318291664123535,0.0004999692198041743,3.4942543506622314,True,0.5845829530007904,16384,6144,0.19514973958333334,0.0
7500,cdrm-bf16,361,2,160,2.2894647121429443,0.0004999692198041743,3.102177143096924,True,0.5951704990002327,16384,6144,0.20393880208333334,0.0
7500,cdrm-bf16,362,2,161,2.309523582458496,0.0004999692198041743,3.888514518737793,True,0.598019156997907,16384,6144,0.1953125,0.0
7500,cdrm-bf16,363,2,162,2.3019754886627197,0.0004999692198041743,3.6582276821136475,True,0.5982434710022062,16384,6144,0.1982421875,0.0
7500,cdrm-bf16,364,2,163,2.287325143814087,0.0004999692198041743,2.7817318439483643,True,0.5968630360002862,16384,6144,0.20166015625,0.0
7500,cdrm-bf16,365,2,164,2.284574270248413,0.0004999692198041743,3.5380702018737793,True,0.5965219310019165,16384,6144,0.19970703125,0.0
7500,cdrm-bf16,366,2,165,2.281140089035034,0.0004999692198041743,2.8253488540649414,True,0.597092858995893,16384,6144,0.20703125,0.0
7500,cdrm-bf16,367,2,166,2.3391904830932617,0.0004999692198041743,6.148633003234863,True,0.5985244369949214,16384,6144,0.19270833333333334,0.0
7500,cdrm-bf16,368,2,167,2.3088650703430176,0.0004999692198041743,5.490588665008545,True,0.6042132270085858,16384,6144,0.19661458333333334,0.0
7500,cdrm-bf16,369,2,168,2.2767245769500732,0.0004999692198041743,2.4555258750915527,True,0.5922317470103735,16384,6144,0.20589192708333334,0.0
7500,cdrm-bf16,370,2,169,2.3342509269714355,0.0004999692198041743,6.131054401397705,True,0.5975922610086855,16384,6144,0.18912760416666666,0.0
7500,cdrm-bf16,371,2,170,2.3114705085754395,0.0004999692198041743,3.5709261894226074,True,0.600742242007982,16384,6144,0.19661458333333334,0.0
7500,cdrm-bf16,372,2,171,2.292560338973999,0.0004999692198041743,3.9124581813812256,True,0.5970441860117717,16384,6144,0.20166015625,0.0
7500,cdrm-bf16,373,2,172,2.3017330169677734,0.0004999692198041743,3.4830873012542725,True,0.5836525190097746,16384,6144,0.19889322916666666,0.0
7500,cdrm-bf16,374,2,173,2.281033515930176,0.0004999692198041743,2.4756622314453125,True,0.5907588849950116,16384,6144,0.20947265625,0.0
7500,cdrm-bf16,375,2,174,2.2829976081848145,0.0004999692198041743,3.468449831008911,True,0.5934075450059026,16384,6144,0.20768229166666666,0.0
7500,cdrm-bf16,376,2,175,2.2834997177124023,0.0004999692198041743,2.6466453075408936,True,0.5933019740041345,16384,6144,0.197265625,0.0
7500,cdrm-bf16,377,2,176,2.2655999660491943,0.0004999692198041743,1.9828249216079712,True,0.5912761789950309,16384,6144,0.20849609375,0.0
7500,cdrm-bf16,378,2,177,2.2711844444274902,0.0004999692198041743,2.752720594406128,True,0.5884070270112716,16384,6144,0.20865885416666666,0.0
7500,cdrm-bf16,379,2,178,2.2786097526550293,0.0004999692198041743,5.434971809387207,True,0.5935809160000645,16384,6144,0.21240234375,0.0
7500,cdrm-bf16,380,2,179,2.2738327980041504,0.0004999692198041743,2.6693456172943115,True,0.5892145359975984,16384,6144,0.20475260416666666,0.0
7500,cdrm-bf16,381,2,180,2.2680487632751465,0.0004999692198041743,4.070124626159668,True,0.5888565159984864,16384,6144,0.20426432291666666,0.0
7500,cdrm-bf16,382,2,181,2.2914795875549316,0.0004999692198041743,3.0360474586486816,True,0.5916333049972309,16384,6144,0.19791666666666666,0.0
7500,cdrm-bf16,383,2,182,2.285708427429199,0.0004999692198041743,4.8775811195373535,True,0.5924875380005687,16384,6144,0.20100911458333334,0.0
7500,cdrm-bf16,384,2,183,2.270862340927124,0.0004999692198041743,2.33016300201416,True,0.59123350099253,16384,6144,0.21044921875,0.0
7500,cdrm-bf16,385,2,184,2.3166542053222656,0.0004999692198041743,7.1796722412109375,True,0.5923785860068165,16384,6144,0.1953125,0.0
7500,cdrm-bf16,386,2,185,2.3108410835266113,0.0004999692198041743,4.892120838165283,True,0.5930422629899113,16384,6144,0.19710286458333334,0.0
7500,cdrm-bf16,387,2,186,2.322524070739746,0.0004999692198041743,5.477608680725098,True,0.5965692820027471,16384,6144,0.19596354166666666,0.0
7500,cdrm-bf16,388,2,187,2.3010241985321045,0.0004999692198041743,4.101144790649414,True,0.598441702008131,16384,6144,0.201171875,0.0
7500,cdrm-bf16,389,2,188,2.2895255088806152,0.0004999692198041743,3.4295835494995117,True,0.5895433999976376,16384,6144,0.20231119791666666,0.0
7500,cdrm-bf16,390,2,189,2.280674934387207,0.0004999692198041743,3.6573097705841064,True,0.5889232820045436,16384,6144,0.20426432291666666,0.0
7500,cdrm-bf16,391,2,190,2.268383502960205,0.0004999692198041743,3.7067196369171143,True,0.5922535680001602,16384,6144,0.21435546875,0.0
7500,cdrm-bf16,392,2,191,2.268555164337158,0.0004999692198041743,3.108412265777588,True,0.6018520910001826,16384,6144,0.21240234375,0.0
7500,cdrm-bf16,393,2,192,2.2653968334198,0.0004999692198041743,2.4964654445648193,True,0.5925181729980977,16384,6144,0.2080078125,0.0
7500,cdrm-bf16,394,2,193,2.2440898418426514,0.0004999692198041743,3.298295259475708,True,0.5989327369898092,16384,6144,0.20768229166666666,0.0
7500,cdrm-bf16,395,2,194,2.2439584732055664,0.0004999692198041743,3.3313674926757812,True,0.5945849119889317,16384,6144,0.21712239583333334,0.0
7500,cdrm-bf16,396,2,195,2.2337646484375,0.0004999692198041743,3.6775951385498047,True,0.5953682010003831,16384,6144,0.21240234375,0.0
7500,cdrm-bf16,397,2,196,2.242823362350464,0.0004999692198041743,3.250196933746338,True,0.5977753280021716,16384,6144,0.21435546875,0.0
7500,cdrm-bf16,398,2,197,2.229407787322998,0.0004999692198041743,2.554215908050537,True,0.5948750849929638,16384,6144,0.21354166666666666,0.0
7500,cdrm-bf16,399,2,198,2.2546403408050537,0.0004999692198041743,3.357067584991455,True,0.5954707579949172,16384,6144,0.21012369791666666,0.0
7500,cdrm-bf16,400,2,199,2.242826223373413,0.0004999692198041743,2.5497803688049316,True,0.5916084429918556,16384,6144,0.21223958333333334,0.0
7500,cdrm-bf16,401,3,0,2.2454166412353516,0.00049987688681125,4.32563591003418,True,6.145581163989846,16384,6144,0.216796875,0.0
7500,cdrm-bf16,402,3,1,2.2281880378723145,0.00049987688681125,2.397892713546753,True,0.5910047020006459,16384,6144,0.21712239583333334,0.0
7500,cdrm-bf16,403,3,2,2.230785846710205,0.00049987688681125,3.211876392364502,True,0.5920707949990174,16384,6144,0.2177734375,0.0
7500,cdrm-bf16,404,3,3,2.21795916557312,0.00049987688681125,3.299058198928833,True,0.6155551560077583,16384,6144,0.22737630208333334,0.0
7500,cdrm-bf16,405,3,4,2.234447956085205,0.00049987688681125,5.855195999145508,True,0.6051843460008968,16384,6144,0.22233072916666666,0.0
7500,cdrm-bf16,406,3,5,2.2834033966064453,0.00049987688681125,6.932436943054199,True,0.5911047630070243,16384,6144,0.20589192708333334,0.0
7500,cdrm-bf16,407,3,6,2.2763824462890625,0.00049987688681125,6.683818340301514,True,0.6075210300041363,16384,6144,0.20703125,0.0
7500,cdrm-bf16,408,3,7,2.2662546634674072,0.00049987688681125,9.052748680114746,True,0.5955438420060091,16384,6144,0.20279947916666666,0.0
7500,cdrm-bf16,409,3,8,2.249861240386963,0.00049987688681125,8.47696304321289,True,0.5954430220008362,16384,6144,0.21061197916666666,0.0
7500,cdrm-bf16,410,3,9,2.2368831634521484,0.00049987688681125,5.557950019836426,True,0.6091998890042305,16384,6144,0.21565755208333334,0.0
7500,cdrm-bf16,411,3,10,2.230441093444824,0.00049987688681125,6.053847789764404,True,0.6144287489878479,16384,6144,0.21549479166666666,0.0
7500,cdrm-bf16,412,3,11,2.259403705596924,0.00049987688681125,8.081473350524902,True,0.5939417240006151,16384,6144,0.20638020833333334,0.0
7500,cdrm-bf16,413,3,12,2.2374823093414307,0.00049987688681125,6.146834850311279,True,0.5969795629935106,16384,6144,0.21175130208333334,0.0
7500,cdrm-bf16,414,3,13,2.244675397872925,0.00049987688681125,6.1831207275390625,True,0.6219082519965013,16384,6144,0.21712239583333334,0.0
7500,cdrm-bf16,415,3,14,2.2437148094177246,0.00049987688681125,5.847366809844971,True,0.6004887079907348,16384,6144,0.21516927083333334,0.0
7500,cdrm-bf16,416,3,15,2.238942861557007,0.00049987688681125,7.401844501495361,True,0.594157391009503,16384,6144,0.21305338541666666,0.0
7500,cdrm-bf16,417,3,16,2.233132839202881,0.00049987688681125,6.324713230133057,True,0.5966782710020198,16384,6144,0.21744791666666666,0.0
7500,cdrm-bf16,418,3,17,2.2330453395843506,0.00049987688681125,7.172976970672607,True,0.5941938570031198,16384,6144,0.21956380208333334,0.0
7500,cdrm-bf16,419,3,18,2.2446937561035156,0.00049987688681125,6.972140312194824,True,0.5894044679880608,16384,6144,0.2119140625,0.0
7500,cdrm-bf16,420,3,19,2.2173683643341064,0.00049987688681125,5.426331043243408,True,0.593982065009186,16384,6144,0.22265625,0.0
7500,cdrm-bf16,421,3,20,2.190316677093506,0.00049987688681125,4.936268329620361,True,0.6108991410001181,16384,6144,0.2255859375,0.0
7500,cdrm-bf16,422,3,21,2.2392728328704834,0.00049987688681125,6.929950714111328,True,0.594866349012591,16384,6144,0.21728515625,0.0
7500,cdrm-bf16,423,3,22,2.2054314613342285,0.00049987688681125,5.265563011169434,True,0.5943917050026357,16384,6144,0.21761067708333334,0.0
7500,cdrm-bf16,424,3,23,2.2186079025268555,0.00049987688681125,8.07909870147705,True,0.5888283340027556,16384,6144,0.21500651041666666,0.0
7500,cdrm-bf16,425,3,24,2.2036542892456055,0.00049987688681125,6.855648040771484,True,0.5984390679950593,16384,6144,0.220703125,0.0
7500,cdrm-bf16,426,3,25,2.209702968597412,0.00049987688681125,7.379726409912109,True,0.6031719640013762,16384,6144,0.22509765625,0.0
7500,cdrm-bf16,427,3,26,2.2130610942840576,0.00049987688681125,6.070465087890625,True,0.597929783994914,16384,6144,0.21988932291666666,0.0
7500,cdrm-bf16,428,3,27,2.211193799972534,0.00049987688681125,6.795142650604248,True,0.6001520979916677,16384,6144,0.21826171875,0.0
7500,cdrm-bf16,429,3,28,2.196004867553711,0.00049987688681125,4.812425136566162,True,0.592137161991559,16384,6144,0.22932942708333334,0.0
7500,cdrm-bf16,430,3,29,2.2120919227600098,0.00049987688681125,6.736512660980225,True,0.5853059359942563,16384,6144,0.22428385416666666,0.0
7500,cdrm-bf16,431,3,30,2.1933798789978027,0.00049987688681125,4.954373359680176,True,0.6055736520065693,16384,6144,0.22395833333333334,0.0
7500,cdrm-bf16,432,3,31,2.213693618774414,0.00049987688681125,5.886133670806885,True,0.5861541570047848,16384,6144,0.21305338541666666,0.0
7500,cdrm-bf16,433,3,32,2.1950387954711914,0.00049987688681125,5.104074001312256,True,0.5912370769947302,16384,6144,0.22412109375,0.0
7500,cdrm-bf16,434,3,33,2.193424701690674,0.00049987688681125,6.640358924865723,True,0.5928905730106635,16384,6144,0.22216796875,0.0
7500,cdrm-bf16,435,3,34,2.2096614837646484,0.00049987688681125,3.8517940044403076,True,0.5980578390008304,16384,6144,0.22216796875,0.0
7500,cdrm-bf16,436,3,35,2.149014472961426,0.00049987688681125,2.6428439617156982,True,0.5882401779963402,16384,6144,0.23876953125,0.0
7500,cdrm-bf16,437,3,36,2.1889169216156006,0.00049987688681125,6.932620048522949,True,0.5924751159909647,16384,6144,0.23046875,0.0
7500,cdrm-bf16,438,3,37,2.181218147277832,0.00049987688681125,4.368345260620117,True,0.5915483480057446,16384,6144,0.22509765625,0.0
7500,cdrm-bf16,439,3,38,2.1645379066467285,0.00049987688681125,2.973667860031128,True,0.5926849149982445,16384,6144,0.23372395833333334,0.0
7500,cdrm-bf16,440,3,39,2.181760311126709,0.00049987688681125,7.481084823608398,True,0.5831962249940261,16384,6144,0.23193359375,0.0
7500,cdrm-bf16,441,3,40,2.185593366622925,0.00049987688681125,3.7657570838928223,True,0.5893727130023763,16384,6144,0.23518880208333334,0.0
7500,cdrm-bf16,442,3,41,2.321113109588623,0.00049987688681125,14.46894645690918,True,0.6022972849896178,16384,6144,0.1962890625,0.0
7500,cdrm-bf16,443,3,42,2.3498666286468506,0.00049987688681125,13.661279678344727,True,0.5908476910117315,16384,6144,0.19270833333333334,0.0
7500,cdrm-bf16,444,3,43,2.1903960704803467,0.00049987688681125,4.412646293640137,True,0.5934320810047211,16384,6144,0.23063151041666666,0.0
7500,cdrm-bf16,445,3,44,2.342285633087158,0.00049987688681125,12.536028861999512,True,0.6006301379966317,16384,6144,0.18929036458333334,0.0
7500,cdrm-bf16,446,3,45,2.455789566040039,0.00049987688681125,12.294909477233887,True,0.6008433530078037,16384,6144,0.17594401041666666,0.0
7500,cdrm-bf16,447,3,46,2.3470137119293213,0.00049987688681125,6.862905025482178,True,0.5950178790080827,16384,6144,0.19368489583333334,0.0
7500,cdrm-bf16,448,3,47,2.283809185028076,0.00049987688681125,6.667803764343262,True,0.5917407170054503,16384,6144,0.20491536458333334,0.0
7500,cdrm-bf16,449,3,48,2.266275405883789,0.00049987688681125,6.787073135375977,True,0.5975403560005361,16384,6144,0.20540364583333334,0.0
7500,cdrm-bf16,450,3,49,2.2679355144500732,0.00049987688681125,4.245052814483643,True,0.5867193900048733,16384,6144,0.212890625,0.0
7500,cdrm-bf16,451,3,50,2.2698004245758057,0.00049987688681125,5.560390472412109,True,0.590993427002104,16384,6144,0.20458984375,0.0
7500,cdrm-bf16,452,3,51,2.249927282333374,0.00049987688681125,3.7408664226531982,True,0.5919873440143419,16384,6144,0.21468098958333334,0.0
7500,cdrm-bf16,453,3,52,2.2075579166412354,0.00049987688681125,3.7561686038970947,True,0.5916124650102574,16384,6144,0.22672526041666666,0.0
7500,cdrm-bf16,454,3,53,2.1914944648742676,0.00049987688681125,3.6263699531555176,True,0.5956932769913692,16384,6144,0.2255859375,0.0
7500,cdrm-bf16,455,3,54,2.1615312099456787,0.00049987688681125,2.287019968032837,True,0.5868781879980816,16384,6144,0.24153645833333334,0.0
7500,cdrm-bf16,456,3,55,2.194520950317383,0.00049987688681125,4.785279273986816,True,0.5894514940009685,16384,6144,0.22965494791666666,0.0
7500,cdrm-bf16,457,3,56,2.2159881591796875,0.00049987688681125,5.558625221252441,True,0.5834949569980381,16384,6144,0.2197265625,0.0
7500,cdrm-bf16,458,3,57,2.1693167686462402,0.00049987688681125,3.880159378051758,True,0.5874123119865544,16384,6144,0.22737630208333334,0.0
7500,cdrm-bf16,459,3,58,2.1880745887756348,0.00049987688681125,5.464458465576172,True,0.5947570560092572,16384,6144,0.22819010416666666,0.0
7500,cdrm-bf16,460,3,59,2.159804344177246,0.00049987688681125,2.987626791000366,True,0.5862620620027883,16384,6144,0.2373046875,0.0
7500,cdrm-bf16,461,3,60,2.1782116889953613,0.00049987688681125,6.207696914672852,True,0.5934041099972092,16384,6144,0.22623697916666666,0.0
7500,cdrm-bf16,462,3,61,2.1881911754608154,0.00049987688681125,7.390637397766113,True,0.5943186229997082,16384,6144,0.22672526041666666,0.0
7500,cdrm-bf16,463,3,62,2.1691150665283203,0.00049987688681125,2.9285242557525635,True,0.5907202870002948,16384,6144,0.23388671875,0.0
7500,cdrm-bf16,464,3,63,2.1838021278381348,0.00049987688681125,6.4950761795043945,True,0.6097601489891531,16384,6144,0.22623697916666666,0.0
7500,cdrm-bf16,465,3,64,2.1753804683685303,0.00049987688681125,4.5743937492370605,True,0.6007813400065061,16384,6144,0.23665364583333334,0.0
7500,cdrm-bf16,466,3,65,2.1998651027679443,0.00049987688681125,7.41718053817749,True,0.5984809500077972,16384,6144,0.22314453125,0.0
7500,cdrm-bf16,467,3,66,2.182462215423584,0.00049987688681125,4.914517402648926,True,0.6080451049929252,16384,6144,0.22981770833333334,0.0
7500,cdrm-bf16,468,3,67,2.2222795486450195,0.00049987688681125,8.381110191345215,True,0.6023447039915482,16384,6144,0.22086588541666666,0.0
7500,cdrm-bf16,469,3,68,2.223362922668457,0.00049987688681125,7.596848487854004,True,0.6403650490101427,16384,6144,0.22021484375,0.0
7500,cdrm-bf16,470,3,69,2.1674466133117676,0.00049987688681125,5.34971284866333,True,0.5956692969921278,16384,6144,0.23356119791666666,0.0
7500,cdrm-bf16,471,3,70,2.166905641555786,0.00049987688681125,5.2232842445373535,True,0.6025377079931786,16384,6144,0.236328125,0.0
7500,cdrm-bf16,472,3,71,2.1626482009887695,0.00049987688681125,5.535877704620361,True,0.6026979390007909,16384,6144,0.23795572916666666,0.0
7500,cdrm-bf16,473,3,72,2.159343719482422,0.00049987688681125,7.692429065704346,True,0.5964385609986493,16384,6144,0.23307291666666666,0.0
7500,cdrm-bf16,474,3,73,2.1263909339904785,0.00049987688681125,5.0166168212890625,True,0.5970671699906234,16384,6144,0.24381510416666666,0.0
7500,cdrm-bf16,475,3,74,2.132051944732666,0.00049987688681125,4.394528388977051,True,0.6028866580018075,16384,6144,0.23990885416666666,0.0
7500,cdrm-bf16,476,3,75,2.1129698753356934,0.00049987688681125,2.647671699523926,True,0.5915629919909406,16384,6144,0.24251302083333334,0.0
7500,cdrm-bf16,477,3,76,2.1436312198638916,0.00049987688681125,10.252098083496094,True,0.5860903430002509,16384,6144,0.24202473958333334,0.0
7500,cdrm-bf16,478,3,77,2.120243549346924,0.00049987688681125,4.308296203613281,True,0.5917477010079892,16384,6144,0.2431640625,0.0
7500,cdrm-bf16,479,3,78,2.0940093994140625,0.00049987688681125,3.0481386184692383,True,0.6055327680078335,16384,6144,0.24772135416666666,0.0
7500,cdrm-bf16,480,3,79,2.1457571983337402,0.00049987688681125,6.615542888641357,True,0.5900382599938894,16384,6144,0.23844401041666666,0.0
7500,cdrm-bf16,481,3,80,2.123548984527588,0.00049987688681125,3.866511583328247,True,0.5904456360003678,16384,6144,0.24576822916666666,0.0
7500,cdrm-bf16,482,3,81,2.171550750732422,0.00049987688681125,9.133598327636719,True,0.5848366050049663,16384,6144,0.23014322916666666,0.0
7500,cdrm-bf16,483,3,82,2.2123541831970215,0.00049987688681125,13.14340591430664,True,0.5992826040019281,16384,6144,0.22249348958333334,0.0
7500,cdrm-bf16,484,3,83,2.172884702682495,0.00049987688681125,6.056820392608643,True,0.600344981008675,16384,6144,0.234375,0.0
7500,cdrm-bf16,485,3,84,2.1646883487701416,0.00049987688681125,10.263360023498535,True,0.5994674239918822,16384,6144,0.23649088541666666,0.0
7500,cdrm-bf16,486,3,85,2.1710827350616455,0.00049987688681125,6.34995698928833,True,0.597885255003348,16384,6144,0.23014322916666666,0.0
7500,cdrm-bf16,487,3,86,2.142942428588867,0.00049987688681125,9.381646156311035,True,0.6020175279991236,16384,6144,0.24381510416666666,0.0
7500,cdrm-bf16,488,3,87,2.1401212215423584,0.00049987688681125,4.946682929992676,True,0.5972746500046924,16384,6144,0.24332682291666666,0.0
7500,cdrm-bf16,489,3,88,2.105330467224121,0.00049987688681125,3.1413047313690186,True,0.6008040500018978,16384,6144,0.24430338541666666,0.0
7500,cdrm-bf16,490,3,89,2.1051578521728516,0.00049987688681125,4.04782772064209,True,0.5994228610070422,16384,6144,0.24853515625,0.0
7500,cdrm-bf16,491,3,90,2.1328392028808594,0.00049987688681125,9.505417823791504,True,0.6000561529945116,16384,6144,0.24186197916666666,0.0
7500,cdrm-bf16,492,3,91,2.113088607788086,0.00049987688681125,5.111917018890381,True,0.597579463996226,16384,6144,0.2503255208333333,0.0
7500,cdrm-bf16,493,3,92,2.1207528114318848,0.00049987688681125,6.971800327301025,True,0.5960190009936923,16384,6144,0.24723307291666666,0.0
7500,cdrm-bf16,494,3,93,2.1151182651519775,0.00049987688681125,9.021224975585938,True,0.5921580760041252,16384,6144,0.24251302083333334,0.0
7500,cdrm-bf16,495,3,94,2.0829272270202637,0.00049987688681125,4.688811779022217,True,0.5895177200000035,16384,6144,0.2535807291666667,0.0
7500,cdrm-bf16,496,3,95,2.105422258377075,0.00049987688681125,7.219900131225586,True,0.5957934309990378,16384,6144,0.24007161458333334,0.0
7500,cdrm-bf16,497,3,96,2.11051344871521,0.00049987688681125,9.961668968200684,True,0.5883954680030001,16384,6144,0.23942057291666666,0.0
7500,cdrm-bf16,498,3,97,2.0748751163482666,0.00049987688681125,3.7934486865997314,True,0.5923677360115107,16384,6144,0.25634765625,0.0
7500,cdrm-bf16,499,3,98,2.1009743213653564,0.00049987688681125,12.425871849060059,True,0.5942113430064637,16384,6144,0.248046875,0.0
7500,cdrm-bf16,500,3,99,2.1561880111694336,0.00049987688681125,8.82122802734375,True,0.5996528370014858,16384,6144,0.232421875,0.0
7500,cdrm-bf16,501,3,100,2.1340739727020264,0.00049987688681125,5.943501949310303,True,0.5961456050135894,16384,6144,0.24072265625,0.0
7500,cdrm-bf16,502,3,101,2.0754871368408203,0.00049987688681125,5.923080921173096,True,0.5964126630133251,16384,6144,0.2511393229166667,0.0
7500,cdrm-bf16,503,3,102,2.1703896522521973,0.00049987688681125,16.58133316040039,True,0.6022475139907328,16384,6144,0.23258463541666666,0.0
7500,cdrm-bf16,504,3,103,2.1847639083862305,0.00049987688681125,9.672639846801758,True,0.5970229049999034,16384,6144,0.22412109375,0.0
7500,cdrm-bf16,505,3,104,2.2717630863189697,0.00049987688681125,15.152552604675293,True,0.60599874399486,16384,6144,0.216796875,0.0
7500,cdrm-bf16,506,3,105,2.24041748046875,0.00049987688681125,15.12646484375,True,0.5968302710098214,16384,6144,0.21712239583333334,0.0
7500,cdrm-bf16,507,3,106,2.129387855529785,0.00049987688681125,8.084854125976562,True,0.5953902460023528,16384,6144,0.2392578125,0.0
7500,cdrm-bf16,508,3,107,2.077950954437256,0.00049987688681125,5.553745746612549,True,0.5994436049950309,16384,6144,0.24967447916666666,0.0
7500,cdrm-bf16,509,3,108,2.154806137084961,0.00049987688681125,13.2689847946167,True,0.5981844490015646,16384,6144,0.23323567708333334,0.0
7500,cdrm-bf16,510,3,109,2.1459603309631348,0.00049987688681125,8.51571273803711,True,0.6067984099936439,16384,6144,0.23746744791666666,0.0
7500,cdrm-bf16,511,3,110,2.239647388458252,0.00049987688681125,15.675827980041504,True,0.5933912740001688,16384,6144,0.21175130208333334,0.0
7500,cdrm-bf16,512,3,111,2.233513593673706,0.00049987688681125,15.665643692016602,True,0.594255186006194,16384,6144,0.21370442708333334,0.0
7500,cdrm-bf16,513,3,112,2.119414806365967,0.00049987688681125,4.233104705810547,True,0.602001728999312,16384,6144,0.2412109375,0.0
7500,cdrm-bf16,514,3,113,2.1045374870300293,0.00049987688681125,8.205629348754883,True,0.5897357320063747,16384,6144,0.2516276041666667,0.0
7500,cdrm-bf16,515,3,114,2.0995712280273438,0.00049987688681125,6.914781093597412,True,0.5909528240008513,16384,6144,0.24739583333333334,0.0
7500,cdrm-bf16,516,3,115,2.0880768299102783,0.00049987688681125,5.430457592010498,True,0.5951472099986859,16384,6144,0.2552083333333333,0.0
7500,cdrm-bf16,517,3,116,2.0776076316833496,0.00049987688681125,6.176603317260742,True,0.5943674020090839,16384,6144,0.2537434895833333,0.0
7500,cdrm-bf16,518,3,117,2.0792367458343506,0.00049987688681125,6.795525074005127,True,0.5931901360017946,16384,6144,0.24820963541666666,0.0
7500,cdrm-bf16,519,3,118,2.0610897541046143,0.00049987688681125,8.15714168548584,True,0.5992681939969771,16384,6144,0.25244140625,0.0
7500,cdrm-bf16,520,3,119,2.0869715213775635,0.00049987688681125,9.275965690612793,True,0.6073015159927309,16384,6144,0.24625651041666666,0.0
7500,cdrm-bf16,521,3,120,2.0651910305023193,0.00049987688681125,6.308910846710205,True,0.5947792780061718,16384,6144,0.25634765625,0.0
7500,cdrm-bf16,522,3,121,2.0477540493011475,0.00049987688681125,4.130063056945801,True,0.5928966240026057,16384,6144,0.2560221354166667,0.0
7500,cdrm-bf16,523,3,122,2.121427297592163,0.00049987688681125,11.363546371459961,True,0.5891510600049514,16384,6144,0.24739583333333334,0.0
7500,cdrm-bf16,524,3,123,2.068082094192505,0.00049987688681125,7.83811616897583,True,0.5952088850026485,16384,6144,0.2506510416666667,0.0
7500,cdrm-bf16,525,3,124,2.1419100761413574,0.00049987688681125,10.616351127624512,True,0.6017181670031277,16384,6144,0.23404947916666666,0.0
7500,cdrm-bf16,526,3,125,2.107164144515991,0.00049987688681125,8.068618774414062,True,0.6026930549996905,16384,6144,0.23616536458333334,0.0
7500,cdrm-bf16,527,3,126,2.098332643508911,0.00049987688681125,12.158614158630371,True,0.5960795999999391,16384,6144,0.24625651041666666,0.0
7500,cdrm-bf16,528,3,127,2.1419599056243896,0.00049987688681125,10.902608871459961,True,0.5950182259985013,16384,6144,0.236328125,0.0
7500,cdrm-bf16,529,3,128,2.0557656288146973,0.00049987688681125,7.16567325592041,True,0.597332525998354,16384,6144,0.25390625,0.0
7500,cdrm-bf16,530,3,129,2.0839271545410156,0.00049987688681125,8.323966026306152,True,0.5988288410007954,16384,6144,0.248046875,0.0
7500,cdrm-bf16,531,3,130,2.0229480266571045,0.00049987688681125,3.89725923538208,True,0.601162300008582,16384,6144,0.2685546875,0.0
7500,cdrm-bf16,532,3,131,2.017637014389038,0.00049987688681125,9.057710647583008,True,0.5962580510094995,16384,6144,0.2662760416666667,0.0
7500,cdrm-bf16,533,3,132,2.0999691486358643,0.00049987688681125,15.016107559204102,True,0.5992310219880892,16384,6144,0.24674479166666666,0.0
7500,cdrm-bf16,534,3,133,2.1182775497436523,0.00049987688681125,11.43242359161377,True,0.5919086549984058,16384,6144,0.23893229166666666,0.0
7500,cdrm-bf16,535,3,134,2.17659854888916,0.00049987688681125,19.001541137695312,True,0.5998348490102217,16384,6144,0.22737630208333334,0.0
7500,cdrm-bf16,536,3,135,2.1580207347869873,0.00049987688681125,15.951507568359375,True,0.6041022730059922,16384,6144,0.228515625,0.0
7500,cdrm-bf16,537,3,136,2.0710840225219727,0.00049987688681125,12.259405136108398,True,0.5974745029961923,16384,6144,0.248046875,0.0
7500,cdrm-bf16,538,3,137,2.094716787338257,0.00049987688681125,14.667635917663574,True,0.6052166139998008,16384,6144,0.2490234375,0.0
7500,cdrm-bf16,539,3,138,2.066603899002075,0.00049987688681125,10.784027099609375,True,0.5963548589934362,16384,6144,0.2506510416666667,0.0
7500,cdrm-bf16,540,3,139,2.054316759109497,0.00049987688681125,10.577269554138184,True,0.5976472269976512,16384,6144,0.25439453125,0.0
7500,cdrm-bf16,541,3,140,2.0872139930725098,0.00049987688681125,13.258367538452148,True,0.6023357649974059,16384,6144,0.24495442708333334,0.0
7500,cdrm-bf16,542,3,141,2.0726051330566406,0.00049987688681125,12.369457244873047,True,0.5865059850038961,16384,6144,0.2503255208333333,0.0
7500,cdrm-bf16,543,3,142,2.0455756187438965,0.00049987688681125,12.702167510986328,True,0.5938494319998426,16384,6144,0.259765625,0.0
7500,cdrm-bf16,544,3,143,2.037595748901367,0.00049987688681125,11.04819393157959,True,0.5919203170051333,16384,6144,0.25634765625,0.0
7500,cdrm-bf16,545,3,144,2.083594799041748,0.00049987688681125,15.383218765258789,True,0.5981335469987243,16384,6144,0.24430338541666666,0.0
7500,cdrm-bf16,546,3,145,2.052946090698242,0.00049987688681125,13.071443557739258,True,0.5977692680025939,16384,6144,0.2526041666666667,0.0
7500,cdrm-bf16,547,3,146,2.052628517150879,0.00049987688681125,13.907001495361328,True,0.6163288120005745,16384,6144,0.2532552083333333,0.0
7500,cdrm-bf16,548,3,147,2.0567564964294434,0.00049987688681125,13.989581108093262,True,0.610101936996216,16384,6144,0.2522786458333333,0.0
7500,cdrm-bf16,549,3,148,2.013632297515869,0.00049987688681125,8.347561836242676,True,0.6041728150012204,16384,6144,0.2664388020833333,0.0
7500,cdrm-bf16,550,3,149,1.9913076162338257,0.00049987688681125,5.824915409088135,True,0.6036562640074408,16384,6144,0.2711588541666667,0.0
7500,cdrm-bf16,551,3,150,2.071185827255249,0.00049987688681125,17.09190559387207,True,0.6008469359949231,16384,6144,0.2529296875,0.0
7500,cdrm-bf16,552,3,151,2.0496110916137695,0.00049987688681125,15.767227172851562,True,0.6093928259942913,16384,6144,0.2545572916666667,0.0
7500,cdrm-bf16,553,3,152,2.056504011154175,0.00049987688681125,15.587048530578613,True,0.6043647999904351,16384,6144,0.24951171875,0.0
7500,cdrm-bf16,554,3,153,2.094954013824463,0.00049987688681125,16.369306564331055,True,0.6114563260052819,16384,6144,0.24723307291666666,0.0
7500,cdrm-bf16,555,3,154,2.05436110496521,0.00049987688681125,12.882852554321289,True,0.5997499779914506,16384,6144,0.25244140625,0.0
7500,cdrm-bf16,556,3,155,2.0281014442443848,0.00049987688681125,14.309615135192871,True,0.6097080689942231,16384,6144,0.2605794270833333,0.0
7500,cdrm-bf16,557,3,156,2.0954976081848145,0.00049987688681125,18.190011978149414,True,0.6095961179962615,16384,6144,0.24625651041666666,0.0
7500,cdrm-bf16,558,3,157,2.0533578395843506,0.00049987688681125,15.577589988708496,True,0.6035871889907867,16384,6144,0.2591145833333333,0.0
7500,cdrm-bf16,559,3,158,1.9963830709457397,0.00049987688681125,11.989291191101074,True,0.6033118660125183,16384,6144,0.2688802083333333,0.0
7500,cdrm-bf16,560,3,159,2.0109763145446777,0.00049987688681125,9.804459571838379,True,0.5995786359999329,16384,6144,0.2635091145833333,0.0
7500,cdrm-bf16,561,3,160,2.027467727661133,0.00049987688681125,14.362589836120605,True,0.6033959360065637,16384,6144,0.2625325520833333,0.0
7500,cdrm-bf16,562,3,161,2.006068706512451,0.00049987688681125,11.187257766723633,True,0.5917105269909371,16384,6144,0.2644856770833333,0.0
7500,cdrm-bf16,563,3,162,2.0221595764160156,0.00049987688681125,14.544631004333496,True,0.59596821400919,16384,6144,0.2626953125,0.0
7500,cdrm-bf16,564,3,163,2.0270729064941406,0.00049987688681125,11.899085998535156,True,0.594508850001148,16384,6144,0.26513671875,0.0
7500,cdrm-bf16,565,3,164,2.0122272968292236,0.00049987688681125,14.901226043701172,True,0.5917796510038897,16384,6144,0.2607421875,0.0
7500,cdrm-bf16,566,3,165,2.0137381553649902,0.00049987688681125,11.036168098449707,True,0.585747490011272,16384,6144,0.2604166666666667,0.0
7500,cdrm-bf16,567,3,166,1.9880743026733398,0.00049987688681125,12.029376983642578,True,0.5915014679922024,16384,6144,0.265625,0.0
7500,cdrm-bf16,568,3,167,2.007106304168701,0.00049987688681125,9.921957969665527,True,0.5912244669889333,16384,6144,0.2698567708333333,0.0
7500,cdrm-bf16,569,3,168,1.9457162618637085,0.00049987688681125,6.483190059661865,True,0.5994465870026033,16384,6144,0.283203125,0.0
7500,cdrm-bf16,570,3,169,2.1761441230773926,0.00049987688681125,21.60930824279785,True,0.5984596319904085,16384,6144,0.2265625,0.0
7500,cdrm-bf16,571,3,170,2.1067581176757812,0.00049987688681125,16.983423233032227,True,0.5933584960002918,16384,6144,0.24137369791666666,0.0
7500,cdrm-bf16,572,3,171,2.0760583877563477,0.00049987688681125,18.650737762451172,True,0.6000156299996888,16384,6144,0.2501627604166667,0.0
7500,cdrm-bf16,573,3,172,2.084190845489502,0.00049987688681125,15.708099365234375,True,0.5975288769986946,16384,6144,0.25048828125,0.0
7500,cdrm-bf16,574,3,173,2.0389795303344727,0.00049987688681125,14.738736152648926,True,0.5973529530019732,16384,6144,0.2589518229166667,0.0
7500,cdrm-bf16,575,3,174,2.0134189128875732,0.00049987688681125,12.650891304016113,True,0.5939049109874759,16384,6144,0.2669270833333333,0.0
7500,cdrm-bf16,576,3,175,2.005723476409912,0.00049987688681125,14.206643104553223,True,0.5999671229947126,16384,6144,0.2615559895833333,0.0
7500,cdrm-bf16,577,3,176,1.9999721050262451,0.00049987688681125,10.510148048400879,True,0.6031280960014556,16384,6144,0.2687174479166667,0.0
7500,cdrm-bf16,578,3,177,2.031165838241577,0.00049987688681125,16.17849349975586,True,0.5992533590033418,16384,6144,0.26171875,0.0
7500,cdrm-bf16,579,3,178,2.0375313758850098,0.00049987688681125,15.3917236328125,True,0.594457462997525,16384,6144,0.2594401041666667,0.0
7500,cdrm-bf16,580,3,179,2.017425060272217,0.00049987688681125,13.170360565185547,True,0.5972614280035486,16384,6144,0.2639973958333333,0.0
7500,cdrm-bf16,581,3,180,1.9892772436141968,0.00049987688681125,11.478255271911621,True,0.5958153279934777,16384,6144,0.2682291666666667,0.0
7500,cdrm-bf16,582,3,181,2.06190824508667,0.00049987688681125,20.556232452392578,True,0.5964404800033662,16384,6144,0.24951171875,0.0
7500,cdrm-bf16,583,3,182,2.016857147216797,0.00049987688681125,15.614654541015625,True,0.5930671649985015,16384,6144,0.2571614583333333,0.0
7500,cdrm-bf16,584,3,183,2.022341012954712,0.00049987688681125,12.971501350402832,True,0.5914968729921384,16384,6144,0.2566731770833333,0.0
7500,cdrm-bf16,585,3,184,1.9796686172485352,0.00049987688681125,11.619158744812012,True,0.5987495829904219,16384,6144,0.2745768229166667,0.0
7500,cdrm-bf16,586,3,185,2.0162429809570312,0.00049987688681125,16.476652145385742,True,0.5965213040035451,16384,6144,0.2578125,0.0
7500,cdrm-bf16,587,3,186,2.001509428024292,0.00049987688681125,16.011640548706055,True,0.5984965700044995,16384,6144,0.2628580729166667,0.0
7500,cdrm-bf16,588,3,187,1.998640537261963,0.00049987688681125,14.780998229980469,True,0.5974157559976447,16384,6144,0.26806640625,0.0
7500,cdrm-bf16,589,3,188,2.003129482269287,0.00049987688681125,14.386648178100586,True,0.5972436750016641,16384,6144,0.271484375,0.0
7500,cdrm-bf16,590,3,189,1.9687039852142334,0.00049987688681125,13.931008338928223,True,0.5982937200024026,16384,6144,0.2666015625,0.0
7500,cdrm-bf16,591,3,190,1.9569129943847656,0.00049987688681125,10.854193687438965,True,0.5936652579985093,16384,6144,0.2819010416666667,0.0
7500,cdrm-bf16,592,3,191,2.024421215057373,0.00049987688681125,17.006393432617188,True,0.5931513859977713,16384,6144,0.2638346354166667,0.0
7500,cdrm-bf16,593,3,192,2.008028030395508,0.00049987688681125,17.288646697998047,True,0.5963631060003536,16384,6144,0.2625325520833333,0.0
7500,cdrm-bf16,594,3,193,1.9609479904174805,0.00049987688681125,13.570380210876465,True,0.5954594529903261,16384,6144,0.27294921875,0.0
7500,cdrm-bf16,595,3,194,1.9451100826263428,0.00049987688681125,10.235416412353516,True,0.5924261780019151,16384,6144,0.27734375,0.0
7500,cdrm-bf16,596,3,195,2.02847957611084,0.00049987688681125,19.591171264648438,True,0.5979615069954889,16384,6144,0.2589518229166667,0.0
7500,cdrm-bf16,597,3,196,2.009181499481201,0.00049987688681125,18.21033477783203,True,0.5980563320044894,16384,6144,0.2628580729166667,0.0
7500,cdrm-bf16,598,3,197,1.9310719966888428,0.00049987688681125,12.493257522583008,True,0.5964403050020337,16384,6144,0.27978515625,0.0
7500,cdrm-bf16,599,3,198,1.9198707342147827,0.00049987688681125,12.802963256835938,True,0.5981351299997186,16384,6144,0.28173828125,0.0
7500,cdrm-bf16,600,3,199,2.082153558731079,0.00049987688681125,21.598857879638672,True,0.6002522589988075,16384,6144,0.24283854166666666,0.0
7500,cdrm-bf16,601,4,0,2.019822120666504,0.0004997230238030115,19.27116584777832,True,6.127559821004979,16384,6144,0.2548828125,0.0
7500,cdrm-bf16,602,4,1,1.9319043159484863,0.0004997230238030115,11.270814895629883,True,0.5934722450037953,16384,6144,0.2771809895833333,0.0
7500,cdrm-bf16,603,4,2,1.9441684484481812,0.0004997230238030115,11.869197845458984,True,0.6000327509973431,16384,6144,0.2732747395833333,0.0
7500,cdrm-bf16,604,4,3,1.9978084564208984,0.0004997230238030115,17.14803695678711,True,0.5944768930057762,16384,6144,0.2639973958333333,0.0
7500,cdrm-bf16,605,4,4,2.00303053855896,0.0004997230238030115,14.958456039428711,True,0.5993444820051081,16384,6144,0.2646484375,0.0
7500,cdrm-bf16,606,4,5,2.0011229515075684,0.0004997230238030115,18.97161293029785,True,0.5911442130018258,16384,6144,0.2677408854166667,0.0
7500,cdrm-bf16,607,4,6,1.9963868856430054,0.0004997230238030115,18.030160903930664,True,0.597119375001057,16384,6144,0.26904296875,0.0
7500,cdrm-bf16,608,4,7,1.9524571895599365,0.0004997230238030115,13.520590782165527,True,0.601990160997957,16384,6144,0.2766927083333333,0.0
7500,cdrm-bf16,609,4,8,1.9394383430480957,0.0004997230238030115,10.679509162902832,True,0.5947884939960204,16384,6144,0.27197265625,0.0
7500,cdrm-bf16,610,4,9,2.0329363346099854,0.0004997230238030115,20.35498046875,True,0.5986808500019833,16384,6144,0.26171875,0.0
7500,cdrm-bf16,611,4,10,2.026463508605957,0.0004997230238030115,20.053470611572266,True,0.5995789410080761,16384,6144,0.2605794270833333,0.0
7500,cdrm-bf16,612,4,11,1.9584039449691772,0.0004997230238030115,13.691073417663574,True,0.5946003979915986,16384,6144,0.2731119791666667,0.0
7500,cdrm-bf16,613,4,12,1.9456830024719238,0.0004997230238030115,11.129549026489258,True,0.5950328320031986,16384,6144,0.279296875,0.0
7500,cdrm-bf16,614,4,13,2.030768871307373,0.0004997230238030115,18.710493087768555,True,0.595572625999921,16384,6144,0.2556966145833333,0.0
7500,cdrm-bf16,615,4,14,1.9806792736053467,0.0004997230238030115,15.727036476135254,True,0.6015985169942724,16384,6144,0.2630208333333333,0.0
7500,cdrm-bf16,616,4,15,2.009800910949707,0.0004997230238030115,18.314891815185547,True,0.6011057270079618,16384,6144,0.2594401041666667,0.0
7500,cdrm-bf16,617,4,16,2.002617835998535,0.0004997230238030115,17.514514923095703,True,0.613891061002505,16384,6144,0.2626953125,0.0
7500,cdrm-bf16,618,4,17,1.9405670166015625,0.0004997230238030115,12.038473129272461,True,0.5970612200035248,16384,6144,0.27392578125,0.0
7500,cdrm-bf16,619,4,18,1.9260085821151733,0.0004997230238030115,10.975982666015625,True,0.598152972990647,16384,6144,0.27490234375,0.0
7500,cdrm-bf16,620,4,19,1.9747083187103271,0.0004997230238030115,15.828176498413086,True,0.6095198039984098,16384,6144,0.2692057291666667,0.0
7500,cdrm-bf16,621,4,20,1.9500930309295654,0.0004997230238030115,12.549742698669434,True,0.6080150169873377,16384,6144,0.2784830729166667,0.0
7500,cdrm-bf16,622,4,21,1.9910001754760742,0.0004997230238030115,18.73849868774414,True,0.6024183080007788,16384,6144,0.26611328125,0.0
7500,cdrm-bf16,623,4,22,2.020613670349121,0.0004997230238030115,17.405115127563477,True,0.6009661440039054,16384,6144,0.2587890625,0.0
7500,cdrm-bf16,624,4,23,1.944200873374939,0.0004997230238030115,14.06328296661377,True,0.6103539960022317,16384,6144,0.2765299479166667,0.0
7500,cdrm-bf16,625,4,24,1.9741405248641968,0.0004997230238030115,10.047111511230469,True,0.594076427994878,16384,6144,0.2643229166666667,0.0
7500,cdrm-bf16,626,4,25,1.9418601989746094,0.0004997230238030115,14.451395988464355,True,0.6050441840052372,16384,6144,0.27685546875,0.0
7500,cdrm-bf16,627,4,26,1.967151403427124,0.0004997230238030115,10.370421409606934,True,0.6118924680049531,16384,6144,0.2783203125,0.0
7500,cdrm-bf16,628,4,27,1.989832878112793,0.0004997230238030115,11.96120548248291,True,0.594094636006048,16384,6144,0.2672526041666667,0.0
7500,cdrm-bf16,629,4,28,1.952928900718689,0.0004997230238030115,13.57597541809082,True,0.595606848000898,16384,6144,0.27587890625,0.0
7500,cdrm-bf16,630,4,29,1.9595470428466797,0.0004997230238030115,12.451306343078613,True,0.6002666350104846,16384,6144,0.26416015625,0.0
7500,cdrm-bf16,631,4,30,1.8986825942993164,0.0004997230238030115,6.355223655700684,True,0.6051780380075797,16384,6144,0.2838541666666667,0.0
7500,cdrm-bf16,632,4,31,2.048501968383789,0.0004997230238030115,14.10726261138916,True,0.6005183670058614,16384,6144,0.24137369791666666,0.0
7500,cdrm-bf16,633,4,32,1.989884376525879,0.0004997230238030115,12.2267427444458,True,0.597985799991875,16384,6144,0.26318359375,0.0
7500,cdrm-bf16,634,4,33,1.9519438743591309,0.0004997230238030115,11.218483924865723,True,0.618839538001339,16384,6144,0.26806640625,0.0
7500,cdrm-bf16,635,4,34,1.9512256383895874,0.0004997230238030115,14.232943534851074,True,0.5995449399924837,16384,6144,0.2688802083333333,0.0
7500,cdrm-bf16,636,4,35,1.9396981000900269,0.0004997230238030115,9.570353507995605,True,0.5951188800099771,16384,6144,0.2692057291666667,0.0
7500,cdrm-bf16,637,4,36,1.898006796836853,0.0004997230238030115,8.240548133850098,True,0.604172303006635,16384,6144,0.2845052083333333,0.0
7500,cdrm-bf16,638,4,37,2.0151400566101074,0.0004997230238030115,18.25519371032715,True,0.6012672810029471,16384,6144,0.2620442708333333,0.0
7500,cdrm-bf16,639,4,38,2.0389580726623535,0.0004997230238030115,13.515722274780273,True,0.6015939619974233,16384,6144,0.2565104166666667,0.0
7500,cdrm-bf16,640,4,39,1.9536941051483154,0.0004997230238030115,15.2613525390625,True,0.596066833997611,16384,6144,0.27978515625,0.0
7500,cdrm-bf16,641,4,40,2.071845054626465,0.0004997230238030115,15.717646598815918,True,0.6059861469984753,16384,6144,0.24186197916666666,0.0
7500,cdrm-bf16,642,4,41,1.9630239009857178,0.0004997230238030115,13.063699722290039,True,0.596352263004519,16384,6144,0.2737630208333333,0.0
7500,cdrm-bf16,643,4,42,1.9961121082305908,0.0004997230238030115,18.672256469726562,True,0.5940917160041863,16384,6144,0.2648111979166667,0.0
7500,cdrm-bf16,644,4,43,2.0465481281280518,0.0004997230238030115,11.957317352294922,True,0.607841674995143,16384,6144,0.24381510416666666,0.0
7500,cdrm-bf16,645,4,44,1.9713335037231445,0.0004997230238030115,13.821427345275879,True,0.5950250859896187,16384,6144,0.2771809895833333,0.0
7500,cdrm-bf16,646,4,45,1.9614704847335815,0.0004997230238030115,8.228852272033691,True,0.5999641029920895,16384,6144,0.2667643229166667,0.0
7500,cdrm-bf16,647,4,46,1.9551610946655273,0.0004997230238030115,12.987449645996094,True,0.6230757539888145,16384,6144,0.2716471354166667,0.0
7500,cdrm-bf16,648,4,47,1.9507255554199219,0.0004997230238030115,12.006843566894531,True,0.6055255300016142,16384,6144,0.2679036458333333,0.0
7500,cdrm-bf16,649,4,48,1.9057687520980835,0.0004997230238030115,7.64019775390625,True,0.5967135859973496,16384,6144,0.2859700520833333,0.0
7500,cdrm-bf16,650,4,49,2.037435293197632,0.0004997230238030115,23.417884826660156,True,0.5972066190006444,16384,6144,0.2569986979166667,0.0
7500,cdrm-bf16,651,4,50,2.037402629852295,0.0004997230238030115,20.291627883911133,True,0.6078143350023311,16384,6144,0.2584635416666667,0.0
7500,cdrm-bf16,652,4,51,1.959311842918396,0.0004997230238030115,13.027459144592285,True,0.5994833160075359,16384,6144,0.26904296875,0.0
7500,cdrm-bf16,653,4,52,1.9191734790802002,0.0004997230238030115,14.129743576049805,True,0.595538341003703,16384,6144,0.27880859375,0.0
7500,cdrm-bf16,654,4,53,1.9827489852905273,0.0004997230238030115,17.822107315063477,True,0.5994160029949853,16384,6144,0.2596028645833333,0.0
7500,cdrm-bf16,655,4,54,1.9448875188827515,0.0004997230238030115,13.157382011413574,True,0.6079786960035563,16384,6144,0.2757161458333333,0.0
7500,cdrm-bf16,656,4,55,2.03218412399292,0.0004997230238030115,24.09109878540039,True,0.5973458220105385,16384,6144,0.25830078125,0.0
7500,cdrm-bf16,657,4,56,2.0300209522247314,0.0004997230238030115,20.70252227783203,True,0.6007121389993699,16384,6144,0.25341796875,0.0
7500,cdrm-bf16,658,4,57,1.9499038457870483,0.0004997230238030115,10.388358116149902,True,0.6048613930033753,16384,6144,0.26806640625,0.0
7500,cdrm-bf16,659,4,58,1.9193029403686523,0.0004997230238030115,11.710881233215332,True,0.5964015279896557,16384,6144,0.2835286458333333,0.0
7500,cdrm-bf16,660,4,59,1.936772346496582,0.0004997230238030115,14.409998893737793,True,0.6051768110046396,16384,6144,0.2770182291666667,0.0
7500,cdrm-bf16,661,4,60,1.9457807540893555,0.0004997230238030115,11.642263412475586,True,0.6013349580025533,16384,6144,0.2734375,0.0
7500,cdrm-bf16,662,4,61,1.991211175918579,0.0004997230238030115,21.393959045410156,True,0.5940027769975131,16384,6144,0.2586263020833333,0.0
7500,cdrm-bf16,663,4,62,1.9769058227539062,0.0004997230238030115,14.37840461730957,True,0.5950347679900005,16384,6144,0.2685546875,0.0
7500,cdrm-bf16,664,4,63,1.9586384296417236,0.0004997230238030115,13.028653144836426,True,0.5955440520046977,16384,6144,0.271484375,0.0
7500,cdrm-bf16,665,4,64,1.9390192031860352,0.0004997230238030115,15.07785415649414,True,0.6008362549910089,16384,6144,0.2775065104166667,0.0
7500,cdrm-bf16,666,4,65,2.002918004989624,0.0004997230238030115,18.567564010620117,True,0.5865281770093134,16384,6144,0.26806640625,0.0
7500,cdrm-bf16,667,4,66,1.949562430381775,0.0004997230238030115,13.717508316040039,True,0.597561136004515,16384,6144,0.27734375,0.0
7500,cdrm-bf16,668,4,67,1.9836759567260742,0.0004997230238030115,19.362913131713867,True,0.5970242409966886,16384,6144,0.26416015625,0.0
7500,cdrm-bf16,669,4,68,1.903359293937683,0.0004997230238030115,13.820878982543945,True,0.5802453569922363,16384,6144,0.2830403645833333,0.0
7500,cdrm-bf16,670,4,69,1.9752089977264404,0.0004997230238030115,18.485599517822266,True,0.588541446995805,16384,6144,0.255859375,0.0
7500,cdrm-bf16,671,4,70,1.9447448253631592,0.0004997230238030115,18.65239906311035,True,0.6057894940022379,16384,6144,0.2721354166666667,0.0
7500,cdrm-bf16,672,4,71,1.9105980396270752,0.0004997230238030115,12.424702644348145,True,0.5878482139960397,16384,6144,0.2867838541666667,0.0
7500,cdrm-bf16,673,4,72,1.8659627437591553,0.0004997230238030115,10.800694465637207,True,0.587784362011007,16384,6144,0.2965494791666667,0.0
7500,cdrm-bf16,674,4,73,1.9771323204040527,0.0004997230238030115,22.615442276000977,True,0.589336008997634,16384,6144,0.26123046875,0.0
7500,cdrm-bf16,675,4,74,1.9930667877197266,0.0004997230238030115,21.04802703857422,True,0.6025821859948337,16384,6144,0.2576497395833333,0.0
7500,cdrm-bf16,676,4,75,1.9279000759124756,0.0004997230238030115,17.31451988220215,True,0.5890275230049156,16384,6144,0.2736002604166667,0.0
7500,cdrm-bf16,677,4,76,1.9273414611816406,0.0004997230238030115,17.86896324157715,True,0.5886875049909577,16384,6144,0.2786458333333333,0.0
7500,cdrm-bf16,678,4,77,1.8694519996643066,0.0004997230238030115,17.796600341796875,True,0.6111603750032373,16384,6144,0.2926432291666667,0.0
7500,cdrm-bf16,679,4,78,1.8900606632232666,0.0004997230238030115,15.062604904174805,True,0.5864077910082415,16384,6144,0.2802734375,0.0
7500,cdrm-bf16,680,4,79,1.9368104934692383,0.0004997230238030115,22.18962287902832,True,0.5854250650008908,16384,6144,0.27197265625,0.0
7500,cdrm-bf16,681,4,80,1.9252145290374756,0.0004997230238030115,18.997425079345703,True,0.5882718200009549,16384,6144,0.2762044270833333,0.0
7500,cdrm-bf16,682,4,81,1.9173674583435059,0.0004997230238030115,15.981161117553711,True,0.5950945110089378,16384,6144,0.2802734375,0.0
7500,cdrm-bf16,683,4,82,1.8701171875,0.0004997230238030115,17.20594024658203,True,0.5951651999930618,16384,6144,0.2928059895833333,0.0
7500,cdrm-bf16,684,4,83,1.8798097372055054,0.0004997230238030115,17.2581844329834,True,0.5862419490003958,16384,6144,0.2921549479166667,0.0
7500,cdrm-bf16,685,4,84,1.868139624595642,0.0004997230238030115,14.487043380737305,True,0.5909222000045702,16384,6144,0.29345703125,0.0
7500,cdrm-bf16,686,4,85,1.9065678119659424,0.0004997230238030115,18.14691925048828,True,0.5881415790063329,16384,6144,0.28857421875,0.0
7500,cdrm-bf16,687,4,86,1.8908450603485107,0.0004997230238030115,15.544148445129395,True,0.5950217429926852,16384,6144,0.287109375,0.0
7500,cdrm-bf16,688,4,87,1.8868041038513184,0.0004997230238030115,16.56726837158203,True,0.594459708998329,16384,6144,0.2854817708333333,0.0
7500,cdrm-bf16,689,4,88,1.8755611181259155,0.0004997230238030115,15.483081817626953,True,0.5909196860011434,16384,6144,0.287109375,0.0
7500,cdrm-bf16,690,4,89,1.8700177669525146,0.0004997230238030115,15.849508285522461,True,0.5887487129948568,16384,6144,0.2994791666666667,0.0
7500,cdrm-bf16,691,4,90,1.8177655935287476,0.0004997230238030115,10.868053436279297,True,0.5914475660101743,16384,6144,0.3025716145833333,0.0
7500,cdrm-bf16,692,4,91,1.886749267578125,0.0004997230238030115,17.390119552612305,True,0.6099877130036475,16384,6144,0.2820638020833333,0.0
7500,cdrm-bf16,693,4,92,1.8855366706848145,0.0004997230238030115,15.395700454711914,True,0.5858148800034542,16384,6144,0.28076171875,0.0
7500,cdrm-bf16,694,4,93,1.8341970443725586,0.0004997230238030115,14.69062328338623,True,0.5894004470028449,16384,6144,0.30078125,0.0
7500,cdrm-bf16,695,4,94,1.8476672172546387,0.0004997230238030115,13.382736206054688,True,0.5910193860036088,16384,6144,0.29833984375,0.0
7500,cdrm-bf16,696,4,95,1.9248077869415283,0.0004997230238030115,19.850616455078125,True,0.5911160670075333,16384,6144,0.2783203125,0.0
7500,cdrm-bf16,697,4,96,1.9064881801605225,0.0004997230238030115,17.647647857666016,True,0.5893107899901224,16384,6144,0.2776692708333333,0.0
7500,cdrm-bf16,698,4,97,1.8651807308197021,0.0004997230238030115,12.430383682250977,True,0.5898020430031465,16384,6144,0.2978515625,0.0
7500,cdrm-bf16,699,4,98,1.8777580261230469,0.0004997230238030115,13.247771263122559,True,0.5878446319984505,16384,6144,0.2802734375,0.0
7500,cdrm-bf16,700,4,99,1.8675594329833984,0.0004997230238030115,14.124818801879883,True,0.5934750029991847,16384,6144,0.2890625,0.0
7500,cdrm-bf16,701,4,100,1.834360957145691,0.0004997230238030115,15.535530090332031,True,0.5926089769927785,16384,6144,0.2952473958333333,0.0
7500,cdrm-bf16,702,4,101,1.806083083152771,0.0004997230238030115,8.494319915771484,True,0.6143844800099032,16384,6144,0.3045247395833333,0.0
7500,cdrm-bf16,703,4,102,1.8284235000610352,0.0004997230238030115,11.13435173034668,True,0.5904876069980673,16384,6144,0.2965494791666667,0.0
7500,cdrm-bf16,704,4,103,1.927449107170105,0.0004997230238030115,22.70936393737793,True,0.5879781050025485,16384,6144,0.2692057291666667,0.0
7500,cdrm-bf16,705,4,104,1.8544635772705078,0.0004997230238030115,10.618292808532715,True,0.5892417840077542,16384,6144,0.2991536458333333,0.0
7500,cdrm-bf16,706,4,105,2.0985193252563477,0.0004997230238030115,31.069049835205078,True,0.593891292999615,16384,6144,0.24365234375,0.0
7500,cdrm-bf16,707,4,106,2.177572011947632,0.0004997230238030115,24.949520111083984,True,0.5915625290072057,16384,6144,0.24283854166666666,0.0
7500,cdrm-bf16,708,4,107,1.9455339908599854,0.0004997230238030115,19.666576385498047,True,0.5922321779944468,16384,6144,0.27001953125,0.0
7500,cdrm-bf16,709,4,108,1.9665708541870117,0.0004997230238030115,19.800464630126953,True,0.6042709210014436,16384,6144,0.2600911458333333,0.0
7500,cdrm-bf16,710,4,109,2.021543264389038,0.0004997230238030115,19.41996955871582,True,0.6033420649910113,16384,6144,0.2545572916666667,0.0
7500,cdrm-bf16,711,4,110,1.8713712692260742,0.0004997230238030115,17.440431594848633,True,0.5968645249959081,16384,6144,0.2861328125,0.0
7500,cdrm-bf16,712,4,111,1.9280004501342773,0.0004997230238030115,16.63768768310547,True,0.5972632139892085,16384,6144,0.2677408854166667,0.0
7500,cdrm-bf16,713,4,112,1.9122661352157593,0.0004997230238030115,16.637075424194336,True,0.5920468569966033,16384,6144,0.27880859375,0.0
7500,cdrm-bf16,714,4,113,1.8482450246810913,0.0004997230238030115,11.339502334594727,True,0.5917582460097037,16384,6144,0.2965494791666667,0.0
7500,cdrm-bf16,715,4,114,1.8479650020599365,0.0004997230238030115,8.8735990524292,True,0.5872085459996015,16384,6144,0.3028971354166667,0.0
7500,cdrm-bf16,716,4,115,1.8593273162841797,0.0004997230238030115,10.838589668273926,True,0.5957204629958142,16384,6144,0.2897135416666667,0.0
7500,cdrm-bf16,717,4,116,1.8385751247406006,0.0004997230238030115,10.743087768554688,True,0.5907059440069133,16384,6144,0.2918294270833333,0.0
7500,cdrm-bf16,718,4,117,1.8233938217163086,0.0004997230238030115,11.454471588134766,True,0.5900557809945894,16384,6144,0.3048502604166667,0.0
7500,cdrm-bf16,719,4,118,1.8123434782028198,0.0004997230238030115,7.685800075531006,True,0.5891880819981452,16384,6144,0.30224609375,0.0
7500,cdrm-bf16,720,4,119,1.8944041728973389,0.0004997230238030115,14.519389152526855,True,0.5846462710032938,16384,6144,0.2693684895833333,0.0
7500,cdrm-bf16,721,4,120,1.91310453414917,0.0004997230238030115,15.265776634216309,True,0.5834604400006356,16384,6144,0.2757161458333333,0.0
7500,cdrm-bf16,722,4,121,1.809125304222107,0.0004997230238030115,7.365814685821533,True,0.5903339180076728,16384,6144,0.3045247395833333,0.0
7500,cdrm-bf16,723,4,122,1.8674777746200562,0.0004997230238030115,25.57942771911621,True,0.6071894470078405,16384,6144,0.2835286458333333,0.0
7500,cdrm-bf16,724,4,123,1.8625444173812866,0.0004997230238030115,10.699049949645996,True,0.5834703380096471,16384,6144,0.28466796875,0.0
7500,cdrm-bf16,725,4,124,1.94205641746521,0.0004997230238030115,28.820209503173828,True,0.5860915730008855,16384,6144,0.2652994791666667,0.0
7500,cdrm-bf16,726,4,125,1.9455022811889648,0.0004997230238030115,19.47701644897461,True,0.5909597819991177,16384,6144,0.2711588541666667,0.0
7500,cdrm-bf16,727,4,126,2.0326380729675293,0.0004997230238030115,24.512577056884766,True,0.5818237149942433,16384,6144,0.2530924479166667,0.0
7500,cdrm-bf16,728,4,127,1.8893005847930908,0.0004997230238030115,17.21510124206543,True,0.5856498280045344,16384,6144,0.2853190104166667,0.0
7500,cdrm-bf16,729,4,128,2.041928768157959,0.0004997230238030115,29.057876586914062,True,0.5931507470086217,16384,6144,0.24609375,0.0
7500,cdrm-bf16,730,4,129,2.0270352363586426,0.0004997230238030115,23.885013580322266,True,0.5884564709995175,16384,6144,0.24918619791666666,0.0
7500,cdrm-bf16,731,4,130,1.8988975286483765,0.0004997230238030115,13.496161460876465,True,0.5831164279952645,16384,6144,0.2794596354166667,0.0
7500,cdrm-bf16,732,4,131,1.8632972240447998,0.0004997230238030115,16.305736541748047,True,0.5848518739949213,16384,6144,0.287109375,0.0
7500,cdrm-bf16,733,4,132,1.973738193511963,0.0004997230238030115,20.733732223510742,True,0.5945471820014063,16384,6144,0.2635091145833333,0.0
7500,cdrm-bf16,734,4,133,1.930761694908142,0.0004997230238030115,14.167928695678711,True,0.5837566289992537,16384,6144,0.267578125,0.0
7500,cdrm-bf16,735,4,134,1.9351743459701538,0.0004997230238030115,21.8115234375,True,0.5855638279899722,16384,6144,0.26611328125,0.0
7500,cdrm-bf16,736,4,135,1.930661916732788,0.0004997230238030115,17.865062713623047,True,0.5930578529951163,16384,6144,0.2698567708333333,0.0
7500,cdrm-bf16,737,4,136,1.934807538986206,0.0004997230238030115,18.659313201904297,True,0.595780471994658,16384,6144,0.2703450520833333,0.0
7500,cdrm-bf16,738,4,137,1.948513388633728,0.0004997230238030115,21.130626678466797,True,0.5861045670026215,16384,6144,0.26318359375,0.0
7500,cdrm-bf16,739,4,138,1.8118345737457275,0.0004997230238030115,9.82288932800293,True,0.5937851909984602,16384,6144,0.3154296875,0.0
7500,cdrm-bf16,740,4,139,1.8329076766967773,0.0004997230238030115,10.86522102355957,True,0.5943460650014458,16384,6144,0.2906901041666667,0.0
7500,cdrm-bf16,741,4,140,1.8893979787826538,0.0004997230238030115,21.841732025146484,True,0.5856852349970723,16384,6144,0.27783203125,0.0
7500,cdrm-bf16,742,4,141,1.8830621242523193,0.0004997230238030115,19.12579345703125,True,0.5816810179967433,16384,6144,0.28076171875,0.0
7500,cdrm-bf16,743,4,142,1.8838341236114502,0.0004997230238030115,21.979907989501953,True,0.5863295719900634,16384,6144,0.2838541666666667,0.0
7500,cdrm-bf16,744,4,143,1.9138917922973633,0.0004997230238030115,23.556434631347656,True,0.5842194569995627,16384,6144,0.2783203125,0.0
7500,cdrm-bf16,745,4,144,1.784192442893982,0.0004997230238030115,9.136655807495117,True,0.5799147780053318,16384,6144,0.31201171875,0.0
7500,cdrm-bf16,746,4,145,1.7728965282440186,0.0004997230238030115,6.046776294708252,True,0.5845828370074742,16384,6144,0.30712890625,0.0
7500,cdrm-bf16,747,4,146,1.8645846843719482,0.0004997230238030115,21.797130584716797,True,0.5927447430003667,16384,6144,0.2888997395833333,0.0
7500,cdrm-bf16,748,4,147,1.8562204837799072,0.0004997230238030115,12.61877727508545,True,0.5871235329977935,16384,6144,0.27783203125,0.0
7500,cdrm-bf16,749,4,148,1.931706428527832,0.0004997230238030115,24.522403717041016,True,0.5915953410003567,16384,6144,0.2736002604166667,0.0
7500,cdrm-bf16,750,4,149,1.8942092657089233,0.0004997230238030115,18.628368377685547,True,0.590860533004161,16384,6144,0.2726236979166667,0.0
7500,cdrm-bf16,751,4,150,1.8607929944992065,0.0004997230238030115,15.425795555114746,True,0.5917150289897108,16384,6144,0.28564453125,0.0
7500,cdrm-bf16,752,4,151,1.9059169292449951,0.0004997230238030115,15.307075500488281,True,0.5885347559960792,16384,6144,0.2804361979166667,0.0
7500,cdrm-bf16,753,4,152,1.7845256328582764,0.0004997230238030115,7.594856262207031,True,0.5897851819900097,16384,6144,0.3131510416666667,0.0
7500,cdrm-bf16,754,4,153,2.0116169452667236,0.0004997230238030115,21.88715171813965,True,0.590569403997506,16384,6144,0.24723307291666666,0.0
7500,cdrm-bf16,755,4,154,1.9892829656600952,0.0004997230238030115,17.968523025512695,True,0.5844449449941749,16384,6144,0.2600911458333333,0.0
7500,cdrm-bf16,756,4,155,1.8452329635620117,0.0004997230238030115,15.668575286865234,True,0.5858324860018911,16384,6144,0.28955078125,0.0
7500,cdrm-bf16,757,4,156,1.9305691719055176,0.0004997230238030115,18.17563819885254,True,0.5849140350037487,16384,6144,0.2726236979166667,0.0
7500,cdrm-bf16,758,4,157,1.8474781513214111,0.0004997230238030115,12.839131355285645,True,0.5891747849964304,16384,6144,0.2880859375,0.0
7500,cdrm-bf16,759,4,158,1.9182723760604858,0.0004997230238030115,18.55910301208496,True,0.591397884010803,16384,6144,0.2643229166666667,0.0
7500,cdrm-bf16,760,4,159,1.8990405797958374,0.0004997230238030115,14.769883155822754,True,0.5891214389994275,16384,6144,0.2747395833333333,0.0
7500,cdrm-bf16,761,4,160,1.85723876953125,0.0004997230238030115,16.533071517944336,True,0.5856458619964542,16384,6144,0.2814127604166667,0.0
7500,cdrm-bf16,762,4,161,1.9004052877426147,0.0004997230238030115,12.005084037780762,True,0.5886935200105654,16384,6144,0.2716471354166667,0.0
7500,cdrm-bf16,763,4,162,1.8275926113128662,0.0004997230238030115,16.35767936706543,True,0.5878885249985615,16384,6144,0.29541015625,0.0
7500,cdrm-bf16,764,4,163,1.8961814641952515,0.0004997230238030115,13.641871452331543,True,0.5922935139969923,16384,6144,0.2762044270833333,0.0
7500,cdrm-bf16,765,4,164,1.8018311262130737,0.0004997230238030115,9.688775062561035,True,0.5932548809942091,16384,6144,0.29833984375,0.0
7500,cdrm-bf16,766,4,165,1.9411187171936035,0.0004997230238030115,23.456661224365234,True,0.5898003159963991,16384,6144,0.2698567708333333,0.0
7500,cdrm-bf16,767,4,166,1.9830396175384521,0.0004997230238030115,15.23182487487793,True,0.5878645320044598,16384,6144,0.27099609375,0.0
7500,cdrm-bf16,768,4,167,1.9225964546203613,0.0004997230238030115,15.367667198181152,True,0.5855377270054305,16384,6144,0.2742513020833333,0.0
7500,cdrm-bf16,769,4,168,1.8522508144378662,0.0004997230238030115,14.961771011352539,True,0.5925204679952003,16384,6144,0.287109375,0.0
7500,cdrm-bf16,770,4,169,1.9711828231811523,0.0004997230238030115,21.99443817138672,True,0.5892210349993547,16384,6144,0.26708984375,0.0
7500,cdrm-bf16,771,4,170,1.981162428855896,0.0004997230238030115,20.781476974487305,True,0.5881621300068218,16384,6144,0.2594401041666667,0.0
7500,cdrm-bf16,772,4,171,1.8289389610290527,0.0004997230238030115,9.647976875305176,True,0.5896041929954663,16384,6144,0.29541015625,0.0
7500,cdrm-bf16,773,4,172,1.8126477003097534,0.0004997230238030115,15.048379898071289,True,0.5934106230124598,16384,6144,0.3014322916666667,0.0
7500,cdrm-bf16,774,4,173,1.9375524520874023,0.0004997230238030115,16.597333908081055,True,0.5899358180031413,16384,6144,0.2666015625,0.0
7500,cdrm-bf16,775,4,174,1.8746154308319092,0.0004997230238030115,12.525918960571289,True,0.5819610930047929,16384,6144,0.2770182291666667,0.0
7500,cdrm-bf16,776,4,175,1.8889673948287964,0.0004997230238030115,21.063785552978516,True,0.5813264550088206,16384,6144,0.2781575520833333,0.0
7500,cdrm-bf16,777,4,176,1.8978394269943237,0.0004997230238030115,15.151500701904297,True,0.5892018570011714,16384,6144,0.2672526041666667,0.0
7500,cdrm-bf16,778,4,177,1.9442393779754639,0.0004997230238030115,20.388750076293945,True,0.5893658700078959,16384,6144,0.2561848958333333,0.0
7500,cdrm-bf16,779,4,178,1.8806915283203125,0.0004997230238030115,18.251876831054688,True,0.5872924949944718,16384,6144,0.2747395833333333,0.0
7500,cdrm-bf16,780,4,179,1.786874771118164,0.0004997230238030115,11.206578254699707,True,0.5895627319987398,16384,6144,0.3053385416666667,0.0
7500,cdrm-bf16,781,4,180,1.771347999572754,0.0004997230238030115,6.597691059112549,True,0.5927637709974078,16384,6144,0.3074544270833333,0.0
7500,cdrm-bf16,782,4,181,1.8427146673202515,0.0004997230238030115,19.366456985473633,True,0.5829255419957917,16384,6144,0.2861328125,0.0
7500,cdrm-bf16,783,4,182,1.8134868144989014,0.0004997230238030115,11.779633522033691,True,0.5858130349952262,16384,6144,0.29296875,0.0
7500,cdrm-bf16,784,4,183,1.9697974920272827,0.0004997230238030115,30.201343536376953,True,0.5883139509969624,16384,6144,0.2644856770833333,0.0
7500,cdrm-bf16,785,4,184,1.9680894613265991,0.0004997230238030115,28.088956832885742,True,0.5945184029988013,16384,6144,0.2620442708333333,0.0
7500,cdrm-bf16,786,4,185,1.8279778957366943,0.0004997230238030115,11.55392837524414,True,0.5930340590130072,16384,6144,0.2828776041666667,0.0
7500,cdrm-bf16,787,4,186,1.7865407466888428,0.0004997230238030115,14.30583667755127,True,0.5929837209987454,16384,6144,0.298828125,0.0
7500,cdrm-bf16,788,4,187,1.8062107563018799,0.0004997230238030115,14.877509117126465,True,0.5931523100007325,16384,6144,0.2890625,0.0
7500,cdrm-bf16,789,4,188,1.7467317581176758,0.0004997230238030115,5.318578720092773,True,0.5870817910035839,16384,6144,0.31396484375,0.0
7500,cdrm-bf16,790,4,189,1.7564276456832886,0.0004997230238030115,8.443535804748535,True,0.5941675280046184,16384,6144,0.30615234375,0.0
7500,cdrm-bf16,791,4,190,1.8474653959274292,0.0004997230238030115,23.255178451538086,True,0.5919045729970094,16384,6144,0.2859700520833333,0.0
7500,cdrm-bf16,792,4,191,1.7714465856552124,0.0004997230238030115,11.860939025878906,True,0.5904397970007267,16384,6144,0.306640625,0.0
7500,cdrm-bf16,793,4,192,1.9920501708984375,0.0004997230238030115,33.922855377197266,True,0.591615698998794,16384,6144,0.2579752604166667,0.0
7500,cdrm-bf16,794,4,193,2.003718852996826,0.0004997230238030115,32.67258834838867,True,0.6009099829971092,16384,6144,0.2542317708333333,0.0
7500,cdrm-bf16,795,4,194,1.808518409729004,0.0004997230238030115,12.30012035369873,True,0.5905975230125478,16384,6144,0.291015625,0.0
7500,cdrm-bf16,796,4,195,1.7466392517089844,0.0004997230238030115,11.88277816772461,True,0.5822962959937286,16384,6144,0.30908203125,0.0
7500,cdrm-bf16,797,4,196,1.7865794897079468,0.0004997230238030115,19.83498191833496,True,0.5408252110064495,16384,6144,0.2928059895833333,0.0
7500,cdrm-bf16,798,4,197,1.728215217590332,0.0004997230238030115,5.489886283874512,True,0.5421965869900305,16384,6144,0.3136393229166667,0.0
7500,cdrm-bf16,799,4,198,1.8491077423095703,0.0004997230238030115,26.936031341552734,True,0.5397292120032944,16384,6144,0.2804361979166667,0.0
7500,cdrm-bf16,800,4,199,1.8630307912826538,0.0004997230238030115,16.901479721069336,True,0.5442039019981166,16384,6144,0.28564453125,0.0
7500,cdrm-bf16,801,5,0,1.899726152420044,0.0004995076687428538,26.596004486083984,True,6.165934030999779,16384,6144,0.27197265625,0.0
7500,cdrm-bf16,802,5,1,1.906728744506836,0.0004995076687428538,23.241249084472656,True,0.5866278839966981,16384,6144,0.2757161458333333,0.0
7500,cdrm-bf16,803,5,2,1.8265693187713623,0.0004995076687428538,16.03508758544922,True,0.582738540993887,16384,6144,0.29052734375,0.0
7500,cdrm-bf16,804,5,3,1.7533591985702515,0.0004995076687428538,12.730782508850098,True,0.580788509992999,16384,6144,0.3126627604166667,0.0
7500,cdrm-bf16,805,5,4,1.849321722984314,0.0004995076687428538,22.95846176147461,True,0.5876429130003089,16384,6144,0.2776692708333333,0.0
7500,cdrm-bf16,806,5,5,1.7395448684692383,0.0004995076687428538,9.096790313720703,True,0.6080828060075874,16384,6144,0.3196614583333333,0.0
7500,cdrm-bf16,807,5,6,1.9963903427124023,0.0004995076687428538,35.06841278076172,True,0.5712528109870618,16384,6144,0.251953125,0.0
7500,cdrm-bf16,808,5,7,2.058682680130005,0.0004995076687428538,35.1385498046875,True,0.5735492890089517,16384,6144,0.23893229166666666,0.0
7500,cdrm-bf16,809,5,8,1.7716093063354492,0.0004995076687428538,5.859908103942871,True,0.5745875860011438,16384,6144,0.3045247395833333,0.0
7500,cdrm-bf16,810,5,9,2.166682481765747,0.0004995076687428538,42.973602294921875,True,0.5817812790046446,16384,6144,0.23177083333333334,0.0
7500,cdrm-bf16,811,5,10,2.352858066558838,0.0004995076687428538,38.77639389038086,True,0.5782322600134648,16384,6144,0.20849609375,0.0
7500,cdrm-bf16,812,5,11,2.081169843673706,0.0004995076687428538,11.254621505737305,True,0.5905955039925175,16384,6144,0.2625325520833333,0.0
7500,cdrm-bf16,813,5,12,2.2518067359924316,0.0004995076687428538,32.17133331298828,True,0.6065034310013289,16384,6144,0.21484375,0.0
7500,cdrm-bf16,814,5,13,2.3910655975341797,0.0004995076687428538,31.072460174560547,True,0.5927824579994194,16384,6144,0.18782552083333334,0.0
7500,cdrm-bf16,815,5,14,2.033015727996826,0.0004995076687428538,17.265914916992188,True,0.5912821279925993,16384,6144,0.24267578125,0.0
7500,cdrm-bf16,816,5,15,2.1827826499938965,0.0004995076687428538,30.711734771728516,True,0.6005158179905266,16384,6144,0.21533203125,0.0
7500,cdrm-bf16,817,5,16,2.298867702484131,0.0004995076687428538,32.489009857177734,True,0.5909222320042318,16384,6144,0.20475260416666666,0.0
7500,cdrm-bf16,818,5,17,2.0173280239105225,0.0004995076687428538,15.149492263793945,True,0.5959488849912304,16384,6144,0.2501627604166667,0.0
7500,cdrm-bf16,819,5,18,2.118605375289917,0.0004995076687428538,26.38605308532715,True,0.5915382069943007,16384,6144,0.23616536458333334,0.0
7500,cdrm-bf16,820,5,19,2.134425163269043,0.0004995076687428538,14.654083251953125,True,0.5933119830006035,16384,6144,0.2314453125,0.0
7500,cdrm-bf16,821,5,20,2.1540918350219727,0.0004995076687428538,23.426828384399414,True,0.6022766890091589,16384,6144,0.23014322916666666,0.0
7500,cdrm-bf16,822,5,21,2.161851406097412,0.0004995076687428538,24.933490753173828,True,0.6036689320026198,16384,6144,0.23404947916666666,0.0
7500,cdrm-bf16,823,5,22,2.0057594776153564,0.0004995076687428538,14.86696720123291,True,0.6096292549918871,16384,6144,0.2532552083333333,0.0
7500,cdrm-bf16,824,5,23,2.133258819580078,0.0004995076687428538,21.289735794067383,True,0.5984711689961841,16384,6144,0.23356119791666666,0.0
7500,cdrm-bf16,825,5,24,2.227396011352539,0.0004995076687428538,21.939682006835938,True,0.5942523359990446,16384,6144,0.21516927083333334,0.0
7500,cdrm-bf16,826,5,25,2.0362091064453125,0.0004995076687428538,17.929370880126953,True,0.5971708959987154,16384,6144,0.2600911458333333,0.0
7500,cdrm-bf16,827,5,26,1.948230266571045,0.0004995076687428538,11.567756652832031,True,0.5971485100017162,16384,6144,0.2809244791666667,0.0
7500,cdrm-bf16,828,5,27,2.0075416564941406,0.0004995076687428538,14.177054405212402,True,0.5952011799963657,16384,6144,0.2692057291666667,0.0
7500,cdrm-bf16,829,5,28,1.901987075805664,0.0004995076687428538,5.995254039764404,True,0.5879721560049802,16384,6144,0.294921875,0.0
7500,cdrm-bf16,830,5,29,1.9839223623275757,0.0004995076687428538,15.747947692871094,True,0.5912686020019464,16384,6144,0.2732747395833333,0.0
7500,cdrm-bf16,831,5,30,2.06754207611084,0.0004995076687428538,17.55555534362793,True,0.5893919990048744,16384,6144,0.24251302083333334,0.0
7500,cdrm-bf16,832,5,31,1.937382459640503,0.0004995076687428538,11.616722106933594,True,0.5915753840090474,16384,6144,0.2633463541666667,0.0
7500,cdrm-bf16,833,5,32,1.9231364727020264,0.0004995076687428538,15.57417106628418,True,0.5922576409939211,16384,6144,0.2747395833333333,0.0
7500,cdrm-bf16,834,5,33,1.9398818016052246,0.0004995076687428538,17.55398178100586,True,0.5952051500062225,16384,6144,0.2692057291666667,0.0
7500,cdrm-bf16,835,5,34,1.922670602798462,0.0004995076687428538,10.393560409545898,True,0.5954606340092141,16384,6144,0.2755533854166667,0.0
7500,cdrm-bf16,836,5,35,1.8559064865112305,0.0004995076687428538,12.151922225952148,True,0.5965949749952415,16384,6144,0.2890625,0.0
7500,cdrm-bf16,837,5,36,1.9189379215240479,0.0004995076687428538,12.252113342285156,True,0.602012946998002,16384,6144,0.26953125,0.0
7500,cdrm-bf16,838,5,37,1.7980101108551025,0.0004995076687428538,6.96904182434082,True,0.5965922169998521,16384,6144,0.2978515625,0.0
7500,cdrm-bf16,839,5,38,1.9670813083648682,0.0004995076687428538,15.464029312133789,True,0.5806277410010807,16384,6144,0.2537434895833333,0.0
7500,cdrm-bf16,840,5,39,1.975058913230896,0.0004995076687428538,13.968158721923828,True,0.5862869120028336,16384,6144,0.259765625,0.0
7500,cdrm-bf16,841,5,40,1.7879894971847534,0.0004995076687428538,12.76815414428711,True,0.5902368600072805,16384,6144,0.2962239583333333,0.0
7500,cdrm-bf16,842,5,41,1.8974498510360718,0.0004995076687428538,15.081900596618652,True,0.6038252720027231,16384,6144,0.26708984375,0.0
7500,cdrm-bf16,843,5,42,1.8424495458602905,0.0004995076687428538,17.09637451171875,True,0.5885549929953413,16384,6144,0.2726236979166667,0.0
7500,cdrm-bf16,844,5,43,1.7255859375,0.0004995076687428538,4.651261806488037,True,0.5931369930040091,16384,6144,0.3165690104166667,0.0
7500,cdrm-bf16,845,5,44,1.7790989875793457,0.0004995076687428538,16.13876724243164,True,0.5810249049973208,16384,6144,0.2952473958333333,0.0
7500,cdrm-bf16,846,5,45,1.8233087062835693,0.0004995076687428538,9.344401359558105,True,0.5879495020053582,16384,6144,0.28955078125,0.0
7500,cdrm-bf16,847,5,46,1.7157405614852905,0.0004995076687428538,4.159039497375488,True,0.5951277800049866,16384,6144,0.3133138020833333,0.0
7500,cdrm-bf16,848,5,47,1.8239495754241943,0.0004995076687428538,19.0773868560791,True,0.5912760199862532,16384,6144,0.29248046875,0.0
7500,cdrm-bf16,849,5,48,1.9110006093978882,0.0004995076687428538,9.615679740905762,True,0.5923995540069882,16384,6144,0.27490234375,0.0
7500,cdrm-bf16,850,5,49,1.9295791387557983,0.0004995076687428538,23.784313201904297,True,0.5862442070065299,16384,6144,0.27490234375,0.0
7500,cdrm-bf16,851,5,50,1.9268293380737305,0.0004995076687428538,12.721776962280273,True,0.592554574002861,16384,6144,0.2721354166666667,0.0
7500,cdrm-bf16,852,5,51,1.8867872953414917,0.0004995076687428538,25.41098976135254,True,0.5923717179975938,16384,6144,0.28076171875,0.0
7500,cdrm-bf16,853,5,52,1.8179658651351929,0.0004995076687428538,11.355940818786621,True,0.5940144380001584,16384,6144,0.2994791666666667,0.0
7500,cdrm-bf16,854,5,53,1.9647507667541504,0.0004995076687428538,25.60630989074707,True,0.5912780740036396,16384,6144,0.259765625,0.0
7500,cdrm-bf16,855,5,54,1.9019145965576172,0.0004995076687428538,23.286128997802734,True,0.5936436119955033,16384,6144,0.2718098958333333,0.0
7500,cdrm-bf16,856,5,55,1.8522390127182007,0.0004995076687428538,14.147567749023438,True,0.5886832419928396,16384,6144,0.2848307291666667,0.0
7500,cdrm-bf16,857,5,56,1.8126033544540405,0.0004995076687428538,15.681269645690918,True,0.5881932550109923,16384,6144,0.29833984375,0.0
7500,cdrm-bf16,858,5,57,1.8215806484222412,0.0004995076687428538,17.61810302734375,True,0.583779388005496,16384,6144,0.28662109375,0.0
7500,cdrm-bf16,859,5,58,1.7703702449798584,0.0004995076687428538,12.586198806762695,True,0.5868388609960675,16384,6144,0.2986653645833333,0.0
7500,cdrm-bf16,860,5,59,1.8734792470932007,0.0004995076687428538,27.013093948364258,True,0.5779121380037395,16384,6144,0.2755533854166667,0.0
7500,cdrm-bf16,861,5,60,1.8896524906158447,0.0004995076687428538,25.00942039489746,True,0.5849921760091092,16384,6144,0.27490234375,0.0
7500,cdrm-bf16,862,5,61,1.7845888137817383,0.0004995076687428538,12.75015640258789,True,0.5844797940080753,16384,6144,0.3055013020833333,0.0
7500,cdrm-bf16,863,5,62,1.7451019287109375,0.0004995076687428538,11.373822212219238,True,0.6014254600013373,16384,6144,0.31298828125,0.0
7500,cdrm-bf16,864,5,63,1.79171884059906,0.0004995076687428538,22.68654441833496,True,0.5872613149986137,16384,6144,0.29833984375,0.0
7500,cdrm-bf16,865,5,64,1.7802375555038452,0.0004995076687428538,21.044706344604492,True,0.5913370170019334,16384,6144,0.29541015625,0.0
7500,cdrm-bf16,866,5,65,1.7578237056732178,0.0004995076687428538,18.045330047607422,True,0.5893292389955604,16384,6144,0.3046875,0.0
7500,cdrm-bf16,867,5,66,1.7429885864257812,0.0004995076687428538,17.547746658325195,True,0.5890408249979373,16384,6144,0.31396484375,0.0
7500,cdrm-bf16,868,5,67,1.7250306606292725,0.0004995076687428538,14.633696556091309,True,0.5930304330104263,16384,6144,0.31640625,0.0
7500,cdrm-bf16,869,5,68,1.6819181442260742,0.0004995076687428538,9.09633731842041,True,0.5923034209990874,16384,6144,0.3284505208333333,0.0
7500,cdrm-bf16,870,5,69,1.9295562505722046,0.0004995076687428538,31.42528533935547,True,0.5864825719909277,16384,6144,0.2625325520833333,0.0
7500,cdrm-bf16,871,5,70,1.9712963104248047,0.0004995076687428538,29.476383209228516,True,0.593533136008773,16384,6144,0.2630208333333333,0.0
7500,cdrm-bf16,872,5,71,1.7541484832763672,0.0004995076687428538,8.987007141113281,True,0.5951948919973802,16384,6144,0.30419921875,0.0
7500,cdrm-bf16,873,5,72,1.8443317413330078,0.0004995076687428538,27.04031753540039,True,0.5868083120003575,16384,6144,0.3006184895833333,0.0
7500,cdrm-bf16,874,5,73,1.9563055038452148,0.0004995076687428538,18.102516174316406,True,0.5935154409962706,16384,6144,0.2649739583333333,0.0
7500,cdrm-bf16,875,5,74,1.8429702520370483,0.0004995076687428538,15.71699047088623,True,0.6023480169969844,16384,6144,0.2845052083333333,0.0
7500,cdrm-bf16,876,5,75,1.7516520023345947,0.0004995076687428538,12.216464042663574,True,0.5975749619974522,16384,6144,0.3046875,0.0
7500,cdrm-bf16,877,5,76,1.7841253280639648,0.0004995076687428538,15.822885513305664,True,0.6015227900061291,16384,6144,0.3033854166666667,0.0
7500,cdrm-bf16,878,5,77,1.800363302230835,0.0004995076687428538,11.23807144165039,True,0.593724022997776,16384,6144,0.2862955729166667,0.0
7500,cdrm-bf16,879,5,78,1.7123057842254639,0.0004995076687428538,14.638815879821777,True,0.5930216800043127,16384,6144,0.3107096354166667,0.0
7500,cdrm-bf16,880,5,79,1.7778548002243042,0.0004995076687428538,11.730369567871094,True,0.5963059079949744,16384,6144,0.2967122395833333,0.0
7500,cdrm-bf16,881,5,80,1.7227163314819336,0.0004995076687428538,7.807183742523193,True,0.5875631380040431,16384,6144,0.3084309895833333,0.0
7500,cdrm-bf16,882,5,81,1.7828824520111084,0.0004995076687428538,15.045453071594238,True,0.6009085819969187,16384,6144,0.2890625,0.0
7500,cdrm-bf16,883,5,82,1.8481310606002808,0.0004995076687428538,12.597620010375977,True,0.5835829809948336,16384,6144,0.2757161458333333,0.0
7500,cdrm-bf16,884,5,83,1.7453374862670898,0.0004995076687428538,10.820886611938477,True,0.5924732210114598,16384,6144,0.3072916666666667,0.0
7500,cdrm-bf16,885,5,84,1.739079475402832,0.0004995076687428538,17.191373825073242,True,0.5918080550036393,16384,6144,0.3025716145833333,0.0
7500,cdrm-bf16,886,5,85,1.8176664113998413,0.0004995076687428538,10.948506355285645,True,0.590332566993311,16384,6144,0.2835286458333333,0.0
7500,cdrm-bf16,887,5,86,1.756131649017334,0.0004995076687428538,18.684463500976562,True,0.5871712170046521,16384,6144,0.3059895833333333,0.0
7500,cdrm-bf16,888,5,87,1.6722638607025146,0.0004995076687428538,5.5432515144348145,True,0.5913437760027591,16384,6144,0.3282877604166667,0.0
7500,cdrm-bf16,889,5,88,1.715718150138855,0.0004995076687428538,11.922405242919922,True,0.5822182800038718,16384,6144,0.31591796875,0.0
7500,cdrm-bf16,890,5,89,1.6713690757751465,0.0004995076687428538,10.631914138793945,True,0.5820439090020955,16384,6144,0.3203125,0.0
7500,cdrm-bf16,891,5,90,1.78336501121521,0.0004995076687428538,19.629011154174805,True,0.5908996579964878,16384,6144,0.2962239583333333,0.0
7500,cdrm-bf16,892,5,91,1.7201460599899292,0.0004995076687428538,11.290813446044922,True,0.5953316639934201,16384,6144,0.3076171875,0.0
7500,cdrm-bf16,893,5,92,1.767882227897644,0.0004995076687428538,25.470720291137695,True,0.5777721409976948,16384,6144,0.2874348958333333,0.0
7500,cdrm-bf16,894,5,93,1.8262948989868164,0.0004995076687428538,16.914186477661133,True,0.5906766169937328,16384,6144,0.2737630208333333,0.0
7500,cdrm-bf16,895,5,94,1.736332654953003,0.0004995076687428538,22.040372848510742,True,0.5886809439980425,16384,6144,0.31494140625,0.0
7500,cdrm-bf16,896,5,95,1.772290587425232,0.0004995076687428538,14.770915985107422,True,0.5766078510059742,16384,6144,0.3011067708333333,0.0
7500,cdrm-bf16,897,5,96,1.695456862449646,0.0004995076687428538,17.46014404296875,True,0.586089283999172,16384,6144,0.31982421875,0.0
7500,cdrm-bf16,898,5,97,1.6926147937774658,0.0004995076687428538,16.270578384399414,True,0.5793115279957419,16384,6144,0.3157552083333333,0.0
7500,cdrm-bf16,899,5,98,1.689535140991211,0.0004995076687428538,10.972577095031738,True,0.5867054709960939,16384,6144,0.3142903645833333,0.0
7500,cdrm-bf16,900,5,99,1.6740388870239258,0.0004995076687428538,8.907211303710938,True,0.5850420750066405,16384,6144,0.3142903645833333,0.0
7500,cdrm-bf16,901,5,100,1.619916319847107,0.0004995076687428538,7.085020542144775,True,0.5849912389967358,16384,6144,0.3362630208333333,0.0
7500,cdrm-bf16,902,5,101,1.8406957387924194,0.0004995076687428538,29.76920509338379,True,0.5887569290061947,16384,6144,0.2747395833333333,0.0
7500,cdrm-bf16,903,5,102,1.8949029445648193,0.0004995076687428538,21.341503143310547,True,0.585543797002174,16384,6144,0.2659505208333333,0.0
7500,cdrm-bf16,904,5,103,1.8252649307250977,0.0004995076687428538,29.48439598083496,True,0.5908473429881269,16384,6144,0.2858072916666667,0.0
7500,cdrm-bf16,905,5,104,1.8226993083953857,0.0004995076687428538,27.017807006835938,True,0.5891245170059847,16384,6144,0.2828776041666667,0.0
7500,cdrm-bf16,906,5,105,1.853452444076538,0.0004995076687428538,26.78356170654297,True,0.5919462149904575,16384,6144,0.2864583333333333,0.0
7500,cdrm-bf16,907,5,106,1.8446462154388428,0.0004995076687428538,30.650440216064453,True,0.5904258369992021,16384,6144,0.2945963541666667,0.0
7500,cdrm-bf16,908,5,107,1.6243809461593628,0.0004995076687428538,4.5973639488220215,True,0.5855516330047976,16384,6144,0.3512369791666667,0.0
7500,cdrm-bf16,909,5,108,1.748878002166748,0.0004995076687428538,25.301116943359375,True,0.5901652129978174,16384,6144,0.2972005208333333,0.0
7500,cdrm-bf16,910,5,109,1.8431968688964844,0.0004995076687428538,12.454828262329102,True,0.5940643079957226,16384,6144,0.2809244791666667,0.0
7500,cdrm-bf16,911,5,110,1.8230605125427246,0.0004995076687428538,19.205547332763672,True,0.5892140270007076,16384,6144,0.2970377604166667,0.0
7500,cdrm-bf16,912,5,111,1.7346919775009155,0.0004995076687428538,9.557597160339355,True,0.5954625739977928,16384,6144,0.3128255208333333,0.0
7500,cdrm-bf16,913,5,112,1.6507606506347656,0.0004995076687428538,5.316761016845703,True,0.5951411919959355,16384,6144,0.3271484375,0.0
7500,cdrm-bf16,914,5,113,1.6646766662597656,0.0004995076687428538,11.382960319519043,True,0.5819600810064003,16384,6144,0.3243815104166667,0.0
7500,cdrm-bf16,915,5,114,1.7951433658599854,0.0004995076687428538,23.582643508911133,True,0.5972783309989609,16384,6144,0.2877604166666667,0.0
7500,cdrm-bf16,916,5,115,1.7568180561065674,0.0004995076687428538,7.592028617858887,True,0.5908736069977749,16384,6144,0.3089192708333333,0.0
7500,cdrm-bf16,917,5,116,1.8015069961547852,0.0004995076687428538,23.640295028686523,True,0.5825835190044018,16384,6144,0.3009440104166667,0.0
7500,cdrm-bf16,918,5,117,1.8433284759521484,0.0004995076687428538,15.113531112670898,True,0.5848754269973142,16384,6144,0.2867838541666667,0.0
7500,cdrm-bf16,919,5,118,1.7658023834228516,0.0004995076687428538,19.573190689086914,True,0.5854759100038791,16384,6144,0.3111979166666667,0.0
7500,cdrm-bf16,920,5,119,1.8209331035614014,0.0004995076687428538,15.820741653442383,True,0.5933641930023441,16384,6144,0.2823893229166667,0.0
7500,cdrm-bf16,921,5,120,1.6851892471313477,0.0004995076687428538,6.821539878845215,True,0.5894314499892062,16384,6144,0.3201497395833333,0.0
7500,cdrm-bf16,922,5,121,1.949209213256836,0.0004995076687428538,26.719457626342773,True,0.587045580992708,16384,6144,0.2599283854166667,0.0
7500,cdrm-bf16,923,5,122,2.04695725440979,0.0004995076687428538,25.13216209411621,True,0.5925622929935344,16384,6144,0.234375,0.0
7500,cdrm-bf16,924,5,123,1.8119497299194336,0.0004995076687428538,21.17899513244629,True,0.5883217130030971,16384,6144,0.2913411458333333,0.0
7500,cdrm-bf16,925,5,124,1.830208659172058,0.0004995076687428538,13.796814918518066,True,0.5988749899988761,16384,6144,0.29052734375,0.0
7500,cdrm-bf16,926,5,125,1.8054730892181396,0.0004995076687428538,17.920429229736328,True,0.5944998799968744,16384,6144,0.2869466145833333,0.0
7500,cdrm-bf16,927,5,126,1.7561744451522827,0.0004995076687428538,13.381235122680664,True,0.5900437899981625,16384,6144,0.29638671875,0.0
7500,cdrm-bf16,928,5,127,1.7079696655273438,0.0004995076687428538,10.674156188964844,True,0.5790628639952047,16384,6144,0.3181966145833333,0.0
7500,cdrm-bf16,929,5,128,1.7090363502502441,0.0004995076687428538,10.728816986083984,True,0.5911314350087196,16384,6144,0.3224283854166667,0.0
7500,cdrm-bf16,930,5,129,1.6806271076202393,0.0004995076687428538,15.689945220947266,True,0.6010635559941875,16384,6144,0.3323567708333333,0.0
7500,cdrm-bf16,931,5,130,1.6404327154159546,0.0004995076687428538,5.8314528465271,True,0.5948166379967006,16384,6144,0.3284505208333333,0.0
7500,cdrm-bf16,932,5,131,1.6410692930221558,0.0004995076687428538,11.562494277954102,True,0.5961227549996693,16384,6144,0.3310546875,0.0
7500,cdrm-bf16,933,5,132,1.7090238332748413,0.0004995076687428538,20.65804100036621,True,0.5951139809913002,16384,6144,0.3133138020833333,0.0
7500,cdrm-bf16,934,5,133,1.6488832235336304,0.0004995076687428538,6.225035667419434,True,0.5942484050028725,16384,6144,0.3310546875,0.0
7500,cdrm-bf16,935,5,134,1.7314256429672241,0.0004995076687428538,26.106430053710938,True,0.5855653760081623,16384,6144,0.31201171875,0.0
7500,cdrm-bf16,936,5,135,1.8239002227783203,0.0004995076687428538,14.803994178771973,True,0.5836464029998751,16384,6144,0.2941080729166667,0.0
7500,cdrm-bf16,937,5,136,1.6865746974945068,0.0004995076687428538,18.106718063354492,True,0.5869374819885707,16384,6144,0.31884765625,0.0
7500,cdrm-bf16,938,5,137,1.6929725408554077,0.0004995076687428538,21.23847770690918,True,0.5876483299944084,16384,6144,0.3191731770833333,0.0
7500,cdrm-bf16,939,5,138,1.7145934104919434,0.0004995076687428538,9.899539947509766,True,0.5898722339916276,16384,6144,0.30908203125,0.0
7500,cdrm-bf16,940,5,139,1.7163004875183105,0.0004995076687428538,26.99202537536621,True,0.5941087199898902,16384,6144,0.2998046875,0.0
7500,cdrm-bf16,941,5,140,1.7023723125457764,0.0004995076687428538,12.768643379211426,True,0.5910269339947263,16384,6144,0.3123372395833333,0.0
7500,cdrm-bf16,942,5,141,1.8456734418869019,0.0004995076687428538,39.092830657958984,True,0.5834993140015285,16384,6144,0.2908528645833333,0.0
7500,cdrm-bf16,943,5,142,1.859938383102417,0.0004995076687428538,35.037147521972656,True,0.5827485920017352,16384,6144,0.27783203125,0.0
7500,cdrm-bf16,944,5,143,1.7968130111694336,0.0004995076687428538,18.298686981201172,True,0.5897670429985737,16384,6144,0.2892252604166667,0.0
7500,cdrm-bf16,945,5,144,1.6611641645431519,0.0004995076687428538,14.287799835205078,True,0.6008779980038526,16384,6144,0.3216145833333333,0.0
7500,cdrm-bf16,946,5,145,1.861319899559021,0.0004995076687428538,32.46440887451172,True,0.5923654210055247,16384,6144,0.26904296875,0.0
7500,cdrm-bf16,947,5,146,1.8361501693725586,0.0004995076687428538,28.619699478149414,True,0.5925055059924489,16384,6144,0.27685546875,0.0
7500,cdrm-bf16,948,5,147,1.7542598247528076,0.0004995076687428538,27.94781494140625,True,0.589828812997439,16384,6144,0.3097330729166667,0.0
7500,cdrm-bf16,949,5,148,1.7783653736114502,0.0004995076687428538,28.72360610961914,True,0.591674787006923,16384,6144,0.2864583333333333,0.0
7500,cdrm-bf16,950,5,149,1.7304081916809082,0.0004995076687428538,21.682491302490234,True,0.5915913579956396,16384,6144,0.3059895833333333,0.0
7500,cdrm-bf16,951,5,150,1.668397307395935,0.0004995076687428538,20.950786590576172,True,0.5877456320013152,16384,6144,0.32373046875,0.0
7500,cdrm-bf16,952,5,151,1.6794984340667725,0.0004995076687428538,18.13775062561035,True,0.5965514970012009,16384,6144,0.3279622395833333,0.0
7500,cdrm-bf16,953,5,152,1.628436803817749,0.0004995076687428538,10.079519271850586,True,0.5862805799988564,16384,6144,0.3312174479166667,0.0
7500,cdrm-bf16,954,5,153,1.693335771560669,0.0004995076687428538,24.91419792175293,True,0.5873682829987956,16384,6144,0.3260091145833333,0.0
7500,cdrm-bf16,955,5,154,1.6797107458114624,0.0004995076687428538,14.879737854003906,True,0.5849482909979997,16384,6144,0.3250325520833333,0.0
7500,cdrm-bf16,956,5,155,1.7589092254638672,0.0004995076687428538,30.36333465576172,True,0.594037157992716,16384,6144,0.2962239583333333,0.0
7500,cdrm-bf16,957,5,156,1.7262605428695679,0.0004995076687428538,23.572006225585938,True,0.6042220270028338,16384,6144,0.306640625,0.0
7500,cdrm-bf16,958,5,157,1.7986457347869873,0.0004995076687428538,28.446224212646484,True,0.5955641939945053,16384,6144,0.28955078125,0.0
7500,cdrm-bf16,959,5,158,1.6879066228866577,0.0004995076687428538,25.104034423828125,True,0.5846739330008859,16384,6144,0.3121744791666667,0.0
7500,cdrm-bf16,960,5,159,1.7157225608825684,0.0004995076687428538,20.9569149017334,True,0.5904641489905771,16384,6144,0.3043619791666667,0.0
7500,cdrm-bf16,961,5,160,1.6904405355453491,0.0004995076687428538,20.80423927307129,True,0.5900201780023053,16384,6144,0.3118489583333333,0.0
7500,cdrm-bf16,962,5,161,1.6886482238769531,0.0004995076687428538,25.066448211669922,True,0.5909631319955224,16384,6144,0.314453125,0.0
7500,cdrm-bf16,963,5,162,1.6947956085205078,0.0004995076687428538,25.616214752197266,True,0.596001552999951,16384,6144,0.30859375,0.0
7500,cdrm-bf16,964,5,163,1.656959056854248,0.0004995076687428538,21.899423599243164,True,0.5904297079978278,16384,6144,0.3177083333333333,0.0
7500,cdrm-bf16,965,5,164,1.6680625677108765,0.0004995076687428538,25.238853454589844,True,0.5986884809972253,16384,6144,0.3154296875,0.0
7500,cdrm-bf16,966,5,165,1.5895479917526245,0.0004995076687428538,16.444047927856445,True,0.5944298940012231,16384,6144,0.3460286458333333,0.0
7500,cdrm-bf16,967,5,166,1.571820616722107,0.0004995076687428538,13.72138786315918,True,0.5864762790006353,16384,6144,0.3470052083333333,0.0
7500,cdrm-bf16,968,5,167,1.6714115142822266,0.0004995076687428538,27.504072189331055,True,0.5880503369990038,16384,6144,0.3113606770833333,0.0
7500,cdrm-bf16,969,5,168,1.648134708404541,0.0004995076687428538,25.717012405395508,True,0.5921765800012508,16384,6144,0.32080078125,0.0
7500,cdrm-bf16,970,5,169,1.6057265996932983,0.0004995076687428538,17.55916976928711,True,0.594656870001927,16384,6144,0.3357747395833333,0.0
7500,cdrm-bf16,971,5,170,1.5398234128952026,0.0004995076687428538,11.885642051696777,True,0.5975173519982491,16384,6144,0.3623046875,0.0
7500,cdrm-bf16,972,5,171,1.650287389755249,0.0004995076687428538,26.89415168762207,True,0.5814692480053054,16384,6144,0.3136393229166667,0.0
7500,cdrm-bf16,973,5,172,1.6518886089324951,0.0004995076687428538,25.1120662689209,True,0.5926111420121742,16384,6144,0.3225911458333333,0.0
7500,cdrm-bf16,974,5,173,1.5959997177124023,0.0004995076687428538,20.21848487854004,True,0.590035061002709,16384,6144,0.3336588541666667,0.0
7500,cdrm-bf16,975,5,174,1.6193349361419678,0.0004995076687428538,23.700393676757812,True,0.5921251350082457,16384,6144,0.3201497395833333,0.0
7500,cdrm-bf16,976,5,175,1.5878318548202515,0.0004995076687428538,18.896562576293945,True,0.5846420700108865,16384,6144,0.33740234375,0.0
7500,cdrm-bf16,977,5,176,1.5731205940246582,0.0004995076687428538,16.718017578125,True,0.5885741609963588,16384,6144,0.3370768229166667,0.0
7500,cdrm-bf16,978,5,177,1.6760637760162354,0.0004995076687428538,32.879669189453125,True,0.5935979960049735,16384,6144,0.3245442708333333,0.0
7500,cdrm-bf16,979,5,178,1.7353665828704834,0.0004995076687428538,37.73353576660156,True,0.5910755789955147,16384,6144,0.2998046875,0.0
7500,cdrm-bf16,980,5,179,1.5328716039657593,0.0004995076687428538,14.506622314453125,True,0.593769268001779,16384,6144,0.3536783854166667,0.0
7500,cdrm-bf16,981,5,180,1.5434703826904297,0.0004995076687428538,14.054525375366211,True,0.597452810005052,16384,6144,0.3502604166666667,0.0
7500,cdrm-bf16,982,5,181,1.6549558639526367,0.0004995076687428538,33.491050720214844,True,0.5955130439979257,16384,6144,0.3271484375,0.0
7500,cdrm-bf16,983,5,182,1.612741231918335,0.0004995076687428538,28.769319534301758,True,0.589742252996075,16384,6144,0.3279622395833333,0.0
7500,cdrm-bf16,984,5,183,1.5986989736557007,0.0004995076687428538,25.808496475219727,True,0.5937780779931927,16384,6144,0.3338216145833333,0.0
7500,cdrm-bf16,985,5,184,1.569645643234253,0.0004995076687428538,24.147836685180664,True,0.5886405310011469,16384,6144,0.3396809895833333,0.0
7500,cdrm-bf16,986,5,185,1.5918983221054077,0.0004995076687428538,24.395931243896484,True,0.5892941709898878,16384,6144,0.3328450520833333,0.0
7500,cdrm-bf16,987,5,186,1.5403250455856323,0.0004995076687428538,17.896154403686523,True,0.5883155829942552,16384,6144,0.3546549479166667,0.0
7500,cdrm-bf16,988,5,187,1.6993415355682373,0.0004995076687428538,37.25914001464844,True,0.5871710999927018,16384,6144,0.3048502604166667,0.0
7500,cdrm-bf16,989,5,188,1.691642165184021,0.0004995076687428538,36.12949752807617,True,0.584900859001209,16384,6144,0.30908203125,0.0
7500,cdrm-bf16,990,5,189,1.5241270065307617,0.0004995076687428538,13.758185386657715,True,0.583000078011537,16384,6144,0.3546549479166667,0.0
7500,cdrm-bf16,991,5,190,1.516843557357788,0.0004995076687428538,10.401687622070312,True,0.5832988490001298,16384,6144,0.35791015625,0.0
7500,cdrm-bf16,992,5,191,1.5531651973724365,0.0004995076687428538,19.415769577026367,True,0.5876271010056371,16384,6144,0.3445638020833333,0.0
7500,cdrm-bf16,993,5,192,1.5399192571640015,0.0004995076687428538,13.400856971740723,True,0.5889499420009088,16384,6144,0.34521484375,0.0
7500,cdrm-bf16,994,5,193,1.5616477727890015,0.0004995076687428538,13.23568344116211,True,0.5772215470060473,16384,6144,0.341796875,0.0
7500,cdrm-bf16,995,5,194,1.4749715328216553,0.0004995076687428538,7.958349227905273,True,0.5835226839990355,16384,6144,0.375,0.0
7500,cdrm-bf16,996,5,195,1.7281684875488281,0.0004995076687428538,29.983070373535156,True,0.5784730820014374,16384,6144,0.28955078125,0.0
7500,cdrm-bf16,997,5,196,1.7317872047424316,0.0004995076687428538,26.228206634521484,True,0.5921882379916497,16384,6144,0.2999674479166667,0.0
7500,cdrm-bf16,998,5,197,1.5764553546905518,0.0004995076687428538,21.291030883789062,True,0.6004453990026377,16384,6144,0.34912109375,0.0
7500,cdrm-bf16,999,5,198,1.6560277938842773,0.0004995076687428538,17.154048919677734,True,0.5825455589947524,16384,6144,0.3201497395833333,0.0
7500,cdrm-bf16,1000,5,199,1.534440040588379,0.0004995076687428538,11.391152381896973,True,0.573167085996829,16384,6144,0.3444010416666667,0.0
