arm,update,role,length,words,prefix_exact_count,state_correct_count,token_correct_count,token_denominator,E,E_low95,E_high95,A,A_low95,A_high95,M,state_ce
rt_window2_first_ce,1000,dev,1,102400,102400,102400,102400,102400,1.0,0.9999624871609701,1.0,1.0,0.9999624871609701,1.0,1.0,0.026058909556013532
rt_window2_first_ce,1000,dev,2,102400,102305,102305,204705,204800,0.999072265625,0.998866140266089,0.9992409477487816,0.999072265625,0.998866140266089,0.9992409477487816,0.9995361328125,0.4266148267975404
rt_window2_first_ce,1000,dev,3,102400,77476,77530,282235,307200,0.7566015625,0.7539635733793044,0.7592202999144777,0.75712890625,0.7544928312612766,0.7597456899681831,0.9187337239583333,1.320240792925615
rt_window2_first_ce,1000,dev,4,102400,47305,57980,340215,409600,0.461962890625,0.4589108051987261,0.46501782981119616,0.5662109375,0.5631730355095137,0.5692438719700053,0.83060302734375,1.615962372555514
rt_window2_first_ce,1000,dev,5,102400,27132,46407,386622,512000,0.2649609375,0.2622668019872407,0.2676727069777939,0.453193359375,0.4501461764912987,0.4562440539586519,0.75512109375,1.7926123491639736
rt_window2_first_ce,1000,dev,6,102400,15212,37476,424098,614400,0.1485546875,0.1463895622383268,0.15074618018454447,0.3659765625,0.3630312648890037,0.3689319153102706,0.690263671875,1.9755756684413064
rt_window2_first_ce,1000,dev,7,102400,8016,29416,453514,716800,0.07828125,0.07665179626032978,0.07994234347483953,0.287265625,0.2845022165185543,0.2900449940221768,0.6326925223214286,2.2168279645516304
rt_window2_first_ce,1000,dev,8,102400,3581,22324,475838,819200,0.034970703125,0.033862857357976436,0.036113438030339354,0.2180078125,0.21548949463825995,0.22054728701681486,0.58085693359375,2.4864742542715974
rt_window2_first_ce,1000,dev,9,102400,1463,17463,493301,921600,0.014287109375,0.01357826393073025,0.015032395758231332,0.170537109375,0.16824588396946577,0.1728530529572989,0.5352658420138889,2.7597711603570496
rt_window2_first_ce,1000,dev,10,102400,499,13154,506455,1024000,0.004873046875,0.004464705980840788,0.005318535004543155,0.12845703125,0.12642158482760177,0.13052035293555705,0.4945849609375,3.0388041964743753
rt_window2_first_ce,1000,dev,11,102400,119,9230,515685,1126400,0.001162109375,0.0009713143707206437,0.0013903300302654756,0.09013671875,0.08839802924820474,0.09190615852238289,0.45781693892045455,3.391541269934969
rt_window2_first_ce,1000,dev,12,102400,20,5170,520855,1228800,0.0001953125,0.00012644410679300263,0.0003016790787842098,0.05048828125,0.04916401717417949,0.05184627024731562,0.42387288411458335,3.7848219103040175
rt_window2_first_ce,1000,ood_dev,1,102400,102400,102400,102400,102400,1.0,0.9999624871609701,1.0,1.0,0.9999624871609701,1.0,1.0,0.02607483740518546
rt_window2_first_ce,1000,ood_dev,2,102400,102326,102326,204726,204800,0.99927734375,0.9990929639511458,0.9994242649275994,0.99927734375,0.9990929639511458,0.9994242649275994,0.999638671875,0.42636945558950173
rt_window2_first_ce,1000,ood_dev,3,102400,77230,77280,282006,307200,0.75419921875,0.7515525776973814,0.7568267883338696,0.7546875,0.7520426084704555,0.7573132834271636,0.91798828125,1.3243887161833845
rt_window2_first_ce,1000,ood_dev,4,102400,46886,57725,339731,409600,0.45787109375,0.4548211773134809,0.4609241709362765,0.563720703125,0.560680895943748,0.5667557296172935,0.82942138671875,1.6171099988781499
rt_window2_first_ce,1000,ood_dev,5,102400,26826,46219,385950,512000,0.26197265625,0.2592884600185501,0.2646747106443115,0.451357421875,0.44831138604437115,0.4544071071480352,0.75380859375,1.793061334717786
rt_window2_first_ce,1000,ood_dev,6,102400,14922,37364,423314,614400,0.14572265625,0.14357491437105396,0.14789697802688212,0.3648828125,0.3619394278886482,0.36783633436996155,0.6889876302083333,1.9767827897216192
rt_window2_first_ce,1000,ood_dev,7,102400,7812,29544,452858,716800,0.0762890625,0.07467899693876374,0.07793091726162359,0.288515625,0.28574858325698477,0.29129853350164864,0.63177734375,2.2144220827659593
rt_window2_first_ce,1000,ood_dev,8,102400,3575,22555,475413,819200,0.034912109375,0.03380517453295371,0.03605393775139789,0.220263671875,0.21773588866477803,0.22281244249291757,0.580338134765625,2.489375977581367
rt_window2_first_ce,1000,ood_dev,9,102400,1490,17339,492752,921600,0.01455078125,0.013835350004825175,0.015302633651975203,0.169326171875,0.1670415096789851,0.17163564309918664,0.5346701388888889,2.762984430685756
rt_window2_first_ce,1000,ood_dev,10,102400,517,13165,505917,1024000,0.005048828125,0.004632901899115789,0.005501888398160683,0.128564453125,0.1265282723718885,0.13062850108187138,0.4940595703125,3.0375438425102037
rt_window2_first_ce,1000,ood_dev,11,102400,138,9321,515238,1126400,0.00134765625,0.001140893289333327,0.0015918309408726832,0.091025390625,0.08927890411128016,0.09280256073609748,0.45742009943181816,3.3870411960885396
rt_window2_first_ce,1000,ood_dev,12,102400,15,5333,520571,1228800,0.000146484375,8.877722592615812e-05,0.00024169337301424077,0.052080078125,0.05073592291956981,0.05345783882628541,0.42364176432291667,3.7827934709680267
rt_window2_first_ce,1000,ood_dev,13,102400,1,2767,523338,1331200,9.765625e-06,1.7238746867777096e-06,5.5319481670543434e-05,0.027021484375,0.026045961315586084,0.02803249296825646,0.3931325120192308,4.025757932352135
rt_window2_first_ce,1000,ood_dev,14,102400,0,1865,525203,1433600,0.0,3.3881317890172014e-21,3.751283902995844e-05,0.018212890625,0.017411756579897356,0.019050171074664026,0.3663525390625,4.104047793636564
rt_window2_first_ce,1000,ood_dev,15,102400,0,1718,526921,1536000,0.0,3.3881317890172014e-21,3.751283902995844e-05,0.01677734375,0.016008619293442074,0.017582322313996996,0.34304752604166666,4.120499515964184
rt_window2_first_ce,1000,ood_dev,16,102400,0,1732,528653,1638400,0.0,3.3881317890172014e-21,3.751283902995844e-05,0.0169140625,0.016142190103274327,0.01772217874674782,0.3226641845703125,4.12409644624684
rt_window2_first_ce,1000,ood_dev,17,102400,0,1750,530403,1740800,0.0,3.3881317890172014e-21,3.751283902995844e-05,0.01708984375,0.01631394357759699,0.017901974584317686,0.30468922334558823,4.129925120796543
rt_window2_first_ce,1000,ood_dev,18,102400,0,1721,532124,1843200,0.0,3.3881317890172014e-21,3.751283902995844e-05,0.016806640625,0.01603724047903842,0.017612292680382738,0.2886957465277778,4.137456494558137
rt_window2_first_ce,1000,ood_dev,19,102400,0,1673,533797,1945600,0.0,3.3881317890172014e-21,3.751283902995844e-05,0.016337890625,0.01557937679287261,0.017132691534835136,0.27436112253289474,4.142072264300659
rt_window2_first_ce,1000,ood_dev,20,102400,0,1735,535532,2048000,0.0,3.3881317890172014e-21,3.751283902995844e-05,0.016943359375,0.016170814160317883,0.017752146241686355,0.261490234375,4.148004493247718
rt_window2_first_ce,1000,ood_dev,21,102400,0,1752,537284,2150400,0.0,3.3881317890172014e-21,3.751283902995844e-05,0.017109375,0.0163330286433993,0.0179219505531701,0.2498530505952381,4.156192546337843
rt_window2_first_ce,1000,ood_dev,22,102400,0,1727,539011,2252800,0.0,3.3881317890172014e-21,3.751283902995844e-05,0.016865234375,0.016094484703258225,0.01767223156012711,0.2392626953125,4.161963171518874
rt_window2_first_ce,1000,ood_dev,23,102400,0,1732,540743,2355200,0.0,3.3881317890172014e-21,3.751283902995844e-05,0.0169140625,0.016142190103274327,0.01772217874674782,0.22959536345108697,4.166463205770124
rt_window2_first_ce,1000,ood_dev,24,102400,0,1693,542436,2457600,0.0,3.3881317890172014e-21,3.751283902995844e-05,0.016533203125,0.015770133669616524,0.01733254500463848,0.2207177734375,4.173001439122017
rt_window2_first_ce,1000,ood_dev,25,102400,0,1712,544148,2560000,0.0,3.3881317890172014e-21,3.751283902995844e-05,0.01671875,0.01595137878323341,0.017522379720241482,0.2125578125,4.1762127191782925
rt_window2_first_ce,1000,ood_dev,26,102400,0,1666,545814,2662400,0.0,3.3881317890172014e-21,3.751283902995844e-05,0.01626953125,0.015512618627879053,0.017062736078537158,0.20500826322115384,4.182725679038558
rt_window2_first_ce,1000,ood_dev,27,102400,0,1776,547590,2764800,0.0,3.3881317890172014e-21,3.751283902995844e-05,0.01734375,0.01656207018012992,0.018161641432296188,0.19805772569444444,4.185474884433206
rt_window2_first_ce,1000,ood_dev,28,102400,0,1558,549148,2867200,0.0,3.3881317890172014e-21,3.751283902995844e-05,0.01521484375,0.014483096886765455,0.01598296194829558,0.19152762276785715,4.1915635458217
rt_window2_first_ce,1000,ood_dev,29,102400,0,1694,550842,2969600,0.0,3.3881317890172014e-21,3.751283902995844e-05,0.01654296875,0.015779672256443042,0.017342536935139326,0.1854936691810345,4.19184520815732
rt_window2_first_ce,1000,ood_dev,30,102400,0,1748,552590,3072000,0.0,3.3881317890172014e-21,3.751283902995844e-05,0.0170703125,0.01629485877987003,0.017881998347389922,0.17987955729166666,4.195227799378335
rt_window2_first_ce,1000,ood_dev,31,102400,0,1658,554248,3174400,0.0,3.3881317890172014e-21,3.751283902995844e-05,0.01619140625,0.01543632790693115,0.016982782660866155,0.1745992943548387,4.196874370891601
rt_window2_first_ce,1000,ood_dev,32,102400,0,1748,555996,3276800,0.0,3.3881317890172014e-21,3.751283902995844e-05,0.0170703125,0.01629485877987003,0.017881998347389922,0.169676513671875,4.198790776850656
rt_window2_first_ce,1000,ood_dev,33,102400,0,1691,557687,3379200,0.0,3.3881317890172014e-21,3.751283902995844e-05,0.016513671875,0.01575105670713481,0.01731256093246547,0.16503521543560606,4.2017434970289465
rt_window2_first_ce,1000,ood_dev,34,102400,0,1747,559434,3481600,0.0,3.3881317890172014e-21,3.751283902995844e-05,0.017060546875,0.016285316481675992,0.017872010128256594,0.16068301930147058,4.20435172267491
rt_window2_first_ce,1000,ood_dev,35,102400,0,1759,561193,3584000,0.0,3.3881317890172014e-21,3.751283902995844e-05,0.017177734375,0.016399828478305734,0.017991864339555207,0.15658286830357143,4.2049468264146705
rt_window2_first_ce,1000,ood_dev,36,102400,0,1655,562848,3686400,0.0,3.3881317890172014e-21,3.751283902995844e-05,0.016162109375,0.015407720082225901,0.016952798933589322,0.15268229166666666,4.206806371526327
rt_window2_first_ce,5000,dev,1,102400,102400,102400,102400,102400,1.0,0.9999624871609701,1.0,1.0,0.9999624871609701,1.0,1.0,0.00035200483041535334
rt_window2_first_ce,5000,dev,2,102400,102400,102400,204800,204800,1.0,0.9999624871609701,1.0,1.0,0.9999624871609701,1.0,1.0,0.0007302648425394409
rt_window2_first_ce,5000,dev,3,102400,102397,102397,307197,307200,0.999970703125,0.9999138592392058,0.9999900363697822,0.999970703125,0.9999138592392058,0.9999900363697822,0.999990234375,0.0009250834040006239
rt_window2_first_ce,5000,dev,4,102400,102396,102398,409595,409600,0.9999609375,0.9998995558365923,0.9999848092550684,0.99998046875,0.9999287823158808,0.9999946438104347,0.99998779296875,0.0011867152786043
rt_window2_first_ce,5000,dev,5,102400,102393,102395,511990,512000,0.999931640625,0.9998588878252541,0.9999668857144244,0.999951171875,0.9998856912053655,0.9999791433689678,0.99998046875,0.0016499901912114367
rt_window2_first_ce,5000,dev,6,102400,102381,102384,614374,614400,0.999814453125,0.999710201380565,0.999881205951185,0.99984375,0.9997461828910157,0.9999038159927167,0.9999576822916667,0.002371419715440375
rt_window2_first_ce,5000,dev,7,102400,102355,102360,716734,716800,0.999560546875,0.9994120800157498,0.9996715338654889,0.999609375,0.9994681629006475,0.9997131035672281,0.9999079241071429,0.003515251007538076
rt_window2_first_ce,5000,dev,8,102400,102291,102302,819036,819200,0.998935546875,0.9987162351185682,0.9991174256537193,0.99904296875,0.9988339404315436,0.9992145560313448,0.9997998046875,0.005512457839019103
rt_window2_first_ce,5000,dev,9,102400,102153,102199,921235,921600,0.997587890625,0.997268201057051,0.9978702483240605,0.998037109375,0.9977466948981926,0.9982901582799777,0.9996039496527778,0.009112696064820973
rt_window2_first_ce,5000,dev,10,102400,101927,102038,1023273,1024000,0.995380859375,0.9949465575527916,0.9957779949123358,0.99646484375,0.9960822257366198,0.9968102141518449,0.9992900390625,0.01390138818584716
rt_window2_first_ce,5000,dev,11,102400,101565,101754,1125027,1126400,0.991845703125,0.9912761292675759,0.9923783759250463,0.99369140625,0.9931875996672119,0.9941581733002818,0.9987810724431818,0.02167768847019241
rt_window2_first_ce,5000,dev,12,102400,100852,101187,1226214,1228800,0.9848828125,0.9841170626778986,0.985612183660314,0.988154296875,0.9874730840304805,0.9887988856123987,0.9978955078125,0.03878558365727706
rt_window2_first_ce,5000,ood_dev,1,102400,102400,102400,102400,102400,1.0,0.9999624871609701,1.0,1.0,0.9999624871609701,1.0,1.0,0.0003523706640594071
rt_window2_first_ce,5000,ood_dev,2,102400,102400,102400,204800,204800,1.0,0.9999624871609701,1.0,1.0,0.9999624871609701,1.0,1.0,0.000728751197319184
rt_window2_first_ce,5000,ood_dev,3,102400,102400,102400,307200,307200,1.0,0.9999624871609701,1.0,1.0,0.9999624871609701,1.0,1.0,0.0008803982454013237
rt_window2_first_ce,5000,ood_dev,4,102400,102397,102397,409597,409600,0.999970703125,0.9999138592392058,0.9999900363697822,0.999970703125,0.9999138592392058,0.9999900363697822,0.99999267578125,0.001180730790895339
rt_window2_first_ce,5000,ood_dev,5,102400,102391,102393,511990,512000,0.999912109375,0.9998329541276058,0.999953758377418,0.999931640625,0.9998588878252541,0.9999668857144244,0.99998046875,0.0017011827754995856
rt_window2_first_ce,5000,ood_dev,6,102400,102385,102389,614379,614400,0.999853515625,0.9997583066269857,0.9999112227740738,0.999892578125,0.9998076372259771,0.9999400142443918,0.9999658203125,0.0023999517328837606
rt_window2_first_ce,5000,ood_dev,7,102400,102359,102366,716745,716800,0.999599609375,0.9994569122761486,0.9997048236743996,0.99966796875,0.9995360760544642,0.9997623735173754,0.9999232700892857,0.0035633904101634605
rt_window2_first_ce,5000,ood_dev,8,102400,102293,102306,819051,819200,0.998955078125,0.998737596314964,0.9991351254919781,0.99908203125,0.9988768836353048,0.999249734896893,0.999818115234375,0.005612243956904113
rt_window2_first_ce,5000,ood_dev,9,102400,102157,102199,921250,921600,0.997626953125,0.9973096941157067,0.9979068773347144,0.998037109375,0.9977466948981926,0.9982901582799777,0.9996202256944444,0.008893205433780568
rt_window2_first_ce,5000,ood_dev,10,102400,101946,102038,1023288,1024000,0.99556640625,0.9951404773447503,0.9959551549495971,0.99646484375,0.9960822257366198,0.9968102141518449,0.9993046875,0.013950727014564884
rt_window2_first_ce,5000,ood_dev,11,102400,101595,101776,1125064,1126400,0.992138671875,0.99157898650906,0.9926614342033832,0.99390625,0.9934107062948317,0.9943647380538639,0.9988139204545454,0.02155479230976681
rt_window2_first_ce,5000,ood_dev,12,102400,100872,101204,1226268,1228800,0.985078125,0.9843171360994054,0.9858027205853546,0.9883203125,0.987643696050074,0.9889602923873703,0.997939453125,0.03872976938934527
rt_window2_first_ce,5000,ood_dev,13,102400,72076,72595,1298863,1331200,0.7038671875,0.7010632626950544,0.7066558170309694,0.708935546875,0.7061455007493301,0.7117099174695948,0.9757083834134616,1.1932024740325806
rt_window2_first_ce,5000,ood_dev,14,102400,6294,6913,1305776,1433600,0.06146484375,0.06001014841687802,0.06295244048057275,0.067509765625,0.06598918155299294,0.06906279757009531,0.9108370535714285,18.70836835897846
rt_window2_first_ce,5000,ood_dev,15,102400,207,1828,1307604,1536000,0.002021484375,0.0017644344968721513,0.002315895428921885,0.0178515625,0.017058455448743865,0.0186808430647051,0.8513046875,13.147829750450729
rt_window2_first_ce,5000,ood_dev,16,102400,7,1770,1309374,1638400,6.8359375e-05,3.3114285575679005e-05,0.00014111217474581833,0.01728515625,0.0165048062250697,0.01810172228339223,0.799178466796875,12.123519164094796
rt_window2_first_ce,5000,ood_dev,17,102400,0,1706,1311080,1740800,0.0,3.3881317890172014e-21,3.751283902995844e-05,0.01666015625,0.015894140765027154,0.017462434634483562,0.7531479779411765,11.956045992899599
rt_window2_first_ce,5000,ood_dev,18,102400,0,1657,1312737,1843200,0.0,3.3881317890172014e-21,3.751283902995844e-05,0.016181640625,0.015426791892705764,0.01697278815776418,0.7122054036458333,11.722248399839664
rt_window2_first_ce,5000,ood_dev,19,102400,0,1735,1314472,1945600,0.0,3.3881317890172014e-21,3.751283902995844e-05,0.016943359375,0.016170814160317883,0.017752146241686355,0.6756126644736842,14.100745483973656
rt_window2_first_ce,5000,ood_dev,20,102400,0,1705,1316177,2048000,0.0,3.3881317890172014e-21,3.751283902995844e-05,0.016650390625,0.01588460133851014,0.017452443543673216,0.64266455078125,21.57692196973087
rt_window2_first_ce,5000,ood_dev,21,102400,0,1697,1317874,2150400,0.0,3.3881317890172014e-21,3.751283902995844e-05,0.016572265625,0.01580828843853085,0.0173725123050336,0.6128506324404762,30.600820159720442
rt_window2_first_ce,5000,ood_dev,22,102400,0,1701,1319575,2252800,0.0,3.3881317890172014e-21,3.751283902995844e-05,0.016611328125,0.015846444329457577,0.017412478483416333,0.5857488458806818,35.53652120669417
rt_window2_first_ce,5000,ood_dev,23,102400,0,1702,1321277,2355200,0.0,3.3881317890172014e-21,3.751283902995844e-05,0.01662109375,0.015855983477047735,0.017422469853153533,0.5610041610054348,36.298312441249735
rt_window2_first_ce,5000,ood_dev,24,102400,0,1661,1322938,2457600,0.0,3.3881317890172014e-21,3.751283902995844e-05,0.016220703125,0.015464936384774395,0.017012765735004997,0.5383048502604166,35.0156341782392
rt_window2_first_ce,5000,ood_dev,25,102400,0,1602,1324540,2560000,0.0,3.3881317890172014e-21,3.751283902995844e-05,0.01564453125,0.01490242479839754,0.016422976799067457,0.5173984375,30.940051669752716
rt_window2_first_ce,5000,ood_dev,26,102400,0,1648,1326188,2662400,0.0,3.3881317890172014e-21,3.751283902995844e-05,0.01609375,0.01534097104105305,0.01688283435347063,0.4981174879807692,23.837041099390543
rt_window2_first_ce,5000,ood_dev,27,102400,0,1722,1327910,2764800,0.0,3.3881317890172014e-21,3.751283902995844e-05,0.01681640625,0.016046781011694225,0.017622282665054292,0.48029152199074077,21.193755190153933
rt_window2_first_ce,5000,ood_dev,28,102400,0,1703,1329613,2867200,0.0,3.3881317890172014e-21,3.751283902995844e-05,0.016630859375,0.01586552269446015,0.017432461153068485,0.46373221261160713,14.44892022470189
rt_window2_first_ce,5000,ood_dev,29,102400,0,1689,1331302,2969600,0.0,3.3881317890172014e-21,3.751283902995844e-05,0.016494140625,0.01573198002662403,0.017292576578321527,0.4483102101293103,14.419621350483975
rt_window2_first_ce,5000,ood_dev,30,102400,0,1688,1332990,3072000,0.0,3.3881317890172014e-21,3.751283902995844e-05,0.016484375,0.015722441792261517,0.017282584295356673,0.433916015625,14.302582015702647
rt_window2_first_ce,5000,ood_dev,31,102400,0,1702,1334692,3174400,0.0,3.3881317890172014e-21,3.751283902995844e-05,0.01662109375,0.015855983477047735,0.017422469853153533,0.42045488911290324,13.818122116043014
rt_window2_first_ce,5000,ood_dev,32,102400,0,1724,1336416,3276800,0.0,3.3881317890172014e-21,3.751283902995844e-05,0.0168359375,0.01606586228283863,0.01764226242856461,0.407841796875,15.79273796566255
rt_window2_first_ce,5000,ood_dev,33,102400,0,1717,1338133,3379200,0.0,3.3881317890172014e-21,3.751283902995844e-05,0.016767578125,0.01599907903589678,0.01757233205421493,0.39599106297348485,21.61208944353913
rt_window2_first_ce,5000,ood_dev,34,102400,0,1759,1339892,3481600,0.0,3.3881317890172014e-21,3.751283902995844e-05,0.017177734375,0.016399828478305734,0.017991864339555207,0.3848494944852941,28.673526068090794
rt_window2_first_ce,5000,ood_dev,35,102400,0,1657,1341549,3584000,0.0,3.3881317890172014e-21,3.751283902995844e-05,0.016181640625,0.015426791892705764,0.01697278815776418,0.37431612723214286,34.42745237593742
rt_window2_first_ce,5000,ood_dev,36,102400,0,1721,1343270,3686400,0.0,3.3881317890172014e-21,3.751283902995844e-05,0.016806640625,0.01603724047903842,0.017612292680382738,0.3643853081597222,37.43574983034594
rt_window2_first_ce,10000,dev,1,102400,102400,102400,102400,102400,1.0,0.9999624871609701,1.0,1.0,0.9999624871609701,1.0,1.0,9.672135811156224e-05
rt_window2_first_ce,10000,dev,2,102400,102400,102400,204800,204800,1.0,0.9999624871609701,1.0,1.0,0.9999624871609701,1.0,1.0,0.0001620923339711089
rt_window2_first_ce,10000,dev,3,102400,102400,102400,307200,307200,1.0,0.9999624871609701,1.0,1.0,0.9999624871609701,1.0,1.0,0.00015848259556796362
rt_window2_first_ce,10000,dev,4,102400,102397,102397,409597,409600,0.999970703125,0.9999138592392058,0.9999900363697822,0.999970703125,0.9999138592392058,0.9999900363697822,0.99999267578125,0.0002510527476349189
rt_window2_first_ce,10000,dev,5,102400,102394,102394,511991,512000,0.99994140625,0.9998721583660714,0.9999731456909345,0.99994140625,0.9998721583660714,0.9999731456909345,0.999982421875,0.0004181686247614413
rt_window2_first_ce,10000,dev,6,102400,102383,102384,614375,614400,0.999833984375,0.9997341277518229,0.9998963406145821,0.99984375,0.9997461828910157,0.9999038159927167,0.9999593098958334,0.0006722052525770828
rt_window2_first_ce,10000,dev,7,102400,102363,102370,716745,716800,0.999638671875,0.9995020271813618,0.9997378308384958,0.99970703125,0.9995818045502446,0.9997947670909048,0.9999232700892857,0.0009970005650198177
rt_window2_first_ce,10000,dev,8,102400,102348,102366,819111,819200,0.9994921875,0.9993341989036343,0.9996127013563129,0.99966796875,0.9995360760544642,0.9997623735173754,0.999891357421875,0.0015192363648107077
rt_window2_first_ce,10000,dev,9,102400,102314,102335,921446,921600,0.99916015625,0.9989630242542219,0.999319838416595,0.999365234375,0.9991911066054158,0.9995018969292757,0.9998328993055555,0.0024781190728837476
rt_window2_first_ce,10000,dev,10,102400,102265,102295,1023741,1024000,0.998681640625,0.998439908654375,0.9988859586674009,0.998974609375,0.998758974602583,0.9991528082390141,0.9997470703125,0.0037486534571276355
rt_window2_first_ce,10000,dev,11,102400,102196,102243,1125984,1126400,0.9980078125,0.9977153923739571,0.998262869252231,0.998466796875,0.9982077310233255,0.9986884649172485,0.9996306818181818,0.005600846553451919
rt_window2_first_ce,10000,dev,12,102400,102052,102127,1228111,1228800,0.9966015625,0.9962260038439347,0.996939863287113,0.997333984375,0.996998955955025,0.997631699975575,0.9994392903645833,0.009823755792346617
rt_window2_first_ce,10000,ood_dev,1,102400,102400,102400,102400,102400,1.0,0.9999624871609701,1.0,1.0,0.9999624871609701,1.0,1.0,9.652610343929168e-05
rt_window2_first_ce,10000,ood_dev,2,102400,102400,102400,204800,204800,1.0,0.9999624871609701,1.0,1.0,0.9999624871609701,1.0,1.0,0.00016423987128337813
rt_window2_first_ce,10000,ood_dev,3,102400,102400,102400,307200,307200,1.0,0.9999624871609701,1.0,1.0,0.9999624871609701,1.0,1.0,0.00015185653398387179
rt_window2_first_ce,10000,ood_dev,4,102400,102399,102399,409599,409600,0.999990234375,0.9999446805183295,0.9999982761253133,0.999990234375,0.9999446805183295,0.9999982761253133,0.99999755859375,0.0002536748570711045
rt_window2_first_ce,10000,ood_dev,5,102400,102394,102394,511993,512000,0.99994140625,0.9998721583660714,0.9999731456909345,0.99994140625,0.9998721583660714,0.9999731456909345,0.999986328125,0.00041614650084080383
rt_window2_first_ce,10000,ood_dev,6,102400,102389,102391,614384,614400,0.999892578125,0.9998076372259771,0.9999400142443918,0.999912109375,0.9998329541276058,0.999953758377418,0.9999739583333334,0.0006104249702199049
rt_window2_first_ce,10000,ood_dev,7,102400,102373,102377,716761,716800,0.999736328125,0.9996163891811771,0.9998187740119542,0.999775390625,0.9996629658993142,0.9998503193631264,0.9999455915178571,0.000997628810652622
rt_window2_first_ce,10000,ood_dev,8,102400,102350,102360,819121,819200,0.99951171875,0.9993563827385776,0.9996295785560243,0.999609375,0.9994681629006475,0.9997131035672281,0.999903564453125,0.0015227410087102421
rt_window2_first_ce,10000,ood_dev,9,102400,102317,102335,921456,921600,0.999189453125,0.9989954218558749,0.999346032366924,0.999365234375,0.9991911066054158,0.9995018969292757,0.99984375,0.0025124181136580125
rt_window2_first_ce,10000,ood_dev,10,102400,102279,102301,1023757,1024000,0.998818359375,0.9985884022615245,0.9990108923028346,0.999033203125,0.9988232169890363,0.9992057489565249,0.9997626953125,0.0036461612814775155
rt_window2_first_ce,10000,ood_dev,11,102400,102203,102244,1126001,1126400,0.998076171875,0.9977884550667856,0.998326520180694,0.9984765625,0.9982182571640615,0.9986974692938401,0.9996457741477273,0.005681232740007001
rt_window2_first_ce,10000,ood_dev,12,102400,102086,102161,1228162,1228800,0.99693359375,0.9965757999194703,0.9972541048007079,0.997666015625,0.9973512073397807,0.9979434861799498,0.9994807942708334,0.009259254132062345
rt_window2_first_ce,10000,ood_dev,13,102400,63078,63180,1291342,1331200,0.61599609375,0.6130129020413726,0.6189705827730414,0.6169921875,0.614010420020802,0.619965177561003,0.97005859375,1.574058046662211
rt_window2_first_ce,10000,ood_dev,14,102400,3326,4062,1295404,1433600,0.03248046875,0.031412112241914696,0.03358390122792359,0.03966796875,0.03848969201419888,0.04088078220857836,0.9036021205357143,9.610554403480121
rt_window2_first_ce,10000,ood_dev,15,102400,99,1726,1297130,1536000,0.000966796875,0.0007942510434751675,0.0011767830109636977,0.01685546875,0.016084943828035953,0.017662241918022018,0.8444856770833333,9.417541028584878
rt_window2_first_ce,10000,ood_dev,16,102400,0,1768,1298898,1638400,0.0,3.3881317890172014e-21,3.751283902995844e-05,0.017265625,0.016485718766717065,0.01808174870709014,0.792784423828125,10.837152031593224
rt_window2_first_ce,10000,ood_dev,17,102400,0,1675,1300573,1740800,0.0,3.3881317890172014e-21,3.751283902995844e-05,0.016357421875,0.015598451199770717,0.01715267816259176,0.747112247242647,15.531431058685113
rt_window2_first_ce,10000,ood_dev,18,102400,0,1731,1302304,1843200,0.0,3.3881317890172014e-21,3.751283902995844e-05,0.016904296875,0.01613264888694426,0.017712189445750523,0.7065451388888889,18.08961679822957
rt_window2_first_ce,10000,ood_dev,19,102400,0,1761,1304065,1945600,0.0,3.3881317890172014e-21,3.751283902995844e-05,0.017197265625,0.016418914744888474,0.01801183910762719,0.670263671875,18.11686044654464
rt_window2_first_ce,10000,ood_dev,20,102400,0,1727,1305792,2048000,0.0,3.3881317890172014e-21,3.751283902995844e-05,0.016865234375,0.016094484703258225,0.01767223156012711,0.63759375,21.632377288938372
rt_window2_first_ce,10000,ood_dev,21,102400,0,1639,1307431,2150400,0.0,3.3881317890172014e-21,3.751283902995844e-05,0.016005859375,0.015255156120360632,0.01679287461821679,0.6079943266369048,27.001643021100293
rt_window2_first_ce,10000,ood_dev,22,102400,0,1655,1309086,2252800,0.0,3.3881317890172014e-21,3.751283902995844e-05,0.016162109375,0.015407720082225901,0.016952798933589322,0.5810928622159091,28.396095941842656
rt_window2_first_ce,10000,ood_dev,23,102400,0,1679,1310765,2355200,0.0,3.3881317890172014e-21,3.751283902995844e-05,0.016396484375,0.01563660087091516,0.017192650560756764,0.5565408457880435,28.194497961864954
rt_window2_first_ce,10000,ood_dev,24,102400,0,1723,1312488,2457600,0.0,3.3881317890172014e-21,3.751283902995844e-05,0.016826171875,0.016056321612980526,0.017632272581095357,0.534052734375,24.941501384127815
rt_window2_first_ce,10000,ood_dev,25,102400,0,1726,1314214,2560000,0.0,3.3881317890172014e-21,3.751283902995844e-05,0.01685546875,0.016084943828035953,0.017662241918022018,0.51336484375,15.893203634386989
rt_window2_first_ce,10000,ood_dev,26,102400,0,1681,1315895,2662400,0.0,3.3881317890172014e-21,3.751283902995844e-05,0.016416015625,0.015655676134157807,0.01721263633216884,0.49425142728365384,12.142553641870846
rt_window2_first_ce,10000,ood_dev,27,102400,0,1657,1317552,2764800,0.0,3.3881317890172014e-21,3.751283902995844e-05,0.016181640625,0.015426791892705764,0.01697278815776418,0.4765451388888889,12.84258878382385
rt_window2_first_ce,10000,ood_dev,28,102400,0,1719,1319271,2867200,0.0,3.3881317890172014e-21,3.751283902995844e-05,0.016787109375,0.016018159619853447,0.01759231250491299,0.46012520926339284,12.720094204774032
rt_window2_first_ce,10000,ood_dev,29,102400,0,1705,1320976,2969600,0.0,3.3881317890172014e-21,3.751283902995844e-05,0.016650390625,0.01588460133851014,0.017452443543673216,0.44483297413793105,14.18124043859516
rt_window2_first_ce,10000,ood_dev,30,102400,0,1704,1322680,3072000,0.0,3.3881317890172014e-21,3.751283902995844e-05,0.016640625,0.01587506198163439,0.0174424523832216,0.4305598958333333,17.4839797262285
rt_window2_first_ce,10000,ood_dev,31,102400,0,1692,1324372,3174400,0.0,3.3881317890172014e-21,3.751283902995844e-05,0.0165234375,0.015760595153160015,0.01732255300376763,0.41720388104838707,19.536749787783137
rt_window2_first_ce,10000,ood_dev,32,102400,0,1756,1326128,3276800,0.0,3.3881317890172014e-21,3.751283902995844e-05,0.0171484375,0.016371199577428573,0.01796190168845028,0.4047021484375,22.9074861723426
rt_window2_first_ce,10000,ood_dev,33,102400,0,1686,1327814,3379200,0.0,3.3881317890172014e-21,3.751283902995844e-05,0.01646484375,0.015703365535630627,0.017262599517332833,0.3929373816287879,30.512752998327933
rt_window2_first_ce,10000,ood_dev,34,102400,0,1729,1329543,3481600,0.0,3.3881317890172014e-21,3.751283902995844e-05,0.016884765625,0.01611356665865825,0.01769221063938181,0.38187701056985296,35.464769961838385
rt_window2_first_ce,10000,ood_dev,35,102400,0,1742,1331285,3584000,0.0,3.3881317890172014e-21,3.751283902995844e-05,0.01701171875,0.016237605999667323,0.017822068023628457,0.3714522879464286,37.481746500213596
rt_window2_first_ce,10000,ood_dev,36,102400,0,1751,1333036,3686400,0.0,3.3881317890172014e-21,3.751283902995844e-05,0.017099609375,0.016323486077016922,0.017911962602225117,0.3616091579861111,32.59358888006455
rt_window2_first_ce,20000,dev,1,102400,102400,102400,102400,102400,1.0,0.9999624871609701,1.0,1.0,0.9999624871609701,1.0,1.0,3.6699010135352595e-05
rt_window2_first_ce,20000,dev,2,102400,102400,102400,204800,204800,1.0,0.9999624871609701,1.0,1.0,0.9999624871609701,1.0,1.0,2.825769590244498e-05
rt_window2_first_ce,20000,dev,3,102400,102398,102398,307198,307200,0.99998046875,0.9999287823158808,0.9999946438104347,0.99998046875,0.9999287823158808,0.9999946438104347,0.9999934895833333,9.799354112671216e-05
rt_window2_first_ce,20000,dev,4,102400,102396,102397,409595,409600,0.9999609375,0.9998995558365923,0.9999848092550684,0.999970703125,0.9999138592392058,0.9999900363697822,0.99998779296875,0.00027329860740001017
rt_window2_first_ce,20000,dev,5,102400,102369,102370,511965,512000,0.999697265625,0.9995703338469782,0.9997867072768437,0.99970703125,0.9995818045502446,0.9997947670909048,0.999931640625,0.001084856867659726
rt_window2_first_ce,20000,dev,6,102400,102320,102326,614291,614400,0.99921875,0.999027875525462,0.999372170249319,0.99927734375,0.9990929639511458,0.9994242649275994,0.9998225911458334,0.002802018573515973
rt_window2_first_ce,20000,dev,7,102400,102264,102281,716572,716800,0.998671875,0.9984293258087811,0.9988770109956677,0.998837890625,0.9986096699697344,0.9990286856292794,0.9996819196428571,0.004924331136128799
rt_window2_first_ce,20000,dev,8,102400,102200,102231,818803,819200,0.998046875,0.997757132400793,0.9982992512947044,0.998349609375,0.9980815995129239,0.9985802302197219,0.999515380859375,0.007219542913434974
rt_window2_first_ce,20000,dev,9,102400,102149,102201,921004,921600,0.997548828125,0.997226727678939,0.9978335996328629,0.998056640625,0.9977675715879802,0.9983083426248446,0.9993532986111111,0.009552281699651631
rt_window2_first_ce,20000,dev,10,102400,102087,102157,1023161,1024000,0.996943359375,0.9965861023526886,0.9972633328848169,0.997626953125,0.9973096941157067,0.9979068773347144,0.9991806640625,0.012183855519986376
rt_window2_first_ce,20000,dev,11,102400,102028,102116,1125277,1126400,0.9963671875,0.9959796110579461,0.9967175236572451,0.9972265625,0.9968852665415947,0.9975305536984044,0.9990030184659091,0.015407599102714943
rt_window2_first_ce,20000,dev,12,102400,101942,102042,1227319,1228800,0.99552734375,0.9950996375988101,0.9959178726262277,0.99650390625,0.9961232909297247,0.9968472710280495,0.9987947591145834,0.019573861195264386
rt_window2_first_ce,20000,ood_dev,1,102400,102400,102400,102400,102400,1.0,0.9999624871609701,1.0,1.0,0.9999624871609701,1.0,1.0,3.6679867173745604e-05
rt_window2_first_ce,20000,ood_dev,2,102400,102400,102400,204800,204800,1.0,0.9999624871609701,1.0,1.0,0.9999624871609701,1.0,1.0,2.8145758433735234e-05
rt_window2_first_ce,20000,ood_dev,3,102400,102400,102400,307200,307200,1.0,0.9999624871609701,1.0,1.0,0.9999624871609701,1.0,1.0,7.594282423418309e-05
rt_window2_first_ce,20000,ood_dev,4,102400,102396,102396,409596,409600,0.9999609375,0.9998995558365923,0.9999848092550684,0.9999609375,0.9998995558365923,0.9999848092550684,0.999990234375,0.00027616121489049844
rt_window2_first_ce,20000,ood_dev,5,102400,102377,102380,511976,512000,0.999775390625,0.9996629658993142,0.9998503193631264,0.9998046875,0.9996983209212157,0.9998735558932069,0.999953125,0.0008538310113540545
rt_window2_first_ce,20000,ood_dev,6,102400,102335,102343,614319,614400,0.999365234375,0.9991911066054158,0.9995018969292757,0.999443359375,0.9992789510277558,0.9995702966455544,0.9998681640625,0.0020423507779029466
rt_window2_first_ce,20000,ood_dev,7,102400,102284,102303,716622,716800,0.9988671875,0.9986415990119286,0.9990553481390674,0.999052734375,0.9988446687417952,0.9992233582384206,0.9997516741071428,0.003860939414064388
rt_window2_first_ce,20000,ood_dev,8,102400,102229,102267,818889,819200,0.998330078125,0.9980606088358721,0.9985621598621188,0.998701171875,0.998461083452209,0.9989038449042218,0.999620361328125,0.005558095576121044
rt_window2_first_ce,20000,ood_dev,9,102400,102158,102212,921101,921600,0.99763671875,0.99732007051184,0.9979160314559082,0.9981640625,0.9978825175586316,0.9984082323447944,0.9994585503472222,0.007907746897646561
rt_window2_first_ce,20000,ood_dev,10,102400,102078,102148,1023249,1024000,0.99685546875,0.9964934110762104,0.9971802495053489,0.9975390625,0.9972163623545145,0.9978244344399603,0.9992666015625,0.010900657916460537
rt_window2_first_ce,20000,ood_dev,11,102400,102027,102123,1125372,1126400,0.996357421875,0.9959693533088573,0.9967082508890065,0.997294921875,0.9969575999116753,0.9975949339496153,0.9990873579545455,0.014751243043933106
rt_window2_first_ce,20000,ood_dev,12,102400,101952,102062,1227434,1228800,0.995625,0.9952017518883459,0.9960110635099656,0.99669921875,0.9963287905564789,0.9970323817478425,0.9988883463541667,0.0193007165201049
rt_window2_first_ce,20000,ood_dev,13,102400,51959,52053,1279487,1331200,0.507412109375,0.504349781537891,0.5104738811135774,0.508330078125,0.5052678043680472,0.511391726912193,0.961153094951923,2.4462662796416828
rt_window2_first_ce,20000,ood_dev,14,102400,4004,5749,1285236,1433600,0.0391015625,0.037931521083725994,0.0403061831340642,0.056142578125,0.05474922682055706,0.05756923013348105,0.8965094866071428,10.847130383743647
rt_window2_first_ce,20000,ood_dev,15,102400,129,1876,1287112,1536000,0.001259765625,0.001060420012762473,0.0014965295614972733,0.0183203125,0.017516808273427414,0.019159955071734965,0.8379635416666666,23.190685232114433
rt_window2_first_ce,20000,ood_dev,16,102400,2,1638,1288750,1638400,1.953125e-05,5.356189565375578e-06,7.121768411930826e-05,0.01599609375,0.015245621497363832,0.016782878723886223,0.786590576171875,23.014457028049968
rt_window2_first_ce,20000,ood_dev,17,102400,0,1718,1290468,1740800,0.0,3.3881317890172014e-21,3.751283902995844e-05,0.01677734375,0.016008619293442074,0.017582322313996996,0.7413074448529412,18.579285355147952
rt_window2_first_ce,20000,ood_dev,18,102400,0,1632,1292100,1843200,0.0,3.3881317890172014e-21,3.751283902995844e-05,0.0159375,0.015188415313222157,0.01672290180406372,0.7010091145833334,16.89608295355045
rt_window2_first_ce,20000,ood_dev,19,102400,0,1742,1293842,1945600,0.0,3.3881317890172014e-21,3.751283902995844e-05,0.01701171875,0.016237605999667323,0.017822068023628457,0.6650092516447368,20.925235614888052
rt_window2_first_ce,20000,ood_dev,20,102400,0,1712,1295554,2048000,0.0,3.3881317890172014e-21,3.751283902995844e-05,0.01671875,0.01595137878323341,0.017522379720241482,0.6325947265625,28.7942255735723
rt_window2_first_ce,20000,ood_dev,21,102400,0,1781,1297335,2150400,0.0,3.3881317890172014e-21,3.751283902995844e-05,0.017392578125,0.0166097919465986,0.01821157225246432,0.6032993861607143,34.58472155464239
rt_window2_first_ce,20000,ood_dev,22,102400,0,1687,1299022,2252800,0.0,3.3881317890172014e-21,3.751283902995844e-05,0.016474609375,0.015712903628576462,0.017272591941714363,0.5766255326704546,34.97995807896426
rt_window2_first_ce,20000,ood_dev,23,102400,0,1661,1300683,2355200,0.0,3.3881317890172014e-21,3.751283902995844e-05,0.016220703125,0.015464936384774395,0.017012765735004997,0.552260105298913,27.23985170164995
rt_window2_first_ce,20000,ood_dev,24,102400,0,1685,1302368,2457600,0.0,3.3881317890172014e-21,3.751283902995844e-05,0.016455078125,0.015693827513485862,0.01725260702215024,0.5299348958333333,17.685974690119224
rt_window2_first_ce,20000,ood_dev,25,102400,0,1691,1304059,2560000,0.0,3.3881317890172014e-21,3.751283902995844e-05,0.016513671875,0.01575105670713481,0.01731256093246547,0.509398046875,20.097181781201428
rt_window2_first_ce,20000,ood_dev,26,102400,0,1694,1305753,2662400,0.0,3.3881317890172014e-21,3.751283902995844e-05,0.01654296875,0.015779672256443042,0.017342536935139326,0.49044208233173076,28.029581167742652
rt_window2_first_ce,20000,ood_dev,27,102400,0,1742,1307495,2764800,0.0,3.3881317890172014e-21,3.751283902995844e-05,0.01701171875,0.016237605999667323,0.017822068023628457,0.4729076244212963,27.205709735644497
rt_window2_first_ce,20000,ood_dev,28,102400,0,1692,1309187,2867200,0.0,3.3881317890172014e-21,3.751283902995844e-05,0.0165234375,0.015760595153160015,0.01732255300376763,0.4566081891741071,22.19698978923993
rt_window2_first_ce,20000,ood_dev,29,102400,0,1789,1310976,2969600,0.0,3.3881317890172014e-21,3.751283902995844e-05,0.017470703125,0.016686150166160145,0.018291458171521675,0.44146551724137933,20.52120952460069
rt_window2_first_ce,20000,ood_dev,30,102400,0,1688,1312664,3072000,0.0,3.3881317890172014e-21,3.751283902995844e-05,0.016484375,0.015722441792261517,0.017282584295356673,0.42729947916666666,25.693870529396882
rt_window2_first_ce,20000,ood_dev,31,102400,0,1719,1314383,3174400,0.0,3.3881317890172014e-21,3.751283902995844e-05,0.016787109375,0.016018159619853447,0.01759231250491299,0.41405714465725807,34.92022786314684
rt_window2_first_ce,20000,ood_dev,32,102400,0,1737,1316120,3276800,0.0,3.3881317890172014e-21,3.751283902995844e-05,0.016962890625,0.016189897204480646,0.017772124232178315,0.40164794921875,40.96152474739809
rt_window2_first_ce,20000,ood_dev,33,102400,0,1733,1317853,3379200,0.0,3.3881317890172014e-21,3.751283902995844e-05,0.016923828125,0.016151731387651833,0.017732167979697674,0.3899896425189394,40.16698676783778
rt_window2_first_ce,20000,ood_dev,34,102400,0,1731,1319584,3481600,0.0,3.3881317890172014e-21,3.751283902995844e-05,0.016904296875,0.01613264888694426,0.017712189445750523,0.37901654411764707,29.21636675023771
rt_window2_first_ce,20000,ood_dev,35,102400,0,1703,1321287,3584000,0.0,3.3881317890172014e-21,3.751283902995844e-05,0.016630859375,0.01586552269446015,0.017432461153068485,0.3686626674107143,18.583830496955592
rt_window2_first_ce,20000,ood_dev,36,102400,0,1718,1323005,3686400,0.0,3.3881317890172014e-21,3.751283902995844e-05,0.01677734375,0.016008619293442074,0.017582322313996996,0.35888807508680554,23.42970070296139
rt_window2_first_ce,25000,dev,1,102400,102400,102400,102400,102400,1.0,0.9999624871609701,1.0,1.0,0.9999624871609701,1.0,1.0,5.290723482891835e-05
rt_window2_first_ce,25000,dev,2,102400,102400,102400,204800,204800,1.0,0.9999624871609701,1.0,1.0,0.9999624871609701,1.0,1.0,4.102566085725012e-05
rt_window2_first_ce,25000,dev,3,102400,102400,102400,307200,307200,1.0,0.9999624871609701,1.0,1.0,0.9999624871609701,1.0,1.0,6.858508299591837e-05
rt_window2_first_ce,25000,dev,4,102400,102397,102397,409597,409600,0.999970703125,0.9999138592392058,0.9999900363697822,0.999970703125,0.9999138592392058,0.9999900363697822,0.99999267578125,0.00015782549428115854
rt_window2_first_ce,25000,dev,5,102400,102387,102387,511984,512000,0.999873046875,0.9997827872309603,0.9999258032047541,0.999873046875,0.9997827872309603,0.9999258032047541,0.99996875,0.00036557629193366024
rt_window2_first_ce,25000,dev,6,102400,102383,102387,614371,614400,0.999833984375,0.9997341277518229,0.9998963406145821,0.999873046875,0.9997827872309603,0.9999258032047541,0.9999527994791667,0.0005942478277697388
rt_window2_first_ce,25000,dev,7,102400,102377,102381,716752,716800,0.999775390625,0.9996629658993142,0.9998503193631264,0.999814453125,0.999710201380565,0.999881205951185,0.9999330357142857,0.0008000990663382965
rt_window2_first_ce,25000,dev,8,102400,102370,102377,819129,819200,0.99970703125,0.9995818045502446,0.9997947670909048,0.999775390625,0.9996629658993142,0.9998503193631264,0.999913330078125,0.001218673062502222
rt_window2_first_ce,25000,dev,9,102400,102362,102372,921501,921600,0.99962890625,0.9994907196411001,0.9997296078614301,0.9997265625,0.99960483075273,0.9998108019230739,0.999892578125,0.0019587184967408623
rt_window2_first_ce,25000,dev,10,102400,102347,102359,1023860,1024000,0.999482421875,0.9993231258054708,0.9996042439371492,0.999599609375,0.9994569122761486,0.9997048236743996,0.99986328125,0.0026584409231374994
rt_window2_first_ce,25000,dev,11,102400,102331,102344,1126204,1126400,0.999326171875,0.9991474062701934,0.9994674751951885,0.999453125,0.9992899777075444,0.9995788004830934,0.9998259943181819,0.003425883557708951
rt_window2_first_ce,25000,dev,12,102400,102264,102283,1228487,1228800,0.998671875,0.9984293258087811,0.9988770109956677,0.998857421875,0.9986309522721535,0.9990464643615151,0.9997452799479166,0.0058462908081598815
rt_window2_first_ce,25000,ood_dev,1,102400,102400,102400,102400,102400,1.0,0.9999624871609701,1.0,1.0,0.9999624871609701,1.0,1.0,5.2520223050294135e-05
rt_window2_first_ce,25000,ood_dev,2,102400,102400,102400,204800,204800,1.0,0.9999624871609701,1.0,1.0,0.9999624871609701,1.0,1.0,4.036509966750646e-05
rt_window2_first_ce,25000,ood_dev,3,102400,102400,102400,307200,307200,1.0,0.9999624871609701,1.0,1.0,0.9999624871609701,1.0,1.0,6.431456141831105e-05
rt_window2_first_ce,25000,ood_dev,4,102400,102396,102396,409596,409600,0.9999609375,0.9998995558365923,0.9999848092550684,0.9999609375,0.9998995558365923,0.9999848092550684,0.999990234375,0.00019337267017098037
rt_window2_first_ce,25000,ood_dev,5,102400,102393,102394,511990,512000,0.999931640625,0.9998588878252541,0.9999668857144244,0.99994140625,0.9998721583660714,0.9999731456909345,0.99998046875,0.0003182607507787794
rt_window2_first_ce,25000,ood_dev,6,102400,102385,102388,614378,614400,0.999853515625,0.9997583066269857,0.9999112227740738,0.9998828125,0.9997951608462756,0.9999329601067661,0.9999641927083334,0.0005117171132090531
rt_window2_first_ce,25000,ood_dev,7,102400,102380,102385,716763,716800,0.9998046875,0.9996983209212157,0.9998735558932069,0.999853515625,0.9997583066269857,0.9999112227740738,0.9999483816964285,0.0007226113268607468
rt_window2_first_ce,25000,ood_dev,8,102400,102372,102377,819140,819200,0.9997265625,0.99960483075273,0.9998108019230739,0.999775390625,0.9996629658993142,0.9998503193631264,0.9999267578125,0.0012402522883331242
rt_window2_first_ce,25000,ood_dev,9,102400,102363,102367,921507,921600,0.999638671875,0.9995020271813618,0.9997378308384958,0.999677734375,0.9995474707523628,0.9997705093368041,0.9998990885416666,0.0018760536850193966
rt_window2_first_ce,25000,ood_dev,10,102400,102354,102362,1023869,1024000,0.99955078125,0.9994009117003653,0.999663171663546,0.99962890625,0.9994907196411001,0.9997296078614301,0.9998720703125,0.00265826439699703
rt_window2_first_ce,25000,ood_dev,11,102400,102330,102340,1126209,1126400,0.99931640625,0.9991365021061623,0.9994588488418922,0.9994140625,0.999245935024263,0.9995447210970653,0.9998304332386364,0.0034689961534974012
rt_window2_first_ce,25000,ood_dev,12,102400,102261,102286,1228495,1228800,0.998642578125,0.998397595090806,0.9988501501616607,0.99888671875,0.9986629039087956,0.9990731042768551,0.9997517903645833,0.005553891745482122
rt_window2_first_ce,25000,ood_dev,13,102400,82388,82427,1310922,1331200,0.8045703125,0.8021301974357791,0.8069875769700088,0.804951171875,0.8025128359173924,0.8073666286641624,0.9847671274038462,0.7144681213080921
rt_window2_first_ce,25000,ood_dev,14,102400,13643,15017,1325939,1433600,0.133232421875,0.13116477943281343,0.1353275813034258,0.146650390625,0.1444969237235145,0.14883036782052103,0.9249016462053572,7.699346079957761
rt_window2_first_ce,25000,ood_dev,15,102400,548,2405,1328344,1536000,0.0053515625,0.004922879666060611,0.005817356668364105,0.023486328125,0.022576482638082082,0.024431924373255164,0.8648072916666667,27.033383859692112
rt_window2_first_ce,25000,ood_dev,16,102400,16,1733,1330077,1638400,0.00015625,9.618400728340004e-05,0.00025381710898436156,0.016923828125,0.016151731387651833,0.017732167979697674,0.8118145751953125,31.221073125575916
rt_window2_first_ce,25000,ood_dev,17,102400,1,1625,1331702,1740800,9.765625e-06,1.7238746867777096e-06,5.5319481670543434e-05,0.015869140625,0.0151216781459294,0.01665292535006494,0.7649942555147059,28.78607486038762
rt_window2_first_ce,25000,ood_dev,18,102400,0,1687,1333389,1843200,0.0,3.3881317890172014e-21,3.751283902995844e-05,0.016474609375,0.015712903628576462,0.017272591941714363,0.7234098307291666,27.08983995720385
rt_window2_first_ce,25000,ood_dev,19,102400,0,1705,1335094,1945600,0.0,3.3881317890172014e-21,3.751283902995844e-05,0.016650390625,0.01588460133851014,0.017452443543673216,0.6862119654605263,26.9837607262977
rt_window2_first_ce,25000,ood_dev,20,102400,0,1713,1336807,2048000,0.0,3.3881317890172014e-21,3.751283902995844e-05,0.016728515625,0.015960918695559916,0.017532370325242335,0.65273779296875,27.734617415229355
rt_window2_first_ce,25000,ood_dev,21,102400,0,1756,1338563,2150400,0.0,3.3881317890172014e-21,3.751283902995844e-05,0.0171484375,0.016371199577428573,0.01796190168845028,0.6224716331845238,28.42482261187877
rt_window2_first_ce,25000,ood_dev,22,102400,0,1718,1340281,2252800,0.0,3.3881317890172014e-21,3.751283902995844e-05,0.01677734375,0.016008619293442074,0.017582322313996996,0.5949400745738637,28.50979403138729
rt_window2_first_ce,25000,ood_dev,23,102400,0,1698,1341979,2355200,0.0,3.3881317890172014e-21,3.751283902995844e-05,0.01658203125,0.01581782730622608,0.017382503954665736,0.5697940726902174,23.584526970962138
rt_window2_first_ce,25000,ood_dev,24,102400,0,1704,1343683,2457600,0.0,3.3881317890172014e-21,3.751283902995844e-05,0.016640625,0.01587506198163439,0.0174424523832216,0.5467460123697917,21.53760825593556
rt_window2_first_ce,25000,ood_dev,25,102400,0,1651,1345334,2560000,0.0,3.3881317890172014e-21,3.751283902995844e-05,0.016123046875,0.015369577334964322,0.016912819611541452,0.52552109375,30.28470642424272
rt_window2_first_ce,25000,ood_dev,26,102400,0,1657,1346991,2662400,0.0,3.3881317890172014e-21,3.751283902995844e-05,0.016181640625,0.015426791892705764,0.01697278815776418,0.5059311147836538,36.56968958007975
rt_window2_first_ce,25000,ood_dev,27,102400,0,1749,1348740,2764800,0.0,3.3881317890172014e-21,3.751283902995844e-05,0.017080078125,0.01630440114519587,0.01789198649939144,0.48782552083333336,35.89087047760752
rt_window2_first_ce,25000,ood_dev,28,102400,0,1704,1350444,2867200,0.0,3.3881317890172014e-21,3.751283902995844e-05,0.016640625,0.01587506198163439,0.0174424523832216,0.4709974888392857,33.60574279011544
rt_window2_first_ce,25000,ood_dev,29,102400,0,1707,1352151,2969600,0.0,3.3881317890172014e-21,3.751283902995844e-05,0.016669921875,0.01590368026112528,0.0174724256557128,0.45533102101293105,32.569524598013565
rt_window2_first_ce,25000,ood_dev,30,102400,0,1734,1353885,3072000,0.0,3.3881317890172014e-21,3.751283902995844e-05,0.01693359375,0.01616127274001894,0.017742157144657933,0.4407177734375,33.03222747069783
rt_window2_first_ce,25000,ood_dev,31,102400,0,1703,1355588,3174400,0.0,3.3881317890172014e-21,3.751283902995844e-05,0.016630859375,0.01586552269446015,0.017432461153068485,0.42703755040322583,34.01504168026495
rt_window2_first_ce,25000,ood_dev,32,102400,0,1729,1357317,3276800,0.0,3.3881317890172014e-21,3.751283902995844e-05,0.016884765625,0.01611356665865825,0.01769221063938181,0.41422027587890625,34.42713095589622
rt_window2_first_ce,25000,ood_dev,33,102400,0,1696,1359013,3379200,0.0,3.3881317890172014e-21,3.751283902995844e-05,0.0165625,0.01579874964096129,0.017362520585275803,0.4021700402462121,29.9873940020669
rt_window2_first_ce,25000,ood_dev,34,102400,0,1702,1360715,3481600,0.0,3.3881317890172014e-21,3.751283902995844e-05,0.01662109375,0.015855983477047735,0.017422469853153533,0.3908303653492647,22.24033479304443
rt_window2_first_ce,25000,ood_dev,35,102400,0,1714,1362429,3584000,0.0,3.3881317890172014e-21,3.751283902995844e-05,0.01673828125,0.015970458677048924,0.0175423608610807,0.3801420200892857,26.87699922161283
rt_window2_first_ce,25000,ood_dev,36,102400,0,1685,1364114,3686400,0.0,3.3881317890172014e-21,3.751283902995844e-05,0.016455078125,0.015693827513485862,0.01725260702215024,0.3700396050347222,35.88043039025589
rt_window2_first_ce,30000,dev,1,102400,102400,102400,102400,102400,1.0,0.9999624871609701,1.0,1.0,0.9999624871609701,1.0,1.0,4.7931275836416986e-05
rt_window2_first_ce,30000,dev,2,102400,102400,102400,204800,204800,1.0,0.9999624871609701,1.0,1.0,0.9999624871609701,1.0,1.0,3.4035680052684205e-05
rt_window2_first_ce,30000,dev,3,102400,102400,102400,307200,307200,1.0,0.9999624871609701,1.0,1.0,0.9999624871609701,1.0,1.0,3.6610729570185905e-05
rt_window2_first_ce,30000,dev,4,102400,102398,102398,409598,409600,0.99998046875,0.9999287823158808,0.9999946438104347,0.99998046875,0.9999287823158808,0.9999946438104347,0.9999951171875,0.00012517255634961948
rt_window2_first_ce,30000,dev,5,102400,102392,102392,511990,512000,0.999921875,0.9998458314166382,0.9999604116057129,0.999921875,0.9998458314166382,0.9999604116057129,0.99998046875,0.00034884808912815203
rt_window2_first_ce,30000,dev,6,102400,102380,102384,614374,614400,0.9998046875,0.9996983209212157,0.9998735558932069,0.99984375,0.9997461828910157,0.9999038159927167,0.9999576822916667,0.000639713216566623
rt_window2_first_ce,30000,dev,7,102400,102367,102374,716748,716800,0.999677734375,0.9995474707523628,0.9997705093368041,0.99974609375,0.9996279799998077,0.999826713710651,0.9999274553571429,0.0012391388567891536
rt_window2_first_ce,30000,dev,8,102400,102345,102355,819103,819200,0.999462890625,0.9993010155282553,0.9995872931797098,0.999560546875,0.9994120800157498,0.9996715338654889,0.999881591796875,0.001989640143537127
rt_window2_first_ce,30000,dev,9,102400,102335,102349,921452,921600,0.999365234375,0.9991911066054158,0.9995018969292757,0.999501953125,0.9993452844279009,0.9996211463493736,0.9998394097222222,0.0027476171101496294
rt_window2_first_ce,30000,dev,10,102400,102321,102338,1023790,1024000,0.999228515625,0.9990387064099038,0.9993808698822046,0.99939453125,0.9992239751088952,0.9995276199777785,0.999794921875,0.0037922753479894956
rt_window2_first_ce,30000,dev,11,102400,102297,102318,1126108,1126400,0.998994140625,0.9987803704671523,0.9991704734090994,0.99919921875,0.9990062333665538,0.9993547513735724,0.9997407670454546,0.005421796520035556
rt_window2_first_ce,30000,dev,12,102400,102265,102292,1228400,1228800,0.998681640625,0.998439908654375,0.9988859586674009,0.9989453125,0.9987269136098458,0.9991262776797689,0.9996744791666666,0.0068808921313034
rt_window2_first_ce,30000,ood_dev,1,102400,102400,102400,102400,102400,1.0,0.9999624871609701,1.0,1.0,0.9999624871609701,1.0,1.0,4.798227712041303e-05
rt_window2_first_ce,30000,ood_dev,2,102400,102400,102400,204800,204800,1.0,0.9999624871609701,1.0,1.0,0.9999624871609701,1.0,1.0,3.433430871054521e-05
rt_window2_first_ce,30000,ood_dev,3,102400,102400,102400,307200,307200,1.0,0.9999624871609701,1.0,1.0,0.9999624871609701,1.0,1.0,3.8829135677782564e-05
rt_window2_first_ce,30000,ood_dev,4,102400,102397,102397,409597,409600,0.999970703125,0.9999138592392058,0.9999900363697822,0.999970703125,0.9999138592392058,0.9999900363697822,0.99999267578125,0.00012360401324440273
rt_window2_first_ce,30000,ood_dev,5,102400,102389,102389,511986,512000,0.999892578125,0.9998076372259771,0.9999400142443918,0.999892578125,0.9998076372259771,0.9999400142443918,0.99997265625,0.0003669924054794699
rt_window2_first_ce,30000,ood_dev,6,102400,102372,102377,614363,614400,0.9997265625,0.99960483075273,0.9998108019230739,0.999775390625,0.9996629658993142,0.9998503193631264,0.9999397786458334,0.0007795459507781821
rt_window2_first_ce,30000,ood_dev,7,102400,102355,102361,716724,716800,0.999560546875,0.9994120800157498,0.9996715338654889,0.999619140625,0.9994794317923406,0.9997213651928625,0.9998939732142857,0.0016896663872853612
rt_window2_first_ce,30000,ood_dev,8,102400,102341,102349,819073,819200,0.999423828125,0.9992569299552471,0.9995532566834086,0.999501953125,0.9993452844279009,0.9996211463493736,0.999844970703125,0.0024459469790830825
rt_window2_first_ce,30000,ood_dev,9,102400,102325,102339,921412,921600,0.999267578125,0.9990820982472838,0.999415600114134,0.999404296875,0.9992349501563167,0.9995361754476841,0.9997960069444445,0.0033315898436697845
rt_window2_first_ce,30000,ood_dev,10,102400,102310,102328,1023740,1024000,0.99912109375,0.998919909733904,0.9992848308676036,0.999296875,0.9991147176527119,0.9994415722606881,0.99974609375,0.004513199380141857
rt_window2_first_ce,30000,ood_dev,11,102400,102293,102313,1126053,1126400,0.998955078125,0.998737596314964,0.9991351254919781,0.999150390625,0.9989522370091191,0.9993110951443704,0.9996919389204545,0.005752024362644168
rt_window2_first_ce,30000,ood_dev,12,102400,102260,102284,1228337,1228800,0.9986328125,0.9983870240182692,0.99884119071687,0.9988671875,0.9986415990119286,0.9990553481390674,0.9996232096354166,0.007688777427546622
rt_window2_first_ce,30000,ood_dev,13,102400,68837,68862,1297199,1331200,0.672236328125,0.6693549027208934,0.6751048313818024,0.67248046875,0.6695995832795381,0.6753484137563419,0.9744583834134616,1.3692458961627156
rt_window2_first_ce,30000,ood_dev,14,102400,7498,9700,1306899,1433600,0.07322265625,0.07164307232683974,0.07483425943275572,0.0947265625,0.09294814170820656,0.09653538920624155,0.9116203962053572,11.957456498306676
rt_window2_first_ce,30000,ood_dev,15,102400,368,3165,1310064,1536000,0.00359375,0.0032453919764925026,0.003979351239006929,0.030908203125,0.029865645644665456,0.03198595453546743,0.85290625,22.283773339472727
rt_window2_first_ce,30000,ood_dev,16,102400,13,2009,1312073,1638400,0.000126953125,7.419679524590482e-05,0.0002172127690397687,0.019619140625,0.018787540389811036,0.020486781759890577,0.8008258056640625,26.611279867065836
rt_window2_first_ce,30000,ood_dev,17,102400,1,1805,1313878,1740800,9.765625e-06,1.7238746867777096e-06,5.5319481670543434e-05,0.017626953125,0.0168388790347763,0.018451217580143328,0.7547552849264706,29.826386441431815
rt_window2_first_ce,30000,ood_dev,18,102400,0,1643,1315521,1843200,0.0,3.3881317890172014e-21,3.751283902995844e-05,0.016044921875,0.015293295349832233,0.016832857458054636,0.7137158203125,30.83342155532482
rt_window2_first_ce,30000,ood_dev,19,102400,0,1737,1317258,1945600,0.0,3.3881317890172014e-21,3.751283902995844e-05,0.016962890625,0.016189897204480646,0.017772124232178315,0.6770446134868421,29.87527999222731
rt_window2_first_ce,30000,ood_dev,20,102400,0,1757,1319015,2048000,0.0,3.3881317890172014e-21,3.751283902995844e-05,0.017158203125,0.016380742477780357,0.01797188930542586,0.64405029296875,28.72045764669626
rt_window2_first_ce,30000,ood_dev,21,102400,0,1718,1320733,2150400,0.0,3.3881317890172014e-21,3.751283902995844e-05,0.01677734375,0.016008619293442074,0.017582322313996996,0.6141801525297619,27.067472599748488
rt_window2_first_ce,30000,ood_dev,22,102400,0,1744,1322477,2252800,0.0,3.3881317890172014e-21,3.751283902995844e-05,0.01703125,0.016256689990451302,0.0178420450674992,0.5870370205965909,24.839689965454145
rt_window2_first_ce,30000,ood_dev,23,102400,0,1710,1324187,2355200,0.0,3.3881317890172014e-21,3.751283902995844e-05,0.01669921875,0.01593229916630613,0.01750239830251404,0.5622397248641304,26.287688630575655
rt_window2_first_ce,30000,ood_dev,24,102400,0,1723,1325910,2457600,0.0,3.3881317890172014e-21,3.751283902995844e-05,0.016826171875,0.016056321612980526,0.017632272581095357,0.53951416015625,31.028833786554873
rt_window2_first_ce,30000,ood_dev,25,102400,0,1722,1327632,2560000,0.0,3.3881317890172014e-21,3.751283902995844e-05,0.01681640625,0.016046781011694225,0.017622282665054292,0.51860625,32.39048671569417
rt_window2_first_ce,30000,ood_dev,26,102400,0,1674,1329306,2662400,0.0,3.3881317890172014e-21,3.751283902995844e-05,0.01634765625,0.015588913960546404,0.0171426848844887,0.49928861177884615,34.323213970492496
rt_window2_first_ce,30000,ood_dev,27,102400,0,1754,1331060,2764800,0.0,3.3881317890172014e-21,3.751283902995844e-05,0.01712890625,0.016352113976826295,0.017941926254397833,0.4814308449074074,36.05642905876629
rt_window2_first_ce,30000,ood_dev,28,102400,0,1653,1332713,2867200,0.0,3.3881317890172014e-21,3.751283902995844e-05,0.016142578125,0.015388648562805618,0.016932809418354882,0.46481340680803573,36.10583890074138
rt_window2_first_ce,30000,ood_dev,29,102400,0,1664,1334377,2969600,0.0,3.3881317890172014e-21,3.751283902995844e-05,0.01625,0.015493545514017064,0.01704274815774442,0.449345703125,34.46918263144279
rt_window2_first_ce,30000,ood_dev,30,102400,0,1678,1336055,3072000,0.0,3.3881317890172014e-21,3.751283902995844e-05,0.01638671875,0.015627063346117524,0.017182657568227042,0.4349137369791667,31.277671756586518
rt_window2_first_ce,30000,ood_dev,31,102400,0,1724,1337779,3174400,0.0,3.3881317890172014e-21,3.751283902995844e-05,0.0168359375,0.01606586228283863,0.01764226242856461,0.42142735635080647,26.37129681937712
rt_window2_first_ce,30000,ood_dev,32,102400,0,1682,1339461,3276800,0.0,3.3881317890172014e-21,3.751283902995844e-05,0.01642578125,0.015665213872477914,0.0172226291111761,0.40877105712890627,23.40155938595233
rt_window2_first_ce,30000,ood_dev,33,102400,0,1707,1341168,3379200,0.0,3.3881317890172014e-21,3.751283902995844e-05,0.016669921875,0.01590368026112528,0.0174724256557128,0.39688920454545457,28.902077059060726
rt_window2_first_ce,30000,ood_dev,34,102400,0,1644,1342812,3481600,0.0,3.3881317890172014e-21,3.751283902995844e-05,0.0160546875,0.015302830341240163,0.01684285298397407,0.3856881893382353,32.95023882545402
rt_window2_first_ce,30000,ood_dev,35,102400,0,1693,1344505,3584000,0.0,3.3881317890172014e-21,3.751283902995844e-05,0.016533203125,0.015770133669616524,0.01733254500463848,0.37514090401785716,35.117377930176275
rt_window2_first_ce,30000,ood_dev,36,102400,0,1750,1346255,3686400,0.0,3.3881317890172014e-21,3.751283902995844e-05,0.01708984375,0.01631394357759699,0.017901974584317686,0.3651950412326389,38.10936306425312
rt_window2_first_ce,40000,dev,1,102400,102400,102400,102400,102400,1.0,0.9999624871609701,1.0,1.0,0.9999624871609701,1.0,1.0,3.539164293453467e-05
rt_window2_first_ce,40000,dev,2,102400,102400,102400,204800,204800,1.0,0.9999624871609701,1.0,1.0,0.9999624871609701,1.0,1.0,2.9146979469589218e-05
rt_window2_first_ce,40000,dev,3,102400,102400,102400,307200,307200,1.0,0.9999624871609701,1.0,1.0,0.9999624871609701,1.0,1.0,2.978679175091134e-05
rt_window2_first_ce,40000,dev,4,102400,102396,102396,409596,409600,0.9999609375,0.9998995558365923,0.9999848092550684,0.9999609375,0.9998995558365923,0.9999848092550684,0.999990234375,0.00010432270909935475
rt_window2_first_ce,40000,dev,5,102400,102393,102394,511990,512000,0.999931640625,0.9998588878252541,0.9999668857144244,0.99994140625,0.9998721583660714,0.9999731456909345,0.99998046875,0.0003011022601409502
rt_window2_first_ce,40000,dev,6,102400,102393,102394,614384,614400,0.999931640625,0.9998588878252541,0.9999668857144244,0.99994140625,0.9998721583660714,0.9999731456909345,0.9999739583333334,0.0004133971178521656
rt_window2_first_ce,40000,dev,7,102400,102388,102389,716773,716800,0.9998828125,0.9997951608462756,0.9999329601067661,0.999892578125,0.9998076372259771,0.9999400142443918,0.9999623325892857,0.0006256814704826385
rt_window2_first_ce,40000,dev,8,102400,102381,102383,819156,819200,0.999814453125,0.999710201380565,0.999881205951185,0.999833984375,0.9997341277518229,0.9998963406145821,0.9999462890625,0.001044403148616966
rt_window2_first_ce,40000,dev,9,102400,102370,102374,921530,921600,0.99970703125,0.9995818045502446,0.9997947670909048,0.99974609375,0.9996279799998077,0.999826713710651,0.9999240451388889,0.0014802314025248674
rt_window2_first_ce,40000,dev,10,102400,102353,102360,1023890,1024000,0.999541015625,0.9993897582662231,0.9996547945803608,0.999609375,0.9994681629006475,0.9997131035672281,0.999892578125,0.0021773503959863615
rt_window2_first_ce,40000,dev,11,102400,102328,102340,1126230,1126400,0.999296875,0.9991147176527119,0.9994415722606881,0.9994140625,0.999245935024263,0.9995447210970653,0.9998490767045455,0.003012959460424991
rt_window2_first_ce,40000,dev,12,102400,102299,102312,1228542,1228800,0.999013671875,0.9988017844178726,0.9991881204930338,0.999140625,0.9989414555719652,0.9993023460641969,0.9997900390625,0.00469160228064069
rt_window2_first_ce,40000,ood_dev,1,102400,102400,102400,102400,102400,1.0,0.9999624871609701,1.0,1.0,0.9999624871609701,1.0,1.0,3.550482239461861e-05
rt_window2_first_ce,40000,ood_dev,2,102400,102400,102400,204800,204800,1.0,0.9999624871609701,1.0,1.0,0.9999624871609701,1.0,1.0,2.995178163199774e-05
rt_window2_first_ce,40000,ood_dev,3,102400,102400,102400,307200,307200,1.0,0.9999624871609701,1.0,1.0,0.9999624871609701,1.0,1.0,2.205366128390729e-05
rt_window2_first_ce,40000,ood_dev,4,102400,102399,102399,409599,409600,0.999990234375,0.9999446805183295,0.9999982761253133,0.999990234375,0.9999446805183295,0.9999982761253133,0.99999755859375,4.490583713802731e-05
rt_window2_first_ce,40000,ood_dev,5,102400,102398,102398,511997,512000,0.99998046875,0.9999287823158808,0.9999946438104347,0.99998046875,0.9999287823158808,0.9999946438104347,0.999994140625,0.00013970728041824143
rt_window2_first_ce,40000,ood_dev,6,102400,102394,102394,614391,614400,0.99994140625,0.9998721583660714,0.9999731456909345,0.99994140625,0.9998721583660714,0.9999731456909345,0.9999853515625,0.00032849251132407667
rt_window2_first_ce,40000,ood_dev,7,102400,102390,102391,716782,716800,0.99990234375,0.9998202295599984,0.9999469524276979,0.999912109375,0.9998329541276058,0.999953758377418,0.9999748883928572,0.0005394171746012222
rt_window2_first_ce,40000,ood_dev,8,102400,102376,102380,819162,819200,0.999765625,0.9996512662615883,0.999842488483525,0.9998046875,0.9996983209212157,0.9998735558932069,0.99995361328125,0.0009405992607151004
rt_window2_first_ce,40000,ood_dev,9,102400,102362,102370,921532,921600,0.99962890625,0.9994907196411001,0.9997296078614301,0.99970703125,0.9995818045502446,0.9997947670909048,0.9999262152777778,0.0015882016625448515
rt_window2_first_ce,40000,ood_dev,10,102400,102343,102358,1023890,1024000,0.999443359375,0.9992789510277558,0.9995702966455544,0.99958984375,0.9994456792698375,0.9996965261633833,0.999892578125,0.002269497406419929
rt_window2_first_ce,40000,ood_dev,11,102400,102313,102328,1126218,1126400,0.999150390625,0.9989522370091191,0.9993110951443704,0.999296875,0.9991147176527119,0.9994415722606881,0.9998384232954546,0.0034796288189458038
rt_window2_first_ce,40000,ood_dev,12,102400,102279,102300,1228518,1228800,0.998818359375,0.9985884022615245,0.9990108923028346,0.9990234375,0.9988124983414783,0.9991969370867555,0.9997705078125,0.00505146985463401
rt_window2_first_ce,40000,ood_dev,13,102400,62274,62305,1290823,1331200,0.60814453125,0.6051505740129677,0.6111303748702468,0.608447265625,0.605453708380629,0.6114326865397336,0.969668719951923,2.1711956616998904
rt_window2_first_ce,40000,ood_dev,14,102400,6865,10225,1301048,1433600,0.067041015625,0.06552540818350251,0.06858910610787235,0.099853515625,0.09803222998572454,0.10170482252558898,0.9075390625,12.65013455303893
rt_window2_first_ce,40000,ood_dev,15,102400,421,4035,1305083,1536000,0.004111328125,0.003737579005638845,0.0045222816282108075,0.039404296875,0.03822984552279081,0.04061330473214764,0.8496634114583334,20.59401351314875
rt_window2_first_ce,40000,ood_dev,16,102400,12,2295,1307378,1638400,0.0001171875,6.703989323386348e-05,0.00020483915372444735,0.022412109375,0.021523261563938672,0.02333678854138867,0.797960205078125,26.425344791132538
rt_window2_first_ce,40000,ood_dev,17,102400,0,1889,1309267,1740800,0.0,3.3881317890172014e-21,3.751283902995844e-05,0.018447265625,0.017640969707822907,0.019289690362595185,0.7521065027573529,28.699152830259372
rt_window2_first_ce,40000,ood_dev,18,102400,0,1724,1310991,1843200,0.0,3.3881317890172014e-21,3.751283902995844e-05,0.0168359375,0.01606586228283863,0.01764226242856461,0.7112581380208334,29.930203638809044
rt_window2_first_ce,40000,ood_dev,19,102400,0,1751,1312742,1945600,0.0,3.3881317890172014e-21,3.751283902995844e-05,0.017099609375,0.016323486077016922,0.017911962602225117,0.6747234786184211,29.861558581134123
rt_window2_first_ce,40000,ood_dev,20,102400,0,1716,1314458,2048000,0.0,3.3881317890172014e-21,3.751283902995844e-05,0.0167578125,0.01598953884727668,0.017562341725507667,0.6418251953125,29.354039088961116
rt_window2_first_ce,40000,ood_dev,21,102400,0,1737,1316195,2150400,0.0,3.3881317890172014e-21,3.751283902995844e-05,0.016962890625,0.016189897204480646,0.017772124232178315,0.6120698474702381,30.12683926782565
rt_window2_first_ce,40000,ood_dev,22,102400,0,1651,1317846,2252800,0.0,3.3881317890172014e-21,3.751283902995844e-05,0.016123046875,0.015369577334964322,0.016912819611541452,0.5849813565340909,33.3883573202952
rt_window2_first_ce,40000,ood_dev,23,102400,0,1689,1319535,2355200,0.0,3.3881317890172014e-21,3.751283902995844e-05,0.016494140625,0.01573198002662403,0.017292576578321527,0.5602645210597826,30.968798441287774
rt_window2_first_ce,40000,ood_dev,24,102400,0,1646,1321181,2457600,0.0,3.3881317890172014e-21,3.751283902995844e-05,0.01607421875,0.01532190054444195,0.016862843815427006,0.5375899251302083,31.117924262341894
rt_window2_first_ce,40000,ood_dev,25,102400,0,1717,1322898,2560000,0.0,3.3881317890172014e-21,3.751283902995844e-05,0.016767578125,0.01599907903589678,0.01757233205421493,0.51675703125,33.29466148030045
rt_window2_first_ce,40000,ood_dev,26,102400,0,1701,1324599,2662400,0.0,3.3881317890172014e-21,3.751283902995844e-05,0.016611328125,0.015846444329457577,0.017412478483416333,0.4975206580528846,34.525532196749765
rt_window2_first_ce,40000,ood_dev,27,102400,0,1728,1326327,2764800,0.0,3.3881317890172014e-21,3.751283902995844e-05,0.016875,0.016104025646818412,0.01768222113389429,0.4797189670138889,34.98547429932329
rt_window2_first_ce,40000,ood_dev,28,102400,0,1674,1328001,2867200,0.0,3.3881317890172014e-21,3.751283902995844e-05,0.01634765625,0.015588913960546404,0.0171426848844887,0.46316999162946426,33.85054898585937
rt_window2_first_ce,40000,ood_dev,29,102400,0,1681,1329682,2969600,0.0,3.3881317890172014e-21,3.751283902995844e-05,0.016416015625,0.015655676134157807,0.01721263633216884,0.447764682112069,30.871753370673012
rt_window2_first_ce,40000,ood_dev,30,102400,0,1711,1331393,3072000,0.0,3.3881317890172014e-21,3.751283902995844e-05,0.016708984375,0.015941838940128936,0.01751238904601859,0.43339615885416666,31.079961236312585
rt_window2_first_ce,40000,ood_dev,31,102400,0,1672,1333065,3174400,0.0,3.3881317890172014e-21,3.751283902995844e-05,0.016328125,0.01556983969681238,0.017122698113568,0.41994235131048385,33.144263654332796
rt_window2_first_ce,40000,ood_dev,32,102400,0,1728,1334793,3276800,0.0,3.3881317890172014e-21,3.751283902995844e-05,0.016875,0.016104025646818412,0.01768222113389429,0.40734649658203126,31.88076872614915
rt_window2_first_ce,40000,ood_dev,33,102400,0,1664,1336457,3379200,0.0,3.3881317890172014e-21,3.751283902995844e-05,0.01625,0.015493545514017064,0.01704274815774442,0.395495087594697,34.188487968295334
rt_window2_first_ce,40000,ood_dev,34,102400,0,1798,1338255,3481600,0.0,3.3881317890172014e-21,3.751283902995844e-05,0.01755859375,0.016772058125019175,0.01838132486860891,0.3843793083639706,36.68687073179113
rt_window2_first_ce,40000,ood_dev,35,102400,0,1687,1339942,3584000,0.0,3.3881317890172014e-21,3.751283902995844e-05,0.016474609375,0.015712903628576462,0.017272591941714363,0.3738677455357143,37.87606700357283
rt_window2_first_ce,40000,ood_dev,36,102400,0,1753,1341695,3686400,0.0,3.3881317890172014e-21,3.751283902995844e-05,0.017119140625,0.016342571276687833,0.017931938437208937,0.3639580620659722,37.853808612984956
rt_window2_first_ce,50000,dev,1,102400,102400,102400,102400,102400,1.0,0.9999624871609701,1.0,1.0,0.9999624871609701,1.0,1.0,1.1880807350892474e-05
rt_window2_first_ce,50000,dev,2,102400,102400,102400,204800,204800,1.0,0.9999624871609701,1.0,1.0,0.9999624871609701,1.0,1.0,7.9579136001922e-06
rt_window2_first_ce,50000,dev,3,102400,102400,102400,307200,307200,1.0,0.9999624871609701,1.0,1.0,0.9999624871609701,1.0,1.0,7.873224924711473e-06
rt_window2_first_ce,50000,dev,4,102400,102399,102399,409599,409600,0.999990234375,0.9999446805183295,0.9999982761253133,0.999990234375,0.9999446805183295,0.9999982761253133,0.99999755859375,3.220032533531869e-05
rt_window2_first_ce,50000,dev,5,102400,102397,102397,511996,512000,0.999970703125,0.9999138592392058,0.9999900363697822,0.999970703125,0.9999138592392058,0.9999900363697822,0.9999921875,9.106768638708671e-05
rt_window2_first_ce,50000,dev,6,102400,102396,102396,614392,614400,0.9999609375,0.9998995558365923,0.9999848092550684,0.9999609375,0.9998995558365923,0.9999848092550684,0.9999869791666667,0.00025238947982030686
rt_window2_first_ce,50000,dev,7,102400,102394,102394,716786,716800,0.99994140625,0.9998721583660714,0.9999731456909345,0.99994140625,0.9998721583660714,0.9999731456909345,0.99998046875,0.00043363999037854706
rt_window2_first_ce,50000,dev,8,102400,102394,102395,819181,819200,0.99994140625,0.9998721583660714,0.9999731456909345,0.999951171875,0.9998856912053655,0.9999791433689678,0.999976806640625,0.0005327336752978456
rt_window2_first_ce,50000,dev,9,102400,102392,102394,921575,921600,0.999921875,0.9998458314166382,0.9999604116057129,0.99994140625,0.9998721583660714,0.9999731456909345,0.9999728732638888,0.0006088888301767049
rt_window2_first_ce,50000,dev,10,102400,102389,102392,1023967,1024000,0.999892578125,0.9998076372259771,0.9999400142443918,0.999921875,0.9998458314166382,0.9999604116057129,0.9999677734375,0.0007092223162558442
rt_window2_first_ce,50000,dev,11,102400,102387,102392,1126359,1126400,0.999873046875,0.9997827872309603,0.9999258032047541,0.999921875,0.9998458314166382,0.9999604116057129,0.9999636008522728,0.0008190280401205619
rt_window2_first_ce,50000,dev,12,102400,102359,102364,1228723,1228800,0.999599609375,0.9994569122761486,0.9997048236743996,0.9996484375,0.9995133551962606,0.9997460333409244,0.9999373372395833,0.0018381731101367693
rt_window2_first_ce,50000,ood_dev,1,102400,102400,102400,102400,102400,1.0,0.9999624871609701,1.0,1.0,0.9999624871609701,1.0,1.0,1.188439161847743e-05
rt_window2_first_ce,50000,ood_dev,2,102400,102400,102400,204800,204800,1.0,0.9999624871609701,1.0,1.0,0.9999624871609701,1.0,1.0,8.752442259886694e-06
rt_window2_first_ce,50000,ood_dev,3,102400,102400,102400,307200,307200,1.0,0.9999624871609701,1.0,1.0,0.9999624871609701,1.0,1.0,1.1161829855957511e-05
rt_window2_first_ce,50000,ood_dev,4,102400,102398,102398,409598,409600,0.99998046875,0.9999287823158808,0.9999946438104347,0.99998046875,0.9999287823158808,0.9999946438104347,0.9999951171875,6.575893596993406e-05
rt_window2_first_ce,50000,ood_dev,5,102400,102396,102397,511995,512000,0.9999609375,0.9998995558365923,0.9999848092550684,0.999970703125,0.9999138592392058,0.9999900363697822,0.999990234375,0.00014144240061477533
rt_window2_first_ce,50000,ood_dev,6,102400,102394,102396,614391,614400,0.99994140625,0.9998721583660714,0.9999731456909345,0.9999609375,0.9998995558365923,0.9999848092550684,0.9999853515625,0.00024885539048764003
rt_window2_first_ce,50000,ood_dev,7,102400,102390,102393,716784,716800,0.99990234375,0.9998202295599984,0.9999469524276979,0.999931640625,0.9998588878252541,0.9999668857144244,0.9999776785714286,0.00042282755192791735
rt_window2_first_ce,50000,ood_dev,8,102400,102390,102393,819177,819200,0.99990234375,0.9998202295599984,0.9999469524276979,0.999931640625,0.9998588878252541,0.9999668857144244,0.999971923828125,0.000588424862423459
rt_window2_first_ce,50000,ood_dev,9,102400,102390,102393,921570,921600,0.99990234375,0.9998202295599984,0.9999469524276979,0.999931640625,0.9998588878252541,0.9999668857144244,0.9999674479166667,0.0007825836273594039
rt_window2_first_ce,50000,ood_dev,10,102400,102386,102389,1023959,1024000,0.99986328125,0.9997705055160856,0.9999185544023014,0.999892578125,0.9998076372259771,0.9999400142443918,0.9999599609375,0.0009240696487541134
rt_window2_first_ce,50000,ood_dev,11,102400,102383,102388,1126347,1126400,0.999833984375,0.9997341277518229,0.9998963406145821,0.9998828125,0.9997951608462756,0.9999329601067661,0.9999529474431819,0.001147290486032977
rt_window2_first_ce,50000,ood_dev,12,102400,102362,102371,1228718,1228800,0.99962890625,0.9994907196411001,0.9997296078614301,0.999716796875,0.9995933030510014,0.9998027991074752,0.9999332682291666,0.002000684154753465
rt_window2_first_ce,50000,ood_dev,13,102400,88305,88315,1317033,1331200,0.862353515625,0.8602297198528014,0.8644501255789913,0.862451171875,0.8603280016488748,0.8645471489561916,0.9893577223557692,0.6017522050452838
rt_window2_first_ce,50000,ood_dev,14,102400,11645,12948,1329981,1433600,0.113720703125,0.11179069736962526,0.11567968974654329,0.1264453125,0.12442370576360941,0.12849494543011275,0.9277211216517857,13.564798994146704
rt_window2_first_ce,50000,ood_dev,15,102400,986,4937,1334918,1536000,0.00962890625,0.009048913661397024,0.01024568926241255,0.048212890625,0.04691770594737303,0.04954197093684656,0.8690872395833333,22.1883909460553
rt_window2_first_ce,50000,ood_dev,16,102400,69,2964,1337882,1638400,0.000673828125,0.000532524804811479,0.0008525937298065055,0.0289453125,0.027935995428456584,0.029989970768876408,0.816578369140625,26.575224344686752
rt_window2_first_ce,50000,ood_dev,17,102400,3,2139,1340021,1740800,2.9296875e-05,9.963630217849646e-06,8.614076079419689e-05,0.020888671875,0.02003054642869619,0.021782742973562575,0.7697730928308824,30.58243862445186
rt_window2_first_ce,50000,ood_dev,18,102400,0,1815,1341836,1843200,0.0,3.3881317890172014e-21,3.751283902995844e-05,0.017724609375,0.01693434291570592,0.018551058872487328,0.7279926215277778,33.422705042853615
rt_window2_first_ce,50000,ood_dev,19,102400,0,1816,1343652,1945600,0.0,3.3881317890172014e-21,3.751283902995844e-05,0.017734375,0.01694388965398129,0.018561042651539322,0.6906106085526316,33.55718407148672
rt_window2_first_ce,50000,ood_dev,20,102400,0,1758,1345410,2048000,0.0,3.3881317890172014e-21,3.751283902995844e-05,0.01716796875,0.016390285444758016,0.01798187685577556,0.6569384765625,34.27100846051096
rt_window2_first_ce,50000,ood_dev,21,102400,0,1733,1347143,2150400,0.0,3.3881317890172014e-21,3.751283902995844e-05,0.016923828125,0.016151731387651833,0.017732167979697674,0.6264615885416667,38.182829582599176
rt_window2_first_ce,50000,ood_dev,22,102400,0,1671,1348814,2252800,0.0,3.3881317890172014e-21,3.751283902995844e-05,0.016318359375,0.015560302672428875,0.01711270462062415,0.5987278053977273,41.611340138217095
rt_window2_first_ce,50000,ood_dev,23,102400,0,1744,1350558,2355200,0.0,3.3881317890172014e-21,3.751283902995844e-05,0.01703125,0.016256689990451302,0.0178420450674992,0.5734366508152174,37.61060399232596
rt_window2_first_ce,50000,ood_dev,24,102400,0,1661,1352219,2457600,0.0,3.3881317890172014e-21,3.751283902995844e-05,0.016220703125,0.015464936384774395,0.017012765735004997,0.5502193196614583,34.04628236697926
rt_window2_first_ce,50000,ood_dev,25,102400,0,1618,1353837,2560000,0.0,3.3881317890172014e-21,3.751283902995844e-05,0.01580078125,0.015054944641631244,0.016582945233071557,0.528842578125,34.64289663907705
rt_window2_first_ce,50000,ood_dev,26,102400,0,1695,1355532,2662400,0.0,3.3881317890172014e-21,3.751283902995844e-05,0.016552734375,0.015789210913578336,0.01735252879533139,0.5091391225961538,37.406638609521316
rt_window2_first_ce,50000,ood_dev,27,102400,0,1707,1357239,2764800,0.0,3.3881317890172014e-21,3.751283902995844e-05,0.016669921875,0.01590368026112528,0.0174724256557128,0.49089952256944447,38.24735449726883
rt_window2_first_ce,50000,ood_dev,28,102400,0,1643,1358882,2867200,0.0,3.3881317890172014e-21,3.751283902995844e-05,0.016044921875,0.015293295349832233,0.016832857458054636,0.4739404296875,37.40166405910291
rt_window2_first_ce,50000,ood_dev,29,102400,0,1711,1360593,2969600,0.0,3.3881317890172014e-21,3.751283902995844e-05,0.016708984375,0.015941838940128936,0.01751238904601859,0.458173828125,37.4841708886484
rt_window2_first_ce,50000,ood_dev,30,102400,0,1703,1362296,3072000,0.0,3.3881317890172014e-21,3.751283902995844e-05,0.016630859375,0.01586552269446015,0.017432461153068485,0.44345572916666665,42.21343650256119
rt_window2_first_ce,50000,ood_dev,31,102400,0,1723,1364019,3174400,0.0,3.3881317890172014e-21,3.751283902995844e-05,0.016826171875,0.016056321612980526,0.017632272581095357,0.4296934853830645,40.46416100289764
rt_window2_first_ce,50000,ood_dev,32,102400,0,1786,1365805,3276800,0.0,3.3881317890172014e-21,3.751283902995844e-05,0.01744140625,0.016657515345765293,0.01826150143993444,0.41681060791015623,36.49290901738622
rt_window2_first_ce,50000,ood_dev,33,102400,0,1739,1367544,3379200,0.0,3.3881317890172014e-21,3.751283902995844e-05,0.016982421875,0.016208980519679686,0.017792101951634,0.4046946022727273,36.197944501533264
rt_window2_first_ce,50000,ood_dev,34,102400,0,1759,1369303,3481600,0.0,3.3881317890172014e-21,3.751283902995844e-05,0.017177734375,0.016399828478305734,0.017991864339555207,0.39329704733455884,39.178505281266816
rt_window2_first_ce,50000,ood_dev,35,102400,0,1691,1370994,3584000,0.0,3.3881317890172014e-21,3.751283902995844e-05,0.016513671875,0.01575105670713481,0.01731256093246547,0.3825318080357143,40.91789078527999
rt_window2_first_ce,50000,ood_dev,36,102400,0,1763,1372757,3686400,0.0,3.3881317890172014e-21,3.751283902995844e-05,0.017216796875,0.01643800127708362,0.018031813610086767,0.37238416883680553,40.352261087304086
rt_window2_first_ce,60000,dev,1,102400,102400,102400,102400,102400,1.0,0.9999624871609701,1.0,1.0,0.9999624871609701,1.0,1.0,1.168436843096865e-05
rt_window2_first_ce,60000,dev,2,102400,102400,102400,204800,204800,1.0,0.9999624871609701,1.0,1.0,0.9999624871609701,1.0,1.0,1.0131135038296199e-05
rt_window2_first_ce,60000,dev,3,102400,102400,102400,307200,307200,1.0,0.9999624871609701,1.0,1.0,0.9999624871609701,1.0,1.0,1.9432862999659297e-05
rt_window2_first_ce,60000,dev,4,102400,102397,102397,409597,409600,0.999970703125,0.9999138592392058,0.9999900363697822,0.999970703125,0.9999138592392058,0.9999900363697822,0.99999267578125,0.00014453402092771752
rt_window2_first_ce,60000,dev,5,102400,102395,102396,511993,512000,0.999951171875,0.9998856912053655,0.9999791433689678,0.9999609375,0.9998995558365923,0.9999848092550684,0.999986328125,0.0001351419579784273
rt_window2_first_ce,60000,dev,6,102400,102395,102397,614390,614400,0.999951171875,0.9998856912053655,0.9999791433689678,0.999970703125,0.9999138592392058,0.9999900363697822,0.9999837239583333,0.00022853979496646027
rt_window2_first_ce,60000,dev,7,102400,102390,102391,716781,716800,0.99990234375,0.9998202295599984,0.9999469524276979,0.999912109375,0.9998329541276058,0.999953758377418,0.9999734933035714,0.00047004683064006346
rt_window2_first_ce,60000,dev,8,102400,102377,102379,819160,819200,0.999775390625,0.9996629658993142,0.9998503193631264,0.999794921875,0.9996864903756401,0.9998658559214554,0.999951171875,0.0009816529909269216
rt_window2_first_ce,60000,dev,9,102400,102370,102374,921534,921600,0.99970703125,0.9995818045502446,0.9997947670909048,0.99974609375,0.9996279799998077,0.999826713710651,0.9999283854166666,0.0013097659013977625
rt_window2_first_ce,60000,dev,10,102400,102360,102366,1023900,1024000,0.999609375,0.9994681629006475,0.9997131035672281,0.99966796875,0.9995360760544642,0.9997623735173754,0.99990234375,0.0020655313848022094
rt_window2_first_ce,60000,dev,11,102400,102357,102364,1126264,1126400,0.999580078125,0.9994344632702631,0.9996882116456304,0.9996484375,0.9995133551962606,0.9997460333409244,0.9998792613636364,0.0024882908791512195
rt_window2_first_ce,60000,dev,12,102400,102354,102364,1228628,1228800,0.99955078125,0.9994009117003653,0.999663171663546,0.9996484375,0.9995133551962606,0.9997460333409244,0.9998600260416667,0.0030811049123896784
rt_window2_first_ce,60000,ood_dev,1,102400,102400,102400,102400,102400,1.0,0.9999624871609701,1.0,1.0,0.9999624871609701,1.0,1.0,1.1661152496178495e-05
rt_window2_first_ce,60000,ood_dev,2,102400,102400,102400,204800,204800,1.0,0.9999624871609701,1.0,1.0,0.9999624871609701,1.0,1.0,1.0226339810434567e-05
rt_window2_first_ce,60000,ood_dev,3,102400,102400,102400,307200,307200,1.0,0.9999624871609701,1.0,1.0,0.9999624871609701,1.0,1.0,1.208071012239624e-05
rt_window2_first_ce,60000,ood_dev,4,102400,102399,102399,409599,409600,0.999990234375,0.9999446805183295,0.9999982761253133,0.999990234375,0.9999446805183295,0.9999982761253133,0.99999755859375,3.540584054072322e-05
rt_window2_first_ce,60000,ood_dev,5,102400,102397,102398,511997,512000,0.999970703125,0.9999138592392058,0.9999900363697822,0.99998046875,0.9999287823158808,0.9999946438104347,0.999994140625,4.233430279271956e-05
rt_window2_first_ce,60000,ood_dev,6,102400,102395,102397,614394,614400,0.999951171875,0.9998856912053655,0.9999791433689678,0.999970703125,0.9999138592392058,0.9999900363697822,0.999990234375,0.00013736599810203033
rt_window2_first_ce,60000,ood_dev,7,102400,102384,102386,716780,716800,0.99984375,0.9997461828910157,0.9999038159927167,0.99986328125,0.9997705055160856,0.9999185544023014,0.9999720982142857,0.00034921200144887336
rt_window2_first_ce,60000,ood_dev,8,102400,102375,102381,819161,819200,0.999755859375,0.9996396050278641,0.999834619199922,0.999814453125,0.999710201380565,0.999881205951185,0.999952392578125,0.0007008689064537543
rt_window2_first_ce,60000,ood_dev,9,102400,102369,102378,921539,921600,0.999697265625,0.9995703338469782,0.9997867072768437,0.99978515625,0.9996747063713258,0.9998581094084422,0.9999338107638889,0.0010016175048931763
rt_window2_first_ce,60000,ood_dev,10,102400,102359,102372,1023911,1024000,0.999599609375,0.9994569122761486,0.9997048236743996,0.9997265625,0.99960483075273,0.9998108019230739,0.9999130859375,0.001493560001992037
rt_window2_first_ce,60000,ood_dev,11,102400,102353,102369,1126280,1126400,0.999541015625,0.9993897582662231,0.9996547945803608,0.999697265625,0.9995703338469782,0.9997867072768437,0.9998934659090909,0.0020516853259303193
rt_window2_first_ce,60000,ood_dev,12,102400,102351,102369,1228649,1228800,0.999521484375,0.9993674942137358,0.9996379975981935,0.999697265625,0.9995703338469782,0.9997867072768437,0.9998771158854166,0.002471567791582412
rt_window2_first_ce,60000,ood_dev,13,102400,100791,100809,1329458,1331200,0.984287109375,0.9835070346231073,0.9850308501581361,0.984462890625,0.9836870128191324,0.9852024212740036,0.99869140625,0.04886666773613193
rt_window2_first_ce,60000,ood_dev,14,102400,32985,33289,1362747,1433600,0.322119140625,0.3192637708083146,0.3249878560737739,0.325087890625,0.3222255540660818,0.32796335008352495,0.9505768694196428,5.974750979401802
rt_window2_first_ce,60000,ood_dev,15,102400,3994,9129,1371876,1536000,0.03900390625,0.037835291492295114,0.040207107552221455,0.089150390625,0.08742041525618928,0.09091119026433474,0.8931484375,16.91383364140371
rt_window2_first_ce,60000,ood_dev,16,102400,257,3889,1375765,1638400,0.002509765625,0.00222140929118487,0.0028354465009773006,0.037978515625,0.036825003638190586,0.0391666910869529,0.8397003173828125,23.9679207084769
rt_window2_first_ce,60000,ood_dev,17,102400,21,2736,1378501,1740800,0.000205078125,0.00013414407854466003,0.000313509624359915,0.02671875,0.025748662397161583,0.02772434584953271,0.791877872242647,25.731900687825245
rt_window2_first_ce,60000,ood_dev,18,102400,0,2247,1380748,1843200,0.0,3.3881317890172014e-21,3.751283902995844e-05,0.021943359375,0.021063842657988784,0.022858742615625153,0.7491037326388889,26.98679318630752
rt_window2_first_ce,60000,ood_dev,19,102400,0,2061,1382809,1945600,0.0,3.3881317890172014e-21,3.751283902995844e-05,0.020126953125,0.01928463657944867,0.0210052724712758,0.7107365337171052,29.554824447013424
rt_window2_first_ce,60000,ood_dev,20,102400,0,1945,1384754,2048000,0.0,3.3881317890172014e-21,3.751283902995844e-05,0.018994140625,0.018175933398864034,0.019848435641886365,0.6761494140625,31.50985955708031
rt_window2_first_ce,60000,ood_dev,21,102400,0,1937,1386691,2150400,0.0,3.3881317890172014e-21,3.751283902995844e-05,0.018916015625,0.018099498818748335,0.01976862608338317,0.6448525855654762,34.29763717323473
rt_window2_first_ce,60000,ood_dev,22,102400,0,1808,1388499,2252800,0.0,3.3881317890172014e-21,3.751283902995844e-05,0.01765625,0.016867517529074724,0.018481170637826987,0.6163436612215909,39.1653295542644
rt_window2_first_ce,60000,ood_dev,23,102400,0,1794,1390293,2355200,0.0,3.3881317890172014e-21,3.751283902995844e-05,0.01751953125,0.016733876163671828,0.01834138476064681,0.5903078294836956,38.132212855469234
rt_window2_first_ce,60000,ood_dev,24,102400,0,1698,1391991,2457600,0.0,3.3881317890172014e-21,3.751283902995844e-05,0.01658203125,0.01581782730622608,0.017382503954665736,0.566402587890625,35.281508549834946
rt_window2_first_ce,60000,ood_dev,25,102400,0,1651,1393642,2560000,0.0,3.3881317890172014e-21,3.751283902995844e-05,0.016123046875,0.015369577334964322,0.016912819611541452,0.54439140625,32.27825353289874
rt_window2_first_ce,60000,ood_dev,26,102400,0,1708,1395350,2662400,0.0,3.3881317890172014e-21,3.751283902995844e-05,0.0166796875,0.015913219826744453,0.017482416607420986,0.5240948016826923,30.912098539283516
rt_window2_first_ce,60000,ood_dev,27,102400,0,1705,1397055,2764800,0.0,3.3881317890172014e-21,3.751283902995844e-05,0.016650390625,0.01588460133851014,0.017452443543673216,0.5053005642361111,32.61547537143078
rt_window2_first_ce,60000,ood_dev,28,102400,0,1677,1398732,2867200,0.0,3.3881317890172014e-21,3.751283902995844e-05,0.016376953125,0.015617525892619095,0.017172664504398104,0.48783900669642855,34.20954610279798
rt_window2_first_ce,60000,ood_dev,29,102400,0,1729,1400461,2969600,0.0,3.3881317890172014e-21,3.751283902995844e-05,0.016884765625,0.01611356665865825,0.01769221063938181,0.4715992052801724,33.80086514042028
rt_window2_first_ce,60000,ood_dev,30,102400,0,1700,1402161,3072000,0.0,3.3881317890172014e-21,3.751283902995844e-05,0.0166015625,0.015836905251750164,0.017402487043796374,0.4564326171875,38.909928274124546
rt_window2_first_ce,60000,ood_dev,31,102400,0,1762,1403923,3174400,0.0,3.3881317890172014e-21,3.751283902995844e-05,0.01720703125,0.01642845797781226,0.01802182639203077,0.44226404989919355,39.99162824475711
rt_window2_first_ce,60000,ood_dev,32,102400,0,1689,1405612,3276800,0.0,3.3881317890172014e-21,3.751283902995844e-05,0.016494140625,0.01573198002662403,0.017292576578321527,0.428958740234375,38.234524400305936
rt_window2_first_ce,60000,ood_dev,33,102400,0,1727,1407339,3379200,0.0,3.3881317890172014e-21,3.751283902995844e-05,0.016865234375,0.016094484703258225,0.01767223156012711,0.41647105823863634,35.403288374810515
rt_window2_first_ce,60000,ood_dev,34,102400,0,1788,1409127,3481600,0.0,3.3881317890172014e-21,3.751283902995844e-05,0.0174609375,0.01667660516107908,0.018281472659275374,0.40473546645220587,33.21480512020794
rt_window2_first_ce,60000,ood_dev,35,102400,0,1756,1410883,3584000,0.0,3.3881317890172014e-21,3.751283902995844e-05,0.0171484375,0.016371199577428573,0.01796190168845028,0.3936615513392857,34.04462956658694
rt_window2_first_ce,60000,ood_dev,36,102400,0,1729,1412612,3686400,0.0,3.3881317890172014e-21,3.751283902995844e-05,0.016884765625,0.01611356665865825,0.01769221063938181,0.3831955295138889,36.389189889022234
rt_window2_first_ce,70000,dev,1,102400,102400,102400,102400,102400,1.0,0.9999624871609701,1.0,1.0,0.9999624871609701,1.0,1.0,9.85301239644465e-06
rt_window2_first_ce,70000,dev,2,102400,102400,102400,204800,204800,1.0,0.9999624871609701,1.0,1.0,0.9999624871609701,1.0,1.0,6.013221289322135e-06
rt_window2_first_ce,70000,dev,3,102400,102400,102400,307200,307200,1.0,0.9999624871609701,1.0,1.0,0.9999624871609701,1.0,1.0,3.3586880358386224e-06
rt_window2_first_ce,70000,dev,4,102400,102400,102400,409600,409600,1.0,0.9999624871609701,1.0,1.0,0.9999624871609701,1.0,1.0,7.4722241872039045e-06
rt_window2_first_ce,70000,dev,5,102400,102400,102400,512000,512000,1.0,0.9999624871609701,1.0,1.0,0.9999624871609701,1.0,1.0,3.848776272816143e-05
rt_window2_first_ce,70000,dev,6,102400,102391,102391,614391,614400,0.999912109375,0.9998329541276058,0.999953758377418,0.999912109375,0.9998329541276058,0.999953758377418,0.9999853515625,0.00032154213210432213
rt_window2_first_ce,70000,dev,7,102400,102380,102383,716774,716800,0.9998046875,0.9996983209212157,0.9998735558932069,0.999833984375,0.9997341277518229,0.9998963406145821,0.9999637276785714,0.000722871865823331
rt_window2_first_ce,70000,dev,8,102400,102359,102367,819141,819200,0.999599609375,0.9994569122761486,0.9997048236743996,0.999677734375,0.9995474707523628,0.9997705093368041,0.999927978515625,0.0014531336457794006
rt_window2_first_ce,70000,dev,9,102400,102352,102363,921504,921600,0.99953125,0.9993786192504616,0.9996464030787949,0.999638671875,0.9995020271813618,0.9997378308384958,0.9998958333333333,0.0018801580422899312
rt_window2_first_ce,70000,dev,10,102400,102348,102360,1023864,1024000,0.9994921875,0.9993341989036343,0.9996127013563129,0.999609375,0.9994681629006475,0.9997131035672281,0.9998671875,0.0023058419384429617
rt_window2_first_ce,70000,dev,11,102400,102342,102355,1126219,1126400,0.99943359375,0.999267935201936,0.999561781954047,0.999560546875,0.9994120800157498,0.9996715338654889,0.9998393110795455,0.0032779206030927235
rt_window2_first_ce,70000,dev,12,102400,102329,102342,1228561,1228800,0.999306640625,0.9991256059557884,0.9994502144749388,0.99943359375,0.999267935201936,0.999561781954047,0.9998055013020833,0.004333695187275657
rt_window2_first_ce,70000,ood_dev,1,102400,102400,102400,102400,102400,1.0,0.9999624871609701,1.0,1.0,0.9999624871609701,1.0,1.0,9.944967737025579e-06
rt_window2_first_ce,70000,ood_dev,2,102400,102400,102400,204800,204800,1.0,0.9999624871609701,1.0,1.0,0.9999624871609701,1.0,1.0,6.1968869661400275e-06
rt_window2_first_ce,70000,ood_dev,3,102400,102400,102400,307200,307200,1.0,0.9999624871609701,1.0,1.0,0.9999624871609701,1.0,1.0,3.743705790026641e-06
rt_window2_first_ce,70000,ood_dev,4,102400,102400,102400,409600,409600,1.0,0.9999624871609701,1.0,1.0,0.9999624871609701,1.0,1.0,7.672663581369116e-06
rt_window2_first_ce,70000,ood_dev,5,102400,102400,102400,512000,512000,1.0,0.9999624871609701,1.0,1.0,0.9999624871609701,1.0,1.0,3.779222203345867e-05
rt_window2_first_ce,70000,ood_dev,6,102400,102387,102387,614387,614400,0.999873046875,0.9997827872309603,0.9999258032047541,0.999873046875,0.9997827872309603,0.9999258032047541,0.9999788411458334,0.00037766210665193215
rt_window2_first_ce,70000,ood_dev,7,102400,102373,102376,716763,716800,0.999736328125,0.9996163891811771,0.9998187740119542,0.999765625,0.9996512662615883,0.999842488483525,0.9999483816964285,0.0008837427895749661
rt_window2_first_ce,70000,ood_dev,8,102400,102362,102367,819130,819200,0.99962890625,0.9994907196411001,0.9997296078614301,0.999677734375,0.9995474707523628,0.9997705093368041,0.99991455078125,0.001603069408804385
rt_window2_first_ce,70000,ood_dev,9,102400,102350,102358,921488,921600,0.99951171875,0.9993563827385776,0.9996295785560243,0.99958984375,0.9994456792698375,0.9996965261633833,0.9998784722222223,0.002444869309418616
rt_window2_first_ce,70000,ood_dev,10,102400,102344,102355,1023843,1024000,0.999453125,0.9992899777075444,0.9995788004830934,0.999560546875,0.9994120800157498,0.9996715338654889,0.9998466796875,0.003246681201540379
rt_window2_first_ce,70000,ood_dev,11,102400,102335,102346,1126189,1126400,0.999365234375,0.9991911066054158,0.9995018969292757,0.99947265625,0.99931206478972,0.9995957744355726,0.9998126775568181,0.003928924640316611
rt_window2_first_ce,70000,ood_dev,12,102400,102319,102334,1228523,1228800,0.999208984375,0.9990170512176479,0.9993634640398059,0.99935546875,0.9991801685991595,0.9994933044182046,0.9997745768229167,0.004970467039807111
rt_window2_first_ce,70000,ood_dev,13,102400,78888,78909,1307432,1331200,0.770390625,0.7678044950619914,0.7729564686980269,0.770595703125,0.7680103734053487,0.7731607312185442,0.9821454326923077,1.2018538178185927
rt_window2_first_ce,70000,ood_dev,14,102400,18300,21286,1328718,1433600,0.1787109375,0.17637649686322796,0.18106948306653933,0.20787109375,0.2053966931042111,0.21036741156506122,0.9268401227678571,9.360280825830076
rt_window2_first_ce,70000,ood_dev,15,102400,1636,6433,1335151,1536000,0.0159765625,0.015226552473080471,0.01676288671351486,0.062822265625,0.061352441688346776,0.06432488911760739,0.8692389322916667,18.785779796686498
rt_window2_first_ce,70000,ood_dev,16,102400,75,2930,1338081,1638400,0.000732421875,0.0005843998858659578,0.000917901752716203,0.02861328125,0.027609707432600463,0.029652221175602195,0.8166998291015625,25.920698348912673
rt_window2_first_ce,70000,ood_dev,17,102400,5,2254,1340335,1740800,4.8828125e-05,2.0856631032296734e-05,0.0001143087946344752,0.02201171875,0.021130834666559097,0.022928464228346376,0.7699534696691176,29.736081038504654
rt_window2_first_ce,70000,ood_dev,18,102400,0,1913,1342248,1843200,0.0,3.3881317890172014e-21,3.751283902995844e-05,0.018681640625,0.017870217332349423,0.019529175153925372,0.7282161458333334,32.10180243910793
rt_window2_first_ce,70000,ood_dev,19,102400,0,1892,1344140,1945600,0.0,3.3881317890172014e-21,3.751283902995844e-05,0.0184765625,0.017669623787565206,0.019319627834834974,0.6908614309210527,31.548776702776532
rt_window2_first_ce,70000,ood_dev,20,102400,0,1824,1345964,2048000,0.0,3.3881317890172014e-21,3.751283902995844e-05,0.0178125,0.017020265840541407,0.018640910603598106,0.657208984375,34.48576668242097
rt_window2_first_ce,70000,ood_dev,21,102400,0,1771,1347735,2150400,0.0,3.3881317890172014e-21,3.751283902995844e-05,0.017294921875,0.016514350053133026,0.01811170897265627,0.6267368861607143,42.30096674535604
rt_window2_first_ce,70000,ood_dev,22,102400,0,1779,1349514,2252800,0.0,3.3881317890172014e-21,3.751283902995844e-05,0.017373046875,0.0165907030437091,0.018191600120699095,0.5990385298295454,38.475530007771575
rt_window2_first_ce,70000,ood_dev,23,102400,0,1686,1351200,2355200,0.0,3.3881317890172014e-21,3.751283902995844e-05,0.01646484375,0.015703365535630627,0.017262599517332833,0.5737092391304348,33.697824829778384
rt_window2_first_ce,70000,ood_dev,24,102400,0,1654,1352854,2457600,0.0,3.3881317890172014e-21,3.751283902995844e-05,0.01615234375,0.015398184286100883,0.01694280421238697,0.5504777018229167,33.30313256150501
rt_window2_first_ce,70000,ood_dev,25,102400,0,1660,1354514,2560000,0.0,3.3881317890172014e-21,3.751283902995844e-05,0.0162109375,0.015455400153029908,0.017002771449422124,0.52910703125,34.51971916148241
rt_window2_first_ce,70000,ood_dev,26,102400,0,1704,1356218,2662400,0.0,3.3881317890172014e-21,3.751283902995844e-05,0.016640625,0.01587506198163439,0.0174424523832216,0.5093967848557692,35.49076025607707
rt_window2_first_ce,70000,ood_dev,27,102400,0,1677,1357895,2764800,0.0,3.3881317890172014e-21,3.751283902995844e-05,0.016376953125,0.015617525892619095,0.017172664504398104,0.491136791087963,34.07212435611601
rt_window2_first_ce,70000,ood_dev,28,102400,0,1686,1359581,2867200,0.0,3.3881317890172014e-21,3.751283902995844e-05,0.01646484375,0.015703365535630627,0.017262599517332833,0.4741842215401786,36.20406688125349
rt_window2_first_ce,70000,ood_dev,29,102400,0,1706,1361287,2969600,0.0,3.3881317890172014e-21,3.751283902995844e-05,0.01666015625,0.015894140765027154,0.017462434634483562,0.4584075296336207,43.30714685357323
rt_window2_first_ce,70000,ood_dev,30,102400,0,1702,1362989,3072000,0.0,3.3881317890172014e-21,3.751283902995844e-05,0.01662109375,0.015855983477047735,0.017422469853153533,0.44368131510416664,38.539826291841294
rt_window2_first_ce,70000,ood_dev,31,102400,0,1754,1364743,3174400,0.0,3.3881317890172014e-21,3.751283902995844e-05,0.01712890625,0.016352113976826295,0.017941926254397833,0.4299215599798387,35.47348093911606
rt_window2_first_ce,70000,ood_dev,32,102400,0,1669,1366412,3276800,0.0,3.3881317890172014e-21,3.751283902995844e-05,0.016298828125,0.015541228838945096,0.0170927174194532,0.416995849609375,35.55830121459775
rt_window2_first_ce,70000,ood_dev,33,102400,0,1731,1368143,3379200,0.0,3.3881317890172014e-21,3.751283902995844e-05,0.016904296875,0.01613264888694426,0.017712189445750523,0.40487186316287876,36.932766737886624
rt_window2_first_ce,70000,ood_dev,34,102400,0,1815,1369958,3481600,0.0,3.3881317890172014e-21,3.751283902995844e-05,0.017724609375,0.01693434291570592,0.018551058872487328,0.3934851792279412,37.49073656077705
rt_window2_first_ce,70000,ood_dev,35,102400,0,1702,1371660,3584000,0.0,3.3881317890172014e-21,3.751283902995844e-05,0.01662109375,0.015855983477047735,0.017422469853153533,0.38271763392857144,35.88522407191012
rt_window2_first_ce,70000,ood_dev,36,102400,0,1715,1373375,3686400,0.0,3.3881317890172014e-21,3.751283902995844e-05,0.016748046875,0.015979998727640964,0.017552351327816018,0.3725518120659722,38.350994737714416
rt_window2_first_ce,80000,dev,1,102400,102400,102400,102400,102400,1.0,0.9999624871609701,1.0,1.0,0.9999624871609701,1.0,1.0,3.947619323502183e-06
rt_window2_first_ce,80000,dev,2,102400,102400,102400,204800,204800,1.0,0.9999624871609701,1.0,1.0,0.9999624871609701,1.0,1.0,2.0604262022696358e-06
rt_window2_first_ce,80000,dev,3,102400,102400,102400,307200,307200,1.0,0.9999624871609701,1.0,1.0,0.9999624871609701,1.0,1.0,2.4459102044558506e-06
rt_window2_first_ce,80000,dev,4,102400,102400,102400,409600,409600,1.0,0.9999624871609701,1.0,1.0,0.9999624871609701,1.0,1.0,6.926459318878711e-06
rt_window2_first_ce,80000,dev,5,102400,102400,102400,512000,512000,1.0,0.9999624871609701,1.0,1.0,0.9999624871609701,1.0,1.0,1.968132868615066e-05
rt_window2_first_ce,80000,dev,6,102400,102396,102396,614396,614400,0.9999609375,0.9998995558365923,0.9999848092550684,0.9999609375,0.9998995558365923,0.9999848092550684,0.9999934895833333,0.00012998986367297836
rt_window2_first_ce,80000,dev,7,102400,102388,102390,716786,716800,0.9998828125,0.9997951608462756,0.9999329601067661,0.99990234375,0.9998202295599984,0.9999469524276979,0.99998046875,0.00041000089083949385
rt_window2_first_ce,80000,dev,8,102400,102378,102382,819168,819200,0.99978515625,0.9996747063713258,0.9998581094084422,0.99982421875,0.9997221355543948,0.9998888022946828,0.9999609375,0.00050633470573169
rt_window2_first_ce,80000,dev,9,102400,102375,102381,921549,921600,0.999755859375,0.9996396050278641,0.999834619199922,0.999814453125,0.999710201380565,0.999881205951185,0.9999446614583334,0.001036085485483479
rt_window2_first_ce,80000,dev,10,102400,102371,102379,1023928,1024000,0.999716796875,0.9995933030510014,0.9998027991074752,0.999794921875,0.9996864903756401,0.9998658559214554,0.9999296875,0.00139991017478486
rt_window2_first_ce,80000,dev,11,102400,102365,102375,1126303,1126400,0.999658203125,0.9995247045222765,0.9997542145322359,0.999755859375,0.9996396050278641,0.999834619199922,0.9999138849431818,0.0017527975241288817
rt_window2_first_ce,80000,dev,12,102400,102356,102367,1228670,1228800,0.9995703125,0.9994232637005559,0.9996798806980102,0.999677734375,0.9995474707523628,0.9997705093368041,0.9998942057291667,0.0022613775069093758
rt_window2_first_ce,80000,ood_dev,1,102400,102400,102400,102400,102400,1.0,0.9999624871609701,1.0,1.0,0.9999624871609701,1.0,1.0,3.9266053753672645e-06
rt_window2_first_ce,80000,ood_dev,2,102400,102400,102400,204800,204800,1.0,0.9999624871609701,1.0,1.0,0.9999624871609701,1.0,1.0,2.044545153799954e-06
rt_window2_first_ce,80000,ood_dev,3,102400,102400,102400,307200,307200,1.0,0.9999624871609701,1.0,1.0,0.9999624871609701,1.0,1.0,2.6705314359012218e-06
rt_window2_first_ce,80000,ood_dev,4,102400,102400,102400,409600,409600,1.0,0.9999624871609701,1.0,1.0,0.9999624871609701,1.0,1.0,6.170192944479902e-06
rt_window2_first_ce,80000,ood_dev,5,102400,102400,102400,512000,512000,1.0,0.9999624871609701,1.0,1.0,0.9999624871609701,1.0,1.0,2.373057726061063e-05
rt_window2_first_ce,80000,ood_dev,6,102400,102395,102395,614395,614400,0.999951171875,0.9998856912053655,0.9999791433689678,0.999951171875,0.9998856912053655,0.9999791433689678,0.9999918619791667,0.0001245692568574682
rt_window2_first_ce,80000,ood_dev,7,102400,102390,102392,716787,716800,0.99990234375,0.9998202295599984,0.9999469524276979,0.999921875,0.9998458314166382,0.9999604116057129,0.9999818638392857,0.00046399760239131913
rt_window2_first_ce,80000,ood_dev,8,102400,102382,102385,819172,819200,0.99982421875,0.9997221355543948,0.9998888022946828,0.999853515625,0.9997583066269857,0.9999112227740738,0.9999658203125,0.0007378354405125542
rt_window2_first_ce,80000,ood_dev,9,102400,102378,102384,921556,921600,0.99978515625,0.9996747063713258,0.9998581094084422,0.99984375,0.9997461828910157,0.9999038159927167,0.9999522569444445,0.0010313364072697404
rt_window2_first_ce,80000,ood_dev,10,102400,102371,102377,1023933,1024000,0.999716796875,0.9995933030510014,0.9998027991074752,0.999775390625,0.9996629658993142,0.9998503193631264,0.9999345703125,0.0013772895555536826
rt_window2_first_ce,80000,ood_dev,11,102400,102363,102372,1126305,1126400,0.999638671875,0.9995020271813618,0.9997378308384958,0.9997265625,0.99960483075273,0.9998108019230739,0.9999156605113636,0.0016654356877185295
rt_window2_first_ce,80000,ood_dev,12,102400,102355,102365,1228670,1228800,0.999560546875,0.9994120800157498,0.9996715338654889,0.999658203125,0.9995247045222765,0.9997542145322359,0.9998942057291667,0.00250973605026489
rt_window2_first_ce,80000,ood_dev,13,102400,79291,79302,1307972,1331200,0.774326171875,0.7717555505497969,0.7768762116931486,0.77443359375,0.7718634002613055,0.7769831976722409,0.9825510817307692,1.1334884089096875
rt_window2_first_ce,80000,ood_dev,14,102400,19042,22204,1330176,1433600,0.18595703125,0.18358580531880103,0.18835181846786936,0.2168359375,0.21432258031156898,0.2193705392642223,0.9278571428571428,9.901140533934518
rt_window2_first_ce,80000,ood_dev,15,102400,1929,6792,1336968,1536000,0.018837890625,0.01802306793255307,0.019688812830959527,0.066328125,0.06482012747533952,0.06786865905113787,0.870421875,20.14955818430658
rt_window2_first_ce,80000,ood_dev,16,102400,127,3401,1340369,1638400,0.001240234375,0.0010425717413137343,0.0014753167982912868,0.033212890625,0.03213275083923975,0.03432805143015075,0.8180963134765625,26.844142787179152
rt_window2_first_ce,80000,ood_dev,17,102400,9,2533,1342902,1740800,8.7890625e-05,4.6241622582033006e-05,0.0001670458723941897,0.024736328125,0.02380268713438194,0.025705626094857728,0.7714280790441177,30.283203239823802
rt_window2_first_ce,80000,ood_dev,18,102400,1,2060,1344962,1843200,9.765625e-06,1.7238746867777096e-06,5.5319481670543434e-05,0.0201171875,0.01927507567662927,0.020995302856767845,0.7296885850694445,31.783424795176995
rt_window2_first_ce,80000,ood_dev,19,102400,0,2082,1347044,1945600,0.0,3.3881317890172014e-21,3.751283902995844e-05,0.02033203125,0.0194854276519968,0.021214622262602293,0.6923540296052632,31.534676811275894
rt_window2_first_ce,80000,ood_dev,20,102400,0,2004,1349048,2048000,0.0,3.3881317890172014e-21,3.751283902995844e-05,0.0195703125,0.01873975038651153,0.02043691917655327,0.65871484375,35.00817934774511
rt_window2_first_ce,80000,ood_dev,21,102400,0,2027,1351075,2150400,0.0,3.3881317890172014e-21,3.751283902995844e-05,0.019794921875,0.01895959568947417,0.020666275772119973,0.6282900855654762,43.54499506326596
rt_window2_first_ce,80000,ood_dev,22,102400,0,1834,1352909,2252800,0.0,3.3881317890172014e-21,3.751283902995844e-05,0.01791015625,0.01711574174555977,0.018740739871853374,0.6005455433238637,40.47693728126283
rt_window2_first_ce,80000,ood_dev,23,102400,0,1720,1354629,2355200,0.0,3.3881317890172014e-21,3.751283902995844e-05,0.016796875,0.016027700015071877,0.017602302627021917,0.5751651664402174,36.79294579512085
rt_window2_first_ce,80000,ood_dev,24,102400,0,1723,1356352,2457600,0.0,3.3881317890172014e-21,3.751283902995844e-05,0.016826171875,0.016056321612980526,0.017632272581095357,0.5519010416666666,35.72071934226208
rt_window2_first_ce,80000,ood_dev,25,102400,0,1655,1358007,2560000,0.0,3.3881317890172014e-21,3.751283902995844e-05,0.016162109375,0.015407720082225901,0.016952798933589322,0.530471484375,36.140041114498906
rt_window2_first_ce,80000,ood_dev,26,102400,0,1669,1359676,2662400,0.0,3.3881317890172014e-21,3.751283902995844e-05,0.016298828125,0.015541228838945096,0.0170927174194532,0.5106956129807693,35.384891386384645
rt_window2_first_ce,80000,ood_dev,27,102400,0,1706,1361382,2764800,0.0,3.3881317890172014e-21,3.751283902995844e-05,0.01666015625,0.015894140765027154,0.017462434634483562,0.49239800347222223,33.55870236659424
rt_window2_first_ce,80000,ood_dev,28,102400,0,1621,1363003,2867200,0.0,3.3881317890172014e-21,3.751283902995844e-05,0.015830078125,0.01508354426487691,0.016612937161807978,0.47537772042410714,36.5188270253133
rt_window2_first_ce,80000,ood_dev,29,102400,0,1632,1364635,2969600,0.0,3.3881317890172014e-21,3.751283902995844e-05,0.0159375,0.015188415313222157,0.01672290180406372,0.4595349542025862,44.76776121410509
rt_window2_first_ce,80000,ood_dev,30,102400,0,1695,1366330,3072000,0.0,3.3881317890172014e-21,3.751283902995844e-05,0.016552734375,0.015789210913578336,0.01735252879533139,0.44476888020833333,41.015169453110346
rt_window2_first_ce,80000,ood_dev,31,102400,0,1723,1368053,3174400,0.0,3.3881317890172014e-21,3.751283902995844e-05,0.016826171875,0.016056321612980526,0.017632272581095357,0.4309642767137097,38.89991226652263
rt_window2_first_ce,80000,ood_dev,32,102400,0,1764,1369817,3276800,0.0,3.3881317890172014e-21,3.751283902995844e-05,0.0172265625,0.016447544642647142,0.01804180076185061,0.41803497314453125,38.07351224496239
rt_window2_first_ce,80000,ood_dev,33,102400,0,1706,1371523,3379200,0.0,3.3881317890172014e-21,3.751283902995844e-05,0.01666015625,0.015894140765027154,0.017462434634483562,0.40587209990530304,38.598249745894854
rt_window2_first_ce,80000,ood_dev,34,102400,0,1780,1373303,3481600,0.0,3.3881317890172014e-21,3.751283902995844e-05,0.0173828125,0.016600247462472947,0.018201586219262614,0.3944459443933824,37.05112099268022
rt_window2_first_ce,80000,ood_dev,35,102400,0,1748,1375051,3584000,0.0,3.3881317890172014e-21,3.751283902995844e-05,0.0170703125,0.01629485877987003,0.017881998347389922,0.38366378348214286,35.06897458483847
rt_window2_first_ce,80000,ood_dev,36,102400,0,1715,1376766,3686400,0.0,3.3881317890172014e-21,3.751283902995844e-05,0.016748046875,0.015979998727640964,0.017552351327816018,0.3734716796875,39.30456366821351
rt_window2_first,1000,dev,1,102400,102400,102400,102400,102400,1.0,0.9999624871609701,1.0,1.0,0.9999624871609701,1.0,1.0,0.00828816002148642
rt_window2_first,1000,dev,2,102400,102400,102400,204800,204800,1.0,0.9999624871609701,1.0,1.0,0.9999624871609701,1.0,1.0,0.002991581166874795
rt_window2_first,1000,dev,3,102400,102400,102400,307200,307200,1.0,0.9999624871609701,1.0,1.0,0.9999624871609701,1.0,1.0,0.003937409272666627
rt_window2_first,1000,dev,4,102400,102392,102392,409592,409600,0.999921875,0.9998458314166382,0.9999604116057129,0.999921875,0.9998458314166382,0.9999604116057129,0.99998046875,0.005312162830508811
rt_window2_first,1000,dev,5,102400,102364,102368,511960,512000,0.9996484375,0.9995133551962606,0.9997460333409244,0.9996875,0.9995588896466933,0.9997786209598011,0.999921875,0.0077801960381908945
rt_window2_first,1000,dev,6,102400,102277,102303,614263,614400,0.998798828125,0.9985671487903861,0.9989930847393184,0.999052734375,0.9988446687417952,0.9992233582384206,0.9997770182291666,0.011751889561594168
rt_window2_first,1000,dev,7,102400,102048,102119,716382,716800,0.9965625,0.9961849099982476,0.9969028350634908,0.997255859375,0.9969162604573298,0.9975581513346514,0.9994168526785714,0.0177544898872614
rt_window2_first,1000,dev,8,102400,101658,101849,818231,819200,0.99275390625,0.992215620166485,0.9932552231375821,0.994619140625,0.9941521337738766,0.9950490383397166,0.998817138671875,0.026160679939271462
rt_window2_first,1000,dev,9,102400,101073,101442,919673,921600,0.987041015625,0.9863298078406283,0.9877156828269315,0.99064453125,0.9900362057428734,0.991216045818483,0.9979090711805556,0.037197719741464186
rt_window2_first,1000,dev,10,102400,100260,100920,1020593,1024000,0.9791015625,0.9782072914621097,0.9799598886183042,0.985546875,0.9847974471455407,0.9862598743709325,0.9966728515625,0.050418644359226335
rt_window2_first,1000,dev,11,102400,99213,100253,1120846,1126400,0.968876953125,0.9677956506164573,0.9699230778222079,0.979033203125,0.9781375339059053,0.9798929325532171,0.995069247159091,0.06634906420898233
rt_window2_first,1000,dev,12,102400,97930,99492,1220338,1228800,0.95634765625,0.955079004426155,0.9575820702815037,0.9716015625,0.9705663420435018,0.9726014007294974,0.9931136067708334,0.0862508484881313
rt_window2_first,1000,ood_dev,1,102400,102400,102400,102400,102400,1.0,0.9999624871609701,1.0,1.0,0.9999624871609701,1.0,1.0,0.00827519248974113
rt_window2_first,1000,ood_dev,2,102400,102400,102400,204800,204800,1.0,0.9999624871609701,1.0,1.0,0.9999624871609701,1.0,1.0,0.002970257245687549
rt_window2_first,1000,ood_dev,3,102400,102399,102399,307199,307200,0.999990234375,0.9999446805183295,0.9999982761253133,0.999990234375,0.9999446805183295,0.9999982761253133,0.9999967447916667,0.003949212842971832
rt_window2_first,1000,ood_dev,4,102400,102393,102394,409593,409600,0.999931640625,0.9998588878252541,0.9999668857144244,0.99994140625,0.9998721583660714,0.9999731456909345,0.99998291015625,0.0053562697530082914
rt_window2_first,1000,ood_dev,5,102400,102352,102355,511948,512000,0.99953125,0.9993786192504616,0.9996464030787949,0.999560546875,0.9994120800157498,0.9996715338654889,0.9998984375,0.007858440154708858
rt_window2_first,1000,ood_dev,6,102400,102252,102286,614234,614400,0.9985546875,0.9983025561101061,0.9987694144864142,0.99888671875,0.9986629039087956,0.9990731042768551,0.9997298177083334,0.011922142352125178
rt_window2_first,1000,ood_dev,7,102400,102032,102123,716357,716800,0.99640625,0.9960206487609932,0.9967546080235076,0.997294921875,0.9969575999116753,0.9975949339496153,0.9993819754464286,0.017847055799345524
rt_window2_first,1000,ood_dev,8,102400,101681,101893,818250,819200,0.992978515625,0.9924482722955335,0.9934717729070628,0.995048828125,0.9945999577861572,0.9954605570898399,0.99884033203125,0.025930749582792744
rt_window2_first,1000,ood_dev,9,102400,101062,101449,919699,921600,0.98693359375,0.9862195638452892,0.9876110911316697,0.990712890625,0.9901066993001785,0.9912822658824697,0.9979372829861111,0.03706767856980029
rt_window2_first,1000,ood_dev,10,102400,100258,100950,1020649,1024000,0.97908203125,0.9781873604829917,0.9799407585627676,0.98583984375,0.9850977413733022,0.986545495662992,0.9967275390625,0.050475671309061526
rt_window2_first,1000,ood_dev,11,102400,99174,100236,1120885,1126400,0.96849609375,0.9674085291855087,0.9695485090773893,0.9788671875,0.9779681327973063,0.9797303148672508,0.9951038707386364,0.06837174164516605
rt_window2_first,1000,ood_dev,12,102400,97855,99375,1220260,1228800,0.955615234375,0.954336639837242,0.9568596460708644,0.970458984375,0.9694041560828784,0.9714785161628195,0.9930501302083333,0.08893837460263967
rt_window2_first,1000,ood_dev,13,102400,96401,98534,1318794,1331200,0.941416015625,0.9399609928905942,0.942837920823527,0.96224609375,0.9610612401242127,0.9633962670491731,0.9906805889423077,0.11137322347722417
rt_window2_first,1000,ood_dev,14,102400,94735,97541,1416335,1433600,0.925146484375,0.9235186935092923,0.9267423783374427,0.952548828125,0.9512296029296857,0.9538341005376288,0.9879568917410714,0.13586915780710185
rt_window2_first,1000,ood_dev,15,102400,92910,96422,1512757,1536000,0.90732421875,0.9055328265765721,0.909085051147726,0.94162109375,0.9401684264646073,0.9430406281133885,0.9848678385416667,0.1638780630172259
rt_window2_first,1000,ood_dev,16,102400,90873,95171,1607928,1638400,0.887431640625,0.8854812296570581,0.8893529842714022,0.929404296875,0.9278192559470698,0.9309571214543954,0.9814013671875,0.1963321763891799
rt_window2_first,1000,ood_dev,17,102400,88782,94104,1702032,1740800,0.86701171875,0.8649181650865397,0.8690777371104051,0.918984375,0.9172973838114851,0.920639931601684,0.9777297794117648,0.2290170711420297
rt_window2_first,1000,ood_dev,18,102400,86618,92872,1794904,1843200,0.84587890625,0.8436544535690507,0.8480774091314811,0.906953125,0.9051585586643558,0.9087171594015024,0.9737977430555556,0.26213927636961665
rt_window2_first,1000,ood_dev,19,102400,84369,91629,1886533,1945600,0.823916015625,0.8215709585161747,0.8262367707151187,0.894814453125,0.892920550760305,0.8966787342676413,0.9696407277960526,0.3001411676151674
rt_window2_first,1000,ood_dev,20,102400,82088,90401,1976934,2048000,0.801640625,0.7991869430034166,0.8040716762041624,0.882822265625,0.8808379299697925,0.8847778797801525,0.9652998046875,0.3348839659523929
rt_window2_first,1000,ood_dev,21,102400,79758,89132,2066066,2150400,0.77888671875,0.7763344754467041,0.78141803838812,0.8704296875,0.8683588617941139,0.8724727214674081,0.9607821800595238,0.37640685704969373
rt_window2_first,1000,ood_dev,22,102400,77435,87797,2153863,2252800,0.756201171875,0.7535617330308836,0.7588213890524768,0.857392578125,0.8552374675492721,0.8595208750802205,0.9560826526988636,0.41758337217070735
rt_window2_first,1000,ood_dev,23,102400,75138,86573,2240436,2355200,0.73376953125,0.7310536826969313,0.7364678410854769,0.845439453125,0.8432124418597846,0.847640547561016,0.9512720788043478,0.4599787001362927
rt_window2_first,1000,ood_dev,24,102400,72795,85364,2325800,2457600,0.710888671875,0.7081040856466985,0.713657436037699,0.8336328125,0.8313393366042687,0.8359012573677504,0.9463704427083334,0.5022814783205293
rt_window2_first,1000,ood_dev,25,102400,70495,84045,2409845,2560000,0.688427734375,0.6855840542124594,0.691257277619004,0.820751953125,0.8183906729390479,0.8230891686781799,0.941345703125,0.5466162741989059
rt_window2_first,1000,ood_dev,26,102400,68159,82738,2492583,2662400,0.665615234375,0.6627195007860587,0.6684985425686853,0.80798828125,0.8055642609333151,0.8103891945370496,0.9362165715144231,0.5923943394844805
rt_window2_first,1000,ood_dev,27,102400,65917,81443,2574026,2764800,0.643720703125,0.6407821586535778,0.6466484648532189,0.795341796875,0.7928596434122912,0.7978017921191387,0.9309989872685185,0.6408479134589907
rt_window2_first,1000,ood_dev,28,102400,63727,80205,2654231,2867200,0.622333984375,0.619360080791126,0.6252987097687465,0.783251953125,0.7807177180262757,0.7857649370538793,0.9257223074776786,0.6888385272628075
rt_window2_first,1000,ood_dev,29,102400,61662,79301,2733532,2969600,0.60216796875,0.599166361229625,0.6051619110492437,0.774423828125,0.7718535957320796,0.7769734716841394,0.9205051185344828,0.7308186494940125
rt_window2_first,1000,ood_dev,30,102400,59524,78052,2811584,3072000,0.5812890625,0.578264368278159,0.5843076579548081,0.7622265625,0.759609270978683,0.7648241802956601,0.9152291666666666,0.777089481899581
rt_window2_first,1000,ood_dev,31,102400,57438,76938,2888522,3174400,0.56091796875,0.5578761104038391,0.5639552566842493,0.75134765625,0.7486908890330152,0.753985565938646,0.9099426663306451,0.8255553015995057
rt_window2_first,1000,ood_dev,32,102400,55421,75902,2964424,3276800,0.541220703125,0.5381671947710718,0.5442711188677263,0.74123046875,0.738539006547808,0.7439038324727053,0.90467041015625,0.8702622407340388
rt_window2_first,1000,ood_dev,33,102400,53485,74867,3039291,3379200,0.522314453125,0.5192542809047688,0.5253729511882551,0.731123046875,0.7283987867581266,0.7338299668285663,0.8994113991477273,0.9146236274604927
rt_window2_first,1000,ood_dev,34,102400,51560,73699,3112990,3481600,0.503515625,0.5004531825320515,0.5065778037057991,0.719716796875,0.7169576770460159,0.7224594323023174,0.8941262637867647,0.967253459843946
rt_window2_first,1000,ood_dev,35,102400,49667,72595,3185585,3584000,0.485029296875,0.4819688451360073,0.4880908718011457,0.708935546875,0.7061455007493301,0.7117099174695948,0.8888351004464285,1.0200431363027982
rt_window2_first,1000,ood_dev,36,102400,47869,71502,3257087,3686400,0.467470703125,0.46441602469489784,0.470527822087657,0.69826171875,0.695442925612699,0.7010656371674184,0.8835413953993055,1.0650197861735007
rt_window2_first,5000,dev,1,102400,102400,102400,102400,102400,1.0,0.9999624871609701,1.0,1.0,0.9999624871609701,1.0,1.0,0.00017869092830357757
rt_window2_first,5000,dev,2,102400,102400,102400,204800,204800,1.0,0.9999624871609701,1.0,1.0,0.9999624871609701,1.0,1.0,0.00013068954080950769
rt_window2_first,5000,dev,3,102400,102399,102399,307199,307200,0.999990234375,0.9999446805183295,0.9999982761253133,0.999990234375,0.9999446805183295,0.9999982761253133,0.9999967447916667,0.00012843406642236487
rt_window2_first,5000,dev,4,102400,102398,102399,409598,409600,0.99998046875,0.9999287823158808,0.9999946438104347,0.999990234375,0.9999446805183295,0.9999982761253133,0.9999951171875,0.0001631813050268227
rt_window2_first,5000,dev,5,102400,102398,102399,511997,512000,0.99998046875,0.9999287823158808,0.9999946438104347,0.999990234375,0.9999446805183295,0.9999982761253133,0.999994140625,0.0002692867857197245
rt_window2_first,5000,dev,6,102400,102392,102393,614390,614400,0.999921875,0.9998458314166382,0.9999604116057129,0.999931640625,0.9998588878252541,0.9999668857144244,0.9999837239583333,0.0005700453607205069
rt_window2_first,5000,dev,7,102400,102381,102384,716774,716800,0.999814453125,0.999710201380565,0.999881205951185,0.99984375,0.9997461828910157,0.9999038159927167,0.9999637276785714,0.0010736450484457871
rt_window2_first,5000,dev,8,102400,102338,102348,819122,819200,0.99939453125,0.9992239751088952,0.9995276199777785,0.9994921875,0.9993341989036343,0.9996127013563129,0.99990478515625,0.002149823590322144
rt_window2_first,5000,dev,9,102400,102272,102309,921431,921600,0.99875,0.9985140751833245,0.9989485057597433,0.999111328125,0.9989091451458519,0.9992760649383282,0.9998166232638889,0.003614629524438888
rt_window2_first,5000,dev,10,102400,102157,102224,1023655,1024000,0.997626953125,0.9973096941157067,0.9979068773347144,0.99828125,0.9980081690540892,0.998516947057265,0.9996630859375,0.006194683181556216
rt_window2_first,5000,dev,11,102400,101970,102085,1125740,1126400,0.99580078125,0.9953856863833869,0.9961786783268173,0.996923828125,0.9965654983462553,0.9972448758565955,0.9994140625,0.00968563380012712
rt_window2_first,5000,dev,12,102400,101719,101928,1227668,1228800,0.993349609375,0.9928329474008583,0.9938292574601778,0.995390625,0.9949567595644009,0.9957873234180539,0.9990787760416666,0.014284272275539984
rt_window2_first,5000,ood_dev,1,102400,102400,102400,102400,102400,1.0,0.9999624871609701,1.0,1.0,0.9999624871609701,1.0,1.0,0.00017857595392626992
rt_window2_first,5000,ood_dev,2,102400,102400,102400,204800,204800,1.0,0.9999624871609701,1.0,1.0,0.9999624871609701,1.0,1.0,0.0001347635208953113
rt_window2_first,5000,ood_dev,3,102400,102399,102399,307199,307200,0.999990234375,0.9999446805183295,0.9999982761253133,0.999990234375,0.9999446805183295,0.9999982761253133,0.9999967447916667,0.00012720099730959334
rt_window2_first,5000,ood_dev,4,102400,102399,102400,409599,409600,0.999990234375,0.9999446805183295,0.9999982761253133,1.0,0.9999624871609701,1.0,0.99999755859375,0.0001638951888882234
rt_window2_first,5000,ood_dev,5,102400,102397,102398,511997,512000,0.999970703125,0.9999138592392058,0.9999900363697822,0.99998046875,0.9999287823158808,0.9999946438104347,0.999994140625,0.0002890826551535741
rt_window2_first,5000,ood_dev,6,102400,102388,102390,614387,614400,0.9998828125,0.9997951608462756,0.9999329601067661,0.99990234375,0.9998202295599984,0.9999469524276979,0.9999788411458334,0.0006634672472030933
rt_window2_first,5000,ood_dev,7,102400,102369,102374,716761,716800,0.999697265625,0.9995703338469782,0.9997867072768437,0.99974609375,0.9996279799998077,0.999826713710651,0.9999455915178571,0.0012280686240959992
rt_window2_first,5000,ood_dev,8,102400,102340,102354,819115,819200,0.9994140625,0.999245935024263,0.9995447210970653,0.99955078125,0.9994009117003653,0.999663171663546,0.999896240234375,0.002168740079515974
rt_window2_first,5000,ood_dev,9,102400,102269,102300,921415,921600,0.998720703125,0.9984822706196083,0.9989217187714773,0.9990234375,0.9988124983414783,0.9991969370867555,0.9997992621527778,0.0038843703410146
rt_window2_first,5000,ood_dev,10,102400,102157,102216,1023631,1024000,0.997626953125,0.9973096941157067,0.9979068773347144,0.998203125,0.997924370529382,0.9984445014433533,0.9996396484375,0.006281729020399946
rt_window2_first,5000,ood_dev,11,102400,101991,102105,1125736,1126400,0.996005859375,0.9956004979407269,0.9963740076333518,0.997119140625,0.9967716980491369,0.9974292865002611,0.9994105113636363,0.009663938847825505
rt_window2_first,5000,ood_dev,12,102400,101750,101928,1227664,1228800,0.99365234375,0.9931470503064159,0.9941206005917684,0.995390625,0.9949567595644009,0.9957873234180539,0.9990755208333333,0.014741171622016234
rt_window2_first,5000,ood_dev,13,102400,101396,101674,1329338,1331200,0.9901953125,0.9895731576816903,0.9907806900826076,0.99291015625,0.9923774513914004,0.9934058801899043,0.9986012620192307,0.020832428204973677
rt_window2_first,5000,ood_dev,14,102400,100974,101421,1430759,1433600,0.98607421875,0.9853380339594429,0.9867739354927081,0.990439453125,0.9898247727743926,0.9910173379230894,0.9980182756696429,0.028921623079217862
rt_window2_first,5000,ood_dev,15,102400,100431,101072,1531831,1536000,0.980771484375,0.9799121576240885,0.9815947409193043,0.98703125,0.9863197851573066,0.9877061749929258,0.9972858072916667,0.03805926933350335
rt_window2_first,5000,ood_dev,16,102400,99823,100712,1632543,1638400,0.974833984375,0.9738566887945506,0.9757756552138059,0.983515625,0.9827174157046433,0.9842775582077384,0.9964251708984375,0.047756257684138846
rt_window2_first,5000,ood_dev,17,102400,99108,100236,1732779,1740800,0.9678515625,0.9667534951309147,0.9689145289883774,0.9788671875,0.9779681327973063,0.9797303148672508,0.9953923483455882,0.06199771073812793
rt_window2_first,5000,ood_dev,18,102400,98274,99735,1832514,1843200,0.95970703125,0.9584852540313247,0.960894318636947,0.973974609375,0.9729815373929893,0.9749321210905593,0.9942024739583334,0.0760882709173504
rt_window2_first,5000,ood_dev,19,102400,97378,99217,1931731,1945600,0.95095703125,0.9496173142062331,0.9522629149367215,0.968916015625,0.967835357763187,0.9699614927447876,0.9928716077302632,0.09319747777633207
rt_window2_first,5000,ood_dev,20,102400,96428,98709,2030440,2048000,0.9416796875,0.9402276941164792,0.9430985435654807,0.963955078125,0.9627958716741906,0.9650794760314839,0.99142578125,0.11125102143200044
rt_window2_first,5000,ood_dev,21,102400,95389,98100,2128540,2150400,0.931533203125,0.9299701482684742,0.9330638819103559,0.9580078125,0.9567620576290762,0.9592192050242342,0.989834449404762,0.13215897239716431
rt_window2_first,5000,ood_dev,22,102400,94330,97572,2226112,2252800,0.92119140625,0.9195252731067326,0.9228259392224204,0.9528515625,0.9515362796314173,0.9541328698730458,0.9881534090909091,0.1526149255705385
rt_window2_first,5000,ood_dev,23,102400,93240,96997,2323109,2355200,0.910546875,0.9087834166369464,0.9122795318053813,0.947236328125,0.9458501859608631,0.9485889160803663,0.9863744055706521,0.1741850694002823
rt_window2_first,5000,ood_dev,24,102400,92043,96244,2419353,2457600,0.898857421875,0.8969956733409516,0.9006892458605229,0.9398828125,0.9384103358318885,0.9413222866618369,0.984437255859375,0.1990863294838465
rt_window2_first,5000,ood_dev,25,102400,90844,95644,2514997,2560000,0.8871484375,0.8851959130214597,0.8890719159045071,0.9340234375,0.9324866484484114,0.9355276636488964,0.982420703125,0.22475519582387818
rt_window2_first,5000,ood_dev,26,102400,89551,94868,2609865,2662400,0.874521484375,0.8724784898603624,0.8765363801613244,0.9264453125,0.9248303951754181,0.9280282354758561,0.980267803485577,0.2522474942689826
rt_window2_first,5000,ood_dev,27,102400,88194,94078,2703943,2764800,0.86126953125,0.8591388158212531,0.8633731421872027,0.91873046875,0.9170411017708575,0.9203884201918002,0.9779886429398148,0.2828998457653091
rt_window2_first,5000,ood_dev,28,102400,86901,93445,2797388,2867200,0.848642578125,0.8464343609623272,0.8508246381418484,0.912548828125,0.9108030649828202,0.9142636395116169,0.9756515066964285,0.30939133193471774
rt_window2_first,5000,ood_dev,29,102400,85531,92762,2890150,2969600,0.835263671875,0.8329791224852676,0.8375230678804211,0.90587890625,0.9040751998667979,0.9076521612930505,0.9732455549568966,0.33969355479113056
rt_window2_first,5000,ood_dev,30,102400,84155,92043,2982193,3072000,0.821826171875,0.8194703687829815,0.824157829740256,0.898857421875,0.8969956733409516,0.9006892458605229,0.9707659505208334,0.37055931210590265
rt_window2_first,5000,ood_dev,31,102400,82820,91364,3073557,3174400,0.8087890625,0.8063688550575858,0.8111861028336227,0.8922265625,0.8903125364068737,0.8941111615293217,0.968232421875,0.40417994087366826
rt_window2_first,5000,ood_dev,32,102400,81365,90507,3164064,3276800,0.794580078125,0.7920945449383956,0.7970435102415001,0.883857421875,0.8818806179499894,0.8858054266366562,0.965595703125,0.4378575987799117
rt_window2_first,5000,ood_dev,33,102400,80047,89873,3253937,3379200,0.781708984375,0.779168336764643,0.7842284965777887,0.877666015625,0.875644887042076,0.8796588095590215,0.9629311671401515,0.47184737647613806
rt_window2_first,5000,ood_dev,34,102400,78616,89014,3342951,3481600,0.767734375,0.7651379582476246,0.770310704799351,0.86927734375,0.8671988034864637,0.8713281787304292,0.9601766429227941,0.5113447102995338
rt_window2_first,5000,ood_dev,35,102400,77214,88285,3431236,3584000,0.75404296875,0.7513957688163446,0.7566711089376685,0.862158203125,0.8600331573314415,0.8642560777538042,0.9573761160714286,0.5448066550830384
rt_window2_first,5000,ood_dev,36,102400,75845,87638,3518874,3686400,0.740673828125,0.7379805118442292,0.7433490876886245,0.85583984375,0.8536751148284658,0.8579778755459762,0.9545556640625,0.5839171082541823
rt_window2_first,10000,dev,1,102400,102400,102400,102400,102400,1.0,0.9999624871609701,1.0,1.0,0.9999624871609701,1.0,1.0,5.255906320730474e-05
rt_window2_first,10000,dev,2,102400,102400,102400,204800,204800,1.0,0.9999624871609701,1.0,1.0,0.9999624871609701,1.0,1.0,4.1712126283440786e-05
rt_window2_first,10000,dev,3,102400,102400,102400,307200,307200,1.0,0.9999624871609701,1.0,1.0,0.9999624871609701,1.0,1.0,4.337109207045442e-05
rt_window2_first,10000,dev,4,102400,102400,102400,409600,409600,1.0,0.9999624871609701,1.0,1.0,0.9999624871609701,1.0,1.0,7.096042277242198e-05
rt_window2_first,10000,dev,5,102400,102399,102399,511999,512000,0.999990234375,0.9999446805183295,0.9999982761253133,0.999990234375,0.9999446805183295,0.9999982761253133,0.999998046875,0.00016365807865992453
rt_window2_first,10000,dev,6,102400,102390,102390,614389,614400,0.99990234375,0.9998202295599984,0.9999469524276979,0.99990234375,0.9998202295599984,0.9999469524276979,0.9999820963541667,0.0003976771809144186
rt_window2_first,10000,dev,7,102400,102375,102381,716770,716800,0.999755859375,0.9996396050278641,0.999834619199922,0.999814453125,0.999710201380565,0.999881205951185,0.9999581473214286,0.0007796616524762567
rt_window2_first,10000,dev,8,102400,102328,102337,819107,819200,0.999296875,0.9991147176527119,0.9994415722606881,0.999384765625,0.9992130096490762,0.99951905492027,0.999886474609375,0.001713307586296603
rt_window2_first,10000,dev,9,102400,102264,102297,921404,921600,0.998671875,0.9984293258087811,0.9988770109956677,0.998994140625,0.9987803704671523,0.9991704734090994,0.9997873263888889,0.0029828915914567856
rt_window2_first,10000,dev,10,102400,102178,102245,1023649,1024000,0.99783203125,0.997527875670651,0.9980988366436444,0.998486328125,0.9982287857437072,0.9987064712315218,0.9996572265625,0.004977244183757747
rt_window2_first,10000,dev,11,102400,102052,102146,1125795,1126400,0.9966015625,0.9962260038439347,0.996939863287113,0.99751953125,0.9971956352798654,0.9978061004799545,0.999462890625,0.007655320140899071
rt_window2_first,10000,dev,12,102400,101865,102022,1227817,1228800,0.994775390625,0.9943148907773988,0.9951987696134322,0.99630859375,0.995918074490277,0.99666187712095,0.9992000325520833,0.010797367758541178
rt_window2_first,10000,ood_dev,1,102400,102400,102400,102400,102400,1.0,0.9999624871609701,1.0,1.0,0.9999624871609701,1.0,1.0,5.2640685474480974e-05
rt_window2_first,10000,ood_dev,2,102400,102400,102400,204800,204800,1.0,0.9999624871609701,1.0,1.0,0.9999624871609701,1.0,1.0,4.17140594677512e-05
rt_window2_first,10000,ood_dev,3,102400,102400,102400,307200,307200,1.0,0.9999624871609701,1.0,1.0,0.9999624871609701,1.0,1.0,4.4117780322687764e-05
rt_window2_first,10000,ood_dev,4,102400,102399,102399,409599,409600,0.999990234375,0.9999446805183295,0.9999982761253133,0.999990234375,0.9999446805183295,0.9999982761253133,0.99999755859375,7.304934050035461e-05
rt_window2_first,10000,ood_dev,5,102400,102398,102399,511998,512000,0.99998046875,0.9999287823158808,0.9999946438104347,0.999990234375,0.9999446805183295,0.9999982761253133,0.99999609375,0.0001635906931504083
rt_window2_first,10000,ood_dev,6,102400,102392,102392,614390,614400,0.999921875,0.9998458314166382,0.9999604116057129,0.999921875,0.9998458314166382,0.9999604116057129,0.9999837239583333,0.00041087617743802376
rt_window2_first,10000,ood_dev,7,102400,102379,102383,716773,716800,0.999794921875,0.9996864903756401,0.9998658559214554,0.999833984375,0.9997341277518229,0.9998963406145821,0.9999623325892857,0.0007893802875938838
rt_window2_first,10000,ood_dev,8,102400,102343,102355,819128,819200,0.999443359375,0.9992789510277558,0.9995702966455544,0.999560546875,0.9994120800157498,0.9996715338654889,0.999912109375,0.0014762730010862812
rt_window2_first,10000,ood_dev,9,102400,102283,102310,921438,921600,0.998857421875,0.9986309522721535,0.9990464643615151,0.99912109375,0.998919909733904,0.9992848308676036,0.99982421875,0.0027525913058451357
rt_window2_first,10000,ood_dev,10,102400,102198,102249,1023687,1024000,0.99802734375,0.9977362590677068,0.9982810635931361,0.998525390625,0.9982709249263024,0.9987424541182359,0.9996943359375,0.004378839253218849
rt_window2_first,10000,ood_dev,11,102400,102076,102160,1125847,1126400,0.9968359375,0.9964728222268292,0.9971617773200753,0.99765625,0.997340827115986,0.997934335886417,0.9995090553977273,0.006798457177132847
rt_window2_first,10000,ood_dev,12,102400,101914,102056,1227903,1228800,0.99525390625,0.9948139733693717,0.9956566823705,0.996640625,0.9962671094948198,0.9969768797055375,0.99927001953125,0.009998399960304927
rt_window2_first,10000,ood_dev,13,102400,101694,101906,1329809,1331200,0.99310546875,0.9925798295115512,0.9935941124163009,0.99517578125,0.9947324209737033,0.9955819906275495,0.998955078125,0.014378613295377993
rt_window2_first,10000,ood_dev,14,102400,101424,101723,1431532,1433600,0.99046875,0.9898549731590571,0.9910457290904069,0.993388671875,0.9928734617684393,0.9938668651619064,0.9985574776785714,0.02022848786512711
rt_window2_first,10000,ood_dev,15,102400,101130,101545,1533077,1536000,0.98759765625,0.9869012710303667,0.9882574591248526,0.991650390625,0.9910743252750432,0.9921895695710318,0.9980970052083333,0.02639469829517229
rt_window2_first,10000,ood_dev,16,102400,100748,101276,1634353,1638400,0.9838671875,0.983077185448572,0.984620887087595,0.9890234375,0.9883666738444723,0.989643511840542,0.9975299072265625,0.0353578480815433
rt_window2_first,10000,ood_dev,17,102400,100341,101051,1735404,1740800,0.979892578125,0.9790146668104651,0.9807344851734652,0.986826171875,0.9861093319028864,0.9875064873834714,0.9969002757352942,0.043850811527942596
rt_window2_first,10000,ood_dev,18,102400,99901,100768,1836172,1843200,0.975595703125,0.9746326366782153,0.9765230876816754,0.9840625,0.9832770981959362,0.9848115846867778,0.9961870659722222,0.05280753533850995
rt_window2_first,10000,ood_dev,19,102400,99415,100490,1936662,1945600,0.970849609375,0.9698014371139094,0.971862455824883,0.98134765625,0.980500758580344,0.9821584404853632,0.9954060444078947,0.06515529898781292
rt_window2_first,10000,ood_dev,20,102400,98856,100112,2036774,2048000,0.965390625,0.9642534939378766,0.96649283981492,0.97765625,0.9767329199555285,0.9785437435604357,0.9945185546875,0.07867767075449071
rt_window2_first,10000,ood_dev,21,102400,98308,99789,2136563,2150400,0.9600390625,0.9588220373758747,0.9612215728815272,0.974501953125,0.9735185280349743,0.9754497783842517,0.9935653831845238,0.09312927781422715
rt_window2_first,10000,ood_dev,22,102400,97731,99432,2235995,2252800,0.954404296875,0.953109468879404,0.9556650328801095,0.971015625,0.9699702963504678,0.9720256153828898,0.9925403941761364,0.10988852518551194
rt_window2_first,10000,ood_dev,23,102400,97141,99179,2335174,2355200,0.948642578125,0.9472737487672496,0.94997774776912,0.968544921875,0.9674581577948266,0.9695965330547082,0.9914971127717391,0.1239727277572537
rt_window2_first,10000,ood_dev,24,102400,96466,98763,2433937,2457600,0.94205078125,0.9406030654186581,0.9434653319217416,0.964482421875,0.9633312666339099,0.965598729007442,0.9903715006510416,0.14011208428006117
rt_window2_first,10000,ood_dev,25,102400,95755,98313,2532250,2560000,0.935107421875,0.9335822581741956,0.9365999413464493,0.960087890625,0.9588715662259846,0.9612696966180541,0.98916015625,0.16137766934978123
rt_window2_first,10000,ood_dev,26,102400,95038,97870,2630120,2662400,0.92810546875,0.9265072182116056,0.9296716003853203,0.95576171875,0.9544851051630502,0.9570041385049669,0.9878756009615385,0.18283813592361817
rt_window2_first,10000,ood_dev,27,102400,94368,97516,2727636,2764800,0.9215625,0.9198999110091398,0.923193460978453,0.9523046875,0.9509822936493569,0.9535931468847737,0.9865581597222223,0.20416309624043724
rt_window2_first,10000,ood_dev,28,102400,93689,97160,2824796,2867200,0.914931640625,0.9132072946345253,0.9166248560877883,0.948828125,0.9474616007602016,0.950160975605388,0.9852106584821428,0.22533270642289466
rt_window2_first,10000,ood_dev,29,102400,92972,96750,2921546,2969600,0.9079296875,0.9061434928064592,0.9096852769921354,0.94482421875,0.9434090058347009,0.9462060584266698,0.9838180226293104,0.2501318698475769
rt_window2_first,10000,ood_dev,30,102400,92226,96294,3017840,3072000,0.90064453125,0.8987972838127839,0.902461720059598,0.94037109375,0.9389041461173456,0.9418050022427479,0.9823697916666667,0.2721078747954108
rt_window2_first,10000,ood_dev,31,102400,91497,95928,3113768,3174400,0.893525390625,0.89162142068967,0.8953998360510647,0.936796875,0.9352900710985843,0.9382709079196943,0.9808996975806452,0.29729279670792785
rt_window2_first,10000,ood_dev,32,102400,90778,95569,3209337,3276800,0.88650390625,0.8845465861424671,0.8884322286398936,0.933291015625,0.9317464383430071,0.9348030849547485,0.9794119262695312,0.3201065280220783
rt_window2_first,10000,ood_dev,33,102400,90077,95127,3304464,3379200,0.879658203125,0.8776511492852097,0.8816367728506698,0.928974609375,0.9273851815312445,0.9305318531078167,0.9778835227272727,0.34530715912388815
rt_window2_first,10000,ood_dev,34,102400,89335,94757,3399221,3481600,0.872412109375,0.8703546812736251,0.8744415970053514,0.925361328125,0.923735656843233,0.9269550863847041,0.9763387522977941,0.3711450477450436
rt_window2_first,10000,ood_dev,35,102400,88566,94292,3493513,3584000,0.86490234375,0.8627949926347309,0.8669823178195035,0.9208203125,0.9191506459823404,0.9224584066883728,0.9747525111607143,0.39967680852934434
rt_window2_first,10000,ood_dev,36,102400,87850,93968,3587481,3686400,0.85791015625,0.85575827091807,0.8600351891297728,0.91765625,0.9159568848832774,0.9193242801733702,0.97316650390625,0.4247343234453737
rt_window2_first,20000,dev,1,102400,102400,102400,102400,102400,1.0,0.9999624871609701,1.0,1.0,0.9999624871609701,1.0,1.0,1.9945785206845202e-05
rt_window2_first,20000,dev,2,102400,102400,102400,204800,204800,1.0,0.9999624871609701,1.0,1.0,0.9999624871609701,1.0,1.0,2.6287688208105898e-05
rt_window2_first,20000,dev,3,102400,102400,102400,307200,307200,1.0,0.9999624871609701,1.0,1.0,0.9999624871609701,1.0,1.0,2.7924997946948137e-05
rt_window2_first,20000,dev,4,102400,102400,102400,409600,409600,1.0,0.9999624871609701,1.0,1.0,0.9999624871609701,1.0,1.0,4.8535768317847226e-05
rt_window2_first,20000,dev,5,102400,102398,102398,511998,512000,0.99998046875,0.9999287823158808,0.9999946438104347,0.99998046875,0.9999287823158808,0.9999946438104347,0.99999609375,0.00011735119837624708
rt_window2_first,20000,dev,6,102400,102395,102396,614394,614400,0.999951171875,0.9998856912053655,0.9999791433689678,0.9999609375,0.9998995558365923,0.9999848092550684,0.999990234375,0.0001830730288306981
rt_window2_first,20000,dev,7,102400,102388,102390,716784,716800,0.9998828125,0.9997951608462756,0.9999329601067661,0.99990234375,0.9998202295599984,0.9999469524276979,0.9999776785714286,0.00045227709695879804
rt_window2_first,20000,dev,8,102400,102372,102377,819161,819200,0.9997265625,0.99960483075273,0.9998108019230739,0.999775390625,0.9996629658993142,0.9998503193631264,0.999952392578125,0.0007768899447308597
rt_window2_first,20000,dev,9,102400,102342,102352,921513,921600,0.99943359375,0.999267935201936,0.999561781954047,0.99953125,0.9993786192504616,0.9996464030787949,0.9999055989583333,0.0015740774977577399
rt_window2_first,20000,dev,10,102400,102295,102318,1023831,1024000,0.998974609375,0.998758974602583,0.9991528082390141,0.99919921875,0.9990062333665538,0.9993547513735724,0.9998349609375,0.002430101508123975
rt_window2_first,20000,dev,11,102400,102255,102295,1126126,1126400,0.998583984375,0.9983342110358201,0.9987963511126822,0.998974609375,0.998758974602583,0.9991528082390141,0.9997567471590909,0.0033404852748657177
rt_window2_first,20000,dev,12,102400,102202,102256,1228382,1228800,0.99806640625,0.9977780124723823,0.9983174322577699,0.99859375,0.9983447680796129,0.9988053245862167,0.9996598307291666,0.0043117790061191616
rt_window2_first,20000,ood_dev,1,102400,102400,102400,102400,102400,1.0,0.9999624871609701,1.0,1.0,0.9999624871609701,1.0,1.0,1.9950369538632717e-05
rt_window2_first,20000,ood_dev,2,102400,102400,102400,204800,204800,1.0,0.9999624871609701,1.0,1.0,0.9999624871609701,1.0,1.0,2.5747662296279894e-05
rt_window2_first,20000,ood_dev,3,102400,102400,102400,307200,307200,1.0,0.9999624871609701,1.0,1.0,0.9999624871609701,1.0,1.0,2.8222658620944975e-05
rt_window2_first,20000,ood_dev,4,102400,102400,102400,409600,409600,1.0,0.9999624871609701,1.0,1.0,0.9999624871609701,1.0,1.0,3.8504309013557834e-05
rt_window2_first,20000,ood_dev,5,102400,102399,102399,511999,512000,0.999990234375,0.9999446805183295,0.9999982761253133,0.999990234375,0.9999446805183295,0.9999982761253133,0.999998046875,9.650399594875236e-05
rt_window2_first,20000,ood_dev,6,102400,102397,102398,614397,614400,0.999970703125,0.9999138592392058,0.9999900363697822,0.99998046875,0.9999287823158808,0.9999946438104347,0.9999951171875,0.00012818037830242602
rt_window2_first,20000,ood_dev,7,102400,102391,102393,716790,716800,0.999912109375,0.9998329541276058,0.999953758377418,0.999931640625,0.9998588878252541,0.9999668857144244,0.9999860491071428,0.00033999828550112355
rt_window2_first,20000,ood_dev,8,102400,102377,102381,819171,819200,0.999775390625,0.9996629658993142,0.9998503193631264,0.999814453125,0.999710201380565,0.999881205951185,0.999964599609375,0.0006308558894899608
rt_window2_first,20000,ood_dev,9,102400,102346,102357,921528,921600,0.99947265625,0.99931206478972,0.9995957744355726,0.999580078125,0.9994344632702631,0.9996882116456304,0.999921875,0.001236822803416807
rt_window2_first,20000,ood_dev,10,102400,102310,102335,1023863,1024000,0.99912109375,0.998919909733904,0.9992848308676036,0.999365234375,0.9991911066054158,0.9995018969292757,0.9998662109375,0.0018280251595855018
rt_window2_first,20000,ood_dev,11,102400,102262,102302,1126165,1126400,0.99865234375,0.9984081690591273,0.9988591067106667,0.99904296875,0.9988339404315436,0.9992145560313448,0.9997913707386363,0.0031050629350452214
rt_window2_first,20000,ood_dev,12,102400,102204,102259,1228424,1228800,0.9980859375,0.9977988993841387,0.9983356063806683,0.998623046875,0.9983764558107984,0.9988322284070137,0.9996940104166666,0.004501396703040315
rt_window2_first,20000,ood_dev,13,102400,102135,102216,1330640,1331200,0.997412109375,0.9970817192769507,0.9977051807922682,0.998203125,0.997924370529382,0.9984445014433533,0.9995793269230769,0.006447605751449045
rt_window2_first,20000,ood_dev,14,102400,102056,102165,1432805,1433600,0.996640625,0.9962671094948198,0.9969768797055375,0.997705078125,0.9973927412344316,0.9979800743546082,0.9994454520089285,0.008259833560509414
rt_window2_first,20000,ood_dev,15,102400,101958,102111,1534916,1536000,0.99568359375,0.9952630446605258,0.99606695384175,0.997177734375,0.9968336299245605,0.9974845377288019,0.9992942708333333,0.010828094515214999
rt_window2_first,20000,ood_dev,16,102400,101849,102041,1636957,1638400,0.994619140625,0.9941521337738766,0.9950490383397166,0.996494140625,0.9961130235778322,0.9968380078626147,0.9991192626953125,0.013184600943043065
rt_window2_first,20000,ood_dev,17,102400,101728,101972,1738929,1740800,0.9934375,0.992924110892495,0.9939138686244872,0.9958203125,0.995406134120221,0.9961972916246379,0.9989252068014706,0.016338230628184472
rt_window2_first,20000,ood_dev,18,102400,101612,101903,1840832,1843200,0.9923046875,0.9917506895044369,0.9928217500025714,0.995146484375,0.9947018460841343,0.9955539739651366,0.9987152777777778,0.020362357167308175
rt_window2_first,20000,ood_dev,19,102400,101484,101830,1942662,1945600,0.9910546875,0.9904592903275783,0.9916132429615275,0.99443359375,0.9939589832247879,0.9948711090595852,0.998489925986842,0.023945400777391632
rt_window2_first,20000,ood_dev,20,102400,101356,101741,2044403,2048000,0.9898046875,0.9891707703041316,0.9904018567670717,0.993564453125,0.9930558311963246,0.9940360450459135,0.99824365234375,0.027551693733399777
rt_window2_first,20000,ood_dev,21,102400,101215,101679,2146082,2150400,0.988427734375,0.9877541101295108,0.9890647139985344,0.992958984375,0.9924280365075737,0.9934529476603677,0.9979920014880952,0.03166989119114627
rt_window2_first,20000,ood_dev,22,102400,101071,101592,2247674,2252800,0.987021484375,0.9863097625747054,0.9876966670581998,0.992109375,0.9915486923844682,0.9926331367759927,0.997724609375,0.036811464526317415
rt_window2_first,20000,ood_dev,23,102400,100915,101497,2349171,2355200,0.985498046875,0.9847474056794521,0.9862122632503842,0.991181640625,0.9905903065756668,0.9917361234386947,0.997440132472826,0.0418395101397414
rt_window2_first,20000,ood_dev,24,102400,100750,101415,2450586,2457600,0.98388671875,0.9830971754013701,0.9846399581694515,0.990380859375,0.9897643762712124,0.9909605513223053,0.99714599609375,0.04686557941294213
rt_window2_first,20000,ood_dev,25,102400,100592,101336,2551922,2560000,0.98234375,0.9815188293621729,0.9831324824709252,0.989609375,0.9889696637723764,0.9902123529522797,0.99684453125,0.05213912078229681
rt_window2_first,20000,ood_dev,26,102400,100438,101250,2653172,2662400,0.98083984375,0.979981981209669,0.9816616309550156,0.98876953125,0.9881055246096896,0.9893968676248134,0.996533954326923,0.058632483835223806
rt_window2_first,20000,ood_dev,27,102400,100269,101117,2754289,2764800,0.979189453125,0.9782969833400291,0.9800459713963311,0.987470703125,0.9867709073598723,0.9881339260700914,0.9961982783564814,0.06560308472476892
rt_window2_first,20000,ood_dev,28,102400,100102,101066,2855355,2867200,0.97755859375,0.9766333370640629,0.9784480212786276,0.98697265625,0.98625965116859,0.9876491258776782,0.9958687918526786,0.07202439908759778
rt_window2_first,20000,ood_dev,29,102400,99903,100933,2956288,2969600,0.975615234375,0.9746525359096915,0.9765422494848538,0.985673828125,0.9849275650243431,0.9863836532173859,0.9955172413793103,0.07901584115116048
rt_window2_first,20000,ood_dev,30,102400,99727,100839,3057127,3072000,0.973896484375,0.9729019922688438,0.9748554220760857,0.984755859375,0.9839870322184329,0.985488317394524,0.9951585286458333,0.08690402935924996
rt_window2_first,20000,ood_dev,31,102400,99551,100734,3157861,3174400,0.972177734375,0.9711525654293953,0.9731674778659183,0.98373046875,0.982937263921463,0.984487381372121,0.9947898815524193,0.0964031391461972
rt_window2_first,20000,ood_dev,32,102400,99366,100624,3258485,3276800,0.97037109375,0.9693147745143641,0.9713921230753874,0.98265625,0.9818383585677037,0.9834379298198701,0.9944107055664062,0.10435943443515917
rt_window2_first,20000,ood_dev,33,102400,99174,100522,3359007,3379200,0.96849609375,0.9674085291855087,0.9695485090773893,0.98166015625,0.9808200849898627,0.9824640906303201,0.9940243252840909,0.1138716290839233
rt_window2_first,20000,ood_dev,34,102400,99003,100429,3459436,3481600,0.966826171875,0.9657116329373813,0.9679056868625376,0.980751953125,0.9798922085359325,0.9815756289728057,0.9936339613970588,0.12416635642226849
rt_window2_first,20000,ood_dev,35,102400,98824,100328,3559764,3584000,0.965078125,0.9639361454764968,0.9661852117218244,0.979765625,0.9788850652382732,0.9806101900204012,0.9932377232142857,0.13352061320112693
rt_window2_first,20000,ood_dev,36,102400,98649,100224,3659988,3686400,0.963369140625,0.9622010654100447,0.964502451255988,0.97875,0.9778485640882998,0.9796155173683291,0.9928352864583333,0.1430094902648109
rt_window2_first,25000,dev,1,102400,102400,102400,102400,102400,1.0,0.9999624871609701,1.0,1.0,0.9999624871609701,1.0,1.0,1.3186349644425111e-05
rt_window2_first,25000,dev,2,102400,102400,102400,204800,204800,1.0,0.9999624871609701,1.0,1.0,0.9999624871609701,1.0,1.0,2.9573475277417936e-05
rt_window2_first,25000,dev,3,102400,102400,102400,307200,307200,1.0,0.9999624871609701,1.0,1.0,0.9999624871609701,1.0,1.0,4.225003102505065e-05
rt_window2_first,25000,dev,4,102400,102396,102396,409596,409600,0.9999609375,0.9998995558365923,0.9999848092550684,0.9999609375,0.9998995558365923,0.9999848092550684,0.999990234375,0.00012723989847082117
rt_window2_first,25000,dev,5,102400,102390,102393,511989,512000,0.99990234375,0.9998202295599984,0.9999469524276979,0.999931640625,0.9998588878252541,0.9999668857144244,0.999978515625,0.00023956155801551637
rt_window2_first,25000,dev,6,102400,102377,102385,614374,614400,0.999775390625,0.9996629658993142,0.9998503193631264,0.999853515625,0.9997583066269857,0.9999112227740738,0.9999576822916667,0.0004375416338520799
rt_window2_first,25000,dev,7,102400,102351,102363,716737,716800,0.999521484375,0.9993674942137358,0.9996379975981935,0.999638671875,0.9995020271813618,0.9997378308384958,0.999912109375,0.0009513513245407601
rt_window2_first,25000,dev,8,102400,102320,102346,819083,819200,0.99921875,0.999027875525462,0.999372170249319,0.99947265625,0.99931206478972,0.9995957744355726,0.999857177734375,0.0016730118419131712
rt_window2_first,25000,dev,9,102400,102271,102310,921393,921600,0.998740234375,0.9985034704385027,0.9989395799872376,0.99912109375,0.998919909733904,0.9992848308676036,0.999775390625,0.002314763273539556
rt_window2_first,25000,dev,10,102400,102228,102297,1023690,1024000,0.9983203125,0.9980501166976571,0.9985531214830065,0.998994140625,0.9987803704671523,0.9991704734090994,0.999697265625,0.003636747150651747
rt_window2_first,25000,dev,11,102400,102158,102239,1125929,1126400,0.99763671875,0.99732007051184,0.9979160314559082,0.998427734375,0.9981656503931043,0.9986524234781603,0.9995818536931819,0.005632117927345771
rt_window2_first,25000,dev,12,102400,102073,102192,1228121,1228800,0.996806640625,0.9964419450989267,0.9971340628959958,0.99796875,0.9976736785197813,0.9982264610370972,0.9994474283854167,0.007608660931178468
rt_window2_first,25000,ood_dev,1,102400,102400,102400,102400,102400,1.0,0.9999624871609701,1.0,1.0,0.9999624871609701,1.0,1.0,1.3175758366650304e-05
rt_window2_first,25000,ood_dev,2,102400,102400,102400,204800,204800,1.0,0.9999624871609701,1.0,1.0,0.9999624871609701,1.0,1.0,3.014768289328007e-05
rt_window2_first,25000,ood_dev,3,102400,102399,102399,307199,307200,0.999990234375,0.9999446805183295,0.9999982761253133,0.999990234375,0.9999446805183295,0.9999982761253133,0.9999967447916667,5.0652293247489546e-05
rt_window2_first,25000,ood_dev,4,102400,102397,102398,409597,409600,0.999970703125,0.9999138592392058,0.9999900363697822,0.99998046875,0.9999287823158808,0.9999946438104347,0.99999267578125,0.00012970797472507844
rt_window2_first,25000,ood_dev,5,102400,102394,102395,511992,512000,0.99994140625,0.9998721583660714,0.9999731456909345,0.999951171875,0.9998856912053655,0.9999791433689678,0.999984375,0.0003223306563878792
rt_window2_first,25000,ood_dev,6,102400,102385,102387,614379,614400,0.999853515625,0.9997583066269857,0.9999112227740738,0.999873046875,0.9997827872309603,0.9999258032047541,0.9999658203125,0.0005149143562572111
rt_window2_first,25000,ood_dev,7,102400,102367,102371,716750,716800,0.999677734375,0.9995474707523628,0.9997705093368041,0.999716796875,0.9995933030510014,0.9998027991074752,0.9999302455357143,0.0009666139779510019
rt_window2_first,25000,ood_dev,8,102400,102327,102340,819090,819200,0.999287109375,0.9991038370362532,0.9994329223598194,0.9994140625,0.999245935024263,0.9995447210970653,0.99986572265625,0.0018591196746499804
rt_window2_first,25000,ood_dev,9,102400,102281,102308,921398,921600,0.998837890625,0.9986096699697344,0.9990286856292794,0.9991015625,0.9988983859912574,0.9992672935755954,0.9997808159722222,0.0030766760351507217
rt_window2_first,25000,ood_dev,10,102400,102214,102261,1023659,1024000,0.99818359375,0.9979034402900645,0.998426370648016,0.998642578125,0.998397595090806,0.9988501501616607,0.9996669921875,0.004932620056799711
rt_window2_first,25000,ood_dev,11,102400,102158,102224,1125883,1126400,0.99763671875,0.99732007051184,0.9979160314559082,0.99828125,0.9980081690540892,0.998516947057265,0.999541015625,0.006576634993720678
rt_window2_first,25000,ood_dev,12,102400,102076,102166,1228049,1228800,0.9968359375,0.9964728222268292,0.9971617773200753,0.99771484375,0.9974031279990985,0.9979892181072687,0.9993888346354166,0.008544819176006486
rt_window2_first,25000,ood_dev,13,102400,101981,102106,1330155,1331200,0.995908203125,0.9954981759851387,0.9962810244156663,0.99712890625,0.9967820176405147,0.9974384974262107,0.9992149939903846,0.011687884781463386
rt_window2_first,25000,ood_dev,14,102400,101891,102046,1432201,1433600,0.995029296875,0.9945795852197028,0.9954418686216395,0.99654296875,0.9961643674398094,0.9968843165872744,0.9990241350446428,0.014688492631708502
rt_window2_first,25000,ood_dev,15,102400,101779,101974,1534175,1536000,0.993935546875,0.9934411413454775,0.9943928945552002,0.99583984375,0.9954265840249975,0.996215902754516,0.9988118489583333,0.018688531066827864
rt_window2_first,25000,ood_dev,16,102400,101652,101893,1636068,1638400,0.9926953125,0.9921549493299914,0.9931987108701114,0.995048828125,0.9945999577861572,0.9954605570898399,0.99857666015625,0.02250107025372803
rt_window2_first,25000,ood_dev,17,102400,101526,101827,1737895,1740800,0.99146484375,0.9908826832241022,0.9920101317927528,0.994404296875,0.9939284976072568,0.9948430031251344,0.9983312270220588,0.027055491217832198
rt_window2_first,25000,ood_dev,18,102400,101385,101717,1839612,1843200,0.990087890625,0.9894624774350761,0.9906765346386209,0.993330078125,0.9928126918477784,0.9938104519786028,0.9980533854166667,0.032583983475905694
rt_window2_first,25000,ood_dev,19,102400,101268,101661,1941273,1945600,0.9889453125,0.9882863110871642,0.9895676304592311,0.992783203125,0.9922459588031328,0.9932834760529162,0.9977760074013158,0.03746846676010073
rt_window2_first,25000,ood_dev,20,102400,101126,101592,2042865,2048000,0.98755859375,0.9868611572076494,0.9882194508782606,0.992109375,0.9915486923844682,0.9926331367759927,0.99749267578125,0.04185361676741559
rt_window2_first,25000,ood_dev,21,102400,100976,101499,2144364,2150400,0.98609375,0.985358060680968,0.9867929698058375,0.991201171875,0.9906104655817405,0.9917550254672758,0.9971930803571428,0.047849036277810154
rt_window2_first,25000,ood_dev,22,102400,100828,101404,2245768,2252800,0.9846484375,0.9838770169221048,0.985383497000251,0.9902734375,0.9896536639745851,0.9908564279283317,0.9968785511363636,0.05419061380840702
rt_window2_first,25000,ood_dev,23,102400,100684,101323,2347091,2355200,0.9832421875,0.9824376582744924,0.9840104611527233,0.989482421875,0.9888389746262946,0.9900891453731059,0.996556980298913,0.06058395462850342
rt_window2_first,25000,ood_dev,24,102400,100522,101210,2448301,2457600,0.98166015625,0.9808200849898627,0.9824640906303201,0.98837890625,0.9877039201350869,0.9890172514063217,0.9962162272135416,0.06884223899488291
rt_window2_first,25000,ood_dev,25,102400,100382,101155,2549456,2560000,0.98029296875,0.9794234690330252,0.981126434161327,0.987841796875,0.9871520217497618,0.9884949713386415,0.99588125,0.07594000815402452
rt_window2_first,25000,ood_dev,26,102400,100206,101057,2650513,2662400,0.97857421875,0.9776692241432648,0.9794433080014714,0.986884765625,0.9861694569315473,0.9875635454587748,0.9955352313701923,0.08287573729784285
rt_window2_first,25000,ood_dev,27,102400,100044,100975,2751488,2764800,0.9769921875,0.976055843972744,0.9778927443649597,0.986083984375,0.98534804727483,0.9867834526946481,0.9951851851851852,0.09152093028123867
rt_window2_first,25000,ood_dev,28,102400,99860,100852,2852340,2867200,0.9751953125,0.9742247371880062,0.9761302359614628,0.9848828125,0.9841170626778986,0.985612183660314,0.9948172433035715,0.10102889087891023
rt_window2_first,25000,ood_dev,29,102400,99706,100751,2953091,2969600,0.97369140625,0.9726931972561427,0.9746540762249122,0.983896484375,0.983107170487372,0.984649493600777,0.9944406654094827,0.108910629094123
rt_window2_first,25000,ood_dev,30,102400,99536,100654,3053745,3072000,0.97203125,0.9710035148929724,0.973023570642431,0.98294921875,0.9821379781580651,0.9837242257493296,0.9940576171875,0.1178846857746147
rt_window2_first,25000,ood_dev,31,102400,99371,100566,3154311,3174400,0.970419921875,0.9693644306412499,0.9714401195351385,0.98208984375,0.9812592601281466,0.9828842582544403,0.9936715599798387,0.12733069843834127
rt_window2_first,25000,ood_dev,32,102400,99203,100461,3254772,3276800,0.968779296875,0.9676963846990861,0.9698270385663054,0.981064453125,0.9802114211815617,0.9818813928816522,0.993277587890625,0.13785585801707426
rt_window2_first,25000,ood_dev,33,102400,99028,100359,3355131,3379200,0.9670703125,0.9659596694737743,0.9681459132593287,0.980068359375,0.9791941298797217,0.9809065714161013,0.9928773082386364,0.1479388215327206
rt_window2_first,25000,ood_dev,34,102400,98856,100279,3455410,3481600,0.965390625,0.9642534939378766,0.96649283981492,0.979287109375,0.9783966457490948,0.9801416141605389,0.9924775965073529,0.157596152875416
rt_window2_first,25000,ood_dev,35,102400,98693,100186,3555596,3584000,0.963798828125,0.962637248814893,0.9649256106135434,0.97837890625,0.9774699757955878,0.9792519460026012,0.9920747767857143,0.16855993570587444
rt_window2_first,25000,ood_dev,36,102400,98518,100085,3655681,3686400,0.96208984375,0.9609026781068009,0.9632423407893471,0.977392578125,0.9764640564408648,0.9782852831072607,0.9916669379340278,0.17923781053362886
rt_window2_first,30000,dev,1,102400,102400,102400,102400,102400,1.0,0.9999624871609701,1.0,1.0,0.9999624871609701,1.0,1.0,4.097329482438683e-07
rt_window2_first,30000,dev,2,102400,102400,102400,204800,204800,1.0,0.9999624871609701,1.0,1.0,0.9999624871609701,1.0,1.0,3.509886326266698e-07
rt_window2_first,30000,dev,3,102400,102400,102400,307200,307200,1.0,0.9999624871609701,1.0,1.0,0.9999624871609701,1.0,1.0,3.354925957779753e-07
rt_window2_first,30000,dev,4,102400,102400,102400,409600,409600,1.0,0.9999624871609701,1.0,1.0,0.9999624871609701,1.0,1.0,3.412353596901618e-07
rt_window2_first,30000,dev,5,102400,102400,102400,512000,512000,1.0,0.9999624871609701,1.0,1.0,0.9999624871609701,1.0,1.0,3.5069293445808005e-07
rt_window2_first,30000,dev,6,102400,102400,102400,614400,614400,1.0,0.9999624871609701,1.0,1.0,0.9999624871609701,1.0,1.0,3.6053118668367965e-07
rt_window2_first,30000,dev,7,102400,102400,102400,716800,716800,1.0,0.9999624871609701,1.0,1.0,0.9999624871609701,1.0,1.0,3.688816519418353e-07
rt_window2_first,30000,dev,8,102400,102400,102400,819200,819200,1.0,0.9999624871609701,1.0,1.0,0.9999624871609701,1.0,1.0,3.760155773457202e-07
rt_window2_first,30000,dev,9,102400,102400,102400,921600,921600,1.0,0.9999624871609701,1.0,1.0,0.9999624871609701,1.0,1.0,3.8228570365346495e-07
rt_window2_first,30000,dev,10,102400,102400,102400,1024000,1024000,1.0,0.9999624871609701,1.0,1.0,0.9999624871609701,1.0,1.0,3.8762101395375946e-07
rt_window2_first,30000,dev,11,102400,102400,102400,1126400,1126400,1.0,0.9999624871609701,1.0,1.0,0.9999624871609701,1.0,1.0,3.9294235264664134e-07
rt_window2_first,30000,dev,12,102400,102400,102400,1228800,1228800,1.0,0.9999624871609701,1.0,1.0,0.9999624871609701,1.0,1.0,3.9778406516123577e-07
rt_window2_first,30000,ood_dev,1,102400,102400,102400,102400,102400,1.0,0.9999624871609701,1.0,1.0,0.9999624871609701,1.0,1.0,4.092381832962455e-07
rt_window2_first,30000,ood_dev,2,102400,102400,102400,204800,204800,1.0,0.9999624871609701,1.0,1.0,0.9999624871609701,1.0,1.0,3.5089782869188177e-07
rt_window2_first,30000,ood_dev,3,102400,102400,102400,307200,307200,1.0,0.9999624871609701,1.0,1.0,0.9999624871609701,1.0,1.0,3.3539247880944033e-07
rt_window2_first,30000,ood_dev,4,102400,102400,102400,409600,409600,1.0,0.9999624871609701,1.0,1.0,0.9999624871609701,1.0,1.0,3.404332587209763e-07
rt_window2_first,30000,ood_dev,5,102400,102400,102400,512000,512000,1.0,0.9999624871609701,1.0,1.0,0.9999624871609701,1.0,1.0,3.501574243969241e-07
rt_window2_first,30000,ood_dev,6,102400,102400,102400,614400,614400,1.0,0.9999624871609701,1.0,1.0,0.9999624871609701,1.0,1.0,3.595300159916354e-07
rt_window2_first,30000,ood_dev,7,102400,102400,102400,716800,716800,1.0,0.9999624871609701,1.0,1.0,0.9999624871609701,1.0,1.0,3.6699689027336335e-07
rt_window2_first,30000,ood_dev,8,102400,102400,102400,819200,819200,1.0,0.9999624871609701,1.0,1.0,0.9999624871609701,1.0,1.0,3.7567331759677525e-07
rt_window2_first,30000,ood_dev,9,102400,102400,102400,921600,921600,1.0,0.9999624871609701,1.0,1.0,0.9999624871609701,1.0,1.0,3.819178321336214e-07
rt_window2_first,30000,ood_dev,10,102400,102400,102400,1024000,1024000,1.0,0.9999624871609701,1.0,1.0,0.9999624871609701,1.0,1.0,3.87905068307548e-07
rt_window2_first,30000,ood_dev,11,102400,102400,102400,1126400,1126400,1.0,0.9999624871609701,1.0,1.0,0.9999624871609701,1.0,1.0,3.915593423031022e-07
rt_window2_first,30000,ood_dev,12,102400,102400,102400,1228800,1228800,1.0,0.9999624871609701,1.0,1.0,0.9999624871609701,1.0,1.0,3.982916313869517e-07
rt_window2_first,30000,ood_dev,13,102400,102400,102400,1331200,1331200,1.0,0.9999624871609701,1.0,1.0,0.9999624871609701,1.0,1.0,4.030017946620584e-07
rt_window2_first,30000,ood_dev,14,102400,102400,102400,1433600,1433600,1.0,0.9999624871609701,1.0,1.0,0.9999624871609701,1.0,1.0,4.079028740786722e-07
rt_window2_first,30000,ood_dev,15,102400,102400,102400,1536000,1536000,1.0,0.9999624871609701,1.0,1.0,0.9999624871609701,1.0,1.0,4.128481880926599e-07
rt_window2_first,30000,ood_dev,16,102400,102400,102400,1638400,1638400,1.0,0.9999624871609701,1.0,1.0,0.9999624871609701,1.0,1.0,4.179145742683882e-07
rt_window2_first,30000,ood_dev,17,102400,102400,102400,1740800,1740800,1.0,0.9999624871609701,1.0,1.0,0.9999624871609701,1.0,1.0,4.219704792314538e-07
rt_window2_first,30000,ood_dev,18,102400,102400,102400,1843200,1843200,1.0,0.9999624871609701,1.0,1.0,0.9999624871609701,1.0,1.0,4.247760868152095e-07
rt_window2_first,30000,ood_dev,19,102400,102400,102400,1945600,1945600,1.0,0.9999624871609701,1.0,1.0,0.9999624871609701,1.0,1.0,4.2963061281944827e-07
rt_window2_first,30000,ood_dev,20,102400,102400,102400,2048000,2048000,1.0,0.9999624871609701,1.0,1.0,0.9999624871609701,1.0,1.0,4.330636974372165e-07
rt_window2_first,30000,ood_dev,21,102400,102400,102400,2150400,2150400,1.0,0.9999624871609701,1.0,1.0,0.9999624871609701,1.0,1.0,4.376620998146341e-07
rt_window2_first,30000,ood_dev,22,102400,102400,102400,2252800,2252800,1.0,0.9999624871609701,1.0,1.0,0.9999624871609701,1.0,1.0,4.4378310169526645e-07
rt_window2_first,30000,ood_dev,23,102400,102400,102400,2355200,2355200,1.0,0.9999624871609701,1.0,1.0,0.9999624871609701,1.0,1.0,4.462872579371474e-07
rt_window2_first,30000,ood_dev,24,102400,102400,102400,2457600,2457600,1.0,0.9999624871609701,1.0,1.0,0.9999624871609701,1.0,1.0,4.487075732813317e-07
rt_window2_first,30000,ood_dev,25,102400,102400,102400,2560000,2560000,1.0,0.9999624871609701,1.0,1.0,0.9999624871609701,1.0,1.0,4.535946355851972e-07
rt_window2_first,30000,ood_dev,26,102400,102400,102400,2662400,2662400,1.0,0.9999624871609701,1.0,1.0,0.9999624871609701,1.0,1.0,4.759870728402588e-07
rt_window2_first,30000,ood_dev,27,102400,102400,102400,2764800,2764800,1.0,0.9999624871609701,1.0,1.0,0.9999624871609701,1.0,1.0,4.6545236231612664e-07
rt_window2_first,30000,ood_dev,28,102400,102400,102400,2867200,2867200,1.0,0.9999624871609701,1.0,1.0,0.9999624871609701,1.0,1.0,4.6320476259839594e-07
rt_window2_first,30000,ood_dev,29,102400,102400,102400,2969600,2969600,1.0,0.9999624871609701,1.0,1.0,0.9999624871609701,1.0,1.0,4.6957612648182435e-07
rt_window2_first,30000,ood_dev,30,102400,102400,102400,3072000,3072000,1.0,0.9999624871609701,1.0,1.0,0.9999624871609701,1.0,1.0,4.72602957148488e-07
rt_window2_first,30000,ood_dev,31,102400,102400,102400,3174400,3174400,1.0,0.9999624871609701,1.0,1.0,0.9999624871609701,1.0,1.0,4.7499295997038835e-07
rt_window2_first,30000,ood_dev,32,102400,102400,102400,3276800,3276800,1.0,0.9999624871609701,1.0,1.0,0.9999624871609701,1.0,1.0,4.791908868654466e-07
rt_window2_first,30000,ood_dev,33,102400,102400,102400,3379200,3379200,1.0,0.9999624871609701,1.0,1.0,0.9999624871609701,1.0,1.0,4.818172211799171e-07
rt_window2_first,30000,ood_dev,34,102400,102400,102400,3481600,3481600,1.0,0.9999624871609701,1.0,1.0,0.9999624871609701,1.0,1.0,4.844132701455756e-07
rt_window2_first,30000,ood_dev,35,102400,102400,102400,3584000,3584000,1.0,0.9999624871609701,1.0,1.0,0.9999624871609701,1.0,1.0,4.878102678905483e-07
rt_window2_first,30000,ood_dev,36,102400,102400,102400,3686400,3686400,1.0,0.9999624871609701,1.0,1.0,0.9999624871609701,1.0,1.0,4.904796856230325e-07
rt_window2_first,40000,dev,1,102400,102400,102400,102400,102400,1.0,0.9999624871609701,1.0,1.0,0.9999624871609701,1.0,1.0,2.699158706340188e-07
rt_window2_first,40000,dev,2,102400,102400,102400,204800,204800,1.0,0.9999624871609701,1.0,1.0,0.9999624871609701,1.0,1.0,2.4548495743355327e-07
rt_window2_first,40000,dev,3,102400,102400,102400,307200,307200,1.0,0.9999624871609701,1.0,1.0,0.9999624871609701,1.0,1.0,2.420635119221998e-07
rt_window2_first,40000,dev,4,102400,102400,102400,409600,409600,1.0,0.9999624871609701,1.0,1.0,0.9999624871609701,1.0,1.0,2.4459438035320803e-07
rt_window2_first,40000,dev,5,102400,102400,102400,512000,512000,1.0,0.9999624871609701,1.0,1.0,0.9999624871609701,1.0,1.0,2.4752804570697673e-07
rt_window2_first,40000,dev,6,102400,102400,102400,614400,614400,1.0,0.9999624871609701,1.0,1.0,0.9999624871609701,1.0,1.0,2.4991688747227904e-07
rt_window2_first,40000,dev,7,102400,102400,102400,716800,716800,1.0,0.9999624871609701,1.0,1.0,0.9999624871609701,1.0,1.0,2.523709218995446e-07
rt_window2_first,40000,dev,8,102400,102400,102400,819200,819200,1.0,0.9999624871609701,1.0,1.0,0.9999624871609701,1.0,1.0,2.5391575281315246e-07
rt_window2_first,40000,dev,9,102400,102400,102400,921600,921600,1.0,0.9999624871609701,1.0,1.0,0.9999624871609701,1.0,1.0,2.5584708247435026e-07
rt_window2_first,40000,dev,10,102400,102400,102400,1024000,1024000,1.0,0.9999624871609701,1.0,1.0,0.9999624871609701,1.0,1.0,2.569506995146742e-07
rt_window2_first,40000,dev,11,102400,102400,102400,1126400,1126400,1.0,0.9999624871609701,1.0,1.0,0.9999624871609701,1.0,1.0,2.5855723057299774e-07
rt_window2_first,40000,dev,12,102400,102400,102400,1228800,1228800,1.0,0.9999624871609701,1.0,1.0,0.9999624871609701,1.0,1.0,2.59943736699228e-07
rt_window2_first,40000,ood_dev,1,102400,102400,102400,102400,102400,1.0,0.9999624871609701,1.0,1.0,0.9999624871609701,1.0,1.0,2.698856026728258e-07
rt_window2_first,40000,ood_dev,2,102400,102400,102400,204800,204800,1.0,0.9999624871609701,1.0,1.0,0.9999624871609701,1.0,1.0,2.45368542123453e-07
rt_window2_first,40000,ood_dev,3,102400,102400,102400,307200,307200,1.0,0.9999624871609701,1.0,1.0,0.9999624871609701,1.0,1.0,2.419214852510121e-07
rt_window2_first,40000,ood_dev,4,102400,102400,102400,409600,409600,1.0,0.9999624871609701,1.0,1.0,0.9999624871609701,1.0,1.0,2.4415083808154714e-07
rt_window2_first,40000,ood_dev,5,102400,102400,102400,512000,512000,1.0,0.9999624871609701,1.0,1.0,0.9999624871609701,1.0,1.0,2.475606420051374e-07
rt_window2_first,40000,ood_dev,6,102400,102400,102400,614400,614400,1.0,0.9999624871609701,1.0,1.0,0.9999624871609701,1.0,1.0,2.501520464163326e-07
rt_window2_first,40000,ood_dev,7,102400,102400,102400,716800,716800,1.0,0.9999624871609701,1.0,1.0,0.9999624871609701,1.0,1.0,2.51638669676868e-07
rt_window2_first,40000,ood_dev,8,102400,102400,102400,819200,819200,1.0,0.9999624871609701,1.0,1.0,0.9999624871609701,1.0,1.0,2.5386103758462397e-07
rt_window2_first,40000,ood_dev,9,102400,102400,102400,921600,921600,1.0,0.9999624871609701,1.0,1.0,0.9999624871609701,1.0,1.0,2.55780725759297e-07
rt_window2_first,40000,ood_dev,10,102400,102400,102400,1024000,1024000,1.0,0.9999624871609701,1.0,1.0,0.9999624871609701,1.0,1.0,2.572335886324301e-07
rt_window2_first,40000,ood_dev,11,102400,102400,102400,1126400,1126400,1.0,0.9999624871609701,1.0,1.0,0.9999624871609701,1.0,1.0,2.588145083429888e-07
rt_window2_first,40000,ood_dev,12,102400,102400,102400,1228800,1228800,1.0,0.9999624871609701,1.0,1.0,0.9999624871609701,1.0,1.0,2.599425725308135e-07
rt_window2_first,40000,ood_dev,13,102400,102400,102400,1331200,1331200,1.0,0.9999624871609701,1.0,1.0,0.9999624871609701,1.0,1.0,2.6155841682244664e-07
rt_window2_first,40000,ood_dev,14,102400,102400,102400,1433600,1433600,1.0,0.9999624871609701,1.0,1.0,0.9999624871609701,1.0,1.0,2.62679496079235e-07
rt_window2_first,40000,ood_dev,15,102400,102400,102400,1536000,1536000,1.0,0.9999624871609701,1.0,1.0,0.9999624871609701,1.0,1.0,2.6388090186131587e-07
rt_window2_first,40000,ood_dev,16,102400,102400,102400,1638400,1638400,1.0,0.9999624871609701,1.0,1.0,0.9999624871609701,1.0,1.0,2.653523912138356e-07
rt_window2_first,40000,ood_dev,17,102400,102400,102400,1740800,1740800,1.0,0.9999624871609701,1.0,1.0,0.9999624871609701,1.0,1.0,2.667063010053372e-07
rt_window2_first,40000,ood_dev,18,102400,102400,102400,1843200,1843200,1.0,0.9999624871609701,1.0,1.0,0.9999624871609701,1.0,1.0,2.6817196949822933e-07
rt_window2_first,40000,ood_dev,19,102400,102400,102400,1945600,1945600,1.0,0.9999624871609701,1.0,1.0,0.9999624871609701,1.0,1.0,2.6970399471838714e-07
rt_window2_first,40000,ood_dev,20,102400,102400,102400,2048000,2048000,1.0,0.9999624871609701,1.0,1.0,0.9999624871609701,1.0,1.0,2.712197217909218e-07
rt_window2_first,40000,ood_dev,21,102400,102400,102400,2150400,2150400,1.0,0.9999624871609701,1.0,1.0,0.9999624871609701,1.0,1.0,2.718949304073709e-07
rt_window2_first,40000,ood_dev,22,102400,102400,102400,2252800,2252800,1.0,0.9999624871609701,1.0,1.0,0.9999624871609701,1.0,1.0,2.739682867096416e-07
rt_window2_first,40000,ood_dev,23,102400,102400,102400,2355200,2355200,1.0,0.9999624871609701,1.0,1.0,0.9999624871609701,1.0,1.0,2.745922726234834e-07
rt_window2_first,40000,ood_dev,24,102400,102400,102400,2457600,2457600,1.0,0.9999624871609701,1.0,1.0,0.9999624871609701,1.0,1.0,2.7579717083885127e-07
rt_window2_first,40000,ood_dev,25,102400,102400,102400,2560000,2560000,1.0,0.9999624871609701,1.0,1.0,0.9999624871609701,1.0,1.0,2.7713711078923566e-07
rt_window2_first,40000,ood_dev,26,102400,102400,102400,2662400,2662400,1.0,0.9999624871609701,1.0,1.0,0.9999624871609701,1.0,1.0,2.788204758694818e-07
rt_window2_first,40000,ood_dev,27,102400,102400,102400,2764800,2764800,1.0,0.9999624871609701,1.0,1.0,0.9999624871609701,1.0,1.0,2.7958416014793597e-07
rt_window2_first,40000,ood_dev,28,102400,102400,102400,2867200,2867200,1.0,0.9999624871609701,1.0,1.0,0.9999624871609701,1.0,1.0,2.8010919299346903e-07
rt_window2_first,40000,ood_dev,29,102400,102400,102400,2969600,2969600,1.0,0.9999624871609701,1.0,1.0,0.9999624871609701,1.0,1.0,2.81914794103208e-07
rt_window2_first,40000,ood_dev,30,102400,102400,102400,3072000,3072000,1.0,0.9999624871609701,1.0,1.0,0.9999624871609701,1.0,1.0,2.824933780577049e-07
rt_window2_first,40000,ood_dev,31,102400,102400,102400,3174400,3174400,1.0,0.9999624871609701,1.0,1.0,0.9999624871609701,1.0,1.0,2.8397650881216427e-07
rt_window2_first,40000,ood_dev,32,102400,102400,102400,3276800,3276800,1.0,0.9999624871609701,1.0,1.0,0.9999624871609701,1.0,1.0,2.848566083766407e-07
rt_window2_first,40000,ood_dev,33,102400,102400,102400,3379200,3379200,1.0,0.9999624871609701,1.0,1.0,0.9999624871609701,1.0,1.0,2.8594625538488903e-07
rt_window2_first,40000,ood_dev,34,102400,102400,102400,3481600,3481600,1.0,0.9999624871609701,1.0,1.0,0.9999624871609701,1.0,1.0,2.868007436051395e-07
rt_window2_first,40000,ood_dev,35,102400,102400,102400,3584000,3584000,1.0,0.9999624871609701,1.0,1.0,0.9999624871609701,1.0,1.0,2.877332300015023e-07
rt_window2_first,40000,ood_dev,36,102400,102400,102400,3686400,3686400,1.0,0.9999624871609701,1.0,1.0,0.9999624871609701,1.0,1.0,2.8899400749869687e-07
rt_window2_first,50000,dev,1,102400,102400,102400,102400,102400,1.0,0.9999624871609701,1.0,1.0,0.9999624871609701,1.0,1.0,2.8781239416707236e-07
rt_window2_first,50000,dev,2,102400,102400,102400,204800,204800,1.0,0.9999624871609701,1.0,1.0,0.9999624871609701,1.0,1.0,2.817995435130949e-07
rt_window2_first,50000,dev,3,102400,102400,102400,307200,307200,1.0,0.9999624871609701,1.0,1.0,0.9999624871609701,1.0,1.0,2.773280321329008e-07
rt_window2_first,50000,dev,4,102400,102400,102400,409600,409600,1.0,0.9999624871609701,1.0,1.0,0.9999624871609701,1.0,1.0,2.762034604118779e-07
rt_window2_first,50000,dev,5,102400,102400,102400,512000,512000,1.0,0.9999624871609701,1.0,1.0,0.9999624871609701,1.0,1.0,2.760171959827196e-07
rt_window2_first,50000,dev,6,102400,102400,102400,614400,614400,1.0,0.9999624871609701,1.0,1.0,0.9999624871609701,1.0,1.0,2.7557947454785734e-07
rt_window2_first,50000,dev,7,102400,102400,102400,716800,716800,1.0,0.9999624871609701,1.0,1.0,0.9999624871609701,1.0,1.0,2.756411746165227e-07
rt_window2_first,50000,dev,8,102400,102400,102400,819200,819200,1.0,0.9999624871609701,1.0,1.0,0.9999624871609701,1.0,1.0,2.7536643459315223e-07
rt_window2_first,50000,dev,9,102400,102400,102400,921600,921600,1.0,0.9999624871609701,1.0,1.0,0.9999624871609701,1.0,1.0,2.7603349422908317e-07
rt_window2_first,50000,dev,10,102400,102400,102400,1024000,1024000,1.0,0.9999624871609701,1.0,1.0,0.9999624871609701,1.0,1.0,2.763839043418148e-07
rt_window2_first,50000,dev,11,102400,102400,102400,1126400,1126400,1.0,0.9999624871609701,1.0,1.0,0.9999624871609701,1.0,1.0,2.772011396773993e-07
rt_window2_first,50000,dev,12,102400,102400,102400,1228800,1228800,1.0,0.9999624871609701,1.0,1.0,0.9999624871609701,1.0,1.0,2.7743164194703184e-07
rt_window2_first,50000,ood_dev,1,102400,102400,102400,102400,102400,1.0,0.9999624871609701,1.0,1.0,0.9999624871609701,1.0,1.0,2.8819772874735804e-07
rt_window2_first,50000,ood_dev,2,102400,102400,102400,204800,204800,1.0,0.9999624871609701,1.0,1.0,0.9999624871609701,1.0,1.0,2.8190082474816025e-07
rt_window2_first,50000,ood_dev,3,102400,102400,102400,307200,307200,1.0,0.9999624871609701,1.0,1.0,0.9999624871609701,1.0,1.0,2.777052176680672e-07
rt_window2_first,50000,ood_dev,4,102400,102400,102400,409600,409600,1.0,0.9999624871609701,1.0,1.0,0.9999624871609701,1.0,1.0,2.759671374281958e-07
rt_window2_first,50000,ood_dev,5,102400,102400,102400,512000,512000,1.0,0.9999624871609701,1.0,1.0,0.9999624871609701,1.0,1.0,2.7572033696077193e-07
rt_window2_first,50000,ood_dev,6,102400,102400,102400,614400,614400,1.0,0.9999624871609701,1.0,1.0,0.9999624871609701,1.0,1.0,2.7547935736497996e-07
rt_window2_first,50000,ood_dev,7,102400,102400,102400,716800,716800,1.0,0.9999624871609701,1.0,1.0,0.9999624871609701,1.0,1.0,2.7575176918252785e-07
rt_window2_first,50000,ood_dev,8,102400,102400,102400,819200,819200,1.0,0.9999624871609701,1.0,1.0,0.9999624871609701,1.0,1.0,2.759333770699368e-07
rt_window2_first,50000,ood_dev,9,102400,102400,102400,921600,921600,1.0,0.9999624871609701,1.0,1.0,0.9999624871609701,1.0,1.0,2.7622907188898373e-07
rt_window2_first,50000,ood_dev,10,102400,102400,102400,1024000,1024000,1.0,0.9999624871609701,1.0,1.0,0.9999624871609701,1.0,1.0,2.766737783695822e-07
rt_window2_first,50000,ood_dev,11,102400,102400,102400,1126400,1126400,1.0,0.9999624871609701,1.0,1.0,0.9999624871609701,1.0,1.0,2.7684723712492754e-07
rt_window2_first,50000,ood_dev,12,102400,102400,102400,1228800,1228800,1.0,0.9999624871609701,1.0,1.0,0.9999624871609701,1.0,1.0,2.7753874394451096e-07
rt_window2_first,50000,ood_dev,13,102400,102400,102400,1331200,1331200,1.0,0.9999624871609701,1.0,1.0,0.9999624871609701,1.0,1.0,2.7840603788430175e-07
rt_window2_first,50000,ood_dev,14,102400,102400,102400,1433600,1433600,1.0,0.9999624871609701,1.0,1.0,0.9999624871609701,1.0,1.0,2.7840603796493166e-07
rt_window2_first,50000,ood_dev,15,102400,102400,102400,1536000,1536000,1.0,0.9999624871609701,1.0,1.0,0.9999624871609701,1.0,1.0,2.7860627227635494e-07
rt_window2_first,50000,ood_dev,16,102400,102400,102400,1638400,1638400,1.0,0.9999624871609701,1.0,1.0,0.9999624871609701,1.0,1.0,2.7949335676596964e-07
rt_window2_first,50000,ood_dev,17,102400,102400,102400,1740800,1740800,1.0,0.9999624871609701,1.0,1.0,0.9999624871609701,1.0,1.0,2.795911456491412e-07
rt_window2_first,50000,ood_dev,18,102400,102400,102400,1843200,1843200,1.0,0.9999624871609701,1.0,1.0,0.9999624871609701,1.0,1.0,2.7982164792737796e-07
rt_window2_first,50000,ood_dev,19,102400,102400,102400,1945600,1945600,1.0,0.9999624871609701,1.0,1.0,0.9999624871609701,1.0,1.0,2.808763704995748e-07
rt_window2_first,50000,ood_dev,20,102400,102400,102400,2048000,2048000,1.0,0.9999624871609701,1.0,1.0,0.9999624871609701,1.0,1.0,2.8083795340194673e-07
rt_window2_first,50000,ood_dev,21,102400,102400,102400,2150400,2150400,1.0,0.9999624871609701,1.0,1.0,0.9999624871609701,1.0,1.0,2.812488993898105e-07
rt_window2_first,50000,ood_dev,22,102400,102400,102400,2252800,2252800,1.0,0.9999624871609701,1.0,1.0,0.9999624871609701,1.0,1.0,2.8176694748319185e-07
rt_window2_first,50000,ood_dev,23,102400,102400,102400,2355200,2355200,1.0,0.9999624871609701,1.0,1.0,0.9999624871609701,1.0,1.0,2.8209640272301715e-07
rt_window2_first,50000,ood_dev,24,102400,102400,102400,2457600,2457600,1.0,0.9999624871609701,1.0,1.0,0.9999624871609701,1.0,1.0,2.821045518190679e-07
rt_window2_first,50000,ood_dev,25,102400,102400,102400,2560000,2560000,1.0,0.9999624871609701,1.0,1.0,0.9999624871609701,1.0,1.0,2.830242325715243e-07
rt_window2_first,50000,ood_dev,26,102400,102400,102400,2662400,2662400,1.0,0.9999624871609701,1.0,1.0,0.9999624871609701,1.0,1.0,2.831941989392406e-07
rt_window2_first,50000,ood_dev,27,102400,102400,102400,2764800,2764800,1.0,0.9999624871609701,1.0,1.0,0.9999624871609701,1.0,1.0,2.8349804282276626e-07
rt_window2_first,50000,ood_dev,28,102400,102400,102400,2867200,2867200,1.0,0.9999624871609701,1.0,1.0,0.9999624871609701,1.0,1.0,2.839939719574691e-07
rt_window2_first,50000,ood_dev,29,102400,102400,102400,2969600,2969600,1.0,0.9999624871609701,1.0,1.0,0.9999624871609701,1.0,1.0,2.8448175202484826e-07
rt_window2_first,50000,ood_dev,30,102400,102400,102400,3072000,3072000,1.0,0.9999624871609701,1.0,1.0,0.9999624871609701,1.0,1.0,2.846552108123901e-07
rt_window2_first,50000,ood_dev,31,102400,102400,102400,3174400,3174400,1.0,0.9999624871609701,1.0,1.0,0.9999624871609701,1.0,1.0,2.8491481693995736e-07
rt_window2_first,50000,ood_dev,32,102400,102400,102400,3276800,3276800,1.0,0.9999624871609701,1.0,1.0,0.9999624871609701,1.0,1.0,2.8556674253596425e-07
rt_window2_first,50000,ood_dev,33,102400,102400,102400,3379200,3379200,1.0,0.9999624871609701,1.0,1.0,0.9999624871609701,1.0,1.0,2.8542471589620975e-07
rt_window2_first,50000,ood_dev,34,102400,102400,102400,3481600,3481600,1.0,0.9999624871609701,1.0,1.0,0.9999624871609701,1.0,1.0,2.864736176736576e-07
rt_window2_first,50000,ood_dev,35,102400,102400,102400,3584000,3584000,1.0,0.9999624871609701,1.0,1.0,0.9999624871609701,1.0,1.0,2.8659818195851673e-07
rt_window2_first,50000,ood_dev,36,102400,102400,102400,3686400,3686400,1.0,0.9999624871609701,1.0,1.0,0.9999624871609701,1.0,1.0,2.872920171231169e-07
rt_window2_first,60000,dev,1,102400,102400,102400,102400,102400,1.0,0.9999624871609701,1.0,1.0,0.9999624871609701,1.0,1.0,2.1854296444322185e-07
rt_window2_first,60000,dev,2,102400,102400,102400,204800,204800,1.0,0.9999624871609701,1.0,1.0,0.9999624871609701,1.0,1.0,2.1282697435745512e-07
rt_window2_first,60000,dev,3,102400,102400,102400,307200,307200,1.0,0.9999624871609701,1.0,1.0,0.9999624871609701,1.0,1.0,2.106243969685062e-07
rt_window2_first,60000,dev,4,102400,102400,102400,409600,409600,1.0,0.9999624871609701,1.0,1.0,0.9999624871609701,1.0,1.0,2.107792293405686e-07
rt_window2_first,60000,dev,5,102400,102400,102400,512000,512000,1.0,0.9999624871609701,1.0,1.0,0.9999624871609701,1.0,1.0,2.1096200137411813e-07
rt_window2_first,60000,dev,6,102400,102400,102400,614400,614400,1.0,0.9999624871609701,1.0,1.0,0.9999624871609701,1.0,1.0,2.1119599612713646e-07
rt_window2_first,60000,dev,7,102400,102400,102400,716800,716800,1.0,0.9999624871609701,1.0,1.0,0.9999624871609701,1.0,1.0,2.1168959698961154e-07
rt_window2_first,60000,dev,8,102400,102400,102400,819200,819200,1.0,0.9999624871609701,1.0,1.0,0.9999624871609701,1.0,1.0,2.1202603721154346e-07
rt_window2_first,60000,dev,9,102400,102400,102400,921600,921600,1.0,0.9999624871609701,1.0,1.0,0.9999624871609701,1.0,1.0,2.121098562278545e-07
rt_window2_first,60000,dev,10,102400,102400,102400,1024000,1024000,1.0,0.9999624871609701,1.0,1.0,0.9999624871609701,1.0,1.0,2.1235549250674112e-07
rt_window2_first,60000,dev,11,102400,102400,102400,1126400,1126400,1.0,0.9999624871609701,1.0,1.0,0.9999624871609701,1.0,1.0,2.129259274713524e-07
rt_window2_first,60000,dev,12,102400,102400,102400,1228800,1228800,1.0,0.9999624871609701,1.0,1.0,0.9999624871609701,1.0,1.0,2.1242301337889847e-07
rt_window2_first,60000,ood_dev,1,102400,102400,102400,102400,102400,1.0,0.9999624871609701,1.0,1.0,0.9999624871609701,1.0,1.0,2.1865355896759364e-07
rt_window2_first,60000,ood_dev,2,102400,102400,102400,204800,204800,1.0,0.9999624871609701,1.0,1.0,0.9999624871609701,1.0,1.0,2.1324723360770236e-07
rt_window2_first,60000,ood_dev,3,102400,102400,102400,307200,307200,1.0,0.9999624871609701,1.0,1.0,0.9999624871609701,1.0,1.0,2.108409294346303e-07
rt_window2_first,60000,ood_dev,4,102400,102400,102400,409600,409600,1.0,0.9999624871609701,1.0,1.0,0.9999624871609701,1.0,1.0,2.1039389470615955e-07
rt_window2_first,60000,ood_dev,5,102400,102400,102400,512000,512000,1.0,0.9999624871609701,1.0,1.0,0.9999624871609701,1.0,1.0,2.1107259590195937e-07
rt_window2_first,60000,ood_dev,6,102400,102400,102400,614400,614400,1.0,0.9999624871609701,1.0,1.0,0.9999624871609701,1.0,1.0,2.1091892770767894e-07
rt_window2_first,60000,ood_dev,7,102400,102400,102400,716800,716800,1.0,0.9999624871609701,1.0,1.0,0.9999624871609701,1.0,1.0,2.1186538408379807e-07
rt_window2_first,60000,ood_dev,8,102400,102400,102400,819200,819200,1.0,0.9999624871609701,1.0,1.0,0.9999624871609701,1.0,1.0,2.1166864224118897e-07
rt_window2_first,60000,ood_dev,9,102400,102400,102400,921600,921600,1.0,0.9999624871609701,1.0,1.0,0.9999624871609701,1.0,1.0,2.122821508643985e-07
rt_window2_first,60000,ood_dev,10,102400,102400,102400,1024000,1024000,1.0,0.9999624871609701,1.0,1.0,0.9999624871609701,1.0,1.0,2.1259996462831555e-07
rt_window2_first,60000,ood_dev,11,102400,102400,102400,1126400,1126400,1.0,0.9999624871609701,1.0,1.0,0.9999624871609701,1.0,1.0,2.1258366648888028e-07
rt_window2_first,60000,ood_dev,12,102400,102400,102400,1228800,1228800,1.0,0.9999624871609701,1.0,1.0,0.9999624871609701,1.0,1.0,2.126104420101943e-07
rt_window2_first,60000,ood_dev,13,102400,102400,102400,1331200,1331200,1.0,0.9999624871609701,1.0,1.0,0.9999624871609701,1.0,1.0,2.1306446167483616e-07
rt_window2_first,60000,ood_dev,14,102400,102400,102400,1433600,1433600,1.0,0.9999624871609701,1.0,1.0,0.9999624871609701,1.0,1.0,2.1298297096697394e-07
rt_window2_first,60000,ood_dev,15,102400,102400,102400,1536000,1536000,1.0,0.9999624871609701,1.0,1.0,0.9999624871609701,1.0,1.0,2.1327168091597736e-07
rt_window2_first,60000,ood_dev,16,102400,102400,102400,1638400,1638400,1.0,0.9999624871609701,1.0,1.0,0.9999624871609701,1.0,1.0,2.1398763499942685e-07
rt_window2_first,60000,ood_dev,17,102400,102400,102400,1740800,1740800,1.0,0.9999624871609701,1.0,1.0,0.9999624871609701,1.0,1.0,2.139853066861902e-07
rt_window2_first,60000,ood_dev,18,102400,102400,102400,1843200,1843200,1.0,0.9999624871609701,1.0,1.0,0.9999624871609701,1.0,1.0,2.1384793663453695e-07
rt_window2_first,60000,ood_dev,19,102400,102400,102400,1945600,1945600,1.0,0.9999624871609701,1.0,1.0,0.9999624871609701,1.0,1.0,2.1468961924342445e-07
rt_window2_first,60000,ood_dev,20,102400,102400,102400,2048000,2048000,1.0,0.9999624871609701,1.0,1.0,0.9999624871609701,1.0,1.0,2.1443234142583257e-07
rt_window2_first,60000,ood_dev,21,102400,102400,102400,2150400,2150400,1.0,0.9999624871609701,1.0,1.0,0.9999624871609701,1.0,1.0,2.1471290231132867e-07
rt_window2_first,60000,ood_dev,22,102400,102400,102400,2252800,2252800,1.0,0.9999624871609701,1.0,1.0,0.9999624871609701,1.0,1.0,2.1522047299764314e-07
rt_window2_first,60000,ood_dev,23,102400,102400,102400,2355200,2355200,1.0,0.9999624871609701,1.0,1.0,0.9999624871609701,1.0,1.0,2.151599370480567e-07
rt_window2_first,60000,ood_dev,24,102400,102400,102400,2457600,2457600,1.0,0.9999624871609701,1.0,1.0,0.9999624871609701,1.0,1.0,2.147326929045207e-07
rt_window2_first,60000,ood_dev,25,102400,102400,102400,2560000,2560000,1.0,0.9999624871609701,1.0,1.0,0.9999624871609701,1.0,1.0,2.1553479430697075e-07
rt_window2_first,60000,ood_dev,26,102400,102400,102400,2662400,2662400,1.0,0.9999624871609701,1.0,1.0,0.9999624871609701,1.0,1.0,2.1536832042756693e-07
rt_window2_first,60000,ood_dev,27,102400,102400,102400,2764800,2764800,1.0,0.9999624871609701,1.0,1.0,0.9999624871609701,1.0,1.0,2.1559183782139668e-07
rt_window2_first,60000,ood_dev,28,102400,102400,102400,2867200,2867200,1.0,0.9999624871609701,1.0,1.0,0.9999624871609701,1.0,1.0,2.1585144390927347e-07
rt_window2_first,60000,ood_dev,29,102400,102400,102400,2969600,2969600,1.0,0.9999624871609701,1.0,1.0,0.9999624871609701,1.0,1.0,2.1609708019849905e-07
rt_window2_first,60000,ood_dev,30,102400,102400,102400,3072000,3072000,1.0,0.9999624871609701,1.0,1.0,0.9999624871609701,1.0,1.0,2.161704218395233e-07
rt_window2_first,60000,ood_dev,31,102400,102400,102400,3174400,3174400,1.0,0.9999624871609701,1.0,1.0,0.9999624871609701,1.0,1.0,2.165650696907273e-07
rt_window2_first,60000,ood_dev,32,102400,102400,102400,3276800,3276800,1.0,0.9999624871609701,1.0,1.0,0.9999624871609701,1.0,1.0,2.1649172805671134e-07
rt_window2_first,60000,ood_dev,33,102400,102400,102400,3379200,3379200,1.0,0.9999624871609701,1.0,1.0,0.9999624871609701,1.0,1.0,2.1705634225634153e-07
rt_window2_first,60000,ood_dev,34,102400,102400,102400,3481600,3481600,1.0,0.9999624871609701,1.0,1.0,0.9999624871609701,1.0,1.0,2.1658369612813365e-07
rt_window2_first,60000,ood_dev,35,102400,102400,102400,3584000,3584000,1.0,0.9999624871609701,1.0,1.0,0.9999624871609701,1.0,1.0,2.1701559688606931e-07
rt_window2_first,60000,ood_dev,36,102400,102400,102400,3686400,3686400,1.0,0.9999624871609701,1.0,1.0,0.9999624871609701,1.0,1.0,2.1709359513906456e-07
rt_window2_first,70000,dev,1,102400,102400,102400,102400,102400,1.0,0.9999624871609701,1.0,1.0,0.9999624871609701,1.0,1.0,1.2512085024687925e-07
rt_window2_first,70000,dev,2,102400,102400,102400,204800,204800,1.0,0.9999624871609701,1.0,1.0,0.9999624871609701,1.0,1.0,1.2474366519604763e-07
rt_window2_first,70000,dev,3,102400,102400,102400,307200,307200,1.0,0.9999624871609701,1.0,1.0,0.9999624871609701,1.0,1.0,1.2450152135343174e-07
rt_window2_first,70000,dev,4,102400,102400,102400,409600,409600,1.0,0.9999624871609701,1.0,1.0,0.9999624871609701,1.0,1.0,1.2490548243947187e-07
rt_window2_first,70000,dev,5,102400,102400,102400,512000,512000,1.0,0.9999624871609701,1.0,1.0,0.9999624871609701,1.0,1.0,1.2492992965601468e-07
rt_window2_first,70000,dev,6,102400,102400,102400,614400,614400,1.0,0.9999624871609701,1.0,1.0,0.9999624871609701,1.0,1.0,1.2542935131927558e-07
rt_window2_first,70000,dev,7,102400,102400,102400,716800,716800,1.0,0.9999624871609701,1.0,1.0,0.9999624871609701,1.0,1.0,1.2552481186832443e-07
rt_window2_first,70000,dev,8,102400,102400,102400,819200,819200,1.0,0.9999624871609701,1.0,1.0,0.9999624871609701,1.0,1.0,1.2567615176033165e-07
rt_window2_first,70000,dev,9,102400,102400,102400,921600,921600,1.0,0.9999624871609701,1.0,1.0,0.9999624871609701,1.0,1.0,1.257622990926549e-07
rt_window2_first,70000,dev,10,102400,102400,102400,1024000,1024000,1.0,0.9999624871609701,1.0,1.0,0.9999624871609701,1.0,1.0,1.2578325384933476e-07
rt_window2_first,70000,dev,11,102400,102400,102400,1126400,1126400,1.0,0.9999624871609701,1.0,1.0,0.9999624871609701,1.0,1.0,1.257890746121648e-07
rt_window2_first,70000,dev,12,102400,102400,102400,1228800,1228800,1.0,0.9999624871609701,1.0,1.0,0.9999624871609701,1.0,1.0,1.2597999570568284e-07
rt_window2_first,70000,ood_dev,1,102400,102400,102400,102400,102400,1.0,0.9999624871609701,1.0,1.0,0.9999624871609701,1.0,1.0,1.251371483926289e-07
rt_window2_first,70000,ood_dev,2,102400,102400,102400,204800,204800,1.0,0.9999624871609701,1.0,1.0,0.9999624871609701,1.0,1.0,1.2491130322200838e-07
rt_window2_first,70000,ood_dev,3,102400,102400,102400,307200,307200,1.0,0.9999624871609701,1.0,1.0,0.9999624871609701,1.0,1.0,1.2470291982806526e-07
rt_window2_first,70000,ood_dev,4,102400,102400,102400,409600,409600,1.0,0.9999624871609701,1.0,1.0,0.9999624871609701,1.0,1.0,1.248239917305688e-07
rt_window2_first,70000,ood_dev,5,102400,102400,102400,512000,512000,1.0,0.9999624871609701,1.0,1.0,0.9999624871609701,1.0,1.0,1.2533505492087758e-07
rt_window2_first,70000,ood_dev,6,102400,102400,102400,614400,614400,1.0,0.9999624871609701,1.0,1.0,0.9999624871609701,1.0,1.0,1.255480949276938e-07
rt_window2_first,70000,ood_dev,7,102400,102400,102400,716800,716800,1.0,0.9999624871609701,1.0,1.0,0.9999624871609701,1.0,1.0,1.2552015526239025e-07
rt_window2_first,70000,ood_dev,8,102400,102400,102400,819200,819200,1.0,0.9999624871609701,1.0,1.0,0.9999624871609701,1.0,1.0,1.2572737449138838e-07
rt_window2_first,70000,ood_dev,9,102400,102400,102400,921600,921600,1.0,0.9999624871609701,1.0,1.0,0.9999624871609701,1.0,1.0,1.258321482792285e-07
rt_window2_first,70000,ood_dev,10,102400,102400,102400,1024000,1024000,1.0,0.9999624871609701,1.0,1.0,0.9999624871609701,1.0,1.0,1.2601492030667183e-07
rt_window2_first,70000,ood_dev,11,102400,102400,102400,1126400,1126400,1.0,0.9999624871609701,1.0,1.0,0.9999624871609701,1.0,1.0,1.2603587506002102e-07
rt_window2_first,70000,ood_dev,12,102400,102400,102400,1228800,1228800,1.0,0.9999624871609701,1.0,1.0,0.9999624871609701,1.0,1.0,1.2602190522986723e-07
rt_window2_first,70000,ood_dev,13,102400,102400,102400,1331200,1331200,1.0,0.9999624871609701,1.0,1.0,0.9999624871609701,1.0,1.0,1.2623727353867908e-07
rt_window2_first,70000,ood_dev,14,102400,102400,102400,1433600,1433600,1.0,0.9999624871609701,1.0,1.0,0.9999624871609701,1.0,1.0,1.2591131067794803e-07
rt_window2_first,70000,ood_dev,15,102400,102400,102400,1536000,1536000,1.0,0.9999624871609701,1.0,1.0,0.9999624871609701,1.0,1.0,1.2607894872278258e-07
rt_window2_first,70000,ood_dev,16,102400,102400,102400,1638400,1638400,1.0,0.9999624871609701,1.0,1.0,0.9999624871609701,1.0,1.0,1.2635485299491989e-07
rt_window2_first,70000,ood_dev,17,102400,102400,102400,1740800,1740800,1.0,0.9999624871609701,1.0,1.0,0.9999624871609701,1.0,1.0,1.262000206279229e-07
rt_window2_first,70000,ood_dev,18,102400,102400,102400,1843200,1843200,1.0,0.9999624871609701,1.0,1.0,0.9999624871609701,1.0,1.0,1.2599862215523228e-07
rt_window2_first,70000,ood_dev,19,102400,102400,102400,1945600,1945600,1.0,0.9999624871609701,1.0,1.0,0.9999624871609701,1.0,1.0,1.2623610938192199e-07
rt_window2_first,70000,ood_dev,20,102400,102400,102400,2048000,2048000,1.0,0.9999624871609701,1.0,1.0,0.9999624871609701,1.0,1.0,1.260568297981046e-07
rt_window2_first,70000,ood_dev,21,102400,102400,102400,2150400,2150400,1.0,0.9999624871609701,1.0,1.0,0.9999624871609701,1.0,1.0,1.2621399046654213e-07
rt_window2_first,70000,ood_dev,22,102400,102400,102400,2252800,2252800,1.0,0.9999624871609701,1.0,1.0,0.9999624871609701,1.0,1.0,1.261650960390076e-07
rt_window2_first,70000,ood_dev,23,102400,102400,102400,2355200,2355200,1.0,0.9999624871609701,1.0,1.0,0.9999624871609701,1.0,1.0,1.2628034718908942e-07
rt_window2_first,70000,ood_dev,24,102400,102400,102400,2457600,2457600,1.0,0.9999624871609701,1.0,1.0,0.9999624871609701,1.0,1.0,1.2609175439590171e-07
rt_window2_first,70000,ood_dev,25,102400,102400,102400,2560000,2560000,1.0,0.9999624871609701,1.0,1.0,0.9999624871609701,1.0,1.0,1.2644449275171776e-07
rt_window2_first,70000,ood_dev,26,102400,102400,102400,2662400,2662400,1.0,0.9999624871609701,1.0,1.0,0.9999624871609701,1.0,1.0,1.2645147768851339e-07
rt_window2_first,70000,ood_dev,27,102400,102400,102400,2764800,2764800,1.0,0.9999624871609701,1.0,1.0,0.9999624871609701,1.0,1.0,1.2643285123035974e-07
rt_window2_first,70000,ood_dev,28,102400,102400,102400,2867200,2867200,1.0,0.9999624871609701,1.0,1.0,0.9999624871609701,1.0,1.0,1.266063100321957e-07
rt_window2_first,70000,ood_dev,29,102400,102400,102400,2969600,2969600,1.0,0.9999624871609701,1.0,1.0,0.9999624871609701,1.0,1.0,1.26581862823702e-07
rt_window2_first,70000,ood_dev,30,102400,102400,102400,3072000,3072000,1.0,0.9999624871609701,1.0,1.0,0.9999624871609701,1.0,1.0,1.2656090805814034e-07
rt_window2_first,70000,ood_dev,31,102400,102400,102400,3174400,3174400,1.0,0.9999624871609701,1.0,1.0,0.9999624871609701,1.0,1.0,1.2670642718329294e-07
rt_window2_first,70000,ood_dev,32,102400,102400,102400,3276800,3276800,1.0,0.9999624871609701,1.0,1.0,0.9999624871609701,1.0,1.0,1.269613766988892e-07
rt_window2_first,70000,ood_dev,33,102400,102400,102400,3379200,3379200,1.0,0.9999624871609701,1.0,1.0,0.9999624871609701,1.0,1.0,1.268274991014784e-07
rt_window2_first,70000,ood_dev,34,102400,102400,102400,3481600,3481600,1.0,0.9999624871609701,1.0,1.0,0.9999624871609701,1.0,1.0,1.2696370500435427e-07
rt_window2_first,70000,ood_dev,35,102400,102400,102400,3584000,3584000,1.0,0.9999624871609701,1.0,1.0,0.9999624871609701,1.0,1.0,1.2682633493528438e-07
rt_window2_first,70000,ood_dev,36,102400,102400,102400,3686400,3686400,1.0,0.9999624871609701,1.0,1.0,0.9999624871609701,1.0,1.0,1.2685194629137586e-07
rt_window2_first,80000,dev,1,102400,102400,102400,102400,102400,1.0,0.9999624871609701,1.0,1.0,0.9999624871609701,1.0,1.0,8.751637712023363e-08
rt_window2_first,80000,dev,2,102400,102400,102400,204800,204800,1.0,0.9999624871609701,1.0,1.0,0.9999624871609701,1.0,1.0,7.926136706755405e-08
rt_window2_first,80000,dev,3,102400,102400,102400,307200,307200,1.0,0.9999624871609701,1.0,1.0,0.9999624871609701,1.0,1.0,7.837544653513385e-08
rt_window2_first,80000,dev,4,102400,102400,102400,409600,409600,1.0,0.9999624871609701,1.0,1.0,0.9999624871609701,1.0,1.0,7.823924061532706e-08
rt_window2_first,80000,dev,5,102400,102400,102400,512000,512000,1.0,0.9999624871609701,1.0,1.0,0.9999624871609701,1.0,1.0,7.838359560551067e-08
rt_window2_first,80000,dev,6,102400,102400,102400,614400,614400,1.0,0.9999624871609701,1.0,1.0,0.9999624871609701,1.0,1.0,7.872585662989373e-08
rt_window2_first,80000,dev,7,102400,102400,102400,716800,716800,1.0,0.9999624871609701,1.0,1.0,0.9999624871609701,1.0,1.0,7.956986766657903e-08
rt_window2_first,80000,dev,8,102400,102400,102400,819200,819200,1.0,0.9999624871609701,1.0,1.0,0.9999624871609701,1.0,1.0,7.998197787545403e-08
rt_window2_first,80000,dev,9,102400,102400,102400,921600,921600,1.0,0.9999624871609701,1.0,1.0,0.9999624871609701,1.0,1.0,8.043949006449059e-08
rt_window2_first,80000,dev,10,102400,102400,102400,1024000,1024000,1.0,0.9999624871609701,1.0,1.0,0.9999624871609701,1.0,1.0,8.044647498921254e-08
rt_window2_first,80000,dev,11,102400,102400,102400,1126400,1126400,1.0,0.9999624871609701,1.0,1.0,0.9999624871609701,1.0,1.0,8.082016814348058e-08
rt_window2_first,80000,dev,12,102400,102400,102400,1228800,1228800,1.0,0.9999624871609701,1.0,1.0,0.9999624871609701,1.0,1.0,8.106813277460046e-08
rt_window2_first,80000,ood_dev,1,102400,102400,102400,102400,102400,1.0,0.9999624871609701,1.0,1.0,0.9999624871609701,1.0,1.0,8.730100878769076e-08
rt_window2_first,80000,ood_dev,2,102400,102400,102400,204800,204800,1.0,0.9999624871609701,1.0,1.0,0.9999624871609701,1.0,1.0,7.949885431172977e-08
rt_window2_first,80000,ood_dev,3,102400,102400,102400,307200,307200,1.0,0.9999624871609701,1.0,1.0,0.9999624871609701,1.0,1.0,7.828580673989449e-08
rt_window2_first,80000,ood_dev,4,102400,102400,102400,409600,409600,1.0,0.9999624871609701,1.0,1.0,0.9999624871609701,1.0,1.0,7.805646857317327e-08
rt_window2_first,80000,ood_dev,5,102400,102400,102400,512000,512000,1.0,0.9999624871609701,1.0,1.0,0.9999624871609701,1.0,1.0,7.859896393208609e-08
rt_window2_first,80000,ood_dev,6,102400,102400,102400,614400,614400,1.0,0.9999624871609701,1.0,1.0,0.9999624871609701,1.0,1.0,7.89435532666527e-08
rt_window2_first,80000,ood_dev,7,102400,102400,102400,716800,716800,1.0,0.9999624871609701,1.0,1.0,0.9999624871609701,1.0,1.0,7.960013564664581e-08
rt_window2_first,80000,ood_dev,8,102400,102400,102400,819200,819200,1.0,0.9999624871609701,1.0,1.0,0.9999624871609701,1.0,1.0,7.989000977919047e-08
rt_window2_first,80000,ood_dev,9,102400,102400,102400,921600,921600,1.0,0.9999624871609701,1.0,1.0,0.9999624871609701,1.0,1.0,8.006463274888576e-08
rt_window2_first,80000,ood_dev,10,102400,102400,102400,1024000,1024000,1.0,0.9999624871609701,1.0,1.0,0.9999624871609701,1.0,1.0,8.058733751398206e-08
rt_window2_first,80000,ood_dev,11,102400,102400,102400,1126400,1126400,1.0,0.9999624871609701,1.0,1.0,0.9999624871609701,1.0,1.0,8.077010955752362e-08
rt_window2_first,80000,ood_dev,12,102400,102400,102400,1228800,1228800,1.0,0.9999624871609701,1.0,1.0,0.9999624871609701,1.0,1.0,8.088652487490966e-08
rt_window2_first,80000,ood_dev,13,102400,102400,102400,1331200,1331200,1.0,0.9999624871609701,1.0,1.0,0.9999624871609701,1.0,1.0,8.177593788051551e-08
rt_window2_first,80000,ood_dev,14,102400,102400,102400,1433600,1433600,1.0,0.9999624871609701,1.0,1.0,0.9999624871609701,1.0,1.0,8.183181723388222e-08
rt_window2_first,80000,ood_dev,15,102400,102400,102400,1536000,1536000,1.0,0.9999624871609701,1.0,1.0,0.9999624871609701,1.0,1.0,8.205999125009134e-08
rt_window2_first,80000,ood_dev,16,102400,102400,102400,1638400,1638400,1.0,0.9999624871609701,1.0,1.0,0.9999624871609701,1.0,1.0,8.229282188070008e-08
rt_window2_first,80000,ood_dev,17,102400,102400,102400,1740800,1740800,1.0,0.9999624871609701,1.0,1.0,0.9999624871609701,1.0,1.0,8.27794378949892e-08
rt_window2_first,80000,ood_dev,18,102400,102400,102400,1843200,1843200,1.0,0.9999624871609701,1.0,1.0,0.9999624871609701,1.0,1.0,8.296337409251231e-08
rt_window2_first,80000,ood_dev,19,102400,102400,102400,1945600,1945600,1.0,0.9999624871609701,1.0,1.0,0.9999624871609701,1.0,1.0,8.335569370424011e-08
rt_window2_first,80000,ood_dev,20,102400,102400,102400,2048000,2048000,1.0,0.9999624871609701,1.0,1.0,0.9999624871609701,1.0,1.0,8.364323952229913e-08
rt_window2_first,80000,ood_dev,21,102400,102400,102400,2150400,2150400,1.0,0.9999624871609701,1.0,1.0,0.9999624871609701,1.0,1.0,8.371076041575887e-08
rt_window2_first,80000,ood_dev,22,102400,102400,102400,2252800,2252800,1.0,0.9999624871609701,1.0,1.0,0.9999624871609701,1.0,1.0,8.405185728865839e-08
rt_window2_first,80000,ood_dev,23,102400,102400,102400,2355200,2355200,1.0,0.9999624871609701,1.0,1.0,0.9999624871609701,1.0,1.0,8.434405972417014e-08
rt_window2_first,80000,ood_dev,24,102400,102400,102400,2457600,2457600,1.0,0.9999624871609701,1.0,1.0,0.9999624871609701,1.0,1.0,8.441274476120309e-08
rt_window2_first,80000,ood_dev,25,102400,102400,102400,2560000,2560000,1.0,0.9999624871609701,1.0,1.0,0.9999624871609701,1.0,1.0,8.429050868029308e-08
rt_window2_first,80000,ood_dev,26,102400,102400,102400,2662400,2662400,1.0,0.9999624871609701,1.0,1.0,0.9999624871609701,1.0,1.0,8.462811309263574e-08
rt_window2_first,80000,ood_dev,27,102400,102400,102400,2764800,2764800,1.0,0.9999624871609701,1.0,1.0,0.9999624871609701,1.0,1.0,8.51531461627808e-08
rt_window2_first,80000,ood_dev,28,102400,102400,102400,2867200,2867200,1.0,0.9999624871609701,1.0,1.0,0.9999624871609701,1.0,1.0,8.49459269053332e-08
rt_window2_first,80000,ood_dev,29,102400,102400,102400,2969600,2969600,1.0,0.9999624871609701,1.0,1.0,0.9999624871609701,1.0,1.0,8.519505567294861e-08
rt_window2_first,80000,ood_dev,30,102400,102400,102400,3072000,3072000,1.0,0.9999624871609701,1.0,1.0,0.9999624871609701,1.0,1.0,8.549773550262097e-08
rt_window2_first,80000,ood_dev,31,102400,102400,102400,3174400,3174400,1.0,0.9999624871609701,1.0,1.0,0.9999624871609701,1.0,1.0,8.580856438934747e-08
rt_window2_first,80000,ood_dev,32,102400,102400,102400,3276800,3276800,1.0,0.9999624871609701,1.0,1.0,0.9999624871609701,1.0,1.0,8.579925116471155e-08
rt_window2_first,80000,ood_dev,33,102400,102400,102400,3379200,3379200,1.0,0.9999624871609701,1.0,1.0,0.9999624871609701,1.0,1.0,8.612404989380428e-08
rt_window2_first,80000,ood_dev,34,102400,102400,102400,3481600,3481600,1.0,0.9999624871609701,1.0,1.0,0.9999624871609701,1.0,1.0,8.610542344203443e-08
rt_window2_first,80000,ood_dev,35,102400,102400,102400,3584000,3584000,1.0,0.9999624871609701,1.0,1.0,0.9999624871609701,1.0,1.0,8.670263400491208e-08
rt_window2_first,80000,ood_dev,36,102400,102400,102400,3686400,3686400,1.0,0.9999624871609701,1.0,1.0,0.9999624871609701,1.0,1.0,8.655827901653257e-08
