arm,update,role,length,words,prefix_exact_count,state_correct_count,token_correct_count,token_denominator,E,E_low95,E_high95,A,A_low95,A_high95,M,state_ce,injection_coefficient
value_linear,500,dev,1,4096,4096,4096,4096,4096,1.0,0.9990630225926348,0.9999999999999999,1.0,0.9990630225926348,0.9999999999999999,1.0,0.0025193762102446726,0.00025
value_linear,500,dev,2,4096,4096,4096,8192,8192,1.0,0.9990630225926348,0.9999999999999999,1.0,0.9990630225926348,0.9999999999999999,1.0,0.011966025112258194,0.00025
value_linear,500,dev,3,4096,226,226,8418,12288,0.05517578125,0.04859116651805456,0.06259397646838068,0.05517578125,0.04859116651805456,0.06259397646838068,0.68505859375,3.940673214283123,0.00025
value_linear,500,dev,4,4096,6,81,8499,16384,0.00146484375,0.0006715185421635897,0.0031924013142034585,0.019775390625,0.015939893688042484,0.02451080678084781,0.51873779296875,4.093548241514554,0.00025
value_linear,500,dev,5,4096,0,63,8562,20480,0.0,0.0,0.0009369774073651883,0.015380859375,0.012040724876904885,0.019629148244979834,0.41806640625,4.099449322966393,0.00025
value_linear,500,dev,6,4096,0,66,8628,24576,0.0,0.0,0.0009369774073651883,0.01611328125,0.01268594169611479,0.020447402650270854,0.35107421875,4.097916327242274,0.00025
value_linear,500,dev,7,4096,0,78,8706,28672,0.0,0.0,0.0009369774073651883,0.01904296875,0.01528574904596704,0.023701480198422328,0.3036411830357143,4.095379782316741,0.00025
value_linear,500,dev,8,4096,0,50,8756,32768,0.0,0.0,0.0009369774073651883,0.01220703125,0.009271887142588631,0.016056277339792056,0.2672119140625,4.098611292953137,0.00025
value_linear,500,dev,9,4096,0,70,8826,36864,0.0,0.0,0.0009369774073651883,0.01708984375,0.0135493413532538,0.021535297959133087,0.23942057291666666,4.097058598359581,0.00025
value_linear,500,dev,10,4096,0,72,8898,40960,0.0,0.0,0.0009369774073651883,0.017578125,0.013982290939508705,0.022077995855878798,0.217236328125,4.097500569070689,0.00025
value_linear,500,dev,11,4096,0,65,8963,45056,0.0,0.0,0.0009369774073651883,0.015869140625,0.012470639018872916,0.020174881586012418,0.19893022017045456,4.0963845163350925,0.00025
value_linear,500,dev,12,4096,0,73,9036,49152,0.0,0.0,0.0009369774073651883,0.017822265625,0.014199063362519719,0.022349047174368093,0.183837890625,4.097167536849156,0.00025
value_linear,500,ood_dev,1,4096,4096,4096,4096,4096,1.0,0.9990630225926348,0.9999999999999999,1.0,0.9990630225926348,0.9999999999999999,1.0,0.002526008626773546,0.00025
value_linear,500,ood_dev,2,4096,4096,4096,8192,8192,1.0,0.9990630225926348,0.9999999999999999,1.0,0.9990630225926348,0.9999999999999999,1.0,0.011559638497487867,0.00025
value_linear,500,ood_dev,3,4096,221,221,8413,12288,0.053955078125,0.047444687966192604,0.06130133631274109,0.053955078125,0.047444687966192604,0.06130133631274109,0.6846516927083334,3.9678464257926294,0.00025
value_linear,500,ood_dev,4,4096,3,52,8465,16384,0.000732421875,0.0002491200948151938,0.0021513285370509242,0.0126953125,0.009694640437114613,0.016609171528266693,0.51666259765625,4.099081577616744,0.00025
value_linear,500,ood_dev,5,4096,0,67,8532,20480,0.0,0.0,0.0009369774073651883,0.016357421875,0.012901468019013623,0.020719700068872332,0.4166015625,4.096882728859782,0.00025
value_linear,500,ood_dev,6,4096,0,70,8602,24576,0.0,0.0,0.0009369774073651883,0.01708984375,0.0135493413532538,0.021535297959133087,0.3500162760416667,4.096962132200133,0.00025
value_linear,500,ood_dev,7,4096,0,70,8672,28672,0.0,0.0,0.0009369774073651883,0.01708984375,0.0135493413532538,0.021535297959133087,0.30245535714285715,4.097983941726852,0.00025
value_linear,500,ood_dev,8,4096,0,71,8743,32768,0.0,0.0,0.0009369774073651883,0.017333984375,0.01376571558724534,0.02180674746664186,0.266815185546875,4.098269887792412,0.00025
value_linear,500,ood_dev,9,4096,0,60,8803,36864,0.0,0.0,0.0009369774073651883,0.0146484375,0.01139766303294143,0.018808738864442356,0.2387966579861111,4.098997883847915,0.00025
value_linear,500,ood_dev,10,4096,0,58,8861,40960,0.0,0.0,0.0009369774073651883,0.01416015625,0.010970229851119503,0.018260524563263665,0.2163330078125,4.097504132660106,0.00025
value_linear,500,ood_dev,11,4096,0,63,8924,45056,0.0,0.0,0.0009369774073651883,0.015380859375,0.012040724876904885,0.019629148244979834,0.19806463068181818,4.0984221795224585,0.00025
value_linear,500,ood_dev,12,4096,0,61,8985,49152,0.0,0.0,0.0009369774073651883,0.014892578125,0.011611768142410793,0.019082457496473304,0.18280029296875,4.097402456332929,0.00025
value_linear,500,ood_dev,13,4096,0,73,9058,53248,0.0,0.0,0.0009369774073651883,0.017822265625,0.014199063362519719,0.022349047174368093,0.17010967548076922,4.097977784927934,0.00025
value_linear,500,ood_dev,14,4096,0,67,9125,57344,0.0,0.0,0.0009369774073651883,0.016357421875,0.012901468019013623,0.020719700068872332,0.15912737165178573,4.096662592026405,0.00025
value_linear,500,ood_dev,15,4096,0,63,9188,61440,0.0,0.0,0.0009369774073651883,0.015380859375,0.012040724876904885,0.019629148244979834,0.14954427083333333,4.0969832193804905,0.00025
value_linear,500,ood_dev,16,4096,0,75,9263,65536,0.0,0.0,0.0009369774073651883,0.018310546875,0.014633183903943853,0.022890574115944584,0.1413421630859375,4.098663535958622,0.00025
value_linear,500,ood_dev,17,4096,0,56,9319,69632,0.0,0.0,0.0009369774073651883,0.013671875,0.01054387645975476,0.017711230471627787,0.13383214613970587,4.098697961249854,0.00025
value_linear,500,ood_dev,18,4096,0,76,9395,73728,0.0,0.0,0.0009369774073651883,0.0185546875,0.014850524581988338,0.02316105717940041,0.12742784288194445,4.096878842625301,0.00025
value_linear,500,ood_dev,19,4096,0,80,9475,77824,0.0,0.0,0.0009369774073651883,0.01953125,0.015721675338006252,0.02424120138938373,0.12174907483552631,4.09678240318317,0.00025
value_linear,500,ood_dev,20,4096,0,60,9535,81920,0.0,0.0,0.0009369774073651883,0.0146484375,0.01139766303294143,0.018808738864442356,0.11639404296875,4.096876578114461,0.00025
value_linear,500,ood_dev,21,4096,0,61,9596,86016,0.0,0.0,0.0009369774073651883,0.014892578125,0.011611768142410793,0.019082457496473304,0.11156063988095238,4.094706961361226,0.00025
value_linear,500,ood_dev,22,4096,0,70,9666,90112,0.0,0.0,0.0009369774073651883,0.01708984375,0.0135493413532538,0.021535297959133087,0.10726651278409091,4.095327042567078,0.00025
value_linear,500,ood_dev,23,4096,0,61,9727,94208,0.0,0.0,0.0009369774073651883,0.014892578125,0.011611768142410793,0.019082457496473304,0.10325025475543478,4.096332952787634,0.00025
value_linear,500,ood_dev,24,4096,0,66,9793,98304,0.0,0.0,0.0009369774073651883,0.01611328125,0.01268594169611479,0.020447402650270854,0.09961954752604167,4.095589291595388,0.00025
value_linear,500,ood_dev,25,4096,0,71,9864,102400,0.0,0.0,0.0009369774073651883,0.017333984375,0.01376571558724534,0.02180674746664186,0.096328125,4.097100080281962,0.00025
value_linear,500,ood_dev,26,4096,0,74,9938,106496,0.0,0.0,0.0009369774073651883,0.01806640625,0.014416028944668636,0.02261990533371949,0.09331805889423077,4.09673859376926,0.00025
value_linear,500,ood_dev,27,4096,0,63,10001,110592,0.0,0.0,0.0009369774073651883,0.015380859375,0.012040724876904885,0.019629148244979834,0.09043149594907407,4.096773267548997,0.00025
value_linear,500,ood_dev,28,4096,0,66,10067,114688,0.0,0.0,0.0009369774073651883,0.01611328125,0.01268594169611479,0.020447402650270854,0.08777727399553571,4.097401775885373,0.00025
value_linear,500,ood_dev,29,4096,0,58,10125,118784,0.0,0.0,0.0009369774073651883,0.01416015625,0.010970229851119503,0.018260524563263665,0.08523875269396551,4.099628044350538,0.00025
value_linear,500,ood_dev,30,4096,0,84,10209,122880,0.0,0.0,0.0009369774073651883,0.0205078125,0.016595533532573623,0.025318638160817603,0.0830810546875,4.095908035465982,0.00025
value_linear,500,ood_dev,31,4096,0,56,10265,126976,0.0,0.0,0.0009369774073651883,0.013671875,0.01054387645975476,0.017711230471627787,0.08084204889112903,4.09659779217327,0.00025
value_linear,500,ood_dev,32,4096,0,77,10342,131072,0.0,0.0,0.0009369774073651883,0.018798828125,0.01506804743850219,0.023431358064386867,0.0789031982421875,4.09618055797182,0.00025
value_linear,500,ood_dev,33,4096,0,63,10405,135168,0.0,0.0,0.0009369774073651883,0.015380859375,0.012040724876904885,0.019629148244979834,0.07697827888257576,4.098848368274048,0.00025
value_linear,500,ood_dev,34,4096,0,59,10464,139264,0.0,0.0,0.0009369774073651883,0.014404296875,0.011183814817094736,0.01853476333878874,0.07513786764705882,4.096301671932451,0.00025
value_linear,500,ood_dev,35,4096,0,63,10527,143360,0.0,0.0,0.0009369774073651883,0.015380859375,0.012040724876904885,0.019629148244979834,0.07343052455357142,4.099565856915433,0.00025
value_linear,500,ood_dev,36,4096,0,66,10593,147456,0.0,0.0,0.0009369774073651883,0.01611328125,0.01268594169611479,0.020447402650270854,0.07183837890625,4.097446505038533,0.00025
value_linear,1000,dev,1,102400,102400,102400,102400,102400,1.0,0.9999624871609701,1.0,1.0,0.9999624871609701,1.0,1.0,0.0023538897590781004,0.0005
value_linear,1000,dev,2,102400,102400,102400,204800,204800,1.0,0.9999624871609701,1.0,1.0,0.9999624871609701,1.0,1.0,0.008089635959208863,0.0005
value_linear,1000,dev,3,102400,102380,102380,307180,307200,0.9998046875,0.9996983209212157,0.9998735558932069,0.9998046875,0.9996983209212157,0.9998735558932069,0.9999348958333333,0.012473060018143656,0.0005
value_linear,1000,dev,4,102400,102302,102319,409499,409600,0.99904296875,0.9988339404315436,0.9992145560313448,0.999208984375,0.9990170512176479,0.9993634640398059,0.99975341796875,0.01748298895859108,0.0005
value_linear,1000,dev,5,102400,102039,102118,511617,512000,0.996474609375,0.9960924909841843,0.9968194794216078,0.99724609375,0.9969059281443895,0.9975489531302641,0.999251953125,0.025653420036011596,0.0005
value_linear,1000,dev,6,102400,101402,101666,613283,614400,0.99025390625,0.9896335364804179,0.9908374943878442,0.99283203125,0.9922965280104212,0.9933305594322646,0.9981819661458333,0.03830736435379947,0.0005
value_linear,1000,dev,7,102400,100365,101034,714317,716800,0.980126953125,0.9792539547400113,0.9809639296597755,0.98666015625,0.9859389968175595,0.9873448036742333,0.9965359933035715,0.05516883605457764,0.0005
value_linear,1000,dev,8,102400,98931,100190,814507,819200,0.966123046875,0.9649973758663063,0.9672137466860425,0.97841796875,0.9775098239392076,0.9792902199282908,0.994271240234375,0.07631100044151537,0.0005
value_linear,1000,dev,9,102400,97036,99147,913654,921600,0.9476171875,0.9462357070339827,0.9489650851830139,0.968232421875,0.9671405464875719,0.9692891678074874,0.9913780381944445,0.1010620749852643,0.0005
value_linear,1000,dev,10,102400,94835,97924,1011578,1024000,0.926123046875,0.9245049219571907,0.9277092016222807,0.9562890625,0.9550196117467097,0.9575242798569849,0.987869140625,0.1314001319511874,0.0005
value_linear,1000,dev,11,102400,92298,96551,1108129,1126400,0.90134765625,0.8995061639947076,0.9031590371252446,0.942880859375,0.9414427718100726,0.9442857195031531,0.983779296875,0.16467751368146197,0.0005
value_linear,1000,dev,12,102400,89612,95183,1203312,1228800,0.8751171875,0.873078302899228,0.8771279286794279,0.929521484375,0.9279376427915522,0.9310731008178412,0.9792578125,0.20059359652122338,0.0005
value_linear,1000,ood_dev,1,102400,102400,102400,102400,102400,1.0,0.9999624871609701,1.0,1.0,0.9999624871609701,1.0,1.0,0.002366172374963256,0.0005
value_linear,1000,ood_dev,2,102400,102400,102400,204800,204800,1.0,0.9999624871609701,1.0,1.0,0.9999624871609701,1.0,1.0,0.0081354858047618,0.0005
value_linear,1000,ood_dev,3,102400,102388,102388,307188,307200,0.9998828125,0.9997951608462756,0.9999329601067661,0.9998828125,0.9997951608462756,0.9999329601067661,0.9999609375,0.012303705601010507,0.0005
value_linear,1000,ood_dev,4,102400,102305,102316,409504,409600,0.999072265625,0.998866140266089,0.9992409477487816,0.9991796875,0.9989846165727584,0.9993373071327131,0.999765625,0.017547265236354123,0.0005
value_linear,1000,ood_dev,5,102400,102028,102101,511605,512000,0.9963671875,0.9959796110579461,0.9967175236572451,0.997080078125,0.9967304290750366,0.997392433405052,0.999228515625,0.025518432328444193,0.0005
value_linear,1000,ood_dev,6,102400,101422,101682,613287,614400,0.99044921875,0.9898348394107164,0.9910268018040931,0.99298828125,0.992458390564747,0.9934811851551766,0.9981884765625,0.03761125203977258,0.0005
value_linear,1000,ood_dev,7,102400,100410,101093,714380,716800,0.98056640625,0.9797027033750778,0.9813940543044406,0.987236328125,0.9865302828328476,0.9879058181812593,0.9966238839285714,0.053428358726272905,0.0005
value_linear,1000,ood_dev,8,102400,98984,100282,814662,819200,0.966640625,0.9655231358009629,0.9677231041697362,0.97931640625,0.9784265454552507,0.9801703060063652,0.99446044921875,0.07399659496999789,0.0005
value_linear,1000,ood_dev,9,102400,97137,99183,913845,921600,0.948603515625,0.9472342016045744,0.9499391728624859,0.968583984375,0.9674978611762838,0.9696349517425605,0.9915852864583333,0.1000433495510947,0.0005
value_linear,1000,ood_dev,10,102400,94972,98018,1011863,1024000,0.9274609375,0.925856187679461,0.929033616773859,0.95720703125,0.9559501684695755,0.9584295917628911,0.9881474609375,0.1281542894192279,0.0005
value_linear,1000,ood_dev,11,102400,92456,96643,1108506,1126400,0.902890625,0.9010618626078251,0.9046891602498501,0.943779296875,0.9423517256562314,0.9451735732511116,0.9841139914772727,0.16223623553434152,0.0005
value_linear,1000,ood_dev,12,102400,89694,95199,1203705,1228800,0.87591796875,0.8738846326629333,0.8779231013365665,0.929677734375,0.9280954938684081,0.9312277380182232,0.97957763671875,0.198503659026523,0.0005
value_linear,1000,ood_dev,13,102400,86715,93572,1297277,1331200,0.846826171875,0.8446072557567007,0.8490190671245853,0.9137890625,0.9120543977744967,0.9154926824205155,0.9745169771634615,0.2404987643184262,0.0005
value_linear,1000,ood_dev,14,102400,83798,92099,1389376,1433600,0.81833984375,0.8159663787555997,0.8206894250817696,0.899404296875,0.8975469666981597,0.9012316614736473,0.9691517857142857,0.2805413519704007,0.0005
value_linear,1000,ood_dev,15,102400,80693,90332,1479708,1536000,0.788017578125,0.785503479589869,0.7905100679460388,0.8821484375,0.8801592256452966,0.8841089784090606,0.9633515625,0.3270034241810083,0.0005
value_linear,1000,ood_dev,16,102400,77553,88725,1568433,1638400,0.757353515625,0.7547182575537568,0.7599694655742324,0.866455078125,0.8643578667099,0.8685247959993853,0.9572955322265625,0.3749532723163952,0.0005
value_linear,1000,ood_dev,17,102400,74438,87065,1655498,1740800,0.72693359375,0.7241962690095467,0.7296538926437077,0.850244140625,0.8480454479289916,0.8524165560168715,0.9509983915441177,0.4209052940091408,0.0005
value_linear,1000,ood_dev,18,102400,71269,85292,1740790,1843200,0.695986328125,0.6931616419872383,0.6987963102556037,0.8329296875,0.8306323874292769,0.835202009295172,0.9444390190972223,0.4728968318718671,0.0005
value_linear,1000,ood_dev,19,102400,68240,83941,1824731,1945600,0.66640625,0.6635121919845423,0.6692878232737179,0.819736328125,0.8173698983944245,0.8220787694207575,0.9378757195723684,0.5191805295540951,0.0005
value_linear,1000,ood_dev,20,102400,65158,82154,1906885,2048000,0.63630859375,0.6333570849812621,0.6392498758740665,0.80228515625,0.7998344410747793,0.8047131922764055,0.93109619140625,0.5715854299501939,0.0005
value_linear,1000,ood_dev,21,102400,62190,80660,1987545,2150400,0.60732421875,0.6043291837230893,0.6103112017046266,0.7876953125,0.7851798363536356,0.7901892041104693,0.924267578125,0.6228791218035485,0.0005
value_linear,1000,ood_dev,22,102400,59296,79029,2066574,2252800,0.5790625,0.5760356739691982,0.5820833943131302,0.771767578125,0.769186837726386,0.7743279289767904,0.9173357599431818,0.6775357084836299,0.0005
value_linear,1000,ood_dev,23,102400,56436,77457,2144031,2355200,0.5511328125,0.5480845631763479,0.5541772255497232,0.756416015625,0.7537773542954048,0.7590354391691575,0.9103392493206521,0.7298348536998389,0.0005
value_linear,1000,ood_dev,24,102400,53721,76097,2220128,2457600,0.524619140625,0.521559545157041,0.5276768890252406,0.743134765625,0.7404496891042605,0.7458016007950887,0.9033723958333333,0.7799265770690647,0.0005
value_linear,1000,ood_dev,25,102400,51196,74779,2294907,2560000,0.4999609375,0.4968985526898647,0.5030233252408258,0.730263671875,0.7275367068467946,0.7329733612150904,0.896448046875,0.8313711361312608,0.0005
value_linear,1000,ood_dev,26,102400,48656,73117,2368024,2662400,0.47515625,0.4720985781515053,0.47821578576768403,0.714033203125,0.7112575392007693,0.7167928090630388,0.8894320913461539,0.8841906709750276,0.0005
value_linear,1000,ood_dev,27,102400,46203,71925,2439949,2764800,0.451201171875,0.4481552355991087,0.45425076931605984,0.702392578125,0.6995846932949382,0.7051852783146536,0.8825047019675926,0.9318583532864488,0.0005
value_linear,1000,ood_dev,28,102400,43883,70642,2510591,2867200,0.428544921875,0.42551664824544305,0.43157855647024407,0.68986328125,0.687023140195295,0.6926891776832905,0.8756246512276785,0.9854172395537887,0.0005
value_linear,1000,ood_dev,29,102400,41651,69420,2580011,2969600,0.406748046875,0.40374288866032104,0.4097602013806926,0.6779296875,0.6750610840753161,0.6807849416292323,0.8688075835129311,1.0372773898691947,0.0005
value_linear,1000,ood_dev,30,102400,39459,68180,2648191,3072000,0.385341796875,0.3823653153160371,0.3883268807433974,0.6658203125,0.6629250124422622,0.6687031717763562,0.8620413411458333,1.0849688261188657,0.0005
value_linear,1000,ood_dev,31,102400,37372,66837,2715028,3174400,0.3649609375,0.362017415701692,0.36791459069553667,0.652705078125,0.649783275882743,0.6556154235652275,0.855288558467742,1.140258810809039,0.0005
value_linear,1000,ood_dev,32,102400,35433,65593,2780621,3276800,0.346025390625,0.34311759805307385,0.34894473524639846,0.640556640625,0.6376124689071523,0.6434902669855789,0.8485781860351562,1.1876803017507307,0.0005
value_linear,1000,ood_dev,33,102400,33450,64486,2845107,3379200,0.32666015625,0.323794183312376,0.3295391341269361,0.62974609375,0.626783737724525,0.6326987154868159,0.8419469105113636,1.2346918602322683,0.0005
value_linear,1000,ood_dev,34,102400,31640,63285,2908392,3481600,0.308984375,0.30616142900209925,0.3118216520746863,0.618017578125,0.6150372905782848,0.6209890113228933,0.8353607536764706,1.2850293920623654,0.0005
value_linear,1000,ood_dev,35,102400,29951,62381,2970773,3584000,0.292490234375,0.289711810453617,0.29528422685725303,0.609189453125,0.6061968816145797,0.6121738326226625,0.8288987165178572,1.3330695787389164,0.0005
value_linear,1000,ood_dev,36,102400,28321,61357,3032130,3686400,0.276572265625,0.27384100456363275,0.27932028950363613,0.599189453125,0.596184207342968,0.6021872571510551,0.8225179036458333,1.3743207724149897,0.0005
value_linear,1500,dev,1,4096,4096,4096,4096,4096,1.0,0.9990630225926348,0.9999999999999999,1.0,0.9990630225926348,0.9999999999999999,1.0,0.00226458916249328,0.00075
value_linear,1500,dev,2,4096,4096,4096,8192,8192,1.0,0.9990630225926348,0.9999999999999999,1.0,0.9990630225926348,0.9999999999999999,1.0,0.0017249068136031553,0.00075
value_linear,1500,dev,3,4096,4096,4096,12288,12288,1.0,0.9990630225926348,0.9999999999999999,1.0,0.9990630225926348,0.9999999999999999,1.0,0.0014926609872638608,0.00075
value_linear,1500,dev,4,4096,4096,4096,16384,16384,1.0,0.9990630225926348,0.9999999999999999,1.0,0.9990630225926348,0.9999999999999999,1.0,0.0017570806006581563,0.00075
value_linear,1500,dev,5,4096,4096,4096,20480,20480,1.0,0.9990630225926348,0.9999999999999999,1.0,0.9990630225926348,0.9999999999999999,1.0,0.0025960626021515054,0.00075
value_linear,1500,dev,6,4096,4093,4093,24573,24576,0.999267578125,0.9978486714629491,0.9997508799051849,0.999267578125,0.9978486714629491,0.9997508799051849,0.9998779296875,0.005088356270444905,0.00075
value_linear,1500,dev,7,4096,4087,4088,28661,28672,0.997802734375,0.9958290482073086,0.9988435607118235,0.998046875,0.9961504506055915,0.9990099820550408,0.9996163504464286,0.008462138749310455,0.00075
value_linear,1500,dev,8,4096,4072,4075,32736,32768,0.994140625,0.9912959670744264,0.996059285722201,0.994873046875,0.9921745882319427,0.9966441357891856,0.9990234375,0.01574750608515174,0.00075
value_linear,1500,dev,9,4096,4054,4067,36803,36864,0.98974609375,0.9861695639225535,0.9924048615270683,0.992919921875,0.9898503448988859,0.9950657891902398,0.9983452690972222,0.02427685811744773,0.00075
value_linear,1500,dev,10,4096,4024,4045,40848,40960,0.982421875,0.9779220041441211,0.9860177090604912,0.987548828125,0.9836671128801424,0.9905168988959765,0.997265625,0.0367351770719786,0.00075
value_linear,1500,dev,11,4096,3981,4025,44873,45056,0.971923828125,0.9664058535023272,0.976557438817772,0.982666015625,0.9781932525333582,0.9862342844127546,0.9959383877840909,0.04960996055354627,0.00075
value_linear,1500,dev,12,4096,3931,3999,48872,49152,0.959716796875,0.9532520220922961,0.9653200831527876,0.976318359375,0.9711962850581976,0.9805478346089073,0.9943033854166666,0.06749052289992008,0.00075
value_linear,1500,ood_dev,1,4096,4096,4096,4096,4096,1.0,0.9990630225926348,0.9999999999999999,1.0,0.9990630225926348,0.9999999999999999,1.0,0.002238198600018393,0.00075
value_linear,1500,ood_dev,2,4096,4096,4096,8192,8192,1.0,0.9990630225926348,0.9999999999999999,1.0,0.9990630225926348,0.9999999999999999,1.0,0.0017581659817569317,0.00075
value_linear,1500,ood_dev,3,4096,4096,4096,12288,12288,1.0,0.9990630225926348,0.9999999999999999,1.0,0.9990630225926348,0.9999999999999999,1.0,0.0014957524726746385,0.00075
value_linear,1500,ood_dev,4,4096,4096,4096,16384,16384,1.0,0.9990630225926348,0.9999999999999999,1.0,0.9990630225926348,0.9999999999999999,1.0,0.0016834345669103357,0.00075
value_linear,1500,ood_dev,5,4096,4096,4096,20480,20480,1.0,0.9990630225926348,0.9999999999999999,1.0,0.9990630225926348,0.9999999999999999,1.0,0.0021853041088295555,0.00075
value_linear,1500,ood_dev,6,4096,4095,4095,24575,24576,0.999755859375,0.9986182969663738,0.9999569018847606,0.999755859375,0.9986182969663738,0.9999569018847606,0.9999593098958334,0.0038073939350429242,0.00075
value_linear,1500,ood_dev,7,4096,4086,4086,28661,28672,0.99755859375,0.9955114747539533,0.9986733104236785,0.99755859375,0.9955114747539533,0.9986733104236785,0.9996163504464286,0.00943097780172053,0.00075
value_linear,1500,ood_dev,8,4096,4084,4089,32750,32768,0.9970703125,0.9948858699188933,0.9983232677757378,0.998291015625,0.9964763422189936,0.9991719141831389,0.99945068359375,0.011488728949007765,0.00075
value_linear,1500,ood_dev,9,4096,4064,4069,36819,36864,0.9921875,0.9889921727170213,0.9944604901476036,0.993408203125,0.9904260923610462,0.9954656892110803,0.998779296875,0.021667005462223443,0.00075
value_linear,1500,ood_dev,10,4096,4044,4059,40878,40960,0.9873046875,0.9833908284717333,0.9903053595628853,0.990966796875,0.9875743543279273,0.993439189829196,0.997998046875,0.03212625707112693,0.00075
value_linear,1500,ood_dev,11,4096,4012,4039,44917,45056,0.9794921875,0.9746813618391824,0.9834044664674263,0.986083984375,0.9820139840883064,0.9892430852388108,0.9969149502840909,0.04405636317742534,0.00075
value_linear,1500,ood_dev,12,4096,3977,4016,48933,49152,0.970947265625,0.9653459981138298,0.975665999240268,0.98046875,0.9757587986106162,0.9842783246619937,0.99554443359375,0.06366185232541355,0.00075
value_linear,1500,ood_dev,13,4096,3929,3986,52919,53248,0.959228515625,0.9527294929498811,0.9648669648122019,0.97314453125,0.9677329319802243,0.9776694790473764,0.9938213641826923,0.07721726345221569,0.00075
value_linear,1500,ood_dev,14,4096,3872,3950,56869,57344,0.9453125,0.9379229636648263,0.951867540831739,0.96435546875,0.9582285450750817,0.9696122112585078,0.9917166573660714,0.1022137790250941,0.00075
value_linear,1500,ood_dev,15,4096,3807,3913,60782,61440,0.929443359375,0.9211919432008939,0.9368900180981512,0.955322265625,0.9485573633564719,0.9612339145416062,0.9892903645833333,0.12855999980492427,0.00075
value_linear,1500,ood_dev,16,4096,3733,3868,64650,65536,0.911376953125,0.9022836148178496,0.9196993896101727,0.9443359375,0.9368892357284203,0.9509499738021437,0.986480712890625,0.15956484366832058,0.00075
value_linear,1500,ood_dev,17,4096,3654,3822,68472,69632,0.89208984375,0.8822180645396832,0.9012268643098146,0.93310546875,0.9250412981572879,0.9403580192642621,0.9833409926470589,0.19718934292188806,0.00075
value_linear,1500,ood_dev,18,4096,3568,3774,72246,73728,0.87109375,0.8604828297370326,0.8810092573434385,0.92138671875,0.9127442108350373,0.9292395669944976,0.9798990885416666,0.22605106081221038,0.00075
value_linear,1500,ood_dev,19,4096,3469,3703,75949,77824,0.846923828125,0.835572480233076,0.8576250564388646,0.904052734375,0.8946509509932163,0.9126973411897967,0.9759071751644737,0.28068369381400515,0.00075
value_linear,1500,ood_dev,20,4096,3395,3670,79619,81920,0.828857421875,0.8170163886865339,0.8400821911143835,0.89599609375,0.8862734838085056,0.9049766249049971,0.97191162109375,0.3107979840007822,0.00075
value_linear,1500,ood_dev,21,4096,3308,3640,83259,86016,0.8076171875,0.7952598719486457,0.8193980423417448,0.888671875,0.8786727768447774,0.897942619623716,0.9679478236607143,0.33429559248353335,0.00075
value_linear,1500,ood_dev,22,4096,3235,3588,86847,90112,0.789794921875,0.7770482276239895,0.8019985535368784,0.8759765625,0.8655287943450488,0.8857197675654286,0.9637673117897727,0.4028419824685514,0.00075
value_linear,1500,ood_dev,23,4096,3136,3535,90382,94208,0.765625,0.7524070630903589,0.7783451676619783,0.863037109375,0.8521674580739187,0.8732264455370422,0.9593877377717391,0.4293489766554437,0.00075
value_linear,1500,ood_dev,24,4096,3038,3482,93864,98304,0.74169921875,0.7280727963422683,0.7548727077430385,0.85009765625,0.8388376436330398,0.8607016016784046,0.954833984375,0.47818189944127454,0.00075
value_linear,1500,ood_dev,25,4096,2961,3463,97327,102400,0.722900390625,0.7089899089520311,0.7363931670377519,0.845458984375,0.8340660400464522,0.8562045541764863,0.950458984375,0.5092105577041615,0.00075
value_linear,1500,ood_dev,26,4096,2863,3398,100725,106496,0.698974609375,0.6847459762784119,0.7128303730443407,0.82958984375,0.8177677129585759,0.8407943380668426,0.9458101712740384,0.556839333937976,0.00075
value_linear,1500,ood_dev,27,4096,2794,3376,104101,110592,0.68212890625,0.6677036754895301,0.6962128356697012,0.82421875,0.8122597665518021,0.8355701621606095,0.9413067853009259,0.5867734012232297,0.00075
value_linear,1500,ood_dev,28,4096,2709,3314,107415,114688,0.661376953125,0.6467389953269763,0.6757124978047285,0.80908203125,0.7967584275732267,0.8208264291661658,0.93658447265625,0.6482111852098242,0.00075
value_linear,1500,ood_dev,29,4096,2648,3296,110711,118784,0.646484375,0.6317129898788242,0.6609812550213617,0.8046875,0.7922635613269862,0.8165404680654007,0.9320363011853449,0.6864663380445144,0.00075
value_linear,1500,ood_dev,30,4096,2575,3270,113981,122880,0.628662109375,0.613751416646233,0.6433316951244303,0.79833984375,0.7857751417753802,0.8103454703379986,0.9275797526041667,0.7208866023420164,0.00075
value_linear,1500,ood_dev,31,4096,2498,3204,117185,126976,0.60986328125,0.5948289759675499,0.6246917077075896,0.7822265625,0.7693255758783047,0.7945986692960535,0.9228909400201613,0.7876312904560763,0.00075
value_linear,1500,ood_dev,32,4096,2427,3144,120329,131072,0.592529296875,0.5774016623323724,0.607483535696245,0.767578125,0.7543959969766966,0.7802588237076432,0.9180374145507812,0.8520289063694584,0.00075
value_linear,1500,ood_dev,33,4096,2358,3125,123454,135168,0.57568359375,0.5604838211500917,0.5907415387150045,0.762939453125,0.7496729044610959,0.7757132651347378,0.9133374763257576,0.8967438755354209,0.00075
value_linear,1500,ood_dev,34,4096,2268,3064,126518,139264,0.5537109375,0.5384440471895436,0.5688771759405246,0.748046875,0.7345235343408396,0.7611053870234754,0.9084759880514706,0.9570796802996,0.00075
value_linear,1500,ood_dev,35,4096,2210,3066,129584,143360,0.53955078125,0.5242565921108929,0.5547708540121573,0.74853515625,0.7350198996459677,0.7615846692013478,0.90390625,0.9745677795571872,0.00075
value_linear,1500,ood_dev,36,4096,2144,3010,132594,147456,0.5234375,0.5081273043426912,0.5387037748413387,0.73486328125,0.721129952394745,0.7481564869285533,0.8992106119791666,1.0226877832634216,0.00075
value_linear,2000,dev,1,4096,4096,4096,4096,4096,1.0,0.9990630225926348,0.9999999999999999,1.0,0.9990630225926348,0.9999999999999999,1.0,0.0019350478350830258,0.001
value_linear,2000,dev,2,4096,4096,4096,8192,8192,1.0,0.9990630225926348,0.9999999999999999,1.0,0.9990630225926348,0.9999999999999999,1.0,0.0010278944773691734,0.001
value_linear,2000,dev,3,4096,4096,4096,12288,12288,1.0,0.9990630225926348,0.9999999999999999,1.0,0.9990630225926348,0.9999999999999999,1.0,0.0009943823666009877,0.001
value_linear,2000,dev,4,4096,4096,4096,16384,16384,1.0,0.9990630225926348,0.9999999999999999,1.0,0.9990630225926348,0.9999999999999999,1.0,0.0015056397662647214,0.001
value_linear,2000,dev,5,4096,4095,4095,20479,20480,0.999755859375,0.9986182969663738,0.9999569018847606,0.999755859375,0.9986182969663738,0.9999569018847606,0.999951171875,0.002605028727211689,0.001
value_linear,2000,dev,6,4096,4092,4093,24572,24576,0.9990234375,0.9974915571936952,0.9996201704329383,0.999267578125,0.9978486714629491,0.9997508799051849,0.9998372395833334,0.0035541164170354023,0.001
value_linear,2000,dev,7,4096,4085,4087,28659,28672,0.997314453125,0.9951972177470491,0.9984997436890822,0.997802734375,0.9958290482073086,0.9988435607118235,0.9995465959821429,0.007213173195662392,0.001
value_linear,2000,dev,8,4096,4081,4088,32747,32768,0.996337890625,0.9939662587473084,0.9977794077228217,0.998046875,0.9961504506055915,0.9990099820550408,0.999359130859375,0.010186679512253605,0.001
value_linear,2000,dev,9,4096,4061,4068,36815,36864,0.991455078125,0.9881397703182205,0.9938494213219035,0.9931640625,0.9901378308615215,0.9952661269691047,0.9986707899305556,0.019488624813849498,0.001
value_linear,2000,dev,10,4096,4032,4048,40863,40960,0.984375,0.9800978681444444,0.9877444349921706,0.98828125,0.9844979568178159,0.9911495261828039,0.9976318359375,0.030011266040869344,0.001
value_linear,2000,dev,11,4096,4012,4041,44904,45056,0.9794921875,0.9746813618391824,0.9834044664674263,0.986572265625,0.9825638389733109,0.9896688778368068,0.9966264204545454,0.036338744432928394,0.001
value_linear,2000,dev,12,4096,3970,4014,48918,49152,0.96923828125,0.9634948720671381,0.9741023590964577,0.97998046875,0.9752197539009314,0.983841721888678,0.9952392578125,0.054023305945550604,0.001
value_linear,2000,ood_dev,1,4096,4096,4096,4096,4096,1.0,0.9990630225926348,0.9999999999999999,1.0,0.9990630225926348,0.9999999999999999,1.0,0.001948670058368407,0.001
value_linear,2000,ood_dev,2,4096,4096,4096,8192,8192,1.0,0.9990630225926348,0.9999999999999999,1.0,0.9990630225926348,0.9999999999999999,1.0,0.00104606331554713,0.001
value_linear,2000,ood_dev,3,4096,4096,4096,12288,12288,1.0,0.9990630225926348,0.9999999999999999,1.0,0.9990630225926348,0.9999999999999999,1.0,0.0011170904693980077,0.001
value_linear,2000,ood_dev,4,4096,4096,4096,16384,16384,1.0,0.9990630225926348,0.9999999999999999,1.0,0.9990630225926348,0.9999999999999999,1.0,0.0014618700083541825,0.001
value_linear,2000,ood_dev,5,4096,4095,4095,20479,20480,0.999755859375,0.9986182969663738,0.9999569018847606,0.999755859375,0.9986182969663738,0.9999569018847606,0.999951171875,0.0028030219729924255,0.001
value_linear,2000,ood_dev,6,4096,4092,4092,24571,24576,0.9990234375,0.9974915571936952,0.9996201704329383,0.9990234375,0.9974915571936952,0.9996201704329383,0.9997965494791666,0.004559858021238483,0.001
value_linear,2000,ood_dev,7,4096,4086,4088,28659,28672,0.99755859375,0.9955114747539533,0.9986733104236785,0.998046875,0.9961504506055915,0.9990099820550408,0.9995465959821429,0.007094834454758114,0.001
value_linear,2000,ood_dev,8,4096,4073,4078,32737,32768,0.994384765625,0.991587789433178,0.9962552871049496,0.99560546875,0.9930638103960733,0.9972183848495558,0.999053955078125,0.014424629423590574,0.001
value_linear,2000,ood_dev,9,4096,4056,4068,36805,36864,0.990234375,0.9867300726317991,0.9928200003008232,0.9931640625,0.9901378308615215,0.9952661269691047,0.9983995225694444,0.020290113798109743,0.001
value_linear,2000,ood_dev,10,4096,4042,4062,40867,40960,0.98681640625,0.9828391999625007,0.9898813405891173,0.99169921875,0.9884233098915096,0.9940537054901146,0.9977294921875,0.028559749044321237,0.001
value_linear,2000,ood_dev,11,4096,4009,4042,44909,45056,0.978759765625,0.9738749487182478,0.98274740836386,0.98681640625,0.9828391999625007,0.9898813405891173,0.9967373934659091,0.04284391773945373,0.001
value_linear,2000,ood_dev,12,4096,3966,4005,48914,49152,0.96826171875,0.9624390364554394,0.973206899742155,0.977783203125,0.9728018164634368,0.9818692456526698,0.9951578776041666,0.06181799829303536,0.001
value_linear,2000,ood_dev,13,4096,3920,3984,52898,53248,0.95703125,0.9503809505933728,0.9628250934952075,0.97265625,0.9672017903723954,0.9772249731722046,0.9934269831730769,0.08153687904670193,0.001
value_linear,2000,ood_dev,14,4096,3858,3937,56835,57344,0.94189453125,0.9343075174163912,0.9486534546991697,0.961181640625,0.9548210542172663,0.9666779934768192,0.9911237444196429,0.11087898629886084,0.001
value_linear,2000,ood_dev,15,4096,3791,3906,60741,61440,0.925537109375,0.917092662444004,0.9331841189910363,0.95361328125,0.946736292289229,0.959640219418347,0.988623046875,0.1445323154846303,0.001
value_linear,2000,ood_dev,16,4096,3732,3883,64624,65536,0.9111328125,0.9020289161772014,0.9194662645093207,0.947998046875,0.9407689451321072,0.9543876205209615,0.986083984375,0.16484761343241772,0.001
value_linear,2000,ood_dev,17,4096,3671,3839,68463,69632,0.896240234375,0.8865270812946906,0.9052108511603125,0.937255859375,0.9294118497021406,0.9442804713249144,0.9832117417279411,0.19808212841983242,0.001
value_linear,2000,ood_dev,18,4096,3584,3771,72234,73728,0.875,0.8645192029666569,0.8847780639778193,0.920654296875,0.9119775502306317,0.9285427563744023,0.979736328125,0.24071522664526768,0.001
value_linear,2000,ood_dev,19,4096,3512,3739,75973,77824,0.857421875,0.8463791651916867,0.8677947923647672,0.912841796875,0.9038122249393785,0.9210977219376457,0.9762155633223685,0.2709575250748486,0.001
value_linear,2000,ood_dev,20,4096,3456,3717,79690,81920,0.84375,0.8323089646819845,0.8545468633504519,0.907470703125,0.8982107631027751,0.9159670614612421,0.9727783203125,0.31492084522258423,0.001
value_linear,2000,ood_dev,21,4096,3389,3681,83371,86016,0.827392578125,0.8155139698040293,0.8386576675478864,0.898681640625,0.8890639462329901,0.9075522236370159,0.9692499069940477,0.33798286808696965,0.001
value_linear,2000,ood_dev,22,4096,3317,3635,87006,90112,0.809814453125,0.7975078064837412,0.8215405214801522,0.887451171875,0.8774073028811354,0.8967689748798565,0.9655317826704546,0.39390002284886094,0.001
value_linear,2000,ood_dev,23,4096,3241,3586,90592,94208,0.791259765625,0.7785436738827836,0.8034300497270863,0.87548828125,0.865023973378623,0.8852489410488537,0.9616168478260869,0.441416952379555,0.001
value_linear,2000,ood_dev,24,4096,3153,3534,94126,98304,0.769775390625,0.7566340101517511,0.7824112242060913,0.86279296875,0.851915672171129,0.8729904076983317,0.9574991861979166,0.492667322211938,0.001
value_linear,2000,ood_dev,25,4096,3084,3493,97619,102400,0.7529296875,0.7394881965837612,0.7658971996105599,0.852783203125,0.8416017930965025,0.8633035133714453,0.953310546875,0.5292212062694315,0.001
value_linear,2000,ood_dev,26,4096,2987,3431,101050,106496,0.729248046875,0.7154300133658742,0.7426364799029168,0.837646484375,0.8260374562848546,0.848622778210074,0.9488619290865384,0.5859535827552058,0.001
value_linear,2000,ood_dev,27,4096,2913,3388,104438,110592,0.711181640625,0.6971094580626395,0.7248580783351287,0.8271484375,0.8152635962608731,0.8384202173495422,0.9443540219907407,0.6317848491620328,0.001
value_linear,2000,ood_dev,28,4096,2831,3340,107778,114688,0.691162109375,0.6768395682891339,0.7051264213056088,0.8154296875,0.8032553196025528,0.8270129544158477,0.9397495814732143,0.6744507812356382,0.001
value_linear,2000,ood_dev,29,4096,2769,3311,111089,118784,0.676025390625,0.6615342811163601,0.6901866365053634,0.808349609375,0.7960091161598218,0.8201122693550696,0.9352185479525862,0.7230482451121016,0.001
value_linear,2000,ood_dev,30,4096,2704,3276,114365,122880,0.66015625,0.6455067604197328,0.6745056140044706,0.7998046875,0.7872720401787817,0.8117755143835989,0.9307047526041666,0.7896344218270119,0.001
value_linear,2000,ood_dev,31,4096,2621,3210,117575,126976,0.639892578125,0.6250671170485063,0.6544558868311714,0.78369140625,0.7708197894475014,0.7960313981758588,0.9259623865927419,0.8403725653838947,0.001
value_linear,2000,ood_dev,32,4096,2544,3164,120739,131072,0.62109375,0.6061304504061003,0.6358301253780534,0.7724609375,0.7593700316040893,0.7850412639102565,0.9211654663085938,0.9058659481305895,0.001
value_linear,2000,ood_dev,33,4096,2473,3122,123861,135168,0.603759765625,0.5886903634791395,0.6186347266584923,0.76220703125,0.7489273495386755,0.7749953488326575,0.9163485440340909,0.9645210553139414,0.001
value_linear,2000,ood_dev,34,4096,2407,3102,126963,139264,0.587646484375,0.5724960729302212,0.60263265026839,0.75732421875,0.7439583329411437,0.770207890600183,0.9116713579963235,1.0096408239058619,0.001
value_linear,2000,ood_dev,35,4096,2346,3054,130017,143360,0.57275390625,0.5575434306983085,0.587828044268784,0.74560546875,0.732042040971389,0.7587086429779228,0.9069266183035715,1.0648043515695669,0.001
value_linear,2000,ood_dev,36,4096,2278,3034,133051,147456,0.55615234375,0.5408914184021522,0.5713080421429192,0.74072265625,0.7270807032767356,0.75391350584257,0.9023098415798612,1.1052020687896071,0.001
value_linear,2500,dev,1,4096,4096,4096,4096,4096,1.0,0.9990630225926348,0.9999999999999999,1.0,0.9990630225926348,0.9999999999999999,1.0,0.0007602016668606382,0.00125
value_linear,2500,dev,2,4096,4096,4096,8192,8192,1.0,0.9990630225926348,0.9999999999999999,1.0,0.9990630225926348,0.9999999999999999,1.0,0.00043588167808739087,0.00125
value_linear,2500,dev,3,4096,4096,4096,12288,12288,1.0,0.9990630225926348,0.9999999999999999,1.0,0.9990630225926348,0.9999999999999999,1.0,0.0004251186762700421,0.00125
value_linear,2500,dev,4,4096,4096,4096,16384,16384,1.0,0.9990630225926348,0.9999999999999999,1.0,0.9990630225926348,0.9999999999999999,1.0,0.0005539640996619077,0.00125
value_linear,2500,dev,5,4096,4095,4095,20479,20480,0.999755859375,0.9986182969663738,0.9999569018847606,0.999755859375,0.9986182969663738,0.9999569018847606,0.999951171875,0.0011326513534117844,0.00125
value_linear,2500,dev,6,4096,4093,4094,24573,24576,0.999267578125,0.9978486714629491,0.9997508799051849,0.99951171875,0.9982212896544476,0.9998660854551866,0.9998779296875,0.0016555005171543513,0.00125
value_linear,2500,dev,7,4096,4093,4094,28667,28672,0.999267578125,0.9978486714629491,0.9997508799051849,0.99951171875,0.9982212896544476,0.9998660854551866,0.9998256138392857,0.0029442684819218634,0.00125
value_linear,2500,dev,8,4096,4088,4091,32758,32768,0.998046875,0.9961504506055915,0.9990099820550408,0.998779296875,0.997145424476127,0.9994784794090062,0.99969482421875,0.00492578074613137,0.00125
value_linear,2500,dev,9,4096,4082,4088,36846,36864,0.99658203125,0.9942706398960515,0.9979628503155791,0.998046875,0.9961504506055915,0.9990099820550408,0.99951171875,0.007736098779947742,0.00125
value_linear,2500,dev,10,4096,4061,4070,40916,40960,0.991455078125,0.9881397703182205,0.9938494213219035,0.99365234375,0.99071517109395,0.9956644342196767,0.99892578125,0.018645018614918296,0.00125
value_linear,2500,dev,11,4096,4040,4061,44977,45056,0.986328125,0.9822887695283722,0.9894561235402453,0.991455078125,0.9881397703182205,0.9938494213219035,0.9982466264204546,0.026188764754027538,0.00125
value_linear,2500,dev,12,4096,4020,4050,49027,49152,0.9814453125,0.9768389428205996,0.9851494754180116,0.98876953125,0.9850536128857085,0.9915695175979121,0.9974568684895834,0.034635688923746244,0.00125
value_linear,2500,ood_dev,1,4096,4096,4096,4096,4096,1.0,0.9990630225926348,0.9999999999999999,1.0,0.9990630225926348,0.9999999999999999,1.0,0.000761285698054337,0.00125
value_linear,2500,ood_dev,2,4096,4096,4096,8192,8192,1.0,0.9990630225926348,0.9999999999999999,1.0,0.9990630225926348,0.9999999999999999,1.0,0.0004262761214350874,0.00125
value_linear,2500,ood_dev,3,4096,4096,4096,12288,12288,1.0,0.9990630225926348,0.9999999999999999,1.0,0.9990630225926348,0.9999999999999999,1.0,0.00041978639066364565,0.00125
value_linear,2500,ood_dev,4,4096,4096,4096,16384,16384,1.0,0.9990630225926348,0.9999999999999999,1.0,0.9990630225926348,0.9999999999999999,1.0,0.0006644982850039227,0.00125
value_linear,2500,ood_dev,5,4096,4095,4095,20479,20480,0.999755859375,0.9986182969663738,0.9999569018847606,0.999755859375,0.9986182969663738,0.9999569018847606,0.999951171875,0.0012567418562223764,0.00125
value_linear,2500,ood_dev,6,4096,4095,4096,24575,24576,0.999755859375,0.9986182969663738,0.9999569018847606,1.0,0.9990630225926348,0.9999999999999999,0.9999593098958334,0.0012225310766327269,0.00125
value_linear,2500,ood_dev,7,4096,4091,4092,28667,28672,0.998779296875,0.997145424476127,0.9994784794090062,0.9990234375,0.9974915571936952,0.9996201704329383,0.9998256138392857,0.0031678507116201793,0.00125
value_linear,2500,ood_dev,8,4096,4089,4092,32759,32768,0.998291015625,0.9964763422189936,0.9991719141831389,0.9990234375,0.9974915571936952,0.9996201704329383,0.999725341796875,0.005432282389312704,0.00125
value_linear,2500,ood_dev,9,4096,4080,4083,36842,36864,0.99609375,0.9936637657680687,0.9975940769605611,0.996826171875,0.9945771012522003,0.9981442127009305,0.9994032118055556,0.00783549810646278,0.00125
value_linear,2500,ood_dev,10,4096,4072,4084,40926,40960,0.994140625,0.9912959670744264,0.996059285722201,0.9970703125,0.9948858699188933,0.9983232677757378,0.999169921875,0.00964747910963304,0.00125
value_linear,2500,ood_dev,11,4096,4059,4074,45000,45056,0.990966796875,0.9875743543279273,0.993439189829196,0.99462890625,0.9918806406223304,0.9964502596572975,0.9987571022727273,0.020380160807965453,0.00125
value_linear,2500,ood_dev,12,4096,4029,4049,49049,49152,0.983642578125,0.9792802999311276,0.9870985319809864,0.988525390625,0.9847756016627256,0.9913597050793945,0.9979044596354166,0.028717886557498407,0.00125
value_linear,2500,ood_dev,13,4096,3995,4032,53081,53248,0.975341796875,0.9701285156377056,0.9796643090633977,0.984375,0.9800978681444444,0.9877444349921706,0.9968637319711539,0.04321576637710667,0.00125
value_linear,2500,ood_dev,14,4096,3961,4012,57093,57344,0.967041015625,0.9611211199926455,0.9720856974974474,0.9794921875,0.9746813618391824,0.9834044664674263,0.9956229073660714,0.05482616544831842,0.00125
value_linear,2500,ood_dev,15,4096,3918,3983,61076,61440,0.95654296875,0.9498596607971911,0.9623707358083885,0.972412109375,0.9669363760022123,0.9770025638008875,0.9940755208333333,0.08163907468126386,0.00125
value_linear,2500,ood_dev,16,4096,3873,3956,65032,65536,0.945556640625,0.9381814914524192,0.9520968367856465,0.9658203125,0.9598051873478303,0.9709625114347612,0.9923095703125,0.10140870919049849,0.00125
value_linear,2500,ood_dev,17,4096,3807,3926,68958,69632,0.929443359375,0.9211919432008939,0.9368900180981512,0.95849609375,0.9519461365874095,0.9641868499501726,0.9903205422794118,0.1128844155146318,0.00125
value_linear,2500,ood_dev,18,4096,3748,3908,72866,73728,0.9150390625,0.9061065120204417,0.9231938485300852,0.9541015625,0.947256349406498,0.9600958097840784,0.9883083767361112,0.13649328649390124,0.00125
value_linear,2500,ood_dev,19,4096,3697,3875,76741,77824,0.902587890625,0.893126394639718,0.9112949550942931,0.946044921875,0.9386986636872588,0.9525553120338074,0.986083984375,0.17208712551559202,0.00125
value_linear,2500,ood_dev,20,4096,3628,3828,80569,81920,0.8857421875,0.8756362432554049,0.8951252683150849,0.9345703125,0.9265828466235786,0.9417434132469731,0.98350830078125,0.19803362471050434,0.00125
value_linear,2500,ood_dev,21,4096,3564,3809,84378,86016,0.8701171875,0.8594742247930802,0.8800665673213897,0.929931640625,0.9217048293210383,0.9373527794610076,0.98095703125,0.2340023636988917,0.00125
value_linear,2500,ood_dev,22,4096,3500,3773,88151,90112,0.8544921875,0.8433614400717089,0.8649586325867411,0.921142578125,0.9124886341356219,0.9290073199524128,0.9782381924715909,0.25654178944021666,0.00125
value_linear,2500,ood_dev,23,4096,3444,3751,91902,94208,0.8408203125,0.8292979160033407,0.8517040271310921,0.915771484375,0.9068716487271989,0.9238921830478289,0.9755222486413043,0.27481775543914333,0.00125
value_linear,2500,ood_dev,24,4096,3366,3700,95602,98304,0.82177734375,0.8097574842118065,0.833194207085602,0.9033203125,0.8938885935671609,0.9119962273913512,0.9725138346354166,0.3287946808759843,0.00125
value_linear,2500,ood_dev,25,4096,3279,3660,99262,102400,0.800537109375,0.7880205851927248,0.8124904405941568,0.8935546875,0.8837383798604915,0.9026334914380082,0.96935546875,0.3730697292403953,0.00125
value_linear,2500,ood_dev,26,4096,3197,3614,102876,106496,0.780517578125,0.7675826213106093,0.7929268576732468,0.88232421875,0.8720961872638064,0.891835791925679,0.9660081129807693,0.4065338903167479,0.00125
value_linear,2500,ood_dev,27,4096,3118,3562,106438,110592,0.76123046875,0.7479333589152923,0.7740380444900392,0.86962890625,0.8589699942813361,0.879595150350133,0.9624385127314815,0.45972837833611235,0.00125
value_linear,2500,ood_dev,28,4096,3046,3549,109987,114688,0.74365234375,0.730057243533473,0.7567908504838364,0.866455078125,0.8556936478716541,0.8765297881203111,0.9590105329241071,0.4963709142765058,0.00125
value_linear,2500,ood_dev,29,4096,2967,3493,113480,118784,0.724365234375,0.7104757793380017,0.7378342391007833,0.852783203125,0.8416017930965025,0.8633035133714453,0.9553475215517241,0.5271247848555145,0.00125
value_linear,2500,ood_dev,30,4096,2893,3455,116935,122880,0.706298828125,0.6921626221651298,0.7200484394026321,0.843505859375,0.8320579920928448,0.8543100121980913,0.9516194661458334,0.57611729266775,0.00125
value_linear,2500,ood_dev,31,4096,2830,3431,120366,126976,0.69091796875,0.6765925697894043,0.7048855960638382,0.837646484375,0.8260374562848546,0.848622778210074,0.9479429183467742,0.6257267675820986,0.00125
value_linear,2500,ood_dev,32,4096,2771,3414,123780,131072,0.676513671875,0.6620277298800105,0.6906688352247136,0.83349609375,0.8217760872138762,0.8445911436755471,0.944366455078125,0.6694514058884717,0.00125
value_linear,2500,ood_dev,33,4096,2702,3345,127125,135168,0.65966796875,0.6450138964860802,0.6740228304551225,0.816650390625,0.8045053198770175,0.8282020728488845,0.9404962713068182,0.7188742816019005,0.00125
value_linear,2500,ood_dev,34,4096,2629,3307,130432,139264,0.641845703125,0.6270359498398671,0.656389643971813,0.807373046875,0.7950101387615238,0.8191599517873664,0.9365808823529411,0.7614944785099631,0.00125
value_linear,2500,ood_dev,35,4096,2568,3293,133725,143360,0.626953125,0.6120302156604946,0.6416381299196665,0.803955078125,0.7915146488016144,0.8158259093662715,0.9327915736607143,0.7631840407320132,0.00125
value_linear,2500,ood_dev,36,4096,2504,3237,136962,147456,0.611328125,0.5963026073347542,0.6261450187893871,0.790283203125,0.7775466826908525,0.802475745953016,0.9288330078125,0.8346910936281162,0.00125
value_linear,3000,dev,1,4096,4096,4096,4096,4096,1.0,0.9990630225926348,0.9999999999999999,1.0,0.9990630225926348,0.9999999999999999,1.0,0.0003686504719908612,0.0015
value_linear,3000,dev,2,4096,4096,4096,8192,8192,1.0,0.9990630225926348,0.9999999999999999,1.0,0.9990630225926348,0.9999999999999999,1.0,0.0002371757636216998,0.0015
value_linear,3000,dev,3,4096,4096,4096,12288,12288,1.0,0.9990630225926348,0.9999999999999999,1.0,0.9990630225926348,0.9999999999999999,1.0,0.00026692550469942233,0.0015
value_linear,3000,dev,4,4096,4096,4096,16384,16384,1.0,0.9990630225926348,0.9999999999999999,1.0,0.9990630225926348,0.9999999999999999,1.0,0.0003117952261328938,0.0015
value_linear,3000,dev,5,4096,4096,4096,20480,20480,1.0,0.9990630225926348,0.9999999999999999,1.0,0.9990630225926348,0.9999999999999999,1.0,0.0004357087241801949,0.0015
value_linear,3000,dev,6,4096,4096,4096,24576,24576,1.0,0.9990630225926348,0.9999999999999999,1.0,0.9990630225926348,0.9999999999999999,1.0,0.000751793024904579,0.0015
value_linear,3000,dev,7,4096,4095,4095,28671,28672,0.999755859375,0.9986182969663738,0.9999569018847606,0.999755859375,0.9986182969663738,0.9999569018847606,0.9999651227678571,0.0015107354422445596,0.0015
value_linear,3000,dev,8,4096,4094,4094,32765,32768,0.99951171875,0.9982212896544476,0.9998660854551866,0.99951171875,0.9982212896544476,0.9998660854551866,0.999908447265625,0.0030344665164445672,0.0015
value_linear,3000,dev,9,4096,4087,4087,36852,36864,0.997802734375,0.9958290482073086,0.9988435607118235,0.997802734375,0.9958290482073086,0.9988435607118235,0.9996744791666666,0.006259521772543408,0.0015
value_linear,3000,dev,10,4096,4080,4084,40936,40960,0.99609375,0.9936637657680687,0.9975940769605611,0.9970703125,0.9948858699188933,0.9983232677757378,0.9994140625,0.008746771291177957,0.0015
value_linear,3000,dev,11,4096,4068,4075,45011,45056,0.9931640625,0.9901378308615215,0.9952661269691047,0.994873046875,0.9921745882319427,0.9966441357891856,0.9990012428977273,0.014345200609724884,0.0015
value_linear,3000,dev,12,4096,4056,4071,49082,49152,0.990234375,0.9867300726317991,0.9928200003008232,0.993896484375,0.9910051126562461,0.995862316398881,0.9985758463541666,0.018590884786319428,0.0015
value_linear,3000,ood_dev,1,4096,4096,4096,4096,4096,1.0,0.9990630225926348,0.9999999999999999,1.0,0.9990630225926348,0.9999999999999999,1.0,0.00037403179093331573,0.0015
value_linear,3000,ood_dev,2,4096,4096,4096,8192,8192,1.0,0.9990630225926348,0.9999999999999999,1.0,0.9990630225926348,0.9999999999999999,1.0,0.0002443427639224893,0.0015
value_linear,3000,ood_dev,3,4096,4096,4096,12288,12288,1.0,0.9990630225926348,0.9999999999999999,1.0,0.9990630225926348,0.9999999999999999,1.0,0.00025013769553172693,0.0015
value_linear,3000,ood_dev,4,4096,4096,4096,16384,16384,1.0,0.9990630225926348,0.9999999999999999,1.0,0.9990630225926348,0.9999999999999999,1.0,0.00032185175959398293,0.0015
value_linear,3000,ood_dev,5,4096,4096,4096,20480,20480,1.0,0.9990630225926348,0.9999999999999999,1.0,0.9990630225926348,0.9999999999999999,1.0,0.0004812845836195123,0.0015
value_linear,3000,ood_dev,6,4096,4096,4096,24576,24576,1.0,0.9990630225926348,0.9999999999999999,1.0,0.9990630225926348,0.9999999999999999,1.0,0.000760994843087559,0.0015
value_linear,3000,ood_dev,7,4096,4093,4093,28669,28672,0.999267578125,0.9978486714629491,0.9997508799051849,0.999267578125,0.9978486714629491,0.9997508799051849,0.9998953683035714,0.0023101984871942705,0.0015
value_linear,3000,ood_dev,8,4096,4091,4094,32763,32768,0.998779296875,0.997145424476127,0.9994784794090062,0.99951171875,0.9982212896544476,0.9998660854551866,0.999847412109375,0.0028210940286026442,0.0015
value_linear,3000,ood_dev,9,4096,4089,4093,36856,36864,0.998291015625,0.9964763422189936,0.9991719141831389,0.999267578125,0.9978486714629491,0.9997508799051849,0.9997829861111112,0.003201570345515492,0.0015
value_linear,3000,ood_dev,10,4096,4081,4086,40942,40960,0.996337890625,0.9939662587473084,0.9977794077228217,0.99755859375,0.9955114747539533,0.9986733104236785,0.999560546875,0.008119014146350523,0.0015
value_linear,3000,ood_dev,11,4096,4069,4077,45019,45056,0.993408203125,0.9904260923610462,0.9954656892110803,0.995361328125,0.9927660832938955,0.9970282882102334,0.9991787997159091,0.012248407438305797,0.0015
value_linear,3000,ood_dev,12,4096,4060,4074,49093,49152,0.9912109375,0.9878567926156614,0.9936445752829621,0.99462890625,0.9918806406223304,0.9964502596572975,0.9987996419270834,0.019305779812325063,0.0015
value_linear,3000,ood_dev,13,4096,4046,4063,53156,53248,0.98779296875,0.983943722660208,0.9907281128574114,0.991943359375,0.9887074354065306,0.9942574037165939,0.9982722355769231,0.02583071080496957,0.0015
value_linear,3000,ood_dev,14,4096,4025,4048,57204,57344,0.982666015625,0.9781932525333582,0.9862342844127546,0.98828125,0.9844979568178159,0.9911495261828039,0.99755859375,0.03569532841050105,0.0015
value_linear,3000,ood_dev,15,4096,4000,4040,61244,61440,0.9765625,0.9714635423988935,0.9807684010097115,0.986328125,0.9822887695283722,0.9894561235402453,0.9968098958333333,0.044628956576772794,0.0015
value_linear,3000,ood_dev,16,4096,3964,4013,65257,65536,0.9677734375,0.9619116249533165,0.9727586637612774,0.979736328125,0.9749504777230061,0.9836231743251028,0.9957427978515625,0.05719763299173053,0.0015
value_linear,3000,ood_dev,17,4096,3935,3995,69252,69632,0.960693359375,0.9542977984787171,0.9662256017323678,0.975341796875,0.9701285156377056,0.9796643090633977,0.9945427389705882,0.06672506161489444,0.0015
value_linear,3000,ood_dev,18,4096,3891,3972,73224,73728,0.949951171875,0.9428418769954561,0.9562172785896152,0.9697265625,0.964023311604608,0.9745495670419884,0.9931640625,0.08803260666491752,0.0015
value_linear,3000,ood_dev,19,4096,3854,3949,77173,77824,0.94091796875,0.9332758337542256,0.9477338433953341,0.964111328125,0.9579660236105576,0.9693869089815317,0.9916349712171053,0.10370357571984368,0.0015
value_linear,3000,ood_dev,20,4096,3814,3933,81106,81920,0.93115234375,0.9229875245115166,0.9385092029780308,0.960205078125,0.9537747892075905,0.9657729635204937,0.9900634765625,0.12213713835886608,0.0015
value_linear,3000,ood_dev,21,4096,3775,3903,85009,86016,0.921630859375,0.9129998108302356,0.9294717907407996,0.952880859375,0.9459565706946147,0.9589564697884603,0.9882928757440477,0.145664623916125,0.0015
value_linear,3000,ood_dev,22,4096,3728,3886,88895,90112,0.91015625,0.9010103180945493,0.9185335676259713,0.94873046875,0.9415459763729898,0.9550740605045799,0.9864945845170454,0.17097061512749967,0.0015
value_linear,3000,ood_dev,23,4096,3689,3871,92766,94208,0.900634765625,0.8910946270548497,0.909424132747159,0.945068359375,0.9376644744381794,0.9516382063168857,0.9846934442934783,0.19063259549294376,0.0015
value_linear,3000,ood_dev,24,4096,3628,3834,96600,98304,0.8857421875,0.8756362432554049,0.8951252683150849,0.93603515625,0.9281254754775315,0.9431277268420221,0.982666015625,0.22065643347500608,0.0015
value_linear,3000,ood_dev,25,4096,3583,3805,100405,102400,0.874755859375,0.8642668366393406,0.8845426065636351,0.928955078125,0.9206791651962416,0.936427148619803,0.980517578125,0.24940904077532977,0.0015
value_linear,3000,ood_dev,26,4096,3528,3770,104175,106496,0.861328125,0.8504051904661915,0.8715739469542673,0.92041015625,0.9117220428301692,0.9283104400333645,0.9782057542067307,0.27185891076746405,0.0015
value_linear,3000,ood_dev,27,4096,3487,3751,107926,110592,0.851318359375,0.8400939235187832,0.8618844405001629,0.915771484375,0.9068716487271989,0.9238921830478289,0.9758933738425926,0.29397756937589037,0.0015
value_linear,3000,ood_dev,28,4096,3426,3717,111643,114688,0.83642578125,0.8247838437321071,0.84743727205532,0.907470703125,0.8982107631027751,0.9159670614612421,0.97344970703125,0.3210288210548127,0.0015
value_linear,3000,ood_dev,29,4096,3381,3697,115340,118784,0.825439453125,0.8135112164475633,0.8367578309723498,0.902587890625,0.893126394639718,0.9112949550942931,0.9710061961206896,0.3522681516991959,0.0015
value_linear,3000,ood_dev,30,4096,3322,3664,119004,122880,0.81103515625,0.798756922138199,0.8227305245331958,0.89453125,0.8847522327817962,0.9035709334827048,0.96845703125,0.3857723994516489,0.0015
value_linear,3000,ood_dev,31,4096,3269,3623,122627,126976,0.798095703125,0.7855256834356888,0.8101071049361895,0.884521484375,0.8743716252251424,0.8939507676378456,0.9657494329637096,0.42294768618653045,0.0015
value_linear,3000,ood_dev,32,4096,3207,3584,126211,131072,0.782958984375,0.7700726534090917,0.7953150629897675,0.875,0.8645192029666569,0.8847780639778193,0.9629135131835938,0.46469429220301617,0.0015
value_linear,3000,ood_dev,33,4096,3154,3569,129780,135168,0.77001953125,0.7568827087149754,0.7826503493843673,0.871337890625,0.8607350111250214,0.88124489969695,0.9601384943181818,0.4832929255731031,0.0015
value_linear,3000,ood_dev,34,4096,3098,3547,133327,139264,0.75634765625,0.7429648086418345,0.769250119933491,0.865966796875,0.8551897694527772,0.8760580190561873,0.9573687385110294,0.5057570756623724,0.0015
value_linear,3000,ood_dev,35,4096,3054,3528,136855,143360,0.74560546875,0.732042040971389,0.7587086429779228,0.861328125,0.8504051904661915,0.8715739469542673,0.9546247209821429,0.5359498187636325,0.0015
value_linear,3000,ood_dev,36,4096,2994,3507,140362,147456,0.73095703125,0.7171644841514457,0.7443167753078475,0.856201171875,0.845121595652109,0.8666132431968432,0.9518907335069444,0.572428938925925,0.0015
value_linear,3500,dev,1,4096,4096,4096,4096,4096,1.0,0.9990630225926348,0.9999999999999999,1.0,0.9990630225926348,0.9999999999999999,1.0,0.0003587219887126736,0.0017499999999999998
value_linear,3500,dev,2,4096,4096,4096,8192,8192,1.0,0.9990630225926348,0.9999999999999999,1.0,0.9990630225926348,0.9999999999999999,1.0,0.0002554888364505459,0.0017499999999999998
value_linear,3500,dev,3,4096,4096,4096,12288,12288,1.0,0.9990630225926348,0.9999999999999999,1.0,0.9990630225926348,0.9999999999999999,1.0,0.0002708817131793495,0.0017499999999999998
value_linear,3500,dev,4,4096,4096,4096,16384,16384,1.0,0.9990630225926348,0.9999999999999999,1.0,0.9990630225926348,0.9999999999999999,1.0,0.0003214333213401588,0.0017499999999999998
value_linear,3500,dev,5,4096,4096,4096,20480,20480,1.0,0.9990630225926348,0.9999999999999999,1.0,0.9990630225926348,0.9999999999999999,1.0,0.000675875276392901,0.0017499999999999998
value_linear,3500,dev,6,4096,4095,4095,24575,24576,0.999755859375,0.9986182969663738,0.9999569018847606,0.999755859375,0.9986182969663738,0.9999569018847606,0.9999593098958334,0.000845382435532116,0.0017499999999999998
value_linear,3500,dev,7,4096,4095,4095,28670,28672,0.999755859375,0.9986182969663738,0.9999569018847606,0.999755859375,0.9986182969663738,0.9999569018847606,0.9999302455357143,0.002202018309020559,0.0017499999999999998
value_linear,3500,dev,8,4096,4093,4093,32763,32768,0.999267578125,0.9978486714629491,0.9997508799051849,0.999267578125,0.9978486714629491,0.9997508799051849,0.999847412109375,0.003090681963924702,0.0017499999999999998
value_linear,3500,dev,9,4096,4089,4089,36852,36864,0.998291015625,0.9964763422189936,0.9991719141831389,0.998291015625,0.9964763422189936,0.9991719141831389,0.9996744791666666,0.005974490174831537,0.0017499999999999998
value_linear,3500,dev,10,4096,4087,4088,40940,40960,0.997802734375,0.9958290482073086,0.9988435607118235,0.998046875,0.9961504506055915,0.9990099820550408,0.99951171875,0.006985772103232257,0.0017499999999999998
value_linear,3500,dev,11,4096,4081,4085,45025,45056,0.996337890625,0.9939662587473084,0.9977794077228217,0.997314453125,0.9951972177470491,0.9984997436890822,0.9993119673295454,0.01031347449771669,0.0017499999999999998
value_linear,3500,dev,12,4096,4072,4080,49105,49152,0.994140625,0.9912959670744264,0.996059285722201,0.99609375,0.9936637657680687,0.9975940769605611,0.9990437825520834,0.01352703224595242,0.0017499999999999998
value_linear,3500,ood_dev,1,4096,4096,4096,4096,4096,1.0,0.9990630225926348,0.9999999999999999,1.0,0.9990630225926348,0.9999999999999999,1.0,0.00036079904027275234,0.0017499999999999998
value_linear,3500,ood_dev,2,4096,4096,4096,8192,8192,1.0,0.9990630225926348,0.9999999999999999,1.0,0.9990630225926348,0.9999999999999999,1.0,0.0002610811178094252,0.0017499999999999998
value_linear,3500,ood_dev,3,4096,4096,4096,12288,12288,1.0,0.9990630225926348,0.9999999999999999,1.0,0.9990630225926348,0.9999999999999999,1.0,0.0002711004082147639,0.0017499999999999998
value_linear,3500,ood_dev,4,4096,4096,4096,16384,16384,1.0,0.9990630225926348,0.9999999999999999,1.0,0.9990630225926348,0.9999999999999999,1.0,0.00032873104052466573,0.0017499999999999998
value_linear,3500,ood_dev,5,4096,4096,4096,20480,20480,1.0,0.9990630225926348,0.9999999999999999,1.0,0.9990630225926348,0.9999999999999999,1.0,0.00040014628406837005,0.0017499999999999998
value_linear,3500,ood_dev,6,4096,4096,4096,24576,24576,1.0,0.9990630225926348,0.9999999999999999,1.0,0.9990630225926348,0.9999999999999999,1.0,0.0005629778506355265,0.0017499999999999998
value_linear,3500,ood_dev,7,4096,4094,4094,28670,28672,0.99951171875,0.9982212896544476,0.9998660854551866,0.99951171875,0.9982212896544476,0.9998660854551866,0.9999302455357143,0.0015481604405254146,0.0017499999999999998
value_linear,3500,ood_dev,8,4096,4093,4094,32764,32768,0.999267578125,0.9978486714629491,0.9997508799051849,0.99951171875,0.9982212896544476,0.9998660854551866,0.9998779296875,0.0019109829031220826,0.0017499999999999998
value_linear,3500,ood_dev,9,4096,4092,4094,36858,36864,0.9990234375,0.9974915571936952,0.9996201704329383,0.99951171875,0.9982212896544476,0.9998660854551866,0.9998372395833334,0.0023221218562445856,0.0017499999999999998
value_linear,3500,ood_dev,10,4096,4088,4090,40948,40960,0.998046875,0.9961504506055915,0.9990099820550408,0.99853515625,0.9968075986857966,0.9993284814578364,0.99970703125,0.004563492197927843,0.0017499999999999998
value_linear,3500,ood_dev,11,4096,4083,4088,45036,45056,0.996826171875,0.9945771012522003,0.9981442127009305,0.998046875,0.9961504506055915,0.9990099820550408,0.9995561079545454,0.00752935550554934,0.0017499999999999998
value_linear,3500,ood_dev,12,4096,4072,4081,49117,49152,0.994140625,0.9912959670744264,0.996059285722201,0.996337890625,0.9939662587473084,0.9977794077228217,0.9992879231770834,0.011408201564065301,0.0017499999999999998
value_linear,3500,ood_dev,13,4096,4055,4071,53188,53248,0.989990234375,0.9864495949105299,0.9926126542805922,0.993896484375,0.9910051126562461,0.995862316398881,0.9988731971153846,0.019468134490187694,0.0017499999999999998
value_linear,3500,ood_dev,14,4096,4035,4054,57242,57344,0.985107421875,0.9809175425035267,0.9883882318575893,0.98974609375,0.9861695639225535,0.9924048615270683,0.9982212611607143,0.028437583603105665,0.0017499999999999998
value_linear,3500,ood_dev,15,4096,4017,4042,61284,61440,0.980712890625,0.9760285730987803,0.9844963739153301,0.98681640625,0.9828391999625007,0.9898813405891173,0.9974609375,0.041875580921650446,0.0017499999999999998
value_linear,3500,ood_dev,16,4096,3997,4030,65314,65536,0.975830078125,0.9706621520616038,0.9801063201225003,0.98388671875,0.9795525973497291,0.9873140583038852,0.996612548828125,0.048864892582777486,0.0017499999999999998
value_linear,3500,ood_dev,17,4096,3973,4018,69332,69632,0.969970703125,0.964287665331574,0.9747730370565226,0.98095703125,0.9762985198015777,0.984714250954033,0.9956916360294118,0.056779059402242815,0.0017499999999999998
value_linear,3500,ood_dev,18,4096,3950,4011,73343,73728,0.96435546875,0.9582285450750817,0.9696122112585078,0.979248046875,0.974412403486461,0.9831856010786475,0.9947781032986112,0.06827169354594531,0.0017499999999999998
value_linear,3500,ood_dev,19,4096,3916,3986,77329,77824,0.9560546875,0.9493385845774718,0.9619161645451073,0.97314453125,0.9677329319802243,0.9776694790473764,0.993639494243421,0.08951207925812721,0.0017499999999999998
value_linear,3500,ood_dev,20,4096,3873,3951,81280,81920,0.945556640625,0.9381814914524192,0.9520968367856465,0.964599609375,0.958491137419128,0.9698374426559618,0.9921875,0.11373170881176975,0.0017499999999999998
value_linear,3500,ood_dev,21,4096,3831,3936,85216,86016,0.935302734375,0.9273540238865371,0.9424357072085155,0.9609375,0.9545593952649127,0.9664518286876724,0.9906994047619048,0.13238807996277568,0.0017499999999999998
value_linear,3500,ood_dev,22,4096,3785,3896,89112,90112,0.924072265625,0.9155571142869631,0.9317927246990753,0.951171875,0.9441388702045643,0.9573594040880085,0.9889026988636364,0.14840730346544984,0.0017499999999999998
value_linear,3500,ood_dev,23,4096,3736,3878,92990,94208,0.912109375,0.9030478297998547,0.9203986458526686,0.94677734375,0.9394747174237471,0.9532427295218201,0.9870711616847826,0.1695416436359256,0.0017499999999999998
value_linear,3500,ood_dev,24,4096,3694,3859,96849,98304,0.90185546875,0.8923643526216571,0.910593525887853,0.942138671875,0.9345655263512737,0.9488832695057877,0.985198974609375,0.18562529452217902,0.0017499999999999998
value_linear,3500,ood_dev,25,4096,3645,3840,100689,102400,0.889892578125,0.8799386161345828,0.8991158990414121,0.9375,0.9296692192922852,0.9445109254762704,0.983291015625,0.2068417663855744,0.0017499999999999998
value_linear,3500,ood_dev,26,4096,3605,3815,104504,106496,0.880126953125,0.8698218505154235,0.889719715000559,0.931396484375,0.9232441468884733,0.9387404043425744,0.9812950721153846,0.2371056197762904,0.0017499999999999998
value_linear,3500,ood_dev,27,4096,3547,3786,108290,110592,0.865966796875,0.8551897694527772,0.8760580190561873,0.92431640625,0.9158129772637488,0.93202468546379,0.9791847511574074,0.2605624115390288,0.0017499999999999998
value_linear,3500,ood_dev,28,4096,3489,3748,112038,114688,0.851806640625,0.8405965060690973,0.8623575054328493,0.9150390625,0.9061065120204417,0.9231938485300852,0.9768938337053571,0.29955740388950947,0.0017499999999999998
value_linear,3500,ood_dev,29,4096,3443,3726,115764,118784,0.840576171875,0.829047056116625,0.8514670632763075,0.90966796875,0.9005011359327806,0.9180671023047395,0.9745757004310345,0.32071467252235397,0.0017499999999999998
value_linear,3500,ood_dev,30,4096,3389,3706,119470,122880,0.827392578125,0.8155139698040293,0.8386576675478864,0.90478515625,0.8954134685370875,0.9133982948704263,0.9722493489583334,0.34094930414384184,0.0017499999999999998
value_linear,3500,ood_dev,31,4096,3344,3681,123151,126976,0.81640625,0.8042553041551493,0.8279642648292523,0.898681640625,0.8890639462329901,0.9075522236370159,0.9698761970766129,0.37679314728348157,0.0017499999999999998
value_linear,3500,ood_dev,32,4096,3289,3641,126792,131072,0.802978515625,0.7905162005951941,0.8148730626066906,0.888916015625,0.878925915308623,0.8981773049013707,0.96734619140625,0.4217774035745583,0.0017499999999999998
value_linear,3500,ood_dev,33,4096,3228,3613,130405,135168,0.7880859375,0.7753038464937227,0.800328168476643,0.882080078125,0.8718434292869487,0.8916007261610365,0.9647623697916666,0.4323945217363647,0.0017499999999999998
value_linear,3500,ood_dev,34,4096,3166,3569,133974,139264,0.77294921875,0.7598675701248607,0.7855193728724859,0.871337890625,0.8607350111250214,0.88124489969695,0.9620145909926471,0.46662779929585874,0.0017499999999999998
value_linear,3500,ood_dev,35,4096,3112,3543,137517,143360,0.759765625,0.7464425491881455,0.7726019117681844,0.864990234375,0.8541821504695758,0.8751143430733875,0.9592424665178572,0.5073111860979047,0.0017499999999999998
value_linear,3500,ood_dev,36,4096,3056,3522,141039,147456,0.74609375,0.7325382953659023,0.75918803606641,0.85986328125,0.8488951055782347,0.8701570893932221,0.95648193359375,0.5413298152934249,0.0017499999999999998
value_linear,4000,dev,1,4096,4096,4096,4096,4096,1.0,0.9990630225926348,0.9999999999999999,1.0,0.9990630225926348,0.9999999999999999,1.0,0.0002239476995189449,0.002
value_linear,4000,dev,2,4096,4096,4096,8192,8192,1.0,0.9990630225926348,0.9999999999999999,1.0,0.9990630225926348,0.9999999999999999,1.0,0.00015688035903682618,0.002
value_linear,4000,dev,3,4096,4096,4096,12288,12288,1.0,0.9990630225926348,0.9999999999999999,1.0,0.9990630225926348,0.9999999999999999,1.0,0.00019356429262273878,0.002
value_linear,4000,dev,4,4096,4096,4096,16384,16384,1.0,0.9990630225926348,0.9999999999999999,1.0,0.9990630225926348,0.9999999999999999,1.0,0.00025167113979396305,0.002
value_linear,4000,dev,5,4096,4096,4096,20480,20480,1.0,0.9990630225926348,0.9999999999999999,1.0,0.9990630225926348,0.9999999999999999,1.0,0.00043869663436701956,0.002
value_linear,4000,dev,6,4096,4095,4095,24575,24576,0.999755859375,0.9986182969663738,0.9999569018847606,0.999755859375,0.9986182969663738,0.9999569018847606,0.9999593098958334,0.0008189714428263883,0.002
value_linear,4000,dev,7,4096,4092,4092,28667,28672,0.9990234375,0.9974915571936952,0.9996201704329383,0.9990234375,0.9974915571936952,0.9996201704329383,0.9998256138392857,0.0024566974445434653,0.002
value_linear,4000,dev,8,4096,4088,4092,32759,32768,0.998046875,0.9961504506055915,0.9990099820550408,0.9990234375,0.9974915571936952,0.9996201704329383,0.999725341796875,0.003261025163361353,0.002
value_linear,4000,dev,9,4096,4083,4086,36845,36864,0.996826171875,0.9945771012522003,0.9981442127009305,0.99755859375,0.9955114747539533,0.9986733104236785,0.9994845920138888,0.005592462084324623,0.002
value_linear,4000,dev,10,4096,4070,4081,40926,40960,0.99365234375,0.99071517109395,0.9956644342196767,0.996337890625,0.9939662587473084,0.9977794077228217,0.999169921875,0.010146825312206786,0.002
value_linear,4000,dev,11,4096,4059,4076,45002,45056,0.990966796875,0.9875743543279273,0.993439189829196,0.9951171875,0.9924697076331114,0.9968368401295172,0.9988014914772727,0.016138950793646245,0.002
value_linear,4000,dev,12,4096,4041,4057,49059,49152,0.986572265625,0.9825638389733109,0.9896688778368068,0.990478515625,0.9870110133784079,0.9930268832957149,0.99810791015625,0.028418792752550104,0.002
value_linear,4000,ood_dev,1,4096,4096,4096,4096,4096,1.0,0.9990630225926348,0.9999999999999999,1.0,0.9990630225926348,0.9999999999999999,1.0,0.0002274550390062302,0.002
value_linear,4000,ood_dev,2,4096,4096,4096,8192,8192,1.0,0.9990630225926348,0.9999999999999999,1.0,0.9990630225926348,0.9999999999999999,1.0,0.00015790920234959316,0.002
value_linear,4000,ood_dev,3,4096,4096,4096,12288,12288,1.0,0.9990630225926348,0.9999999999999999,1.0,0.9990630225926348,0.9999999999999999,1.0,0.00020407418609469374,0.002
value_linear,4000,ood_dev,4,4096,4096,4096,16384,16384,1.0,0.9990630225926348,0.9999999999999999,1.0,0.9990630225926348,0.9999999999999999,1.0,0.00028590936032291125,0.002
value_linear,4000,ood_dev,5,4096,4096,4096,20480,20480,1.0,0.9990630225926348,0.9999999999999999,1.0,0.9990630225926348,0.9999999999999999,1.0,0.0004115434210323343,0.002
value_linear,4000,ood_dev,6,4096,4096,4096,24576,24576,1.0,0.9990630225926348,0.9999999999999999,1.0,0.9990630225926348,0.9999999999999999,1.0,0.0005591666371405069,0.002
value_linear,4000,ood_dev,7,4096,4096,4096,28672,28672,1.0,0.9990630225926348,0.9999999999999999,1.0,0.9990630225926348,0.9999999999999999,1.0,0.000818574552790885,0.002
value_linear,4000,ood_dev,8,4096,4091,4091,32763,32768,0.998779296875,0.997145424476127,0.9994784794090062,0.998779296875,0.997145424476127,0.9994784794090062,0.999847412109375,0.0027892214504321444,0.002
value_linear,4000,ood_dev,9,4096,4087,4089,36852,36864,0.997802734375,0.9958290482073086,0.9988435607118235,0.998291015625,0.9964763422189936,0.9991719141831389,0.9996744791666666,0.004094492891484336,0.002
value_linear,4000,ood_dev,10,4096,4080,4085,40937,40960,0.99609375,0.9936637657680687,0.9975940769605611,0.997314453125,0.9951972177470491,0.9984997436890822,0.9994384765625,0.008982985045244085,0.002
value_linear,4000,ood_dev,11,4096,4072,4081,45018,45056,0.994140625,0.9912959670744264,0.996059285722201,0.996337890625,0.9939662587473084,0.9977794077228217,0.9991566051136364,0.012088946019137126,0.002
value_linear,4000,ood_dev,12,4096,4056,4067,49085,49152,0.990234375,0.9867300726317991,0.9928200003008232,0.992919921875,0.9898503448988859,0.9950657891902398,0.9986368815104166,0.020171378162374687,0.002
value_linear,4000,ood_dev,13,4096,4041,4064,53149,53248,0.986572265625,0.9825638389733109,0.9896688778368068,0.9921875,0.9889921727170213,0.9944604901476036,0.9981407752403846,0.026257794387716693,0.002
value_linear,4000,ood_dev,14,4096,4010,4032,57181,57344,0.97900390625,0.9741435999816663,0.9829665808419419,0.984375,0.9800978681444444,0.9877444349921706,0.9971575055803571,0.04442647994063176,0.002
value_linear,4000,ood_dev,15,4096,3983,4018,61199,61440,0.972412109375,0.9669363760022123,0.9770025638008875,0.98095703125,0.9762985198015777,0.984714250954033,0.9960774739583333,0.05271228851127585,0.002
value_linear,4000,ood_dev,16,4096,3957,4003,65202,65536,0.966064453125,0.9600682201539498,0.971187302370142,0.977294921875,0.9722661011607102,0.9814293134723958,0.994903564453125,0.07155171826635165,0.002
value_linear,4000,ood_dev,17,4096,3916,3972,69174,69632,0.9560546875,0.9493385845774718,0.9619161645451073,0.9697265625,0.964023311604608,0.9745495670419884,0.9934225643382353,0.09386781421264878,0.002
value_linear,4000,ood_dev,18,4096,3885,3961,73135,73728,0.948486328125,0.941286924101402,0.9548452890346674,0.967041015625,0.9611211199926455,0.9720856974974474,0.9919569227430556,0.10228555246553483,0.002
value_linear,4000,ood_dev,19,4096,3847,3946,77081,77824,0.939208984375,0.9314717118550057,0.9461231991040518,0.96337890625,0.9571788776441608,0.9687105837234276,0.9904528166118421,0.12596036893085483,0.002
value_linear,4000,ood_dev,20,4096,3800,3918,80999,81920,0.927734375,0.9193976865076721,0.9352695086008709,0.95654296875,0.9498596607971911,0.9623707358083885,0.98875732421875,0.13882360399960625,0.002
value_linear,4000,ood_dev,21,4096,3741,3879,84878,86016,0.913330078125,0.9043219227972369,0.9215636715627878,0.947021484375,0.9397334817874256,0.9534717888996419,0.9867699032738095,0.17022061097240204,0.002
value_linear,4000,ood_dev,22,4096,3680,3845,88723,90112,0.8984375,0.888810186146144,0.9073181599823618,0.938720703125,0.930956550506342,0.945662712969715,0.9845858487215909,0.20080406442593635,0.002
value_linear,4000,ood_dev,23,4096,3636,3827,92550,94208,0.8876953125,0.8776603686981093,0.897003732804383,0.934326171875,0.9263258477580073,0.9415125883710441,0.9824006453804348,0.23038684248798358,0.002
value_linear,4000,ood_dev,24,4096,3569,3768,96318,98304,0.871337890625,0.8607350111250214,0.88124489969695,0.919921875,0.911211096651605,0.9278457387289282,0.97979736328125,0.2640877868294611,0.002
value_linear,4000,ood_dev,25,4096,3509,3740,100058,102400,0.856689453125,0.8456245917120823,0.8670858946198706,0.9130859375,0.9040670637073458,0.9213307069111787,0.97712890625,0.28723074449902963,0.002
value_linear,4000,ood_dev,26,4096,3434,3692,103750,106496,0.83837890625,0.8267897325948298,0.8493339731245998,0.9013671875,0.8918564110099307,0.9101258200165789,0.9742149939903846,0.33584070255553744,0.002
value_linear,4000,ood_dev,27,4096,3370,3660,107410,110592,0.82275390625,0.8107582989442972,0.8341446873191125,0.8935546875,0.8837383798604915,0.9026334914380082,0.9712275752314815,0.37682065442275725,0.002
value_linear,4000,ood_dev,28,4096,3310,3634,111044,114688,0.80810546875,0.7957593606369957,0.8198742011363955,0.88720703125,0.8771542514698228,0.8965342025496686,0.9682268415178571,0.40769412102102986,0.002
value_linear,4000,ood_dev,29,4096,3263,3615,114659,118784,0.796630859375,0.7840290808947422,0.8086767650281345,0.882568359375,0.8723489588346361,0.8920708440963495,0.9652731007543104,0.43581422660142355,0.002
value_linear,4000,ood_dev,30,4096,3205,3574,118233,122880,0.782470703125,0.7695745952342299,0.7948374736816288,0.87255859375,0.8619961004422974,0.8824229290871757,0.9621826171875,0.4876935464042056,0.002
value_linear,4000,ood_dev,31,4096,3139,3539,121772,126976,0.766357421875,0.7531528681808668,0.7790628337959713,0.864013671875,0.8531747138939877,0.8741704846829744,0.959015877016129,0.5192552981572325,0.002
value_linear,4000,ood_dev,32,4096,3073,3477,125249,131072,0.750244140625,0.7367573541908395,0.7632619808469782,0.848876953125,0.8375816138522119,0.8595185127517311,0.9555740356445312,0.5854596497653057,0.002
value_linear,4000,ood_dev,33,4096,3021,3471,128720,135168,0.737548828125,0.7238569972173915,0.7507955032624102,0.847412109375,0.836074704756056,0.858098479398885,0.9522964015151515,0.6111422162461313,0.002
value_linear,4000,ood_dev,34,4096,2964,3437,132157,139264,0.7236328125,0.7097328212241512,0.7371137259901328,0.839111328125,0.8275420910342984,0.8500450859096321,0.9489674287683824,0.6473178235374606,0.002
value_linear,4000,ood_dev,35,4096,2911,3383,135540,143360,0.710693359375,0.696614686866384,0.7243772020483835,0.825927734375,0.8140118545714705,0.8372328403314433,0.9454520089285714,0.6990506556407237,0.002
value_linear,4000,ood_dev,36,4096,2850,3343,138883,147456,0.69580078125,0.6815334210038201,0.7097012196794285,0.816162109375,0.8040052962788398,0.8277264489640617,0.9418606228298612,0.7580327305444969,0.002
value_linear,4500,dev,1,4096,4096,4096,4096,4096,1.0,0.9990630225926348,0.9999999999999999,1.0,0.9990630225926348,0.9999999999999999,1.0,0.0001441963400807822,0.0022500000000000003
value_linear,4500,dev,2,4096,4096,4096,8192,8192,1.0,0.9990630225926348,0.9999999999999999,1.0,0.9990630225926348,0.9999999999999999,1.0,9.552740197715792e-05,0.0022500000000000003
value_linear,4500,dev,3,4096,4096,4096,12288,12288,1.0,0.9990630225926348,0.9999999999999999,1.0,0.9990630225926348,0.9999999999999999,1.0,0.00010851755826291054,0.0022500000000000003
value_linear,4500,dev,4,4096,4096,4096,16384,16384,1.0,0.9990630225926348,0.9999999999999999,1.0,0.9990630225926348,0.9999999999999999,1.0,0.00014680753086748766,0.0022500000000000003
value_linear,4500,dev,5,4096,4096,4096,20480,20480,1.0,0.9990630225926348,0.9999999999999999,1.0,0.9990630225926348,0.9999999999999999,1.0,0.0002080681847371757,0.0022500000000000003
value_linear,4500,dev,6,4096,4096,4096,24576,24576,1.0,0.9990630225926348,0.9999999999999999,1.0,0.9990630225926348,0.9999999999999999,1.0,0.0003404919066860579,0.0022500000000000003
value_linear,4500,dev,7,4096,4096,4096,28672,28672,1.0,0.9990630225926348,0.9999999999999999,1.0,0.9990630225926348,0.9999999999999999,1.0,0.0007665578690048136,0.0022500000000000003
value_linear,4500,dev,8,4096,4094,4094,32766,32768,0.99951171875,0.9982212896544476,0.9998660854551866,0.99951171875,0.9982212896544476,0.9998660854551866,0.99993896484375,0.001645992779068628,0.0022500000000000003
value_linear,4500,dev,9,4096,4088,4089,36855,36864,0.998046875,0.9961504506055915,0.9990099820550408,0.998291015625,0.9964763422189936,0.9991719141831389,0.999755859375,0.004164664042900501,0.0022500000000000003
value_linear,4500,dev,10,4096,4085,4089,40944,40960,0.997314453125,0.9951972177470491,0.9984997436890822,0.998291015625,0.9964763422189936,0.9991719141831389,0.999609375,0.00520992007261567,0.0022500000000000003
value_linear,4500,dev,11,4096,4077,4083,45027,45056,0.995361328125,0.9927660832938955,0.9970282882102334,0.996826171875,0.9945771012522003,0.9981442127009305,0.9993563565340909,0.009533139366191712,0.0022500000000000003
value_linear,4500,dev,12,4096,4058,4068,49095,49152,0.99072265625,0.987292434466316,0.993233285949307,0.9931640625,0.9901378308615215,0.9952661269691047,0.99884033203125,0.017158254068250223,0.0022500000000000003
value_linear,4500,ood_dev,1,4096,4096,4096,4096,4096,1.0,0.9990630225926348,0.9999999999999999,1.0,0.9990630225926348,0.9999999999999999,1.0,0.00014425598291367692,0.0022500000000000003
value_linear,4500,ood_dev,2,4096,4096,4096,8192,8192,1.0,0.9990630225926348,0.9999999999999999,1.0,0.9990630225926348,0.9999999999999999,1.0,9.853823582739452e-05,0.0022500000000000003
value_linear,4500,ood_dev,3,4096,4096,4096,12288,12288,1.0,0.9990630225926348,0.9999999999999999,1.0,0.9990630225926348,0.9999999999999999,1.0,0.00011066413400495634,0.0022500000000000003
value_linear,4500,ood_dev,4,4096,4096,4096,16384,16384,1.0,0.9990630225926348,0.9999999999999999,1.0,0.9990630225926348,0.9999999999999999,1.0,0.00015484291252088056,0.0022500000000000003
value_linear,4500,ood_dev,5,4096,4096,4096,20480,20480,1.0,0.9990630225926348,0.9999999999999999,1.0,0.9990630225926348,0.9999999999999999,1.0,0.0002937119286876566,0.0022500000000000003
value_linear,4500,ood_dev,6,4096,4095,4095,24575,24576,0.999755859375,0.9986182969663738,0.9999569018847606,0.999755859375,0.9986182969663738,0.9999569018847606,0.9999593098958334,0.0008649821292978643,0.0022500000000000003
value_linear,4500,ood_dev,7,4096,4094,4094,28669,28672,0.99951171875,0.9982212896544476,0.9998660854551866,0.99951171875,0.9982212896544476,0.9998660854551866,0.9998953683035714,0.001730843607691046,0.0022500000000000003
value_linear,4500,ood_dev,8,4096,4093,4094,32763,32768,0.999267578125,0.9978486714629491,0.9997508799051849,0.99951171875,0.9982212896544476,0.9998660854551866,0.999847412109375,0.003327140353005742,0.0022500000000000003
value_linear,4500,ood_dev,9,4096,4085,4087,36850,36864,0.997314453125,0.9951972177470491,0.9984997436890822,0.997802734375,0.9958290482073086,0.9988435607118235,0.9996202256944444,0.006358087096539844,0.0022500000000000003
value_linear,4500,ood_dev,10,4096,4076,4081,40931,40960,0.9951171875,0.9924697076331114,0.9968368401295172,0.996337890625,0.9939662587473084,0.9977794077228217,0.9992919921875,0.00920302697288733,0.0022500000000000003
value_linear,4500,ood_dev,11,4096,4066,4072,45003,45056,0.99267578125,0.9895635962243474,0.994864714123278,0.994140625,0.9912959670744264,0.996059285722201,0.9988236860795454,0.017097015691489137,0.0022500000000000003
value_linear,4500,ood_dev,12,4096,4056,4066,49069,49152,0.990234375,0.9867300726317991,0.9928200003008232,0.99267578125,0.9895635962243474,0.994864714123278,0.9983113606770834,0.024155996412046576,0.0022500000000000003
value_linear,4500,ood_dev,13,4096,4035,4051,53120,53248,0.985107421875,0.9809175425035267,0.9883882318575893,0.989013671875,0.9853320021138738,0.991778952111247,0.9975961538461539,0.0324292031566058,0.0022500000000000003
value_linear,4500,ood_dev,14,4096,4014,4041,57161,57344,0.97998046875,0.9752197539009314,0.983841721888678,0.986572265625,0.9825638389733109,0.9896688778368068,0.9968087332589286,0.042509875388547336,0.0022500000000000003
value_linear,4500,ood_dev,15,4096,3993,4028,61189,61440,0.974853515625,0.9695953616072256,0.9792218156108773,0.9833984375,0.9790082213211099,0.9868827868495039,0.9959147135416667,0.051151466091738484,0.0022500000000000003
value_linear,4500,ood_dev,16,4096,3964,4009,65198,65536,0.9677734375,0.9619116249533165,0.9727586637612774,0.978759765625,0.9738749487182478,0.98274740836386,0.994842529296875,0.06492034285501136,0.0022500000000000003
value_linear,4500,ood_dev,17,4096,3929,3987,69185,69632,0.959228515625,0.9527294929498811,0.9648669648122019,0.973388671875,0.9679986619577605,0.9778915728113404,0.9935805376838235,0.07751027019677759,0.0022500000000000003
value_linear,4500,ood_dev,18,4096,3890,3967,73152,73728,0.94970703125,0.9425826106663004,0.9559887211772704,0.968505859375,0.9627028673707351,0.9734308925683598,0.9921875,0.09468168800455112,0.0022500000000000003
value_linear,4500,ood_dev,19,4096,3846,3944,77096,77824,0.93896484375,0.9312141146512992,0.945892972566258,0.962890625,0.9566544557025598,0.9682593581820278,0.9906455592105263,0.11106133849832434,0.0022500000000000003
value_linear,4500,ood_dev,20,4096,3801,3909,81005,81920,0.927978515625,0.9196539294518923,0.9355010893981511,0.954345703125,0.947516451879336,0.9603235310527409,0.98883056640625,0.14040416226875907,0.0022500000000000003
value_linear,4500,ood_dev,21,4096,3762,3895,84900,86016,0.91845703125,0.9096788003001948,0.9264510926313365,0.950927734375,0.9438793823249059,0.9571310682261667,0.9870256696428571,0.1685833358251263,0.0022500000000000003
value_linear,4500,ood_dev,22,4096,3697,3843,88743,90112,0.902587890625,0.893126394639718,0.9112949550942931,0.938232421875,0.9304415206592828,0.9452020953337735,0.9848077947443182,0.1977999932207699,0.0022500000000000003
value_linear,4500,ood_dev,23,4096,3643,3813,92556,94208,0.889404296875,0.8794322362425625,0.8986466314504319,0.930908203125,0.9227309300951754,0.9382779736528717,0.9824643342391305,0.22947452297883286,0.0022500000000000003
value_linear,4500,ood_dev,24,4096,3596,3799,96355,98304,0.8779296875,0.8675485889086534,0.8876025629338264,0.927490234375,0.9191414697140886,0.9350379016529541,0.9801737467447916,0.2501091490714433,0.0022500000000000003
value_linear,4500,ood_dev,25,4096,3543,3763,100118,102400,0.864990234375,0.8541821504695758,0.8751143430733875,0.918701171875,0.9099341270902004,0.9266835895828311,0.97771484375,0.2861485306003919,0.0022500000000000003
value_linear,4500,ood_dev,26,4096,3485,3746,103864,106496,0.850830078125,0.8395913813906563,0.8614113351452891,0.91455078125,0.9055965258076344,0.9227281872598918,0.9752854567307693,0.3007570081816562,0.0022500000000000003
value_linear,4500,ood_dev,27,4096,3431,3705,107569,110592,0.837646484375,0.8260374562848546,0.848622778210074,0.904541015625,0.8951592781303872,0.9131646615356264,0.9726652922453703,0.33394226819178296,0.0022500000000000003
value_linear,4500,ood_dev,28,4096,3357,3657,111226,114688,0.819580078125,0.8075061249499628,0.831055152673943,0.892822265625,0.8829781530794668,0.901930246994532,0.9698137555803571,0.37361518708645525,0.0022500000000000003
value_linear,4500,ood_dev,29,4096,3309,3670,114896,118784,0.807861328125,0.795509612570209,0.8196361254616817,0.89599609375,0.8862734838085056,0.9049766249049971,0.9672683189655172,0.3990688062837138,0.0022500000000000003
value_linear,4500,ood_dev,30,4096,3249,3622,118518,122880,0.793212890625,0.7805379824564657,0.8053383310854066,0.88427734375,0.8741187435662403,0.8937158255552475,0.964501953125,0.43433421139423345,0.0022500000000000003
value_linear,4500,ood_dev,31,4096,3196,3598,122116,126976,0.7802734375,0.7673336535539487,0.7926880016884071,0.87841796875,0.8680536665346018,0.8880731327908785,0.9617250504032258,0.48257757361943776,0.0022500000000000003
value_linear,4500,ood_dev,32,4096,3142,3565,125681,131072,0.76708984375,0.7538987273722374,0.7797804458291017,0.870361328125,0.8597263579958655,0.8803022578601046,0.9588699340820312,0.5144294192328993,0.0022500000000000003
value_linear,4500,ood_dev,33,4096,3083,3523,129204,135168,0.752685546875,0.7392399099124056,0.7656576625404152,0.860107421875,0.8491467590583891,0.8703932596545682,0.9558771306818182,0.5541133915960348,0.0022500000000000003
value_linear,4500,ood_dev,34,4096,3012,3466,132670,139264,0.7353515625,0.7216257308740557,0.7486363559322431,0.84619140625,0.8348192165226498,0.8569148489247898,0.9526510799632353,0.604272558972379,0.0022500000000000003
value_linear,4500,ood_dev,35,4096,2951,3448,136118,143360,0.720458984375,0.706513864357745,0.7339909742170349,0.841796875,0.830301448676631,0.8526517894238029,0.9494838169642857,0.6494903266814944,0.0022500000000000003
value_linear,4500,ood_dev,36,4096,2899,3411,139529,147456,0.707763671875,0.6936464691243743,0.7214915348923895,0.832763671875,0.8210243472386559,0.8438794124262666,0.9462415907118056,0.6852167993850458,0.0022500000000000003
value_linear,5000,dev,1,102400,102400,102400,102400,102400,1.0,0.9999624871609701,1.0,1.0,0.9999624871609701,1.0,1.0,0.00010033207721949821,0.0025
value_linear,5000,dev,2,102400,102400,102400,204800,204800,1.0,0.9999624871609701,1.0,1.0,0.9999624871609701,1.0,1.0,6.896008229395178e-05,0.0025
value_linear,5000,dev,3,102400,102400,102400,307200,307200,1.0,0.9999624871609701,1.0,1.0,0.9999624871609701,1.0,1.0,9.156420169742496e-05,0.0025
value_linear,5000,dev,4,102400,102400,102400,409600,409600,1.0,0.9999624871609701,1.0,1.0,0.9999624871609701,1.0,1.0,0.00014900285375190058,0.0025
value_linear,5000,dev,5,102400,102394,102394,511994,512000,0.99994140625,0.9998721583660714,0.9999731456909345,0.99994140625,0.9998721583660714,0.9999731456909345,0.99998828125,0.00038899468398223113,0.0025
value_linear,5000,dev,6,102400,102377,102383,614377,614400,0.999775390625,0.9996629658993142,0.9998503193631264,0.999833984375,0.9997341277518229,0.9998963406145821,0.9999625651041667,0.0008440971555939037,0.0025
value_linear,5000,dev,7,102400,102326,102342,716719,716800,0.99927734375,0.9990929639511458,0.9994242649275994,0.99943359375,0.999267935201936,0.999561781954047,0.9998869977678572,0.0021361281017629975,0.0025
value_linear,5000,dev,8,102400,102184,102231,818950,819200,0.997890625,0.9975903263781944,0.9981535690400654,0.998349609375,0.9980815995129239,0.9985802302197219,0.99969482421875,0.004887717530869171,0.0025
value_linear,5000,dev,9,102400,101989,102119,921069,921600,0.995986328125,0.9955800289767421,0.9963554155626818,0.997255859375,0.9969162604573298,0.9975581513346514,0.999423828125,0.007871073037773551,0.0025
value_linear,5000,dev,10,102400,101662,101900,1022969,1024000,0.99279296875,0.9922560721620101,0.9932928932113664,0.9951171875,0.9946712750985376,0.995525953398751,0.9989931640625,0.014203067623461676,0.0025
value_linear,5000,dev,11,102400,101203,101611,1124580,1126400,0.988310546875,0.9876336591150321,0.9889507988050847,0.992294921875,0.9917405876002373,0.9928123213894436,0.9983842329545455,0.021952896073854644,0.0025
value_linear,5000,dev,12,102400,100643,101284,1225864,1228800,0.982841796875,0.9820281106945741,0.9836192575222196,0.9891015625,0.9884470448536624,0.989719384969971,0.9976106770833333,0.03277402462203514,0.0025
value_linear,5000,ood_dev,1,102400,102400,102400,102400,102400,1.0,0.9999624871609701,1.0,1.0,0.9999624871609701,1.0,1.0,0.00010016781297530031,0.0025
value_linear,5000,ood_dev,2,102400,102400,102400,204800,204800,1.0,0.9999624871609701,1.0,1.0,0.9999624871609701,1.0,1.0,6.87226889733683e-05,0.0025
value_linear,5000,ood_dev,3,102400,102400,102400,307200,307200,1.0,0.9999624871609701,1.0,1.0,0.9999624871609701,1.0,1.0,9.515952112733928e-05,0.0025
value_linear,5000,ood_dev,4,102400,102400,102400,409600,409600,1.0,0.9999624871609701,1.0,1.0,0.9999624871609701,1.0,1.0,0.0001606570232660598,0.0025
value_linear,5000,ood_dev,5,102400,102393,102393,511993,512000,0.999931640625,0.9998588878252541,0.9999668857144244,0.999931640625,0.9998588878252541,0.9999668857144244,0.999986328125,0.0003882635258241063,0.0025
value_linear,5000,ood_dev,6,102400,102375,102380,614373,614400,0.999755859375,0.9996396050278641,0.999834619199922,0.9998046875,0.9996983209212157,0.9998735558932069,0.9999560546875,0.0008945664106986051,0.0025
value_linear,5000,ood_dev,7,102400,102330,102342,716715,716800,0.99931640625,0.9991365021061623,0.9994588488418922,0.99943359375,0.999267935201936,0.999561781954047,0.9998814174107142,0.0021533150990061234,0.0025
value_linear,5000,ood_dev,8,102400,102220,102264,818979,819200,0.9982421875,0.9979662540225541,0.9984807400194907,0.998671875,0.9984293258087811,0.9988770109956677,0.999730224609375,0.004450300151822111,0.0025
value_linear,5000,ood_dev,9,102400,102028,102122,921101,921600,0.9963671875,0.9959796110579461,0.9967175236572451,0.99728515625,0.9969472635067886,0.9975857398371746,0.9994585503472222,0.008306870594996445,0.0025
value_linear,5000,ood_dev,10,102400,101718,101916,1023017,1024000,0.99333984375,0.9928228194889204,0.9938198548547883,0.9952734375,0.9948343659258698,0.9956753508486567,0.9990400390625,0.013648542552833307,0.0025
value_linear,5000,ood_dev,11,102400,101280,101621,1124638,1126400,0.9890625,0.9884068583121295,0.9896814494421942,0.992392578125,0.9918416165218307,0.992906597641124,0.9984357244318182,0.022013504306156548,0.0025
value_linear,5000,ood_dev,12,102400,100696,101276,1225914,1228800,0.983359375,0.9825575476167785,0.9841249380183656,0.9890234375,0.9883666738444723,0.989643511840542,0.9976513671875,0.03201461937013135,0.0025
value_linear,5000,ood_dev,13,102400,99960,100844,1326758,1331200,0.976171875,0.9752197316128746,0.9770882932693306,0.9848046875,0.9840370423381558,0.985535959861438,0.9966631610576923,0.04424100658797558,0.0025
value_linear,5000,ood_dev,14,102400,99072,100283,1427041,1433600,0.9675,0.9663962528750932,0.9685686726204138,0.979326171875,0.9784365121251605,0.9801798698537828,0.9954248046875,0.06223157446175943,0.0025
value_linear,5000,ood_dev,15,102400,98105,99794,1526835,1536000,0.958056640625,0.9568115669672971,0.95926734827265,0.97455078125,0.9735682548371939,0.9754977041686691,0.994033203125,0.07889817879264215,0.0025
value_linear,5000,ood_dev,16,102400,96977,99129,1625964,1638400,0.947041015625,0.9456524905679712,0.9483960011267109,0.968056640625,0.966961902328896,0.9691162626542706,0.99240966796875,0.09944603073889188,0.0025
value_linear,5000,ood_dev,17,102400,95738,98417,1724381,1740800,0.93494140625,0.9334144543555892,0.9364357263704904,0.961103515625,0.9599018779114286,0.9622705587346558,0.9905681295955883,0.12370555112259925,0.0025
value_linear,5000,ood_dev,18,102400,94387,97640,1822021,1843200,0.921748046875,0.9200872340239464,0.9233772177928664,0.953515625,0.952209041609362,0.9547881830733616,0.9885096571180556,0.15297192254809924,0.0025
value_linear,5000,ood_dev,19,102400,93027,96884,1918905,1945600,0.908466796875,0.9066852322796797,0.9102177159719198,0.9461328125,0.9447332748563808,0.9474988787268566,0.986279296875,0.18337900378185373,0.0025
value_linear,5000,ood_dev,20,102400,91612,96001,2014906,2048000,0.8946484375,0.892753233641562,0.8965140325918193,0.937509765625,0.9360107992693177,0.9389759075138585,0.9838408203125,0.21574285233549845,0.0025
value_linear,5000,ood_dev,21,102400,90139,95230,2110136,2150400,0.880263671875,0.8782609304378963,0.8822378837722797,0.92998046875,0.9284013366985923,0.9315273412251871,0.9812760416666667,0.24655400197777297,0.0025
value_linear,5000,ood_dev,22,102400,88613,94379,2204515,2252800,0.865361328125,0.8632569645970379,0.8674382801715826,0.921669921875,0.9200083608444938,0.9232998468336999,0.9785666725852272,0.2851213428251399,0.0025
value_linear,5000,ood_dev,23,102400,87026,93537,2298052,2355200,0.84986328125,0.8476623157984954,0.8520379979716005,0.913447265625,0.9117095317372355,0.9151539803513191,0.9757353940217391,0.31542341443985983,0.0025
value_linear,5000,ood_dev,24,102400,85381,92618,2390670,2457600,0.833798828125,0.831506257295368,0.8360663554712162,0.90447265625,0.9026570917994897,0.9062578748652182,0.97276611328125,0.3582989699658591,0.0025
value_linear,5000,ood_dev,25,102400,83764,91696,2482366,2560000,0.8180078125,0.8156326824683933,0.8203590837798456,0.89546875,0.8935799913097379,0.897327838379142,0.96967421875,0.3988170010380439,0.0025
value_linear,5000,ood_dev,26,102400,82056,90704,2573070,2662400,0.801328125,0.7988730081576029,0.8037606344955003,0.88578125,0.883818576666409,0.8877149798337268,0.9664475661057692,0.4429671071713141,0.0025
value_linear,5000,ood_dev,27,102400,80367,89836,2662906,2764800,0.784833984375,0.7823063782409994,0.7873402206461884,0.8773046875,0.8752810247558667,0.8793000427041184,0.9631459780092593,0.48425012790866506,0.0025
value_linear,5000,ood_dev,28,102400,78683,88914,2751820,2867200,0.768388671875,0.7657947756232621,0.7709624320846469,0.86830078125,0.8662157447979275,0.8703581856862292,0.9597586495535714,0.531178073133884,0.0025
value_linear,5000,ood_dev,29,102400,77015,87962,2839782,2969600,0.752099609375,0.7494454973728589,0.754734807433009,0.85900390625,0.8568588682811213,0.8611220097073862,0.9562843480603448,0.5784962662628133,0.0025
value_linear,5000,ood_dev,30,102400,75298,86930,2926712,3072000,0.73533203125,0.732621207169847,0.7380251993849394,0.84892578125,0.8467192420511376,0.8511061420555315,0.9527057291666666,0.6296390949963788,0.0025
value_linear,5000,ood_dev,31,102400,73552,85953,3012665,3174400,0.71828125,0.7155179003730601,0.7210282229281508,0.839384765625,0.8371231307616045,0.8416209379162312,0.9490502142137097,0.6780078725799834,0.0025
value_linear,5000,ood_dev,32,102400,71910,85027,3097692,3276800,0.70224609375,0.6994378174445561,0.7050391964051252,0.830341796875,0.8280305467522566,0.8326282628804413,0.945340576171875,0.7308959544592016,0.0025
value_linear,5000,ood_dev,33,102400,70227,84066,3181758,3379200,0.685810546875,0.6829604961179123,0.6886466570698178,0.82095703125,0.818596794266189,0.8232931882149134,0.941571377840909,0.780583536725397,0.0025
value_linear,5000,ood_dev,34,102400,68613,83236,3264994,3481600,0.670048828125,0.6671626042294149,0.6729222939919518,0.8128515625,0.8104509487587892,0.8152287043406021,0.9377855009191176,0.8302494141024965,0.0025
value_linear,5000,ood_dev,35,102400,66956,82252,3347246,3584000,0.6538671875,0.6509476340390914,0.6567751969708351,0.8032421875,0.800795896189362,0.8056657278599044,0.93394140625,0.8840863519836535,0.0025
value_linear,5000,ood_dev,36,102400,65357,81378,3428624,3686400,0.638251953125,0.6353037699328414,0.6411897638706323,0.79470703125,0.7922220604136787,0.7971698914914727,0.9300737847222222,0.9391382922562829,0.0025
value_linear,5500,dev,1,4096,4096,4096,4096,4096,1.0,0.9990630225926348,0.9999999999999999,1.0,0.9990630225926348,0.9999999999999999,1.0,7.099659085962884e-05,0.0027500000000000003
value_linear,5500,dev,2,4096,4096,4096,8192,8192,1.0,0.9990630225926348,0.9999999999999999,1.0,0.9990630225926348,0.9999999999999999,1.0,4.852901483864969e-05,0.0027500000000000003
value_linear,5500,dev,3,4096,4096,4096,12288,12288,1.0,0.9990630225926348,0.9999999999999999,1.0,0.9990630225926348,0.9999999999999999,1.0,5.925042478205356e-05,0.0027500000000000003
value_linear,5500,dev,4,4096,4096,4096,16384,16384,1.0,0.9990630225926348,0.9999999999999999,1.0,0.9990630225926348,0.9999999999999999,1.0,8.276741213864014e-05,0.0027500000000000003
value_linear,5500,dev,5,4096,4096,4096,20480,20480,1.0,0.9990630225926348,0.9999999999999999,1.0,0.9990630225926348,0.9999999999999999,1.0,0.00011346255550770401,0.0027500000000000003
value_linear,5500,dev,6,4096,4096,4096,24576,24576,1.0,0.9990630225926348,0.9999999999999999,1.0,0.9990630225926348,0.9999999999999999,1.0,0.00020213283984737984,0.0027500000000000003
value_linear,5500,dev,7,4096,4096,4096,28672,28672,1.0,0.9990630225926348,0.9999999999999999,1.0,0.9990630225926348,0.9999999999999999,1.0,0.0005332964221456127,0.0027500000000000003
value_linear,5500,dev,8,4096,4096,4096,32768,32768,1.0,0.9990630225926348,0.9999999999999999,1.0,0.9990630225926348,0.9999999999999999,1.0,0.000773944063778842,0.0027500000000000003
value_linear,5500,dev,9,4096,4089,4089,36857,36864,0.998291015625,0.9964763422189936,0.9991719141831389,0.998291015625,0.9964763422189936,0.9991719141831389,0.9998101128472222,0.00410621901946473,0.0027500000000000003
value_linear,5500,dev,10,4096,4084,4088,40945,40960,0.9970703125,0.9948858699188933,0.9983232677757378,0.998046875,0.9961504506055915,0.9990099820550408,0.9996337890625,0.005155798470338313,0.0027500000000000003
value_linear,5500,dev,11,4096,4079,4089,45034,45056,0.995849609375,0.9933629968413301,0.9974070221457995,0.998291015625,0.9964763422189936,0.9991719141831389,0.99951171875,0.005940931160657303,0.0027500000000000003
value_linear,5500,dev,12,4096,4071,4083,49117,49152,0.993896484375,0.9910051126562461,0.995862316398881,0.996826171875,0.9945771012522003,0.9981442127009305,0.9992879231770834,0.010140224727415825,0.0027500000000000003
value_linear,5500,ood_dev,1,4096,4096,4096,4096,4096,1.0,0.9990630225926348,0.9999999999999999,1.0,0.9990630225926348,0.9999999999999999,1.0,7.091359066624392e-05,0.0027500000000000003
value_linear,5500,ood_dev,2,4096,4096,4096,8192,8192,1.0,0.9990630225926348,0.9999999999999999,1.0,0.9990630225926348,0.9999999999999999,1.0,4.870582445937188e-05,0.0027500000000000003
value_linear,5500,ood_dev,3,4096,4096,4096,12288,12288,1.0,0.9990630225926348,0.9999999999999999,1.0,0.9990630225926348,0.9999999999999999,1.0,5.768348852042138e-05,0.0027500000000000003
value_linear,5500,ood_dev,4,4096,4096,4096,16384,16384,1.0,0.9990630225926348,0.9999999999999999,1.0,0.9990630225926348,0.9999999999999999,1.0,7.333949452759114e-05,0.0027500000000000003
value_linear,5500,ood_dev,5,4096,4096,4096,20480,20480,1.0,0.9990630225926348,0.9999999999999999,1.0,0.9990630225926348,0.9999999999999999,1.0,0.00011824288120676485,0.0027500000000000003
value_linear,5500,ood_dev,6,4096,4096,4096,24576,24576,1.0,0.9990630225926348,0.9999999999999999,1.0,0.9990630225926348,0.9999999999999999,1.0,0.0003701266098810052,0.0027500000000000003
value_linear,5500,ood_dev,7,4096,4096,4096,28672,28672,1.0,0.9990630225926348,0.9999999999999999,1.0,0.9990630225926348,0.9999999999999999,1.0,0.0005966911588475288,0.0027500000000000003
value_linear,5500,ood_dev,8,4096,4093,4093,32765,32768,0.999267578125,0.9978486714629491,0.9997508799051849,0.999267578125,0.9978486714629491,0.9997508799051849,0.999908447265625,0.001944783926224103,0.0027500000000000003
value_linear,5500,ood_dev,9,4096,4092,4094,36859,36864,0.9990234375,0.9974915571936952,0.9996201704329383,0.99951171875,0.9982212896544476,0.9998660854551866,0.9998643663194444,0.0027957770230582213,0.0027500000000000003
value_linear,5500,ood_dev,10,4096,4087,4088,40947,40960,0.997802734375,0.9958290482073086,0.9988435607118235,0.998046875,0.9961504506055915,0.9990099820550408,0.9996826171875,0.007112727062565938,0.0027500000000000003
value_linear,5500,ood_dev,11,4096,4079,4082,45029,45056,0.995849609375,0.9933629968413301,0.9974070221457995,0.99658203125,0.9942706398960515,0.9979628503155791,0.9994007457386364,0.008769679083188597,0.0027500000000000003
value_linear,5500,ood_dev,12,4096,4073,4081,49110,49152,0.994384765625,0.991587789433178,0.9962552871049496,0.996337890625,0.9939662587473084,0.9977794077228217,0.9991455078125,0.011344229132475458,0.0027500000000000003
value_linear,5500,ood_dev,13,4096,4058,4069,53179,53248,0.99072265625,0.987292434466316,0.993233285949307,0.993408203125,0.9904260923610462,0.9954656892110803,0.9987041766826923,0.01855510526083104,0.0027500000000000003
value_linear,5500,ood_dev,14,4096,4038,4062,57241,57344,0.98583984375,0.9817394754367362,0.9890297701488805,0.99169921875,0.9884233098915096,0.9940537054901146,0.9982038225446429,0.02419265269643467,0.0027500000000000003
value_linear,5500,ood_dev,15,4096,4015,4045,61286,61440,0.980224609375,0.9754891932191522,0.9840601063119575,0.987548828125,0.9836671128801424,0.9905168988959765,0.9974934895833333,0.037125861513203295,0.0027500000000000003
value_linear,5500,ood_dev,16,4096,3983,4022,65308,65536,0.972412109375,0.9669363760022123,0.9770025638008875,0.98193359375,0.9773800946662805,0.9855839710553314,0.99652099609375,0.04807990976373189,0.0027500000000000003
value_linear,5500,ood_dev,17,4096,3950,4007,69315,69632,0.96435546875,0.9582285450750817,0.9696122112585078,0.978271484375,0.9733380928544043,0.9823086167447029,0.9954474954044118,0.060346761356547596,0.0027500000000000003
value_linear,5500,ood_dev,18,4096,3915,3992,73307,73728,0.955810546875,0.9490781255019948,0.9616887998790838,0.974609375,0.9693289612445153,0.9790003922320873,0.9942898220486112,0.07912191832149884,0.0027500000000000003
value_linear,5500,ood_dev,19,4096,3879,3967,77274,77824,0.947021484375,0.9397334817874256,0.9534717888996419,0.968505859375,0.9627028673707351,0.9734308925683598,0.992932771381579,0.09879575810938324,0.0027500000000000003
value_linear,5500,ood_dev,20,4096,3825,3930,81204,81920,0.933837890625,0.925811939428527,0.9410508492175237,0.95947265625,0.9529907280310358,0.9650935534725474,0.991259765625,0.13491848527717232,0.0027500000000000003
value_linear,5500,ood_dev,21,4096,3773,3902,85106,86016,0.921142578125,0.9124886341356219,0.9290073199524128,0.95263671875,0.9456967591536541,0.9587284575879206,0.9894205729166666,0.1515638239284849,0.0027500000000000003
value_linear,5500,ood_dev,22,4096,3732,3876,88982,90112,0.9111328125,0.9020289161772014,0.9194662645093207,0.9462890625,0.938957308629731,0.9527844908328355,0.9874600497159091,0.1781455483900194,0.0027500000000000003
value_linear,5500,ood_dev,23,4096,3688,3861,92843,94208,0.900390625,0.8908407331020064,0.9091902029585018,0.942626953125,0.9350816513041342,0.9493427920359276,0.9855107846467391,0.18937828025496106,0.0027500000000000003
value_linear,5500,ood_dev,24,4096,3645,3841,96684,98304,0.889892578125,0.8799386161345828,0.8991158990414121,0.937744140625,0.9299266208648727,0.9447413476451831,0.9835205078125,0.2082081262453439,0.0027500000000000003
value_linear,5500,ood_dev,25,4096,3599,3809,100493,102400,0.878662109375,0.868306224878436,0.8883083981885448,0.929931640625,0.9217048293210383,0.9373527794610076,0.981376953125,0.24242185573173503,0.0027500000000000003
value_linear,5500,ood_dev,26,4096,3550,3789,104282,106496,0.86669921875,0.8559456044058259,0.8767656553276396,0.925048828125,0.916580713871883,0.9327204200801565,0.9792104867788461,0.26833533399020437,0.0027500000000000003
value_linear,5500,ood_dev,27,4096,3498,3762,108044,110592,0.85400390625,0.8428586322184356,0.8644857929570139,0.91845703125,0.9096788003001948,0.9264510926313365,0.9769603587962963,0.2913669270791055,0.0027500000000000003
value_linear,5500,ood_dev,28,4096,3446,3728,111772,114688,0.84130859375,0.8297996636799222,0.852177926937511,0.91015625,0.9010103180945493,0.9185335676259713,0.9745744977678571,0.33465363309339446,0.0027500000000000003
value_linear,5500,ood_dev,29,4096,3394,3702,115474,118784,0.82861328125,0.8167659643224631,0.8398447917369541,0.90380859375,0.8943968141409154,0.9124636543005972,0.9721342941810345,0.3609955465373067,0.0027500000000000003
value_linear,5500,ood_dev,30,4096,3336,3658,119132,122880,0.814453125,0.8022554598097227,0.8260615192426766,0.89306640625,0.8832315465848233,0.9021646772306757,0.9694986979166667,0.4151366866058528,0.0027500000000000003
value_linear,5500,ood_dev,31,4096,3275,3630,122762,126976,0.799560546875,0.7870225394008806,0.8115371914199997,0.88623046875,0.8761421890699558,0.8955949699835345,0.9668126260080645,0.4371080973621424,0.0027500000000000003
value_linear,5500,ood_dev,32,4096,3225,3608,126370,131072,0.787353515625,0.7745563548344684,0.7996121889113964,0.880859375,0.8705798420416913,0.8904251946987922,0.9641265869140625,0.47616109519427297,0.0027500000000000003
value_linear,5500,ood_dev,33,4096,3173,3573,129943,135168,0.774658203125,0.7616091504468746,0.7871925587409742,0.872314453125,0.8617438581631394,0.8821873476248334,0.9613444010416666,0.5031796674666849,0.0027500000000000003
value_linear,5500,ood_dev,34,4096,3118,3516,133459,139264,0.76123046875,0.7479333589152923,0.7740380444900392,0.8583984375,0.8473854123100891,0.8687398402123659,0.9583165785845589,0.5617137915549337,0.0027500000000000003
value_linear,5500,ood_dev,35,4096,3069,3513,136972,143360,0.749267578125,0.7357644894487748,0.7623035506230417,0.857666015625,0.8466307109457992,0.8680310703521549,0.9554408482142858,0.5669362350780935,0.0027500000000000003
value_linear,5500,ood_dev,36,4096,3012,3463,140435,147456,0.7353515625,0.7216257308740557,0.7486363559322431,0.845458984375,0.8340660400464522,0.8562045541764863,0.9523857964409722,0.635201924295852,0.0027500000000000003
value_linear,6000,dev,1,4096,4096,4096,4096,4096,1.0,0.9990630225926348,0.9999999999999999,1.0,0.9990630225926348,0.9999999999999999,1.0,6.053234647040995e-05,0.003
value_linear,6000,dev,2,4096,4096,4096,8192,8192,1.0,0.9990630225926348,0.9999999999999999,1.0,0.9990630225926348,0.9999999999999999,1.0,4.6618155856714694e-05,0.003
value_linear,6000,dev,3,4096,4096,4096,12288,12288,1.0,0.9990630225926348,0.9999999999999999,1.0,0.9990630225926348,0.9999999999999999,1.0,5.9404836539656e-05,0.003
value_linear,6000,dev,4,4096,4096,4096,16384,16384,1.0,0.9990630225926348,0.9999999999999999,1.0,0.9990630225926348,0.9999999999999999,1.0,8.027815317190878e-05,0.003
value_linear,6000,dev,5,4096,4096,4096,20480,20480,1.0,0.9990630225926348,0.9999999999999999,1.0,0.9990630225926348,0.9999999999999999,1.0,0.00012700596010795095,0.003
value_linear,6000,dev,6,4096,4095,4095,24575,24576,0.999755859375,0.9986182969663738,0.9999569018847606,0.999755859375,0.9986182969663738,0.9999569018847606,0.9999593098958334,0.0007803523374929622,0.003
value_linear,6000,dev,7,4096,4094,4095,28670,28672,0.99951171875,0.9982212896544476,0.9998660854551866,0.999755859375,0.9986182969663738,0.9999569018847606,0.9999302455357143,0.0008186543202401975,0.003
value_linear,6000,dev,8,4096,4093,4094,32764,32768,0.999267578125,0.9978486714629491,0.9997508799051849,0.99951171875,0.9982212896544476,0.9998660854551866,0.9998779296875,0.0022800228779982223,0.003
value_linear,6000,dev,9,4096,4092,4092,36856,36864,0.9990234375,0.9974915571936952,0.9996201704329383,0.9990234375,0.9974915571936952,0.9996201704329383,0.9997829861111112,0.0027340915750249106,0.003
value_linear,6000,dev,10,4096,4084,4085,40941,40960,0.9970703125,0.9948858699188933,0.9983232677757378,0.997314453125,0.9951972177470491,0.9984997436890822,0.9995361328125,0.007249166120984363,0.003
value_linear,6000,dev,11,4096,4076,4083,45024,45056,0.9951171875,0.9924697076331114,0.9968368401295172,0.996826171875,0.9945771012522003,0.9981442127009305,0.9992897727272727,0.009840884549436435,0.003
value_linear,6000,dev,12,4096,4070,4081,49105,49152,0.99365234375,0.99071517109395,0.9956644342196767,0.996337890625,0.9939662587473084,0.9977794077228217,0.9990437825520834,0.013216380262212057,0.003
value_linear,6000,ood_dev,1,4096,4096,4096,4096,4096,1.0,0.9990630225926348,0.9999999999999999,1.0,0.9990630225926348,0.9999999999999999,1.0,6.195504624439963e-05,0.003
value_linear,6000,ood_dev,2,4096,4096,4096,8192,8192,1.0,0.9990630225926348,0.9999999999999999,1.0,0.9990630225926348,0.9999999999999999,1.0,4.72286062449534e-05,0.003
value_linear,6000,ood_dev,3,4096,4096,4096,12288,12288,1.0,0.9990630225926348,0.9999999999999999,1.0,0.9990630225926348,0.9999999999999999,1.0,5.504458042548954e-05,0.003
value_linear,6000,ood_dev,4,4096,4096,4096,16384,16384,1.0,0.9990630225926348,0.9999999999999999,1.0,0.9990630225926348,0.9999999999999999,1.0,8.864715507805876e-05,0.003
value_linear,6000,ood_dev,5,4096,4096,4096,20480,20480,1.0,0.9990630225926348,0.9999999999999999,1.0,0.9990630225926348,0.9999999999999999,1.0,0.00014530621086472628,0.003
value_linear,6000,ood_dev,6,4096,4096,4096,24576,24576,1.0,0.9990630225926348,0.9999999999999999,1.0,0.9990630225926348,0.9999999999999999,1.0,0.0003132028638452855,0.003
value_linear,6000,ood_dev,7,4096,4096,4096,28672,28672,1.0,0.9990630225926348,0.9999999999999999,1.0,0.9990630225926348,0.9999999999999999,1.0,0.0004689977352259067,0.003
value_linear,6000,ood_dev,8,4096,4095,4095,32767,32768,0.999755859375,0.9986182969663738,0.9999569018847606,0.999755859375,0.9986182969663738,0.9999569018847606,0.999969482421875,0.0013507400541890036,0.003
value_linear,6000,ood_dev,9,4096,4090,4090,36857,36864,0.99853515625,0.9968075986857966,0.9993284814578364,0.99853515625,0.9968075986857966,0.9993284814578364,0.9998101128472222,0.003307840189301192,0.003
value_linear,6000,ood_dev,10,4096,4084,4086,40943,40960,0.9970703125,0.9948858699188933,0.9983232677757378,0.99755859375,0.9955114747539533,0.9986733104236785,0.9995849609375,0.007454171715931546,0.003
value_linear,6000,ood_dev,11,4096,4073,4078,45021,45056,0.994384765625,0.991587789433178,0.9962552871049496,0.99560546875,0.9930638103960733,0.9972183848495558,0.9992231889204546,0.010158196453198709,0.003
value_linear,6000,ood_dev,12,4096,4062,4075,49096,49152,0.99169921875,0.9884233098915096,0.9940537054901146,0.994873046875,0.9921745882319427,0.9966441357891856,0.9988606770833334,0.013020921212442804,0.003
value_linear,6000,ood_dev,13,4096,4052,4070,53166,53248,0.9892578125,0.9856107816089336,0.9919879963576875,0.99365234375,0.99071517109395,0.9956644342196767,0.9984600360576923,0.02087149705844915,0.003
value_linear,6000,ood_dev,14,4096,4037,4060,57226,57344,0.985595703125,0.9814652366612112,0.9888161851829053,0.9912109375,0.9878567926156614,0.9936445752829621,0.9979422433035714,0.025545049795001384,0.003
value_linear,6000,ood_dev,15,4096,4021,4051,61277,61440,0.981689453125,0.9771094258840555,0.9853668160960561,0.989013671875,0.9853320021138738,0.991778952111247,0.9973470052083333,0.03192446441092667,0.003
value_linear,6000,ood_dev,16,4096,3999,4035,65312,65536,0.976318359375,0.9711962850581976,0.9805478346089073,0.985107421875,0.9809175425035267,0.9883882318575893,0.99658203125,0.04363964509040974,0.003
value_linear,6000,ood_dev,17,4096,3976,4028,69340,69632,0.970703125,0.9650812750446061,0.9754428985679915,0.9833984375,0.9790082213211099,0.9868827868495039,0.9958065257352942,0.053824756880449076,0.003
value_linear,6000,ood_dev,18,4096,3954,4017,73357,73728,0.96533203125,0.9592793468139419,0.9705127044856489,0.980712890625,0.9760285730987803,0.9844963739153301,0.9949679904513888,0.061725320456377464,0.003
value_linear,6000,ood_dev,19,4096,3933,4008,77365,77824,0.960205078125,0.9537747892075905,0.9657729635204937,0.978515625,0.973606447163245,0.9825280861773625,0.9941020764802632,0.07402795225910874,0.003
value_linear,6000,ood_dev,20,4096,3878,3952,81317,81920,0.94677734375,0.9394747174237471,0.9532427295218201,0.96484375,0.9587538013451912,0.9700626024713991,0.99263916015625,0.0999166890576566,0.003
value_linear,6000,ood_dev,21,4096,3844,3951,85268,86016,0.9384765625,0.9306990192363365,0.9454324204982203,0.964599609375,0.958491137419128,0.9698374426559618,0.9913039434523809,0.11612416124836833,0.003
value_linear,6000,ood_dev,22,4096,3796,3913,89181,90112,0.9267578125,0.9183729750294912,0.9343429251130505,0.955322265625,0.9485573633564719,0.9612339145416062,0.9896684126420454,0.13728678974012443,0.003
value_linear,6000,ood_dev,23,4096,3749,3901,93082,94208,0.915283203125,0.9063615365223625,0.9234266477696647,0.952392578125,0.9454369948583105,0.9585003981417638,0.9880477241847826,0.1586448482429237,0.003
value_linear,6000,ood_dev,24,4096,3702,3872,96954,98304,0.90380859375,0.8943968141409154,0.9124636543005972,0.9453125,0.9379229636648263,0.951867540831739,0.98626708984375,0.18715912137128954,0.003
value_linear,6000,ood_dev,25,4096,3654,3859,100813,102400,0.89208984375,0.8822180645396832,0.9012268643098146,0.942138671875,0.9345655263512737,0.9488832695057877,0.984501953125,0.1982743639359681,0.003
value_linear,6000,ood_dev,26,4096,3607,3826,104639,106496,0.880615234375,0.8703271648689122,0.8901900481300711,0.93408203125,0.9260688787441457,0.9412817336434055,0.9825627253605769,0.23771900450780903,0.003
value_linear,6000,ood_dev,27,4096,3556,3794,108433,110592,0.8681640625,0.8574575878543693,0.8781806143280981,0.92626953125,0.9178607737962339,0.9338794788633074,0.9804777922453703,0.27226126628229275,0.003
value_linear,6000,ood_dev,28,4096,3491,3757,112190,114688,0.852294921875,0.8410991292063144,0.862830529778633,0.917236328125,0.9084024969702716,0.9252882772537582,0.9782191685267857,0.30468500933946285,0.003
value_linear,6000,ood_dev,29,4096,3428,3739,115929,118784,0.8369140625,0.8252852616570167,0.847911501613411,0.912841796875,0.9038122249393785,0.9210977219376457,0.9759647764008621,0.3248739240599674,0.003
value_linear,6000,ood_dev,30,4096,3380,3701,119630,122880,0.8251953125,0.8132609098770637,0.8365203138013492,0.903564453125,0.894142695018886,0.9122299496811264,0.9735514322916666,0.350572141743718,0.003
value_linear,6000,ood_dev,31,4096,3325,3669,123299,126976,0.811767578125,0.7995064825045964,0.8234444353912994,0.895751953125,0.886019902303846,0.9047423826681564,0.9710417716733871,0.39431608289619513,0.003
value_linear,6000,ood_dev,32,4096,3262,3639,126938,131072,0.79638671875,0.783779671632706,0.8084383505486702,0.888427734375,0.8784196529935242,0.897707919733469,0.9684600830078125,0.41485656110507185,0.003
value_linear,6000,ood_dev,33,4096,3206,3607,130545,135168,0.78271484375,0.7698236210751979,0.7950762715821611,0.880615234375,0.8703271648689122,0.8901900481300711,0.9657981178977273,0.4618202457304159,0.003
value_linear,6000,ood_dev,34,4096,3151,3586,134131,139264,0.769287109375,0.7561366313321539,0.781932955542688,0.87548828125,0.865023973378623,0.8852489410488537,0.9631419462316176,0.5093683116256027,0.003
value_linear,6000,ood_dev,35,4096,3093,3550,137681,143360,0.755126953125,0.7417230327645127,0.7680527771033113,0.86669921875,0.8559456044058259,0.8767656553276396,0.9603864397321429,0.5448216760849247,0.003
value_linear,6000,ood_dev,36,4096,3038,3500,141181,147456,0.74169921875,0.7280727963422683,0.7548727077430385,0.8544921875,0.8433614400717089,0.8649586325867411,0.9574449327256944,0.5937011588359153,0.003
value_linear,6500,dev,1,4096,4096,4096,4096,4096,1.0,0.9990630225926348,0.9999999999999999,1.0,0.9990630225926348,0.9999999999999999,1.0,4.954257027733888e-05,0.0032500000000000003
value_linear,6500,dev,2,4096,4096,4096,8192,8192,1.0,0.9990630225926348,0.9999999999999999,1.0,0.9990630225926348,0.9999999999999999,1.0,4.326178846758566e-05,0.0032500000000000003
value_linear,6500,dev,3,4096,4096,4096,12288,12288,1.0,0.9990630225926348,0.9999999999999999,1.0,0.9990630225926348,0.9999999999999999,1.0,5.2623640671933813e-05,0.0032500000000000003
value_linear,6500,dev,4,4096,4096,4096,16384,16384,1.0,0.9990630225926348,0.9999999999999999,1.0,0.9990630225926348,0.9999999999999999,1.0,7.322491665950892e-05,0.0032500000000000003
value_linear,6500,dev,5,4096,4096,4096,20480,20480,1.0,0.9990630225926348,0.9999999999999999,1.0,0.9990630225926348,0.9999999999999999,1.0,0.0001385086711773731,0.0032500000000000003
value_linear,6500,dev,6,4096,4095,4095,24575,24576,0.999755859375,0.9986182969663738,0.9999569018847606,0.999755859375,0.9986182969663738,0.9999569018847606,0.9999593098958334,0.0004854016189461685,0.0032500000000000003
value_linear,6500,dev,7,4096,4095,4096,28671,28672,0.999755859375,0.9986182969663738,0.9999569018847606,1.0,0.9990630225926348,0.9999999999999999,0.9999651227678571,0.00036863436711676023,0.0032500000000000003
value_linear,6500,dev,8,4096,4094,4094,32765,32768,0.99951171875,0.9982212896544476,0.9998660854551866,0.99951171875,0.9982212896544476,0.9998660854551866,0.999908447265625,0.0019781808172421034,0.0032500000000000003
value_linear,6500,dev,9,4096,4090,4091,36856,36864,0.99853515625,0.9968075986857966,0.9993284814578364,0.998779296875,0.997145424476127,0.9994784794090062,0.9997829861111112,0.0030816409394187616,0.0032500000000000003
value_linear,6500,dev,10,4096,4087,4090,40946,40960,0.997802734375,0.9958290482073086,0.9988435607118235,0.99853515625,0.9968075986857966,0.9993284814578364,0.999658203125,0.004454273902258166,0.0032500000000000003
value_linear,6500,dev,11,4096,4077,4083,45029,45056,0.995361328125,0.9927660832938955,0.9970282882102334,0.996826171875,0.9945771012522003,0.9981442127009305,0.9994007457386364,0.010059091567711231,0.0032500000000000003
value_linear,6500,dev,12,4096,4069,4079,49108,49152,0.993408203125,0.9904260923610462,0.9954656892110803,0.995849609375,0.9933629968413301,0.9974070221457995,0.9991048177083334,0.014405720292736124,0.0032500000000000003
value_linear,6500,ood_dev,1,4096,4096,4096,4096,4096,1.0,0.9990630225926348,0.9999999999999999,1.0,0.9990630225926348,0.9999999999999999,1.0,4.9582187458874216e-05,0.0032500000000000003
value_linear,6500,ood_dev,2,4096,4096,4096,8192,8192,1.0,0.9990630225926348,0.9999999999999999,1.0,0.9990630225926348,0.9999999999999999,1.0,4.3151555704668e-05,0.0032500000000000003
value_linear,6500,ood_dev,3,4096,4096,4096,12288,12288,1.0,0.9990630225926348,0.9999999999999999,1.0,0.9990630225926348,0.9999999999999999,1.0,5.2675627947529335e-05,0.0032500000000000003
value_linear,6500,ood_dev,4,4096,4096,4096,16384,16384,1.0,0.9990630225926348,0.9999999999999999,1.0,0.9990630225926348,0.9999999999999999,1.0,6.760177878462059e-05,0.0032500000000000003
value_linear,6500,ood_dev,5,4096,4096,4096,20480,20480,1.0,0.9990630225926348,0.9999999999999999,1.0,0.9990630225926348,0.9999999999999999,1.0,0.00013627812167960052,0.0032500000000000003
value_linear,6500,ood_dev,6,4096,4095,4095,24575,24576,0.999755859375,0.9986182969663738,0.9999569018847606,0.999755859375,0.9986182969663738,0.9999569018847606,0.9999593098958334,0.0004457341633612444,0.0032500000000000003
value_linear,6500,ood_dev,7,4096,4094,4095,28670,28672,0.99951171875,0.9982212896544476,0.9998660854551866,0.999755859375,0.9986182969663738,0.9999569018847606,0.9999302455357143,0.0008321296304734105,0.0032500000000000003
value_linear,6500,ood_dev,8,4096,4092,4094,32764,32768,0.9990234375,0.9974915571936952,0.9996201704329383,0.99951171875,0.9982212896544476,0.9998660854551866,0.9998779296875,0.0015816637439649561,0.0032500000000000003
value_linear,6500,ood_dev,9,4096,4092,4094,36858,36864,0.9990234375,0.9974915571936952,0.9996201704329383,0.99951171875,0.9982212896544476,0.9998660854551866,0.9998372395833334,0.0028951596092747778,0.0032500000000000003
value_linear,6500,ood_dev,10,4096,4087,4089,40947,40960,0.997802734375,0.9958290482073086,0.9988435607118235,0.998291015625,0.9964763422189936,0.9991719141831389,0.9996826171875,0.005133142060149032,0.0032500000000000003
value_linear,6500,ood_dev,11,4096,4083,4090,45037,45056,0.996826171875,0.9945771012522003,0.9981442127009305,0.99853515625,0.9968075986857966,0.9993284814578364,0.9995783025568182,0.006350065270367855,0.0032500000000000003
value_linear,6500,ood_dev,12,4096,4074,4080,49117,49152,0.99462890625,0.9918806406223304,0.9964502596572975,0.99609375,0.9936637657680687,0.9975940769605611,0.9992879231770834,0.011607755140983445,0.0032500000000000003
value_linear,6500,ood_dev,13,4096,4057,4065,53182,53248,0.990478515625,0.9870110133784079,0.9930268832957149,0.992431640625,0.9892775496501616,0.9946629369559636,0.9987605168269231,0.018560726791506443,0.0032500000000000003
value_linear,6500,ood_dev,14,4096,4036,4057,57239,57344,0.9853515625,0.9811912611355577,0.9886023369670586,0.990478515625,0.9870110133784079,0.9930268832957149,0.9981689453125,0.02761557605746945,0.0032500000000000003
value_linear,6500,ood_dev,15,4096,4010,4039,61278,61440,0.97900390625,0.9741435999816663,0.9829665808419419,0.986083984375,0.9820139840883064,0.9892430852388108,0.99736328125,0.03976590031562388,0.0032500000000000003
value_linear,6500,ood_dev,16,4096,3989,4032,65310,65536,0.973876953125,0.9685304473439507,0.978335434908151,0.984375,0.9800978681444444,0.9877444349921706,0.996551513671875,0.05284733725175461,0.0032500000000000003
value_linear,6500,ood_dev,17,4096,3950,3998,69308,69632,0.96435546875,0.9582285450750817,0.9696122112585078,0.97607421875,0.9709291555744165,0.9803271403511878,0.9953469669117647,0.07178535257683749,0.0032500000000000003
value_linear,6500,ood_dev,18,4096,3920,3992,73300,73728,0.95703125,0.9503809505933728,0.9628250934952075,0.974609375,0.9693289612445153,0.9790003922320873,0.9941948784722222,0.08151608736611182,0.0032500000000000003
value_linear,6500,ood_dev,19,4096,3886,3976,77276,77824,0.94873046875,0.9415459763729898,0.9550740605045799,0.970703125,0.9650812750446061,0.9754428985679915,0.9929584703947368,0.10089436687471443,0.0032500000000000003
value_linear,6500,ood_dev,20,4096,3842,3941,81217,81920,0.93798828125,0.9301840545949541,0.9449717376566019,0.962158203125,0.9558683230202784,0.9675820196398083,0.99141845703125,0.129128369149907,0.0032500000000000003
value_linear,6500,ood_dev,21,4096,3792,3910,85127,86016,0.92578125,0.9173486743153114,0.9334159308612291,0.95458984375,0.947776604127552,0.9605512025460251,0.9896647135416666,0.1506720543725626,0.0032500000000000003
value_linear,6500,ood_dev,22,4096,3734,3871,88998,90112,0.91162109375,0.9025383332525057,0.9199324949170169,0.945068359375,0.9376644744381794,0.9516382063168857,0.9876376065340909,0.17973394698943057,0.0032500000000000003
value_linear,6500,ood_dev,23,4096,3694,3855,92853,94208,0.90185546875,0.8923643526216571,0.910593525887853,0.941162109375,0.9335337022688429,0.9479637986222172,0.9856169327445652,0.20116432435396514,0.0032500000000000003
value_linear,6500,ood_dev,24,4096,3641,3831,96684,98304,0.888916015625,0.878925915308623,0.8981773049013707,0.935302734375,0.9273540238865371,0.9424357072085155,0.9835205078125,0.2314623197123955,0.0032500000000000003
value_linear,6500,ood_dev,25,4096,3581,3793,100477,102400,0.874267578125,0.8637621415848652,0.88407165413511,0.926025390625,0.9176047113945596,0.9336477175234812,0.981220703125,0.26148027226852766,0.0032500000000000003
value_linear,6500,ood_dev,26,4096,3530,3754,104231,106496,0.86181640625,0.8509086400164899,0.8720461448869695,0.91650390625,0.9076369762844673,0.9245903267150616,0.9787315955528846,0.29338806803152395,0.0032500000000000003
value_linear,6500,ood_dev,27,4096,3464,3734,107965,110592,0.845703125,0.8343170892105128,0.856441328753926,0.91162109375,0.9025383332525057,0.9199324949170169,0.9762460214120371,0.33661503840953566,0.0032500000000000003
value_linear,6500,ood_dev,28,4096,3406,3696,111661,114688,0.83154296875,0.8197716222412833,0.8426930187161376,0.90234375,0.8928723632769541,0.9110611627155568,0.9736066545758929,0.37812733500806095,0.0032500000000000003
value_linear,6500,ood_dev,29,4096,3348,3656,115317,118784,0.8173828125,0.8052554142374909,0.828915449712912,0.892578125,0.8827247749340756,0.9016958013984229,0.9708125673491379,0.41200608440638464,0.0032500000000000003
value_linear,6500,ood_dev,30,4096,3294,3641,118958,122880,0.80419921875,0.79176427901958,0.8160641028898061,0.888916015625,0.878925915308623,0.8981773049013707,0.9680826822916667,0.43731377391552484,0.0032500000000000003
value_linear,6500,ood_dev,31,4096,3245,3600,122558,126976,0.792236328125,0.7795407736168771,0.804384244958994,0.87890625,0.8685587962878935,0.8885436505205876,0.9652060231854839,0.4866439344944886,0.0032500000000000003
value_linear,6500,ood_dev,32,4096,3195,3567,126125,131072,0.780029296875,0.7670846922123965,0.7924491392884591,0.870849609375,0.8602306604389107,0.8807736029000601,0.9622573852539062,0.5289494530803727,0.0032500000000000003
value_linear,6500,ood_dev,33,4096,3131,3510,129635,135168,0.764404296875,0.7511641743532573,0.7771489376915783,0.85693359375,0.8458761055974846,0.8673222044759685,0.9590657552083334,0.5798893356388615,0.0032500000000000003
value_linear,6500,ood_dev,34,4096,3076,3491,133126,139264,0.7509765625,0.737502061692147,0.7639807445701716,0.852294921875,0.8410991292063144,0.862830529778633,0.9559254365808824,0.6096412948847305,0.0032500000000000003
value_linear,6500,ood_dev,35,4096,3022,3474,136600,143360,0.73779296875,0.724104942379365,0.751035381841937,0.84814453125,0.8368281149975741,0.8588085403818678,0.9528459821428571,0.6643222509316391,0.0032500000000000003
value_linear,6500,ood_dev,36,4096,2966,3447,140047,147456,0.72412109375,0.710228121532906,0.7375940731643784,0.841552734375,0.8300505515045329,0.8524148628544008,0.9497545030381944,0.7056388698570064,0.0032500000000000003
value_linear,7000,dev,1,4096,4096,4096,4096,4096,1.0,0.9990630225926348,0.9999999999999999,1.0,0.9990630225926348,0.9999999999999999,1.0,5.1628958189553487e-05,0.0034999999999999996
value_linear,7000,dev,2,4096,4096,4096,8192,8192,1.0,0.9990630225926348,0.9999999999999999,1.0,0.9990630225926348,0.9999999999999999,1.0,3.820300949763933e-05,0.0034999999999999996
value_linear,7000,dev,3,4096,4096,4096,12288,12288,1.0,0.9990630225926348,0.9999999999999999,1.0,0.9990630225926348,0.9999999999999999,1.0,4.716545329097599e-05,0.0034999999999999996
value_linear,7000,dev,4,4096,4096,4096,16384,16384,1.0,0.9990630225926348,0.9999999999999999,1.0,0.9990630225926348,0.9999999999999999,1.0,6.71250620520869e-05,0.0034999999999999996
value_linear,7000,dev,5,4096,4096,4096,20480,20480,1.0,0.9990630225926348,0.9999999999999999,1.0,0.9990630225926348,0.9999999999999999,1.0,8.782244331362321e-05,0.0034999999999999996
value_linear,7000,dev,6,4096,4096,4096,24576,24576,1.0,0.9990630225926348,0.9999999999999999,1.0,0.9990630225926348,0.9999999999999999,1.0,0.00020250201875948726,0.0034999999999999996
value_linear,7000,dev,7,4096,4095,4095,28671,28672,0.999755859375,0.9986182969663738,0.9999569018847606,0.999755859375,0.9986182969663738,0.9999569018847606,0.9999651227678571,0.0005010176190667348,0.0034999999999999996
value_linear,7000,dev,8,4096,4095,4096,32767,32768,0.999755859375,0.9986182969663738,0.9999569018847606,1.0,0.9990630225926348,0.9999999999999999,0.999969482421875,0.00044157168626002274,0.0034999999999999996
value_linear,7000,dev,9,4096,4094,4095,36862,36864,0.99951171875,0.9982212896544476,0.9998660854551866,0.999755859375,0.9986182969663738,0.9999569018847606,0.9999457465277778,0.0013309153960077147,0.0034999999999999996
value_linear,7000,dev,10,4096,4092,4093,40955,40960,0.9990234375,0.9974915571936952,0.9996201704329383,0.999267578125,0.9978486714629491,0.9997508799051849,0.9998779296875,0.0030949639835464726,0.0034999999999999996
value_linear,7000,dev,11,4096,4088,4088,45043,45056,0.998046875,0.9961504506055915,0.9990099820550408,0.998046875,0.9961504506055915,0.9990099820550408,0.9997114701704546,0.004261376787055848,0.0034999999999999996
value_linear,7000,dev,12,4096,4081,4085,49128,49152,0.996337890625,0.9939662587473084,0.9977794077228217,0.997314453125,0.9951972177470491,0.9984997436890822,0.99951171875,0.008780555133522494,0.0034999999999999996
value_linear,7000,ood_dev,1,4096,4096,4096,4096,4096,1.0,0.9990630225926348,0.9999999999999999,1.0,0.9990630225926348,0.9999999999999999,1.0,5.226223206555858e-05,0.0034999999999999996
value_linear,7000,ood_dev,2,4096,4096,4096,8192,8192,1.0,0.9990630225926348,0.9999999999999999,1.0,0.9990630225926348,0.9999999999999999,1.0,3.8313521748323254e-05,0.0034999999999999996
value_linear,7000,ood_dev,3,4096,4096,4096,12288,12288,1.0,0.9990630225926348,0.9999999999999999,1.0,0.9990630225926348,0.9999999999999999,1.0,4.6122764172595865e-05,0.0034999999999999996
value_linear,7000,ood_dev,4,4096,4096,4096,16384,16384,1.0,0.9990630225926348,0.9999999999999999,1.0,0.9990630225926348,0.9999999999999999,1.0,5.706025275253879e-05,0.0034999999999999996
value_linear,7000,ood_dev,5,4096,4096,4096,20480,20480,1.0,0.9990630225926348,0.9999999999999999,1.0,0.9990630225926348,0.9999999999999999,1.0,9.069841344255813e-05,0.0034999999999999996
value_linear,7000,ood_dev,6,4096,4096,4096,24576,24576,1.0,0.9990630225926348,0.9999999999999999,1.0,0.9990630225926348,0.9999999999999999,1.0,0.00014028545206867804,0.0034999999999999996
value_linear,7000,ood_dev,7,4096,4096,4096,28672,28672,1.0,0.9990630225926348,0.9999999999999999,1.0,0.9990630225926348,0.9999999999999999,1.0,0.0001901227023526353,0.0034999999999999996
value_linear,7000,ood_dev,8,4096,4094,4094,32766,32768,0.99951171875,0.9982212896544476,0.9998660854551866,0.99951171875,0.9982212896544476,0.9998660854551866,0.99993896484375,0.001387550417904837,0.0034999999999999996
value_linear,7000,ood_dev,9,4096,4093,4094,36860,36864,0.999267578125,0.9978486714629491,0.9997508799051849,0.99951171875,0.9982212896544476,0.9998660854551866,0.9998914930555556,0.001501552062508793,0.0034999999999999996
value_linear,7000,ood_dev,10,4096,4092,4093,40953,40960,0.9990234375,0.9974915571936952,0.9996201704329383,0.999267578125,0.9978486714629491,0.9997508799051849,0.9998291015625,0.002235469825589975,0.0034999999999999996
value_linear,7000,ood_dev,11,4096,4091,4092,45045,45056,0.998779296875,0.997145424476127,0.9994784794090062,0.9990234375,0.9974915571936952,0.9996201704329383,0.999755859375,0.0035833135216625234,0.0034999999999999996
value_linear,7000,ood_dev,12,4096,4085,4089,49134,49152,0.997314453125,0.9951972177470491,0.9984997436890822,0.998291015625,0.9964763422189936,0.9991719141831389,0.9996337890625,0.004774530506045149,0.0034999999999999996
value_linear,7000,ood_dev,13,4096,4070,4075,53209,53248,0.99365234375,0.99071517109395,0.9956644342196767,0.994873046875,0.9921745882319427,0.9966441357891856,0.999267578125,0.014161495719046568,0.0034999999999999996
value_linear,7000,ood_dev,14,4096,4057,4071,57280,57344,0.990478515625,0.9870110133784079,0.9930268832957149,0.993896484375,0.9910051126562461,0.995862316398881,0.9988839285714286,0.019521452893144442,0.0034999999999999996
value_linear,7000,ood_dev,15,4096,4046,4068,61348,61440,0.98779296875,0.983943722660208,0.9907281128574114,0.9931640625,0.9901378308615215,0.9952661269691047,0.9985026041666667,0.022900624614856868,0.0034999999999999996
value_linear,7000,ood_dev,16,4096,4031,4057,65405,65536,0.984130859375,0.9798251184139876,0.987529360981127,0.990478515625,0.9870110133784079,0.9930268832957149,0.9980010986328125,0.029060888476476254,0.0034999999999999996
value_linear,7000,ood_dev,17,4096,4015,4051,69456,69632,0.980224609375,0.9754891932191522,0.9840601063119575,0.989013671875,0.9853320021138738,0.991778952111247,0.9974724264705882,0.037085575101254875,0.0034999999999999996
value_linear,7000,ood_dev,18,4096,3993,4037,73493,73728,0.974853515625,0.9695953616072256,0.9792218156108773,0.985595703125,0.9814652366612112,0.9888161851829053,0.9968126085069444,0.04452707673269263,0.0034999999999999996
value_linear,7000,ood_dev,19,4096,3960,4019,77512,77824,0.966796875,0.9608577781251862,0.9718612156234064,0.981201171875,0.9765686419356131,0.9849319525614978,0.9959909539473685,0.06096303340945841,0.0034999999999999996
value_linear,7000,ood_dev,20,4096,3923,3990,81502,81920,0.957763671875,0.951163293350015,0.9635062219630662,0.97412109375,0.9687965056840521,0.9785572003095498,0.9948974609375,0.07248288050349938,0.0034999999999999996
value_linear,7000,ood_dev,21,4096,3904,3990,85492,86016,0.953125,0.9462164298287505,0.9591844343958247,0.97412109375,0.9687965056840521,0.9785572003095498,0.9939081101190477,0.07763909385694756,0.0034999999999999996
value_linear,7000,ood_dev,22,4096,3865,3969,89461,90112,0.943603515625,0.9361143355517366,0.9502614027543265,0.968994140625,0.9632307842127183,0.973878623209377,0.9927756569602273,0.09172075742796948,0.0034999999999999996
value_linear,7000,ood_dev,23,4096,3823,3943,93404,94208,0.933349609375,0.9252981492851113,0.9405889918779389,0.962646484375,0.9563923454033983,0.968033644739689,0.9914656929347826,0.11615561648343142,0.0034999999999999996
value_linear,7000,ood_dev,24,4096,3785,3922,97326,98304,0.924072265625,0.9155571142869631,0.9317927246990753,0.95751953125,0.9509024574310025,0.9632792341405783,0.99005126953125,0.13615743848386974,0.0034999999999999996
value_linear,7000,ood_dev,25,4096,3749,3917,101243,102400,0.915283203125,0.9063615365223625,0.9234266477696647,0.956298828125,0.9495990962030896,0.9621434766609898,0.988701171875,0.15178131194316524,0.0034999999999999996
value_linear,7000,ood_dev,26,4096,3714,3895,105138,106496,0.90673828125,0.897447644100744,0.9152667092387725,0.950927734375,0.9438793823249059,0.9571310682261667,0.9872483473557693,0.1727418323659149,0.0034999999999999996
value_linear,7000,ood_dev,27,4096,3664,3859,108997,110592,0.89453125,0.8847522327817962,0.9035709334827048,0.942138671875,0.9345655263512737,0.9488832695057877,0.9855776186342593,0.19819431338442195,0.0034999999999999996
value_linear,7000,ood_dev,28,4096,3624,3834,112831,114688,0.884765625,0.8746245208149953,0.8941856957894933,0.93603515625,0.9281254754775315,0.9431277268420221,0.9838082449776786,0.23420627846534092,0.0034999999999999996
value_linear,7000,ood_dev,29,4096,3583,3819,116650,118784,0.874755859375,0.8642668366393406,0.8845426065636351,0.932373046875,0.9242709187774049,0.9396649274196441,0.9820346174568966,0.2510150665569988,0.0034999999999999996
value_linear,7000,ood_dev,30,4096,3548,3816,120466,122880,0.8662109375,0.8554417028962036,0.8762939093542614,0.931640625,0.9235007973638772,0.9389715776086708,0.9803548177083333,0.26426081863399276,0.0034999999999999996
value_linear,7000,ood_dev,31,4096,3486,3771,124237,126976,0.85107421875,0.8398426474121886,0.861647892865257,0.920654296875,0.9119775502306317,0.9285427563744023,0.9784289944556451,0.2859121915049474,0.0034999999999999996
value_linear,7000,ood_dev,32,4096,3437,3759,127996,131072,0.839111328125,0.8275420910342984,0.8500450859096321,0.917724609375,0.9089129525352261,0.9257534691718042,0.976531982421875,0.3131772518172071,0.0034999999999999996
value_linear,7000,ood_dev,33,4096,3389,3723,131719,135168,0.827392578125,0.8155139698040293,0.8386576675478864,0.908935546875,0.8997375071958539,0.9173672598171653,0.9744836055871212,0.33077242045058375,0.0034999999999999996
value_linear,7000,ood_dev,34,4096,3341,3689,135408,139264,0.815673828125,0.803505304014572,0.8272507937453287,0.900634765625,0.8910946270548497,0.909424132747159,0.9723115808823529,0.365940538078239,0.0034999999999999996
value_linear,7000,ood_dev,35,4096,3285,3663,139071,143360,0.802001953125,0.7895178681650951,0.8139201000707884,0.894287109375,0.8844987461372489,0.9033365963857516,0.9700823102678572,0.40377441532491787,0.0034999999999999996
value_linear,7000,ood_dev,36,4096,3246,3665,142736,147456,0.79248046875,0.7797900655759803,0.804622776741391,0.894775390625,0.8850057351152596,0.9038052548907416,0.9679904513888888,0.4024123419649015,0.0034999999999999996
value_linear,7500,dev,1,4096,4096,4096,4096,4096,1.0,0.9990630225926348,0.9999999999999999,1.0,0.9990630225926348,0.9999999999999999,1.0,3.551320821681969e-05,0.00375
value_linear,7500,dev,2,4096,4096,4096,8192,8192,1.0,0.9990630225926348,0.9999999999999999,1.0,0.9990630225926348,0.9999999999999999,1.0,3.185919912596091e-05,0.00375
value_linear,7500,dev,3,4096,4096,4096,12288,12288,1.0,0.9990630225926348,0.9999999999999999,1.0,0.9990630225926348,0.9999999999999999,1.0,4.0728676079293535e-05,0.00375
value_linear,7500,dev,4,4096,4096,4096,16384,16384,1.0,0.9990630225926348,0.9999999999999999,1.0,0.9990630225926348,0.9999999999999999,1.0,8.139372137350165e-05,0.00375
value_linear,7500,dev,5,4096,4096,4096,20480,20480,1.0,0.9990630225926348,0.9999999999999999,1.0,0.9990630225926348,0.9999999999999999,1.0,0.00012674853492122828,0.00375
value_linear,7500,dev,6,4096,4096,4096,24576,24576,1.0,0.9990630225926348,0.9999999999999999,1.0,0.9990630225926348,0.9999999999999999,1.0,0.0005126341813770363,0.00375
value_linear,7500,dev,7,4096,4094,4094,28670,28672,0.99951171875,0.9982212896544476,0.9998660854551866,0.99951171875,0.9982212896544476,0.9998660854551866,0.9999302455357143,0.0011038433331451714,0.00375
value_linear,7500,dev,8,4096,4092,4094,32764,32768,0.9990234375,0.9974915571936952,0.9996201704329383,0.99951171875,0.9982212896544476,0.9998660854551866,0.9998779296875,0.002355666259240774,0.00375
value_linear,7500,dev,9,4096,4090,4093,36857,36864,0.99853515625,0.9968075986857966,0.9993284814578364,0.999267578125,0.9978486714629491,0.9997508799051849,0.9998101128472222,0.003234624042308676,0.00375
value_linear,7500,dev,10,4096,4077,4080,40937,40960,0.995361328125,0.9927660832938955,0.9970282882102334,0.99609375,0.9936637657680687,0.9975940769605611,0.9994384765625,0.009203307975732988,0.00375
value_linear,7500,dev,11,4096,4060,4068,45005,45056,0.9912109375,0.9878567926156614,0.9936445752829621,0.9931640625,0.9901378308615215,0.9952661269691047,0.9988680752840909,0.016982075140774322,0.00375
value_linear,7500,dev,12,4096,4045,4059,49064,49152,0.987548828125,0.9836671128801424,0.9905168988959765,0.990966796875,0.9875743543279273,0.993439189829196,0.9982096354166666,0.02635213367944189,0.00375
value_linear,7500,ood_dev,1,4096,4096,4096,4096,4096,1.0,0.9990630225926348,0.9999999999999999,1.0,0.9990630225926348,0.9999999999999999,1.0,3.6733525690113566e-05,0.00375
value_linear,7500,ood_dev,2,4096,4096,4096,8192,8192,1.0,0.9990630225926348,0.9999999999999999,1.0,0.9990630225926348,0.9999999999999999,1.0,3.1414689747100155e-05,0.00375
value_linear,7500,ood_dev,3,4096,4096,4096,12288,12288,1.0,0.9990630225926348,0.9999999999999999,1.0,0.9990630225926348,0.9999999999999999,1.0,3.8687439960938264e-05,0.00375
value_linear,7500,ood_dev,4,4096,4096,4096,16384,16384,1.0,0.9990630225926348,0.9999999999999999,1.0,0.9990630225926348,0.9999999999999999,1.0,6.356391559259045e-05,0.00375
value_linear,7500,ood_dev,5,4096,4096,4096,20480,20480,1.0,0.9990630225926348,0.9999999999999999,1.0,0.9990630225926348,0.9999999999999999,1.0,0.00011482955164066055,0.00375
value_linear,7500,ood_dev,6,4096,4093,4093,24573,24576,0.999267578125,0.9978486714629491,0.9997508799051849,0.999267578125,0.9978486714629491,0.9997508799051849,0.9998779296875,0.0013198241638554542,0.00375
value_linear,7500,ood_dev,7,4096,4093,4096,28669,28672,0.999267578125,0.9978486714629491,0.9997508799051849,1.0,0.9990630225926348,0.9999999999999999,0.9998953683035714,0.00038168682371120255,0.00375
value_linear,7500,ood_dev,8,4096,4091,4094,32763,32768,0.998779296875,0.997145424476127,0.9994784794090062,0.99951171875,0.9982212896544476,0.9998660854551866,0.999847412109375,0.0019907495519850826,0.00375
value_linear,7500,ood_dev,9,4096,4088,4092,36855,36864,0.998046875,0.9961504506055915,0.9990099820550408,0.9990234375,0.9974915571936952,0.9996201704329383,0.999755859375,0.0035399000321647556,0.00375
value_linear,7500,ood_dev,10,4096,4078,4082,40937,40960,0.99560546875,0.9930638103960733,0.9972183848495558,0.99658203125,0.9942706398960515,0.9979628503155791,0.9994384765625,0.008628086226387444,0.00375
value_linear,7500,ood_dev,11,4096,4073,4086,45023,45056,0.994384765625,0.991587789433178,0.9962552871049496,0.99755859375,0.9955114747539533,0.9986733104236785,0.999267578125,0.00852811347441973,0.00375
value_linear,7500,ood_dev,12,4096,4064,4079,49102,49152,0.9921875,0.9889921727170213,0.9944604901476036,0.995849609375,0.9933629968413301,0.9974070221457995,0.9989827473958334,0.014544742393091337,0.00375
value_linear,7500,ood_dev,13,4096,4047,4066,53168,53248,0.988037109375,0.9842206673133682,0.9909389919457514,0.99267578125,0.9895635962243474,0.994864714123278,0.9984975961538461,0.020800216446911213,0.00375
value_linear,7500,ood_dev,14,4096,4034,4061,57229,57344,0.98486328125,0.9806440746636242,0.9881738759559913,0.991455078125,0.9881397703182205,0.9938494213219035,0.9979945591517857,0.027581387666651302,0.00375
value_linear,7500,ood_dev,15,4096,4006,4038,61267,61440,0.97802734375,0.9730698833974413,0.9820890024601655,0.98583984375,0.9817394754367362,0.9890297701488805,0.9971842447916667,0.04557389179190907,0.00375
value_linear,7500,ood_dev,16,4096,3970,4011,65278,65536,0.96923828125,0.9634948720671381,0.9741023590964577,0.979248046875,0.974412403486461,0.9831856010786475,0.996063232421875,0.06166816911550277,0.00375
value_linear,7500,ood_dev,17,4096,3949,4005,69283,69632,0.964111328125,0.9579660236105576,0.9693869089815317,0.977783203125,0.9728018164634368,0.9818692456526698,0.9949879365808824,0.0730269995808086,0.00375
value_linear,7500,ood_dev,18,4096,3911,3978,73261,73728,0.954833984375,0.9480368065317946,0.9607788238832828,0.97119140625,0.9656108163160309,0.9758890047795674,0.9936659071180556,0.0958896489813219,0.00375
value_linear,7500,ood_dev,19,4096,3874,3967,77228,77824,0.94580078125,0.9384400580444845,0.9523260939350815,0.968505859375,0.9627028673707351,0.9734308925683598,0.9923416940789473,0.11390200216734003,0.00375
value_linear,7500,ood_dev,20,4096,3832,3936,81164,81920,0.935546875,0.9276111437221689,0.942666411114384,0.9609375,0.9545593952649127,0.9664518286876724,0.990771484375,0.1370844638253923,0.00375
value_linear,7500,ood_dev,21,4096,3788,3921,85085,86016,0.9248046875,0.9163247769466819,0.9324885332638574,0.957275390625,0.9506416766616401,0.9630521911684404,0.9891764322916666,0.16510863631220252,0.00375
value_linear,7500,ood_dev,22,4096,3741,3882,88967,90112,0.913330078125,0.9043219227972369,0.9215636715627878,0.94775390625,0.9405100178795183,0.9541587240320502,0.9872935901988636,0.18928078257663983,0.00375
value_linear,7500,ood_dev,23,4096,3688,3854,92821,94208,0.900390625,0.8908407331020064,0.9091902029585018,0.94091796875,0.9332758337542256,0.9477338433953341,0.9852772588315217,0.22699722020150337,0.00375
value_linear,7500,ood_dev,24,4096,3629,3818,96639,98304,0.885986328125,0.8758892090804093,0.8953601262315807,0.93212890625,0.9240141831674432,0.9394338392881053,0.983062744140625,0.26207757713121427,0.00375
value_linear,7500,ood_dev,25,4096,3575,3782,100421,102400,0.872802734375,0.8622483549890327,0.8826584982819405,0.92333984375,0.9147896715191604,0.931096696242377,0.980673828125,0.29316038349387963,0.00375
value_linear,7500,ood_dev,26,4096,3527,3753,104174,106496,0.861083984375,0.8501534822368317,0.8713378314421267,0.916259765625,0.9073818457534903,0.924357633504538,0.9781963641826923,0.3391285244189566,0.00375
value_linear,7500,ood_dev,27,4096,3474,3731,107905,110592,0.84814453125,0.8368281149975741,0.8588085403818678,0.910888671875,0.9017742372571839,0.9192331196878377,0.9757034866898148,0.3686554207599415,0.00375
value_linear,7500,ood_dev,28,4096,3421,3699,111604,114688,0.835205078125,0.8235304560358756,0.8462515410440499,0.903076171875,0.8936345097261459,0.9117624874908657,0.9731096540178571,0.3995842062088548,0.00375
value_linear,7500,ood_dev,29,4096,3360,3656,115260,118784,0.8203125,0.8082565055194743,0.8317682433289325,0.892578125,0.8827247749340756,0.9016958013984229,0.9703327047413793,0.43148040293772105,0.00375
value_linear,7500,ood_dev,30,4096,3306,3651,118911,122880,0.80712890625,0.7947604129980961,0.8189218538092939,0.891357421875,0.8814581130076249,0.9005233446173719,0.9677001953125,0.4582972139554822,0.00375
value_linear,7500,ood_dev,31,4096,3255,3604,122515,126976,0.794677734375,0.782034001537703,0.806769254453171,0.8798828125,0.8695692132644679,0.8894845285100144,0.9648673765120968,0.49484009257613715,0.00375
value_linear,7500,ood_dev,32,4096,3200,3579,126094,131072,0.78125,0.7683295631481669,0.7936433870601901,0.873779296875,0.863257496456122,0.8836006517808525,0.9620208740234375,0.5385300184429622,0.00375
value_linear,7500,ood_dev,33,4096,3137,3551,129645,135168,0.765869140625,0.7526556587868746,0.778584395706963,0.866943359375,0.8561975725255366,0.8770015109494291,0.9591397372159091,0.5800916971136594,0.00375
value_linear,7500,ood_dev,34,4096,3074,3514,133159,139264,0.75048828125,0.7370055844016786,0.7635015743776393,0.85791015625,0.8468822673682886,0.8682673376711657,0.9561623965992647,0.6185544489542811,0.00375
value_linear,7500,ood_dev,35,4096,3015,3469,136628,143360,0.736083984375,0.7223694383988991,0.7493561196319006,0.846923828125,0.835572480233076,0.8576250564388646,0.9530412946428571,0.6584271910259436,0.00375
value_linear,7500,ood_dev,36,4096,2961,3442,140070,147456,0.722900390625,0.7089899089520311,0.7363931670377519,0.84033203125,0.8287962055079064,0.8512300901435256,0.9499104817708334,0.7035926340986904,0.00375
value_linear,8000,dev,1,4096,4096,4096,4096,4096,1.0,0.9990630225926348,0.9999999999999999,1.0,0.9990630225926348,0.9999999999999999,1.0,2.9360831979907687e-05,0.004
value_linear,8000,dev,2,4096,4096,4096,8192,8192,1.0,0.9990630225926348,0.9999999999999999,1.0,0.9990630225926348,0.9999999999999999,1.0,2.6158550166410777e-05,0.004
value_linear,8000,dev,3,4096,4096,4096,12288,12288,1.0,0.9990630225926348,0.9999999999999999,1.0,0.9990630225926348,0.9999999999999999,1.0,3.575326188742789e-05,0.004
value_linear,8000,dev,4,4096,4096,4096,16384,16384,1.0,0.9990630225926348,0.9999999999999999,1.0,0.9990630225926348,0.9999999999999999,1.0,4.851904986202804e-05,0.004
value_linear,8000,dev,5,4096,4096,4096,20480,20480,1.0,0.9990630225926348,0.9999999999999999,1.0,0.9990630225926348,0.9999999999999999,1.0,8.356813123433504e-05,0.004
value_linear,8000,dev,6,4096,4095,4095,24575,24576,0.999755859375,0.9986182969663738,0.9999569018847606,0.999755859375,0.9986182969663738,0.9999569018847606,0.9999593098958334,0.0005582119521690965,0.004
value_linear,8000,dev,7,4096,4093,4094,28669,28672,0.999267578125,0.9978486714629491,0.9997508799051849,0.99951171875,0.9982212896544476,0.9998660854551866,0.9998953683035714,0.0018389998858018286,0.004
value_linear,8000,dev,8,4096,4093,4093,32762,32768,0.999267578125,0.9978486714629491,0.9997508799051849,0.999267578125,0.9978486714629491,0.9997508799051849,0.99981689453125,0.003143981258350026,0.004
value_linear,8000,dev,9,4096,4092,4092,36854,36864,0.9990234375,0.9974915571936952,0.9996201704329383,0.9990234375,0.9974915571936952,0.9996201704329383,0.9997287326388888,0.0044034365744803905,0.004
value_linear,8000,dev,10,4096,4082,4082,40936,40960,0.99658203125,0.9942706398960515,0.9979628503155791,0.99658203125,0.9942706398960515,0.9979628503155791,0.9994140625,0.008188904203326963,0.004
value_linear,8000,dev,11,4096,4071,4078,45014,45056,0.993896484375,0.9910051126562461,0.995862316398881,0.99560546875,0.9930638103960733,0.9972183848495558,0.9990678267045454,0.011970660376840137,0.004
value_linear,8000,dev,12,4096,4067,4081,49095,49152,0.992919921875,0.9898503448988859,0.9950657891902398,0.996337890625,0.9939662587473084,0.9977794077228217,0.99884033203125,0.012134160078304257,0.004
value_linear,8000,ood_dev,1,4096,4096,4096,4096,4096,1.0,0.9990630225926348,0.9999999999999999,1.0,0.9990630225926348,0.9999999999999999,1.0,2.993150725627558e-05,0.004
value_linear,8000,ood_dev,2,4096,4096,4096,8192,8192,1.0,0.9990630225926348,0.9999999999999999,1.0,0.9990630225926348,0.9999999999999999,1.0,2.6929424380317535e-05,0.004
value_linear,8000,ood_dev,3,4096,4096,4096,12288,12288,1.0,0.9990630225926348,0.9999999999999999,1.0,0.9990630225926348,0.9999999999999999,1.0,3.578550804439473e-05,0.004
value_linear,8000,ood_dev,4,4096,4096,4096,16384,16384,1.0,0.9990630225926348,0.9999999999999999,1.0,0.9990630225926348,0.9999999999999999,1.0,5.840412544255713e-05,0.004
value_linear,8000,ood_dev,5,4096,4096,4096,20480,20480,1.0,0.9990630225926348,0.9999999999999999,1.0,0.9990630225926348,0.9999999999999999,1.0,9.537435240392078e-05,0.004
value_linear,8000,ood_dev,6,4096,4095,4095,24575,24576,0.999755859375,0.9986182969663738,0.9999569018847606,0.999755859375,0.9986182969663738,0.9999569018847606,0.9999593098958334,0.0004066580671686637,0.004
value_linear,8000,ood_dev,7,4096,4095,4096,28671,28672,0.999755859375,0.9986182969663738,0.9999569018847606,1.0,0.9990630225926348,0.9999999999999999,0.9999651227678571,0.0007390229598098763,0.004
value_linear,8000,ood_dev,8,4096,4094,4095,32766,32768,0.99951171875,0.9982212896544476,0.9998660854551866,0.999755859375,0.9986182969663738,0.9999569018847606,0.99993896484375,0.0013300340453469284,0.004
value_linear,8000,ood_dev,9,4096,4091,4093,36859,36864,0.998779296875,0.997145424476127,0.9994784794090062,0.999267578125,0.9978486714629491,0.9997508799051849,0.9998643663194444,0.003422599000783788,0.004
value_linear,8000,ood_dev,10,4096,4086,4089,40948,40960,0.99755859375,0.9955114747539533,0.9986733104236785,0.998291015625,0.9964763422189936,0.9991719141831389,0.99970703125,0.0036515044908966843,0.004
value_linear,8000,ood_dev,11,4096,4078,4084,45032,45056,0.99560546875,0.9930638103960733,0.9972183848495558,0.9970703125,0.9948858699188933,0.9983232677757378,0.9994673295454546,0.00883927644633753,0.004
value_linear,8000,ood_dev,12,4096,4064,4073,49105,49152,0.9921875,0.9889921727170213,0.9944604901476036,0.994384765625,0.991587789433178,0.9962552871049496,0.9990437825520834,0.013572303852873113,0.004
value_linear,8000,ood_dev,13,4096,4044,4059,53164,53248,0.9873046875,0.9833908284717333,0.9903053595628853,0.990966796875,0.9875743543279273,0.993439189829196,0.9984224759615384,0.02493754619488686,0.004
value_linear,8000,ood_dev,14,4096,4015,4042,57206,57344,0.980224609375,0.9754891932191522,0.9840601063119575,0.98681640625,0.9828391999625007,0.9898813405891173,0.9975934709821429,0.03507803128866338,0.004
value_linear,8000,ood_dev,15,4096,3991,4024,61230,61440,0.974365234375,0.9690626764666648,0.9787788532684374,0.982421875,0.9779220041441211,0.9860177090604912,0.99658203125,0.05301500714551988,0.004
value_linear,8000,ood_dev,16,4096,3964,4003,65233,65536,0.9677734375,0.9619116249533165,0.9727586637612774,0.977294921875,0.9722661011607102,0.9814293134723958,0.9953765869140625,0.07311617418098737,0.004
value_linear,8000,ood_dev,17,4096,3929,3980,69213,69632,0.959228515625,0.9527294929498811,0.9648669648122019,0.9716796875,0.9661407428071721,0.9763347257714267,0.9939826516544118,0.09507980666909066,0.004
value_linear,8000,ood_dev,18,4096,3906,3977,73190,73728,0.95361328125,0.946736292289229,0.959640219418347,0.970947265625,0.9653459981138298,0.975665999240268,0.9927029079861112,0.10604638618209494,0.004
value_linear,8000,ood_dev,19,4096,3868,3941,77131,77824,0.9443359375,0.9368892357284203,0.9509499738021437,0.962158203125,0.9558683230202784,0.9675820196398083,0.9910952919407895,0.12579046623683954,0.004
value_linear,8000,ood_dev,20,4096,3828,3923,81054,81920,0.9345703125,0.9265828466235786,0.9417434132469731,0.957763671875,0.951163293350015,0.9635062219630662,0.9894287109375,0.14773752014003272,0.004
value_linear,8000,ood_dev,21,4096,3775,3896,84950,86016,0.921630859375,0.9129998108302356,0.9294717907407996,0.951171875,0.9441388702045643,0.9573594040880085,0.9876069568452381,0.17371825065509272,0.004
value_linear,8000,ood_dev,22,4096,3724,3861,88811,90112,0.9091796875,0.8999920309339198,0.9176005598205996,0.942626953125,0.9350816513041342,0.9493427920359276,0.9855624112215909,0.19985279886826235,0.004
value_linear,8000,ood_dev,23,4096,3676,3836,92647,94208,0.8974609375,0.8877953102002933,0.9063817409622112,0.9365234375,0.9286399311008992,0.943588918701655,0.9834302819293478,0.23544725177207626,0.004
value_linear,8000,ood_dev,24,4096,3620,3790,96437,98304,0.8837890625,0.8736130218885932,0.8932458997498941,0.92529296875,0.9168366756670765,0.9329522820264635,0.9810078938802084,0.2876279997721476,0.004
value_linear,8000,ood_dev,25,4096,3563,3771,100208,102400,0.869873046875,0.8592221035644358,0.8798308648085338,0.920654296875,0.9119775502306317,0.9285427563744023,0.97859375,0.3107292176505765,0.004
value_linear,8000,ood_dev,26,4096,3501,3721,103929,106496,0.854736328125,0.8436128595565577,0.8651950368433927,0.908447265625,0.899228516897034,0.9169006026329847,0.9758958082932693,0.34764194117131375,0.004
value_linear,8000,ood_dev,27,4096,3442,3690,107619,110592,0.84033203125,0.8287962055079064,0.8512300901435256,0.90087890625,0.891348537986598,0.909658045556911,0.9731174045138888,0.3787574804693332,0.004
value_linear,8000,ood_dev,28,4096,3390,3668,111287,114688,0.82763671875,0.8157643517817602,0.8388951093116558,0.8955078125,0.8857663367312384,0.9045081244992638,0.9703456333705357,0.4217691339868749,0.004
value_linear,8000,ood_dev,29,4096,3332,3619,114906,118784,0.8134765625,0.8012557240168637,0.8251099600695343,0.883544921875,0.8733601817939964,0.8930109161029904,0.967352505387931,0.4683877042414367,0.004
value_linear,8000,ood_dev,30,4096,3278,3596,118502,122880,0.80029296875,0.7877710630649415,0.8122521389804398,0.8779296875,0.8675485889086534,0.8876025629338264,0.9643717447916667,0.5092057748242734,0.004
value_linear,8000,ood_dev,31,4096,3225,3579,122081,126976,0.787353515625,0.7745563548344684,0.7996121889113964,0.873779296875,0.863257496456122,0.8836006517808525,0.9614494077620968,0.5457855295697617,0.004
value_linear,8000,ood_dev,32,4096,3175,3552,125633,131072,0.775146484375,0.7621068009163776,0.7876705557544716,0.8671875,0.856449552257726,0.8772373549587402,0.9585037231445312,0.584106266535571,0.004
value_linear,8000,ood_dev,33,4096,3120,3533,129166,135168,0.76171875,0.7484303424468323,0.7745167084415,0.862548828125,0.8516638974389052,0.8727543586890549,0.9555959990530303,0.6392947742563614,0.004
value_linear,8000,ood_dev,34,4096,3042,3456,132622,139264,0.74267578125,0.7290649763203512,0.7558318227309568,0.84375,0.8323089646819845,0.8545468633504519,0.9523064108455882,0.6912679412960276,0.004
value_linear,8000,ood_dev,35,4096,2981,3429,136051,143360,0.727783203125,0.7139435266726775,0.7411960241471118,0.837158203125,0.8255359841512442,0.8481486028606839,0.9490164620535714,0.7473549733180371,0.004
value_linear,8000,ood_dev,36,4096,2929,3412,139463,147456,0.715087890625,0.7010683348230389,0.7287043814387342,0.8330078125,0.8212749184517544,0.8441166649546684,0.9457939995659722,0.797265946113465,0.004
value_linear,8500,dev,1,4096,4096,4096,4096,4096,1.0,0.9990630225926348,0.9999999999999999,1.0,0.9990630225926348,0.9999999999999999,1.0,2.7253786481273856e-05,0.00425
value_linear,8500,dev,2,4096,4096,4096,8192,8192,1.0,0.9990630225926348,0.9999999999999999,1.0,0.9990630225926348,0.9999999999999999,1.0,2.186916646107484e-05,0.00425
value_linear,8500,dev,3,4096,4096,4096,12288,12288,1.0,0.9990630225926348,0.9999999999999999,1.0,0.9990630225926348,0.9999999999999999,1.0,2.8114245775090474e-05,0.00425
value_linear,8500,dev,4,4096,4096,4096,16384,16384,1.0,0.9990630225926348,0.9999999999999999,1.0,0.9990630225926348,0.9999999999999999,1.0,3.7635861734774956e-05,0.00425
value_linear,8500,dev,5,4096,4096,4096,20480,20480,1.0,0.9990630225926348,0.9999999999999999,1.0,0.9990630225926348,0.9999999999999999,1.0,5.568060190330737e-05,0.00425
value_linear,8500,dev,6,4096,4096,4096,24576,24576,1.0,0.9990630225926348,0.9999999999999999,1.0,0.9990630225926348,0.9999999999999999,1.0,9.550439346828199e-05,0.00425
value_linear,8500,dev,7,4096,4095,4095,28671,28672,0.999755859375,0.9986182969663738,0.9999569018847606,0.999755859375,0.9986182969663738,0.9999569018847606,0.9999651227678571,0.0006020906612126398,0.00425
value_linear,8500,dev,8,4096,4095,4096,32767,32768,0.999755859375,0.9986182969663738,0.9999569018847606,1.0,0.9990630225926348,0.9999999999999999,0.999969482421875,0.0006056159115995774,0.00425
value_linear,8500,dev,9,4096,4094,4094,36861,36864,0.99951171875,0.9982212896544476,0.9998660854551866,0.99951171875,0.9982212896544476,0.9998660854551866,0.9999186197916666,0.0024104093063498366,0.00425
value_linear,8500,dev,10,4096,4090,4091,40952,40960,0.99853515625,0.9968075986857966,0.9993284814578364,0.998779296875,0.997145424476127,0.9994784794090062,0.9998046875,0.0030893524970802,0.00425
value_linear,8500,dev,11,4096,4081,4085,45037,45056,0.996337890625,0.9939662587473084,0.9977794077228217,0.997314453125,0.9951972177470491,0.9984997436890822,0.9995783025568182,0.006716739845599395,0.00425
value_linear,8500,dev,12,4096,4069,4080,49117,49152,0.993408203125,0.9904260923610462,0.9954656892110803,0.99609375,0.9936637657680687,0.9975940769605611,0.9992879231770834,0.010731326339466607,0.00425
value_linear,8500,ood_dev,1,4096,4096,4096,4096,4096,1.0,0.9990630225926348,0.9999999999999999,1.0,0.9990630225926348,0.9999999999999999,1.0,2.7202558675609723e-05,0.00425
value_linear,8500,ood_dev,2,4096,4096,4096,8192,8192,1.0,0.9990630225926348,0.9999999999999999,1.0,0.9990630225926348,0.9999999999999999,1.0,2.1189661769449586e-05,0.00425
value_linear,8500,ood_dev,3,4096,4096,4096,12288,12288,1.0,0.9990630225926348,0.9999999999999999,1.0,0.9990630225926348,0.9999999999999999,1.0,2.8965650366141737e-05,0.00425
value_linear,8500,ood_dev,4,4096,4096,4096,16384,16384,1.0,0.9990630225926348,0.9999999999999999,1.0,0.9990630225926348,0.9999999999999999,1.0,3.8174354156428336e-05,0.00425
value_linear,8500,ood_dev,5,4096,4096,4096,20480,20480,1.0,0.9990630225926348,0.9999999999999999,1.0,0.9990630225926348,0.9999999999999999,1.0,0.00014902959198814791,0.00425
value_linear,8500,ood_dev,6,4096,4096,4096,24576,24576,1.0,0.9990630225926348,0.9999999999999999,1.0,0.9990630225926348,0.9999999999999999,1.0,0.00023056008744837264,0.00425
value_linear,8500,ood_dev,7,4096,4096,4096,28672,28672,1.0,0.9990630225926348,0.9999999999999999,1.0,0.9990630225926348,0.9999999999999999,1.0,0.0004570564347354811,0.00425
value_linear,8500,ood_dev,8,4096,4095,4095,32767,32768,0.999755859375,0.9986182969663738,0.9999569018847606,0.999755859375,0.9986182969663738,0.9999569018847606,0.999969482421875,0.0010556787952786806,0.00425
value_linear,8500,ood_dev,9,4096,4092,4093,36860,36864,0.9990234375,0.9974915571936952,0.9996201704329383,0.999267578125,0.9978486714629491,0.9997508799051849,0.9998914930555556,0.0021679289796342482,0.00425
value_linear,8500,ood_dev,10,4096,4090,4092,40952,40960,0.99853515625,0.9968075986857966,0.9993284814578364,0.9990234375,0.9974915571936952,0.9996201704329383,0.9998046875,0.0025092925399937682,0.00425
value_linear,8500,ood_dev,11,4096,4082,4086,45038,45056,0.99658203125,0.9942706398960515,0.9979628503155791,0.99755859375,0.9955114747539533,0.9986733104236785,0.9996004971590909,0.007159356463741551,0.00425
value_linear,8500,ood_dev,12,4096,4075,4081,49119,49152,0.994873046875,0.9921745882319427,0.9966441357891856,0.996337890625,0.9939662587473084,0.9977794077228217,0.99932861328125,0.010709178132456643,0.00425
value_linear,8500,ood_dev,13,4096,4065,4075,53194,53248,0.992431640625,0.9892775496501616,0.9946629369559636,0.994873046875,0.9921745882319427,0.9966441357891856,0.9989858774038461,0.01577540011579892,0.00425
value_linear,8500,ood_dev,14,4096,4049,4061,57255,57344,0.988525390625,0.9847756016627256,0.9913597050793945,0.991455078125,0.9881397703182205,0.9938494213219035,0.9984479631696429,0.02658025075888326,0.00425
value_linear,8500,ood_dev,15,4096,4035,4057,61312,61440,0.985107421875,0.9809175425035267,0.9883882318575893,0.990478515625,0.9870110133784079,0.9930268832957149,0.9979166666666667,0.03352717328851629,0.00425
value_linear,8500,ood_dev,16,4096,4006,4033,65345,65536,0.97802734375,0.9730698833974413,0.9820890024601655,0.984619140625,0.9803708517550201,0.9879592751230951,0.9970855712890625,0.047800833137641385,0.00425
value_linear,8500,ood_dev,17,4096,3986,4025,69370,69632,0.97314453125,0.9677329319802243,0.9776694790473764,0.982666015625,0.9781932525333582,0.9862342844127546,0.9962373621323529,0.05907618727130903,0.00425
value_linear,8500,ood_dev,18,4096,3958,4004,73374,73728,0.96630859375,0.960331329020896,0.971412017244696,0.9775390625,0.9725338897863597,0.9816493485882466,0.9951985677083334,0.07232566179913302,0.00425
value_linear,8500,ood_dev,19,4096,3915,3977,77351,77824,0.955810546875,0.9490781255019948,0.9616887998790838,0.970947265625,0.9653459981138298,0.975665999240268,0.9939221833881579,0.0952094127615909,0.00425
value_linear,8500,ood_dev,20,4096,3878,3955,81306,81920,0.94677734375,0.9394747174237471,0.9532427295218201,0.965576171875,0.9595422298231,0.970737645217991,0.9925048828125,0.11890590073989526,0.00425
value_linear,8500,ood_dev,21,4096,3834,3926,85232,86016,0.93603515625,0.9281254754775315,0.9431277268420221,0.95849609375,0.9519461365874095,0.9641868499501726,0.9908854166666666,0.13608701170609494,0.00425
value_linear,8500,ood_dev,22,4096,3796,3907,89139,90112,0.9267578125,0.9183729750294912,0.9343429251130505,0.953857421875,0.9469962963333816,0.9598680391156946,0.9892023259943182,0.1672976366049841,0.00425
value_linear,8500,ood_dev,23,4096,3746,3870,93009,94208,0.91455078125,0.9055965258076344,0.9227281872598918,0.94482421875,0.9374060235316193,0.9514088334819455,0.9872728430706522,0.19447362907797205,0.00425
value_linear,8500,ood_dev,24,4096,3703,3864,96873,98304,0.904052734375,0.8946509509932163,0.9126973411897967,0.943359375,0.9358561096520154,0.9500318049125475,0.985443115234375,0.21061937227241545,0.00425
value_linear,8500,ood_dev,25,4096,3659,3826,100699,102400,0.893310546875,0.8834849554963446,0.9023990920606546,0.93408203125,0.9260688787441457,0.9412817336434055,0.983388671875,0.23602931821863482,0.00425
value_linear,8500,ood_dev,26,4096,3603,3798,104497,106496,0.879638671875,0.8693165892508347,0.8892493287821474,0.92724609375,0.9188852789498749,0.9348062686756675,0.9812293419471154,0.2718476690769138,0.00425
value_linear,8500,ood_dev,27,4096,3542,3752,108249,110592,0.86474609375,0.8539302742900043,0.8748783955114587,0.916015625,0.9071267365958561,0.9241249189206721,0.9788140190972222,0.31220626023201425,0.00425
value_linear,8500,ood_dev,28,4096,3484,3738,111987,114688,0.8505859375,0.8393401254338057,0.8611747673606395,0.91259765625,0.9035574064163541,0.9208647167191697,0.9764491489955357,0.3379371156086859,0.00425
value_linear,8500,ood_dev,29,4096,3427,3700,115687,118784,0.836669921875,0.8250345481893915,0.8476743913395359,0.9033203125,0.8938885935671609,0.9119962273913512,0.9739274649784483,0.3718062107432383,0.00425
value_linear,8500,ood_dev,30,4096,3365,3672,119359,122880,0.821533203125,0.8095073008667827,0.8329565666891255,0.896484375,0.8867806948121609,0.9054450613843424,0.9713460286458333,0.4057902547707831,0.00425
value_linear,8500,ood_dev,31,4096,3296,3622,122981,126976,0.8046875,0.7922635613269862,0.8165404680654007,0.88427734375,0.8741187435662403,0.8937158255552475,0.968537361391129,0.4533218741199775,0.00425
value_linear,8500,ood_dev,32,4096,3233,3591,126572,131072,0.789306640625,0.7765497994844441,0.8015213341934231,0.876708984375,0.8662861211444994,0.8864259119904789,0.965667724609375,0.5118538438723559,0.00425
value_linear,8500,ood_dev,33,4096,3185,3554,130126,135168,0.777587890625,0.7645954299535052,0.7900601641323473,0.86767578125,0.8569535466679127,0.877709008031554,0.962698271780303,0.5402444710081657,0.00425
value_linear,8500,ood_dev,34,4096,3134,3554,133680,139264,0.76513671875,0.7519098896658064,0.7778666936035302,0.86767578125,0.8569535466679127,0.877709008031554,0.9599034926470589,0.5719049457734338,0.00425
value_linear,8500,ood_dev,35,4096,3077,3498,137178,143360,0.751220703125,0.7377503087828058,0.7642203212210131,0.85400390625,0.8428586322184356,0.8644857929570139,0.9568777901785714,0.635036886697141,0.00425
value_linear,8500,ood_dev,36,4096,3026,3490,140668,147456,0.73876953125,0.7250967766096773,0.7519948425776258,0.85205078125,0.8408478125539957,0.8625940226894514,0.9539659288194444,0.6673654919479112,0.00425
value_linear,9000,dev,1,4096,4096,4096,4096,4096,1.0,0.9990630225926348,0.9999999999999999,1.0,0.9990630225926348,0.9999999999999999,1.0,1.9625681186186128e-05,0.0045000000000000005
value_linear,9000,dev,2,4096,4096,4096,8192,8192,1.0,0.9990630225926348,0.9999999999999999,1.0,0.9990630225926348,0.9999999999999999,1.0,1.8279134039289602e-05,0.0045000000000000005
value_linear,9000,dev,3,4096,4096,4096,12288,12288,1.0,0.9990630225926348,0.9999999999999999,1.0,0.9990630225926348,0.9999999999999999,1.0,2.4906415335479437e-05,0.0045000000000000005
value_linear,9000,dev,4,4096,4096,4096,16384,16384,1.0,0.9990630225926348,0.9999999999999999,1.0,0.9990630225926348,0.9999999999999999,1.0,3.9756451798655945e-05,0.0045000000000000005
value_linear,9000,dev,5,4096,4096,4096,20480,20480,1.0,0.9990630225926348,0.9999999999999999,1.0,0.9990630225926348,0.9999999999999999,1.0,7.642530561946526e-05,0.0045000000000000005
value_linear,9000,dev,6,4096,4096,4096,24576,24576,1.0,0.9990630225926348,0.9999999999999999,1.0,0.9990630225926348,0.9999999999999999,1.0,0.00015703077578865798,0.0045000000000000005
value_linear,9000,dev,7,4096,4096,4096,28672,28672,1.0,0.9990630225926348,0.9999999999999999,1.0,0.9990630225926348,0.9999999999999999,1.0,0.0004779317759386892,0.0045000000000000005
value_linear,9000,dev,8,4096,4095,4095,32767,32768,0.999755859375,0.9986182969663738,0.9999569018847606,0.999755859375,0.9986182969663738,0.9999569018847606,0.999969482421875,0.0008596441690019718,0.0045000000000000005
value_linear,9000,dev,9,4096,4092,4092,36859,36864,0.9990234375,0.9974915571936952,0.9996201704329383,0.9990234375,0.9974915571936952,0.9996201704329383,0.9998643663194444,0.0030525505682008625,0.0045000000000000005
value_linear,9000,dev,10,4096,4090,4092,40951,40960,0.99853515625,0.9968075986857966,0.9993284814578364,0.9990234375,0.9974915571936952,0.9996201704329383,0.9997802734375,0.004120794919914461,0.0045000000000000005
value_linear,9000,dev,11,4096,4081,4083,45034,45056,0.996337890625,0.9939662587473084,0.9977794077228217,0.996826171875,0.9945771012522003,0.9981442127009305,0.99951171875,0.010378329523517471,0.0045000000000000005
value_linear,9000,dev,12,4096,4069,4075,49109,49152,0.993408203125,0.9904260923610462,0.9954656892110803,0.994873046875,0.9921745882319427,0.9966441357891856,0.9991251627604166,0.013575502794031413,0.0045000000000000005
value_linear,9000,ood_dev,1,4096,4096,4096,4096,4096,1.0,0.9990630225926348,0.9999999999999999,1.0,0.9990630225926348,0.9999999999999999,1.0,1.9862056042763143e-05,0.0045000000000000005
value_linear,9000,ood_dev,2,4096,4096,4096,8192,8192,1.0,0.9990630225926348,0.9999999999999999,1.0,0.9990630225926348,0.9999999999999999,1.0,1.8506300495935157e-05,0.0045000000000000005
value_linear,9000,ood_dev,3,4096,4096,4096,12288,12288,1.0,0.9990630225926348,0.9999999999999999,1.0,0.9990630225926348,0.9999999999999999,1.0,2.6038823463636618e-05,0.0045000000000000005
value_linear,9000,ood_dev,4,4096,4096,4096,16384,16384,1.0,0.9990630225926348,0.9999999999999999,1.0,0.9990630225926348,0.9999999999999999,1.0,5.107521261538128e-05,0.0045000000000000005
value_linear,9000,ood_dev,5,4096,4096,4096,20480,20480,1.0,0.9990630225926348,0.9999999999999999,1.0,0.9990630225926348,0.9999999999999999,1.0,0.00015462602721272312,0.0045000000000000005
value_linear,9000,ood_dev,6,4096,4095,4095,24575,24576,0.999755859375,0.9986182969663738,0.9999569018847606,0.999755859375,0.9986182969663738,0.9999569018847606,0.9999593098958334,0.0003299465566353188,0.0045000000000000005
value_linear,9000,ood_dev,7,4096,4095,4095,28670,28672,0.999755859375,0.9986182969663738,0.9999569018847606,0.999755859375,0.9986182969663738,0.9999569018847606,0.9999302455357143,0.0018175687101110727,0.0045000000000000005
value_linear,9000,ood_dev,8,4096,4094,4094,32764,32768,0.99951171875,0.9982212896544476,0.9998660854551866,0.99951171875,0.9982212896544476,0.9998660854551866,0.9998779296875,0.0019227729501226642,0.0045000000000000005
value_linear,9000,ood_dev,9,4096,4091,4092,36856,36864,0.998779296875,0.997145424476127,0.9994784794090062,0.9990234375,0.9974915571936952,0.9996201704329383,0.9997829861111112,0.00284263241157956,0.0045000000000000005
value_linear,9000,ood_dev,10,4096,4081,4082,40938,40960,0.996337890625,0.9939662587473084,0.9977794077228217,0.99658203125,0.9942706398960515,0.9979628503155791,0.999462890625,0.006699057062884206,0.0045000000000000005
value_linear,9000,ood_dev,11,4096,4070,4076,45014,45056,0.99365234375,0.99071517109395,0.9956644342196767,0.9951171875,0.9924697076331114,0.9968368401295172,0.9990678267045454,0.011700764373646089,0.0045000000000000005
value_linear,9000,ood_dev,12,4096,4063,4073,49087,49152,0.991943359375,0.9887074354065306,0.9942574037165939,0.994384765625,0.991587789433178,0.9962552871049496,0.9986775716145834,0.014930889582418283,0.0045000000000000005
value_linear,9000,ood_dev,13,4096,4052,4066,53153,53248,0.9892578125,0.9856107816089336,0.9919879963576875,0.99267578125,0.9895635962243474,0.994864714123278,0.9982158954326923,0.02371002763383645,0.0045000000000000005
value_linear,9000,ood_dev,14,4096,4025,4045,57198,57344,0.982666015625,0.9781932525333582,0.9862342844127546,0.987548828125,0.9836671128801424,0.9905168988959765,0.9974539620535714,0.03547589351243152,0.0045000000000000005
value_linear,9000,ood_dev,15,4096,4003,4032,61230,61440,0.977294921875,0.9722661011607102,0.9814293134723958,0.984375,0.9800978681444444,0.9877444349921706,0.99658203125,0.04276375655817943,0.0045000000000000005
value_linear,9000,ood_dev,16,4096,3982,4030,65260,65536,0.97216796875,0.9666710641443907,0.9767800519172087,0.98388671875,0.9795525973497291,0.9873140583038852,0.99578857421875,0.05587594179450894,0.0045000000000000005
value_linear,9000,ood_dev,17,4096,3944,4006,69266,69632,0.962890625,0.9566544557025598,0.9682593581820278,0.97802734375,0.9730698833974413,0.9820890024601655,0.9947437959558824,0.07236555698001179,0.0045000000000000005
value_linear,9000,ood_dev,18,4096,3903,3982,73248,73728,0.952880859375,0.9459565706946147,0.9589564697884603,0.97216796875,0.9666710641443907,0.9767800519172087,0.9934895833333334,0.09086013914211888,0.0045000000000000005
value_linear,9000,ood_dev,19,4096,3861,3956,77204,77824,0.942626953125,0.9350816513041342,0.9493427920359276,0.9658203125,0.9598051873478303,0.9709625114347612,0.9920333059210527,0.11268966490286147,0.0045000000000000005
value_linear,9000,ood_dev,20,4096,3819,3933,81137,81920,0.932373046875,0.9242709187774049,0.9396649274196441,0.960205078125,0.9537747892075905,0.9657729635204937,0.99044189453125,0.13784604590502814,0.0045000000000000005
value_linear,9000,ood_dev,21,4096,3783,3908,85045,86016,0.923583984375,0.915045461521617,0.9313287299814208,0.9541015625,0.947256349406498,0.9600958097840784,0.9887114025297619,0.173678561103492,0.0045000000000000005
value_linear,9000,ood_dev,22,4096,3738,3871,88916,90112,0.91259765625,0.9035574064163541,0.9208647167191697,0.945068359375,0.9376644744381794,0.9516382063168857,0.9867276278409091,0.197518994169809,0.0045000000000000005
value_linear,9000,ood_dev,23,4096,3673,3826,92742,94208,0.896728515625,0.8870343244109669,0.9056792555270368,0.93408203125,0.9260688787441457,0.9412817336434055,0.9844386888586957,0.22912063882380795,0.0045000000000000005
value_linear,9000,ood_dev,24,4096,3629,3817,96559,98304,0.885986328125,0.8758892090804093,0.8953601262315807,0.931884765625,0.9237574760767748,0.9392027226372734,0.9822489420572916,0.25364397107224623,0.0045000000000000005
value_linear,9000,ood_dev,25,4096,3582,3796,100355,102400,0.87451171875,0.864014482855838,0.8843071366056374,0.9267578125,0.9183729750294912,0.9343429251130505,0.980029296875,0.27898943679129495,0.0045000000000000005
value_linear,9000,ood_dev,26,4096,3522,3763,104118,106496,0.85986328125,0.8488951055782347,0.8701570893932221,0.918701171875,0.9099341270902004,0.9266835895828311,0.9776705228365384,0.3085932522711037,0.0045000000000000005
value_linear,9000,ood_dev,27,4096,3483,3743,107861,110592,0.850341796875,0.8390888795213388,0.8609381895316061,0.913818359375,0.9048317022533956,0.9220295395896299,0.9753056278935185,0.339225721498961,0.0045000000000000005
value_linear,9000,ood_dev,28,4096,3426,3701,111562,114688,0.83642578125,0.8247838437321071,0.84743727205532,0.903564453125,0.894142695018886,0.9122299496811264,0.9727434430803571,0.3897298854171598,0.0045000000000000005
value_linear,9000,ood_dev,29,4096,3375,3674,115236,118784,0.823974609375,0.8120095013916573,0.8353326035792541,0.89697265625,0.8872879701414506,0.9059134335380535,0.9701306573275862,0.4134766524804091,0.0045000000000000005
value_linear,9000,ood_dev,30,4096,3333,3669,118905,122880,0.813720703125,0.8015056463812547,0.8253478614466436,0.895751953125,0.886019902303846,0.9047423826681564,0.9676513671875,0.4423051888427061,0.0045000000000000005
value_linear,9000,ood_dev,31,4096,3280,3637,122542,126976,0.80078125,0.7882701144567107,0.8127287350716711,0.887939453125,0.8779134489616865,0.8972384762823059,0.9650800151209677,0.4868764807690379,0.0045000000000000005
value_linear,9000,ood_dev,32,4096,3216,3587,126129,131072,0.78515625,0.7723142379078591,0.797463892164503,0.875732421875,0.8652763775266004,0.8854843606423766,0.9622879028320312,0.5409263241387815,0.0045000000000000005
value_linear,9000,ood_dev,33,4096,3151,3537,129666,135168,0.769287109375,0.7561366313321539,0.781932955542688,0.863525390625,0.8526710634916235,0.8736984876023381,0.9592950994318182,0.5955307546289689,0.0045000000000000005
value_linear,9000,ood_dev,34,4096,3100,3506,133172,139264,0.7568359375,0.7434615592533041,0.7697290168050218,0.85595703125,0.8448701134327965,0.8663769016746554,0.9562557444852942,0.6411521970952284,0.0045000000000000005
value_linear,9000,ood_dev,35,4096,3035,3452,136624,143360,0.740966796875,0.7273287184125798,0.754153314448226,0.8427734375,0.831305131191705,0.8535994018747302,0.9530133928571428,0.7248424690084311,0.0045000000000000005
value_linear,9000,ood_dev,36,4096,2971,3414,140038,147456,0.725341796875,0.7114664616611168,0.7387948517436693,0.83349609375,0.8217760872138762,0.8445911436755471,0.9496934678819444,0.7609868101880878,0.0045000000000000005
value_linear,9500,dev,1,4096,4096,4096,4096,4096,1.0,0.9990630225926348,0.9999999999999999,1.0,0.9990630225926348,0.9999999999999999,1.0,1.9423060490630917e-05,0.00475
value_linear,9500,dev,2,4096,4096,4096,8192,8192,1.0,0.9990630225926348,0.9999999999999999,1.0,0.9990630225926348,0.9999999999999999,1.0,1.7015546600718245e-05,0.00475
value_linear,9500,dev,3,4096,4096,4096,12288,12288,1.0,0.9990630225926348,0.9999999999999999,1.0,0.9990630225926348,0.9999999999999999,1.0,2.2751353053518386e-05,0.00475
value_linear,9500,dev,4,4096,4096,4096,16384,16384,1.0,0.9990630225926348,0.9999999999999999,1.0,0.9990630225926348,0.9999999999999999,1.0,2.6904455465603938e-05,0.00475
value_linear,9500,dev,5,4096,4096,4096,20480,20480,1.0,0.9990630225926348,0.9999999999999999,1.0,0.9990630225926348,0.9999999999999999,1.0,4.469337650903071e-05,0.00475
value_linear,9500,dev,6,4096,4096,4096,24576,24576,1.0,0.9990630225926348,0.9999999999999999,1.0,0.9990630225926348,0.9999999999999999,1.0,7.937740442665042e-05,0.00475
value_linear,9500,dev,7,4096,4096,4096,28672,28672,1.0,0.9990630225926348,0.9999999999999999,1.0,0.9990630225926348,0.9999999999999999,1.0,0.0001310428996914581,0.00475
value_linear,9500,dev,8,4096,4096,4096,32768,32768,1.0,0.9990630225926348,0.9999999999999999,1.0,0.9990630225926348,0.9999999999999999,1.0,0.00032409579771941477,0.00475
value_linear,9500,dev,9,4096,4095,4095,36863,36864,0.999755859375,0.9986182969663738,0.9999569018847606,0.999755859375,0.9986182969663738,0.9999569018847606,0.9999728732638888,0.0009771419115743862,0.00475
value_linear,9500,dev,10,4096,4093,4094,40957,40960,0.999267578125,0.9978486714629491,0.9997508799051849,0.99951171875,0.9982212896544476,0.9998660854551866,0.9999267578125,0.002529007095081859,0.00475
value_linear,9500,dev,11,4096,4090,4092,45049,45056,0.99853515625,0.9968075986857966,0.9993284814578364,0.9990234375,0.9974915571936952,0.9996201704329383,0.9998446377840909,0.0031814438698292147,0.00475
value_linear,9500,dev,12,4096,4083,4088,49137,49152,0.996826171875,0.9945771012522003,0.9981442127009305,0.998046875,0.9961504506055915,0.9990099820550408,0.99969482421875,0.005220232302751815,0.00475
value_linear,9500,ood_dev,1,4096,4096,4096,4096,4096,1.0,0.9990630225926348,0.9999999999999999,1.0,0.9990630225926348,0.9999999999999999,1.0,1.971227251085228e-05,0.00475
value_linear,9500,ood_dev,2,4096,4096,4096,8192,8192,1.0,0.9990630225926348,0.9999999999999999,1.0,0.9990630225926348,0.9999999999999999,1.0,1.769273225349366e-05,0.00475
value_linear,9500,ood_dev,3,4096,4096,4096,12288,12288,1.0,0.9990630225926348,0.9999999999999999,1.0,0.9990630225926348,0.9999999999999999,1.0,2.1294624743206647e-05,0.00475
value_linear,9500,ood_dev,4,4096,4096,4096,16384,16384,1.0,0.9990630225926348,0.9999999999999999,1.0,0.9990630225926348,0.9999999999999999,1.0,3.015751195056815e-05,0.00475
value_linear,9500,ood_dev,5,4096,4096,4096,20480,20480,1.0,0.9990630225926348,0.9999999999999999,1.0,0.9990630225926348,0.9999999999999999,1.0,4.4776525086276386e-05,0.00475
value_linear,9500,ood_dev,6,4096,4096,4096,24576,24576,1.0,0.9990630225926348,0.9999999999999999,1.0,0.9990630225926348,0.9999999999999999,1.0,0.00013505080279507808,0.00475
value_linear,9500,ood_dev,7,4096,4095,4095,28671,28672,0.999755859375,0.9986182969663738,0.9999569018847606,0.999755859375,0.9986182969663738,0.9999569018847606,0.9999651227678571,0.00038460588462574385,0.00475
value_linear,9500,ood_dev,8,4096,4093,4093,32764,32768,0.999267578125,0.9978486714629491,0.9997508799051849,0.999267578125,0.9978486714629491,0.9997508799051849,0.9998779296875,0.0009926253666866502,0.00475
value_linear,9500,ood_dev,9,4096,4092,4094,36858,36864,0.9990234375,0.9974915571936952,0.9996201704329383,0.99951171875,0.9982212896544476,0.9998660854551866,0.9998372395833334,0.0012127005454809492,0.00475
value_linear,9500,ood_dev,10,4096,4090,4091,40949,40960,0.99853515625,0.9968075986857966,0.9993284814578364,0.998779296875,0.997145424476127,0.9994784794090062,0.9997314453125,0.003590210842069008,0.00475
value_linear,9500,ood_dev,11,4096,4087,4090,45039,45056,0.997802734375,0.9958290482073086,0.9988435607118235,0.99853515625,0.9968075986857966,0.9993284814578364,0.9996226917613636,0.004192955406008614,0.00475
value_linear,9500,ood_dev,12,4096,4078,4086,49125,49152,0.99560546875,0.9930638103960733,0.9972183848495558,0.99755859375,0.9955114747539533,0.9986733104236785,0.99945068359375,0.006155014053478958,0.00475
value_linear,9500,ood_dev,13,4096,4070,4082,53207,53248,0.99365234375,0.99071517109395,0.9956644342196767,0.99658203125,0.9942706398960515,0.9979628503155791,0.9992300180288461,0.01021131727986857,0.00475
value_linear,9500,ood_dev,14,4096,4055,4068,57275,57344,0.989990234375,0.9864495949105299,0.9926126542805922,0.9931640625,0.9901378308615215,0.9952661269691047,0.9987967354910714,0.01630450592925059,0.00475
value_linear,9500,ood_dev,15,4096,4039,4064,61339,61440,0.986083984375,0.9820139840883064,0.9892430852388108,0.9921875,0.9889921727170213,0.9944604901476036,0.9983561197916667,0.02178757064170278,0.00475
value_linear,9500,ood_dev,16,4096,4024,4056,65395,65536,0.982421875,0.9779220041441211,0.9860177090604912,0.990234375,0.9867300726317991,0.9928200003008232,0.9978485107421875,0.026521398831225285,0.00475
value_linear,9500,ood_dev,17,4096,4008,4045,69440,69632,0.978515625,0.973606447163245,0.9825280861773625,0.987548828125,0.9836671128801424,0.9905168988959765,0.9972426470588235,0.03453403843399794,0.00475
value_linear,9500,ood_dev,18,4096,3985,4033,73473,73728,0.972900390625,0.9674673085801575,0.977447278705943,0.984619140625,0.9803708517550201,0.9879592751230951,0.9965413411458334,0.04597997065023729,0.00475
value_linear,9500,ood_dev,19,4096,3966,4026,77499,77824,0.96826171875,0.9624390364554394,0.973206899742155,0.98291015625,0.9784647020408669,0.9864506586467462,0.9958239103618421,0.05349450165034597,0.00475
value_linear,9500,ood_dev,20,4096,3931,4005,81504,81920,0.959716796875,0.9532520220922961,0.9653200831527876,0.977783203125,0.9728018164634368,0.9818692456526698,0.994921875,0.0693698308185492,0.00475
value_linear,9500,ood_dev,21,4096,3904,3990,85494,86016,0.953125,0.9462164298287505,0.9591844343958247,0.97412109375,0.9687965056840521,0.9785572003095498,0.9939313616071429,0.08213589571137014,0.00475
value_linear,9500,ood_dev,22,4096,3877,3980,89474,90112,0.946533203125,0.9392159931236856,0.9530136300803813,0.9716796875,0.9661407428071721,0.9763347257714267,0.992919921875,0.09521676858180295,0.00475
value_linear,9500,ood_dev,23,4096,3843,3969,93443,94208,0.938232421875,0.9304415206592828,0.9452020953337735,0.968994140625,0.9632307842127183,0.973878623209377,0.9918796705163043,0.10619567401867758,0.00475
value_linear,9500,ood_dev,24,4096,3794,3917,97360,98304,0.92626953125,0.9178607737962339,0.9338794788633074,0.956298828125,0.9495990962030896,0.9621434766609898,0.9903971354166666,0.13783991902732307,0.00475
value_linear,9500,ood_dev,25,4096,3749,3897,101257,102400,0.915283203125,0.9063615365223625,0.9234266477696647,0.951416015625,0.9443984033341,0.9575876946999731,0.988837890625,0.15895919940370906,0.00475
value_linear,9500,ood_dev,26,4096,3702,3867,105124,106496,0.90380859375,0.8943968141409154,0.9124636543005972,0.944091796875,0.9366308983630394,0.9507204874260244,0.9871168870192307,0.18348759320897323,0.00475
value_linear,9500,ood_dev,27,4096,3651,3836,108960,110592,0.891357421875,0.8814581130076249,0.9005233446173719,0.9365234375,0.9286399311008992,0.943588918701655,0.9852430555555556,0.21935235366340122,0.00475
value_linear,9500,ood_dev,28,4096,3596,3816,112776,114688,0.8779296875,0.8675485889086534,0.8876025629338264,0.931640625,0.9235007973638772,0.9389715776086708,0.9833286830357143,0.23926112200838423,0.00475
value_linear,9500,ood_dev,29,4096,3549,3796,116572,118784,0.866455078125,0.8556936478716541,0.8765297881203111,0.9267578125,0.9183729750294912,0.9343429251130505,0.981377963362069,0.27505390595399337,0.00475
value_linear,9500,ood_dev,30,4096,3503,3760,120332,122880,0.855224609375,0.844115729751073,0.865667814131878,0.91796875,0.9091682131124504,0.9259860323360801,0.9792643229166667,0.30325743635151536,0.00475
value_linear,9500,ood_dev,31,4096,3450,3730,124062,126976,0.84228515625,0.8308032711335156,0.8531256144499189,0.91064453125,0.9015195779849158,0.9189999552186056,0.97705078125,0.3435047986264683,0.00475
value_linear,9500,ood_dev,32,4096,3401,3712,127774,131072,0.830322265625,0.8185191143058516,0.8415064079440678,0.90625,0.8969389906097799,0.9147997152467359,0.9748382568359375,0.36539563472223835,0.00475
value_linear,9500,ood_dev,33,4096,3359,3677,131451,135168,0.820068359375,0.8080063706353204,0.8315305544715859,0.897705078125,0.8880490046308186,0.9066158702731862,0.9725008877840909,0.40288225954388956,0.00475
value_linear,9500,ood_dev,34,4096,3308,3653,135104,139264,0.8076171875,0.7952598719486457,0.8193980423417448,0.891845703125,0.8819647321995695,0.900992372908428,0.9701286764705882,0.440919592446669,0.00475
value_linear,9500,ood_dev,35,4096,3264,3629,138733,143360,0.796875,0.7842784971396332,0.8089151725247438,0.885986328125,0.8758892090804093,0.8953601262315807,0.967724609375,0.47536419229320914,0.00475
value_linear,9500,ood_dev,36,4096,3213,3604,142337,147456,0.784423828125,0.7715669842082322,0.7967476746396289,0.8798828125,0.8695692132644679,0.8894845285100144,0.9652845594618056,0.5038960441343332,0.00475
value_linear,10000,dev,1,102400,102400,102400,102400,102400,1.0,0.9999624871609701,1.0,1.0,0.9999624871609701,1.0,1.0,1.611244113639998e-05,0.005
value_linear,10000,dev,2,102400,102400,102400,204800,204800,1.0,0.9999624871609701,1.0,1.0,0.9999624871609701,1.0,1.0,1.538396608130377e-05,0.005
value_linear,10000,dev,3,102400,102400,102400,307200,307200,1.0,0.9999624871609701,1.0,1.0,0.9999624871609701,1.0,1.0,2.0461500381729893e-05,0.005
value_linear,10000,dev,4,102400,102400,102400,409600,409600,1.0,0.9999624871609701,1.0,1.0,0.9999624871609701,1.0,1.0,3.1966832648504526e-05,0.005
value_linear,10000,dev,5,102400,102397,102397,511997,512000,0.999970703125,0.9999138592392058,0.9999900363697822,0.999970703125,0.9999138592392058,0.9999900363697822,0.999994140625,0.00013072393620767732,0.005
value_linear,10000,dev,6,102400,102393,102394,614391,614400,0.999931640625,0.9998588878252541,0.9999668857144244,0.99994140625,0.9998721583660714,0.9999731456909345,0.9999853515625,0.00027955769908328155,0.005
value_linear,10000,dev,7,102400,102383,102387,716778,716800,0.999833984375,0.9997341277518229,0.9998963406145821,0.999873046875,0.9997827872309603,0.9999258032047541,0.9999693080357143,0.00047135455279637915,0.005
value_linear,10000,dev,8,102400,102349,102358,819136,819200,0.999501953125,0.9993452844279009,0.9996211463493736,0.99958984375,0.9994456792698375,0.9996965261633833,0.999921875,0.001377439371958613,0.005
value_linear,10000,dev,9,102400,102294,102318,921454,921600,0.99896484375,0.9987482832925448,0.9991439690317249,0.99919921875,0.9990062333665538,0.9993547513735724,0.9998415798611111,0.0026446047045065326,0.005
value_linear,10000,dev,10,102400,102176,102230,1023684,1024000,0.9978125,0.997507070409162,0.9980805808704789,0.99833984375,0.9980711031014073,0.998571196113911,0.99969140625,0.004804598334754968,0.005
value_linear,10000,dev,11,102400,102020,102124,1125808,1126400,0.9962890625,0.9958975675466464,0.9966433230299259,0.9973046875,0.9969679373533121,0.9976041270253059,0.9994744318181819,0.008036281981402417,0.005
value_linear,10000,dev,12,102400,101771,101957,1227765,1228800,0.993857421875,0.9933599873824872,0.9943178043795717,0.995673828125,0.995252827917074,0.9960576400678745,0.99915771484375,0.012597598740419769,0.005
value_linear,10000,ood_dev,1,102400,102400,102400,102400,102400,1.0,0.9999624871609701,1.0,1.0,0.9999624871609701,1.0,1.0,1.610993461230059e-05,0.005
value_linear,10000,ood_dev,2,102400,102400,102400,204800,204800,1.0,0.9999624871609701,1.0,1.0,0.9999624871609701,1.0,1.0,1.564300115085793e-05,0.005
value_linear,10000,ood_dev,3,102400,102400,102400,307200,307200,1.0,0.9999624871609701,1.0,1.0,0.9999624871609701,1.0,1.0,2.111058456325754e-05,0.005
value_linear,10000,ood_dev,4,102400,102400,102400,409600,409600,1.0,0.9999624871609701,1.0,1.0,0.9999624871609701,1.0,1.0,3.943198333869802e-05,0.005
value_linear,10000,ood_dev,5,102400,102399,102399,511999,512000,0.999990234375,0.9999446805183295,0.9999982761253133,0.999990234375,0.9999446805183295,0.9999982761253133,0.999998046875,9.415547414213244e-05,0.005
value_linear,10000,ood_dev,6,102400,102394,102394,614393,614400,0.99994140625,0.9998721583660714,0.9999731456909345,0.99994140625,0.9998721583660714,0.9999731456909345,0.9999886067708333,0.0002904917207713043,0.005
value_linear,10000,ood_dev,7,102400,102382,102384,716777,716800,0.99982421875,0.9997221355543948,0.9998888022946828,0.99984375,0.9997461828910157,0.9999038159927167,0.9999679129464286,0.000612654005053792,0.005
value_linear,10000,ood_dev,8,102400,102355,102363,819140,819200,0.999560546875,0.9994120800157498,0.9996715338654889,0.999638671875,0.9995020271813618,0.9997378308384958,0.9999267578125,0.0013347330306629557,0.005
value_linear,10000,ood_dev,9,102400,102297,102324,921464,921600,0.998994140625,0.9987803704671523,0.9991704734090994,0.9992578125,0.9990712397794851,0.9994069280646055,0.9998524305555555,0.002376520440062384,0.005
value_linear,10000,ood_dev,10,102400,102192,102243,1023707,1024000,0.99796875,0.9976736785197813,0.9982264610370972,0.998466796875,0.9982077310233255,0.9986884649172485,0.9997138671875,0.004458610496783591,0.005
value_linear,10000,ood_dev,11,102400,102047,102146,1125853,1126400,0.996552734375,0.9961746383578924,0.9968935761865185,0.99751953125,0.9971956352798654,0.9978061004799545,0.9995143821022727,0.007421596382793574,0.005
value_linear,10000,ood_dev,12,102400,101822,101998,1227851,1228800,0.99435546875,0.9938776952511763,0.9947961528945781,0.99607421875,0.9956721576947885,0.9964390615005818,0.9992277018229166,0.011672282132202349,0.005
value_linear,10000,ood_dev,13,102400,101508,101792,1329643,1331200,0.9912890625,0.99070119000398,0.9918400757009825,0.9940625,0.9935730592040959,0.9945148734218376,0.9988303786057692,0.017814211551178172,0.005
value_linear,10000,ood_dev,14,102400,101098,101544,1431187,1433600,0.98728515625,0.9865804079900256,0.9879533456107183,0.991640625,0.9910642371297764,0.9921801271989712,0.9983168247767857,0.02536757776227564,0.005
value_linear,10000,ood_dev,15,102400,100619,101194,1532381,1536000,0.982607421875,0.9817884277475357,0.9833902080534014,0.98822265625,0.9875433319678537,0.988865351296317,0.9976438802083333,0.03551006859821584,0.005
value_linear,10000,ood_dev,16,102400,100037,100828,1633209,1638400,0.976923828125,0.9759861564878147,0.9778257182285972,0.9846484375,0.9838770169221048,0.985383497000251,0.9968316650390625,0.046536856680989995,0.005
value_linear,10000,ood_dev,17,102400,99356,100423,1733632,1740800,0.9702734375,0.9692154645042727,0.9712961279122053,0.980693359375,0.979832362620353,0.9815182917844211,0.9958823529411764,0.06051942378109225,0.005
value_linear,10000,ood_dev,18,102400,98597,99989,1833621,1843200,0.962861328125,0.9616856308383622,0.9640022989266476,0.976455078125,0.9755083558846648,0.9773660540000338,0.9948030598958333,0.07590485150901756,0.005
value_linear,10000,ood_dev,19,102400,97762,99505,1933126,1945600,0.95470703125,0.9534162380653166,0.9559637097313454,0.971728515625,0.9706955002705876,0.9727261392276673,0.9935886101973684,0.0919614276640556,0.005
value_linear,10000,ood_dev,20,102400,96886,99051,2032177,2048000,0.94615234375,0.9447530417720896,0.9475181728458025,0.967294921875,0.9661878772614773,0.9683669073701552,0.99227392578125,0.10995736915312979,0.005
value_linear,10000,ood_dev,21,102400,95878,98442,2130619,2150400,0.93630859375,0.9347964528795835,0.937788000272327,0.96134765625,0.9601495812503618,0.9625111183289066,0.990801246279762,0.13312914031336742,0.005
value_linear,10000,ood_dev,22,102400,94892,97912,2228531,2252800,0.9266796875,0.9250671085812623,0.9282602544858685,0.956171875,0.9549008282314317,0.9574086971643345,0.9892271839488637,0.15391564928815368,0.005
value_linear,10000,ood_dev,23,102400,93844,97276,2325807,2355200,0.9164453125,0.9147347786601975,0.9181246022478574,0.9499609375,0.9486085944036936,0.95127952197187,0.9875199558423913,0.17922996886098855,0.005
value_linear,10000,ood_dev,24,102400,92720,96649,2422456,2457600,0.90546875,0.9036615725596256,0.9072455068724735,0.943837890625,0.9424110087421972,0.94523147326911,0.9856998697916667,0.20384870495436444,0.005
value_linear,10000,ood_dev,25,102400,91475,95877,2518333,2560000,0.893310546875,0.8914049074776198,0.8951866778819129,0.936298828125,0.934786580771741,0.937778341862842,0.983723828125,0.23521606076890472,0.005
value_linear,10000,ood_dev,26,102400,90262,95215,2613548,2662400,0.88146484375,0.8794707062164416,0.883430361625,0.929833984375,0.9282533471811385,0.9313823729827306,0.981651141826923,0.26419575263120015,0.005
value_linear,10000,ood_dev,27,102400,89057,94594,2708142,2764800,0.869697265625,0.8676215304205894,0.8717452640413803,0.92376953125,0.9221282471935681,0.9253790217100089,0.9795073784722222,0.2951299888410841,0.005
value_linear,10000,ood_dev,28,102400,87830,93841,2801983,2867200,0.85771484375,0.8555617402151762,0.8598411094861192,0.916416015625,0.9147052128952807,0.918095576460792,0.9772541155133928,0.3301475024250998,0.005
value_linear,10000,ood_dev,29,102400,86507,92991,2894974,2969600,0.844794921875,0.8425641693363015,0.8469998059408932,0.908115234375,0.9063306370966066,0.9098692125312079,0.9748700161637931,0.36602183040239766,0.005
value_linear,10000,ood_dev,30,102400,85191,92376,2987350,3072000,0.831943359375,0.8296407193937897,0.8342210950805956,0.902109375,0.9002741497467327,0.9039144317247537,0.9724446614583333,0.3989964690780469,0.005
value_linear,10000,ood_dev,31,102400,83947,91682,3079032,3174400,0.819794921875,0.8174287884760377,0.8221370624431085,0.89533203125,0.8934421958769095,0.8971922065693873,0.9699571572580645,0.4358421809473385,0.005
value_linear,10000,ood_dev,32,102400,82604,90878,3169910,3276800,0.8066796875,0.8042494709344659,0.8090868952140322,0.88748046875,0.8855304225731496,0.8894014439419474,0.9673797607421875,0.47232207230224793,0.005
value_linear,10000,ood_dev,33,102400,81247,90101,3260011,3379200,0.793427734375,0.7909371138606648,0.7958963402746021,0.879892578125,0.8778871916634573,0.8818694628882789,0.9647286339962121,0.5146747531249057,0.005
value_linear,10000,ood_dev,34,102400,79916,89369,3349380,3481600,0.7804296875,0.777883762416519,0.782954573156028,0.872744140625,0.8706889722118295,0.8747713436562773,0.9620232077205882,0.5532644921412985,0.005
value_linear,10000,ood_dev,35,102400,78561,88658,3438038,3584000,0.767197265625,0.76459878631192,0.7697756982820508,0.86580078125,0.8636992857773794,0.8678748322709725,0.9592739955357142,0.5950469220644958,0.005
value_linear,10000,ood_dev,36,102400,77279,88050,3526088,3686400,0.754677734375,0.7520328078101148,0.7573035535701769,0.85986328125,0.8577236538149692,0.8619759096983463,0.9565125868055555,0.6345649015651369,0.005
value_linear,10500,dev,1,4096,4096,4096,4096,4096,1.0,0.9990630225926348,0.9999999999999999,1.0,0.9990630225926348,0.9999999999999999,1.0,1.610361827619755e-05,0.00525
value_linear,10500,dev,2,4096,4096,4096,8192,8192,1.0,0.9990630225926348,0.9999999999999999,1.0,0.9990630225926348,0.9999999999999999,1.0,1.4746859741565643e-05,0.00525
value_linear,10500,dev,3,4096,4096,4096,12288,12288,1.0,0.9990630225926348,0.9999999999999999,1.0,0.9990630225926348,0.9999999999999999,1.0,1.807715656942932e-05,0.00525
value_linear,10500,dev,4,4096,4096,4096,16384,16384,1.0,0.9990630225926348,0.9999999999999999,1.0,0.9990630225926348,0.9999999999999999,1.0,2.401054096301536e-05,0.00525
value_linear,10500,dev,5,4096,4096,4096,20480,20480,1.0,0.9990630225926348,0.9999999999999999,1.0,0.9990630225926348,0.9999999999999999,1.0,3.578109874780022e-05,0.00525
value_linear,10500,dev,6,4096,4096,4096,24576,24576,1.0,0.9990630225926348,0.9999999999999999,1.0,0.9990630225926348,0.9999999999999999,1.0,6.384167479944747e-05,0.00525
value_linear,10500,dev,7,4096,4096,4096,28672,28672,1.0,0.9990630225926348,0.9999999999999999,1.0,0.9990630225926348,0.9999999999999999,1.0,0.00016063388294074166,0.00525
value_linear,10500,dev,8,4096,4095,4095,32767,32768,0.999755859375,0.9986182969663738,0.9999569018847606,0.999755859375,0.9986182969663738,0.9999569018847606,0.999969482421875,0.0006769318023571724,0.00525
value_linear,10500,dev,9,4096,4093,4094,36861,36864,0.999267578125,0.9978486714629491,0.9997508799051849,0.99951171875,0.9982212896544476,0.9998660854551866,0.9999186197916666,0.0012309018409482064,0.00525
value_linear,10500,dev,10,4096,4092,4094,40955,40960,0.9990234375,0.9974915571936952,0.9996201704329383,0.99951171875,0.9982212896544476,0.9998660854551866,0.9998779296875,0.0018512710523842513,0.00525
value_linear,10500,dev,11,4096,4087,4089,45044,45056,0.997802734375,0.9958290482073086,0.9988435607118235,0.998291015625,0.9964763422189936,0.9991719141831389,0.9997336647727273,0.00391852418369143,0.00525
value_linear,10500,dev,12,4096,4083,4088,49132,49152,0.996826171875,0.9945771012522003,0.9981442127009305,0.998046875,0.9961504506055915,0.9990099820550408,0.9995930989583334,0.00555384422953642,0.00525
value_linear,10500,ood_dev,1,4096,4096,4096,4096,4096,1.0,0.9990630225926348,0.9999999999999999,1.0,0.9990630225926348,0.9999999999999999,1.0,1.638455173580411e-05,0.00525
value_linear,10500,ood_dev,2,4096,4096,4096,8192,8192,1.0,0.9990630225926348,0.9999999999999999,1.0,0.9990630225926348,0.9999999999999999,1.0,1.51020178463801e-05,0.00525
value_linear,10500,ood_dev,3,4096,4096,4096,12288,12288,1.0,0.9990630225926348,0.9999999999999999,1.0,0.9990630225926348,0.9999999999999999,1.0,1.8118342449580105e-05,0.00525
value_linear,10500,ood_dev,4,4096,4096,4096,16384,16384,1.0,0.9990630225926348,0.9999999999999999,1.0,0.9990630225926348,0.9999999999999999,1.0,2.4255043260867915e-05,0.00525
value_linear,10500,ood_dev,5,4096,4096,4096,20480,20480,1.0,0.9990630225926348,0.9999999999999999,1.0,0.9990630225926348,0.9999999999999999,1.0,4.192009913572825e-05,0.00525
value_linear,10500,ood_dev,6,4096,4096,4096,24576,24576,1.0,0.9990630225926348,0.9999999999999999,1.0,0.9990630225926348,0.9999999999999999,1.0,6.461241834776477e-05,0.00525
value_linear,10500,ood_dev,7,4096,4096,4096,28672,28672,1.0,0.9990630225926348,0.9999999999999999,1.0,0.9990630225926348,0.9999999999999999,1.0,0.00010655994152708459,0.00525
value_linear,10500,ood_dev,8,4096,4096,4096,32768,32768,1.0,0.9990630225926348,0.9999999999999999,1.0,0.9990630225926348,0.9999999999999999,1.0,0.0001800917521008749,0.00525
value_linear,10500,ood_dev,9,4096,4094,4094,36862,36864,0.99951171875,0.9982212896544476,0.9998660854551866,0.99951171875,0.9982212896544476,0.9998660854551866,0.9999457465277778,0.0011953670446670506,0.00525
value_linear,10500,ood_dev,10,4096,4093,4095,40957,40960,0.999267578125,0.9978486714629491,0.9997508799051849,0.999755859375,0.9986182969663738,0.9999569018847606,0.9999267578125,0.0013714723941090634,0.00525
value_linear,10500,ood_dev,11,4096,4091,4092,45049,45056,0.998779296875,0.997145424476127,0.9994784794090062,0.9990234375,0.9974915571936952,0.9996201704329383,0.9998446377840909,0.003545659734496498,0.00525
value_linear,10500,ood_dev,12,4096,4086,4088,49137,49152,0.99755859375,0.9955114747539533,0.9986733104236785,0.998046875,0.9961504506055915,0.9990099820550408,0.99969482421875,0.0061867808992370765,0.00525
value_linear,10500,ood_dev,13,4096,4078,4081,53218,53248,0.99560546875,0.9930638103960733,0.9972183848495558,0.996337890625,0.9939662587473084,0.9977794077228217,0.9994365985576923,0.009599263931358015,0.00525
value_linear,10500,ood_dev,14,4096,4072,4079,57297,57344,0.994140625,0.9912959670744264,0.996059285722201,0.995849609375,0.9933629968413301,0.9974070221457995,0.9991803850446429,0.01526953952074006,0.00525
value_linear,10500,ood_dev,15,4096,4059,4071,61368,61440,0.990966796875,0.9875743543279273,0.993439189829196,0.993896484375,0.9910051126562461,0.995862316398881,0.998828125,0.018133500290698046,0.00525
value_linear,10500,ood_dev,16,4096,4037,4051,65419,65536,0.985595703125,0.9814652366612112,0.9888161851829053,0.989013671875,0.9853320021138738,0.991778952111247,0.9982147216796875,0.030603472188161507,0.00525
value_linear,10500,ood_dev,17,4096,4027,4046,69465,69632,0.983154296875,0.978736356856804,0.9866668275723093,0.98779296875,0.983943722660208,0.9907281128574114,0.9976016773897058,0.0380864992723553,0.00525
value_linear,10500,ood_dev,18,4096,4001,4025,73490,73728,0.976806640625,0.9717309295309884,0.9809888376191169,0.982666015625,0.9781932525333582,0.9862342844127546,0.9967719184027778,0.052507090330793926,0.00525
value_linear,10500,ood_dev,19,4096,3981,4023,77513,77824,0.971923828125,0.9664058535023272,0.976557438817772,0.982177734375,0.9776509528256319,0.9858009366374803,0.9960038034539473,0.06259282975347213,0.00525
value_linear,10500,ood_dev,20,4096,3954,4005,81518,81920,0.96533203125,0.9592793468139419,0.9705127044856489,0.977783203125,0.9728018164634368,0.9818692456526698,0.9950927734375,0.07603989845031833,0.00525
value_linear,10500,ood_dev,21,4096,3930,3979,85497,86016,0.95947265625,0.9529907280310358,0.9650935534725474,0.971435546875,0.9658757308170035,0.976111914020095,0.9939662388392857,0.09437736262085383,0.00525
value_linear,10500,ood_dev,22,4096,3902,3960,89457,90112,0.95263671875,0.9456967591536541,0.9587284575879206,0.966796875,0.9608577781251862,0.9718612156234064,0.9927312677556818,0.1085531533602283,0.00525
value_linear,10500,ood_dev,23,4096,3873,3952,93409,94208,0.945556640625,0.9381814914524192,0.9520968367856465,0.96484375,0.9587538013451912,0.9700626024713991,0.9915187669836957,0.11458137494136833,0.00525
value_linear,10500,ood_dev,24,4096,3839,3932,97341,98304,0.937255859375,0.9294118497021406,0.9442804713249144,0.9599609375,0.95351337564485,0.965546553341734,0.990203857421875,0.1370827715528654,0.00525
value_linear,10500,ood_dev,25,4096,3805,3918,101259,102400,0.928955078125,0.9206791651962416,0.936427148619803,0.95654296875,0.9498596607971911,0.9623707358083885,0.988857421875,0.14790009877258603,0.00525
value_linear,10500,ood_dev,26,4096,3764,3892,105151,106496,0.9189453125,0.9101894761317266,0.9269160642828052,0.9501953125,0.9431011870208181,0.9564457923057534,0.9873704176682693,0.17134947320575034,0.00525
value_linear,10500,ood_dev,27,4096,3717,3864,109015,110592,0.907470703125,0.8982107631027751,0.9159670614612421,0.943359375,0.9358561096520154,0.9500318049125475,0.9857403790509259,0.18929277860638827,0.00525
value_linear,10500,ood_dev,28,4096,3671,3829,112844,114688,0.896240234375,0.8865270812946906,0.9052108511603125,0.934814453125,0.9268398754957403,0.9419742081163116,0.9839215959821429,0.20977553751399602,0.00525
value_linear,10500,ood_dev,29,4096,3636,3813,116657,118784,0.8876953125,0.8776603686981093,0.897003732804383,0.930908203125,0.9227309300951754,0.9382779736528717,0.9820935479525862,0.22726150302530246,0.00525
value_linear,10500,ood_dev,30,4096,3580,3780,120437,122880,0.8740234375,0.863509812795288,0.8838361591831867,0.9228515625,0.9142781637462243,0.9306325565323126,0.9801188151041667,0.26664870454368184,0.00525
value_linear,10500,ood_dev,31,4096,3521,3743,124180,126976,0.859619140625,0.8486434629761094,0.8699209082538472,0.913818359375,0.9048317022533956,0.9220295395896299,0.9779800907258065,0.3215414277875125,0.00525
value_linear,10500,ood_dev,32,4096,3471,3702,127882,131072,0.847412109375,0.836074704756056,0.858098479398885,0.90380859375,0.8943968141409154,0.9124636543005972,0.9756622314453125,0.3548908083602095,0.00525
value_linear,10500,ood_dev,33,4096,3438,3700,131582,135168,0.83935546875,0.8277928955098375,0.8502821051755933,0.9033203125,0.8938885935671609,0.9119962273913512,0.9734700520833334,0.37381172190949186,0.00525
value_linear,10500,ood_dev,34,4096,3400,3671,135253,139264,0.830078125,0.8182686386018024,0.8412690599066167,0.896240234375,0.8865270812946906,0.9052108511603125,0.9711985868566176,0.4206700174612803,0.00525
value_linear,10500,ood_dev,35,4096,3357,3644,138897,143360,0.819580078125,0.8075061249499628,0.831055152673943,0.8896484375,0.8796854187974655,0.8988812726370291,0.9688685825892858,0.44868693735230136,0.00525
value_linear,10500,ood_dev,36,4096,3310,3603,142500,147456,0.80810546875,0.7957593606369957,0.8198742011363955,0.879638671875,0.8693165892508347,0.8892493287821474,0.9663899739583334,0.47545928292125916,0.00525
value_linear,11000,dev,1,4096,4096,4096,4096,4096,1.0,0.9990630225926348,0.9999999999999999,1.0,0.9990630225926348,0.9999999999999999,1.0,1.2277358572121422e-05,0.0055000000000000005
value_linear,11000,dev,2,4096,4096,4096,8192,8192,1.0,0.9990630225926348,0.9999999999999999,1.0,0.9990630225926348,0.9999999999999999,1.0,1.1202118409492368e-05,0.0055000000000000005
value_linear,11000,dev,3,4096,4096,4096,12288,12288,1.0,0.9990630225926348,0.9999999999999999,1.0,0.9990630225926348,0.9999999999999999,1.0,1.3747284197340726e-05,0.0055000000000000005
value_linear,11000,dev,4,4096,4096,4096,16384,16384,1.0,0.9990630225926348,0.9999999999999999,1.0,0.9990630225926348,0.9999999999999999,1.0,1.907866891132093e-05,0.0055000000000000005
value_linear,11000,dev,5,4096,4096,4096,20480,20480,1.0,0.9990630225926348,0.9999999999999999,1.0,0.9990630225926348,0.9999999999999999,1.0,2.616545449735108e-05,0.0055000000000000005
value_linear,11000,dev,6,4096,4096,4096,24576,24576,1.0,0.9990630225926348,0.9999999999999999,1.0,0.9990630225926348,0.9999999999999999,1.0,3.929180906275809e-05,0.0055000000000000005
value_linear,11000,dev,7,4096,4096,4096,28672,28672,1.0,0.9990630225926348,0.9999999999999999,1.0,0.9990630225926348,0.9999999999999999,1.0,0.00010292492299401879,0.0055000000000000005
value_linear,11000,dev,8,4096,4096,4096,32768,32768,1.0,0.9990630225926348,0.9999999999999999,1.0,0.9990630225926348,0.9999999999999999,1.0,0.00021833624008527064,0.0055000000000000005
value_linear,11000,dev,9,4096,4096,4096,36864,36864,1.0,0.9990630225926348,0.9999999999999999,1.0,0.9990630225926348,0.9999999999999999,1.0,0.00039150982018032465,0.0055000000000000005
value_linear,11000,dev,10,4096,4095,4095,40959,40960,0.999755859375,0.9986182969663738,0.9999569018847606,0.999755859375,0.9986182969663738,0.9999569018847606,0.9999755859375,0.0010122916094629786,0.0055000000000000005
value_linear,11000,dev,11,4096,4093,4094,45053,45056,0.999267578125,0.9978486714629491,0.9997508799051849,0.99951171875,0.9982212896544476,0.9998660854551866,0.9999334161931818,0.0017186178827576226,0.0055000000000000005
value_linear,11000,dev,12,4096,4089,4090,49143,49152,0.998291015625,0.9964763422189936,0.9991719141831389,0.99853515625,0.9968075986857966,0.9993284814578364,0.99981689453125,0.003862094022286544,0.0055000000000000005
value_linear,11000,ood_dev,1,4096,4096,4096,4096,4096,1.0,0.9990630225926348,0.9999999999999999,1.0,0.9990630225926348,0.9999999999999999,1.0,1.2115923034516918e-05,0.0055000000000000005
value_linear,11000,ood_dev,2,4096,4096,4096,8192,8192,1.0,0.9990630225926348,0.9999999999999999,1.0,0.9990630225926348,0.9999999999999999,1.0,1.1280079648345875e-05,0.0055000000000000005
value_linear,11000,ood_dev,3,4096,4096,4096,12288,12288,1.0,0.9990630225926348,0.9999999999999999,1.0,0.9990630225926348,0.9999999999999999,1.0,1.4413339173402484e-05,0.0055000000000000005
value_linear,11000,ood_dev,4,4096,4096,4096,16384,16384,1.0,0.9990630225926348,0.9999999999999999,1.0,0.9990630225926348,0.9999999999999999,1.0,2.014726104276887e-05,0.0055000000000000005
value_linear,11000,ood_dev,5,4096,4096,4096,20480,20480,1.0,0.9990630225926348,0.9999999999999999,1.0,0.9990630225926348,0.9999999999999999,1.0,2.778856373686356e-05,0.0055000000000000005
value_linear,11000,ood_dev,6,4096,4096,4096,24576,24576,1.0,0.9990630225926348,0.9999999999999999,1.0,0.9990630225926348,0.9999999999999999,1.0,5.5749295759688344e-05,0.0055000000000000005
value_linear,11000,ood_dev,7,4096,4096,4096,28672,28672,1.0,0.9990630225926348,0.9999999999999999,1.0,0.9990630225926348,0.9999999999999999,1.0,0.0002697256025185335,0.0055000000000000005
value_linear,11000,ood_dev,8,4096,4095,4095,32767,32768,0.999755859375,0.9986182969663738,0.9999569018847606,0.999755859375,0.9986182969663738,0.9999569018847606,0.999969482421875,0.0005594270341411356,0.0055000000000000005
value_linear,11000,ood_dev,9,4096,4095,4096,36863,36864,0.999755859375,0.9986182969663738,0.9999569018847606,1.0,0.9990630225926348,0.9999999999999999,0.9999728732638888,0.0006956564683539557,0.0055000000000000005
value_linear,11000,ood_dev,10,4096,4091,4092,40955,40960,0.998779296875,0.997145424476127,0.9994784794090062,0.9990234375,0.9974915571936952,0.9996201704329383,0.9998779296875,0.0018883697122579202,0.0055000000000000005
value_linear,11000,ood_dev,11,4096,4087,4090,45045,45056,0.997802734375,0.9958290482073086,0.9988435607118235,0.99853515625,0.9968075986857966,0.9993284814578364,0.999755859375,0.0048295911388675505,0.0055000000000000005
value_linear,11000,ood_dev,12,4096,4080,4082,49127,49152,0.99609375,0.9936637657680687,0.9975940769605611,0.99658203125,0.9942706398960515,0.9979628503155791,0.9994913736979166,0.007515076282217925,0.0055000000000000005
value_linear,11000,ood_dev,13,4096,4070,4078,53205,53248,0.99365234375,0.99071517109395,0.9956644342196767,0.99560546875,0.9930638103960733,0.9972183848495558,0.9991924579326923,0.010723586348390213,0.0055000000000000005
value_linear,11000,ood_dev,14,4096,4062,4072,57277,57344,0.99169921875,0.9884233098915096,0.9940537054901146,0.994140625,0.9912959670744264,0.996059285722201,0.9988316127232143,0.015987578222069365,0.0055000000000000005
value_linear,11000,ood_dev,15,4096,4049,4065,61342,61440,0.988525390625,0.9847756016627256,0.9913597050793945,0.992431640625,0.9892775496501616,0.9946629369559636,0.9984049479166667,0.020612478627293873,0.0055000000000000005
value_linear,11000,ood_dev,16,4096,4037,4060,65402,65536,0.985595703125,0.9814652366612112,0.9888161851829053,0.9912109375,0.9878567926156614,0.9936445752829621,0.997955322265625,0.023239911277035008,0.0055000000000000005
value_linear,11000,ood_dev,17,4096,4017,4048,69450,69632,0.980712890625,0.9760285730987803,0.9844963739153301,0.98828125,0.9844979568178159,0.9911495261828039,0.9973862591911765,0.03408227016083942,0.0055000000000000005
value_linear,11000,ood_dev,18,4096,3995,4034,73484,73728,0.975341796875,0.9701285156377056,0.9796643090633977,0.98486328125,0.9806440746636242,0.9881738759559913,0.9966905381944444,0.047231916918572314,0.0055000000000000005
value_linear,11000,ood_dev,19,4096,3968,4010,77494,77824,0.96875,0.9629667829716362,0.9736548007089589,0.97900390625,0.9741435999816663,0.9829665808419419,0.9957596628289473,0.05915793098454081,0.0055000000000000005
value_linear,11000,ood_dev,20,4096,3936,3996,81490,81920,0.9609375,0.9545593952649127,0.9664518286876724,0.9755859375,0.970395272680658,0.9798853757619459,0.9947509765625,0.07236366988940202,0.0055000000000000005
value_linear,11000,ood_dev,21,4096,3907,3979,85469,86016,0.953857421875,0.9469962963333816,0.9598680391156946,0.971435546875,0.9658757308170035,0.976111914020095,0.9936407180059523,0.08573514158081563,0.0055000000000000005
value_linear,11000,ood_dev,22,4096,3882,3966,89435,90112,0.94775390625,0.9405100178795183,0.9541587240320502,0.96826171875,0.9624390364554394,0.973206899742155,0.9924871271306818,0.10867453956913253,0.0055000000000000005
value_linear,11000,ood_dev,23,4096,3849,3937,93372,94208,0.939697265625,0.9319870061829958,0.9465835522590624,0.961181640625,0.9548210542172663,0.9666779934768192,0.9911260190217391,0.12152889121903404,0.0055000000000000005
value_linear,11000,ood_dev,24,4096,3815,3917,97289,98304,0.931396484375,0.9232441468884733,0.9387404043425744,0.956298828125,0.9495990962030896,0.9621434766609898,0.9896748860677084,0.14781213433926443,0.0055000000000000005
value_linear,11000,ood_dev,25,4096,3779,3904,101193,102400,0.922607421875,0.9140224457668371,0.9304004507701995,0.953125,0.9462164298287505,0.9591844343958247,0.988212890625,0.16302662923175687,0.0055000000000000005
value_linear,11000,ood_dev,26,4096,3748,3888,105081,106496,0.9150390625,0.9061065120204417,0.9231938485300852,0.94921875,0.9420642079017939,0.9555314764587765,0.9867131159855769,0.18317279862204283,0.0055000000000000005
value_linear,11000,ood_dev,27,4096,3709,3855,108936,110592,0.905517578125,0.8961761478487502,0.9140990867832646,0.941162109375,0.9335337022688429,0.9479637986222172,0.9850260416666666,0.21061763512370324,0.0055000000000000005
value_linear,11000,ood_dev,28,4096,3663,3837,112773,114688,0.894287109375,0.8844987461372489,0.9033365963857516,0.936767578125,0.9288972057773469,0.9438194677667077,0.9833025251116071,0.23421493116789543,0.0055000000000000005
value_linear,11000,ood_dev,29,4096,3617,3813,116586,118784,0.883056640625,0.8728545429050968,0.8925409075088896,0.930908203125,0.9227309300951754,0.9382779736528717,0.9814958243534483,0.2590143470341546,0.0055000000000000005
value_linear,11000,ood_dev,30,4096,3579,3785,120371,122880,0.873779296875,0.863257496456122,0.8836006517808525,0.924072265625,0.9155571142869631,0.9317927246990753,0.9795817057291667,0.29460302710851505,0.0055000000000000005
value_linear,11000,ood_dev,31,4096,3540,3767,124138,126976,0.8642578125,0.853426556028023,0.8744064662904394,0.919677734375,0.9109556576829947,0.9276133539560381,0.9776493195564516,0.32166333150111515,0.0055000000000000005
value_linear,11000,ood_dev,32,4096,3505,3748,127886,131072,0.855712890625,0.8446186417242619,0.8661405496416897,0.9150390625,0.9061065120204417,0.9231938485300852,0.9756927490234375,0.3450725185115252,0.0055000000000000005
value_linear,11000,ood_dev,33,4096,3459,3717,131603,135168,0.844482421875,0.8330619395689436,0.8552573596879938,0.907470703125,0.8982107631027751,0.9159670614612421,0.9736254142992424,0.3873239968081982,0.0055000000000000005
value_linear,11000,ood_dev,34,4096,3424,3691,135294,139264,0.8359375,0.8242824617838188,0.8469630065206076,0.901123046875,0.8916024659529467,0.9098919413320625,0.9714929917279411,0.42087622497553867,0.0055000000000000005
value_linear,11000,ood_dev,35,4096,3389,3686,138980,143360,0.827392578125,0.8155139698040293,0.8386576675478864,0.89990234375,0.8903329959119337,0.908722292665574,0.9694475446428571,0.43933708330148125,0.0055000000000000005
value_linear,11000,ood_dev,36,4096,3335,3647,142627,147456,0.814208984375,0.802005514265969,0.82582364104493,0.890380859375,0.8804450553276408,0.8995851073313548,0.9672512478298612,0.47431154496007627,0.0055000000000000005
value_linear,11500,dev,1,4096,4096,4096,4096,4096,1.0,0.9990630225926348,0.9999999999999999,1.0,0.9990630225926348,0.9999999999999999,1.0,1.2064120517907284e-05,0.00575
value_linear,11500,dev,2,4096,4096,4096,8192,8192,1.0,0.9990630225926348,0.9999999999999999,1.0,0.9990630225926348,0.9999999999999999,1.0,1.1288579717161351e-05,0.00575
value_linear,11500,dev,3,4096,4096,4096,12288,12288,1.0,0.9990630225926348,0.9999999999999999,1.0,0.9990630225926348,0.9999999999999999,1.0,1.7693699913334804e-05,0.00575
value_linear,11500,dev,4,4096,4096,4096,16384,16384,1.0,0.9990630225926348,0.9999999999999999,1.0,0.9990630225926348,0.9999999999999999,1.0,2.8542164701605977e-05,0.00575
value_linear,11500,dev,5,4096,4096,4096,20480,20480,1.0,0.9990630225926348,0.9999999999999999,1.0,0.9990630225926348,0.9999999999999999,1.0,9.276893511167561e-05,0.00575
value_linear,11500,dev,6,4096,4096,4096,24576,24576,1.0,0.9990630225926348,0.9999999999999999,1.0,0.9990630225926348,0.9999999999999999,1.0,0.0001542113539189094,0.00575
value_linear,11500,dev,7,4096,4095,4095,28671,28672,0.999755859375,0.9986182969663738,0.9999569018847606,0.999755859375,0.9986182969663738,0.9999569018847606,0.9999651227678571,0.0008979593719913859,0.00575
value_linear,11500,dev,8,4096,4091,4091,32762,32768,0.998779296875,0.997145424476127,0.9994784794090062,0.998779296875,0.997145424476127,0.9994784794090062,0.99981689453125,0.0018046023634172847,0.00575
value_linear,11500,dev,9,4096,4088,4090,36852,36864,0.998046875,0.9961504506055915,0.9990099820550408,0.99853515625,0.9968075986857966,0.9993284814578364,0.9996744791666666,0.003433158474386855,0.00575
value_linear,11500,dev,10,4096,4081,4085,40937,40960,0.996337890625,0.9939662587473084,0.9977794077228217,0.997314453125,0.9951972177470491,0.9984997436890822,0.9994384765625,0.009089850242142261,0.00575
value_linear,11500,dev,11,4096,4074,4080,45017,45056,0.99462890625,0.9918806406223304,0.9964502596572975,0.99609375,0.9936637657680687,0.9975940769605611,0.9991344105113636,0.013241811812729043,0.00575
value_linear,11500,dev,12,4096,4063,4070,49087,49152,0.991943359375,0.9887074354065306,0.9942574037165939,0.99365234375,0.99071517109395,0.9956644342196767,0.9986775716145834,0.023086609804192304,0.00575
value_linear,11500,ood_dev,1,4096,4096,4096,4096,4096,1.0,0.9990630225926348,0.9999999999999999,1.0,0.9990630225926348,0.9999999999999999,1.0,1.1954022878568615e-05,0.00575
value_linear,11500,ood_dev,2,4096,4096,4096,8192,8192,1.0,0.9990630225926348,0.9999999999999999,1.0,0.9990630225926348,0.9999999999999999,1.0,1.1586787176498525e-05,0.00575
value_linear,11500,ood_dev,3,4096,4096,4096,12288,12288,1.0,0.9990630225926348,0.9999999999999999,1.0,0.9990630225926348,0.9999999999999999,1.0,1.6931618731619302e-05,0.00575
value_linear,11500,ood_dev,4,4096,4096,4096,16384,16384,1.0,0.9990630225926348,0.9999999999999999,1.0,0.9990630225926348,0.9999999999999999,1.0,3.4342270192500024e-05,0.00575
value_linear,11500,ood_dev,5,4096,4096,4096,20480,20480,1.0,0.9990630225926348,0.9999999999999999,1.0,0.9990630225926348,0.9999999999999999,1.0,5.953114557377681e-05,0.00575
value_linear,11500,ood_dev,6,4096,4096,4096,24576,24576,1.0,0.9990630225926348,0.9999999999999999,1.0,0.9990630225926348,0.9999999999999999,1.0,0.0002373306851511936,0.00575
value_linear,11500,ood_dev,7,4096,4096,4096,28672,28672,1.0,0.9990630225926348,0.9999999999999999,1.0,0.9990630225926348,0.9999999999999999,1.0,0.0003688396991661791,0.00575
value_linear,11500,ood_dev,8,4096,4095,4095,32767,32768,0.999755859375,0.9986182969663738,0.9999569018847606,0.999755859375,0.9986182969663738,0.9999569018847606,0.999969482421875,0.000821114458829153,0.00575
value_linear,11500,ood_dev,9,4096,4089,4089,36856,36864,0.998291015625,0.9964763422189936,0.9991719141831389,0.998291015625,0.9964763422189936,0.9991719141831389,0.9997829861111112,0.0030680060393737385,0.00575
value_linear,11500,ood_dev,10,4096,4084,4088,40944,40960,0.9970703125,0.9948858699188933,0.9983232677757378,0.998046875,0.9961504506055915,0.9990099820550408,0.999609375,0.004936838892665163,0.00575
value_linear,11500,ood_dev,11,4096,4076,4082,45026,45056,0.9951171875,0.9924697076331114,0.9968368401295172,0.99658203125,0.9942706398960515,0.9979628503155791,0.9993341619318182,0.00849416547307369,0.00575
value_linear,11500,ood_dev,12,4096,4065,4073,49099,49152,0.992431640625,0.9892775496501616,0.9946629369559636,0.994384765625,0.991587789433178,0.9962552871049496,0.9989217122395834,0.013824529969628019,0.00575
value_linear,11500,ood_dev,13,4096,4052,4069,53168,53248,0.9892578125,0.9856107816089336,0.9919879963576875,0.993408203125,0.9904260923610462,0.9954656892110803,0.9984975961538461,0.01939316478240205,0.00575
value_linear,11500,ood_dev,14,4096,4038,4056,57224,57344,0.98583984375,0.9817394754367362,0.9890297701488805,0.990234375,0.9867300726317991,0.9928200003008232,0.9979073660714286,0.027258239370376747,0.00575
value_linear,11500,ood_dev,15,4096,4012,4048,61272,61440,0.9794921875,0.9746813618391824,0.9834044664674263,0.98828125,0.9844979568178159,0.9911495261828039,0.997265625,0.032590739046786665,0.00575
value_linear,11500,ood_dev,16,4096,3990,4029,65301,65536,0.97412109375,0.9687965056840521,0.9785572003095498,0.983642578125,0.9792802999311276,0.9870985319809864,0.9964141845703125,0.05172985825073462,0.00575
value_linear,11500,ood_dev,17,4096,3962,4009,69310,69632,0.96728515625,0.9613845411819059,0.9723101000496873,0.978759765625,0.9738749487182478,0.98274740836386,0.9953756893382353,0.06930210124234248,0.00575
value_linear,11500,ood_dev,18,4096,3924,3986,73296,73728,0.9580078125,0.9514241848736409,0.9637331541809406,0.97314453125,0.9677329319802243,0.9776694790473764,0.994140625,0.08523710355698683,0.00575
value_linear,11500,ood_dev,19,4096,3896,3973,77269,77824,0.951171875,0.9441388702045643,0.9573594040880085,0.969970703125,0.964287665331574,0.9747730370565226,0.9928685238486842,0.10708489423496453,0.00575
value_linear,11500,ood_dev,20,4096,3854,3937,81206,81920,0.94091796875,0.9332758337542256,0.9477338433953341,0.961181640625,0.9548210542172663,0.9666779934768192,0.9912841796875,0.13467375755559374,0.00575
value_linear,11500,ood_dev,21,4096,3806,3905,85111,86016,0.92919921875,0.9209355407485826,0.9366585968089622,0.953369140625,0.9464763369080933,0.9594123510579824,0.9894787016369048,0.16465510810381606,0.00575
value_linear,11500,ood_dev,22,4096,3750,3879,88990,90112,0.91552734375,0.9066165820637565,0.9236594259697711,0.947021484375,0.9397334817874256,0.9534717888996419,0.987548828125,0.19513884450938707,0.00575
value_linear,11500,ood_dev,23,4096,3708,3855,92845,94208,0.9052734375,0.8959219033341888,0.9138655075563258,0.941162109375,0.9335337022688429,0.9479637986222172,0.9855320142663043,0.22475604929045312,0.00575
value_linear,11500,ood_dev,24,4096,3655,3827,96672,98304,0.892333984375,0.882471412102709,0.9014613404882891,0.934326171875,0.9263258477580073,0.9415125883710441,0.9833984375,0.2542326768478133,0.00575
value_linear,11500,ood_dev,25,4096,3613,3802,100474,102400,0.882080078125,0.8718434292869487,0.8916007261610365,0.92822265625,0.9199101986690307,0.935732643922513,0.98119140625,0.27936788516015043,0.00575
value_linear,11500,ood_dev,26,4096,3544,3741,104215,106496,0.865234375,0.8544340380494773,0.8753502792349863,0.913330078125,0.9043219227972369,0.9215636715627878,0.9785813551682693,0.33021138530296246,0.00575
value_linear,11500,ood_dev,27,4096,3480,3704,107919,110592,0.849609375,0.8383352018484916,0.8602283959799523,0.904296875,0.8949051056361323,0.912931010288381,0.975830078125,0.3825045172014098,0.00575
value_linear,11500,ood_dev,28,4096,3423,3694,111613,114688,0.835693359375,0.8240317842605936,0.8467258603023325,0.90185546875,0.8923643526216571,0.910593525887853,0.9731881277901786,0.42072610194435056,0.00575
value_linear,11500,ood_dev,29,4096,3376,3655,115268,118784,0.82421875,0.8122597665518021,0.8355701621606095,0.892333984375,0.882471412102709,0.9014613404882891,0.9704000538793104,0.467283408098815,0.00575
value_linear,11500,ood_dev,30,4096,3327,3628,118896,122880,0.812255859375,0.800006227509423,0.8239203378694734,0.8857421875,0.8756362432554049,0.8951252683150849,0.967578125,0.5151734401547818,0.00575
value_linear,11500,ood_dev,31,4096,3270,3565,122461,126976,0.79833984375,0.7857751417753802,0.8103454703379986,0.870361328125,0.8597263579958655,0.8803022578601046,0.9644420992943549,0.572828080462928,0.00575
value_linear,11500,ood_dev,32,4096,3221,3545,126006,131072,0.786376953125,0.7735597923101467,0.7986574564697169,0.865478515625,0.8546859370558118,0.8755862039701523,0.9613494873046875,0.6023965163915549,0.00575
value_linear,11500,ood_dev,33,4096,3171,3517,129523,135168,0.774169921875,0.7611115249547282,0.7867145367501198,0.858642578125,0.8476370008754903,0.868976075388465,0.9582371567234849,0.6459557840217088,0.00575
value_linear,11500,ood_dev,34,4096,3116,3486,133009,139264,0.7607421875,0.7474363988944884,0.7735593570278426,0.85107421875,0.8398426474121886,0.861647892865257,0.9550853056066176,0.7171446660310914,0.00575
value_linear,11500,ood_dev,35,4096,3072,3460,136469,143360,0.75,0.7365091295956013,0.7630223817007161,0.8447265625,0.8333129502985477,0.8554941726998899,0.9519321986607143,0.748329971624228,0.00575
value_linear,11500,ood_dev,36,4096,3024,3436,139905,147456,0.73828125,0.7246008487683793,0.7515151229359232,0.8388671875,0.8272912957344869,0.8498080574679434,0.94879150390625,0.7836823113700065,0.00575
value_linear,12000,dev,1,4096,4096,4096,4096,4096,1.0,0.9990630225926348,0.9999999999999999,1.0,0.9990630225926348,0.9999999999999999,1.0,1.0765119251354704e-05,0.006
value_linear,12000,dev,2,4096,4096,4096,8192,8192,1.0,0.9990630225926348,0.9999999999999999,1.0,0.9990630225926348,0.9999999999999999,1.0,1.0683021906987555e-05,0.006
value_linear,12000,dev,3,4096,4096,4096,12288,12288,1.0,0.9990630225926348,0.9999999999999999,1.0,0.9990630225926348,0.9999999999999999,1.0,1.3866154158548305e-05,0.006
value_linear,12000,dev,4,4096,4096,4096,16384,16384,1.0,0.9990630225926348,0.9999999999999999,1.0,0.9990630225926348,0.9999999999999999,1.0,2.0799129415549622e-05,0.006
value_linear,12000,dev,5,4096,4096,4096,20480,20480,1.0,0.9990630225926348,0.9999999999999999,1.0,0.9990630225926348,0.9999999999999999,1.0,4.257635660709358e-05,0.006
value_linear,12000,dev,6,4096,4096,4096,24576,24576,1.0,0.9990630225926348,0.9999999999999999,1.0,0.9990630225926348,0.9999999999999999,1.0,6.512305316364042e-05,0.006
value_linear,12000,dev,7,4096,4096,4096,28672,28672,1.0,0.9990630225926348,0.9999999999999999,1.0,0.9990630225926348,0.9999999999999999,1.0,0.0001539965844385427,0.006
value_linear,12000,dev,8,4096,4096,4096,32768,32768,1.0,0.9990630225926348,0.9999999999999999,1.0,0.9990630225926348,0.9999999999999999,1.0,0.0002963660780995747,0.006
value_linear,12000,dev,9,4096,4094,4094,36862,36864,0.99951171875,0.9982212896544476,0.9998660854551866,0.99951171875,0.9982212896544476,0.9998660854551866,0.9999457465277778,0.0014254277147332517,0.006
value_linear,12000,dev,10,4096,4091,4093,40955,40960,0.998779296875,0.997145424476127,0.9994784794090062,0.999267578125,0.9978486714629491,0.9997508799051849,0.9998779296875,0.001878058724663012,0.006
value_linear,12000,dev,11,4096,4088,4092,45047,45056,0.998046875,0.9961504506055915,0.9990099820550408,0.9990234375,0.9974915571936952,0.9996201704329383,0.9998002485795454,0.003872082820605194,0.006
value_linear,12000,dev,12,4096,4076,4080,49127,49152,0.9951171875,0.9924697076331114,0.9968368401295172,0.99609375,0.9936637657680687,0.9975940769605611,0.9994913736979166,0.008531461098032544,0.006
value_linear,12000,ood_dev,1,4096,4096,4096,4096,4096,1.0,0.9990630225926348,0.9999999999999999,1.0,0.9990630225926348,0.9999999999999999,1.0,1.0756533491473874e-05,0.006
value_linear,12000,ood_dev,2,4096,4096,4096,8192,8192,1.0,0.9990630225926348,0.9999999999999999,1.0,0.9990630225926348,0.9999999999999999,1.0,1.0850190690692152e-05,0.006
value_linear,12000,ood_dev,3,4096,4096,4096,12288,12288,1.0,0.9990630225926348,0.9999999999999999,1.0,0.9990630225926348,0.9999999999999999,1.0,1.4841945038868154e-05,0.006
value_linear,12000,ood_dev,4,4096,4096,4096,16384,16384,1.0,0.9990630225926348,0.9999999999999999,1.0,0.9990630225926348,0.9999999999999999,1.0,2.3213918837194925e-05,0.006
value_linear,12000,ood_dev,5,4096,4096,4096,20480,20480,1.0,0.9990630225926348,0.9999999999999999,1.0,0.9990630225926348,0.9999999999999999,1.0,3.770147918763511e-05,0.006
value_linear,12000,ood_dev,6,4096,4096,4096,24576,24576,1.0,0.9990630225926348,0.9999999999999999,1.0,0.9990630225926348,0.9999999999999999,1.0,0.0001902893908063974,0.006
value_linear,12000,ood_dev,7,4096,4096,4096,28672,28672,1.0,0.9990630225926348,0.9999999999999999,1.0,0.9990630225926348,0.9999999999999999,1.0,0.00019629607129106885,0.006
value_linear,12000,ood_dev,8,4096,4094,4094,32766,32768,0.99951171875,0.9982212896544476,0.9998660854551866,0.99951171875,0.9982212896544476,0.9998660854551866,0.99993896484375,0.001069460486631868,0.006
value_linear,12000,ood_dev,9,4096,4092,4092,36858,36864,0.9990234375,0.9974915571936952,0.9996201704329383,0.9990234375,0.9974915571936952,0.9996201704329383,0.9998372395833334,0.0024453451723615016,0.006
value_linear,12000,ood_dev,10,4096,4089,4090,40948,40960,0.998291015625,0.9964763422189936,0.9991719141831389,0.99853515625,0.9968075986857966,0.9993284814578364,0.99970703125,0.005332173465763257,0.006
value_linear,12000,ood_dev,11,4096,4081,4083,45031,45056,0.996337890625,0.9939662587473084,0.9977794077228217,0.996826171875,0.9945771012522003,0.9981442127009305,0.9994451349431818,0.008523094977068546,0.006
value_linear,12000,ood_dev,12,4096,4070,4075,49106,49152,0.99365234375,0.99071517109395,0.9956644342196767,0.994873046875,0.9921745882319427,0.9966441357891856,0.9990641276041666,0.014668954482458307,0.006
value_linear,12000,ood_dev,13,4096,4062,4069,53175,53248,0.99169921875,0.9884233098915096,0.9940537054901146,0.993408203125,0.9904260923610462,0.9954656892110803,0.9986290564903846,0.019049402757109313,0.006
value_linear,12000,ood_dev,14,4096,4051,4064,57239,57344,0.989013671875,0.9853320021138738,0.991778952111247,0.9921875,0.9889921727170213,0.9944604901476036,0.9981689453125,0.024594384336835973,0.006
value_linear,12000,ood_dev,15,4096,4031,4049,61288,61440,0.984130859375,0.9798251184139876,0.987529360981127,0.988525390625,0.9847756016627256,0.9913597050793945,0.9975260416666667,0.03353193242182073,0.006
value_linear,12000,ood_dev,16,4096,3997,4012,65300,65536,0.975830078125,0.9706621520616038,0.9801063201225003,0.9794921875,0.9746813618391824,0.9834044664674263,0.99639892578125,0.05331361584742533,0.006
value_linear,12000,ood_dev,17,4096,3970,4008,69308,69632,0.96923828125,0.9634948720671381,0.9741023590964577,0.978515625,0.973606447163245,0.9825280861773625,0.9953469669117647,0.07064769744591298,0.006
value_linear,12000,ood_dev,18,4096,3938,3985,73293,73728,0.96142578125,0.9550827758957496,0.9669040955398363,0.972900390625,0.9674673085801575,0.977447278705943,0.9940999348958334,0.08984125493218553,0.006
value_linear,12000,ood_dev,19,4096,3915,3968,77261,77824,0.955810546875,0.9490781255019948,0.9616887998790838,0.96875,0.9629667829716362,0.9736548007089589,0.9927657277960527,0.10911628032671189,0.006
value_linear,12000,ood_dev,20,4096,3879,3949,81210,81920,0.947021484375,0.9397334817874256,0.9534717888996419,0.964111328125,0.9579660236105576,0.9693869089815317,0.9913330078125,0.12300851791073203,0.006
value_linear,12000,ood_dev,21,4096,3831,3917,85127,86016,0.935302734375,0.9273540238865371,0.9424357072085155,0.956298828125,0.9495990962030896,0.9621434766609898,0.9896647135416666,0.1426081556314721,0.006
value_linear,12000,ood_dev,22,4096,3793,3901,89028,90112,0.926025390625,0.9176047113945596,0.9336477175234812,0.952392578125,0.9454369948583105,0.9585003981417638,0.9879705255681818,0.1626812578442421,0.006
value_linear,12000,ood_dev,23,4096,3761,3890,92918,94208,0.918212890625,0.9094234956709693,0.9262185735190618,0.94970703125,0.9425826106663004,0.9559887211772704,0.9863068953804348,0.18785432892141812,0.006
value_linear,12000,ood_dev,24,4096,3720,3870,96788,98304,0.908203125,0.8989740501994764,0.9166672455890418,0.94482421875,0.9374060235316193,0.9514088334819455,0.9845784505208334,0.22229193501884437,0.006
value_linear,12000,ood_dev,25,4096,3679,3843,100631,102400,0.898193359375,0.8885564425517519,0.9070840798352536,0.938232421875,0.9304415206592828,0.9452020953337735,0.982724609375,0.2549096410302705,0.006
value_linear,12000,ood_dev,26,4096,3623,3784,104415,106496,0.884521484375,0.8743716252251424,0.8939507676378456,0.923828125,0.9153012757420427,0.9315607395024954,0.9804593599759616,0.2998747448614466,0.006
value_linear,12000,ood_dev,27,4096,3568,3750,108165,110592,0.87109375,0.8604828297370326,0.8810092573434385,0.91552734375,0.9066165820637565,0.9236594259697711,0.9780544704861112,0.328690876287838,0.006
value_linear,12000,ood_dev,28,4096,3513,3716,111881,114688,0.857666015625,0.8466307109457992,0.8680310703521549,0.9072265625,0.8979563715130343,0.9157336293094827,0.97552490234375,0.37833310741426485,0.006
value_linear,12000,ood_dev,29,4096,3474,3703,115584,118784,0.84814453125,0.8368281149975741,0.8588085403818678,0.904052734375,0.8946509509932163,0.9126973411897967,0.9730603448275862,0.4114954534454966,0.006
value_linear,12000,ood_dev,30,4096,3416,3652,119236,122880,0.833984375,0.8222772911934153,0.8450655871790087,0.8916015625,0.8817114150371916,0.9007578663293054,0.9703450520833333,0.4544285249589235,0.006
value_linear,12000,ood_dev,31,4096,3349,3625,122861,126976,0.817626953125,0.8055054614633155,0.8291532262285877,0.885009765625,0.8748774303742215,0.8944206099717673,0.9675923009072581,0.49409627608860596,0.006
value_linear,12000,ood_dev,32,4096,3296,3589,126450,131072,0.8046875,0.7922635613269862,0.8165404680654007,0.876220703125,0.8657812238660177,0.8859551617859599,0.9647369384765625,0.5369391577174831,0.006
value_linear,12000,ood_dev,33,4096,3245,3571,130021,135168,0.792236328125,0.7795407736168771,0.804384244958994,0.871826171875,0.8612394102878219,0.8817161480171501,0.9619214607007576,0.5771969377386962,0.006
value_linear,12000,ood_dev,34,4096,3192,3535,133556,139264,0.779296875,0.7663378466019042,0.7917325136744504,0.863037109375,0.8521674580739187,0.8732264455370422,0.9590130974264706,0.6191080634055093,0.006
value_linear,12000,ood_dev,35,4096,3147,3506,137062,143360,0.768310546875,0.7551419467309602,0.7809763451778803,0.85595703125,0.8448701134327965,0.8663769016746554,0.9560686383928572,0.6580178883829132,0.006
value_linear,12000,ood_dev,36,4096,3107,3484,140546,147456,0.758544921875,0.7452003684304953,0.7714049738183328,0.8505859375,0.8393401254338057,0.8611747673606395,0.9531385633680556,0.7094010199851322,0.006
value_linear,12500,dev,1,4096,4096,4096,4096,4096,1.0,0.9990630225926348,0.9999999999999999,1.0,0.9990630225926348,0.9999999999999999,1.0,8.435907839832169e-06,0.00625
value_linear,12500,dev,2,4096,4096,4096,8192,8192,1.0,0.9990630225926348,0.9999999999999999,1.0,0.9990630225926348,0.9999999999999999,1.0,8.92890065157248e-06,0.00625
value_linear,12500,dev,3,4096,4096,4096,12288,12288,1.0,0.9990630225926348,0.9999999999999999,1.0,0.9990630225926348,0.9999999999999999,1.0,1.2096451613763382e-05,0.00625
value_linear,12500,dev,4,4096,4096,4096,16384,16384,1.0,0.9990630225926348,0.9999999999999999,1.0,0.9990630225926348,0.9999999999999999,1.0,1.6961504790302673e-05,0.00625
value_linear,12500,dev,5,4096,4096,4096,20480,20480,1.0,0.9990630225926348,0.9999999999999999,1.0,0.9990630225926348,0.9999999999999999,1.0,4.317909336504222e-05,0.00625
value_linear,12500,dev,6,4096,4096,4096,24576,24576,1.0,0.9990630225926348,0.9999999999999999,1.0,0.9990630225926348,0.9999999999999999,1.0,0.00010507585820901388,0.00625
value_linear,12500,dev,7,4096,4095,4095,28671,28672,0.999755859375,0.9986182969663738,0.9999569018847606,0.999755859375,0.9986182969663738,0.9999569018847606,0.9999651227678571,0.0005217220762930852,0.00625
value_linear,12500,dev,8,4096,4093,4094,32765,32768,0.999267578125,0.9978486714629491,0.9997508799051849,0.99951171875,0.9982212896544476,0.9998660854551866,0.999908447265625,0.0015403697052390197,0.00625
value_linear,12500,dev,9,4096,4093,4095,36860,36864,0.999267578125,0.9978486714629491,0.9997508799051849,0.999755859375,0.9986182969663738,0.9999569018847606,0.9998914930555556,0.0016509700961087614,0.00625
value_linear,12500,dev,10,4096,4092,4094,40954,40960,0.9990234375,0.9974915571936952,0.9996201704329383,0.99951171875,0.9982212896544476,0.9998660854551866,0.999853515625,0.0022229760596367276,0.00625
value_linear,12500,dev,11,4096,4089,4090,45044,45056,0.998291015625,0.9964763422189936,0.9991719141831389,0.99853515625,0.9968075986857966,0.9993284814578364,0.9997336647727273,0.0055046458073257365,0.00625
value_linear,12500,dev,12,4096,4082,4083,49127,49152,0.99658203125,0.9942706398960515,0.9979628503155791,0.996826171875,0.9945771012522003,0.9981442127009305,0.9994913736979166,0.01000823229863046,0.00625
value_linear,12500,ood_dev,1,4096,4096,4096,4096,4096,1.0,0.9990630225926348,0.9999999999999999,1.0,0.9990630225926348,0.9999999999999999,1.0,8.557007250831195e-06,0.00625
value_linear,12500,ood_dev,2,4096,4096,4096,8192,8192,1.0,0.9990630225926348,0.9999999999999999,1.0,0.9990630225926348,0.9999999999999999,1.0,8.933327653060097e-06,0.00625
value_linear,12500,ood_dev,3,4096,4096,4096,12288,12288,1.0,0.9990630225926348,0.9999999999999999,1.0,0.9990630225926348,0.9999999999999999,1.0,1.2388800646079279e-05,0.00625
value_linear,12500,ood_dev,4,4096,4096,4096,16384,16384,1.0,0.9990630225926348,0.9999999999999999,1.0,0.9990630225926348,0.9999999999999999,1.0,2.0183884123614604e-05,0.00625
value_linear,12500,ood_dev,5,4096,4096,4096,20480,20480,1.0,0.9990630225926348,0.9999999999999999,1.0,0.9990630225926348,0.9999999999999999,1.0,5.2233729528727846e-05,0.00625
value_linear,12500,ood_dev,6,4096,4096,4096,24576,24576,1.0,0.9990630225926348,0.9999999999999999,1.0,0.9990630225926348,0.9999999999999999,1.0,6.854576892423303e-05,0.00625
value_linear,12500,ood_dev,7,4096,4096,4096,28672,28672,1.0,0.9990630225926348,0.9999999999999999,1.0,0.9990630225926348,0.9999999999999999,1.0,0.00019089946158395987,0.00625
value_linear,12500,ood_dev,8,4096,4096,4096,32768,32768,1.0,0.9990630225926348,0.9999999999999999,1.0,0.9990630225926348,0.9999999999999999,1.0,0.0003894083936166193,0.00625
value_linear,12500,ood_dev,9,4096,4092,4092,36860,36864,0.9990234375,0.9974915571936952,0.9996201704329383,0.9990234375,0.9974915571936952,0.9996201704329383,0.9998914930555556,0.0019902507672239778,0.00625
value_linear,12500,ood_dev,10,4096,4087,4089,40949,40960,0.997802734375,0.9958290482073086,0.9988435607118235,0.998291015625,0.9964763422189936,0.9991719141831389,0.9997314453125,0.004161656547541803,0.00625
value_linear,12500,ood_dev,11,4096,4085,4087,45036,45056,0.997314453125,0.9951972177470491,0.9984997436890822,0.997802734375,0.9958290482073086,0.9988435607118235,0.9995561079545454,0.006665633888371714,0.00625
value_linear,12500,ood_dev,12,4096,4078,4081,49117,49152,0.99560546875,0.9930638103960733,0.9972183848495558,0.996337890625,0.9939662587473084,0.9977794077228217,0.9992879231770834,0.010827415745513547,0.00625
value_linear,12500,ood_dev,13,4096,4068,4071,53188,53248,0.9931640625,0.9901378308615215,0.9952661269691047,0.993896484375,0.9910051126562461,0.995862316398881,0.9988731971153846,0.01926085538889677,0.00625
value_linear,12500,ood_dev,14,4096,4060,4070,57258,57344,0.9912109375,0.9878567926156614,0.9936445752829621,0.99365234375,0.99071517109395,0.9956644342196767,0.9985002790178571,0.021654109593958748,0.00625
value_linear,12500,ood_dev,15,4096,4044,4059,61317,61440,0.9873046875,0.9833908284717333,0.9903053595628853,0.990966796875,0.9875743543279273,0.993439189829196,0.997998046875,0.02997791791672011,0.00625
value_linear,12500,ood_dev,16,4096,4022,4043,65360,65536,0.98193359375,0.9773800946662805,0.9855839710553314,0.987060546875,0.983114860378963,0.9900935039141554,0.997314453125,0.03992134663403435,0.00625
value_linear,12500,ood_dev,17,4096,3990,4020,69380,69632,0.97412109375,0.9687965056840521,0.9785572003095498,0.9814453125,0.9768389428205996,0.9851494754180116,0.9963809742647058,0.05435761583545312,0.00625
value_linear,12500,ood_dev,18,4096,3971,4011,73391,73728,0.969482421875,0.963759047527144,0.974326007377952,0.979248046875,0.974412403486461,0.9831856010786475,0.9954291449652778,0.07279471494549972,0.00625
value_linear,12500,ood_dev,19,4096,3945,3992,77383,77824,0.963134765625,0.9569166329042106,0.9684850047218775,0.974609375,0.9693289612445153,0.9790003922320873,0.9943333675986842,0.08517066984350158,0.00625
value_linear,12500,ood_dev,20,4096,3911,3971,81354,81920,0.954833984375,0.9480368065317946,0.9607788238832828,0.969482421875,0.963759047527144,0.974326007377952,0.9930908203125,0.10932105138734666,0.00625
value_linear,12500,ood_dev,21,4096,3872,3945,85299,86016,0.9453125,0.9379229636648263,0.951867540831739,0.963134765625,0.9569166329042106,0.9684850047218775,0.9916643415178571,0.12929316709164534,0.00625
value_linear,12500,ood_dev,22,4096,3825,3921,89220,90112,0.933837890625,0.925811939428527,0.9410508492175237,0.957275390625,0.9506416766616401,0.9630521911684404,0.9901012073863636,0.15032412397965594,0.00625
value_linear,12500,ood_dev,23,4096,3778,3891,93111,94208,0.92236328125,0.913766751587586,0.9301683212079501,0.949951171875,0.9428418769954561,0.9562172785896152,0.9883555536684783,0.17886496712484284,0.00625
value_linear,12500,ood_dev,24,4096,3738,3868,96979,98304,0.91259765625,0.9035574064163541,0.9208647167191697,0.9443359375,0.9368892357284203,0.9509499738021437,0.9865214029947916,0.19744690209606286,0.00625
value_linear,12500,ood_dev,25,4096,3699,3846,100825,102400,0.903076171875,0.8936345097261459,0.9117624874908657,0.93896484375,0.9312141146512992,0.945892972566258,0.984619140625,0.2282195171244702,0.00625
value_linear,12500,ood_dev,26,4096,3652,3798,104623,106496,0.8916015625,0.8817114150371916,0.9007578663293054,0.92724609375,0.9188852789498749,0.9348062686756675,0.9824124849759616,0.2713223939291444,0.00625
value_linear,12500,ood_dev,27,4096,3597,3768,108391,110592,0.878173828125,0.8678011212225616,0.8878378543614185,0.919921875,0.911211096651605,0.9278457387289282,0.9800980179398148,0.3071916094595816,0.00625
value_linear,12500,ood_dev,28,4096,3548,3749,112140,114688,0.8662109375,0.8554417028962036,0.8762939093542614,0.915283203125,0.9063615365223625,0.9234266477696647,0.977783203125,0.3387570469512587,0.00625
value_linear,12500,ood_dev,29,4096,3499,3715,115855,118784,0.854248046875,0.8431100309661976,0.8647222179507521,0.906982421875,0.8977019985342092,0.9155001785468075,0.975341796875,0.3660193796102399,0.00625
value_linear,12500,ood_dev,30,4096,3462,3704,119559,122880,0.84521484375,0.8338150005188198,0.8559677699626185,0.904296875,0.8949051056361323,0.912931010288381,0.9729736328125,0.4060344765277712,0.00625
value_linear,12500,ood_dev,31,4096,3403,3668,123227,126976,0.830810546875,0.8190200915524753,0.8419810781804445,0.8955078125,0.8857663367312384,0.9045081244992638,0.9704747353830645,0.4494571918590588,0.00625
value_linear,12500,ood_dev,32,4096,3358,3645,126872,131072,0.81982421875,0.8077562437830561,0.8312928575823499,0.889892578125,0.8799386161345828,0.8991158990414121,0.96795654296875,0.4783496492027409,0.00625
value_linear,12500,ood_dev,33,4096,3317,3645,130517,135168,0.809814453125,0.7975078064837412,0.8215405214801522,0.889892578125,0.8799386161345828,0.8991158990414121,0.9655909682765151,0.4962687737604321,0.00625
value_linear,12500,ood_dev,34,4096,3260,3584,134101,139264,0.7958984375,0.7832808740198811,0.8079615006784946,0.875,0.8645192029666569,0.8847780639778193,0.9629265280330882,0.5382369520755746,0.00625
value_linear,12500,ood_dev,35,4096,3216,3580,137681,143360,0.78515625,0.7723142379078591,0.797463892164503,0.8740234375,0.863509812795288,0.8838361591831867,0.9603864397321429,0.581150212328096,0.00625
value_linear,12500,ood_dev,36,4096,3169,3538,141219,147456,0.773681640625,0.7606139243826091,0.7862364898392384,0.86376953125,0.8529228830570302,0.8739344917784316,0.95770263671875,0.6091943142011214,0.00625
value_linear,13000,dev,1,4096,4096,4096,4096,4096,1.0,0.9990630225926348,0.9999999999999999,1.0,0.9990630225926348,0.9999999999999999,1.0,7.369524088529644e-06,0.006500000000000001
value_linear,13000,dev,2,4096,4096,4096,8192,8192,1.0,0.9990630225926348,0.9999999999999999,1.0,0.9990630225926348,0.9999999999999999,1.0,7.214573025604576e-06,0.006500000000000001
value_linear,13000,dev,3,4096,4096,4096,12288,12288,1.0,0.9990630225926348,0.9999999999999999,1.0,0.9990630225926348,0.9999999999999999,1.0,9.251116891068056e-06,0.006500000000000001
value_linear,13000,dev,4,4096,4096,4096,16384,16384,1.0,0.9990630225926348,0.9999999999999999,1.0,0.9990630225926348,0.9999999999999999,1.0,1.2931980210240113e-05,0.006500000000000001
value_linear,13000,dev,5,4096,4096,4096,20480,20480,1.0,0.9990630225926348,0.9999999999999999,1.0,0.9990630225926348,0.9999999999999999,1.0,2.1168042905417295e-05,0.006500000000000001
value_linear,13000,dev,6,4096,4096,4096,24576,24576,1.0,0.9990630225926348,0.9999999999999999,1.0,0.9990630225926348,0.9999999999999999,1.0,4.620816321670995e-05,0.006500000000000001
value_linear,13000,dev,7,4096,4096,4096,28672,28672,1.0,0.9990630225926348,0.9999999999999999,1.0,0.9990630225926348,0.9999999999999999,1.0,6.99804253784242e-05,0.006500000000000001
value_linear,13000,dev,8,4096,4096,4096,32768,32768,1.0,0.9990630225926348,0.9999999999999999,1.0,0.9990630225926348,0.9999999999999999,1.0,0.00018856600065259022,0.006500000000000001
value_linear,13000,dev,9,4096,4094,4094,36862,36864,0.99951171875,0.9982212896544476,0.9998660854551866,0.99951171875,0.9982212896544476,0.9998660854551866,0.9999457465277778,0.0016456903616586804,0.006500000000000001
value_linear,13000,dev,10,4096,4094,4094,40956,40960,0.99951171875,0.9982212896544476,0.9998660854551866,0.99951171875,0.9982212896544476,0.9998660854551866,0.99990234375,0.0014289440757761507,0.006500000000000001
value_linear,13000,dev,11,4096,4089,4089,45045,45056,0.998291015625,0.9964763422189936,0.9991719141831389,0.998291015625,0.9964763422189936,0.9991719141831389,0.999755859375,0.00417912748458632,0.006500000000000001
value_linear,13000,dev,12,4096,4085,4091,49136,49152,0.997314453125,0.9951972177470491,0.9984997436890822,0.998779296875,0.997145424476127,0.9994784794090062,0.9996744791666666,0.00477178418325136,0.006500000000000001
value_linear,13000,ood_dev,1,4096,4096,4096,4096,4096,1.0,0.9990630225926348,0.9999999999999999,1.0,0.9990630225926348,0.9999999999999999,1.0,7.421677676144878e-06,0.006500000000000001
value_linear,13000,ood_dev,2,4096,4096,4096,8192,8192,1.0,0.9990630225926348,0.9999999999999999,1.0,0.9990630225926348,0.9999999999999999,1.0,7.211197239315181e-06,0.006500000000000001
value_linear,13000,ood_dev,3,4096,4096,4096,12288,12288,1.0,0.9990630225926348,0.9999999999999999,1.0,0.9990630225926348,0.9999999999999999,1.0,9.599235847590482e-06,0.006500000000000001
value_linear,13000,ood_dev,4,4096,4096,4096,16384,16384,1.0,0.9990630225926348,0.9999999999999999,1.0,0.9990630225926348,0.9999999999999999,1.0,1.5422181210478225e-05,0.006500000000000001
value_linear,13000,ood_dev,5,4096,4096,4096,20480,20480,1.0,0.9990630225926348,0.9999999999999999,1.0,0.9990630225926348,0.9999999999999999,1.0,5.0420395839301246e-05,0.006500000000000001
value_linear,13000,ood_dev,6,4096,4096,4096,24576,24576,1.0,0.9990630225926348,0.9999999999999999,1.0,0.9990630225926348,0.9999999999999999,1.0,7.801507520005524e-05,0.006500000000000001
value_linear,13000,ood_dev,7,4096,4096,4096,28672,28672,1.0,0.9990630225926348,0.9999999999999999,1.0,0.9990630225926348,0.9999999999999999,1.0,0.00040179401000678405,0.006500000000000001
value_linear,13000,ood_dev,8,4096,4096,4096,32768,32768,1.0,0.9990630225926348,0.9999999999999999,1.0,0.9990630225926348,0.9999999999999999,1.0,0.00037367498668777754,0.006500000000000001
value_linear,13000,ood_dev,9,4096,4093,4093,36861,36864,0.999267578125,0.9978486714629491,0.9997508799051849,0.999267578125,0.9978486714629491,0.9997508799051849,0.9999186197916666,0.0019224887209493557,0.006500000000000001
value_linear,13000,ood_dev,10,4096,4091,4091,40952,40960,0.998779296875,0.997145424476127,0.9994784794090062,0.998779296875,0.997145424476127,0.9994784794090062,0.9998046875,0.0028931315870174834,0.006500000000000001
value_linear,13000,ood_dev,11,4096,4088,4091,45043,45056,0.998046875,0.9961504506055915,0.9990099820550408,0.998779296875,0.997145424476127,0.9994784794090062,0.9997114701704546,0.00388550782650382,0.006500000000000001
value_linear,13000,ood_dev,12,4096,4082,4085,49128,49152,0.99658203125,0.9942706398960515,0.9979628503155791,0.997314453125,0.9951972177470491,0.9984997436890822,0.99951171875,0.008195249763245038,0.006500000000000001
value_linear,13000,ood_dev,13,4096,4074,4078,53206,53248,0.99462890625,0.9918806406223304,0.9964502596572975,0.99560546875,0.9930638103960733,0.9972183848495558,0.9992112379807693,0.010017670015843527,0.006500000000000001
value_linear,13000,ood_dev,14,4096,4065,4075,57281,57344,0.992431640625,0.9892775496501616,0.9946629369559636,0.994873046875,0.9921745882319427,0.9966441357891856,0.9989013671875,0.014303821715022424,0.006500000000000001
value_linear,13000,ood_dev,15,4096,4056,4070,61351,61440,0.990234375,0.9867300726317991,0.9928200003008232,0.99365234375,0.99071517109395,0.9956644342196767,0.9985514322916667,0.02261565311067598,0.006500000000000001
value_linear,13000,ood_dev,16,4096,4042,4066,65417,65536,0.98681640625,0.9828391999625007,0.9898813405891173,0.99267578125,0.9895635962243474,0.994864714123278,0.9981842041015625,0.023975156661121766,0.006500000000000001
value_linear,13000,ood_dev,17,4096,4012,4035,69452,69632,0.9794921875,0.9746813618391824,0.9834044664674263,0.985107421875,0.9809175425035267,0.9883882318575893,0.9974149816176471,0.04338111638997466,0.006500000000000001
value_linear,13000,ood_dev,18,4096,3988,4020,73472,73728,0.9736328125,0.9682644999293395,0.9781135585812619,0.9814453125,0.9768389428205996,0.9851494754180116,0.9965277777777778,0.05596752102857039,0.006500000000000001
value_linear,13000,ood_dev,19,4096,3966,4011,77483,77824,0.96826171875,0.9624390364554394,0.973206899742155,0.979248046875,0.974412403486461,0.9831856010786475,0.995618318256579,0.06888103685921271,0.006500000000000001
value_linear,13000,ood_dev,20,4096,3930,3981,81464,81920,0.95947265625,0.9529907280310358,0.9650935534725474,0.971923828125,0.9664058535023272,0.976557438817772,0.99443359375,0.0834475112893101,0.006500000000000001
value_linear,13000,ood_dev,21,4096,3890,3956,85420,86016,0.94970703125,0.9425826106663004,0.9559887211772704,0.9658203125,0.9598051873478303,0.9709625114347612,0.9930710565476191,0.10280949285862206,0.006500000000000001
value_linear,13000,ood_dev,22,4096,3858,3944,89364,90112,0.94189453125,0.9343075174163912,0.9486534546991697,0.962890625,0.9566544557025598,0.9682593581820278,0.99169921875,0.12253729244633649,0.006500000000000001
value_linear,13000,ood_dev,23,4096,3817,3913,93277,94208,0.931884765625,0.9237574760767748,0.9392027226372734,0.955322265625,0.9485573633564719,0.9612339145416062,0.9901176120923914,0.15050415562770791,0.006500000000000001
value_linear,13000,ood_dev,24,4096,3786,3901,97178,98304,0.92431640625,0.9158129772637488,0.93202468546379,0.952392578125,0.9454369948583105,0.9585003981417638,0.9885457356770834,0.18035338661274292,0.006500000000000001
value_linear,13000,ood_dev,25,4096,3745,3879,101057,102400,0.914306640625,0.9053415639344976,0.9224953253915283,0.947021484375,0.9397334817874256,0.9534717888996419,0.986884765625,0.2135626053428516,0.006500000000000001
value_linear,13000,ood_dev,26,4096,3690,3830,104887,106496,0.90087890625,0.891348537986598,0.909658045556911,0.93505859375,0.9270969345308054,0.942204972822747,0.9848914513221154,0.2428466373320755,0.006500000000000001
value_linear,13000,ood_dev,27,4096,3651,3799,108686,110592,0.891357421875,0.8814581130076249,0.9005233446173719,0.927490234375,0.9191414697140886,0.9350379016529541,0.9827654803240741,0.2723394383239046,0.006500000000000001
value_linear,13000,ood_dev,28,4096,3599,3769,112455,114688,0.878662109375,0.868306224878436,0.8883083981885448,0.920166015625,0.9114665583356981,0.9280781007863353,0.98052978515625,0.3097529156419511,0.006500000000000001
value_linear,13000,ood_dev,29,4096,3566,3773,116228,118784,0.87060546875,0.8599785032015212,0.8805379363959493,0.921142578125,0.9124886341356219,0.9290073199524128,0.9784819504310345,0.32083739688368473,0.006500000000000001
value_linear,13000,ood_dev,30,4096,3507,3708,119936,122880,0.856201171875,0.845121595652109,0.8666132431968432,0.9052734375,0.8959219033341888,0.9138655075563258,0.9760416666666667,0.3847932707871724,0.006500000000000001
value_linear,13000,ood_dev,31,4096,3462,3691,123627,126976,0.84521484375,0.8338150005188198,0.8559677699626185,0.901123046875,0.8916024659529467,0.9098919413320625,0.9736249369959677,0.4236208321099926,0.006500000000000001
value_linear,13000,ood_dev,32,4096,3413,3662,127289,131072,0.833251953125,0.8215254984383661,0.844353908709557,0.89404296875,0.8842452751338212,0.903102243647679,0.9711380004882812,0.4634674802671632,0.006500000000000001
value_linear,13000,ood_dev,33,4096,3369,3638,130927,135168,0.822509765625,0.8105080830320822,0.8339070794898272,0.88818359375,0.87816654371303,0.8974732052724629,0.9686242305871212,0.5002217866528668,0.006500000000000001
value_linear,13000,ood_dev,34,4096,3326,3616,134543,139264,0.81201171875,0.7997563511900377,0.8236823904473584,0.8828125,0.872601744036112,0.8923058826363739,0.9661003561580882,0.5336190198702557,0.006500000000000001
value_linear,13000,ood_dev,35,4096,3279,3573,138116,143360,0.800537109375,0.7880205851927248,0.8124904405941568,0.872314453125,0.8617438581631394,0.8821873476248334,0.9634207589285714,0.5651741074814287,0.006500000000000001
value_linear,13000,ood_dev,36,4096,3236,3571,141687,147456,0.7900390625,0.7772974517872059,0.8022371531151623,0.871826171875,0.8612394102878219,0.8817161480171501,0.96087646484375,0.610148389775118,0.006500000000000001
value_linear,13500,dev,1,4096,4096,4096,4096,4096,1.0,0.9990630225926348,0.9999999999999999,1.0,0.9990630225926348,0.9999999999999999,1.0,6.674500484249446e-06,0.006750000000000001
value_linear,13500,dev,2,4096,4096,4096,8192,8192,1.0,0.9990630225926348,0.9999999999999999,1.0,0.9990630225926348,0.9999999999999999,1.0,6.684652853750084e-06,0.006750000000000001
value_linear,13500,dev,3,4096,4096,4096,12288,12288,1.0,0.9990630225926348,0.9999999999999999,1.0,0.9990630225926348,0.9999999999999999,1.0,9.021960693245124e-06,0.006750000000000001
value_linear,13500,dev,4,4096,4096,4096,16384,16384,1.0,0.9990630225926348,0.9999999999999999,1.0,0.9990630225926348,0.9999999999999999,1.0,1.3839798176956686e-05,0.006750000000000001
value_linear,13500,dev,5,4096,4096,4096,20480,20480,1.0,0.9990630225926348,0.9999999999999999,1.0,0.9990630225926348,0.9999999999999999,1.0,2.860517717703792e-05,0.006750000000000001
value_linear,13500,dev,6,4096,4095,4095,24575,24576,0.999755859375,0.9986182969663738,0.9999569018847606,0.999755859375,0.9986182969663738,0.9999569018847606,0.9999593098958334,0.00043792399218137157,0.006750000000000001
value_linear,13500,dev,7,4096,4095,4095,28670,28672,0.999755859375,0.9986182969663738,0.9999569018847606,0.999755859375,0.9986182969663738,0.9999569018847606,0.9999302455357143,0.0014906072268582315,0.006750000000000001
value_linear,13500,dev,8,4096,4094,4094,32764,32768,0.99951171875,0.9982212896544476,0.9998660854551866,0.99951171875,0.9982212896544476,0.9998660854551866,0.9998779296875,0.003131488453826742,0.006750000000000001
value_linear,13500,dev,9,4096,4089,4089,36853,36864,0.998291015625,0.9964763422189936,0.9991719141831389,0.998291015625,0.9964763422189936,0.9991719141831389,0.9997016059027778,0.005935942585267917,0.006750000000000001
value_linear,13500,dev,10,4096,4078,4079,40932,40960,0.99560546875,0.9930638103960733,0.9972183848495558,0.995849609375,0.9933629968413301,0.9974070221457995,0.99931640625,0.009984418071543988,0.006750000000000001
value_linear,13500,dev,11,4096,4065,4070,45002,45056,0.992431640625,0.9892775496501616,0.9946629369559636,0.99365234375,0.99071517109395,0.9956644342196767,0.9988014914772727,0.019625250169788055,0.006750000000000001
value_linear,13500,dev,12,4096,4050,4065,49067,49152,0.98876953125,0.9850536128857085,0.9915695175979121,0.992431640625,0.9892775496501616,0.9946629369559636,0.9982706705729166,0.02571622055152198,0.006750000000000001
value_linear,13500,ood_dev,1,4096,4096,4096,4096,4096,1.0,0.9990630225926348,0.9999999999999999,1.0,0.9990630225926348,0.9999999999999999,1.0,6.7723466448676994e-06,0.006750000000000001
value_linear,13500,ood_dev,2,4096,4096,4096,8192,8192,1.0,0.9990630225926348,0.9999999999999999,1.0,0.9990630225926348,0.9999999999999999,1.0,6.73104387260981e-06,0.006750000000000001
value_linear,13500,ood_dev,3,4096,4096,4096,12288,12288,1.0,0.9990630225926348,0.9999999999999999,1.0,0.9990630225926348,0.9999999999999999,1.0,8.882148784583599e-06,0.006750000000000001
value_linear,13500,ood_dev,4,4096,4096,4096,16384,16384,1.0,0.9990630225926348,0.9999999999999999,1.0,0.9990630225926348,0.9999999999999999,1.0,1.5370323962593524e-05,0.006750000000000001
value_linear,13500,ood_dev,5,4096,4096,4096,20480,20480,1.0,0.9990630225926348,0.9999999999999999,1.0,0.9990630225926348,0.9999999999999999,1.0,3.278544915663595e-05,0.006750000000000001
value_linear,13500,ood_dev,6,4096,4096,4096,24576,24576,1.0,0.9990630225926348,0.9999999999999999,1.0,0.9990630225926348,0.9999999999999999,1.0,8.096172356580889e-05,0.006750000000000001
value_linear,13500,ood_dev,7,4096,4096,4096,28672,28672,1.0,0.9990630225926348,0.9999999999999999,1.0,0.9990630225926348,0.9999999999999999,1.0,0.0003906605330252222,0.006750000000000001
value_linear,13500,ood_dev,8,4096,4093,4093,32765,32768,0.999267578125,0.9978486714629491,0.9997508799051849,0.999267578125,0.9978486714629491,0.9997508799051849,0.999908447265625,0.002172320383078158,0.006750000000000001
value_linear,13500,ood_dev,9,4096,4088,4089,36854,36864,0.998046875,0.9961504506055915,0.9990099820550408,0.998291015625,0.9964763422189936,0.9991719141831389,0.9997287326388888,0.004136134775624134,0.006750000000000001
value_linear,13500,ood_dev,10,4096,4086,4089,40943,40960,0.99755859375,0.9955114747539533,0.9986733104236785,0.998291015625,0.9964763422189936,0.9991719141831389,0.9995849609375,0.004788710706583488,0.006750000000000001
value_linear,13500,ood_dev,11,4096,4080,4086,45029,45056,0.99609375,0.9936637657680687,0.9975940769605611,0.99755859375,0.9955114747539533,0.9986733104236785,0.9994007457386364,0.007164089121125483,0.006750000000000001
value_linear,13500,ood_dev,12,4096,4071,4080,49109,49152,0.993896484375,0.9910051126562461,0.995862316398881,0.99609375,0.9936637657680687,0.9975940769605611,0.9991251627604166,0.012064595749697565,0.006750000000000001
value_linear,13500,ood_dev,13,4096,4058,4071,53180,53248,0.99072265625,0.987292434466316,0.993233285949307,0.993896484375,0.9910051126562461,0.995862316398881,0.9987229567307693,0.020645752936879452,0.006750000000000001
value_linear,13500,ood_dev,14,4096,4032,4046,57226,57344,0.984375,0.9800978681444444,0.9877444349921706,0.98779296875,0.983943722660208,0.9907281128574114,0.9979422433035714,0.03776144136986756,0.006750000000000001
value_linear,13500,ood_dev,15,4096,4013,4039,61265,61440,0.979736328125,0.9749504777230061,0.9836231743251028,0.986083984375,0.9820139840883064,0.9892430852388108,0.9971516927083334,0.05107135957914888,0.006750000000000001
value_linear,13500,ood_dev,16,4096,3984,4017,65282,65536,0.97265625,0.9672017903723954,0.9772249731722046,0.980712890625,0.9760285730987803,0.9844963739153301,0.996124267578125,0.06378478134187018,0.006750000000000001
value_linear,13500,ood_dev,17,4096,3957,4005,69287,69632,0.966064453125,0.9600682201539498,0.971187302370142,0.977783203125,0.9728018164634368,0.9818692456526698,0.9950453814338235,0.0770839800167697,0.006750000000000001
value_linear,13500,ood_dev,18,4096,3917,3975,73262,73728,0.956298828125,0.9495990962030896,0.9621434766609898,0.970458984375,0.9648166459664846,0.9752197039046127,0.9936794704861112,0.10348196595012962,0.006750000000000001
value_linear,13500,ood_dev,19,4096,3877,3947,77209,77824,0.946533203125,0.9392159931236856,0.9530136300803813,0.963623046875,0.9574411905686989,0.9689360945403896,0.9920975534539473,0.12501136195560145,0.006750000000000001
value_linear,13500,ood_dev,20,4096,3838,3922,81131,81920,0.93701171875,0.9291545119210666,0.9440499853644883,0.95751953125,0.9509024574310025,0.9632792341405783,0.99036865234375,0.15731530558001477,0.006750000000000001
value_linear,13500,ood_dev,21,4096,3787,3885,85016,86016,0.924560546875,0.9160688647806251,0.932256621688414,0.948486328125,0.941286924101402,0.9548452890346674,0.9883742559523809,0.1910497778083834,0.006750000000000001
value_linear,13500,ood_dev,22,4096,3737,3850,88866,90112,0.912353515625,0.9033026080618216,0.9206316913322019,0.93994140625,0.9322447036840906,0.9468136784994678,0.9861727627840909,0.23000062977403135,0.006750000000000001
value_linear,13500,ood_dev,23,4096,3688,3813,92679,94208,0.900390625,0.8908407331020064,0.9091902029585018,0.930908203125,0.9227309300951754,0.9382779736528717,0.9837699558423914,0.2693081464562212,0.006750000000000001
value_linear,13500,ood_dev,24,4096,3642,3802,96481,98304,0.88916015625,0.8791790684271216,0.8984119755243726,0.92822265625,0.9199101986690307,0.935732643922513,0.9814554850260416,0.30322764516893136,0.006750000000000001
value_linear,13500,ood_dev,25,4096,3597,3759,100240,102400,0.878173828125,0.8678011212225616,0.8878378543614185,0.917724609375,0.9089129525352261,0.9257534691718042,0.97890625,0.3442061235570505,0.006750000000000001
value_linear,13500,ood_dev,26,4096,3541,3717,103957,106496,0.864501953125,0.8536784094847769,0.8746424365751859,0.907470703125,0.8982107631027751,0.9159670614612421,0.9761587289663461,0.39662994296752124,0.006750000000000001
value_linear,13500,ood_dev,27,4096,3488,3695,107652,110592,0.8515625,0.8403452097309037,0.8621209780295427,0.902099609375,0.8926183492901923,0.9108273529608181,0.9734157986111112,0.43263392428077346,0.006750000000000001
value_linear,13500,ood_dev,28,4096,3427,3655,111307,114688,0.836669921875,0.8250345481893915,0.8476743913395359,0.892333984375,0.882471412102709,0.9014613404882891,0.97052001953125,0.47378089464681195,0.006750000000000001
value_linear,13500,ood_dev,29,4096,3370,3616,114923,118784,0.82275390625,0.8107582989442972,0.8341446873191125,0.8828125,0.872601744036112,0.8923058826363739,0.9674956223060345,0.5141117135624156,0.006750000000000001
value_linear,13500,ood_dev,30,4096,3311,3580,118503,122880,0.808349609375,0.7960091161598218,0.8201122693550696,0.8740234375,0.863509812795288,0.8838361591831867,0.9643798828125,0.5664328746125272,0.006750000000000001
value_linear,13500,ood_dev,31,4096,3258,3545,122048,126976,0.79541015625,0.7827821042268083,0.8074846229885667,0.865478515625,0.8546859370558118,0.8755862039701523,0.9611895161290323,0.6311755560479586,0.006750000000000001
value_linear,13500,ood_dev,32,4096,3205,3524,125572,131072,0.782470703125,0.7695745952342299,0.7948374736816288,0.8603515625,0.8493984234403716,0.8706294190140859,0.958038330078125,0.6605350708735576,0.006750000000000001
value_linear,13500,ood_dev,33,4096,3151,3501,129073,135168,0.769287109375,0.7561366313321539,0.781932955542688,0.854736328125,0.8436128595565577,0.8651950368433927,0.9549079663825758,0.7075649658216605,0.006750000000000001
value_linear,13500,ood_dev,34,4096,3094,3466,132539,139264,0.75537109375,0.7419713764602902,0.768292257149034,0.84619140625,0.8348192165226498,0.8569148489247898,0.9517104204963235,0.7613594733261125,0.006750000000000001
value_linear,13500,ood_dev,35,4096,3044,3427,135966,143360,0.7431640625,0.7295610990022477,0.756311347532061,0.836669921875,0.8250345481893915,0.8476743913395359,0.9484235491071429,0.8150250444548814,0.006750000000000001
value_linear,13500,ood_dev,36,4096,2992,3407,139373,147456,0.73046875,0.7166688950205478,0.7438367169557449,0.831787109375,0.8200221498156435,0.8429303148832779,0.9451836480034722,0.8822941983802445,0.006750000000000001
value_linear,14000,dev,1,4096,4096,4096,4096,4096,1.0,0.9990630225926348,0.9999999999999999,1.0,0.9990630225926348,0.9999999999999999,1.0,6.541060382669883e-06,0.006999999999999999
value_linear,14000,dev,2,4096,4096,4096,8192,8192,1.0,0.9990630225926348,0.9999999999999999,1.0,0.9990630225926348,0.9999999999999999,1.0,6.347402339346164e-06,0.006999999999999999
value_linear,14000,dev,3,4096,4096,4096,12288,12288,1.0,0.9990630225926348,0.9999999999999999,1.0,0.9990630225926348,0.9999999999999999,1.0,7.66385836592498e-06,0.006999999999999999
value_linear,14000,dev,4,4096,4096,4096,16384,16384,1.0,0.9990630225926348,0.9999999999999999,1.0,0.9990630225926348,0.9999999999999999,1.0,9.543721844862407e-06,0.006999999999999999
value_linear,14000,dev,5,4096,4096,4096,20480,20480,1.0,0.9990630225926348,0.9999999999999999,1.0,0.9990630225926348,0.9999999999999999,1.0,1.2847284061756614e-05,0.006999999999999999
value_linear,14000,dev,6,4096,4096,4096,24576,24576,1.0,0.9990630225926348,0.9999999999999999,1.0,0.9990630225926348,0.9999999999999999,1.0,2.3290588237578902e-05,0.006999999999999999
value_linear,14000,dev,7,4096,4096,4096,28672,28672,1.0,0.9990630225926348,0.9999999999999999,1.0,0.9990630225926348,0.9999999999999999,1.0,6.290503147360349e-05,0.006999999999999999
value_linear,14000,dev,8,4096,4096,4096,32768,32768,1.0,0.9990630225926348,0.9999999999999999,1.0,0.9990630225926348,0.9999999999999999,1.0,0.00010478436070282537,0.006999999999999999
value_linear,14000,dev,9,4096,4096,4096,36864,36864,1.0,0.9990630225926348,0.9999999999999999,1.0,0.9990630225926348,0.9999999999999999,1.0,0.00014674980996304265,0.006999999999999999
value_linear,14000,dev,10,4096,4096,4096,40960,40960,1.0,0.9990630225926348,0.9999999999999999,1.0,0.9990630225926348,0.9999999999999999,1.0,0.00035085292372977195,0.006999999999999999
value_linear,14000,dev,11,4096,4093,4093,45053,45056,0.999267578125,0.9978486714629491,0.9997508799051849,0.999267578125,0.9978486714629491,0.9997508799051849,0.9999334161931818,0.0014574962118135693,0.006999999999999999
value_linear,14000,dev,12,4096,4091,4093,49146,49152,0.998779296875,0.997145424476127,0.9994784794090062,0.999267578125,0.9978486714629491,0.9997508799051849,0.9998779296875,0.0020353930198643844,0.006999999999999999
value_linear,14000,ood_dev,1,4096,4096,4096,4096,4096,1.0,0.9990630225926348,0.9999999999999999,1.0,0.9990630225926348,0.9999999999999999,1.0,6.51812668350793e-06,0.006999999999999999
value_linear,14000,ood_dev,2,4096,4096,4096,8192,8192,1.0,0.9990630225926348,0.9999999999999999,1.0,0.9990630225926348,0.9999999999999999,1.0,6.33663385879446e-06,0.006999999999999999
value_linear,14000,ood_dev,3,4096,4096,4096,12288,12288,1.0,0.9990630225926348,0.9999999999999999,1.0,0.9990630225926348,0.9999999999999999,1.0,7.700118002551548e-06,0.006999999999999999
value_linear,14000,ood_dev,4,4096,4096,4096,16384,16384,1.0,0.9990630225926348,0.9999999999999999,1.0,0.9990630225926348,0.9999999999999999,1.0,9.565688556700813e-06,0.006999999999999999
value_linear,14000,ood_dev,5,4096,4096,4096,20480,20480,1.0,0.9990630225926348,0.9999999999999999,1.0,0.9990630225926348,0.9999999999999999,1.0,1.4428311810033012e-05,0.006999999999999999
value_linear,14000,ood_dev,6,4096,4096,4096,24576,24576,1.0,0.9990630225926348,0.9999999999999999,1.0,0.9990630225926348,0.9999999999999999,1.0,2.556089282995666e-05,0.006999999999999999
value_linear,14000,ood_dev,7,4096,4096,4096,28672,28672,1.0,0.9990630225926348,0.9999999999999999,1.0,0.9990630225926348,0.9999999999999999,1.0,0.00013226782208181076,0.006999999999999999
value_linear,14000,ood_dev,8,4096,4095,4095,32767,32768,0.999755859375,0.9986182969663738,0.9999569018847606,0.999755859375,0.9986182969663738,0.9999569018847606,0.999969482421875,0.0003067590766148154,0.006999999999999999
value_linear,14000,ood_dev,9,4096,4095,4095,36862,36864,0.999755859375,0.9986182969663738,0.9999569018847606,0.999755859375,0.9986182969663738,0.9999569018847606,0.9999457465277778,0.0004904435685313402,0.006999999999999999
value_linear,14000,ood_dev,10,4096,4095,4096,40958,40960,0.999755859375,0.9986182969663738,0.9999569018847606,1.0,0.9990630225926348,0.9999999999999999,0.999951171875,0.0002912816784705896,0.006999999999999999
value_linear,14000,ood_dev,11,4096,4092,4093,45051,45056,0.9990234375,0.9974915571936952,0.9996201704329383,0.999267578125,0.9978486714629491,0.9997508799051849,0.9998890269886364,0.0015535697136144222,0.006999999999999999
value_linear,14000,ood_dev,12,4096,4086,4088,49139,49152,0.99755859375,0.9955114747539533,0.9986733104236785,0.998046875,0.9961504506055915,0.9990099820550408,0.9997355143229166,0.003353488985010533,0.006999999999999999
value_linear,14000,ood_dev,13,4096,4083,4091,53230,53248,0.996826171875,0.9945771012522003,0.9981442127009305,0.998779296875,0.997145424476127,0.9994784794090062,0.9996619591346154,0.0035584626399269847,0.006999999999999999
value_linear,14000,ood_dev,14,4096,4082,4092,57322,57344,0.99658203125,0.9942706398960515,0.9979628503155791,0.9990234375,0.9974915571936952,0.9996201704329383,0.9996163504464286,0.004354255844668253,0.006999999999999999
value_linear,14000,ood_dev,15,4096,4077,4084,61406,61440,0.995361328125,0.9927660832938955,0.9970282882102334,0.9970703125,0.9948858699188933,0.9983232677757378,0.9994466145833333,0.00785602833998078,0.006999999999999999
value_linear,14000,ood_dev,16,4096,4065,4076,65482,65536,0.992431640625,0.9892775496501616,0.9946629369559636,0.9951171875,0.9924697076331114,0.9968368401295172,0.999176025390625,0.013627963934927267,0.006999999999999999
value_linear,14000,ood_dev,17,4096,4054,4069,69551,69632,0.98974609375,0.9861695639225535,0.9924048615270683,0.993408203125,0.9904260923610462,0.9954656892110803,0.9988367417279411,0.018285405836360125,0.006999999999999999
value_linear,14000,ood_dev,18,4096,4040,4056,73607,73728,0.986328125,0.9822887695283722,0.9894561235402453,0.990234375,0.9867300726317991,0.9928200003008232,0.9983588324652778,0.028968022836536433,0.006999999999999999
value_linear,14000,ood_dev,19,4096,4022,4051,77658,77824,0.98193359375,0.9773800946662805,0.9855839710553314,0.989013671875,0.9853320021138738,0.991778952111247,0.9978669819078947,0.036101639958644904,0.006999999999999999
value_linear,14000,ood_dev,20,4096,4004,4034,81692,81920,0.9775390625,0.9725338897863597,0.9816493485882466,0.98486328125,0.9806440746636242,0.9881738759559913,0.997216796875,0.046267191702265675,0.006999999999999999
value_linear,14000,ood_dev,21,4096,3982,4026,85718,86016,0.97216796875,0.9666710641443907,0.9767800519172087,0.98291015625,0.9784647020408669,0.9864506586467462,0.9965355282738095,0.05546576798927122,0.006999999999999999
value_linear,14000,ood_dev,22,4096,3960,4013,89731,90112,0.966796875,0.9608577781251862,0.9718612156234064,0.979736328125,0.9749504777230061,0.9836231743251028,0.9957719282670454,0.0687876398832406,0.006999999999999999
value_linear,14000,ood_dev,23,4096,3936,4000,93731,94208,0.9609375,0.9545593952649127,0.9664518286876724,0.9765625,0.9714635423988935,0.9807684010097115,0.9949367357336957,0.08424161668020835,0.006999999999999999
value_linear,14000,ood_dev,24,4096,3898,3969,97700,98304,0.95166015625,0.9446579820358394,0.9578159397397341,0.968994140625,0.9632307842127183,0.973878623209377,0.9938557942708334,0.09730739102308272,0.006999999999999999
value_linear,14000,ood_dev,25,4096,3877,3959,101659,102400,0.946533203125,0.9392159931236856,0.9530136300803813,0.966552734375,0.9605945147420692,0.971636655265023,0.992763671875,0.11293824872270897,0.006999999999999999
value_linear,14000,ood_dev,26,4096,3850,3945,105604,106496,0.93994140625,0.9322447036840906,0.9468136784994678,0.963134765625,0.9569166329042106,0.9684850047218775,0.9916240985576923,0.12022907266632282,0.006999999999999999
value_linear,14000,ood_dev,27,4096,3823,3923,109527,110592,0.933349609375,0.9252981492851113,0.9405889918779389,0.957763671875,0.951163293350015,0.9635062219630662,0.9903700086805556,0.14516221286796183,0.006999999999999999
value_linear,14000,ood_dev,28,4096,3793,3903,113430,114688,0.926025390625,0.9176047113945596,0.9336477175234812,0.952880859375,0.9459565706946147,0.9589564697884603,0.9890311104910714,0.1705065990324633,0.006999999999999999
value_linear,14000,ood_dev,29,4096,3761,3884,117314,118784,0.918212890625,0.9094234956709693,0.9262185735190618,0.9482421875,0.9410279137807931,0.954616475613776,0.9876245959051724,0.19201727765404608,0.006999999999999999
value_linear,14000,ood_dev,30,4096,3729,3872,121186,122880,0.910400390625,0.9012649382880058,0.9187667711740153,0.9453125,0.9379229636648263,0.951867540831739,0.9862141927083333,0.21426591278933432,0.006999999999999999
value_linear,14000,ood_dev,31,4096,3688,3851,125037,126976,0.900390625,0.8908407331020064,0.9091902029585018,0.940185546875,0.9325024349976097,0.9470437709274493,0.9847293976814516,0.22355946061405213,0.006999999999999999
value_linear,14000,ood_dev,32,4096,3651,3831,128868,131072,0.891357421875,0.8814581130076249,0.9005233446173719,0.935302734375,0.9273540238865371,0.9424357072085155,0.983184814453125,0.24062392713855585,0.006999999999999999
value_linear,14000,ood_dev,33,4096,3621,3813,132681,135168,0.884033203125,0.8738658758000654,0.8934808695799222,0.930908203125,0.9227309300951754,0.9382779736528717,0.9816006747159091,0.2772447941886402,0.006999999999999999
value_linear,14000,ood_dev,34,4096,3585,3788,136469,139264,0.875244140625,0.864771581869222,0.8850135088167544,0.9248046875,0.9163247769466819,0.9324885332638574,0.9799302045036765,0.29403876805479084,0.006999999999999999
value_linear,14000,ood_dev,35,4096,3548,3756,140225,143360,0.8662109375,0.8554417028962036,0.8762939093542614,0.9169921875,0.9081473018069585,0.9250556486755709,0.9781319754464286,0.31705325014883246,0.006999999999999999
value_linear,14000,ood_dev,36,4096,3513,3742,143967,147456,0.857666015625,0.8466307109457992,0.8680310703521549,0.91357421875,0.9045768022865681,0.9217966158149569,0.9763387044270834,0.3389476682384434,0.006999999999999999
value_linear,14500,dev,1,4096,4096,4096,4096,4096,1.0,0.9990630225926348,0.9999999999999999,1.0,0.9990630225926348,0.9999999999999999,1.0,6.86393191445811e-06,0.0072499999999999995
value_linear,14500,dev,2,4096,4096,4096,8192,8192,1.0,0.9990630225926348,0.9999999999999999,1.0,0.9990630225926348,0.9999999999999999,1.0,7.2258524659030154e-06,0.0072499999999999995
value_linear,14500,dev,3,4096,4096,4096,12288,12288,1.0,0.9990630225926348,0.9999999999999999,1.0,0.9990630225926348,0.9999999999999999,1.0,1.0517695551492956e-05,0.0072499999999999995
value_linear,14500,dev,4,4096,4096,4096,16384,16384,1.0,0.9990630225926348,0.9999999999999999,1.0,0.9990630225926348,0.9999999999999999,1.0,1.7347410575491162e-05,0.0072499999999999995
value_linear,14500,dev,5,4096,4096,4096,20480,20480,1.0,0.9990630225926348,0.9999999999999999,1.0,0.9990630225926348,0.9999999999999999,1.0,4.515505988322843e-05,0.0072499999999999995
value_linear,14500,dev,6,4096,4096,4096,24576,24576,1.0,0.9990630225926348,0.9999999999999999,1.0,0.9990630225926348,0.9999999999999999,1.0,6.875710726056417e-05,0.0072499999999999995
value_linear,14500,dev,7,4096,4096,4096,28672,28672,1.0,0.9990630225926348,0.9999999999999999,1.0,0.9990630225926348,0.9999999999999999,1.0,0.0001850073823221332,0.0072499999999999995
value_linear,14500,dev,8,4096,4093,4093,32765,32768,0.999267578125,0.9978486714629491,0.9997508799051849,0.999267578125,0.9978486714629491,0.9997508799051849,0.999908447265625,0.0014881088456677738,0.0072499999999999995
value_linear,14500,dev,9,4096,4088,4089,36854,36864,0.998046875,0.9961504506055915,0.9990099820550408,0.998291015625,0.9964763422189936,0.9991719141831389,0.9997287326388888,0.004157835685239947,0.0072499999999999995
value_linear,14500,dev,10,4096,4084,4086,40940,40960,0.9970703125,0.9948858699188933,0.9983232677757378,0.99755859375,0.9955114747539533,0.9986733104236785,0.99951171875,0.007843554129292524,0.0072499999999999995
value_linear,14500,dev,11,4096,4078,4082,45022,45056,0.99560546875,0.9930638103960733,0.9972183848495558,0.99658203125,0.9942706398960515,0.9979628503155791,0.9992453835227273,0.012350388304243787,0.0072499999999999995
value_linear,14500,dev,12,4096,4073,4082,49104,49152,0.994384765625,0.991587789433178,0.9962552871049496,0.99658203125,0.9942706398960515,0.9979628503155791,0.9990234375,0.014857191604334269,0.0072499999999999995
value_linear,14500,ood_dev,1,4096,4096,4096,4096,4096,1.0,0.9990630225926348,0.9999999999999999,1.0,0.9990630225926348,0.9999999999999999,1.0,6.9030766741695615e-06,0.0072499999999999995
value_linear,14500,ood_dev,2,4096,4096,4096,8192,8192,1.0,0.9990630225926348,0.9999999999999999,1.0,0.9990630225926348,0.9999999999999999,1.0,7.238044575696989e-06,0.0072499999999999995
value_linear,14500,ood_dev,3,4096,4096,4096,12288,12288,1.0,0.9990630225926348,0.9999999999999999,1.0,0.9990630225926348,0.9999999999999999,1.0,1.0069073819118923e-05,0.0072499999999999995
value_linear,14500,ood_dev,4,4096,4096,4096,16384,16384,1.0,0.9990630225926348,0.9999999999999999,1.0,0.9990630225926348,0.9999999999999999,1.0,1.7202212177436227e-05,0.0072499999999999995
value_linear,14500,ood_dev,5,4096,4096,4096,20480,20480,1.0,0.9990630225926348,0.9999999999999999,1.0,0.9990630225926348,0.9999999999999999,1.0,3.3919944391086476e-05,0.0072499999999999995
value_linear,14500,ood_dev,6,4096,4096,4096,24576,24576,1.0,0.9990630225926348,0.9999999999999999,1.0,0.9990630225926348,0.9999999999999999,1.0,7.666832539293678e-05,0.0072499999999999995
value_linear,14500,ood_dev,7,4096,4096,4096,28672,28672,1.0,0.9990630225926348,0.9999999999999999,1.0,0.9990630225926348,0.9999999999999999,1.0,0.00034445358124224335,0.0072499999999999995
value_linear,14500,ood_dev,8,4096,4095,4095,32767,32768,0.999755859375,0.9986182969663738,0.9999569018847606,0.999755859375,0.9986182969663738,0.9999569018847606,0.999969482421875,0.0008068251421799733,0.0072499999999999995
value_linear,14500,ood_dev,9,4096,4091,4092,36859,36864,0.998779296875,0.997145424476127,0.9994784794090062,0.9990234375,0.9974915571936952,0.9996201704329383,0.9998643663194444,0.0023176654120833917,0.0072499999999999995
value_linear,14500,ood_dev,10,4096,4088,4089,40948,40960,0.998046875,0.9961504506055915,0.9990099820550408,0.998291015625,0.9964763422189936,0.9991719141831389,0.99970703125,0.0056194785632374955,0.0072499999999999995
value_linear,14500,ood_dev,11,4096,4084,4087,45035,45056,0.9970703125,0.9948858699188933,0.9983232677757378,0.997802734375,0.9958290482073086,0.9988435607118235,0.9995339133522727,0.007565297265095444,0.0072499999999999995
value_linear,14500,ood_dev,12,4096,4077,4081,49116,49152,0.995361328125,0.9927660832938955,0.9970282882102334,0.996337890625,0.9939662587473084,0.9977794077228217,0.999267578125,0.012033767418841185,0.0072499999999999995
value_linear,14500,ood_dev,13,4096,4066,4069,53185,53248,0.99267578125,0.9895635962243474,0.994864714123278,0.993408203125,0.9904260923610462,0.9954656892110803,0.9988168569711539,0.022987544978815083,0.0072499999999999995
value_linear,14500,ood_dev,14,4096,4046,4057,57242,57344,0.98779296875,0.983943722660208,0.9907281128574114,0.990478515625,0.9870110133784079,0.9930268832957149,0.9982212611607143,0.030919087273837242,0.0072499999999999995
value_linear,14500,ood_dev,15,4096,4020,4040,61282,61440,0.9814453125,0.9768389428205996,0.9851494754180116,0.986328125,0.9822887695283722,0.9894561235402453,0.9974283854166667,0.04326274494926158,0.0072499999999999995
value_linear,14500,ood_dev,16,4096,4001,4039,65321,65536,0.976806640625,0.9717309295309884,0.9809888376191169,0.986083984375,0.9820139840883064,0.9892430852388108,0.9967193603515625,0.04369975221456662,0.0072499999999999995
value_linear,14500,ood_dev,17,4096,3966,4006,69327,69632,0.96826171875,0.9624390364554394,0.973206899742155,0.97802734375,0.9730698833974413,0.9820890024601655,0.9956198299632353,0.06738942106493787,0.0072499999999999995
value_linear,14500,ood_dev,18,4096,3929,3985,73312,73728,0.959228515625,0.9527294929498811,0.9648669648122019,0.972900390625,0.9674673085801575,0.977447278705943,0.9943576388888888,0.08690528142086051,0.0072499999999999995
value_linear,14500,ood_dev,19,4096,3895,3973,77285,77824,0.950927734375,0.9438793823249059,0.9571310682261667,0.969970703125,0.964287665331574,0.9747730370565226,0.9930741159539473,0.10145677255853444,0.0072499999999999995
value_linear,14500,ood_dev,20,4096,3855,3946,81231,81920,0.941162109375,0.9335337022688429,0.9479637986222172,0.96337890625,0.9571788776441608,0.9687105837234276,0.99158935546875,0.12155467851270624,0.0072499999999999995
value_linear,14500,ood_dev,21,4096,3826,3940,85171,86016,0.93408203125,0.9260688787441457,0.9412817336434055,0.9619140625,0.9556064097149912,0.9673561092035952,0.9901762462797619,0.140708862393911,0.0072499999999999995
value_linear,14500,ood_dev,22,4096,3783,3917,89088,90112,0.923583984375,0.915045461521617,0.9313287299814208,0.956298828125,0.9495990962030896,0.9621434766609898,0.9886363636363636,0.16450899320939633,0.0072499999999999995
value_linear,14500,ood_dev,23,4096,3728,3863,92951,94208,0.91015625,0.9010103180945493,0.9185335676259713,0.943115234375,0.935597920457735,0.9498021703653275,0.9866571841032609,0.20323167354683241,0.0072499999999999995
value_linear,14500,ood_dev,24,4096,3683,3848,96799,98304,0.899169921875,0.8895715160954258,0.9080203012575809,0.939453125,0.9317293423030818,0.9463533923974762,0.9846903483072916,0.23385333487228022,0.0072499999999999995
value_linear,14500,ood_dev,25,4096,3633,3809,100608,102400,0.886962890625,0.8769012144234478,0.8962994158545434,0.929931640625,0.9217048293210383,0.9373527794610076,0.9825,0.26967933397597504,0.0072499999999999995
value_linear,14500,ood_dev,26,4096,3572,3764,104372,106496,0.8720703125,0.86149162812159,0.8819517539248823,0.9189453125,0.9101894761317266,0.9269160642828052,0.9800555889423077,0.31441191709991373,0.0072499999999999995
value_linear,14500,ood_dev,27,4096,3518,3737,108109,110592,0.85888671875,0.8478886002014501,0.8692122998040055,0.912353515625,0.9033026080618216,0.9206316913322019,0.9775481047453703,0.3531703300782993,0.0072499999999999995
value_linear,14500,ood_dev,28,4096,3463,3688,111797,114688,0.845458984375,0.8340660400464522,0.8562045541764863,0.900390625,0.8908407331020064,0.9091902029585018,0.97479248046875,0.39252620322219334,0.0072499999999999995
value_linear,14500,ood_dev,29,4096,3416,3667,115464,118784,0.833984375,0.8222772911934153,0.8450655871790087,0.895263671875,0.885512787041495,0.9042738504475069,0.9720501077586207,0.43191475145903785,0.0072499999999999995
value_linear,14500,ood_dev,30,4096,3360,3619,119083,122880,0.8203125,0.8082565055194743,0.8317682433289325,0.883544921875,0.8733601817939964,0.8930109161029904,0.9690999348958333,0.48398423854874295,0.0072499999999999995
value_linear,14500,ood_dev,31,4096,3298,3600,122683,126976,0.80517578125,0.7927628728652671,0.8170168040101202,0.87890625,0.8685587962878935,0.8885436505205876,0.9661904611895161,0.5223570101003867,0.0072499999999999995
value_linear,14500,ood_dev,32,4096,3244,3576,126259,131072,0.7919921875,0.779291488476834,0.8041457063575366,0.873046875,0.8625006218334564,0.8828940551790171,0.9632797241210938,0.5733005034459401,0.0072499999999999995
value_linear,14500,ood_dev,33,4096,3190,3541,129800,135168,0.77880859375,0.7658399814639417,0.7912547313294122,0.864501953125,0.8536784094847769,0.8746424365751859,0.9602864583333334,0.6306469552852735,0.0072499999999999995
value_linear,14500,ood_dev,34,4096,3143,3517,133317,139264,0.767333984375,0.7541473591557158,0.7800196377871235,0.858642578125,0.8476370008754903,0.868976075388465,0.9572969324448529,0.6686676747675911,0.0072499999999999995
value_linear,14500,ood_dev,35,4096,3099,3490,136807,143360,0.756591796875,0.7432131810659658,0.7694895712508599,0.85205078125,0.8408478125539957,0.8625940226894514,0.9542898995535715,0.72099147670343,0.0072499999999999995
value_linear,14500,ood_dev,36,4096,3040,3447,140254,147456,0.7421875,0.7285688754471626,0.7553522761211449,0.841552734375,0.8300505515045329,0.8524148628544008,0.9511583116319444,0.7860032650191413,0.0072499999999999995
value_linear,15000,dev,1,102400,102400,102400,102400,102400,1.0,0.9999624871609701,1.0,1.0,0.9999624871609701,1.0,1.0,6.271522652028239e-06,0.0075
value_linear,15000,dev,2,102400,102400,102400,204800,204800,1.0,0.9999624871609701,1.0,1.0,0.9999624871609701,1.0,1.0,6.422150737782628e-06,0.0075
value_linear,15000,dev,3,102400,102400,102400,307200,307200,1.0,0.9999624871609701,1.0,1.0,0.9999624871609701,1.0,1.0,8.092388988010236e-06,0.0075
value_linear,15000,dev,4,102400,102400,102400,409600,409600,1.0,0.9999624871609701,1.0,1.0,0.9999624871609701,1.0,1.0,1.253427493428716e-05,0.0075
value_linear,15000,dev,5,102400,102400,102400,512000,512000,1.0,0.9999624871609701,1.0,1.0,0.9999624871609701,1.0,1.0,2.1240771664244873e-05,0.0075
value_linear,15000,dev,6,102400,102399,102399,614399,614400,0.999990234375,0.9999446805183295,0.9999982761253133,0.999990234375,0.9999446805183295,0.9999982761253133,0.9999983723958333,5.750164031176896e-05,0.0075
value_linear,15000,dev,7,102400,102397,102398,716797,716800,0.999970703125,0.9999138592392058,0.9999900363697822,0.99998046875,0.9999287823158808,0.9999946438104347,0.9999958147321428,0.00016994504981203805,0.0075
value_linear,15000,dev,8,102400,102387,102389,819186,819200,0.999873046875,0.9997827872309603,0.9999258032047541,0.999892578125,0.9998076372259771,0.9999400142443918,0.99998291015625,0.00048455070343983995,0.0075
value_linear,15000,dev,9,102400,102369,102373,921559,921600,0.999697265625,0.9995703338469782,0.9997867072768437,0.999736328125,0.9996163891811771,0.9998187740119542,0.9999555121527778,0.0008627697965973047,0.0075
value_linear,15000,dev,10,102400,102318,102337,1023896,1024000,0.99919921875,0.9990062333665538,0.9993547513735724,0.999384765625,0.9992130096490762,0.99951905492027,0.9998984375,0.00187915862826325,0.0075
value_linear,15000,dev,11,102400,102252,102291,1126187,1126400,0.9985546875,0.9983025561101061,0.9987694144864142,0.998935546875,0.9987162351185682,0.9991174256537193,0.9998109019886363,0.0031537404380941924,0.0075
value_linear,15000,dev,12,102400,102156,102227,1228414,1228800,0.9976171875,0.9972993189798128,0.9978977219532806,0.998310546875,0.9980396266683705,0.9985440809949658,0.9996858723958333,0.005161351486207286,0.0075
value_linear,15000,ood_dev,1,102400,102400,102400,102400,102400,1.0,0.9999624871609701,1.0,1.0,0.9999624871609701,1.0,1.0,6.2674679764906925e-06,0.0075
value_linear,15000,ood_dev,2,102400,102400,102400,204800,204800,1.0,0.9999624871609701,1.0,1.0,0.9999624871609701,1.0,1.0,6.418244799660799e-06,0.0075
value_linear,15000,ood_dev,3,102400,102400,102400,307200,307200,1.0,0.9999624871609701,1.0,1.0,0.9999624871609701,1.0,1.0,7.995155885294203e-06,0.0075
value_linear,15000,ood_dev,4,102400,102400,102400,409600,409600,1.0,0.9999624871609701,1.0,1.0,0.9999624871609701,1.0,1.0,1.1933120695617472e-05,0.0075
value_linear,15000,ood_dev,5,102400,102399,102399,511999,512000,0.999990234375,0.9999446805183295,0.9999982761253133,0.999990234375,0.9999446805183295,0.9999982761253133,0.999998046875,2.8509819961293204e-05,0.0075
value_linear,15000,ood_dev,6,102400,102398,102398,614397,614400,0.99998046875,0.9999287823158808,0.9999946438104347,0.99998046875,0.9999287823158808,0.9999946438104347,0.9999951171875,9.405813415023889e-05,0.0075
value_linear,15000,ood_dev,7,102400,102395,102396,716793,716800,0.999951171875,0.9998856912053655,0.9999791433689678,0.9999609375,0.9998995558365923,0.9999848092550684,0.999990234375,0.0001979937159939349,0.0075
value_linear,15000,ood_dev,8,102400,102386,102390,819183,819200,0.99986328125,0.9997705055160856,0.9999185544023014,0.99990234375,0.9998202295599984,0.9999469524276979,0.999979248046875,0.0005164120786141125,0.0075
value_linear,15000,ood_dev,9,102400,102359,102361,921544,921600,0.999599609375,0.9994569122761486,0.9997048236743996,0.999619140625,0.9994794317923406,0.9997213651928625,0.9999392361111111,0.0010714817904867546,0.0075
value_linear,15000,ood_dev,10,102400,102315,102334,1023878,1024000,0.999169921875,0.9989738174076627,0.9993285757804814,0.99935546875,0.9991801685991595,0.9994933044182046,0.999880859375,0.002023203282833539,0.0075
value_linear,15000,ood_dev,11,102400,102248,102289,1126167,1126400,0.998515625,0.9982603863525956,0.9987334621746153,0.998916015625,0.9986948905496533,0.9990997091879794,0.9997931463068181,0.0033050263654793156,0.0075
value_linear,15000,ood_dev,12,102400,102132,102206,1228373,1228800,0.9973828125,0.9970506748928116,0.9976776336244253,0.99810546875,0.9978197932403128,0.9983537735591488,0.9996525065104167,0.005536832006233744,0.0075
value_linear,15000,ood_dev,13,102400,101982,102105,1330478,1331200,0.99591796875,0.995508405629958,0.9962903252881746,0.997119140625,0.9967716980491369,0.9974292865002611,0.9994576322115385,0.008382019967621444,0.0075
value_linear,15000,ood_dev,14,102400,101781,101970,1432448,1433600,0.993955078125,0.9934614329345833,0.9944116640007491,0.99580078125,0.9953856863833869,0.9961786783268173,0.9991964285714285,0.012059691677211519,0.0075
value_linear,15000,ood_dev,15,102400,101504,101793,1534241,1536000,0.99125,0.9906608662346471,0.9918022774010059,0.994072265625,0.9935832089588773,0.9945242541843834,0.9988548177083333,0.01803745070417319,0.0075
value_linear,15000,ood_dev,16,102400,101187,101618,1635859,1638400,0.988154296875,0.9874730840304805,0.9887988856123987,0.99236328125,0.9918113055313625,0.9928783170796097,0.9984490966796875,0.024119842441177434,0.0075
value_linear,15000,ood_dev,17,102400,100792,101358,1737217,1740800,0.984296875,0.9835170327632492,0.9850403825353216,0.98982421875,0.9891908840953392,0.9904208040105191,0.9979417509191176,0.031354541101003074,0.0075
value_linear,15000,ood_dev,18,102400,100336,101079,1838296,1843200,0.97984375,0.9789648190011747,0.9806866803961188,0.987099609375,0.9863899460619912,0.9877727277095327,0.9973394097222222,0.0418104905057666,0.0075
value_linear,15000,ood_dev,19,102400,99779,100689,1938985,1945600,0.974404296875,0.9734190772225365,0.9753539240234158,0.983291015625,0.9824876109539814,0.984058161059871,0.9966000205592105,0.05266740104295011,0.0075
value_linear,15000,ood_dev,20,102400,99184,100357,2039342,2048000,0.96859375,0.9675077870903628,0.9696445563458089,0.980048828125,0.9791741886876152,0.980887451573553,0.9957724609375,0.06500265555683156,0.0075
value_linear,15000,ood_dev,21,102400,98511,99889,2139231,2150400,0.962021484375,0.9608333089130471,0.9631749963618094,0.975478515625,0.9745132446198745,0.9764081135320877,0.9948060825892857,0.08104003008973158,0.0075
value_linear,15000,ood_dev,22,102400,97794,99504,2238735,2252800,0.95501953125,0.9537329193979499,0.9562720049531878,0.97171875,0.9706855648304794,0.9727165441504483,0.9937566583806818,0.09602838473642582,0.0075
value_linear,15000,ood_dev,23,102400,97012,99004,2337739,2355200,0.9473828125,0.945998460933738,0.9487335988674019,0.9668359375,0.9657215540927662,0.9679152962244801,0.9925861922554348,0.11426647336310401,0.0075
value_linear,15000,ood_dev,24,102400,96154,98531,2436270,2457600,0.93900390625,0.9375215455927565,0.940453330341506,0.962216796875,0.9610315093358297,0.9633674062855739,0.99132080078125,0.13178782998570254,0.0075
value_linear,15000,ood_dev,25,102400,95241,97946,2534216,2560000,0.930087890625,0.9285098636008399,0.9316336500135406,0.95650390625,0.9552373879200006,0.9577361750648962,0.989928125,0.15420518166402142,0.0075
value_linear,15000,ood_dev,26,102400,94278,97376,2631592,2662400,0.92068359375,0.9190126281659261,0.922322997262204,0.9509375,0.9495975339511883,0.9522436341571116,0.9884284855769231,0.17827220540434777,0.0075
value_linear,15000,ood_dev,27,102400,93328,96811,2728403,2764800,0.91140625,0.9096503548268581,0.9131312791402776,0.945419921875,0.9440118169581901,0.9467946088601498,0.9868355758101852,0.20270163769055893,0.0075
value_linear,15000,ood_dev,28,102400,92323,96262,2824665,2867200,0.901591796875,0.8997523096095489,0.9034011544435873,0.94005859375,0.9385881043878797,0.9414960674177382,0.9851649693080358,0.22769137091978675,0.0075
value_linear,15000,ood_dev,29,102400,91254,95595,2920260,2969600,0.89115234375,0.8892300660390721,0.8930452749911132,0.933544921875,0.9320030384849256,0.9350542782633413,0.9833849676724138,0.2541532023778979,0.0075
value_linear,15000,ood_dev,30,102400,90206,95029,3015289,3072000,0.88091796875,0.8789199059331988,0.8828874529379104,0.928017578125,0.9264184391583373,0.9295846047826423,0.9815393880208333,0.28250338098064964,0.0075
value_linear,15000,ood_dev,31,102400,89064,94360,3109649,3174400,0.869765625,0.8676903471021468,0.8718131609811143,0.921484375,0.9198210389726528,0.9231160888763214,0.9796021295362903,0.31117323050114654,0.0075
value_linear,15000,ood_dev,32,102400,87958,93741,3203390,3276800,0.85896484375,0.8568195604867059,0.8610831954324922,0.915439453125,0.913719722685178,0.9171280149381583,0.9775970458984375,0.3451723002720614,0.0075
value_linear,15000,ood_dev,33,102400,86842,93117,3296507,3379200,0.84806640625,0.8458547835262028,0.8502519150556583,0.909345703125,0.907571754851069,0.911088939959993,0.9755288233901516,0.37631624959503235,0.0075
value_linear,15000,ood_dev,34,102400,85703,92486,3388993,3481600,0.836943359375,0.8346680871651976,0.8391933521807974,0.90318359375,0.90135726418919,0.9049796741883063,0.9734010225183823,0.4110942308082104,0.0075
value_linear,15000,ood_dev,35,102400,84575,91812,3480805,3584000,0.825927734375,0.8235931358227275,0.8282378799780024,0.8966015625,0.894721763500319,0.8984516061985349,0.9712067522321428,0.4449232987056272,0.0075
value_linear,15000,ood_dev,36,102400,83375,91096,3571901,3686400,0.814208984375,0.8118150119726728,0.8165793830352219,0.889609375,0.8876753471010144,0.8915141721914479,0.9689401584201389,0.48420575984576353,0.0075
value_linear,15500,dev,1,4096,4096,4096,4096,4096,1.0,0.9990630225926348,0.9999999999999999,1.0,0.9990630225926348,0.9999999999999999,1.0,5.437013005427094e-06,0.007750000000000001
value_linear,15500,dev,2,4096,4096,4096,8192,8192,1.0,0.9990630225926348,0.9999999999999999,1.0,0.9990630225926348,0.9999999999999999,1.0,5.495509421249434e-06,0.007750000000000001
value_linear,15500,dev,3,4096,4096,4096,12288,12288,1.0,0.9990630225926348,0.9999999999999999,1.0,0.9990630225926348,0.9999999999999999,1.0,6.93861494802106e-06,0.007750000000000001
value_linear,15500,dev,4,4096,4096,4096,16384,16384,1.0,0.9990630225926348,0.9999999999999999,1.0,0.9990630225926348,0.9999999999999999,1.0,8.39693950158149e-06,0.007750000000000001
value_linear,15500,dev,5,4096,4096,4096,20480,20480,1.0,0.9990630225926348,0.9999999999999999,1.0,0.9990630225926348,0.9999999999999999,1.0,1.2852923657075133e-05,0.007750000000000001
value_linear,15500,dev,6,4096,4096,4096,24576,24576,1.0,0.9990630225926348,0.9999999999999999,1.0,0.9990630225926348,0.9999999999999999,1.0,2.3357069439511324e-05,0.007750000000000001
value_linear,15500,dev,7,4096,4096,4096,28672,28672,1.0,0.9990630225926348,0.9999999999999999,1.0,0.9990630225926348,0.9999999999999999,1.0,5.3141601723427634e-05,0.007750000000000001
value_linear,15500,dev,8,4096,4096,4096,32768,32768,1.0,0.9990630225926348,0.9999999999999999,1.0,0.9990630225926348,0.9999999999999999,1.0,8.952667636455414e-05,0.007750000000000001
value_linear,15500,dev,9,4096,4096,4096,36864,36864,1.0,0.9990630225926348,0.9999999999999999,1.0,0.9990630225926348,0.9999999999999999,1.0,0.00018882130966826893,0.007750000000000001
value_linear,15500,dev,10,4096,4095,4095,40959,40960,0.999755859375,0.9986182969663738,0.9999569018847606,0.999755859375,0.9986182969663738,0.9999569018847606,0.9999755859375,0.0005808838142918604,0.007750000000000001
value_linear,15500,dev,11,4096,4094,4095,45054,45056,0.99951171875,0.9982212896544476,0.9998660854551866,0.999755859375,0.9986182969663738,0.9999569018847606,0.9999556107954546,0.0011020929925283085,0.007750000000000001
value_linear,15500,dev,12,4096,4089,4089,49143,49152,0.998291015625,0.9964763422189936,0.9991719141831389,0.998291015625,0.9964763422189936,0.9991719141831389,0.99981689453125,0.003849796945467554,0.007750000000000001
value_linear,15500,ood_dev,1,4096,4096,4096,4096,4096,1.0,0.9990630225926348,0.9999999999999999,1.0,0.9990630225926348,0.9999999999999999,1.0,5.456453942342954e-06,0.007750000000000001
value_linear,15500,ood_dev,2,4096,4096,4096,8192,8192,1.0,0.9990630225926348,0.9999999999999999,1.0,0.9990630225926348,0.9999999999999999,1.0,5.4130017246301065e-06,0.007750000000000001
value_linear,15500,ood_dev,3,4096,4096,4096,12288,12288,1.0,0.9990630225926348,0.9999999999999999,1.0,0.9990630225926348,0.9999999999999999,1.0,6.853166856751747e-06,0.007750000000000001
value_linear,15500,ood_dev,4,4096,4096,4096,16384,16384,1.0,0.9990630225926348,0.9999999999999999,1.0,0.9990630225926348,0.9999999999999999,1.0,9.560265498864684e-06,0.007750000000000001
value_linear,15500,ood_dev,5,4096,4096,4096,20480,20480,1.0,0.9990630225926348,0.9999999999999999,1.0,0.9990630225926348,0.9999999999999999,1.0,1.4586190488885542e-05,0.007750000000000001
value_linear,15500,ood_dev,6,4096,4096,4096,24576,24576,1.0,0.9990630225926348,0.9999999999999999,1.0,0.9990630225926348,0.9999999999999999,1.0,7.576600837061465e-05,0.007750000000000001
value_linear,15500,ood_dev,7,4096,4096,4096,28672,28672,1.0,0.9990630225926348,0.9999999999999999,1.0,0.9990630225926348,0.9999999999999999,1.0,5.8545347058902575e-05,0.007750000000000001
value_linear,15500,ood_dev,8,4096,4096,4096,32768,32768,1.0,0.9990630225926348,0.9999999999999999,1.0,0.9990630225926348,0.9999999999999999,1.0,0.00010313565062755603,0.007750000000000001
value_linear,15500,ood_dev,9,4096,4095,4095,36863,36864,0.999755859375,0.9986182969663738,0.9999569018847606,0.999755859375,0.9986182969663738,0.9999569018847606,0.9999728732638888,0.0006102212101125326,0.007750000000000001
value_linear,15500,ood_dev,10,4096,4095,4095,40958,40960,0.999755859375,0.9986182969663738,0.9999569018847606,0.999755859375,0.9986182969663738,0.9999569018847606,0.999951171875,0.0008570074336653188,0.007750000000000001
value_linear,15500,ood_dev,11,4096,4089,4089,45047,45056,0.998291015625,0.9964763422189936,0.9991719141831389,0.998291015625,0.9964763422189936,0.9991719141831389,0.9998002485795454,0.0041366308391242446,0.007750000000000001
value_linear,15500,ood_dev,12,4096,4086,4089,49136,49152,0.99755859375,0.9955114747539533,0.9986733104236785,0.998291015625,0.9964763422189936,0.9991719141831389,0.9996744791666666,0.007165615941441605,0.007750000000000001
value_linear,15500,ood_dev,13,4096,4079,4085,53221,53248,0.995849609375,0.9933629968413301,0.9974070221457995,0.997314453125,0.9951972177470491,0.9984997436890822,0.9994929387019231,0.008835600500830626,0.007750000000000001
value_linear,15500,ood_dev,14,4096,4076,4085,57306,57344,0.9951171875,0.9924697076331114,0.9968368401295172,0.997314453125,0.9951972177470491,0.9984997436890822,0.9993373325892857,0.009617909181345308,0.007750000000000001
value_linear,15500,ood_dev,15,4096,4065,4076,61382,61440,0.992431640625,0.9892775496501616,0.9946629369559636,0.9951171875,0.9924697076331114,0.9968368401295172,0.9990559895833333,0.015423122080506058,0.007750000000000001
value_linear,15500,ood_dev,16,4096,4052,4066,65448,65536,0.9892578125,0.9856107816089336,0.9919879963576875,0.99267578125,0.9895635962243474,0.994864714123278,0.9986572265625,0.027184939632490746,0.007750000000000001
value_linear,15500,ood_dev,17,4096,4035,4047,69495,69632,0.985107421875,0.9809175425035267,0.9883882318575893,0.988037109375,0.9842206673133682,0.9909389919457514,0.9980325137867647,0.0365460521392271,0.007750000000000001
value_linear,15500,ood_dev,18,4096,4022,4052,73547,73728,0.98193359375,0.9773800946662805,0.9855839710553314,0.9892578125,0.9856107816089336,0.9919879963576875,0.9975450303819444,0.04106061198502514,0.007750000000000001
value_linear,15500,ood_dev,19,4096,4005,4038,77585,77824,0.977783203125,0.9728018164634368,0.9818692456526698,0.98583984375,0.9817394754367362,0.9890297701488805,0.9969289679276315,0.04960088541132904,0.007750000000000001
value_linear,15500,ood_dev,20,4096,3988,4027,81612,81920,0.9736328125,0.9682644999293395,0.9781135585812619,0.983154296875,0.978736356856804,0.9866668275723093,0.996240234375,0.05950260820080444,0.007750000000000001
value_linear,15500,ood_dev,21,4096,3968,4018,85630,86016,0.96875,0.9629667829716362,0.9736548007089589,0.98095703125,0.9762985198015777,0.984714250954033,0.9955124627976191,0.0692620372595,0.007750000000000001
value_linear,15500,ood_dev,22,4096,3938,3988,89618,90112,0.96142578125,0.9550827758957496,0.9669040955398363,0.9736328125,0.9682644999293395,0.9781135585812619,0.9945179332386364,0.09272028198021245,0.007750000000000001
value_linear,15500,ood_dev,23,4096,3914,3971,93589,94208,0.95556640625,0.9488177185640135,0.9614613830755648,0.969482421875,0.963759047527144,0.974326007377952,0.9934294327445652,0.1007290760564079,0.007750000000000001
value_linear,15500,ood_dev,24,4096,3883,3952,97541,98304,0.947998046875,0.9407689451321072,0.9543876205209615,0.96484375,0.9587538013451912,0.9700626024713991,0.9922383626302084,0.11469532010768199,0.007750000000000001
value_linear,15500,ood_dev,25,4096,3851,3932,101473,102400,0.940185546875,0.9325024349976097,0.9470437709274493,0.9599609375,0.95351337564485,0.965546553341734,0.990947265625,0.13647262715385375,0.007750000000000001
value_linear,15500,ood_dev,26,4096,3822,3921,105394,106496,0.93310546875,0.9250412981572879,0.9403580192642621,0.957275390625,0.9506416766616401,0.9630521911684404,0.9896521935096154,0.1533826864800523,0.007750000000000001
value_linear,15500,ood_dev,27,4096,3792,3902,109296,110592,0.92578125,0.9173486743153114,0.9334159308612291,0.95263671875,0.9456967591536541,0.9587284575879206,0.98828125,0.17029734788730655,0.007750000000000001
value_linear,15500,ood_dev,28,4096,3750,3877,113173,114688,0.91552734375,0.9066165820637565,0.9236594259697711,0.946533203125,0.9392159931236856,0.9530136300803813,0.9867902483258929,0.20125875390806497,0.007750000000000001
value_linear,15500,ood_dev,29,4096,3716,3862,117035,118784,0.9072265625,0.8979563715130343,0.9157336293094827,0.94287109375,0.9353397677479732,0.9495724993335891,0.9852757947198276,0.21764250160966853,0.007750000000000001
value_linear,15500,ood_dev,30,4096,3685,3853,120888,122880,0.899658203125,0.8900791525649845,0.908488312271023,0.940673828125,0.9330179998365595,0.9475038535714999,0.9837890625,0.23652307454846935,0.007750000000000001
value_linear,15500,ood_dev,31,4096,3645,3828,124716,126976,0.889892578125,0.8799386161345828,0.8991158990414121,0.9345703125,0.9265828466235786,0.9417434132469731,0.9822013608870968,0.26423294875070913,0.007750000000000001
value_linear,15500,ood_dev,32,4096,3600,3795,128511,131072,0.87890625,0.8685587962878935,0.8885436505205876,0.926513671875,0.9181168616357552,0.9341112147652862,0.9804611206054688,0.2773322247316863,0.007750000000000001
value_linear,15500,ood_dev,33,4096,3565,3779,132290,135168,0.870361328125,0.8597263579958655,0.8803022578601046,0.922607421875,0.9140224457668371,0.9304004507701995,0.978707978219697,0.30607787362252653,0.007750000000000001
value_linear,15500,ood_dev,34,4096,3519,3759,136049,139264,0.859130859375,0.8481402103112613,0.8694485134356947,0.917724609375,0.9089129525352261,0.9257534691718042,0.9769143497242647,0.3335957242993739,0.007750000000000001
value_linear,15500,ood_dev,35,4096,3471,3723,139772,143360,0.847412109375,0.836074704756056,0.858098479398885,0.908935546875,0.8997375071958539,0.9173672598171653,0.9749720982142858,0.36940049696306526,0.007750000000000001
value_linear,15500,ood_dev,36,4096,3433,3705,143477,147456,0.838134765625,0.8265389647215343,0.849096917256395,0.904541015625,0.8951592781303872,0.9131646615356264,0.9730156792534722,0.39858110573475364,0.007750000000000001
value_linear,16000,dev,1,4096,4096,4096,4096,4096,1.0,0.9990630225926348,0.9999999999999999,1.0,0.9990630225926348,0.9999999999999999,1.0,5.1561053344695296e-06,0.008
value_linear,16000,dev,2,4096,4096,4096,8192,8192,1.0,0.9990630225926348,0.9999999999999999,1.0,0.9990630225926348,0.9999999999999999,1.0,5.35656823869024e-06,0.008
value_linear,16000,dev,3,4096,4096,4096,12288,12288,1.0,0.9990630225926348,0.9999999999999999,1.0,0.9990630225926348,0.9999999999999999,1.0,6.753428853728538e-06,0.008
value_linear,16000,dev,4,4096,4096,4096,16384,16384,1.0,0.9990630225926348,0.9999999999999999,1.0,0.9990630225926348,0.9999999999999999,1.0,9.457150671493553e-06,0.008
value_linear,16000,dev,5,4096,4096,4096,20480,20480,1.0,0.9990630225926348,0.9999999999999999,1.0,0.9990630225926348,0.9999999999999999,1.0,1.5831404699601093e-05,0.008
value_linear,16000,dev,6,4096,4096,4096,24576,24576,1.0,0.9990630225926348,0.9999999999999999,1.0,0.9990630225926348,0.9999999999999999,1.0,3.87505528175458e-05,0.008
value_linear,16000,dev,7,4096,4096,4096,28672,28672,1.0,0.9990630225926348,0.9999999999999999,1.0,0.9990630225926348,0.9999999999999999,1.0,7.147045682232012e-05,0.008
value_linear,16000,dev,8,4096,4096,4096,32768,32768,1.0,0.9990630225926348,0.9999999999999999,1.0,0.9990630225926348,0.9999999999999999,1.0,0.0002054453043539295,0.008
value_linear,16000,dev,9,4096,4096,4096,36864,36864,1.0,0.9990630225926348,0.9999999999999999,1.0,0.9990630225926348,0.9999999999999999,1.0,0.00032445257509106096,0.008
value_linear,16000,dev,10,4096,4094,4094,40958,40960,0.99951171875,0.9982212896544476,0.9998660854551866,0.99951171875,0.9982212896544476,0.9998660854551866,0.999951171875,0.0014416245824623863,0.008
value_linear,16000,dev,11,4096,4091,4092,45050,45056,0.998779296875,0.997145424476127,0.9994784794090062,0.9990234375,0.9974915571936952,0.9996201704329383,0.9998668323863636,0.0022771435469938484,0.008
value_linear,16000,dev,12,4096,4087,4091,49141,49152,0.997802734375,0.9958290482073086,0.9988435607118235,0.998779296875,0.997145424476127,0.9994784794090062,0.9997762044270834,0.0037621724208427854,0.008
value_linear,16000,ood_dev,1,4096,4096,4096,4096,4096,1.0,0.9990630225926348,0.9999999999999999,1.0,0.9990630225926348,0.9999999999999999,1.0,5.199091324070704e-06,0.008
value_linear,16000,ood_dev,2,4096,4096,4096,8192,8192,1.0,0.9990630225926348,0.9999999999999999,1.0,0.9990630225926348,0.9999999999999999,1.0,5.315328155314214e-06,0.008
value_linear,16000,ood_dev,3,4096,4096,4096,12288,12288,1.0,0.9990630225926348,0.9999999999999999,1.0,0.9990630225926348,0.9999999999999999,1.0,6.848785474494745e-06,0.008
value_linear,16000,ood_dev,4,4096,4096,4096,16384,16384,1.0,0.9990630225926348,0.9999999999999999,1.0,0.9990630225926348,0.9999999999999999,1.0,2.8722139025438853e-05,0.008
value_linear,16000,ood_dev,5,4096,4096,4096,20480,20480,1.0,0.9990630225926348,0.9999999999999999,1.0,0.9990630225926348,0.9999999999999999,1.0,1.4820618061212043e-05,0.008
value_linear,16000,ood_dev,6,4096,4096,4096,24576,24576,1.0,0.9990630225926348,0.9999999999999999,1.0,0.9990630225926348,0.9999999999999999,1.0,4.3760106061135895e-05,0.008
value_linear,16000,ood_dev,7,4096,4096,4096,28672,28672,1.0,0.9990630225926348,0.9999999999999999,1.0,0.9990630225926348,0.9999999999999999,1.0,6.451027051770919e-05,0.008
value_linear,16000,ood_dev,8,4096,4095,4095,32767,32768,0.999755859375,0.9986182969663738,0.9999569018847606,0.999755859375,0.9986182969663738,0.9999569018847606,0.999969482421875,0.00048140986396214003,0.008
value_linear,16000,ood_dev,9,4096,4095,4095,36862,36864,0.999755859375,0.9986182969663738,0.9999569018847606,0.999755859375,0.9986182969663738,0.9999569018847606,0.9999457465277778,0.001378647725676696,0.008
value_linear,16000,ood_dev,10,4096,4092,4092,40954,40960,0.9990234375,0.9974915571936952,0.9996201704329383,0.9990234375,0.9974915571936952,0.9996201704329383,0.999853515625,0.0017423955048812,0.008
value_linear,16000,ood_dev,11,4096,4088,4090,45044,45056,0.998046875,0.9961504506055915,0.9990099820550408,0.99853515625,0.9968075986857966,0.9993284814578364,0.9997336647727273,0.0038654786245601314,0.008
value_linear,16000,ood_dev,12,4096,4085,4089,49133,49152,0.997314453125,0.9951972177470491,0.9984997436890822,0.998291015625,0.9964763422189936,0.9991719141831389,0.9996134440104166,0.0063338600287072,0.008
value_linear,16000,ood_dev,13,4096,4076,4082,53215,53248,0.9951171875,0.9924697076331114,0.9968368401295172,0.99658203125,0.9942706398960515,0.9979628503155791,0.9993802584134616,0.009764144035954103,0.008
value_linear,16000,ood_dev,14,4096,4067,4080,57295,57344,0.992919921875,0.9898503448988859,0.9950657891902398,0.99609375,0.9936637657680687,0.9975940769605611,0.9991455078125,0.014165130891175354,0.008
value_linear,16000,ood_dev,15,4096,4056,4068,61363,61440,0.990234375,0.9867300726317991,0.9928200003008232,0.9931640625,0.9901378308615215,0.9952661269691047,0.9987467447916667,0.02044534005012283,0.008
value_linear,16000,ood_dev,16,4096,4041,4056,65419,65536,0.986572265625,0.9825638389733109,0.9896688778368068,0.990234375,0.9867300726317991,0.9928200003008232,0.9982147216796875,0.02733179376416664,0.008
value_linear,16000,ood_dev,17,4096,4027,4050,69469,69632,0.983154296875,0.978736356856804,0.9866668275723093,0.98876953125,0.9850536128857085,0.9915695175979121,0.9976591222426471,0.03394692299541313,0.008
value_linear,16000,ood_dev,18,4096,4012,4045,73514,73728,0.9794921875,0.9746813618391824,0.9834044664674263,0.987548828125,0.9836671128801424,0.9905168988959765,0.9970974392361112,0.04088435839625956,0.008
value_linear,16000,ood_dev,19,4096,3989,4024,77538,77824,0.973876953125,0.9685304473439507,0.978335434908151,0.982421875,0.9779220041441211,0.9860177090604912,0.996325041118421,0.05571995462271495,0.008
value_linear,16000,ood_dev,20,4096,3971,4019,81557,81920,0.969482421875,0.963759047527144,0.974326007377952,0.981201171875,0.9765686419356131,0.9849319525614978,0.99556884765625,0.06032168212964206,0.008
value_linear,16000,ood_dev,21,4096,3948,4005,85562,86016,0.9638671875,0.957703572334836,0.9691615365157528,0.977783203125,0.9728018164634368,0.9818692456526698,0.9947219122023809,0.07815952727394909,0.008
value_linear,16000,ood_dev,22,4096,3919,3981,89543,90112,0.956787109375,0.9501202787839275,0.9625979415631524,0.971923828125,0.9664058535023272,0.976557438817772,0.9936856356534091,0.0999374383132623,0.008
value_linear,16000,ood_dev,23,4096,3886,3962,93505,94208,0.94873046875,0.9415459763729898,0.9550740605045799,0.96728515625,0.9613845411819059,0.9723101000496873,0.992537788722826,0.11874033574588291,0.008
value_linear,16000,ood_dev,24,4096,3859,3956,97461,98304,0.942138671875,0.9345655263512737,0.9488832695057877,0.9658203125,0.9598051873478303,0.9709625114347612,0.991424560546875,0.13116263756368565,0.008
value_linear,16000,ood_dev,25,4096,3805,3920,101381,102400,0.928955078125,0.9206791651962416,0.936427148619803,0.95703125,0.9503809505933728,0.9628250934952075,0.990048828125,0.1519964284210442,0.008
value_linear,16000,ood_dev,26,4096,3767,3899,105280,106496,0.919677734375,0.9109556576829947,0.9276133539560381,0.951904296875,0.9449176066361316,0.9580441388809422,0.9885817307692307,0.17083648748559171,0.008
value_linear,16000,ood_dev,27,4096,3726,3877,109157,110592,0.90966796875,0.9005011359327806,0.9180671023047395,0.946533203125,0.9392159931236856,0.9530136300803813,0.9870243778935185,0.19483409131628535,0.008
value_linear,16000,ood_dev,28,4096,3689,3857,113014,114688,0.900634765625,0.8910946270548497,0.909424132747159,0.941650390625,0.9340495438956447,0.948423604478416,0.9854038783482143,0.22991464574923626,0.008
value_linear,16000,ood_dev,29,4096,3651,3846,116860,118784,0.891357421875,0.8814581130076249,0.9005233446173719,0.93896484375,0.9312141146512992,0.945892972566258,0.9838025323275862,0.25710916369742726,0.008
value_linear,16000,ood_dev,30,4096,3607,3797,120657,122880,0.880615234375,0.8703271648689122,0.8901900481300711,0.927001953125,0.9186291140947668,0.9345746097892754,0.9819091796875,0.29637266085816416,0.008
value_linear,16000,ood_dev,31,4096,3562,3776,124433,126976,0.86962890625,0.8589699942813361,0.879595150350133,0.921875,0.913255434220539,0.9297039910919966,0.9799725932459677,0.3074391175585689,0.008
value_linear,16000,ood_dev,32,4096,3521,3746,128179,131072,0.859619140625,0.8486434629761094,0.8699209082538472,0.91455078125,0.9055965258076344,0.9227281872598918,0.9779281616210938,0.34442559030370234,0.008
value_linear,16000,ood_dev,33,4096,3492,3736,131915,135168,0.8525390625,0.8413504560468544,0.8630670266795931,0.912109375,0.9030478297998547,0.9203986458526686,0.9759336529356061,0.3881394473048855,0.008
value_linear,16000,ood_dev,34,4096,3447,3686,135601,139264,0.841552734375,0.8300505515045329,0.8524148628544008,0.89990234375,0.8903329959119337,0.908722292665574,0.9736974379595589,0.444495569600366,0.008
value_linear,16000,ood_dev,35,4096,3393,3654,139255,143360,0.828369140625,0.8165155484642912,0.8396073838536258,0.89208984375,0.8822180645396832,0.9012268643098146,0.9713657924107143,0.47262304669470806,0.008
value_linear,16000,ood_dev,36,4096,3345,3619,142874,147456,0.816650390625,0.8045053198770175,0.8282020728488845,0.883544921875,0.8733601817939964,0.8930109161029904,0.9689263237847222,0.5266438124032663,0.008
value_linear,16500,dev,1,4096,4096,4096,4096,4096,1.0,0.9990630225926348,0.9999999999999999,1.0,0.9990630225926348,0.9999999999999999,1.0,4.923975004123005e-06,0.00825
value_linear,16500,dev,2,4096,4096,4096,8192,8192,1.0,0.9990630225926348,0.9999999999999999,1.0,0.9990630225926348,0.9999999999999999,1.0,5.21154375865418e-06,0.00825
value_linear,16500,dev,3,4096,4096,4096,12288,12288,1.0,0.9990630225926348,0.9999999999999999,1.0,0.9990630225926348,0.9999999999999999,1.0,7.092003211750519e-06,0.00825
value_linear,16500,dev,4,4096,4096,4096,16384,16384,1.0,0.9990630225926348,0.9999999999999999,1.0,0.9990630225926348,0.9999999999999999,1.0,1.1646149021909968e-05,0.00825
value_linear,16500,dev,5,4096,4096,4096,20480,20480,1.0,0.9990630225926348,0.9999999999999999,1.0,0.9990630225926348,0.9999999999999999,1.0,1.7140175283286707e-05,0.00825
value_linear,16500,dev,6,4096,4096,4096,24576,24576,1.0,0.9990630225926348,0.9999999999999999,1.0,0.9990630225926348,0.9999999999999999,1.0,5.2522868108861864e-05,0.00825
value_linear,16500,dev,7,4096,4096,4096,28672,28672,1.0,0.9990630225926348,0.9999999999999999,1.0,0.9990630225926348,0.9999999999999999,1.0,0.0001822719442484133,0.00825
value_linear,16500,dev,8,4096,4095,4095,32767,32768,0.999755859375,0.9986182969663738,0.9999569018847606,0.999755859375,0.9986182969663738,0.9999569018847606,0.999969482421875,0.000732896419047252,0.00825
value_linear,16500,dev,9,4096,4093,4093,36860,36864,0.999267578125,0.9978486714629491,0.9997508799051849,0.999267578125,0.9978486714629491,0.9997508799051849,0.9998914930555556,0.0017112207347365072,0.00825
value_linear,16500,dev,10,4096,4090,4091,40951,40960,0.99853515625,0.9968075986857966,0.9993284814578364,0.998779296875,0.997145424476127,0.9994784794090062,0.9997802734375,0.0041614752216311834,0.00825
value_linear,16500,dev,11,4096,4086,4088,45039,45056,0.99755859375,0.9955114747539533,0.9986733104236785,0.998046875,0.9961504506055915,0.9990099820550408,0.9996226917613636,0.006410887206699356,0.00825
value_linear,16500,dev,12,4096,4078,4081,49120,49152,0.99560546875,0.9930638103960733,0.9972183848495558,0.996337890625,0.9939662587473084,0.9977794077228217,0.9993489583333334,0.010693976952272949,0.00825
value_linear,16500,ood_dev,1,4096,4096,4096,4096,4096,1.0,0.9990630225926348,0.9999999999999999,1.0,0.9990630225926348,0.9999999999999999,1.0,4.994405647718025e-06,0.00825
value_linear,16500,ood_dev,2,4096,4096,4096,8192,8192,1.0,0.9990630225926348,0.9999999999999999,1.0,0.9990630225926348,0.9999999999999999,1.0,5.283254767618484e-06,0.00825
value_linear,16500,ood_dev,3,4096,4096,4096,12288,12288,1.0,0.9990630225926348,0.9999999999999999,1.0,0.9990630225926348,0.9999999999999999,1.0,7.272028843735567e-06,0.00825
value_linear,16500,ood_dev,4,4096,4096,4096,16384,16384,1.0,0.9990630225926348,0.9999999999999999,1.0,0.9990630225926348,0.9999999999999999,1.0,1.1226689720200689e-05,0.00825
value_linear,16500,ood_dev,5,4096,4096,4096,20480,20480,1.0,0.9990630225926348,0.9999999999999999,1.0,0.9990630225926348,0.9999999999999999,1.0,1.8152176485097815e-05,0.00825
value_linear,16500,ood_dev,6,4096,4096,4096,24576,24576,1.0,0.9990630225926348,0.9999999999999999,1.0,0.9990630225926348,0.9999999999999999,1.0,4.1890030104185794e-05,0.00825
value_linear,16500,ood_dev,7,4096,4096,4096,28672,28672,1.0,0.9990630225926348,0.9999999999999999,1.0,0.9990630225926348,0.9999999999999999,1.0,0.00017060224807005642,0.00825
value_linear,16500,ood_dev,8,4096,4096,4096,32768,32768,1.0,0.9990630225926348,0.9999999999999999,1.0,0.9990630225926348,0.9999999999999999,1.0,0.00045802188479537875,0.00825
value_linear,16500,ood_dev,9,4096,4095,4095,36863,36864,0.999755859375,0.9986182969663738,0.9999569018847606,0.999755859375,0.9986182969663738,0.9999569018847606,0.9999728732638888,0.0012399711441434813,0.00825
value_linear,16500,ood_dev,10,4096,4092,4093,40956,40960,0.9990234375,0.9974915571936952,0.9996201704329383,0.999267578125,0.9978486714629491,0.9997508799051849,0.99990234375,0.0023527300041547294,0.00825
value_linear,16500,ood_dev,11,4096,4090,4090,45046,45056,0.99853515625,0.9968075986857966,0.9993284814578364,0.99853515625,0.9968075986857966,0.9993284814578364,0.9997780539772727,0.004577237281746166,0.00825
value_linear,16500,ood_dev,12,4096,4082,4084,49130,49152,0.99658203125,0.9942706398960515,0.9979628503155791,0.9970703125,0.9948858699188933,0.9983232677757378,0.9995524088541666,0.007463893173636688,0.00825
value_linear,16500,ood_dev,13,4096,4066,4073,53203,53248,0.99267578125,0.9895635962243474,0.994864714123278,0.994384765625,0.991587789433178,0.9962552871049496,0.9991548978365384,0.016195549207957405,0.00825
value_linear,16500,ood_dev,14,4096,4049,4062,57265,57344,0.988525390625,0.9847756016627256,0.9913597050793945,0.99169921875,0.9884233098915096,0.9940537054901146,0.9986223493303571,0.026280153342084472,0.00825
value_linear,16500,ood_dev,15,4096,4029,4049,61314,61440,0.983642578125,0.9792802999311276,0.9870985319809864,0.988525390625,0.9847756016627256,0.9913597050793945,0.99794921875,0.034754760452239325,0.00825
value_linear,16500,ood_dev,16,4096,3999,4025,65339,65536,0.976318359375,0.9711962850581976,0.9805478346089073,0.982666015625,0.9781932525333582,0.9862342844127546,0.9969940185546875,0.05075722338112984,0.00825
value_linear,16500,ood_dev,17,4096,3976,4018,69357,69632,0.970703125,0.9650812750446061,0.9754428985679915,0.98095703125,0.9762985198015777,0.984714250954033,0.9960506663602942,0.06559301652845079,0.00825
value_linear,16500,ood_dev,18,4096,3940,3986,73343,73728,0.9619140625,0.9556064097149912,0.9673561092035952,0.97314453125,0.9677329319802243,0.9776694790473764,0.9947781032986112,0.08993676772562789,0.00825
value_linear,16500,ood_dev,19,4096,3909,3977,77320,77824,0.954345703125,0.947516451879336,0.9603235310527409,0.970947265625,0.9653459981138298,0.975665999240268,0.9935238486842105,0.10490816756703475,0.00825
value_linear,16500,ood_dev,20,4096,3867,3942,81262,81920,0.944091796875,0.9366308983630394,0.9507204874260244,0.96240234375,0.9561303013811572,0.9678078650204299,0.9919677734375,0.1317376140256937,0.00825
value_linear,16500,ood_dev,21,4096,3838,3934,85196,86016,0.93701171875,0.9291545119210666,0.9440499853644883,0.96044921875,0.9540362633072799,0.9659993131623048,0.9904668898809523,0.14554016063970215,0.00825
value_linear,16500,ood_dev,22,4096,3811,3916,89112,90112,0.930419921875,0.922217824599,0.9378154316660463,0.9560546875,0.9493385845774718,0.9619161645451073,0.9889026988636364,0.17002317431379937,0.00825
value_linear,16500,ood_dev,23,4096,3774,3894,93006,94208,0.92138671875,0.9127442108350373,0.9292395669944976,0.95068359375,0.9436199393767509,0.9569026874328211,0.9872409986413043,0.19733746177868267,0.00825
value_linear,16500,ood_dev,24,4096,3731,3863,96869,98304,0.910888671875,0.9017742372571839,0.9192331196878377,0.943115234375,0.935597920457735,0.9498021703653275,0.9854024251302084,0.22651689403971348,0.00825
value_linear,16500,ood_dev,25,4096,3668,3821,100690,102400,0.8955078125,0.8857663367312384,0.9045081244992638,0.932861328125,0.9247844761276197,0.9401270175524298,0.98330078125,0.259622628129968,0.00825
value_linear,16500,ood_dev,26,4096,3635,3816,104506,106496,0.887451171875,0.8774073028811354,0.8967689748798565,0.931640625,0.9235007973638772,0.9389715776086708,0.9813138521634616,0.2909447825388838,0.00825
value_linear,16500,ood_dev,27,4096,3589,3791,108297,110592,0.876220703125,0.8657812238660177,0.8859551617859599,0.925537109375,0.917092662444004,0.9331841189910363,0.979248046875,0.32446011232858984,0.00825
value_linear,16500,ood_dev,28,4096,3535,3762,112059,114688,0.863037109375,0.8521674580739187,0.8732264455370422,0.91845703125,0.9096788003001948,0.9264510926313365,0.9770769391741071,0.366629853263719,0.00825
value_linear,16500,ood_dev,29,4096,3487,3725,115784,118784,0.851318359375,0.8400939235187832,0.8618844405001629,0.909423828125,0.9002465738230481,0.9178338406729718,0.9747440732758621,0.40247881524762225,0.00825
value_linear,16500,ood_dev,30,4096,3440,3686,119470,122880,0.83984375,0.8282945320556974,0.8507561161127342,0.89990234375,0.8903329959119337,0.908722292665574,0.9722493489583334,0.4410688630684129,0.00825
value_linear,16500,ood_dev,31,4096,3383,3653,123123,126976,0.825927734375,0.8140118545714705,0.8372328403314433,0.891845703125,0.8819647321995695,0.900992372908428,0.9696556829637096,0.48643058763231495,0.00825
value_linear,16500,ood_dev,32,4096,3323,3632,126755,131072,0.811279296875,0.7990067679900137,0.8229685024228814,0.88671875,0.8766481917015035,0.8960646148349874,0.9670639038085938,0.5167012654411229,0.00825
value_linear,16500,ood_dev,33,4096,3278,3601,130356,135168,0.80029296875,0.7877710630649415,0.8122521389804398,0.879150390625,0.8688113807969721,0.8887788897530092,0.9643998579545454,0.5550065156342704,0.00825
value_linear,16500,ood_dev,34,4096,3236,3562,133918,139264,0.7900390625,0.7772974517872059,0.8022371531151623,0.86962890625,0.8589699942813361,0.879595150350133,0.9616124770220589,0.5948174782471516,0.00825
value_linear,16500,ood_dev,35,4096,3179,3533,137451,143360,0.776123046875,0.7631021770183883,0.7886264746184621,0.862548828125,0.8516638974389052,0.8727543586890549,0.9587820870535714,0.6405675263949817,0.00825
value_linear,16500,ood_dev,36,4096,3129,3522,140973,147456,0.763916015625,0.7506670606194392,0.776670403942396,0.85986328125,0.8488951055782347,0.8701570893932221,0.9560343424479166,0.6633773092062095,0.00825
value_linear,17000,dev,1,4096,4096,4096,4096,4096,1.0,0.9990630225926348,0.9999999999999999,1.0,0.9990630225926348,0.9999999999999999,1.0,4.735819523538076e-06,0.0085
value_linear,17000,dev,2,4096,4096,4096,8192,8192,1.0,0.9990630225926348,0.9999999999999999,1.0,0.9990630225926348,0.9999999999999999,1.0,5.102168738557733e-06,0.0085
value_linear,17000,dev,3,4096,4096,4096,12288,12288,1.0,0.9990630225926348,0.9999999999999999,1.0,0.9990630225926348,0.9999999999999999,1.0,6.612692019042354e-06,0.0085
value_linear,17000,dev,4,4096,4096,4096,16384,16384,1.0,0.9990630225926348,0.9999999999999999,1.0,0.9990630225926348,0.9999999999999999,1.0,8.454203924451731e-06,0.0085
value_linear,17000,dev,5,4096,4096,4096,20480,20480,1.0,0.9990630225926348,0.9999999999999999,1.0,0.9990630225926348,0.9999999999999999,1.0,1.3801710351091234e-05,0.0085
value_linear,17000,dev,6,4096,4096,4096,24576,24576,1.0,0.9990630225926348,0.9999999999999999,1.0,0.9990630225926348,0.9999999999999999,1.0,2.390284772865736e-05,0.0085
value_linear,17000,dev,7,4096,4096,4096,28672,28672,1.0,0.9990630225926348,0.9999999999999999,1.0,0.9990630225926348,0.9999999999999999,1.0,7.354093422548558e-05,0.0085
value_linear,17000,dev,8,4096,4096,4096,32768,32768,1.0,0.9990630225926348,0.9999999999999999,1.0,0.9990630225926348,0.9999999999999999,1.0,0.00034031881700649635,0.0085
value_linear,17000,dev,9,4096,4095,4095,36863,36864,0.999755859375,0.9986182969663738,0.9999569018847606,0.999755859375,0.9986182969663738,0.9999569018847606,0.9999728732638888,0.0005376841520484676,0.0085
value_linear,17000,dev,10,4096,4095,4095,40958,40960,0.999755859375,0.9986182969663738,0.9999569018847606,0.999755859375,0.9986182969663738,0.9999569018847606,0.999951171875,0.0014424920103398298,0.0085
value_linear,17000,dev,11,4096,4092,4093,45051,45056,0.9990234375,0.9974915571936952,0.9996201704329383,0.999267578125,0.9978486714629491,0.9997508799051849,0.9998890269886364,0.0023616921110004296,0.0085
value_linear,17000,dev,12,4096,4088,4090,49141,49152,0.998046875,0.9961504506055915,0.9990099820550408,0.99853515625,0.9968075986857966,0.9993284814578364,0.9997762044270834,0.004166491333424366,0.0085
value_linear,17000,ood_dev,1,4096,4096,4096,4096,4096,1.0,0.9990630225926348,0.9999999999999999,1.0,0.9990630225926348,0.9999999999999999,1.0,4.74798481708838e-06,0.0085
value_linear,17000,ood_dev,2,4096,4096,4096,8192,8192,1.0,0.9990630225926348,0.9999999999999999,1.0,0.9990630225926348,0.9999999999999999,1.0,5.0457916768720246e-06,0.0085
value_linear,17000,ood_dev,3,4096,4096,4096,12288,12288,1.0,0.9990630225926348,0.9999999999999999,1.0,0.9990630225926348,0.9999999999999999,1.0,6.283893423053577e-06,0.0085
value_linear,17000,ood_dev,4,4096,4096,4096,16384,16384,1.0,0.9990630225926348,0.9999999999999999,1.0,0.9990630225926348,0.9999999999999999,1.0,7.964083372946629e-06,0.0085
value_linear,17000,ood_dev,5,4096,4096,4096,20480,20480,1.0,0.9990630225926348,0.9999999999999999,1.0,0.9990630225926348,0.9999999999999999,1.0,1.0855284667626863e-05,0.0085
value_linear,17000,ood_dev,6,4096,4096,4096,24576,24576,1.0,0.9990630225926348,0.9999999999999999,1.0,0.9990630225926348,0.9999999999999999,1.0,1.717352626229296e-05,0.0085
value_linear,17000,ood_dev,7,4096,4096,4096,28672,28672,1.0,0.9990630225926348,0.9999999999999999,1.0,0.9990630225926348,0.9999999999999999,1.0,4.382984548412239e-05,0.0085
value_linear,17000,ood_dev,8,4096,4096,4096,32768,32768,1.0,0.9990630225926348,0.9999999999999999,1.0,0.9990630225926348,0.9999999999999999,1.0,8.969951079132454e-05,0.0085
value_linear,17000,ood_dev,9,4096,4095,4095,36863,36864,0.999755859375,0.9986182969663738,0.9999569018847606,0.999755859375,0.9986182969663738,0.9999569018847606,0.9999728732638888,0.00041974964353003186,0.0085
value_linear,17000,ood_dev,10,4096,4091,4092,40955,40960,0.998779296875,0.997145424476127,0.9994784794090062,0.9990234375,0.9974915571936952,0.9996201704329383,0.9998779296875,0.0016171667830341963,0.0085
value_linear,17000,ood_dev,11,4096,4088,4091,45046,45056,0.998046875,0.9961504506055915,0.9990099820550408,0.998779296875,0.997145424476127,0.9994784794090062,0.9997780539772727,0.0021813946941710294,0.0085
value_linear,17000,ood_dev,12,4096,4087,4092,49138,49152,0.997802734375,0.9958290482073086,0.9988435607118235,0.9990234375,0.9974915571936952,0.9996201704329383,0.9997151692708334,0.0028772334435447633,0.0085
value_linear,17000,ood_dev,13,4096,4086,4091,53229,53248,0.99755859375,0.9955114747539533,0.9986733104236785,0.998779296875,0.997145424476127,0.9994784794090062,0.9996431790865384,0.0038019296149188753,0.0085
value_linear,17000,ood_dev,14,4096,4083,4089,57318,57344,0.996826171875,0.9945771012522003,0.9981442127009305,0.998291015625,0.9964763422189936,0.9991719141831389,0.9995465959821429,0.005543739476138926,0.0085
value_linear,17000,ood_dev,15,4096,4074,4082,61400,61440,0.99462890625,0.9918806406223304,0.9964502596572975,0.99658203125,0.9942706398960515,0.9979628503155791,0.9993489583333334,0.01034958432327665,0.0085
value_linear,17000,ood_dev,16,4096,4064,4078,65478,65536,0.9921875,0.9889921727170213,0.9944604901476036,0.99560546875,0.9930638103960733,0.9972183848495558,0.999114990234375,0.014040965790225401,0.0085
value_linear,17000,ood_dev,17,4096,4048,4065,69543,69632,0.98828125,0.9844979568178159,0.9911495261828039,0.992431640625,0.9892775496501616,0.9946629369559636,0.9987218520220589,0.021504630063012176,0.0085
value_linear,17000,ood_dev,18,4096,4033,4057,73600,73728,0.984619140625,0.9803708517550201,0.9879592751230951,0.990478515625,0.9870110133784079,0.9930268832957149,0.9982638888888888,0.026848911523549374,0.0085
value_linear,17000,ood_dev,19,4096,4024,4055,77655,77824,0.982421875,0.9779220041441211,0.9860177090604912,0.989990234375,0.9864495949105299,0.9926126542805922,0.9978284333881579,0.031007090493556377,0.0085
value_linear,17000,ood_dev,20,4096,3997,4033,81688,81920,0.975830078125,0.9706621520616038,0.9801063201225003,0.984619140625,0.9803708517550201,0.9879592751230951,0.99716796875,0.047106936627663853,0.0085
value_linear,17000,ood_dev,21,4096,3980,4026,85714,86016,0.9716796875,0.9661407428071721,0.9763347257714267,0.98291015625,0.9784647020408669,0.9864506586467462,0.9964890252976191,0.06071462171651279,0.0085
value_linear,17000,ood_dev,22,4096,3946,4001,89715,90112,0.96337890625,0.9571788776441608,0.9687105837234276,0.976806640625,0.9717309295309884,0.9809888376191169,0.9955943714488636,0.08111149859782499,0.0085
value_linear,17000,ood_dev,23,4096,3921,3992,93707,94208,0.957275390625,0.9506416766616401,0.9630521911684404,0.974609375,0.9693289612445153,0.9790003922320873,0.9946819802989131,0.08900201066644431,0.0085
value_linear,17000,ood_dev,24,4096,3889,3968,97675,98304,0.949462890625,0.9423233877337558,0.9557601203683148,0.96875,0.9629667829716362,0.9736548007089589,0.9936014811197916,0.10607711489970681,0.0085
value_linear,17000,ood_dev,25,4096,3860,3942,101617,102400,0.9423828125,0.9348235709099155,0.9491130486886461,0.96240234375,0.9561303013811572,0.9678078650204299,0.992353515625,0.1254133225315658,0.0085
value_linear,17000,ood_dev,26,4096,3827,3926,105543,106496,0.934326171875,0.9263258477580073,0.9415125883710441,0.95849609375,0.9519461365874095,0.9641868499501726,0.9910513070913461,0.15048792389833743,0.0085
value_linear,17000,ood_dev,27,4096,3804,3920,109463,110592,0.9287109375,0.920422816416333,0.9361956736582114,0.95703125,0.9503809505933728,0.9628250934952075,0.9897913049768519,0.16481266586330143,0.0085
value_linear,17000,ood_dev,28,4096,3766,3885,113348,114688,0.91943359375,0.9107002413356831,0.9273809465618494,0.948486328125,0.941286924101402,0.9548452890346674,0.9883161272321429,0.18636297952989325,0.0085
value_linear,17000,ood_dev,29,4096,3729,3875,117223,118784,0.910400390625,0.9012649382880058,0.9187667711740153,0.946044921875,0.9386986636872588,0.9525553120338074,0.9868584994612069,0.2035078400125423,0.0085
value_linear,17000,ood_dev,30,4096,3694,3845,121068,122880,0.90185546875,0.8923643526216571,0.910593525887853,0.938720703125,0.930956550506342,0.945662712969715,0.98525390625,0.22870419816254656,0.0085
value_linear,17000,ood_dev,31,4096,3656,3811,124879,126976,0.892578125,0.8827247749340756,0.9016958013984229,0.930419921875,0.922217824599,0.9378154316660463,0.9834850680443549,0.2601638298402261,0.0085
value_linear,17000,ood_dev,32,4096,3624,3808,128687,131072,0.884765625,0.8746245208149953,0.8941856957894933,0.9296875,0.9214483726818027,0.9371214123587429,0.9818038940429688,0.28258110831844085,0.0085
value_linear,17000,ood_dev,33,4096,3583,3784,132471,135168,0.874755859375,0.8642668366393406,0.8845426065636351,0.923828125,0.9153012757420427,0.9315607395024954,0.9800470525568182,0.3146220074163224,0.0085
value_linear,17000,ood_dev,34,4096,3546,3770,136241,139264,0.86572265625,0.854937847514799,0.8758221172526653,0.92041015625,0.9117220428301692,0.9283104400333645,0.9782930261948529,0.33002795831368203,0.0085
value_linear,17000,ood_dev,35,4096,3515,3749,139990,143360,0.858154296875,0.8471338344820533,0.8685035942989013,0.915283203125,0.9063615365223625,0.9234266477696647,0.9764927455357143,0.36964795444262233,0.0085
value_linear,17000,ood_dev,36,4096,3465,3720,143710,147456,0.845947265625,0.8345681480296661,0.8566780936762732,0.908203125,0.8989740501994764,0.9166672455890418,0.9745958116319444,0.4004859400833048,0.0085
value_linear,17500,dev,1,4096,4096,4096,4096,4096,1.0,0.9990630225926348,0.9999999999999999,1.0,0.9990630225926348,0.9999999999999999,1.0,4.396907305692643e-06,0.00875
value_linear,17500,dev,2,4096,4096,4096,8192,8192,1.0,0.9990630225926348,0.9999999999999999,1.0,0.9990630225926348,0.9999999999999999,1.0,4.800601164034468e-06,0.00875
value_linear,17500,dev,3,4096,4096,4096,12288,12288,1.0,0.9990630225926348,0.9999999999999999,1.0,0.9990630225926348,0.9999999999999999,1.0,6.285258383947889e-06,0.00875
value_linear,17500,dev,4,4096,4096,4096,16384,16384,1.0,0.9990630225926348,0.9999999999999999,1.0,0.9990630225926348,0.9999999999999999,1.0,9.44086665208288e-06,0.00875
value_linear,17500,dev,5,4096,4096,4096,20480,20480,1.0,0.9990630225926348,0.9999999999999999,1.0,0.9990630225926348,0.9999999999999999,1.0,3.534507950703203e-05,0.00875
value_linear,17500,dev,6,4096,4096,4096,24576,24576,1.0,0.9990630225926348,0.9999999999999999,1.0,0.9990630225926348,0.9999999999999999,1.0,4.304913468031191e-05,0.00875
value_linear,17500,dev,7,4096,4096,4096,28672,28672,1.0,0.9990630225926348,0.9999999999999999,1.0,0.9990630225926348,0.9999999999999999,1.0,0.00011406242906816799,0.00875
value_linear,17500,dev,8,4096,4096,4096,32768,32768,1.0,0.9990630225926348,0.9999999999999999,1.0,0.9990630225926348,0.9999999999999999,1.0,0.0005518392869804101,0.00875
value_linear,17500,dev,9,4096,4096,4096,36864,36864,1.0,0.9990630225926348,0.9999999999999999,1.0,0.9990630225926348,0.9999999999999999,1.0,0.0009500339521434364,0.00875
value_linear,17500,dev,10,4096,4095,4095,40959,40960,0.999755859375,0.9986182969663738,0.9999569018847606,0.999755859375,0.9986182969663738,0.9999569018847606,0.9999755859375,0.0015351221826591654,0.00875
value_linear,17500,dev,11,4096,4088,4088,45047,45056,0.998046875,0.9961504506055915,0.9990099820550408,0.998046875,0.9961504506055915,0.9990099820550408,0.9998002485795454,0.0056278135287397,0.00875
value_linear,17500,dev,12,4096,4077,4082,49129,49152,0.995361328125,0.9927660832938955,0.9970282882102334,0.99658203125,0.9942706398960515,0.9979628503155791,0.9995320638020834,0.010698813273897656,0.00875
value_linear,17500,ood_dev,1,4096,4096,4096,4096,4096,1.0,0.9990630225926348,0.9999999999999999,1.0,0.9990630225926348,0.9999999999999999,1.0,4.401854780511361e-06,0.00875
value_linear,17500,ood_dev,2,4096,4096,4096,8192,8192,1.0,0.9990630225926348,0.9999999999999999,1.0,0.9990630225926348,0.9999999999999999,1.0,4.79978718140317e-06,0.00875
value_linear,17500,ood_dev,3,4096,4096,4096,12288,12288,1.0,0.9990630225926348,0.9999999999999999,1.0,0.9990630225926348,0.9999999999999999,1.0,6.3810587149770726e-06,0.00875
value_linear,17500,ood_dev,4,4096,4096,4096,16384,16384,1.0,0.9990630225926348,0.9999999999999999,1.0,0.9990630225926348,0.9999999999999999,1.0,1.0673094557267504e-05,0.00875
value_linear,17500,ood_dev,5,4096,4096,4096,20480,20480,1.0,0.9990630225926348,0.9999999999999999,1.0,0.9990630225926348,0.9999999999999999,1.0,1.540091606155869e-05,0.00875
value_linear,17500,ood_dev,6,4096,4096,4096,24576,24576,1.0,0.9990630225926348,0.9999999999999999,1.0,0.9990630225926348,0.9999999999999999,1.0,2.88560596062859e-05,0.00875
value_linear,17500,ood_dev,7,4096,4096,4096,28672,28672,1.0,0.9990630225926348,0.9999999999999999,1.0,0.9990630225926348,0.9999999999999999,1.0,0.00015544413948531677,0.00875
value_linear,17500,ood_dev,8,4096,4096,4096,32768,32768,1.0,0.9990630225926348,0.9999999999999999,1.0,0.9990630225926348,0.9999999999999999,1.0,0.00033881529623908113,0.00875
value_linear,17500,ood_dev,9,4096,4095,4095,36863,36864,0.999755859375,0.9986182969663738,0.9999569018847606,0.999755859375,0.9986182969663738,0.9999569018847606,0.9999728732638888,0.0005986289504437137,0.00875
value_linear,17500,ood_dev,10,4096,4094,4095,40958,40960,0.99951171875,0.9982212896544476,0.9998660854551866,0.999755859375,0.9986182969663738,0.9999569018847606,0.999951171875,0.0012272226051820156,0.00875
value_linear,17500,ood_dev,11,4096,4090,4091,45049,45056,0.99853515625,0.9968075986857966,0.9993284814578364,0.998779296875,0.997145424476127,0.9994784794090062,0.9998446377840909,0.0033039646396438027,0.00875
value_linear,17500,ood_dev,12,4096,4084,4087,49136,49152,0.9970703125,0.9948858699188933,0.9983232677757378,0.997802734375,0.9958290482073086,0.9988435607118235,0.9996744791666666,0.0054988643104389445,0.00875
value_linear,17500,ood_dev,13,4096,4075,4082,53218,53248,0.994873046875,0.9921745882319427,0.9966441357891856,0.99658203125,0.9942706398960515,0.9979628503155791,0.9994365985576923,0.006891465779928413,0.00875
value_linear,17500,ood_dev,14,4096,4066,4075,57293,57344,0.99267578125,0.9895635962243474,0.994864714123278,0.994873046875,0.9921745882319427,0.9966441357891856,0.9991106305803571,0.012750376409972897,0.00875
value_linear,17500,ood_dev,15,4096,4049,4064,61357,61440,0.988525390625,0.9847756016627256,0.9913597050793945,0.9921875,0.9889921727170213,0.9944604901476036,0.9986490885416667,0.019522373997461095,0.00875
value_linear,17500,ood_dev,16,4096,4029,4050,65407,65536,0.983642578125,0.9792802999311276,0.9870985319809864,0.98876953125,0.9850536128857085,0.9915695175979121,0.9980316162109375,0.02972719004976343,0.00875
value_linear,17500,ood_dev,17,4096,4010,4042,69449,69632,0.97900390625,0.9741435999816663,0.9829665808419419,0.98681640625,0.9828391999625007,0.9898813405891173,0.9973718979779411,0.03765399422049051,0.00875
value_linear,17500,ood_dev,18,4096,3983,4025,73474,73728,0.972412109375,0.9669363760022123,0.9770025638008875,0.982666015625,0.9781932525333582,0.9862342844127546,0.9965549045138888,0.053118846045437124,0.00875
value_linear,17500,ood_dev,19,4096,3963,4013,77487,77824,0.967529296875,0.9616480425458757,0.972534422427218,0.979736328125,0.9749504777230061,0.9836231743251028,0.9956697162828947,0.0640018963762913,0.00875
value_linear,17500,ood_dev,20,4096,3943,4008,81495,81920,0.962646484375,0.9563923454033983,0.968033644739689,0.978515625,0.973606447163245,0.9825280861773625,0.99481201171875,0.0797988256482981,0.00875
value_linear,17500,ood_dev,21,4096,3914,3981,85476,86016,0.95556640625,0.9488177185640135,0.9614613830755648,0.971923828125,0.9664058535023272,0.976557438817772,0.9937220982142857,0.0939606743625766,0.00875
value_linear,17500,ood_dev,22,4096,3878,3955,89431,90112,0.94677734375,0.9394747174237471,0.9532427295218201,0.965576171875,0.9595422298231,0.970737645217991,0.9924427379261364,0.11622968253591537,0.00875
value_linear,17500,ood_dev,23,4096,3848,3944,93375,94208,0.939453125,0.9317293423030818,0.9463533923974762,0.962890625,0.9566544557025598,0.9682593581820278,0.9911578634510869,0.14879048542086742,0.00875
value_linear,17500,ood_dev,24,4096,3812,3923,97298,98304,0.9306640625,0.9224743635028184,0.9380467165037284,0.957763671875,0.951163293350015,0.9635062219630662,0.9897664388020834,0.1676554615371568,0.00875
value_linear,17500,ood_dev,25,4096,3776,3907,101205,102400,0.921875,0.913255434220539,0.9297039910919966,0.953857421875,0.9469962963333816,0.9598680391156946,0.988330078125,0.1864918133194008,0.00875
value_linear,17500,ood_dev,26,4096,3738,3883,105088,106496,0.91259765625,0.9035574064163541,0.9208647167191697,0.947998046875,0.9407689451321072,0.9543876205209615,0.9867788461538461,0.2204563293109371,0.00875
value_linear,17500,ood_dev,27,4096,3693,3844,108932,110592,0.901611328125,0.8921103732139267,0.9103596815540832,0.9384765625,0.9306990192363365,0.9454324204982203,0.9849898726851852,0.2570907522454593,0.00875
value_linear,17500,ood_dev,28,4096,3648,3810,112742,114688,0.890625,0.8806982972702632,0.8998196891302327,0.93017578125,0.9219613132494459,0.9375841192741002,0.9830322265625,0.2833860942043278,0.00875
value_linear,17500,ood_dev,29,4096,3603,3793,116535,118784,0.879638671875,0.8693165892508347,0.8892493287821474,0.926025390625,0.9176047113945596,0.9336477175234812,0.9810664735991379,0.3124190902489469,0.00875
value_linear,17500,ood_dev,30,4096,3559,3770,120305,122880,0.868896484375,0.8582137378213254,0.878887935585643,0.92041015625,0.9117220428301692,0.9283104400333645,0.9790445963541666,0.3526408833607483,0.00875
value_linear,17500,ood_dev,31,4096,3506,3734,124039,126976,0.85595703125,0.8448701134327965,0.8663769016746554,0.91162109375,0.9025383332525057,0.9199324949170169,0.9768696446572581,0.3909612653451495,0.00875
value_linear,17500,ood_dev,32,4096,3461,3720,127759,131072,0.844970703125,0.8335639706090243,0.8557309761309135,0.908203125,0.8989740501994764,0.9166672455890418,0.9747238159179688,0.414039943666363,0.00875
value_linear,17500,ood_dev,33,4096,3405,3680,131439,135168,0.831298828125,0.8195211033492921,0.8424557138666285,0.8984375,0.888810186146144,0.9073181599823618,0.972412109375,0.45749267512341174,0.00875
value_linear,17500,ood_dev,34,4096,3351,3666,135105,139264,0.818115234375,0.8060055796471756,0.8296287555277283,0.89501953125,0.8852592531857103,0.9040395605617911,0.9701358570772058,0.47952588498498416,0.00875
value_linear,17500,ood_dev,35,4096,3305,3621,138726,143360,0.806884765625,0.7945106946476496,0.81868374841824,0.884033203125,0.8738658758000654,0.8934808695799222,0.96767578125,0.5148235550899731,0.00875
value_linear,17500,ood_dev,36,4096,3256,3606,142332,147456,0.794921875,0.7822833621795887,0.8070077175527858,0.88037109375,0.8700745010385601,0.8899548882189229,0.9652506510416666,0.5532356198035081,0.00875
value_linear,18000,dev,1,4096,4096,4096,4096,4096,1.0,0.9990630225926348,0.9999999999999999,1.0,0.9990630225926348,0.9999999999999999,1.0,3.993996507495323e-06,0.009000000000000001
value_linear,18000,dev,2,4096,4096,4096,8192,8192,1.0,0.9990630225926348,0.9999999999999999,1.0,0.9990630225926348,0.9999999999999999,1.0,4.104880600486194e-06,0.009000000000000001
value_linear,18000,dev,3,4096,4096,4096,12288,12288,1.0,0.9990630225926348,0.9999999999999999,1.0,0.9990630225926348,0.9999999999999999,1.0,5.066689834881677e-06,0.009000000000000001
value_linear,18000,dev,4,4096,4096,4096,16384,16384,1.0,0.9990630225926348,0.9999999999999999,1.0,0.9990630225926348,0.9999999999999999,1.0,7.61291790141172e-06,0.009000000000000001
value_linear,18000,dev,5,4096,4096,4096,20480,20480,1.0,0.9990630225926348,0.9999999999999999,1.0,0.9990630225926348,0.9999999999999999,1.0,1.0381756573502043e-05,0.009000000000000001
value_linear,18000,dev,6,4096,4096,4096,24576,24576,1.0,0.9990630225926348,0.9999999999999999,1.0,0.9990630225926348,0.9999999999999999,1.0,2.3159579527753937e-05,0.009000000000000001
value_linear,18000,dev,7,4096,4095,4095,28671,28672,0.999755859375,0.9986182969663738,0.9999569018847606,0.999755859375,0.9986182969663738,0.9999569018847606,0.9999651227678571,0.0004829404426413275,0.009000000000000001
value_linear,18000,dev,8,4096,4095,4095,32766,32768,0.999755859375,0.9986182969663738,0.9999569018847606,0.999755859375,0.9986182969663738,0.9999569018847606,0.99993896484375,0.0007277469658500124,0.009000000000000001
value_linear,18000,dev,9,4096,4094,4094,36860,36864,0.99951171875,0.9982212896544476,0.9998660854551866,0.99951171875,0.9982212896544476,0.9998660854551866,0.9998914930555556,0.0007712541332171863,0.009000000000000001
value_linear,18000,dev,10,4096,4094,4096,40956,40960,0.99951171875,0.9982212896544476,0.9998660854551866,1.0,0.9990630225926348,0.9999999999999999,0.99990234375,0.0005505505582116266,0.009000000000000001
value_linear,18000,dev,11,4096,4092,4093,45049,45056,0.9990234375,0.9974915571936952,0.9996201704329383,0.999267578125,0.9978486714629491,0.9997508799051849,0.9998446377840909,0.0017455559675683685,0.009000000000000001
value_linear,18000,dev,12,4096,4090,4092,49141,49152,0.99853515625,0.9968075986857966,0.9993284814578364,0.9990234375,0.9974915571936952,0.9996201704329383,0.9997762044270834,0.0036187293969497936,0.009000000000000001
value_linear,18000,ood_dev,1,4096,4096,4096,4096,4096,1.0,0.9990630225926348,0.9999999999999999,1.0,0.9990630225926348,0.9999999999999999,1.0,4.014980245936606e-06,0.009000000000000001
value_linear,18000,ood_dev,2,4096,4096,4096,8192,8192,1.0,0.9990630225926348,0.9999999999999999,1.0,0.9990630225926348,0.9999999999999999,1.0,4.1219644230650054e-06,0.009000000000000001
value_linear,18000,ood_dev,3,4096,4096,4096,12288,12288,1.0,0.9990630225926348,0.9999999999999999,1.0,0.9990630225926348,0.9999999999999999,1.0,5.21729907393409e-06,0.009000000000000001
value_linear,18000,ood_dev,4,4096,4096,4096,16384,16384,1.0,0.9990630225926348,0.9999999999999999,1.0,0.9990630225926348,0.9999999999999999,1.0,7.281962199290337e-06,0.009000000000000001
value_linear,18000,ood_dev,5,4096,4096,4096,20480,20480,1.0,0.9990630225926348,0.9999999999999999,1.0,0.9990630225926348,0.9999999999999999,1.0,1.226357597250427e-05,0.009000000000000001
value_linear,18000,ood_dev,6,4096,4096,4096,24576,24576,1.0,0.9990630225926348,0.9999999999999999,1.0,0.9990630225926348,0.9999999999999999,1.0,1.8113326506197236e-05,0.009000000000000001
value_linear,18000,ood_dev,7,4096,4096,4096,28672,28672,1.0,0.9990630225926348,0.9999999999999999,1.0,0.9990630225926348,0.9999999999999999,1.0,3.1319583687433594e-05,0.009000000000000001
value_linear,18000,ood_dev,8,4096,4096,4096,32768,32768,1.0,0.9990630225926348,0.9999999999999999,1.0,0.9990630225926348,0.9999999999999999,1.0,0.00026817612988716544,0.009000000000000001
value_linear,18000,ood_dev,9,4096,4096,4096,36864,36864,1.0,0.9990630225926348,0.9999999999999999,1.0,0.9990630225926348,0.9999999999999999,1.0,0.000419750841527039,0.009000000000000001
value_linear,18000,ood_dev,10,4096,4093,4093,40957,40960,0.999267578125,0.9978486714629491,0.9997508799051849,0.999267578125,0.9978486714629491,0.9997508799051849,0.9999267578125,0.0015880360624912493,0.009000000000000001
value_linear,18000,ood_dev,11,4096,4093,4094,45051,45056,0.999267578125,0.9978486714629491,0.9997508799051849,0.99951171875,0.9982212896544476,0.9998660854551866,0.9998890269886364,0.0015434732941222995,0.009000000000000001
value_linear,18000,ood_dev,12,4096,4092,4093,49144,49152,0.9990234375,0.9974915571936952,0.9996201704329383,0.999267578125,0.9978486714629491,0.9997508799051849,0.9998372395833334,0.003906720056253199,0.009000000000000001
value_linear,18000,ood_dev,13,4096,4085,4087,53231,53248,0.997314453125,0.9951972177470491,0.9984997436890822,0.997802734375,0.9958290482073086,0.9988435607118235,0.9996807391826923,0.005979956121714092,0.009000000000000001
value_linear,18000,ood_dev,14,4096,4079,4082,57313,57344,0.995849609375,0.9933629968413301,0.9974070221457995,0.99658203125,0.9942706398960515,0.9979628503155791,0.9994594029017857,0.010868748493830876,0.009000000000000001
value_linear,18000,ood_dev,15,4096,4072,4077,61390,61440,0.994140625,0.9912959670744264,0.996059285722201,0.995361328125,0.9927660832938955,0.9970282882102334,0.9991861979166666,0.014311971907243703,0.009000000000000001
value_linear,18000,ood_dev,16,4096,4065,4076,65466,65536,0.992431640625,0.9892775496501616,0.9946629369559636,0.9951171875,0.9924697076331114,0.9968368401295172,0.998931884765625,0.01640619047681638,0.009000000000000001
value_linear,18000,ood_dev,17,4096,4051,4064,69530,69632,0.989013671875,0.9853320021138738,0.991778952111247,0.9921875,0.9889921727170213,0.9944604901476036,0.99853515625,0.02240205379004928,0.009000000000000001
value_linear,18000,ood_dev,18,4096,4039,4057,73587,73728,0.986083984375,0.9820139840883064,0.9892430852388108,0.990478515625,0.9870110133784079,0.9930268832957149,0.9980875651041666,0.032890337378663176,0.009000000000000001
value_linear,18000,ood_dev,19,4096,4020,4040,77627,77824,0.9814453125,0.9768389428205996,0.9851494754180116,0.986328125,0.9822887695283722,0.9894561235402453,0.9974686472039473,0.04254939813232125,0.009000000000000001
value_linear,18000,ood_dev,20,4096,4004,4034,81661,81920,0.9775390625,0.9725338897863597,0.9816493485882466,0.98486328125,0.9806440746636242,0.9881738759559913,0.99683837890625,0.05240309405097218,0.009000000000000001
value_linear,18000,ood_dev,21,4096,3986,4023,85684,86016,0.97314453125,0.9677329319802243,0.9776694790473764,0.982177734375,0.9776509528256319,0.9858009366374803,0.9961402529761905,0.061761725115085986,0.009000000000000001
value_linear,18000,ood_dev,22,4096,3958,4008,89692,90112,0.96630859375,0.960331329020896,0.971412017244696,0.978515625,0.973606447163245,0.9825280861773625,0.9953391335227273,0.07414732059578896,0.009000000000000001
value_linear,18000,ood_dev,23,4096,3940,3996,93688,94208,0.9619140625,0.9556064097149912,0.9673561092035952,0.9755859375,0.970395272680658,0.9798853757619459,0.9944802989130435,0.08714424198424192,0.009000000000000001
value_linear,18000,ood_dev,24,4096,3911,3977,97665,98304,0.954833984375,0.9480368065317946,0.9607788238832828,0.970947265625,0.9653459981138298,0.975665999240268,0.993499755859375,0.10197879590840125,0.009000000000000001
value_linear,18000,ood_dev,25,4096,3883,3953,101618,102400,0.947998046875,0.9407689451321072,0.9543876205209615,0.965087890625,0.9590165375678266,0.9702876899902639,0.99236328125,0.13070259109686205,0.009000000000000001
value_linear,18000,ood_dev,26,4096,3848,3938,105556,106496,0.939453125,0.9317293423030818,0.9463533923974762,0.96142578125,0.9550827758957496,0.9669040955398363,0.9911733774038461,0.14467517144874856,0.009000000000000001
value_linear,18000,ood_dev,27,4096,3822,3927,109483,110592,0.93310546875,0.9250412981572879,0.9403580192642621,0.958740234375,0.9522071977207031,0.9644136125583794,0.9899721498842593,0.1593798753084407,0.009000000000000001
value_linear,18000,ood_dev,28,4096,3780,3890,113373,114688,0.9228515625,0.9142781637462243,0.9306325565323126,0.94970703125,0.9425826106663004,0.9559887211772704,0.9885341099330357,0.1891678409630188,0.009000000000000001
value_linear,18000,ood_dev,29,4096,3746,3860,117233,118784,0.91455078125,0.9055965258076344,0.9227281872598918,0.9423828125,0.9348235709099155,0.9491130486886461,0.9869426858836207,0.2209345134260136,0.009000000000000001
value_linear,18000,ood_dev,30,4096,3701,3846,121079,122880,0.903564453125,0.894142695018886,0.9122299496811264,0.93896484375,0.9312141146512992,0.945892972566258,0.9853434244791667,0.2557831579622693,0.009000000000000001
value_linear,18000,ood_dev,31,4096,3659,3814,124893,126976,0.893310546875,0.8834849554963446,0.9023990920606546,0.93115234375,0.9229875245115166,0.9385092029780308,0.9835953251008065,0.28164936658810813,0.009000000000000001
value_linear,18000,ood_dev,32,4096,3621,3797,128690,131072,0.884033203125,0.8738658758000654,0.8934808695799222,0.927001953125,0.9186291140947668,0.9345746097892754,0.9818267822265625,0.30632294276342975,0.009000000000000001
value_linear,18000,ood_dev,33,4096,3575,3773,132463,135168,0.872802734375,0.8622483549890327,0.8826584982819405,0.921142578125,0.9124886341356219,0.9290073199524128,0.9799878669507576,0.3485918260400651,0.009000000000000001
value_linear,18000,ood_dev,34,4096,3522,3722,136185,139264,0.85986328125,0.8488951055782347,0.8701570893932221,0.90869140625,0.8994830025397677,0.9171339407317513,0.9778909122242647,0.3816443429535574,0.009000000000000001
value_linear,18000,ood_dev,35,4096,3477,3718,139903,143360,0.848876953125,0.8375816138522119,0.8595185127517311,0.90771484375,0.8984651733694144,0.9162004749361032,0.9758858816964285,0.41339385608715234,0.009000000000000001
value_linear,18000,ood_dev,36,4096,3439,3709,143612,147456,0.839599609375,0.8280437091779879,0.8505191152489432,0.905517578125,0.8961761478487502,0.9140990867832646,0.9739312065972222,0.4412401630654416,0.009000000000000001
value_linear,18500,dev,1,4096,4096,4096,4096,4096,1.0,0.9990630225926348,0.9999999999999999,1.0,0.9990630225926348,0.9999999999999999,1.0,4.162883802338868e-06,0.009250000000000001
value_linear,18500,dev,2,4096,4096,4096,8192,8192,1.0,0.9990630225926348,0.9999999999999999,1.0,0.9990630225926348,0.9999999999999999,1.0,4.032119837793502e-06,0.009250000000000001
value_linear,18500,dev,3,4096,4096,4096,12288,12288,1.0,0.9990630225926348,0.9999999999999999,1.0,0.9990630225926348,0.9999999999999999,1.0,5.0021619844853316e-06,0.009250000000000001
value_linear,18500,dev,4,4096,4096,4096,16384,16384,1.0,0.9990630225926348,0.9999999999999999,1.0,0.9990630225926348,0.9999999999999999,1.0,6.982722325132862e-06,0.009250000000000001
value_linear,18500,dev,5,4096,4096,4096,20480,20480,1.0,0.9990630225926348,0.9999999999999999,1.0,0.9990630225926348,0.9999999999999999,1.0,1.1039777370019932e-05,0.009250000000000001
value_linear,18500,dev,6,4096,4096,4096,24576,24576,1.0,0.9990630225926348,0.9999999999999999,1.0,0.9990630225926348,0.9999999999999999,1.0,2.7069454036188212e-05,0.009250000000000001
value_linear,18500,dev,7,4096,4096,4096,28672,28672,1.0,0.9990630225926348,0.9999999999999999,1.0,0.9990630225926348,0.9999999999999999,1.0,6.159831941968119e-05,0.009250000000000001
value_linear,18500,dev,8,4096,4096,4096,32768,32768,1.0,0.9990630225926348,0.9999999999999999,1.0,0.9990630225926348,0.9999999999999999,1.0,0.00018779008848093803,0.009250000000000001
value_linear,18500,dev,9,4096,4093,4093,36861,36864,0.999267578125,0.9978486714629491,0.9997508799051849,0.999267578125,0.9978486714629491,0.9997508799051849,0.9999186197916666,0.0012101503210676656,0.009250000000000001
value_linear,18500,dev,10,4096,4091,4092,40953,40960,0.998779296875,0.997145424476127,0.9994784794090062,0.9990234375,0.9974915571936952,0.9996201704329383,0.9998291015625,0.0030321816137491575,0.009250000000000001
value_linear,18500,dev,11,4096,4088,4090,45043,45056,0.998046875,0.9961504506055915,0.9990099820550408,0.99853515625,0.9968075986857966,0.9993284814578364,0.9997114701704546,0.0027130153309029015,0.009250000000000001
value_linear,18500,dev,12,4096,4085,4089,49132,49152,0.997314453125,0.9951972177470491,0.9984997436890822,0.998291015625,0.9964763422189936,0.9991719141831389,0.9995930989583334,0.0035965460900810042,0.009250000000000001
value_linear,18500,ood_dev,1,4096,4096,4096,4096,4096,1.0,0.9990630225926348,0.9999999999999999,1.0,0.9990630225926348,0.9999999999999999,1.0,4.195450646837795e-06,0.009250000000000001
value_linear,18500,ood_dev,2,4096,4096,4096,8192,8192,1.0,0.9990630225926348,0.9999999999999999,1.0,0.9990630225926348,0.9999999999999999,1.0,4.025891939374304e-06,0.009250000000000001
value_linear,18500,ood_dev,3,4096,4096,4096,12288,12288,1.0,0.9990630225926348,0.9999999999999999,1.0,0.9990630225926348,0.9999999999999999,1.0,5.120307942307889e-06,0.009250000000000001
value_linear,18500,ood_dev,4,4096,4096,4096,16384,16384,1.0,0.9990630225926348,0.9999999999999999,1.0,0.9990630225926348,0.9999999999999999,1.0,7.044780846399146e-06,0.009250000000000001
value_linear,18500,ood_dev,5,4096,4096,4096,20480,20480,1.0,0.9990630225926348,0.9999999999999999,1.0,0.9990630225926348,0.9999999999999999,1.0,1.2295381188465182e-05,0.009250000000000001
value_linear,18500,ood_dev,6,4096,4096,4096,24576,24576,1.0,0.9990630225926348,0.9999999999999999,1.0,0.9990630225926348,0.9999999999999999,1.0,2.6114269152222036e-05,0.009250000000000001
value_linear,18500,ood_dev,7,4096,4096,4096,28672,28672,1.0,0.9990630225926348,0.9999999999999999,1.0,0.9990630225926348,0.9999999999999999,1.0,4.2847070329060655e-05,0.009250000000000001
value_linear,18500,ood_dev,8,4096,4096,4096,32768,32768,1.0,0.9990630225926348,0.9999999999999999,1.0,0.9990630225926348,0.9999999999999999,1.0,9.794026917966936e-05,0.009250000000000001
value_linear,18500,ood_dev,9,4096,4096,4096,36864,36864,1.0,0.9990630225926348,0.9999999999999999,1.0,0.9990630225926348,0.9999999999999999,1.0,0.0004469735981224854,0.009250000000000001
value_linear,18500,ood_dev,10,4096,4096,4096,40960,40960,1.0,0.9990630225926348,0.9999999999999999,1.0,0.9990630225926348,0.9999999999999999,1.0,0.0010656176537551243,0.009250000000000001
value_linear,18500,ood_dev,11,4096,4094,4094,45054,45056,0.99951171875,0.9982212896544476,0.9998660854551866,0.99951171875,0.9982212896544476,0.9998660854551866,0.9999556107954546,0.001847270286816055,0.009250000000000001
value_linear,18500,ood_dev,12,4096,4094,4096,49150,49152,0.99951171875,0.9982212896544476,0.9998660854551866,1.0,0.9990630225926348,0.9999999999999999,0.9999593098958334,0.0015815208031755013,0.009250000000000001
value_linear,18500,ood_dev,13,4096,4090,4092,53242,53248,0.99853515625,0.9968075986857966,0.9993284814578364,0.9990234375,0.9974915571936952,0.9996201704329383,0.9998873197115384,0.002920208040250255,0.009250000000000001
value_linear,18500,ood_dev,14,4096,4083,4085,57327,57344,0.996826171875,0.9945771012522003,0.9981442127009305,0.997314453125,0.9951972177470491,0.9984997436890822,0.9997035435267857,0.007501349462837897,0.009250000000000001
value_linear,18500,ood_dev,15,4096,4078,4083,61410,61440,0.99560546875,0.9930638103960733,0.9972183848495558,0.996826171875,0.9945771012522003,0.9981442127009305,0.99951171875,0.011191031161800508,0.009250000000000001
value_linear,18500,ood_dev,16,4096,4066,4074,65484,65536,0.99267578125,0.9895635962243474,0.994864714123278,0.99462890625,0.9918806406223304,0.9964502596572975,0.99920654296875,0.017929698411338374,0.009250000000000001
value_linear,18500,ood_dev,17,4096,4051,4064,69548,69632,0.989013671875,0.9853320021138738,0.991778952111247,0.9921875,0.9889921727170213,0.9944604901476036,0.9987936580882353,0.02441300098692406,0.009250000000000001
value_linear,18500,ood_dev,18,4096,4038,4059,73607,73728,0.98583984375,0.9817394754367362,0.9890297701488805,0.990966796875,0.9875743543279273,0.993439189829196,0.9983588324652778,0.031503242887192945,0.009250000000000001
value_linear,18500,ood_dev,19,4096,4027,4047,77654,77824,0.983154296875,0.978736356856804,0.9866668275723093,0.988037109375,0.9842206673133682,0.9909389919457514,0.997815583881579,0.040460223951788804,0.009250000000000001
value_linear,18500,ood_dev,20,4096,4004,4031,81685,81920,0.9775390625,0.9725338897863597,0.9816493485882466,0.984130859375,0.9798251184139876,0.987529360981127,0.99713134765625,0.055643721197364215,0.009250000000000001
value_linear,18500,ood_dev,21,4096,3983,4022,85707,86016,0.972412109375,0.9669363760022123,0.9770025638008875,0.98193359375,0.9773800946662805,0.9855839710553314,0.9964076450892857,0.06417949179005428,0.009250000000000001
value_linear,18500,ood_dev,22,4096,3958,4008,89715,90112,0.96630859375,0.960331329020896,0.971412017244696,0.978515625,0.973606447163245,0.9825280861773625,0.9955943714488636,0.0744987341296938,0.009250000000000001
value_linear,18500,ood_dev,23,4096,3935,3990,93705,94208,0.960693359375,0.9542977984787171,0.9662256017323678,0.97412109375,0.9687965056840521,0.9785572003095498,0.9946607506793478,0.09297696803092226,0.009250000000000001
value_linear,18500,ood_dev,24,4096,3906,3979,97684,98304,0.95361328125,0.946736292289229,0.959640219418347,0.971435546875,0.9658757308170035,0.976111914020095,0.9936930338541666,0.09894866651907086,0.009250000000000001
value_linear,18500,ood_dev,25,4096,3874,3961,101645,102400,0.94580078125,0.9384400580444845,0.9523260939350815,0.967041015625,0.9611211199926455,0.9720856974974474,0.992626953125,0.11854515807450983,0.009250000000000001
value_linear,18500,ood_dev,26,4096,3849,3951,105596,106496,0.939697265625,0.9319870061829958,0.9465835522590624,0.964599609375,0.958491137419128,0.9698374426559618,0.9915489783653846,0.13037790774496125,0.009250000000000001
value_linear,18500,ood_dev,27,4096,3820,3936,109532,110592,0.9326171875,0.9245276830494434,0.9398959868891058,0.9609375,0.9545593952649127,0.9664518286876724,0.9904152199074074,0.14264653812254938,0.009250000000000001
value_linear,18500,ood_dev,28,4096,3778,3898,113430,114688,0.92236328125,0.913766751587586,0.9301683212079501,0.95166015625,0.9446579820358394,0.9578159397397341,0.9890311104910714,0.17172619105022252,0.009250000000000001
value_linear,18500,ood_dev,29,4096,3746,3891,117321,118784,0.91455078125,0.9055965258076344,0.9227281872598918,0.949951171875,0.9428418769954561,0.9562172785896152,0.9876835264008621,0.18522110874207487,0.009250000000000001
value_linear,18500,ood_dev,30,4096,3697,3853,121174,122880,0.902587890625,0.893126394639718,0.9112949550942931,0.940673828125,0.9330179998365595,0.9475038535714999,0.9861165364583333,0.2212476920175959,0.009250000000000001
value_linear,18500,ood_dev,31,4096,3659,3838,125012,126976,0.893310546875,0.8834849554963446,0.9023990920606546,0.93701171875,0.9291545119210666,0.9440499853644883,0.9845325100806451,0.2512202511193105,0.009250000000000001
value_linear,18500,ood_dev,32,4096,3618,3802,128814,131072,0.88330078125,0.8731073554786435,0.8927759186768431,0.92822265625,0.9199101986690307,0.935732643922513,0.9827728271484375,0.2794921066512994,0.009250000000000001
value_linear,18500,ood_dev,33,4096,3580,3798,132612,135168,0.8740234375,0.863509812795288,0.8838361591831867,0.92724609375,0.9188852789498749,0.9348062686756675,0.9810901988636364,0.3033161319643334,0.009250000000000001
value_linear,18500,ood_dev,34,4096,3544,3777,136389,139264,0.865234375,0.8544340380494773,0.8753502792349863,0.922119140625,0.913511081106035,0.9299361679480009,0.9793557559742647,0.3230282305139178,0.009250000000000001
value_linear,18500,ood_dev,35,4096,3505,3743,140132,143360,0.855712890625,0.8446186417242619,0.8661405496416897,0.913818359375,0.9048317022533956,0.9220295395896299,0.9774832589285715,0.3563847931899864,0.009250000000000001
value_linear,18500,ood_dev,36,4096,3465,3722,143854,147456,0.845947265625,0.8345681480296661,0.8566780936762732,0.90869140625,0.8994830025397677,0.9171339407317513,0.9755723741319444,0.39820976389186047,0.009250000000000001
value_linear,19000,dev,1,4096,4096,4096,4096,4096,1.0,0.9990630225926348,0.9999999999999999,1.0,0.9990630225926348,0.9999999999999999,1.0,3.839105462338788e-06,0.0095
value_linear,19000,dev,2,4096,4096,4096,8192,8192,1.0,0.9990630225926348,0.9999999999999999,1.0,0.9990630225926348,0.9999999999999999,1.0,3.731654531269335e-06,0.0095
value_linear,19000,dev,3,4096,4096,4096,12288,12288,1.0,0.9990630225926348,0.9999999999999999,1.0,0.9990630225926348,0.9999999999999999,1.0,4.5802485902080026e-06,0.0095
value_linear,19000,dev,4,4096,4096,4096,16384,16384,1.0,0.9990630225926348,0.9999999999999999,1.0,0.9990630225926348,0.9999999999999999,1.0,6.115653233357277e-06,0.0095
value_linear,19000,dev,5,4096,4096,4096,20480,20480,1.0,0.9990630225926348,0.9999999999999999,1.0,0.9990630225926348,0.9999999999999999,1.0,9.163073243639852e-06,0.0095
value_linear,19000,dev,6,4096,4096,4096,24576,24576,1.0,0.9990630225926348,0.9999999999999999,1.0,0.9990630225926348,0.9999999999999999,1.0,1.4031176552797842e-05,0.0095
value_linear,19000,dev,7,4096,4096,4096,28672,28672,1.0,0.9990630225926348,0.9999999999999999,1.0,0.9990630225926348,0.9999999999999999,1.0,2.5374714674564203e-05,0.0095
value_linear,19000,dev,8,4096,4096,4096,32768,32768,1.0,0.9990630225926348,0.9999999999999999,1.0,0.9990630225926348,0.9999999999999999,1.0,9.647189937952994e-05,0.0095
value_linear,19000,dev,9,4096,4096,4096,36864,36864,1.0,0.9990630225926348,0.9999999999999999,1.0,0.9990630225926348,0.9999999999999999,1.0,9.48901090261356e-05,0.0095
value_linear,19000,dev,10,4096,4096,4096,40960,40960,1.0,0.9990630225926348,0.9999999999999999,1.0,0.9990630225926348,0.9999999999999999,1.0,0.0001851036781752302,0.0095
value_linear,19000,dev,11,4096,4095,4095,45055,45056,0.999755859375,0.9986182969663738,0.9999569018847606,0.999755859375,0.9986182969663738,0.9999569018847606,0.9999778053977273,0.0005995286748869122,0.0095
value_linear,19000,dev,12,4096,4094,4094,49149,49152,0.99951171875,0.9982212896544476,0.9998660854551866,0.99951171875,0.9982212896544476,0.9998660854551866,0.99993896484375,0.0013531757228178176,0.0095
value_linear,19000,ood_dev,1,4096,4096,4096,4096,4096,1.0,0.9990630225926348,0.9999999999999999,1.0,0.9990630225926348,0.9999999999999999,1.0,3.865502419819755e-06,0.0095
value_linear,19000,ood_dev,2,4096,4096,4096,8192,8192,1.0,0.9990630225926348,0.9999999999999999,1.0,0.9990630225926348,0.9999999999999999,1.0,3.8160832023514946e-06,0.0095
value_linear,19000,ood_dev,3,4096,4096,4096,12288,12288,1.0,0.9990630225926348,0.9999999999999999,1.0,0.9990630225926348,0.9999999999999999,1.0,4.805502628268954e-06,0.0095
value_linear,19000,ood_dev,4,4096,4096,4096,16384,16384,1.0,0.9990630225926348,0.9999999999999999,1.0,0.9990630225926348,0.9999999999999999,1.0,7.352445327291068e-06,0.0095
value_linear,19000,ood_dev,5,4096,4096,4096,20480,20480,1.0,0.9990630225926348,0.9999999999999999,1.0,0.9990630225926348,0.9999999999999999,1.0,1.1510691596772205e-05,0.0095
value_linear,19000,ood_dev,6,4096,4096,4096,24576,24576,1.0,0.9990630225926348,0.9999999999999999,1.0,0.9990630225926348,0.9999999999999999,1.0,1.8557409962483007e-05,0.0095
value_linear,19000,ood_dev,7,4096,4096,4096,28672,28672,1.0,0.9990630225926348,0.9999999999999999,1.0,0.9990630225926348,0.9999999999999999,1.0,7.791765407172413e-05,0.0095
value_linear,19000,ood_dev,8,4096,4096,4096,32768,32768,1.0,0.9990630225926348,0.9999999999999999,1.0,0.9990630225926348,0.9999999999999999,1.0,0.00017532317379329032,0.0095
value_linear,19000,ood_dev,9,4096,4096,4096,36864,36864,1.0,0.9990630225926348,0.9999999999999999,1.0,0.9990630225926348,0.9999999999999999,1.0,0.00022042756534601526,0.0095
value_linear,19000,ood_dev,10,4096,4096,4096,40960,40960,1.0,0.9990630225926348,0.9999999999999999,1.0,0.9990630225926348,0.9999999999999999,1.0,0.0006647651091990225,0.0095
value_linear,19000,ood_dev,11,4096,4094,4094,45054,45056,0.99951171875,0.9982212896544476,0.9998660854551866,0.99951171875,0.9982212896544476,0.9998660854551866,0.9999556107954546,0.0011458689875950556,0.0095
value_linear,19000,ood_dev,12,4096,4089,4091,49145,49152,0.998291015625,0.9964763422189936,0.9991719141831389,0.998779296875,0.997145424476127,0.9994784794090062,0.9998575846354166,0.002524155702939207,0.0095
value_linear,19000,ood_dev,13,4096,4086,4091,53236,53248,0.99755859375,0.9955114747539533,0.9986733104236785,0.998779296875,0.997145424476127,0.9994784794090062,0.9997746394230769,0.003429041311037967,0.0095
value_linear,19000,ood_dev,14,4096,4082,4088,57324,57344,0.99658203125,0.9942706398960515,0.9979628503155791,0.998046875,0.9961504506055915,0.9990099820550408,0.9996512276785714,0.0051627891724962405,0.0095
value_linear,19000,ood_dev,15,4096,4075,4085,61409,61440,0.994873046875,0.9921745882319427,0.9966441357891856,0.997314453125,0.9951972177470491,0.9984997436890822,0.9994954427083333,0.007378782924052696,0.0095
value_linear,19000,ood_dev,16,4096,4065,4074,65483,65536,0.992431640625,0.9892775496501616,0.9946629369559636,0.99462890625,0.9918806406223304,0.9964502596572975,0.9991912841796875,0.013395959895546844,0.0095
value_linear,19000,ood_dev,17,4096,4048,4060,69543,69632,0.98828125,0.9844979568178159,0.9911495261828039,0.9912109375,0.9878567926156614,0.9936445752829621,0.9987218520220589,0.02194954564874904,0.0095
value_linear,19000,ood_dev,18,4096,4034,4059,73602,73728,0.98486328125,0.9806440746636242,0.9881738759559913,0.990966796875,0.9875743543279273,0.993439189829196,0.998291015625,0.029209372370084585,0.0095
value_linear,19000,ood_dev,19,4096,4010,4041,77643,77824,0.97900390625,0.9741435999816663,0.9829665808419419,0.986572265625,0.9825638389733109,0.9896688778368068,0.9976742393092105,0.03685037233442143,0.0095
value_linear,19000,ood_dev,20,4096,3981,4020,81663,81920,0.971923828125,0.9664058535023272,0.976557438817772,0.9814453125,0.9768389428205996,0.9851494754180116,0.99686279296875,0.0497664268647115,0.0095
value_linear,19000,ood_dev,21,4096,3968,4016,85679,86016,0.96875,0.9629667829716362,0.9736548007089589,0.98046875,0.9757587986106162,0.9842783246619937,0.9960821242559523,0.0634330180524722,0.0095
value_linear,19000,ood_dev,22,4096,3946,4000,89679,90112,0.96337890625,0.9571788776441608,0.9687105837234276,0.9765625,0.9714635423988935,0.9807684010097115,0.9951948686079546,0.07184535323302349,0.0095
value_linear,19000,ood_dev,23,4096,3920,3988,93667,94208,0.95703125,0.9503809505933728,0.9628250934952075,0.9736328125,0.9682644999293395,0.9781135585812619,0.9942573879076086,0.08682840515421156,0.0095
value_linear,19000,ood_dev,24,4096,3885,3966,97633,98304,0.948486328125,0.941286924101402,0.9548452890346674,0.96826171875,0.9624390364554394,0.973206899742155,0.9931742350260416,0.10827789090469012,0.0095
value_linear,19000,ood_dev,25,4096,3855,3949,101582,102400,0.941162109375,0.9335337022688429,0.9479637986222172,0.964111328125,0.9579660236105576,0.9693869089815317,0.99201171875,0.1201296823199236,0.0095
value_linear,19000,ood_dev,26,4096,3829,3934,105516,106496,0.934814453125,0.9268398754957403,0.9419742081163116,0.96044921875,0.9540362633072799,0.9659993131623048,0.9907977764423077,0.14830072693451932,0.0095
value_linear,19000,ood_dev,27,4096,3797,3918,109434,110592,0.927001953125,0.9186291140947668,0.9345746097892754,0.95654296875,0.9498596607971911,0.9623707358083885,0.9895290798611112,0.16527978149891548,0.0095
value_linear,19000,ood_dev,28,4096,3765,3903,113337,114688,0.919189453125,0.9104448475161888,0.9271485166398434,0.952880859375,0.9459565706946147,0.9589564697884603,0.98822021484375,0.18178545009540018,0.0095
value_linear,19000,ood_dev,29,4096,3722,3868,117205,118784,0.90869140625,0.8994830025397677,0.9171339407317513,0.9443359375,0.9368892357284203,0.9509499738021437,0.9867069639008621,0.19714054491332453,0.0095
value_linear,19000,ood_dev,30,4096,3679,3844,121049,122880,0.898193359375,0.8885564425517519,0.9070840798352536,0.9384765625,0.9306990192363365,0.9454324204982203,0.9850992838541667,0.22748391911806973,0.0095
value_linear,19000,ood_dev,31,4096,3652,3843,124892,126976,0.8916015625,0.8817114150371916,0.9007578663293054,0.938232421875,0.9304415206592828,0.9452020953337735,0.9835874495967742,0.24123550257876375,0.0095
value_linear,19000,ood_dev,32,4096,3619,3813,128705,131072,0.883544921875,0.8733601817939964,0.8930109161029904,0.930908203125,0.9227309300951754,0.9382779736528717,0.9819412231445312,0.2765531241509296,0.0095
value_linear,19000,ood_dev,33,4096,3579,3794,132499,135168,0.873779296875,0.863257496456122,0.8836006517808525,0.92626953125,0.9178607737962339,0.9338794788633074,0.9802542021780303,0.30150261433895675,0.0095
value_linear,19000,ood_dev,34,4096,3526,3760,136259,139264,0.86083984375,0.8499017850055347,0.8711017049319235,0.91796875,0.9091682131124504,0.9259860323360801,0.9784222771139706,0.3386389624473549,0.0095
value_linear,19000,ood_dev,35,4096,3473,3735,139994,143360,0.847900390625,0.8365769684304168,0.8585718632075249,0.911865234375,0.9027930715550466,0.9201655803559762,0.9765206473214286,0.36689180185487086,0.0095
value_linear,19000,ood_dev,36,4096,3428,3723,143717,147456,0.8369140625,0.8252852616570167,0.847911501613411,0.908935546875,0.8997375071958539,0.9173672598171653,0.9746432834201388,0.38779965659739335,0.0095
value_linear,19500,dev,1,4096,4096,4096,4096,4096,1.0,0.9990630225926348,0.9999999999999999,1.0,0.9990630225926348,0.9999999999999999,1.0,3.8924530759154585e-06,0.00975
value_linear,19500,dev,2,4096,4096,4096,8192,8192,1.0,0.9990630225926348,0.9999999999999999,1.0,0.9990630225926348,0.9999999999999999,1.0,4.095681654020522e-06,0.00975
value_linear,19500,dev,3,4096,4096,4096,12288,12288,1.0,0.9990630225926348,0.9999999999999999,1.0,0.9990630225926348,0.9999999999999999,1.0,5.677885529797866e-06,0.00975
value_linear,19500,dev,4,4096,4096,4096,16384,16384,1.0,0.9990630225926348,0.9999999999999999,1.0,0.9990630225926348,0.9999999999999999,1.0,8.044380950006369e-06,0.00975
value_linear,19500,dev,5,4096,4096,4096,20480,20480,1.0,0.9990630225926348,0.9999999999999999,1.0,0.9990630225926348,0.9999999999999999,1.0,1.5708734444896955e-05,0.00975
value_linear,19500,dev,6,4096,4096,4096,24576,24576,1.0,0.9990630225926348,0.9999999999999999,1.0,0.9990630225926348,0.9999999999999999,1.0,4.5510772440332525e-05,0.00975
value_linear,19500,dev,7,4096,4096,4096,28672,28672,1.0,0.9990630225926348,0.9999999999999999,1.0,0.9990630225926348,0.9999999999999999,1.0,9.700286206940079e-05,0.00975
value_linear,19500,dev,8,4096,4095,4095,32767,32768,0.999755859375,0.9986182969663738,0.9999569018847606,0.999755859375,0.9986182969663738,0.9999569018847606,0.999969482421875,0.0005016747177304104,0.00975
value_linear,19500,dev,9,4096,4094,4095,36862,36864,0.99951171875,0.9982212896544476,0.9998660854551866,0.999755859375,0.9986182969663738,0.9999569018847606,0.9999457465277778,0.0007916296720088811,0.00975
value_linear,19500,dev,10,4096,4093,4093,40955,40960,0.999267578125,0.9978486714629491,0.9997508799051849,0.999267578125,0.9978486714629491,0.9997508799051849,0.9998779296875,0.0027541769321904608,0.00975
value_linear,19500,dev,11,4096,4089,4090,45045,45056,0.998291015625,0.9964763422189936,0.9991719141831389,0.99853515625,0.9968075986857966,0.9993284814578364,0.999755859375,0.003663425625942296,0.00975
value_linear,19500,dev,12,4096,4084,4087,49132,49152,0.9970703125,0.9948858699188933,0.9983232677757378,0.997802734375,0.9958290482073086,0.9988435607118235,0.9995930989583334,0.005323480539641462,0.00975
value_linear,19500,ood_dev,1,4096,4096,4096,4096,4096,1.0,0.9990630225926348,0.9999999999999999,1.0,0.9990630225926348,0.9999999999999999,1.0,3.887738165425647e-06,0.00975
value_linear,19500,ood_dev,2,4096,4096,4096,8192,8192,1.0,0.9990630225926348,0.9999999999999999,1.0,0.9990630225926348,0.9999999999999999,1.0,4.163753190844499e-06,0.00975
value_linear,19500,ood_dev,3,4096,4096,4096,12288,12288,1.0,0.9990630225926348,0.9999999999999999,1.0,0.9990630225926348,0.9999999999999999,1.0,5.36106679288606e-06,0.00975
value_linear,19500,ood_dev,4,4096,4096,4096,16384,16384,1.0,0.9990630225926348,0.9999999999999999,1.0,0.9990630225926348,0.9999999999999999,1.0,8.249778548408138e-06,0.00975
value_linear,19500,ood_dev,5,4096,4096,4096,20480,20480,1.0,0.9990630225926348,0.9999999999999999,1.0,0.9990630225926348,0.9999999999999999,1.0,1.2708357500695877e-05,0.00975
value_linear,19500,ood_dev,6,4096,4096,4096,24576,24576,1.0,0.9990630225926348,0.9999999999999999,1.0,0.9990630225926348,0.9999999999999999,1.0,3.452307904325269e-05,0.00975
value_linear,19500,ood_dev,7,4096,4096,4096,28672,28672,1.0,0.9990630225926348,0.9999999999999999,1.0,0.9990630225926348,0.9999999999999999,1.0,0.00011951001617571677,0.00975
value_linear,19500,ood_dev,8,4096,4095,4095,32767,32768,0.999755859375,0.9986182969663738,0.9999569018847606,0.999755859375,0.9986182969663738,0.9999569018847606,0.999969482421875,0.0007142569124778675,0.00975
value_linear,19500,ood_dev,9,4096,4093,4093,36860,36864,0.999267578125,0.9978486714629491,0.9997508799051849,0.999267578125,0.9978486714629491,0.9997508799051849,0.9998914930555556,0.0015877301313666492,0.00975
value_linear,19500,ood_dev,10,4096,4092,4094,40954,40960,0.9990234375,0.9974915571936952,0.9996201704329383,0.99951171875,0.9982212896544476,0.9998660854551866,0.999853515625,0.0016081397332597946,0.00975
value_linear,19500,ood_dev,11,4096,4088,4090,45044,45056,0.998046875,0.9961504506055915,0.9990099820550408,0.99853515625,0.9968075986857966,0.9993284814578364,0.9997336647727273,0.004592707215999053,0.00975
value_linear,19500,ood_dev,12,4096,4081,4087,49131,49152,0.996337890625,0.9939662587473084,0.9977794077228217,0.997802734375,0.9958290482073086,0.9988435607118235,0.99957275390625,0.006283436468828313,0.00975
value_linear,19500,ood_dev,13,4096,4075,4079,53210,53248,0.994873046875,0.9921745882319427,0.9966441357891856,0.995849609375,0.9933629968413301,0.9974070221457995,0.9992863581730769,0.01079645677435942,0.00975
value_linear,19500,ood_dev,14,4096,4068,4075,57285,57344,0.9931640625,0.9901378308615215,0.9952661269691047,0.994873046875,0.9921745882319427,0.9966441357891856,0.9989711216517857,0.012754875982257385,0.00975
value_linear,19500,ood_dev,15,4096,4057,4069,61354,61440,0.990478515625,0.9870110133784079,0.9930268832957149,0.993408203125,0.9904260923610462,0.9954656892110803,0.9986002604166667,0.01633447126354559,0.00975
value_linear,19500,ood_dev,16,4096,4044,4059,65413,65536,0.9873046875,0.9833908284717333,0.9903053595628853,0.990966796875,0.9875743543279273,0.993439189829196,0.9981231689453125,0.026285563002631546,0.00975
value_linear,19500,ood_dev,17,4096,4030,4049,69462,69632,0.98388671875,0.9795525973497291,0.9873140583038852,0.988525390625,0.9847756016627256,0.9913597050793945,0.99755859375,0.034643540356532804,0.00975
value_linear,19500,ood_dev,18,4096,4008,4035,73497,73728,0.978515625,0.973606447163245,0.9825280861773625,0.985107421875,0.9809175425035267,0.9883882318575893,0.9968668619791666,0.04229304959233221,0.00975
value_linear,19500,ood_dev,19,4096,3991,4028,77525,77824,0.974365234375,0.9690626764666648,0.9787788532684374,0.9833984375,0.9790082213211099,0.9868827868495039,0.9961579975328947,0.04575446257860552,0.00975
value_linear,19500,ood_dev,20,4096,3966,4013,81538,81920,0.96826171875,0.9624390364554394,0.973206899742155,0.979736328125,0.9749504777230061,0.9836231743251028,0.9953369140625,0.05968719274968984,0.00975
value_linear,19500,ood_dev,21,4096,3939,3999,85537,86016,0.961669921875,0.9553445608690955,0.9671301343079907,0.976318359375,0.9711962850581976,0.9805478346089073,0.9944312686011905,0.07829654774908301,0.00975
value_linear,19500,ood_dev,22,4096,3915,3975,89512,90112,0.955810546875,0.9490781255019948,0.9616887998790838,0.970458984375,0.9648166459664846,0.9752197039046127,0.9933416193181818,0.09004569040281724,0.00975
value_linear,19500,ood_dev,23,4096,3887,3967,93479,94208,0.948974609375,0.9418050708778951,0.955302789741175,0.968505859375,0.9627028673707351,0.9734308925683598,0.9922618036684783,0.10510221375275688,0.00975
value_linear,19500,ood_dev,24,4096,3850,3948,97427,98304,0.93994140625,0.9322447036840906,0.9468136784994678,0.9638671875,0.957703572334836,0.9691615365157528,0.9910786946614584,0.12358733476501044,0.00975
value_linear,19500,ood_dev,25,4096,3814,3924,101351,102400,0.93115234375,0.9229875245115166,0.9385092029780308,0.9580078125,0.9514241848736409,0.9637331541809406,0.989755859375,0.14445444469443372,0.00975
value_linear,19500,ood_dev,26,4096,3781,3904,105255,106496,0.923095703125,0.9145339056289837,0.9308646383910534,0.953125,0.9462164298287505,0.9591844343958247,0.9883469801682693,0.17439895054459287,0.00975
value_linear,19500,ood_dev,27,4096,3742,3886,109141,110592,0.91357421875,0.9045768022865681,0.9217966158149569,0.94873046875,0.9415459763729898,0.9550740605045799,0.9868797019675926,0.19878584106218042,0.00975
value_linear,19500,ood_dev,28,4096,3711,3866,113007,114688,0.906005859375,0.8966846914232689,0.9145661906917466,0.94384765625,0.9363725983801838,0.9504909636673797,0.9853428431919643,0.22423761175508727,0.00975
value_linear,19500,ood_dev,29,4096,3658,3818,116825,118784,0.89306640625,0.8832315465848233,0.9021646772306757,0.93212890625,0.9240141831674432,0.9394338392881053,0.9835078798491379,0.2732443579130379,0.00975
value_linear,19500,ood_dev,30,4096,3620,3803,120628,122880,0.8837890625,0.8736130218885932,0.8932458997498941,0.928466796875,0.9201664942823952,0.9359641720506487,0.9816731770833333,0.2992014914796888,0.00975
value_linear,19500,ood_dev,31,4096,3583,3785,124413,126976,0.874755859375,0.8642668366393406,0.8845426065636351,0.924072265625,0.9155571142869631,0.9317927246990753,0.9798150831653226,0.3212285837086175,0.00975
value_linear,19500,ood_dev,32,4096,3545,3754,128167,131072,0.865478515625,0.8546859370558118,0.8755862039701523,0.91650390625,0.9076369762844673,0.9245903267150616,0.9778366088867188,0.3477800052236564,0.00975
value_linear,19500,ood_dev,33,4096,3497,3734,131901,135168,0.853759765625,0.8426072438069235,0.8642493576270255,0.91162109375,0.9025383332525057,0.9199324949170169,0.975830078125,0.3781901120674723,0.00975
value_linear,19500,ood_dev,34,4096,3447,3709,135610,139264,0.841552734375,0.8300505515045329,0.8524148628544008,0.905517578125,0.8961761478487502,0.9140990867832646,0.9737620634191176,0.4092474306310362,0.00975
value_linear,19500,ood_dev,35,4096,3390,3663,139273,143360,0.82763671875,0.8157643517817602,0.8388951093116558,0.894287109375,0.8844987461372489,0.9033365963857516,0.9714913504464285,0.4612407636857082,0.00975
value_linear,19500,ood_dev,36,4096,3347,3641,142914,147456,0.817138671875,0.8050053749059957,0.828677665302907,0.888916015625,0.878925915308623,0.8981773049013707,0.9691975911458334,0.4889220141030938,0.00975
value_linear,20000,dev,1,102400,102400,102400,102400,102400,1.0,0.9999624871609701,1.0,1.0,0.9999624871609701,1.0,1.0,3.639950536254988e-06,0.01
value_linear,20000,dev,2,102400,102400,102400,204800,204800,1.0,0.9999624871609701,1.0,1.0,0.9999624871609701,1.0,1.0,3.940767031076486e-06,0.01
value_linear,20000,dev,3,102400,102400,102400,307200,307200,1.0,0.9999624871609701,1.0,1.0,0.9999624871609701,1.0,1.0,5.615902437886567e-06,0.01
value_linear,20000,dev,4,102400,102400,102400,409600,409600,1.0,0.9999624871609701,1.0,1.0,0.9999624871609701,1.0,1.0,1.0236583991491965e-05,0.01
value_linear,20000,dev,5,102400,102400,102400,512000,512000,1.0,0.9999624871609701,1.0,1.0,0.9999624871609701,1.0,1.0,2.5204053852443397e-05,0.01
value_linear,20000,dev,6,102400,102397,102397,614397,614400,0.999970703125,0.9999138592392058,0.9999900363697822,0.999970703125,0.9999138592392058,0.9999900363697822,0.9999951171875,0.00010261144620215767,0.01
value_linear,20000,dev,7,102400,102391,102393,716790,716800,0.999912109375,0.9998329541276058,0.999953758377418,0.999931640625,0.9998588878252541,0.9999668857144244,0.9999860491071428,0.0002702301499223592,0.01
value_linear,20000,dev,8,102400,102361,102365,819155,819200,0.999619140625,0.9994794317923406,0.9997213651928625,0.999658203125,0.9995247045222765,0.9997542145322359,0.999945068359375,0.0009158600428856379,0.01
value_linear,20000,dev,9,102400,102314,102331,921486,921600,0.99916015625,0.9989630242542219,0.999319838416595,0.999326171875,0.9991474062701934,0.9994674751951885,0.9998763020833333,0.0018598885188652158,0.01
value_linear,20000,dev,10,102400,102232,102263,1023749,1024000,0.998359375,0.9980920980893575,0.9985892621606156,0.998662109375,0.9984187459545057,0.9988680603326157,0.9997548828125,0.003803092237159528,0.01
value_linear,20000,dev,11,102400,102114,102185,1125934,1126400,0.99720703125,0.996864608934393,0.9975121502709513,0.997900390625,0.9976007400272681,0.9981626859083191,0.9995862926136364,0.006370842478439491,0.01
value_linear,20000,dev,12,102400,101924,102038,1227972,1228800,0.9953515625,0.9949159543139016,0.9957500065992438,0.99646484375,0.9960822257366198,0.9968102141518449,0.999326171875,0.010440614387862795,0.01
value_linear,20000,ood_dev,1,102400,102400,102400,102400,102400,1.0,0.9999624871609701,1.0,1.0,0.9999624871609701,1.0,1.0,3.6378690410343584e-06,0.01
value_linear,20000,ood_dev,2,102400,102400,102400,204800,204800,1.0,0.9999624871609701,1.0,1.0,0.9999624871609701,1.0,1.0,3.936208049409862e-06,0.01
value_linear,20000,ood_dev,3,102400,102400,102400,307200,307200,1.0,0.9999624871609701,1.0,1.0,0.9999624871609701,1.0,1.0,5.529721239166951e-06,0.01
value_linear,20000,ood_dev,4,102400,102400,102400,409600,409600,1.0,0.9999624871609701,1.0,1.0,0.9999624871609701,1.0,1.0,1.1368643530732524e-05,0.01
value_linear,20000,ood_dev,5,102400,102399,102399,511999,512000,0.999990234375,0.9999446805183295,0.9999982761253133,0.999990234375,0.9999446805183295,0.9999982761253133,0.999998046875,3.5378052904118104e-05,0.01
value_linear,20000,ood_dev,6,102400,102395,102395,614394,614400,0.999951171875,0.9998856912053655,0.9999791433689678,0.999951171875,0.9998856912053655,0.9999791433689678,0.999990234375,0.00018384183263102095,0.01
value_linear,20000,ood_dev,7,102400,102386,102389,716783,716800,0.99986328125,0.9997705055160856,0.9999185544023014,0.999892578125,0.9998076372259771,0.9999400142443918,0.9999762834821428,0.0004459360184316552,0.01
value_linear,20000,ood_dev,8,102400,102356,102362,819145,819200,0.9995703125,0.9994232637005559,0.9996798806980102,0.99962890625,0.9994907196411001,0.9997296078614301,0.999932861328125,0.0011045434490750017,0.01
value_linear,20000,ood_dev,9,102400,102313,102333,921478,921600,0.999150390625,0.9989522370091191,0.9993110951443704,0.999345703125,0.9991692393347998,0.9994847031652371,0.9998676215277778,0.0020484673370668493,0.01
value_linear,20000,ood_dev,10,102400,102229,102264,1023742,1024000,0.998330078125,0.9980606088358721,0.9985621598621188,0.998671875,0.9984293258087811,0.9988770109956677,0.999748046875,0.004116279407487892,0.01
value_linear,20000,ood_dev,11,102400,102109,102183,1125925,1126400,0.997158203125,0.9968129821259797,0.9974661244927279,0.997880859375,0.9975799142311897,0.9981444506697427,0.9995783025568182,0.0063790942065565445,0.01
value_linear,20000,ood_dev,12,102400,101917,102046,1227971,1228800,0.995283203125,0.9948445628802893,0.9956846844115645,0.99654296875,0.9961643674398094,0.9968843165872744,0.9993253580729167,0.010297243795359425,0.01
value_linear,20000,ood_dev,13,102400,101679,101889,1329860,1331200,0.992958984375,0.9924280365075737,0.9934529476603677,0.995009765625,0.9945592143277505,0.9954231784789372,0.9989933894230769,0.015210032429297948,0.01
value_linear,20000,ood_dev,14,102400,101373,101678,1431538,1433600,0.989970703125,0.9893417560369276,0.9905628898288409,0.99294921875,0.9924179189877954,0.9934435346628187,0.9985616629464286,0.02165918986764054,0.01
value_linear,20000,ood_dev,15,102400,100953,101367,1532905,1536000,0.985869140625,0.9851277751346308,0.9865740534536453,0.989912109375,0.9892814033204506,0.9905060594413538,0.9979850260416666,0.030905967541619516,0.01
value_linear,20000,ood_dev,16,102400,100500,101123,1634028,1638400,0.9814453125,0.9806005415313466,0.9822539627076343,0.987529296875,0.9868310729656077,0.9881909435683202,0.99733154296875,0.04056950855505523,0.01
value_linear,20000,ood_dev,17,102400,99949,100720,1734748,1740800,0.976064453125,0.9751102625242005,0.9769829266674035,0.98359375,0.9827973565179502,0.9843538615330507,0.9965234375,0.05335779542762586,0.01
value_linear,20000,ood_dev,18,102400,99371,100353,1835101,1843200,0.970419921875,0.9693644306412499,0.9714401195351385,0.980009765625,0.9791343069435424,0.9808492112483161,0.9956060112847223,0.06869160337302453,0.01
value_linear,20000,ood_dev,19,102400,98696,99883,1934984,1945600,0.963828125,0.9626669901631801,0.9649544608172385,0.975419921875,0.9744535507234423,0.976350624324556,0.9945435855263158,0.08474742785826572,0.01
value_linear,20000,ood_dev,20,102400,97915,99354,2034338,2048000,0.956201171875,0.9549305238801675,0.9574375930675807,0.97025390625,0.9691956028602711,0.9712769285215521,0.9933291015625,0.10436597451264511,0.01
value_linear,20000,ood_dev,21,102400,97112,98900,2133238,2150400,0.948359375,0.9469870367444023,0.9496980747894738,0.9658203125,0.9646898881008955,0.966915788414305,0.9920191592261904,0.12357368863923979,0.01
value_linear,20000,ood_dev,22,102400,96284,98386,2231624,2252800,0.9402734375,0.9388053818713196,0.9417084613155002,0.96080078125,0.9595947432884222,0.9619722473205141,0.9906001420454545,0.14707854450355556,0.01
value_linear,20000,ood_dev,23,102400,95391,97895,2329519,2355200,0.931552734375,0.929989883191734,0.9330832080217507,0.956005859375,0.9547325557770335,0.9572449508241677,0.989096042798913,0.170252572519325,0.01
value_linear,20000,ood_dev,24,102400,94397,97201,2426720,2457600,0.921845703125,0.9201858261766603,0.9234739308134262,0.949228515625,0.9478669824044087,0.9505563451716027,0.9874348958333333,0.19419477426706389,0.01
value_linear,20000,ood_dev,25,102400,93363,96602,2523322,2560000,0.911748046875,0.9099951734501496,0.9134700286234437,0.94337890625,0.941946636044711,0.94477791165221,0.98567265625,0.223835451524609,0.01
value_linear,20000,ood_dev,26,102400,92274,95965,2619287,2662400,0.90111328125,0.8992698674423869,0.9029266012617085,0.937158203125,0.9356553648754506,0.9386282432839403,0.9838067157451923,0.2505622104266965,0.01
value_linear,20000,ood_dev,27,102400,91175,95217,2714504,2764800,0.890380859375,0.8884526916279198,0.892279738533404,0.929853515625,0.9282730790027831,0.9314017021957406,0.981808449074074,0.28297491968491156,0.01
value_linear,20000,ood_dev,28,102400,90099,94679,2809183,2867200,0.879873046875,0.8778675213718569,0.8818500721452246,0.924599609375,0.9229664406664557,0.926200922209947,0.9797652762276786,0.31314700748727553,0.01
value_linear,20000,ood_dev,29,102400,88991,94067,2903250,2969600,0.869052734375,0.8669726966259361,0.8711050836924275,0.918623046875,0.916932676211155,0.9202820100609016,0.9776569234913793,0.3474814738156073,0.01
value_linear,20000,ood_dev,30,102400,87842,93364,2996614,3072000,0.85783203125,0.8556796584723717,0.8599575574368522,0.9117578125,0.9100050255257625,0.9134797070651582,0.9754602864583334,0.3840717525731537,0.01
value_linear,20000,ood_dev,31,102400,86599,92524,3089138,3174400,0.845693359375,0.8434678256380004,0.8478929572333118,0.9035546875,0.9017314468235413,0.9053476512123948,0.9731407510080645,0.42292384264735555,0.01
value_linear,20000,ood_dev,32,102400,85427,91959,3181097,3276800,0.834248046875,0.8319579291518383,0.8365130874118046,0.898037109375,0.8961687645872408,0.8998755911587354,0.9707937622070313,0.46122597503324214,0.01
value_linear,20000,ood_dev,33,102400,84154,91080,3272177,3379200,0.82181640625,0.8194605532245332,0.8241481147813772,0.889453125,0.8875179138493681,0.8913591171658561,0.9683288944128788,0.5030006059155315,0.01
value_linear,20000,ood_dev,34,102400,82937,90427,3362604,3481600,0.809931640625,0.8075169014727028,0.8123231269458071,0.883076171875,0.8810936790395301,0.8850299241609263,0.9658214613970588,0.5430407135818462,0.01
value_linear,20000,ood_dev,35,102400,81742,89724,3452328,3584000,0.79826171875,0.7957926467078293,0.800708413504482,0.8762109375,0.8741796381909416,0.8782140113283791,0.9632611607142857,0.584644484937536,0.01
value_linear,20000,ood_dev,36,102400,80527,88987,3541315,3686400,0.786396484375,0.7838754795682106,0.7888960020913551,0.869013671875,0.8669333738991772,0.871066284349877,0.9606431749131944,0.6310444603009663,0.01
value_linear,20500,dev,1,4096,4096,4096,4096,4096,1.0,0.9990630225926348,0.9999999999999999,1.0,0.9990630225926348,0.9999999999999999,1.0,3.5703046781798697e-06,0.01
value_linear,20500,dev,2,4096,4096,4096,8192,8192,1.0,0.9990630225926348,0.9999999999999999,1.0,0.9990630225926348,0.9999999999999999,1.0,3.8349717565444585e-06,0.01
value_linear,20500,dev,3,4096,4096,4096,12288,12288,1.0,0.9990630225926348,0.9999999999999999,1.0,0.9990630225926348,0.9999999999999999,1.0,5.0202832088397376e-06,0.01
value_linear,20500,dev,4,4096,4096,4096,16384,16384,1.0,0.9990630225926348,0.9999999999999999,1.0,0.9990630225926348,0.9999999999999999,1.0,7.417725525232788e-06,0.01
value_linear,20500,dev,5,4096,4096,4096,20480,20480,1.0,0.9990630225926348,0.9999999999999999,1.0,0.9990630225926348,0.9999999999999999,1.0,1.8686397558087542e-05,0.01
value_linear,20500,dev,6,4096,4096,4096,24576,24576,1.0,0.9990630225926348,0.9999999999999999,1.0,0.9990630225926348,0.9999999999999999,1.0,2.9112006344145236e-05,0.01
value_linear,20500,dev,7,4096,4096,4096,28672,28672,1.0,0.9990630225926348,0.9999999999999999,1.0,0.9990630225926348,0.9999999999999999,1.0,4.979822610765017e-05,0.01
value_linear,20500,dev,8,4096,4095,4095,32767,32768,0.999755859375,0.9986182969663738,0.9999569018847606,0.999755859375,0.9986182969663738,0.9999569018847606,0.999969482421875,0.00028468721617205817,0.01
value_linear,20500,dev,9,4096,4094,4095,36862,36864,0.99951171875,0.9982212896544476,0.9998660854551866,0.999755859375,0.9986182969663738,0.9999569018847606,0.9999457465277778,0.0011674302192185293,0.01
value_linear,20500,dev,10,4096,4092,4094,40956,40960,0.9990234375,0.9974915571936952,0.9996201704329383,0.99951171875,0.9982212896544476,0.9998660854551866,0.99990234375,0.0013422426938595466,0.01
value_linear,20500,dev,11,4096,4089,4091,45047,45056,0.998291015625,0.9964763422189936,0.9991719141831389,0.998779296875,0.997145424476127,0.9994784794090062,0.9998002485795454,0.003495909715390877,0.01
value_linear,20500,dev,12,4096,4084,4087,49134,49152,0.9970703125,0.9948858699188933,0.9983232677757378,0.997802734375,0.9958290482073086,0.9988435607118235,0.9996337890625,0.007289925079963899,0.01
value_linear,20500,ood_dev,1,4096,4096,4096,4096,4096,1.0,0.9990630225926348,0.9999999999999999,1.0,0.9990630225926348,0.9999999999999999,1.0,3.5687330462441658e-06,0.01
value_linear,20500,ood_dev,2,4096,4096,4096,8192,8192,1.0,0.9990630225926348,0.9999999999999999,1.0,0.9990630225926348,0.9999999999999999,1.0,3.7919276570930194e-06,0.01
value_linear,20500,ood_dev,3,4096,4096,4096,12288,12288,1.0,0.9990630225926348,0.9999999999999999,1.0,0.9990630225926348,0.9999999999999999,1.0,4.914437889080858e-06,0.01
value_linear,20500,ood_dev,4,4096,4096,4096,16384,16384,1.0,0.9990630225926348,0.9999999999999999,1.0,0.9990630225926348,0.9999999999999999,1.0,8.614316089755603e-06,0.01
value_linear,20500,ood_dev,5,4096,4096,4096,20480,20480,1.0,0.9990630225926348,0.9999999999999999,1.0,0.9990630225926348,0.9999999999999999,1.0,1.2986202751641418e-05,0.01
value_linear,20500,ood_dev,6,4096,4096,4096,24576,24576,1.0,0.9990630225926348,0.9999999999999999,1.0,0.9990630225926348,0.9999999999999999,1.0,2.1441036017699755e-05,0.01
value_linear,20500,ood_dev,7,4096,4096,4096,28672,28672,1.0,0.9990630225926348,0.9999999999999999,1.0,0.9990630225926348,0.9999999999999999,1.0,5.145730110672764e-05,0.01
value_linear,20500,ood_dev,8,4096,4096,4096,32768,32768,1.0,0.9990630225926348,0.9999999999999999,1.0,0.9990630225926348,0.9999999999999999,1.0,0.00017449121935531053,0.01
value_linear,20500,ood_dev,9,4096,4093,4093,36861,36864,0.999267578125,0.9978486714629491,0.9997508799051849,0.999267578125,0.9978486714629491,0.9997508799051849,0.9999186197916666,0.0013197956870941996,0.01
value_linear,20500,ood_dev,10,4096,4092,4093,40954,40960,0.9990234375,0.9974915571936952,0.9996201704329383,0.999267578125,0.9978486714629491,0.9997508799051849,0.999853515625,0.0024605639032823923,0.01
value_linear,20500,ood_dev,11,4096,4089,4090,45044,45056,0.998291015625,0.9964763422189936,0.9991719141831389,0.99853515625,0.9968075986857966,0.9993284814578364,0.9997336647727273,0.0038924463541861187,0.01
value_linear,20500,ood_dev,12,4096,4080,4084,49128,49152,0.99609375,0.9936637657680687,0.9975940769605611,0.9970703125,0.9948858699188933,0.9983232677757378,0.99951171875,0.006484402520303745,0.01
value_linear,20500,ood_dev,13,4096,4070,4079,53207,53248,0.99365234375,0.99071517109395,0.9956644342196767,0.995849609375,0.9933629968413301,0.9974070221457995,0.9992300180288461,0.011453843824708543,0.01
value_linear,20500,ood_dev,14,4096,4060,4070,57277,57344,0.9912109375,0.9878567926156614,0.9936445752829621,0.99365234375,0.99071517109395,0.9956644342196767,0.9988316127232143,0.01896831263636367,0.01
value_linear,20500,ood_dev,15,4096,4045,4060,61337,61440,0.987548828125,0.9836671128801424,0.9905168988959765,0.9912109375,0.9878567926156614,0.9936445752829621,0.9983235677083333,0.025776362663939317,0.01
value_linear,20500,ood_dev,16,4096,4032,4055,65392,65536,0.984375,0.9800978681444444,0.9877444349921706,0.989990234375,0.9864495949105299,0.9926126542805922,0.997802734375,0.030497885446970296,0.01
value_linear,20500,ood_dev,17,4096,4014,4045,69437,69632,0.97998046875,0.9752197539009314,0.983841721888678,0.987548828125,0.9836671128801424,0.9905168988959765,0.9971995634191176,0.03885046033178108,0.01
value_linear,20500,ood_dev,18,4096,3985,4023,73460,73728,0.972900390625,0.9674673085801575,0.977447278705943,0.982177734375,0.9776509528256319,0.9858009366374803,0.9963650173611112,0.05137173135186826,0.01
value_linear,20500,ood_dev,19,4096,3958,4006,77466,77824,0.96630859375,0.960331329020896,0.971412017244696,0.97802734375,0.9730698833974413,0.9820890024601655,0.9953998766447368,0.06501519219445237,0.01
value_linear,20500,ood_dev,20,4096,3936,3997,81463,81920,0.9609375,0.9545593952649127,0.9664518286876724,0.975830078125,0.9706621520616038,0.9801063201225003,0.99442138671875,0.08408126717394757,0.01
value_linear,20500,ood_dev,21,4096,3899,3966,85429,86016,0.951904296875,0.9449176066361316,0.9580441388809422,0.96826171875,0.9624390364554394,0.973206899742155,0.9931756882440477,0.10979445538389923,0.01
value_linear,20500,ood_dev,22,4096,3865,3948,89377,90112,0.943603515625,0.9361143355517366,0.9502614027543265,0.9638671875,0.957703572334836,0.9691615365157528,0.9918434836647727,0.12364775953706753,0.01
value_linear,20500,ood_dev,23,4096,3816,3917,93294,94208,0.931640625,0.9235007973638772,0.9389715776086708,0.956298828125,0.9495990962030896,0.9621434766609898,0.9902980638586957,0.16313262289477665,0.01
value_linear,20500,ood_dev,24,4096,3781,3895,97189,98304,0.923095703125,0.9145339056289837,0.9308646383910534,0.950927734375,0.9438793823249059,0.9571310682261667,0.9886576334635416,0.17706382324859704,0.01
value_linear,20500,ood_dev,25,4096,3734,3862,101051,102400,0.91162109375,0.9025383332525057,0.9199324949170169,0.94287109375,0.9353397677479732,0.9495724993335891,0.986826171875,0.21142548791997026,0.01
value_linear,20500,ood_dev,26,4096,3706,3867,104918,106496,0.90478515625,0.8954134685370875,0.9133982948704263,0.944091796875,0.9366308983630394,0.9507204874260244,0.9851825420673077,0.23678514064364284,0.01
value_linear,20500,ood_dev,27,4096,3660,3836,108754,110592,0.8935546875,0.8837383798604915,0.9026334914380082,0.9365234375,0.9286399311008992,0.943588918701655,0.9833803530092593,0.2600170917019776,0.01
value_linear,20500,ood_dev,28,4096,3605,3793,112547,114688,0.880126953125,0.8698218505154235,0.889719715000559,0.926025390625,0.9176047113945596,0.9336477175234812,0.9813319614955357,0.29492852412320636,0.01
value_linear,20500,ood_dev,29,4096,3558,3785,116332,118784,0.86865234375,0.8579616760370784,0.8786521736283895,0.924072265625,0.9155571142869631,0.9317927246990753,0.9793574892241379,0.3282370121090672,0.01
value_linear,20500,ood_dev,30,4096,3505,3735,120067,122880,0.855712890625,0.8446186417242619,0.8661405496416897,0.911865234375,0.9027930715550466,0.9201655803559762,0.9771077473958333,0.38394466613971306,0.01
value_linear,20500,ood_dev,31,4096,3466,3721,123788,126976,0.84619140625,0.8348192165226498,0.8569148489247898,0.908447265625,0.899228516897034,0.9169006026329847,0.9748928931451613,0.411753775090417,0.01
value_linear,20500,ood_dev,32,4096,3409,3675,127463,131072,0.832275390625,0.8205232310717371,0.8434048811101847,0.897216796875,0.8875416320542482,0.9061475953667562,0.9724655151367188,0.4416728868643697,0.01
value_linear,20500,ood_dev,33,4096,3361,3649,131112,135168,0.820556640625,0.8085066484482795,0.8320059241416276,0.890869140625,0.8809515541684672,0.9000542559735292,0.9699928977272727,0.4908411917598734,0.01
value_linear,20500,ood_dev,34,4096,3299,3614,134726,139264,0.805419921875,0.7930125396219495,0.8172549609949383,0.88232421875,0.8720961872638064,0.891835791925679,0.9674144071691176,0.521265655354392,0.01
value_linear,20500,ood_dev,35,4096,3255,3584,138310,143360,0.794677734375,0.782034001537703,0.806769254453171,0.875,0.8645192029666569,0.8847780639778193,0.9647739955357143,0.5643167681624081,0.01
value_linear,20500,ood_dev,36,4096,3208,3554,141864,147456,0.783203125,0.7703216922438172,0.7955538478965423,0.86767578125,0.8569535466679127,0.877709008031554,0.9620768229166666,0.6091538810925222,0.01
value_linear,21000,dev,1,4096,4096,4096,4096,4096,1.0,0.9990630225926348,0.9999999999999999,1.0,0.9990630225926348,0.9999999999999999,1.0,3.3965555301662675e-06,0.01
value_linear,21000,dev,2,4096,4096,4096,8192,8192,1.0,0.9990630225926348,0.9999999999999999,1.0,0.9990630225926348,0.9999999999999999,1.0,3.632264773956173e-06,0.01
value_linear,21000,dev,3,4096,4096,4096,12288,12288,1.0,0.9990630225926348,0.9999999999999999,1.0,0.9990630225926348,0.9999999999999999,1.0,4.409587252091063e-06,0.01
value_linear,21000,dev,4,4096,4096,4096,16384,16384,1.0,0.9990630225926348,0.9999999999999999,1.0,0.9990630225926348,0.9999999999999999,1.0,5.988951766761064e-06,0.01
value_linear,21000,dev,5,4096,4096,4096,20480,20480,1.0,0.9990630225926348,0.9999999999999999,1.0,0.9990630225926348,0.9999999999999999,1.0,3.6543898008001285e-05,0.01
value_linear,21000,dev,6,4096,4096,4096,24576,24576,1.0,0.9990630225926348,0.9999999999999999,1.0,0.9990630225926348,0.9999999999999999,1.0,2.7819747488389e-05,0.01
value_linear,21000,dev,7,4096,4096,4096,28672,28672,1.0,0.9990630225926348,0.9999999999999999,1.0,0.9990630225926348,0.9999999999999999,1.0,0.00018626331502283322,0.01
value_linear,21000,dev,8,4096,4095,4095,32767,32768,0.999755859375,0.9986182969663738,0.9999569018847606,0.999755859375,0.9986182969663738,0.9999569018847606,0.999969482421875,0.0007730913082619195,0.01
value_linear,21000,dev,9,4096,4094,4095,36862,36864,0.99951171875,0.9982212896544476,0.9998660854551866,0.999755859375,0.9986182969663738,0.9999569018847606,0.9999457465277778,0.001059646079706017,0.01
value_linear,21000,dev,10,4096,4091,4092,40954,40960,0.998779296875,0.997145424476127,0.9994784794090062,0.9990234375,0.9974915571936952,0.9996201704329383,0.999853515625,0.0019922119788977344,0.01
value_linear,21000,dev,11,4096,4087,4090,45044,45056,0.997802734375,0.9958290482073086,0.9988435607118235,0.99853515625,0.9968075986857966,0.9993284814578364,0.9997336647727273,0.003528964886818531,0.01
value_linear,21000,dev,12,4096,4086,4090,49134,49152,0.99755859375,0.9955114747539533,0.9986733104236785,0.99853515625,0.9968075986857966,0.9993284814578364,0.9996337890625,0.004954591855976326,0.01
value_linear,21000,ood_dev,1,4096,4096,4096,4096,4096,1.0,0.9990630225926348,0.9999999999999999,1.0,0.9990630225926348,0.9999999999999999,1.0,3.4031039202186975e-06,0.01
value_linear,21000,ood_dev,2,4096,4096,4096,8192,8192,1.0,0.9990630225926348,0.9999999999999999,1.0,0.9990630225926348,0.9999999999999999,1.0,3.620361582773457e-06,0.01
value_linear,21000,ood_dev,3,4096,4096,4096,12288,12288,1.0,0.9990630225926348,0.9999999999999999,1.0,0.9990630225926348,0.9999999999999999,1.0,4.318932617958238e-06,0.01
value_linear,21000,ood_dev,4,4096,4096,4096,16384,16384,1.0,0.9990630225926348,0.9999999999999999,1.0,0.9990630225926348,0.9999999999999999,1.0,5.8662294937505965e-06,0.01
value_linear,21000,ood_dev,5,4096,4096,4096,20480,20480,1.0,0.9990630225926348,0.9999999999999999,1.0,0.9990630225926348,0.9999999999999999,1.0,8.820142030879774e-06,0.01
value_linear,21000,ood_dev,6,4096,4096,4096,24576,24576,1.0,0.9990630225926348,0.9999999999999999,1.0,0.9990630225926348,0.9999999999999999,1.0,2.7433864035947275e-05,0.01
value_linear,21000,ood_dev,7,4096,4096,4096,28672,28672,1.0,0.9990630225926348,0.9999999999999999,1.0,0.9990630225926348,0.9999999999999999,1.0,0.00010216000148088877,0.01
value_linear,21000,ood_dev,8,4096,4096,4096,32768,32768,1.0,0.9990630225926348,0.9999999999999999,1.0,0.9990630225926348,0.9999999999999999,1.0,6.258529580344119e-05,0.01
value_linear,21000,ood_dev,9,4096,4096,4096,36864,36864,1.0,0.9990630225926348,0.9999999999999999,1.0,0.9990630225926348,0.9999999999999999,1.0,0.0001649935150200843,0.01
value_linear,21000,ood_dev,10,4096,4096,4096,40960,40960,1.0,0.9990630225926348,0.9999999999999999,1.0,0.9990630225926348,0.9999999999999999,1.0,0.000626116096307805,0.01
value_linear,21000,ood_dev,11,4096,4093,4093,45053,45056,0.999267578125,0.9978486714629491,0.9997508799051849,0.999267578125,0.9978486714629491,0.9997508799051849,0.9999334161931818,0.0018068146037530097,0.01
value_linear,21000,ood_dev,12,4096,4091,4091,49144,49152,0.998779296875,0.997145424476127,0.9994784794090062,0.998779296875,0.997145424476127,0.9994784794090062,0.9998372395833334,0.0025164265923808826,0.01
value_linear,21000,ood_dev,13,4096,4087,4088,53232,53248,0.997802734375,0.9958290482073086,0.9988435607118235,0.998046875,0.9961504506055915,0.9990099820550408,0.9996995192307693,0.005638955898988024,0.01
value_linear,21000,ood_dev,14,4096,4081,4084,57316,57344,0.996337890625,0.9939662587473084,0.9977794077228217,0.9970703125,0.9948858699188933,0.9983232677757378,0.99951171875,0.008132494664057577,0.01
value_linear,21000,ood_dev,15,4096,4074,4080,61396,61440,0.99462890625,0.9918806406223304,0.9964502596572975,0.99609375,0.9936637657680687,0.9975940769605611,0.9992838541666667,0.010381081844785534,0.01
value_linear,21000,ood_dev,16,4096,4069,4080,65476,65536,0.993408203125,0.9904260923610462,0.9954656892110803,0.99609375,0.9936637657680687,0.9975940769605611,0.99908447265625,0.012523726438204819,0.01
value_linear,21000,ood_dev,17,4096,4059,4070,69546,69632,0.990966796875,0.9875743543279273,0.993439189829196,0.99365234375,0.99071517109395,0.9956644342196767,0.9987649356617647,0.016704110168362762,0.01
value_linear,21000,ood_dev,18,4096,4042,4054,73600,73728,0.98681640625,0.9828391999625007,0.9898813405891173,0.98974609375,0.9861695639225535,0.9924048615270683,0.9982638888888888,0.0249835051590801,0.01
value_linear,21000,ood_dev,19,4096,4025,4053,77653,77824,0.982666015625,0.9781932525333582,0.9862342844127546,0.989501953125,0.9858899643168433,0.9921966373912783,0.997802734375,0.029571722800840416,0.01
value_linear,21000,ood_dev,20,4096,4011,4041,81694,81920,0.979248046875,0.974412403486461,0.9831856010786475,0.986572265625,0.9825638389733109,0.9896688778368068,0.9972412109375,0.038050452072017654,0.01
value_linear,21000,ood_dev,21,4096,3989,4022,85716,86016,0.973876953125,0.9685304473439507,0.978335434908151,0.98193359375,0.9773800946662805,0.9855839710553314,0.9965122767857143,0.05197098490777424,0.01
value_linear,21000,ood_dev,22,4096,3960,4006,89722,90112,0.966796875,0.9608577781251862,0.9718612156234064,0.97802734375,0.9730698833974413,0.9820890024601655,0.9956720525568182,0.06611740742001324,0.01
value_linear,21000,ood_dev,23,4096,3939,3995,93717,94208,0.961669921875,0.9553445608690955,0.9671301343079907,0.975341796875,0.9701285156377056,0.9796643090633977,0.9947881283967391,0.07591715781290734,0.01
value_linear,21000,ood_dev,24,4096,3911,3977,97694,98304,0.954833984375,0.9480368065317946,0.9607788238832828,0.970947265625,0.9653459981138298,0.975665999240268,0.9937947591145834,0.10020197940541956,0.01
value_linear,21000,ood_dev,25,4096,3885,3965,101659,102400,0.948486328125,0.941286924101402,0.9548452890346674,0.968017578125,0.96217528928926,0.9729828231668342,0.992763671875,0.11581738914900958,0.01
value_linear,21000,ood_dev,26,4096,3839,3931,105590,106496,0.937255859375,0.9294118497021406,0.9442804713249144,0.959716796875,0.9532520220922961,0.9653200831527876,0.9914926382211539,0.14486558632264437,0.01
value_linear,21000,ood_dev,27,4096,3804,3898,109488,110592,0.9287109375,0.920422816416333,0.9361956736582114,0.95166015625,0.9446579820358394,0.9578159397397341,0.9900173611111112,0.17900399040694623,0.01
value_linear,21000,ood_dev,28,4096,3768,3884,113372,114688,0.919921875,0.911211096651605,0.9278457387289282,0.9482421875,0.9410279137807931,0.954616475613776,0.988525390625,0.198196165399623,0.01
value_linear,21000,ood_dev,29,4096,3742,3872,117244,118784,0.91357421875,0.9045768022865681,0.9217966158149569,0.9453125,0.9379229636648263,0.951867540831739,0.9870352909482759,0.21088368850877454,0.01
value_linear,21000,ood_dev,30,4096,3696,3847,121091,122880,0.90234375,0.8928723632769541,0.9110611627155568,0.939208984375,0.9314717118550057,0.9461231991040518,0.9854410807291667,0.23096830494293744,0.01
value_linear,21000,ood_dev,31,4096,3655,3824,124915,126976,0.892333984375,0.882471412102709,0.9014613404882891,0.93359375,0.92555502965908,0.9408199352454705,0.9837685861895161,0.2531184256096848,0.01
value_linear,21000,ood_dev,32,4096,3616,3798,128713,131072,0.8828125,0.872601744036112,0.8923058826363739,0.92724609375,0.9188852789498749,0.9348062686756675,0.9820022583007812,0.28348636834584584,0.01
value_linear,21000,ood_dev,33,4096,3574,3786,132499,135168,0.87255859375,0.8619961004422974,0.8824229290871757,0.92431640625,0.9158129772637488,0.93202468546379,0.9802542021780303,0.30578056581151314,0.01
value_linear,21000,ood_dev,34,4096,3537,3749,136248,139264,0.863525390625,0.8526710634916235,0.8736984876023381,0.915283203125,0.9063615365223625,0.9234266477696647,0.9783432904411765,0.35250902155734126,0.01
value_linear,21000,ood_dev,35,4096,3491,3721,139969,143360,0.852294921875,0.8410991292063144,0.862830529778633,0.908447265625,0.899228516897034,0.9169006026329847,0.9763462611607143,0.39439203368148956,0.01
value_linear,21000,ood_dev,36,4096,3451,3694,143663,147456,0.842529296875,0.8310541964535841,0.8533625128713508,0.90185546875,0.8923643526216571,0.910593525887853,0.9742770724826388,0.4147555160275411,0.01
value_linear,21500,dev,1,4096,4096,4096,4096,4096,1.0,0.9990630225926348,0.9999999999999999,1.0,0.9990630225926348,0.9999999999999999,1.0,3.183749134411107e-06,0.01
value_linear,21500,dev,2,4096,4096,4096,8192,8192,1.0,0.9990630225926348,0.9999999999999999,1.0,0.9990630225926348,0.9999999999999999,1.0,3.572892911252179e-06,0.01
value_linear,21500,dev,3,4096,4096,4096,12288,12288,1.0,0.9990630225926348,0.9999999999999999,1.0,0.9990630225926348,0.9999999999999999,1.0,4.628174950949138e-06,0.01
value_linear,21500,dev,4,4096,4096,4096,16384,16384,1.0,0.9990630225926348,0.9999999999999999,1.0,0.9990630225926348,0.9999999999999999,1.0,7.190600016526716e-06,0.01
value_linear,21500,dev,5,4096,4096,4096,20480,20480,1.0,0.9990630225926348,0.9999999999999999,1.0,0.9990630225926348,0.9999999999999999,1.0,1.2448820829402685e-05,0.01
value_linear,21500,dev,6,4096,4096,4096,24576,24576,1.0,0.9990630225926348,0.9999999999999999,1.0,0.9990630225926348,0.9999999999999999,1.0,5.1315150140784915e-05,0.01
value_linear,21500,dev,7,4096,4096,4096,28672,28672,1.0,0.9990630225926348,0.9999999999999999,1.0,0.9990630225926348,0.9999999999999999,1.0,0.00011883212289917622,0.01
value_linear,21500,dev,8,4096,4096,4096,32768,32768,1.0,0.9990630225926348,0.9999999999999999,1.0,0.9990630225926348,0.9999999999999999,1.0,0.0003934498883169102,0.01
value_linear,21500,dev,9,4096,4095,4095,36863,36864,0.999755859375,0.9986182969663738,0.9999569018847606,0.999755859375,0.9986182969663738,0.9999569018847606,0.9999728732638888,0.0009191752322539881,0.01
value_linear,21500,dev,10,4096,4090,4091,40954,40960,0.99853515625,0.9968075986857966,0.9993284814578364,0.998779296875,0.997145424476127,0.9994784794090062,0.999853515625,0.0030702023747200824,0.01
value_linear,21500,dev,11,4096,4086,4087,45041,45056,0.99755859375,0.9955114747539533,0.9986733104236785,0.997802734375,0.9958290482073086,0.9988435607118235,0.9996670809659091,0.006757907141956593,0.01
value_linear,21500,dev,12,4096,4083,4085,49126,49152,0.996826171875,0.9945771012522003,0.9981442127009305,0.997314453125,0.9951972177470491,0.9984997436890822,0.9994710286458334,0.008683279944897121,0.01
value_linear,21500,ood_dev,1,4096,4096,4096,4096,4096,1.0,0.9990630225926348,0.9999999999999999,1.0,0.9990630225926348,0.9999999999999999,1.0,3.1762112774613716e-06,0.01
value_linear,21500,ood_dev,2,4096,4096,4096,8192,8192,1.0,0.9990630225926348,0.9999999999999999,1.0,0.9990630225926348,0.9999999999999999,1.0,3.510581859489381e-06,0.01
value_linear,21500,ood_dev,3,4096,4096,4096,12288,12288,1.0,0.9990630225926348,0.9999999999999999,1.0,0.9990630225926348,0.9999999999999999,1.0,4.679358895448571e-06,0.01
value_linear,21500,ood_dev,4,4096,4096,4096,16384,16384,1.0,0.9990630225926348,0.9999999999999999,1.0,0.9990630225926348,0.9999999999999999,1.0,7.17050027335131e-06,0.01
value_linear,21500,ood_dev,5,4096,4096,4096,20480,20480,1.0,0.9990630225926348,0.9999999999999999,1.0,0.9990630225926348,0.9999999999999999,1.0,1.620572213967275e-05,0.01
value_linear,21500,ood_dev,6,4096,4096,4096,24576,24576,1.0,0.9990630225926348,0.9999999999999999,1.0,0.9990630225926348,0.9999999999999999,1.0,3.8890434687521847e-05,0.01
value_linear,21500,ood_dev,7,4096,4096,4096,28672,28672,1.0,0.9990630225926348,0.9999999999999999,1.0,0.9990630225926348,0.9999999999999999,1.0,0.00015453526808092977,0.01
value_linear,21500,ood_dev,8,4096,4096,4096,32768,32768,1.0,0.9990630225926348,0.9999999999999999,1.0,0.9990630225926348,0.9999999999999999,1.0,0.00036202413897262753,0.01
value_linear,21500,ood_dev,9,4096,4096,4096,36864,36864,1.0,0.9990630225926348,0.9999999999999999,1.0,0.9990630225926348,0.9999999999999999,1.0,0.0007797912839043741,0.01
value_linear,21500,ood_dev,10,4096,4094,4094,40958,40960,0.99951171875,0.9982212896544476,0.9998660854551866,0.99951171875,0.9982212896544476,0.9998660854551866,0.999951171875,0.0017378067174405043,0.01
value_linear,21500,ood_dev,11,4096,4088,4088,45046,45056,0.998046875,0.9961504506055915,0.9990099820550408,0.998046875,0.9961504506055915,0.9990099820550408,0.9997780539772727,0.003799860879908218,0.01
value_linear,21500,ood_dev,12,4096,4079,4084,49130,49152,0.995849609375,0.9933629968413301,0.9974070221457995,0.9970703125,0.9948858699188933,0.9983232677757378,0.9995524088541666,0.0076474308066133145,0.01
value_linear,21500,ood_dev,13,4096,4071,4079,53209,53248,0.993896484375,0.9910051126562461,0.995862316398881,0.995849609375,0.9933629968413301,0.9974070221457995,0.999267578125,0.012839355491935683,0.01
value_linear,21500,ood_dev,14,4096,4064,4077,57286,57344,0.9921875,0.9889921727170213,0.9944604901476036,0.995361328125,0.9927660832938955,0.9970282882102334,0.9989885602678571,0.017884909638510554,0.01
value_linear,21500,ood_dev,15,4096,4049,4065,61351,61440,0.988525390625,0.9847756016627256,0.9913597050793945,0.992431640625,0.9892775496501616,0.9946629369559636,0.9985514322916667,0.02463903535598136,0.01
value_linear,21500,ood_dev,16,4096,4033,4057,65408,65536,0.984619140625,0.9803708517550201,0.9879592751230951,0.990478515625,0.9870110133784079,0.9930268832957149,0.998046875,0.03344631994230743,0.01
value_linear,21500,ood_dev,17,4096,4016,4046,69454,69632,0.98046875,0.9757587986106162,0.9842783246619937,0.98779296875,0.983943722660208,0.9907281128574114,0.9974437040441176,0.04357949434158545,0.01
value_linear,21500,ood_dev,18,4096,3989,4019,73473,73728,0.973876953125,0.9685304473439507,0.978335434908151,0.981201171875,0.9765686419356131,0.9849319525614978,0.9965413411458334,0.0613380674496595,0.01
value_linear,21500,ood_dev,19,4096,3959,3997,77470,77824,0.966552734375,0.9605945147420692,0.971636655265023,0.975830078125,0.9706621520616038,0.9801063201225003,0.9954512746710527,0.07571064710568715,0.01
value_linear,21500,ood_dev,20,4096,3927,3981,81451,81920,0.958740234375,0.9522071977207031,0.9644136125583794,0.971923828125,0.9664058535023272,0.976557438817772,0.99427490234375,0.0848200087676573,0.01
value_linear,21500,ood_dev,21,4096,3895,3974,85425,86016,0.950927734375,0.9438793823249059,0.9571310682261667,0.97021484375,0.9645521097608273,0.9749964163687698,0.9931291852678571,0.10407724563391058,0.01
value_linear,21500,ood_dev,22,4096,3863,3946,89371,90112,0.943115234375,0.935597920457735,0.9498021703653275,0.96337890625,0.9571788776441608,0.9687105837234276,0.9917768998579546,0.12511620902653037,0.01
value_linear,21500,ood_dev,23,4096,3831,3919,93290,94208,0.935302734375,0.9273540238865371,0.9424357072085155,0.956787109375,0.9501202787839275,0.9625979415631524,0.9902556046195652,0.15444108530661652,0.01
value_linear,21500,ood_dev,24,4096,3785,3892,97182,98304,0.924072265625,0.9155571142869631,0.9317927246990753,0.9501953125,0.9431011870208181,0.9564457923057534,0.98858642578125,0.1788327645705815,0.01
value_linear,21500,ood_dev,25,4096,3752,3875,101057,102400,0.916015625,0.9071267365958561,0.9241249189206721,0.946044921875,0.9386986636872588,0.9525553120338074,0.986884765625,0.2072910158850501,0.01
value_linear,21500,ood_dev,26,4096,3715,3856,104913,106496,0.906982421875,0.8977019985342092,0.9155001785468075,0.94140625,0.9337916055815723,0.9481937190509881,0.9851355919471154,0.24287456480336958,0.01
value_linear,21500,ood_dev,27,4096,3675,3832,108745,110592,0.897216796875,0.8875416320542482,0.9061475953667562,0.935546875,0.9276111437221689,0.942666411114384,0.9832989728009259,0.2722892842368797,0.01
value_linear,21500,ood_dev,28,4096,3623,3798,112543,114688,0.884521484375,0.8743716252251424,0.8939507676378456,0.92724609375,0.9188852789498749,0.9348062686756675,0.9812970842633929,0.29682235577984595,0.01
value_linear,21500,ood_dev,29,4096,3580,3772,116315,118784,0.8740234375,0.863509812795288,0.8838361591831867,0.9208984375,0.9122330806334249,0.9287750497131095,0.9792143723060345,0.3443384058835118,0.01
value_linear,21500,ood_dev,30,4096,3524,3723,120038,122880,0.8603515625,0.8493984234403716,0.8706294190140859,0.908935546875,0.8997375071958539,0.9173672598171653,0.9768717447916667,0.37422492382338707,0.01
value_linear,21500,ood_dev,31,4096,3469,3705,123743,126976,0.846923828125,0.835572480233076,0.8576250564388646,0.904541015625,0.8951592781303872,0.9131646615356264,0.9745384954637096,0.4243449063524673,0.01
value_linear,21500,ood_dev,32,4096,3431,3683,127426,131072,0.837646484375,0.8260374562848546,0.848622778210074,0.899169921875,0.8895715160954258,0.9080203012575809,0.9721832275390625,0.4849782546822218,0.01
value_linear,21500,ood_dev,33,4096,3368,3628,131054,135168,0.822265625,0.8102578752813623,0.8336694634990469,0.8857421875,0.8756362432554049,0.8951252683150849,0.9695638020833334,0.5313861898257062,0.01
value_linear,21500,ood_dev,34,4096,3314,3583,134637,139264,0.80908203125,0.7967584275732267,0.8208264291661658,0.874755859375,0.8642668366393406,0.8845426065636351,0.9667753331801471,0.6002977598899804,0.01
value_linear,21500,ood_dev,35,4096,3268,3566,138203,143360,0.7978515625,0.7852762321354745,0.8098687324949037,0.87060546875,0.8599785032015212,0.8805379363959493,0.9640276227678571,0.6360869767028402,0.01
value_linear,21500,ood_dev,36,4096,3218,3525,141728,147456,0.78564453125,0.7728124398925837,0.7979413376627789,0.860595703125,0.8496500987480847,0.870865567447873,0.9611545138888888,0.6827140113446634,0.01
value_linear,22000,dev,1,4096,4096,4096,4096,4096,1.0,0.9990630225926348,0.9999999999999999,1.0,0.9990630225926348,0.9999999999999999,1.0,3.5271436789885424e-06,0.01
value_linear,22000,dev,2,4096,4096,4096,8192,8192,1.0,0.9990630225926348,0.9999999999999999,1.0,0.9990630225926348,0.9999999999999999,1.0,4.211012264832004e-06,0.01
value_linear,22000,dev,3,4096,4096,4096,12288,12288,1.0,0.9990630225926348,0.9999999999999999,1.0,0.9990630225926348,0.9999999999999999,1.0,6.83539514423348e-06,0.01
value_linear,22000,dev,4,4096,4096,4096,16384,16384,1.0,0.9990630225926348,0.9999999999999999,1.0,0.9990630225926348,0.9999999999999999,1.0,6.059107759889826e-05,0.01
value_linear,22000,dev,5,4096,4096,4096,20480,20480,1.0,0.9990630225926348,0.9999999999999999,1.0,0.9990630225926348,0.9999999999999999,1.0,0.00018432389366634938,0.01
value_linear,22000,dev,6,4096,4094,4094,24574,24576,0.99951171875,0.9982212896544476,0.9998660854551866,0.99951171875,0.9982212896544476,0.9998660854551866,0.9999186197916666,0.0012860455323866482,0.01
value_linear,22000,dev,7,4096,4090,4092,28666,28672,0.99853515625,0.9968075986857966,0.9993284814578364,0.9990234375,0.9974915571936952,0.9996201704329383,0.9997907366071429,0.0026816095089822745,0.01
value_linear,22000,dev,8,4096,4088,4093,32759,32768,0.998046875,0.9961504506055915,0.9990099820550408,0.999267578125,0.9978486714629491,0.9997508799051849,0.999725341796875,0.0028422738916810686,0.01
value_linear,22000,dev,9,4096,4084,4087,36846,36864,0.9970703125,0.9948858699188933,0.9983232677757378,0.997802734375,0.9958290482073086,0.9988435607118235,0.99951171875,0.005438995287138565,0.01
value_linear,22000,dev,10,4096,4080,4084,40930,40960,0.99609375,0.9936637657680687,0.9975940769605611,0.9970703125,0.9948858699188933,0.9983232677757378,0.999267578125,0.010119545960527027,0.01
value_linear,22000,dev,11,4096,4070,4078,45008,45056,0.99365234375,0.99071517109395,0.9956644342196767,0.99560546875,0.9930638103960733,0.9972183848495558,0.9989346590909091,0.014224288277610853,0.01
value_linear,22000,dev,12,4096,4059,4069,49077,49152,0.990966796875,0.9875743543279273,0.993439189829196,0.993408203125,0.9904260923610462,0.9954656892110803,0.99847412109375,0.023376600371778605,0.01
value_linear,22000,ood_dev,1,4096,4096,4096,4096,4096,1.0,0.9990630225926348,0.9999999999999999,1.0,0.9990630225926348,0.9999999999999999,1.0,3.535991208364342e-06,0.01
value_linear,22000,ood_dev,2,4096,4096,4096,8192,8192,1.0,0.9990630225926348,0.9999999999999999,1.0,0.9990630225926348,0.9999999999999999,1.0,4.094106866553426e-06,0.01
value_linear,22000,ood_dev,3,4096,4096,4096,12288,12288,1.0,0.9990630225926348,0.9999999999999999,1.0,0.9990630225926348,0.9999999999999999,1.0,6.534695425303161e-06,0.01
value_linear,22000,ood_dev,4,4096,4096,4096,16384,16384,1.0,0.9990630225926348,0.9999999999999999,1.0,0.9990630225926348,0.9999999999999999,1.0,2.497654643182634e-05,0.01
value_linear,22000,ood_dev,5,4096,4096,4096,20480,20480,1.0,0.9990630225926348,0.9999999999999999,1.0,0.9990630225926348,0.9999999999999999,1.0,0.00016395010768674445,0.01
value_linear,22000,ood_dev,6,4096,4095,4095,24575,24576,0.999755859375,0.9986182969663738,0.9999569018847606,0.999755859375,0.9986182969663738,0.9999569018847606,0.9999593098958334,0.0012605462499495346,0.01
value_linear,22000,ood_dev,7,4096,4092,4092,28667,28672,0.9990234375,0.9974915571936952,0.9996201704329383,0.9990234375,0.9974915571936952,0.9996201704329383,0.9998256138392857,0.0028379102712813575,0.01
value_linear,22000,ood_dev,8,4096,4090,4093,32760,32768,0.99853515625,0.9968075986857966,0.9993284814578364,0.999267578125,0.9978486714629491,0.9997508799051849,0.999755859375,0.0035238733019713753,0.01
value_linear,22000,ood_dev,9,4096,4085,4089,36849,36864,0.997314453125,0.9951972177470491,0.9984997436890822,0.998291015625,0.9964763422189936,0.9991719141831389,0.9995930989583334,0.007750345326581615,0.01
value_linear,22000,ood_dev,10,4096,4076,4081,40930,40960,0.9951171875,0.9924697076331114,0.9968368401295172,0.996337890625,0.9939662587473084,0.9977794077228217,0.999267578125,0.013170393627546434,0.01
value_linear,22000,ood_dev,11,4096,4060,4067,44997,45056,0.9912109375,0.9878567926156614,0.9936445752829621,0.992919921875,0.9898503448988859,0.9950657891902398,0.9986905184659091,0.025145727755430752,0.01
value_linear,22000,ood_dev,12,4096,4046,4057,49054,49152,0.98779296875,0.983943722660208,0.9907281128574114,0.990478515625,0.9870110133784079,0.9930268832957149,0.9980061848958334,0.02966372336425377,0.01
value_linear,22000,ood_dev,13,4096,4019,4037,53091,53248,0.981201171875,0.9765686419356131,0.9849319525614978,0.985595703125,0.9814652366612112,0.9888161851829053,0.9970515324519231,0.04938494328543716,0.01
value_linear,22000,ood_dev,14,4096,3990,4020,57111,57344,0.97412109375,0.9687965056840521,0.9785572003095498,0.9814453125,0.9768389428205996,0.9851494754180116,0.9959368024553571,0.060346155315220834,0.01
value_linear,22000,ood_dev,15,4096,3957,4001,61112,61440,0.966064453125,0.9600682201539498,0.971187302370142,0.976806640625,0.9717309295309884,0.9809888376191169,0.9946614583333333,0.0787664686792057,0.01
value_linear,22000,ood_dev,16,4096,3929,3982,65094,65536,0.959228515625,0.9527294929498811,0.9648669648122019,0.97216796875,0.9666710641443907,0.9767800519172087,0.993255615234375,0.09868177999339739,0.01
value_linear,22000,ood_dev,17,4096,3889,3950,69044,69632,0.949462890625,0.9423233877337558,0.9557601203683148,0.96435546875,0.9582285450750817,0.9696122112585078,0.9915556066176471,0.12748677206455108,0.01
value_linear,22000,ood_dev,18,4096,3848,3922,72966,73728,0.939453125,0.9317293423030818,0.9463533923974762,0.95751953125,0.9509024574310025,0.9632792341405783,0.9896647135416666,0.1538806482413228,0.01
value_linear,22000,ood_dev,19,4096,3814,3909,76875,77824,0.93115234375,0.9229875245115166,0.9385092029780308,0.954345703125,0.947516451879336,0.9603235310527409,0.987805818256579,0.1900011353113854,0.01
value_linear,22000,ood_dev,20,4096,3770,3887,80762,81920,0.92041015625,0.9117220428301692,0.9283104400333645,0.948974609375,0.9418050708778951,0.955302789741175,0.9858642578125,0.21335160889765611,0.01
value_linear,22000,ood_dev,21,4096,3722,3856,84618,86016,0.90869140625,0.8994830025397677,0.9171339407317513,0.94140625,0.9337916055815723,0.9481937190509881,0.9837472098214286,0.2460592427308767,0.01
value_linear,22000,ood_dev,22,4096,3663,3824,88442,90112,0.894287109375,0.8844987461372489,0.9033365963857516,0.93359375,0.92555502965908,0.9408199352454705,0.9814675071022727,0.2832352158894429,0.01
value_linear,22000,ood_dev,23,4096,3618,3793,92235,94208,0.88330078125,0.8731073554786435,0.8927759186768431,0.926025390625,0.9176047113945596,0.9336477175234812,0.9790569802989131,0.3230976533484331,0.01
value_linear,22000,ood_dev,24,4096,3559,3745,95980,98304,0.868896484375,0.8582137378213254,0.878887935585643,0.914306640625,0.9053415639344976,0.9224953253915283,0.9763590494791666,0.3867903131998971,0.01
value_linear,22000,ood_dev,25,4096,3507,3717,99697,102400,0.856201171875,0.845121595652109,0.8666132431968432,0.907470703125,0.8982107631027751,0.9159670614612421,0.973603515625,0.4162571144827825,0.01
value_linear,22000,ood_dev,26,4096,3452,3671,103368,106496,0.8427734375,0.831305131191705,0.8535994018747302,0.896240234375,0.8865270812946906,0.9052108511603125,0.9706280048076923,0.4783474051261259,0.01
value_linear,22000,ood_dev,27,4096,3394,3635,107003,110592,0.82861328125,0.8167659643224631,0.8398447917369541,0.887451171875,0.8774073028811354,0.8967689748798565,0.9675473813657407,0.5106500222135435,0.01
value_linear,22000,ood_dev,28,4096,3335,3605,110608,114688,0.814208984375,0.802005514265969,0.82582364104493,0.880126953125,0.8698218505154235,0.889719715000559,0.9644252232142857,0.5502475842960057,0.01
value_linear,22000,ood_dev,29,4096,3277,3571,114179,118784,0.800048828125,0.787521548063553,0.812013830240328,0.871826171875,0.8612394102878219,0.8817161480171501,0.9612321524784483,0.5961657631594544,0.01
value_linear,22000,ood_dev,30,4096,3211,3537,117716,122880,0.783935546875,0.7710688478323864,0.796270163532474,0.863525390625,0.8526710634916235,0.8736984876023381,0.9579752604166667,0.6677801370873868,0.01
value_linear,22000,ood_dev,31,4096,3155,3500,121216,126976,0.770263671875,0.7571314133895528,0.7828894684512904,0.8544921875,0.8433614400717089,0.8649586325867411,0.9546370967741935,0.714671494036151,0.01
value_linear,22000,ood_dev,32,4096,3088,3474,124690,131072,0.75390625,0.7404814000940155,0.7668552910663068,0.84814453125,0.8368281149975741,0.8588085403818678,0.9513092041015625,0.7649126934390853,0.01
value_linear,22000,ood_dev,33,4096,3020,3428,128118,135168,0.7373046875,0.7236090574040263,0.750555619334275,0.8369140625,0.8252852616570167,0.847911501613411,0.9478426846590909,0.8289867442336918,0.01
value_linear,22000,ood_dev,34,4096,2956,3376,131494,139264,0.7216796875,0.7077518233982713,0.7351921338840103,0.82421875,0.8122597665518021,0.8355701621606095,0.9442066865808824,0.8862555600046674,0.01
value_linear,22000,ood_dev,35,4096,2900,3355,134849,143360,0.7080078125,0.6938937938808094,0.7217320338774547,0.819091796875,0.8070059112906308,0.8305797188502743,0.9406319754464286,0.9588408790073341,0.01
value_linear,22000,ood_dev,36,4096,2844,3311,138160,147456,0.6943359375,0.6800509702824213,0.7082567279518255,0.808349609375,0.7960091161598218,0.8201122693550696,0.9369574652777778,1.0087885714486997,0.01
value_linear,22500,dev,1,4096,4096,4096,4096,4096,1.0,0.9990630225926348,0.9999999999999999,1.0,0.9990630225926348,0.9999999999999999,1.0,3.2726314197484285e-06,0.01
value_linear,22500,dev,2,4096,4096,4096,8192,8192,1.0,0.9990630225926348,0.9999999999999999,1.0,0.9990630225926348,0.9999999999999999,1.0,3.476353089573725e-06,0.01
value_linear,22500,dev,3,4096,4096,4096,12288,12288,1.0,0.9990630225926348,0.9999999999999999,1.0,0.9990630225926348,0.9999999999999999,1.0,4.207399533398548e-06,0.01
value_linear,22500,dev,4,4096,4096,4096,16384,16384,1.0,0.9990630225926348,0.9999999999999999,1.0,0.9990630225926348,0.9999999999999999,1.0,5.789179057733018e-06,0.01
value_linear,22500,dev,5,4096,4096,4096,20480,20480,1.0,0.9990630225926348,0.9999999999999999,1.0,0.9990630225926348,0.9999999999999999,1.0,1.1061549365615209e-05,0.01
value_linear,22500,dev,6,4096,4096,4096,24576,24576,1.0,0.9990630225926348,0.9999999999999999,1.0,0.9990630225926348,0.9999999999999999,1.0,1.6669310069328258e-05,0.01
value_linear,22500,dev,7,4096,4095,4095,28671,28672,0.999755859375,0.9986182969663738,0.9999569018847606,0.999755859375,0.9986182969663738,0.9999569018847606,0.9999651227678571,0.0002515698191021126,0.01
value_linear,22500,dev,8,4096,4095,4096,32767,32768,0.999755859375,0.9986182969663738,0.9999569018847606,1.0,0.9990630225926348,0.9999999999999999,0.999969482421875,0.00014221734436259403,0.01
value_linear,22500,dev,9,4096,4095,4095,36862,36864,0.999755859375,0.9986182969663738,0.9999569018847606,0.999755859375,0.9986182969663738,0.9999569018847606,0.9999457465277778,0.0008027241753150172,0.01
value_linear,22500,dev,10,4096,4092,4092,40954,40960,0.9990234375,0.9974915571936952,0.9996201704329383,0.9990234375,0.9974915571936952,0.9996201704329383,0.999853515625,0.002132225531825377,0.01
value_linear,22500,dev,11,4096,4091,4093,45047,45056,0.998779296875,0.997145424476127,0.9994784794090062,0.999267578125,0.9978486714629491,0.9997508799051849,0.9998002485795454,0.001959619021576528,0.01
value_linear,22500,dev,12,4096,4086,4088,49135,49152,0.99755859375,0.9955114747539533,0.9986733104236785,0.998046875,0.9961504506055915,0.9990099820550408,0.9996541341145834,0.005285483421299864,0.01
value_linear,22500,ood_dev,1,4096,4096,4096,4096,4096,1.0,0.9990630225926348,0.9999999999999999,1.0,0.9990630225926348,0.9999999999999999,1.0,3.2855534781439655e-06,0.01
value_linear,22500,ood_dev,2,4096,4096,4096,8192,8192,1.0,0.9990630225926348,0.9999999999999999,1.0,0.9990630225926348,0.9999999999999999,1.0,3.5326105304323008e-06,0.01
value_linear,22500,ood_dev,3,4096,4096,4096,12288,12288,1.0,0.9990630225926348,0.9999999999999999,1.0,0.9990630225926348,0.9999999999999999,1.0,4.5032954867629815e-06,0.01
value_linear,22500,ood_dev,4,4096,4096,4096,16384,16384,1.0,0.9990630225926348,0.9999999999999999,1.0,0.9990630225926348,0.9999999999999999,1.0,7.5132751655021535e-06,0.01
value_linear,22500,ood_dev,5,4096,4096,4096,20480,20480,1.0,0.9990630225926348,0.9999999999999999,1.0,0.9990630225926348,0.9999999999999999,1.0,9.063394746849918e-06,0.01
value_linear,22500,ood_dev,6,4096,4096,4096,24576,24576,1.0,0.9990630225926348,0.9999999999999999,1.0,0.9990630225926348,0.9999999999999999,1.0,2.306784254582639e-05,0.01
value_linear,22500,ood_dev,7,4096,4096,4096,28672,28672,1.0,0.9990630225926348,0.9999999999999999,1.0,0.9990630225926348,0.9999999999999999,1.0,4.0978486627624156e-05,0.01
value_linear,22500,ood_dev,8,4096,4096,4096,32768,32768,1.0,0.9990630225926348,0.9999999999999999,1.0,0.9990630225926348,0.9999999999999999,1.0,0.00011692446025075853,0.01
value_linear,22500,ood_dev,9,4096,4095,4095,36863,36864,0.999755859375,0.9986182969663738,0.9999569018847606,0.999755859375,0.9986182969663738,0.9999569018847606,0.9999728732638888,0.0006315194185617656,0.01
value_linear,22500,ood_dev,10,4096,4094,4094,40957,40960,0.99951171875,0.9982212896544476,0.9998660854551866,0.99951171875,0.9982212896544476,0.9998660854551866,0.9999267578125,0.0014992984387644237,0.01
value_linear,22500,ood_dev,11,4096,4089,4090,45047,45056,0.998291015625,0.9964763422189936,0.9991719141831389,0.99853515625,0.9968075986857966,0.9993284814578364,0.9998002485795454,0.0042683572338791664,0.01
value_linear,22500,ood_dev,12,4096,4088,4091,49138,49152,0.998046875,0.9961504506055915,0.9990099820550408,0.998779296875,0.997145424476127,0.9994784794090062,0.9997151692708334,0.0042070533435570046,0.01
value_linear,22500,ood_dev,13,4096,4082,4084,53222,53248,0.99658203125,0.9942706398960515,0.9979628503155791,0.9970703125,0.9948858699188933,0.9983232677757378,0.99951171875,0.007199389477230922,0.01
value_linear,22500,ood_dev,14,4096,4076,4081,57303,57344,0.9951171875,0.9924697076331114,0.9968368401295172,0.996337890625,0.9939662587473084,0.9977794077228217,0.9992850167410714,0.010152930400149501,0.01
value_linear,22500,ood_dev,15,4096,4062,4068,61371,61440,0.99169921875,0.9884233098915096,0.9940537054901146,0.9931640625,0.9901378308615215,0.9952661269691047,0.998876953125,0.01572774443747596,0.01
value_linear,22500,ood_dev,16,4096,4049,4060,65431,65536,0.988525390625,0.9847756016627256,0.9913597050793945,0.9912109375,0.9878567926156614,0.9936445752829621,0.9983978271484375,0.02500874180910731,0.01
value_linear,22500,ood_dev,17,4096,4041,4061,69492,69632,0.986572265625,0.9825638389733109,0.9896688778368068,0.991455078125,0.9881397703182205,0.9938494213219035,0.9979894301470589,0.023417274479074116,0.01
value_linear,22500,ood_dev,18,4096,4025,4044,73536,73728,0.982666015625,0.9781932525333582,0.9862342844127546,0.9873046875,0.9833908284717333,0.9903053595628853,0.9973958333333334,0.039445018180468694,0.01
value_linear,22500,ood_dev,19,4096,4007,4036,77572,77824,0.978271484375,0.9733380928544043,0.9823086167447029,0.9853515625,0.9811912611355577,0.9886023369670586,0.9967619243421053,0.04459551084242516,0.01
value_linear,22500,ood_dev,20,4096,3994,4032,81604,81920,0.97509765625,0.969861879182557,0.9794431217770462,0.984375,0.9800978681444444,0.9877444349921706,0.996142578125,0.05525102111427893,0.01
value_linear,22500,ood_dev,21,4096,3971,4014,85618,86016,0.969482421875,0.963759047527144,0.974326007377952,0.97998046875,0.9752197539009314,0.983841721888678,0.9953729538690477,0.06555188078523502,0.01
value_linear,22500,ood_dev,22,4096,3947,3999,89617,90112,0.963623046875,0.9574411905686989,0.9689360945403896,0.976318359375,0.9711962850581976,0.9805478346089073,0.9945068359375,0.08373351998993497,0.01
value_linear,22500,ood_dev,23,4096,3910,3969,93586,94208,0.95458984375,0.947776604127552,0.9605512025460251,0.968994140625,0.9632307842127183,0.973878623209377,0.9933975883152174,0.10349104718976067,0.01
value_linear,22500,ood_dev,24,4096,3883,3956,97542,98304,0.947998046875,0.9407689451321072,0.9543876205209615,0.9658203125,0.9598051873478303,0.9709625114347612,0.99224853515625,0.11667905898644268,0.01
value_linear,22500,ood_dev,25,4096,3854,3940,101482,102400,0.94091796875,0.9332758337542256,0.9477338433953341,0.9619140625,0.9556064097149912,0.9673561092035952,0.99103515625,0.13416762154120052,0.01
value_linear,22500,ood_dev,26,4096,3808,3903,105385,106496,0.9296875,0.9214483726818027,0.9371214123587429,0.952880859375,0.9459565706946147,0.9589564697884603,0.9895676832932693,0.1638706296000934,0.01
value_linear,22500,ood_dev,27,4096,3777,3889,109274,110592,0.922119140625,0.913511081106035,0.9299361679480009,0.949462890625,0.9423233877337558,0.9557601203683148,0.9880823206018519,0.18319380251493653,0.01
value_linear,22500,ood_dev,28,4096,3747,3864,113138,114688,0.914794921875,0.9058515084760029,0.9229610283330237,0.943359375,0.9358561096520154,0.9500318049125475,0.9864850725446429,0.21440012170491632,0.01
value_linear,22500,ood_dev,29,4096,3719,3855,116993,118784,0.907958984375,0.8987196023793654,0.9164338696676525,0.941162109375,0.9335337022688429,0.9479637986222172,0.9849222117456896,0.245511482042733,0.01
value_linear,22500,ood_dev,30,4096,3671,3817,120810,122880,0.896240234375,0.8865270812946906,0.9052108511603125,0.931884765625,0.9237574760767748,0.9392027226372734,0.983154296875,0.26640864881591036,0.01
value_linear,22500,ood_dev,31,4096,3636,3805,124615,126976,0.8876953125,0.8776603686981093,0.897003732804383,0.928955078125,0.9206791651962416,0.936427148619803,0.9814059349798387,0.2940448957762858,0.01
value_linear,22500,ood_dev,32,4096,3600,3781,128396,131072,0.87890625,0.8685587962878935,0.8885436505205876,0.923095703125,0.9145339056289837,0.9308646383910534,0.979583740234375,0.3211790286319585,0.01
value_linear,22500,ood_dev,33,4096,3556,3748,132144,135168,0.8681640625,0.8574575878543693,0.8781806143280981,0.9150390625,0.9061065120204417,0.9231938485300852,0.9776278409090909,0.3556623004634252,0.01
value_linear,22500,ood_dev,34,4096,3512,3723,135867,139264,0.857421875,0.8463791651916867,0.8677947923647672,0.908935546875,0.8997375071958539,0.9173672598171653,0.9756074793198529,0.38787666886189637,0.01
value_linear,22500,ood_dev,35,4096,3472,3695,139562,143360,0.84765625,0.8363258316896912,0.8583351762067503,0.902099609375,0.8926183492901923,0.9108273529608181,0.9735072544642858,0.42175521800724636,0.01
value_linear,22500,ood_dev,36,4096,3437,3696,143258,147456,0.839111328125,0.8275420910342984,0.8500450859096321,0.90234375,0.8928723632769541,0.9110611627155568,0.9715304904513888,0.4454416013263145,0.01
value_linear,23000,dev,1,4096,4096,4096,4096,4096,1.0,0.9990630225926348,0.9999999999999999,1.0,0.9990630225926348,0.9999999999999999,1.0,2.682990463659385e-06,0.01
value_linear,23000,dev,2,4096,4096,4096,8192,8192,1.0,0.9990630225926348,0.9999999999999999,1.0,0.9990630225926348,0.9999999999999999,1.0,2.882205202558996e-06,0.01
value_linear,23000,dev,3,4096,4096,4096,12288,12288,1.0,0.9990630225926348,0.9999999999999999,1.0,0.9990630225926348,0.9999999999999999,1.0,3.6891867605248763e-06,0.01
value_linear,23000,dev,4,4096,4096,4096,16384,16384,1.0,0.9990630225926348,0.9999999999999999,1.0,0.9990630225926348,0.9999999999999999,1.0,5.049352883923497e-06,0.01
value_linear,23000,dev,5,4096,4096,4096,20480,20480,1.0,0.9990630225926348,0.9999999999999999,1.0,0.9990630225926348,0.9999999999999999,1.0,1.3931142623546666e-05,0.01
value_linear,23000,dev,6,4096,4096,4096,24576,24576,1.0,0.9990630225926348,0.9999999999999999,1.0,0.9990630225926348,0.9999999999999999,1.0,1.5049653980248046e-05,0.01
value_linear,23000,dev,7,4096,4096,4096,28672,28672,1.0,0.9990630225926348,0.9999999999999999,1.0,0.9990630225926348,0.9999999999999999,1.0,4.815201671434788e-05,0.01
value_linear,23000,dev,8,4096,4096,4096,32768,32768,1.0,0.9990630225926348,0.9999999999999999,1.0,0.9990630225926348,0.9999999999999999,1.0,7.267461586521473e-05,0.01
value_linear,23000,dev,9,4096,4096,4096,36864,36864,1.0,0.9990630225926348,0.9999999999999999,1.0,0.9990630225926348,0.9999999999999999,1.0,0.0002520311889237514,0.01
value_linear,23000,dev,10,4096,4092,4092,40956,40960,0.9990234375,0.9974915571936952,0.9996201704329383,0.9990234375,0.9974915571936952,0.9996201704329383,0.99990234375,0.00298309460006152,0.01
value_linear,23000,dev,11,4096,4092,4093,45049,45056,0.9990234375,0.9974915571936952,0.9996201704329383,0.999267578125,0.9978486714629491,0.9997508799051849,0.9998446377840909,0.004223307901659479,0.01
value_linear,23000,dev,12,4096,4085,4085,49134,49152,0.997314453125,0.9951972177470491,0.9984997436890822,0.997314453125,0.9951972177470491,0.9984997436890822,0.9996337890625,0.0069489074260236094,0.01
value_linear,23000,ood_dev,1,4096,4096,4096,4096,4096,1.0,0.9990630225926348,0.9999999999999999,1.0,0.9990630225926348,0.9999999999999999,1.0,2.6787703889530334e-06,0.01
value_linear,23000,ood_dev,2,4096,4096,4096,8192,8192,1.0,0.9990630225926348,0.9999999999999999,1.0,0.9990630225926348,0.9999999999999999,1.0,2.8804008244676105e-06,0.01
value_linear,23000,ood_dev,3,4096,4096,4096,12288,12288,1.0,0.9990630225926348,0.9999999999999999,1.0,0.9990630225926348,0.9999999999999999,1.0,3.5776640476825605e-06,0.01
value_linear,23000,ood_dev,4,4096,4096,4096,16384,16384,1.0,0.9990630225926348,0.9999999999999999,1.0,0.9990630225926348,0.9999999999999999,1.0,6.063889951057888e-06,0.01
value_linear,23000,ood_dev,5,4096,4096,4096,20480,20480,1.0,0.9990630225926348,0.9999999999999999,1.0,0.9990630225926348,0.9999999999999999,1.0,1.2011323587551859e-05,0.01
value_linear,23000,ood_dev,6,4096,4096,4096,24576,24576,1.0,0.9990630225926348,0.9999999999999999,1.0,0.9990630225926348,0.9999999999999999,1.0,1.8238230792777532e-05,0.01
value_linear,23000,ood_dev,7,4096,4096,4096,28672,28672,1.0,0.9990630225926348,0.9999999999999999,1.0,0.9990630225926348,0.9999999999999999,1.0,5.997556904405177e-05,0.01
value_linear,23000,ood_dev,8,4096,4096,4096,32768,32768,1.0,0.9990630225926348,0.9999999999999999,1.0,0.9990630225926348,0.9999999999999999,1.0,0.00024834828117928365,0.01
value_linear,23000,ood_dev,9,4096,4093,4093,36861,36864,0.999267578125,0.9978486714629491,0.9997508799051849,0.999267578125,0.9978486714629491,0.9997508799051849,0.9999186197916666,0.0017773927692691094,0.01
value_linear,23000,ood_dev,10,4096,4092,4093,40954,40960,0.9990234375,0.9974915571936952,0.9996201704329383,0.999267578125,0.9978486714629491,0.9997508799051849,0.999853515625,0.002595258004590012,0.01
value_linear,23000,ood_dev,11,4096,4088,4089,45043,45056,0.998046875,0.9961504506055915,0.9990099820550408,0.998291015625,0.9964763422189936,0.9991719141831389,0.9997114701704546,0.004844990900484014,0.01
value_linear,23000,ood_dev,12,4096,4085,4087,49130,49152,0.997314453125,0.9951972177470491,0.9984997436890822,0.997802734375,0.9958290482073086,0.9988435607118235,0.9995524088541666,0.008122702217688266,0.01
value_linear,23000,ood_dev,13,4096,4077,4082,53212,53248,0.995361328125,0.9927660832938955,0.9970282882102334,0.99658203125,0.9942706398960515,0.9979628503155791,0.9993239182692307,0.009981776928939978,0.01
value_linear,23000,ood_dev,14,4096,4069,4077,57289,57344,0.993408203125,0.9904260923610462,0.9954656892110803,0.995361328125,0.9927660832938955,0.9970282882102334,0.9990408761160714,0.014228868076200357,0.01
value_linear,23000,ood_dev,15,4096,4060,4069,61358,61440,0.9912109375,0.9878567926156614,0.9936445752829621,0.993408203125,0.9904260923610462,0.9954656892110803,0.9986653645833333,0.02277170938264103,0.01
value_linear,23000,ood_dev,16,4096,4043,4060,65418,65536,0.987060546875,0.983114860378963,0.9900935039141554,0.9912109375,0.9878567926156614,0.9936445752829621,0.998199462890625,0.027450710457538358,0.01
value_linear,23000,ood_dev,17,4096,4023,4044,69462,69632,0.982177734375,0.9776509528256319,0.9858009366374803,0.9873046875,0.9833908284717333,0.9903053595628853,0.99755859375,0.039874364148057256,0.01
value_linear,23000,ood_dev,18,4096,4000,4028,73490,73728,0.9765625,0.9714635423988935,0.9807684010097115,0.9833984375,0.9790082213211099,0.9868827868495039,0.9967719184027778,0.049037680041746134,0.01
value_linear,23000,ood_dev,19,4096,3968,4007,77497,77824,0.96875,0.9629667829716362,0.9736548007089589,0.978271484375,0.9733380928544043,0.9823086167447029,0.9957982113486842,0.06030926867020747,0.01
value_linear,23000,ood_dev,20,4096,3943,3999,81496,81920,0.962646484375,0.9563923454033983,0.968033644739689,0.976318359375,0.9711962850581976,0.9805478346089073,0.99482421875,0.08228153506936664,0.01
value_linear,23000,ood_dev,21,4096,3917,3981,85477,86016,0.956298828125,0.9495990962030896,0.9621434766609898,0.971923828125,0.9664058535023272,0.976557438817772,0.9937337239583334,0.10197310815122604,0.01
value_linear,23000,ood_dev,22,4096,3878,3950,89427,90112,0.94677734375,0.9394747174237471,0.9532427295218201,0.96435546875,0.9582285450750817,0.9696122112585078,0.9923983487215909,0.12231733454626378,0.01
value_linear,23000,ood_dev,23,4096,3850,3938,93365,94208,0.93994140625,0.9322447036840906,0.9468136784994678,0.96142578125,0.9550827758957496,0.9669040955398363,0.9910517153532609,0.1405024299768657,0.01
value_linear,23000,ood_dev,24,4096,3814,3910,97275,98304,0.93115234375,0.9229875245115166,0.9385092029780308,0.95458984375,0.947776604127552,0.9605512025460251,0.989532470703125,0.18058412366133197,0.01
value_linear,23000,ood_dev,25,4096,3767,3879,101154,102400,0.919677734375,0.9109556576829947,0.9276133539560381,0.947021484375,0.9397334817874256,0.9534717888996419,0.98783203125,0.19786264782917357,0.01
value_linear,23000,ood_dev,26,4096,3721,3860,105014,106496,0.908447265625,0.899228516897034,0.9169006026329847,0.9423828125,0.9348235709099155,0.9491130486886461,0.986083984375,0.22557853981933804,0.01
value_linear,23000,ood_dev,27,4096,3675,3841,108855,110592,0.897216796875,0.8875416320542482,0.9061475953667562,0.937744140625,0.9299266208648727,0.9447413476451831,0.9842936197916666,0.25545226981422,0.01
value_linear,23000,ood_dev,28,4096,3636,3816,112671,114688,0.8876953125,0.8776603686981093,0.897003732804383,0.931640625,0.9235007973638772,0.9389715776086708,0.9824131556919643,0.2892157911776735,0.01
value_linear,23000,ood_dev,29,4096,3600,3787,116458,118784,0.87890625,0.8685587962878935,0.8885436505205876,0.924560546875,0.9160688647806251,0.932256621688414,0.9804182381465517,0.3116986817397826,0.01
value_linear,23000,ood_dev,30,4096,3556,3760,120218,122880,0.8681640625,0.8574575878543693,0.8781806143280981,0.91796875,0.9091682131124504,0.9259860323360801,0.9783365885416667,0.3517757264238164,0.01
value_linear,23000,ood_dev,31,4096,3502,3725,123943,126976,0.85498046875,0.8438642894424228,0.865431430699028,0.909423828125,0.9002465738230481,0.9178338406729718,0.9761135962701613,0.38483490424974914,0.01
value_linear,23000,ood_dev,32,4096,3458,3706,127649,131072,0.84423828125,0.8328109384018381,0.855020537113599,0.90478515625,0.8954134685370875,0.9133982948704263,0.9738845825195312,0.4138917733639659,0.01
value_linear,23000,ood_dev,33,4096,3410,3677,131326,135168,0.83251953125,0.8207737847837412,0.8436421511396809,0.897705078125,0.8880490046308186,0.9066158702731862,0.9715761126893939,0.4529297951077261,0.01
value_linear,23000,ood_dev,34,4096,3358,3644,134970,139264,0.81982421875,0.8077562437830561,0.8312928575823499,0.8896484375,0.8796854187974655,0.8988812726370291,0.9691664751838235,0.4951117014059396,0.01
value_linear,23000,ood_dev,35,4096,3303,3610,138580,143360,0.806396484375,0.79401128014302,0.818207515439869,0.88134765625,0.8710852365562697,0.8908954476672145,0.9666573660714286,0.5441955254873027,0.01
value_linear,23000,ood_dev,36,4096,3261,3591,142171,147456,0.796142578125,0.7835302693441882,0.8081999290956877,0.876708984375,0.8662861211444994,0.8864259119904789,0.9641587999131944,0.5718212719406485,0.01
value_linear,23500,dev,1,4096,4096,4096,4096,4096,1.0,0.9990630225926348,0.9999999999999999,1.0,0.9990630225926348,0.9999999999999999,1.0,2.7829616716101846e-06,0.01
value_linear,23500,dev,2,4096,4096,4096,8192,8192,1.0,0.9990630225926348,0.9999999999999999,1.0,0.9990630225926348,0.9999999999999999,1.0,2.9845624409385874e-06,0.01
value_linear,23500,dev,3,4096,4096,4096,12288,12288,1.0,0.9990630225926348,0.9999999999999999,1.0,0.9990630225926348,0.9999999999999999,1.0,3.760865880983455e-06,0.01
value_linear,23500,dev,4,4096,4096,4096,16384,16384,1.0,0.9990630225926348,0.9999999999999999,1.0,0.9990630225926348,0.9999999999999999,1.0,4.879591827836038e-06,0.01
value_linear,23500,dev,5,4096,4096,4096,20480,20480,1.0,0.9990630225926348,0.9999999999999999,1.0,0.9990630225926348,0.9999999999999999,1.0,9.509210632085985e-06,0.01
value_linear,23500,dev,6,4096,4096,4096,24576,24576,1.0,0.9990630225926348,0.9999999999999999,1.0,0.9990630225926348,0.9999999999999999,1.0,2.1074778641064218e-05,0.01
value_linear,23500,dev,7,4096,4096,4096,28672,28672,1.0,0.9990630225926348,0.9999999999999999,1.0,0.9990630225926348,0.9999999999999999,1.0,0.00015354898761385516,0.01
value_linear,23500,dev,8,4096,4096,4096,32768,32768,1.0,0.9990630225926348,0.9999999999999999,1.0,0.9990630225926348,0.9999999999999999,1.0,0.0002298391815282741,0.01
value_linear,23500,dev,9,4096,4095,4095,36863,36864,0.999755859375,0.9986182969663738,0.9999569018847606,0.999755859375,0.9986182969663738,0.9999569018847606,0.9999728732638888,0.0005809556568138752,0.01
value_linear,23500,dev,10,4096,4095,4095,40958,40960,0.999755859375,0.9986182969663738,0.9999569018847606,0.999755859375,0.9986182969663738,0.9999569018847606,0.999951171875,0.0009995429984002574,0.01
value_linear,23500,dev,11,4096,4093,4094,45052,45056,0.999267578125,0.9978486714629491,0.9997508799051849,0.99951171875,0.9982212896544476,0.9998660854551866,0.9999112215909091,0.0011880681754826289,0.01
value_linear,23500,dev,12,4096,4092,4095,49147,49152,0.9990234375,0.9974915571936952,0.9996201704329383,0.999755859375,0.9986182969663738,0.9999569018847606,0.9998982747395834,0.001337043982524877,0.01
value_linear,23500,ood_dev,1,4096,4096,4096,4096,4096,1.0,0.9990630225926348,0.9999999999999999,1.0,0.9990630225926348,0.9999999999999999,1.0,2.796174764174708e-06,0.01
value_linear,23500,ood_dev,2,4096,4096,4096,8192,8192,1.0,0.9990630225926348,0.9999999999999999,1.0,0.9990630225926348,0.9999999999999999,1.0,2.9986195796277704e-06,0.01
value_linear,23500,ood_dev,3,4096,4096,4096,12288,12288,1.0,0.9990630225926348,0.9999999999999999,1.0,0.9990630225926348,0.9999999999999999,1.0,3.7304340864546814e-06,0.01
value_linear,23500,ood_dev,4,4096,4096,4096,16384,16384,1.0,0.9990630225926348,0.9999999999999999,1.0,0.9990630225926348,0.9999999999999999,1.0,4.8341216993680325e-06,0.01
value_linear,23500,ood_dev,5,4096,4096,4096,20480,20480,1.0,0.9990630225926348,0.9999999999999999,1.0,0.9990630225926348,0.9999999999999999,1.0,9.06810364204036e-06,0.01
value_linear,23500,ood_dev,6,4096,4096,4096,24576,24576,1.0,0.9990630225926348,0.9999999999999999,1.0,0.9990630225926348,0.9999999999999999,1.0,3.387453985895239e-05,0.01
value_linear,23500,ood_dev,7,4096,4096,4096,28672,28672,1.0,0.9990630225926348,0.9999999999999999,1.0,0.9990630225926348,0.9999999999999999,1.0,2.868692499891079e-05,0.01
value_linear,23500,ood_dev,8,4096,4096,4096,32768,32768,1.0,0.9990630225926348,0.9999999999999999,1.0,0.9990630225926348,0.9999999999999999,1.0,5.513744751814431e-05,0.01
value_linear,23500,ood_dev,9,4096,4095,4095,36863,36864,0.999755859375,0.9986182969663738,0.9999569018847606,0.999755859375,0.9986182969663738,0.9999569018847606,0.9999728732638888,0.00042965633417085813,0.01
value_linear,23500,ood_dev,10,4096,4095,4096,40959,40960,0.999755859375,0.9986182969663738,0.9999569018847606,1.0,0.9990630225926348,0.9999999999999999,0.9999755859375,0.0005812888270615019,0.01
value_linear,23500,ood_dev,11,4096,4092,4093,45052,45056,0.9990234375,0.9974915571936952,0.9996201704329383,0.999267578125,0.9978486714629491,0.9997508799051849,0.9999112215909091,0.0013188162324725694,0.01
value_linear,23500,ood_dev,12,4096,4088,4091,49143,49152,0.998046875,0.9961504506055915,0.9990099820550408,0.998779296875,0.997145424476127,0.9994784794090062,0.99981689453125,0.003399664570616759,0.01
value_linear,23500,ood_dev,13,4096,4087,4090,53233,53248,0.997802734375,0.9958290482073086,0.9988435607118235,0.99853515625,0.9968075986857966,0.9993284814578364,0.9997182992788461,0.004986907707279151,0.01
value_linear,23500,ood_dev,14,4096,4082,4086,57319,57344,0.99658203125,0.9942706398960515,0.9979628503155791,0.99755859375,0.9955114747539533,0.9986733104236785,0.9995640345982143,0.006075588084534692,0.01
value_linear,23500,ood_dev,15,4096,4069,4075,61394,61440,0.993408203125,0.9904260923610462,0.9954656892110803,0.994873046875,0.9921745882319427,0.9966441357891856,0.9992513020833333,0.013974325897723738,0.01
value_linear,23500,ood_dev,16,4096,4056,4070,65464,65536,0.990234375,0.9867300726317991,0.9928200003008232,0.99365234375,0.99071517109395,0.9956644342196767,0.9989013671875,0.016090128020189637,0.01
value_linear,23500,ood_dev,17,4096,4042,4058,69522,69632,0.98681640625,0.9828391999625007,0.9898813405891173,0.99072265625,0.987292434466316,0.993233285949307,0.9984202665441176,0.02344322521025831,0.01
value_linear,23500,ood_dev,18,4096,4028,4049,73571,73728,0.9833984375,0.9790082213211099,0.9868827868495039,0.988525390625,0.9847756016627256,0.9913597050793945,0.9978705512152778,0.035833582246478576,0.01
value_linear,23500,ood_dev,19,4096,4009,4035,77606,77824,0.978759765625,0.9738749487182478,0.98274740836386,0.985107421875,0.9809175425035267,0.9883882318575893,0.9971988075657895,0.04356479188191177,0.01
value_linear,23500,ood_dev,20,4096,3990,4029,81635,81920,0.97412109375,0.9687965056840521,0.9785572003095498,0.983642578125,0.9792802999311276,0.9870985319809864,0.99652099609375,0.05396993863905615,0.01
value_linear,23500,ood_dev,21,4096,3975,4022,85657,86016,0.970458984375,0.9648166459664846,0.9752197039046127,0.98193359375,0.9773800946662805,0.9855839710553314,0.9958263578869048,0.058360536223677775,0.01
value_linear,23500,ood_dev,22,4096,3953,4007,89664,90112,0.965087890625,0.9590165375678266,0.9702876899902639,0.978271484375,0.9733380928544043,0.9823086167447029,0.9950284090909091,0.07244735836207022,0.01
value_linear,23500,ood_dev,23,4096,3922,3989,93653,94208,0.95751953125,0.9509024574310025,0.9632792341405783,0.973876953125,0.9685304473439507,0.978335434908151,0.9941087805706522,0.08889365614405573,0.01
value_linear,23500,ood_dev,24,4096,3890,3970,97623,98304,0.94970703125,0.9425826106663004,0.9559887211772704,0.96923828125,0.9634948720671381,0.9741023590964577,0.993072509765625,0.10901412198583792,0.01
value_linear,23500,ood_dev,25,4096,3866,3962,101585,102400,0.94384765625,0.9363725983801838,0.9504909636673797,0.96728515625,0.9613845411819059,0.9723101000496873,0.992041015625,0.12304995936318039,0.01
value_linear,23500,ood_dev,26,4096,3845,3948,105533,106496,0.938720703125,0.930956550506342,0.945662712969715,0.9638671875,0.957703572334836,0.9691615365157528,0.9909574068509616,0.13388278627929281,0.01
value_linear,23500,ood_dev,27,4096,3813,3924,109457,110592,0.930908203125,0.9227309300951754,0.9382779736528717,0.9580078125,0.9514241848736409,0.9637331541809406,0.9897370515046297,0.15386529563324236,0.01
value_linear,23500,ood_dev,28,4096,3777,3906,113363,114688,0.922119140625,0.913511081106035,0.9299361679480009,0.95361328125,0.946736292289229,0.959640219418347,0.9884469168526786,0.17541778956971907,0.01
value_linear,23500,ood_dev,29,4096,3745,3889,117252,118784,0.914306640625,0.9053415639344976,0.9224953253915283,0.949462890625,0.9423233877337558,0.9557601203683148,0.9871026400862069,0.19294735995787982,0.01
value_linear,23500,ood_dev,30,4096,3710,3865,121117,122880,0.90576171875,0.8964304105240852,0.9143326478494298,0.943603515625,0.9361143355517366,0.9502614027543265,0.9856526692708333,0.21707512578008925,0.01
value_linear,23500,ood_dev,31,4096,3666,3832,124949,126976,0.89501953125,0.8852592531857103,0.9040395605617911,0.935546875,0.9276111437221689,0.942666411114384,0.9840363533266129,0.2522211487376297,0.01
value_linear,23500,ood_dev,32,4096,3626,3822,128771,131072,0.88525390625,0.875130353941446,0.894655510146043,0.93310546875,0.9250412981572879,0.9403580192642621,0.9824447631835938,0.2670863088474802,0.01
value_linear,23500,ood_dev,33,4096,3591,3788,132559,135168,0.876708984375,0.8662861211444994,0.8864259119904789,0.9248046875,0.9163247769466819,0.9324885332638574,0.9806980942234849,0.3021505261185008,0.01
value_linear,23500,ood_dev,34,4096,3551,3771,136330,139264,0.866943359375,0.8561975725255366,0.8770015109494291,0.920654296875,0.9119775502306317,0.9285427563744023,0.9789321001838235,0.3470113158772108,0.01
value_linear,23500,ood_dev,35,4096,3510,3752,140082,143360,0.85693359375,0.8458761055974846,0.8673222044759685,0.916015625,0.9071267365958561,0.9241249189206721,0.9771344866071429,0.3845492207681979,0.01
value_linear,23500,ood_dev,36,4096,3459,3704,143786,147456,0.844482421875,0.8330619395689436,0.8552573596879938,0.904296875,0.8949051056361323,0.912931010288381,0.9751112196180556,0.41877769912175744,0.01
value_linear,24000,dev,1,4096,4096,4096,4096,4096,1.0,0.9990630225926348,0.9999999999999999,1.0,0.9990630225926348,0.9999999999999999,1.0,2.774812391886927e-06,0.01
value_linear,24000,dev,2,4096,4096,4096,8192,8192,1.0,0.9990630225926348,0.9999999999999999,1.0,0.9990630225926348,0.9999999999999999,1.0,3.067012974825034e-06,0.01
value_linear,24000,dev,3,4096,4096,4096,12288,12288,1.0,0.9990630225926348,0.9999999999999999,1.0,0.9990630225926348,0.9999999999999999,1.0,4.857413956269041e-06,0.01
value_linear,24000,dev,4,4096,4096,4096,16384,16384,1.0,0.9990630225926348,0.9999999999999999,1.0,0.9990630225926348,0.9999999999999999,1.0,8.78618539816578e-06,0.01
value_linear,24000,dev,5,4096,4096,4096,20480,20480,1.0,0.9990630225926348,0.9999999999999999,1.0,0.9990630225926348,0.9999999999999999,1.0,1.7254264690569343e-05,0.01
value_linear,24000,dev,6,4096,4096,4096,24576,24576,1.0,0.9990630225926348,0.9999999999999999,1.0,0.9990630225926348,0.9999999999999999,1.0,3.309395736549037e-05,0.01
value_linear,24000,dev,7,4096,4096,4096,28672,28672,1.0,0.9990630225926348,0.9999999999999999,1.0,0.9990630225926348,0.9999999999999999,1.0,8.88266794130399e-05,0.01
value_linear,24000,dev,8,4096,4095,4095,32767,32768,0.999755859375,0.9986182969663738,0.9999569018847606,0.999755859375,0.9986182969663738,0.9999569018847606,0.999969482421875,0.0006116319545096116,0.01
value_linear,24000,dev,9,4096,4091,4092,36859,36864,0.998779296875,0.997145424476127,0.9994784794090062,0.9990234375,0.9974915571936952,0.9996201704329383,0.9998643663194444,0.0020657097180886708,0.01
value_linear,24000,dev,10,4096,4086,4089,40948,40960,0.99755859375,0.9955114747539533,0.9986733104236785,0.998291015625,0.9964763422189936,0.9991719141831389,0.99970703125,0.004255966540931827,0.01
value_linear,24000,dev,11,4096,4084,4090,45038,45056,0.9970703125,0.9948858699188933,0.9983232677757378,0.99853515625,0.9968075986857966,0.9993284814578364,0.9996004971590909,0.0056064720429283565,0.01
value_linear,24000,dev,12,4096,4077,4082,49120,49152,0.995361328125,0.9927660832938955,0.9970282882102334,0.99658203125,0.9942706398960515,0.9979628503155791,0.9993489583333334,0.00916352094715181,0.01
value_linear,24000,ood_dev,1,4096,4096,4096,4096,4096,1.0,0.9990630225926348,0.9999999999999999,1.0,0.9990630225926348,0.9999999999999999,1.0,2.8205634017841597e-06,0.01
value_linear,24000,ood_dev,2,4096,4096,4096,8192,8192,1.0,0.9990630225926348,0.9999999999999999,1.0,0.9990630225926348,0.9999999999999999,1.0,3.0883749568277885e-06,0.01
value_linear,24000,ood_dev,3,4096,4096,4096,12288,12288,1.0,0.9990630225926348,0.9999999999999999,1.0,0.9990630225926348,0.9999999999999999,1.0,4.108985732928505e-06,0.01
value_linear,24000,ood_dev,4,4096,4096,4096,16384,16384,1.0,0.9990630225926348,0.9999999999999999,1.0,0.9990630225926348,0.9999999999999999,1.0,5.94548199765732e-06,0.01
value_linear,24000,ood_dev,5,4096,4096,4096,20480,20480,1.0,0.9990630225926348,0.9999999999999999,1.0,0.9990630225926348,0.9999999999999999,1.0,1.501248117334597e-05,0.01
value_linear,24000,ood_dev,6,4096,4096,4096,24576,24576,1.0,0.9990630225926348,0.9999999999999999,1.0,0.9990630225926348,0.9999999999999999,1.0,0.00010206132036927329,0.01
value_linear,24000,ood_dev,7,4096,4096,4096,28672,28672,1.0,0.9990630225926348,0.9999999999999999,1.0,0.9990630225926348,0.9999999999999999,1.0,7.919311938446583e-05,0.01
value_linear,24000,ood_dev,8,4096,4096,4096,32768,32768,1.0,0.9990630225926348,0.9999999999999999,1.0,0.9990630225926348,0.9999999999999999,1.0,0.0003754570391497486,0.01
value_linear,24000,ood_dev,9,4096,4094,4094,36862,36864,0.99951171875,0.9982212896544476,0.9998660854551866,0.99951171875,0.9982212896544476,0.9998660854551866,0.9999457465277778,0.0011440218699541038,0.01
value_linear,24000,ood_dev,10,4096,4091,4091,40953,40960,0.998779296875,0.997145424476127,0.9994784794090062,0.998779296875,0.997145424476127,0.9994784794090062,0.9998291015625,0.003546975270146205,0.01
value_linear,24000,ood_dev,11,4096,4088,4090,45043,45056,0.998046875,0.9961504506055915,0.9990099820550408,0.99853515625,0.9968075986857966,0.9993284814578364,0.9997114701704546,0.0059286831493396835,0.01
value_linear,24000,ood_dev,12,4096,4080,4082,49125,49152,0.99609375,0.9936637657680687,0.9975940769605611,0.99658203125,0.9942706398960515,0.9979628503155791,0.99945068359375,0.010188908440584662,0.01
value_linear,24000,ood_dev,13,4096,4066,4072,53197,53248,0.99267578125,0.9895635962243474,0.994864714123278,0.994140625,0.9912959670744264,0.996059285722201,0.9990422175480769,0.01625959016689063,0.01
value_linear,24000,ood_dev,14,4096,4055,4067,57264,57344,0.989990234375,0.9864495949105299,0.9926126542805922,0.992919921875,0.9898503448988859,0.9950657891902398,0.9986049107142857,0.0213067878865818,0.01
value_linear,24000,ood_dev,15,4096,4045,4065,61329,61440,0.987548828125,0.9836671128801424,0.9905168988959765,0.992431640625,0.9892775496501616,0.9946629369559636,0.998193359375,0.027159056198303944,0.01
value_linear,24000,ood_dev,16,4096,4020,4040,65369,65536,0.9814453125,0.9768389428205996,0.9851494754180116,0.986328125,0.9822887695283722,0.9894561235402453,0.9974517822265625,0.04054770169662611,0.01
value_linear,24000,ood_dev,17,4096,3999,4034,69403,69632,0.976318359375,0.9711962850581976,0.9805478346089073,0.98486328125,0.9806440746636242,0.9881738759559913,0.9967112821691176,0.05302872444882084,0.01
value_linear,24000,ood_dev,18,4096,3966,4003,73406,73728,0.96826171875,0.9624390364554394,0.973206899742155,0.977294921875,0.9722661011607102,0.9814293134723958,0.9956325954861112,0.06955437104387252,0.01
value_linear,24000,ood_dev,19,4096,3936,3988,77394,77824,0.9609375,0.9545593952649127,0.9664518286876724,0.9736328125,0.9682644999293395,0.9781135585812619,0.9944747121710527,0.08096672933984159,0.01
value_linear,24000,ood_dev,20,4096,3920,3990,81384,81920,0.95703125,0.9503809505933728,0.9628250934952075,0.97412109375,0.9687965056840521,0.9785572003095498,0.99345703125,0.09544084938812314,0.01
value_linear,24000,ood_dev,21,4096,3889,3959,85343,86016,0.949462890625,0.9423233877337558,0.9557601203683148,0.966552734375,0.9605945147420692,0.971636655265023,0.9921758742559523,0.11914910206329768,0.01
value_linear,24000,ood_dev,22,4096,3851,3930,89273,90112,0.940185546875,0.9325024349976097,0.9470437709274493,0.95947265625,0.9529907280310358,0.9650935534725474,0.9906893643465909,0.14875103473885715,0.01
value_linear,24000,ood_dev,23,4096,3817,3920,93193,94208,0.931884765625,0.9237574760767748,0.9392027226372734,0.95703125,0.9503809505933728,0.9628250934952075,0.9892259680706522,0.17208436977157843,0.01
value_linear,24000,ood_dev,24,4096,3765,3876,97069,98304,0.919189453125,0.9104448475161888,0.9271485166398434,0.9462890625,0.938957308629731,0.9527844908328355,0.9874369303385416,0.2162305574654637,0.01
value_linear,24000,ood_dev,25,4096,3717,3845,100914,102400,0.907470703125,0.8982107631027751,0.9159670614612421,0.938720703125,0.930956550506342,0.945662712969715,0.98548828125,0.2496062751514855,0.01
value_linear,24000,ood_dev,26,4096,3671,3823,104737,106496,0.896240234375,0.8865270812946906,0.9052108511603125,0.933349609375,0.9252981492851113,0.9405889918779389,0.9834829477163461,0.2798140635053777,0.01
value_linear,24000,ood_dev,27,4096,3634,3819,108556,110592,0.88720703125,0.8771542514698228,0.8965342025496686,0.932373046875,0.9242709187774049,0.9396649274196441,0.9815899884259259,0.30393735895477003,0.01
value_linear,24000,ood_dev,28,4096,3584,3780,112336,114688,0.875,0.8645192029666569,0.8847780639778193,0.9228515625,0.9142781637462243,0.9306325565323126,0.9794921875,0.33982206780964297,0.01
value_linear,24000,ood_dev,29,4096,3538,3769,116105,118784,0.86376953125,0.8529228830570302,0.8739344917784316,0.920166015625,0.9114665583356981,0.9280781007863353,0.9774464574353449,0.3625695201551491,0.01
value_linear,24000,ood_dev,30,4096,3505,3745,119850,122880,0.855712890625,0.8446186417242619,0.8661405496416897,0.914306640625,0.9053415639344976,0.9224953253915283,0.975341796875,0.41067907112239005,0.01
value_linear,24000,ood_dev,31,4096,3460,3719,123569,126976,0.8447265625,0.8333129502985477,0.8554941726998899,0.907958984375,0.8987196023793654,0.9164338696676525,0.9731681577620968,0.44016511353226373,0.01
value_linear,24000,ood_dev,32,4096,3408,3684,127253,131072,0.83203125,0.8202726860874253,0.8431676023529963,0.8994140625,0.8898253259774954,0.9082543151170116,0.9708633422851562,0.4723029899994541,0.01
value_linear,24000,ood_dev,33,4096,3359,3648,130901,135168,0.820068359375,0.8080063706353204,0.8315305544715859,0.890625,0.8806982972702632,0.8998196891302327,0.9684318773674242,0.5294347269227744,0.01
value_linear,24000,ood_dev,34,4096,3308,3612,134513,139264,0.8076171875,0.7952598719486457,0.8193980423417448,0.8818359375,0.8715906848675761,0.8913656468389086,0.9658849379595589,0.5756320450085632,0.01
value_linear,24000,ood_dev,35,4096,3256,3588,138101,143360,0.794921875,0.7822833621795887,0.8070077175527858,0.8759765625,0.8655287943450488,0.8857197675654286,0.9633161272321429,0.6332503551229756,0.01
value_linear,24000,ood_dev,36,4096,3207,3561,141662,147456,0.782958984375,0.7700726534090917,0.7953150629897675,0.869384765625,0.8587178969153175,0.8793594239746514,0.9607069227430556,0.6876511083711598,0.01
value_linear,24500,dev,1,4096,4096,4096,4096,4096,1.0,0.9990630225926348,0.9999999999999999,1.0,0.9990630225926348,0.9999999999999999,1.0,2.819195939474106e-06,0.01
value_linear,24500,dev,2,4096,4096,4096,8192,8192,1.0,0.9990630225926348,0.9999999999999999,1.0,0.9990630225926348,0.9999999999999999,1.0,2.9445743956607595e-06,0.01
value_linear,24500,dev,3,4096,4096,4096,12288,12288,1.0,0.9990630225926348,0.9999999999999999,1.0,0.9990630225926348,0.9999999999999999,1.0,3.7139723347012765e-06,0.01
value_linear,24500,dev,4,4096,4096,4096,16384,16384,1.0,0.9990630225926348,0.9999999999999999,1.0,0.9990630225926348,0.9999999999999999,1.0,4.700685216782463e-06,0.01
value_linear,24500,dev,5,4096,4096,4096,20480,20480,1.0,0.9990630225926348,0.9999999999999999,1.0,0.9990630225926348,0.9999999999999999,1.0,7.297691699492681e-06,0.01
value_linear,24500,dev,6,4096,4096,4096,24576,24576,1.0,0.9990630225926348,0.9999999999999999,1.0,0.9990630225926348,0.9999999999999999,1.0,1.3210155245552135e-05,0.01
value_linear,24500,dev,7,4096,4096,4096,28672,28672,1.0,0.9990630225926348,0.9999999999999999,1.0,0.9990630225926348,0.9999999999999999,1.0,2.7860708892699093e-05,0.01
value_linear,24500,dev,8,4096,4096,4096,32768,32768,1.0,0.9990630225926348,0.9999999999999999,1.0,0.9990630225926348,0.9999999999999999,1.0,0.00011693970465388726,0.01
value_linear,24500,dev,9,4096,4096,4096,36864,36864,1.0,0.9990630225926348,0.9999999999999999,1.0,0.9990630225926348,0.9999999999999999,1.0,0.00022996461715731054,0.01
value_linear,24500,dev,10,4096,4094,4094,40958,40960,0.99951171875,0.9982212896544476,0.9998660854551866,0.99951171875,0.9982212896544476,0.9998660854551866,0.999951171875,0.0008409009537964501,0.01
value_linear,24500,dev,11,4096,4093,4095,45053,45056,0.999267578125,0.9978486714629491,0.9997508799051849,0.999755859375,0.9986182969663738,0.9999569018847606,0.9999334161931818,0.0014636276096849365,0.01
value_linear,24500,dev,12,4096,4089,4091,49144,49152,0.998291015625,0.9964763422189936,0.9991719141831389,0.998779296875,0.997145424476127,0.9994784794090062,0.9998372395833334,0.003814410236793367,0.01
value_linear,24500,ood_dev,1,4096,4096,4096,4096,4096,1.0,0.9990630225926348,0.9999999999999999,1.0,0.9990630225926348,0.9999999999999999,1.0,2.821669732200327e-06,0.01
value_linear,24500,ood_dev,2,4096,4096,4096,8192,8192,1.0,0.9990630225926348,0.9999999999999999,1.0,0.9990630225926348,0.9999999999999999,1.0,2.954062131146906e-06,0.01
value_linear,24500,ood_dev,3,4096,4096,4096,12288,12288,1.0,0.9990630225926348,0.9999999999999999,1.0,0.9990630225926348,0.9999999999999999,1.0,3.523152841397592e-06,0.01
value_linear,24500,ood_dev,4,4096,4096,4096,16384,16384,1.0,0.9990630225926348,0.9999999999999999,1.0,0.9990630225926348,0.9999999999999999,1.0,4.525694410867365e-06,0.01
value_linear,24500,ood_dev,5,4096,4096,4096,20480,20480,1.0,0.9990630225926348,0.9999999999999999,1.0,0.9990630225926348,0.9999999999999999,1.0,8.429924518355003e-06,0.01
value_linear,24500,ood_dev,6,4096,4096,4096,24576,24576,1.0,0.9990630225926348,0.9999999999999999,1.0,0.9990630225926348,0.9999999999999999,1.0,1.5481753079291116e-05,0.01
value_linear,24500,ood_dev,7,4096,4096,4096,28672,28672,1.0,0.9990630225926348,0.9999999999999999,1.0,0.9990630225926348,0.9999999999999999,1.0,9.483264726933838e-05,0.01
value_linear,24500,ood_dev,8,4096,4096,4096,32768,32768,1.0,0.9990630225926348,0.9999999999999999,1.0,0.9990630225926348,0.9999999999999999,1.0,5.3961180254913366e-05,0.01
value_linear,24500,ood_dev,9,4096,4095,4095,36863,36864,0.999755859375,0.9986182969663738,0.9999569018847606,0.999755859375,0.9986182969663738,0.9999569018847606,0.9999728732638888,0.0006886424951077635,0.01
value_linear,24500,ood_dev,10,4096,4095,4096,40959,40960,0.999755859375,0.9986182969663738,0.9999569018847606,1.0,0.9990630225926348,0.9999999999999999,0.9999755859375,0.0004323797546736674,0.01
value_linear,24500,ood_dev,11,4096,4094,4095,45054,45056,0.99951171875,0.9982212896544476,0.9998660854551866,0.999755859375,0.9986182969663738,0.9999569018847606,0.9999556107954546,0.000721341025869876,0.01
value_linear,24500,ood_dev,12,4096,4090,4091,49145,49152,0.99853515625,0.9968075986857966,0.9993284814578364,0.998779296875,0.997145424476127,0.9994784794090062,0.9998575846354166,0.0030325189650179663,0.01
value_linear,24500,ood_dev,13,4096,4084,4086,53231,53248,0.9970703125,0.9948858699188933,0.9983232677757378,0.99755859375,0.9955114747539533,0.9986733104236785,0.9996807391826923,0.005307268910503329,0.01
value_linear,24500,ood_dev,14,4096,4077,4083,57314,57344,0.995361328125,0.9927660832938955,0.9970282882102334,0.996826171875,0.9945771012522003,0.9981442127009305,0.9994768415178571,0.006868113184983107,0.01
value_linear,24500,ood_dev,15,4096,4073,4083,61397,61440,0.994384765625,0.991587789433178,0.9962552871049496,0.996826171875,0.9945771012522003,0.9981442127009305,0.9993001302083333,0.008069298256833973,0.01
value_linear,24500,ood_dev,16,4096,4061,4071,65468,65536,0.991455078125,0.9881397703182205,0.9938494213219035,0.993896484375,0.9910051126562461,0.995862316398881,0.99896240234375,0.016208036879673038,0.01
value_linear,24500,ood_dev,17,4096,4044,4064,69532,69632,0.9873046875,0.9833908284717333,0.9903053595628853,0.9921875,0.9889921727170213,0.9944604901476036,0.9985638786764706,0.020758493011634488,0.01
value_linear,24500,ood_dev,18,4096,4031,4058,73590,73728,0.984130859375,0.9798251184139876,0.987529360981127,0.99072265625,0.987292434466316,0.993233285949307,0.9981282552083334,0.03134312437693007,0.01
value_linear,24500,ood_dev,19,4096,4011,4042,77632,77824,0.979248046875,0.974412403486461,0.9831856010786475,0.98681640625,0.9828391999625007,0.9898813405891173,0.9975328947368421,0.041863771189409524,0.01
value_linear,24500,ood_dev,20,4096,3987,4022,81654,81920,0.973388671875,0.9679986619577605,0.9778915728113404,0.98193359375,0.9773800946662805,0.9855839710553314,0.9967529296875,0.05841135012075985,0.01
value_linear,24500,ood_dev,21,4096,3964,4014,85668,86016,0.9677734375,0.9619116249533165,0.9727586637612774,0.97998046875,0.9752197539009314,0.983841721888678,0.9959542410714286,0.06751106466146549,0.01
value_linear,24500,ood_dev,22,4096,3946,4009,89677,90112,0.96337890625,0.9571788776441608,0.9687105837234276,0.978759765625,0.9738749487182478,0.98274740836386,0.9951726740056818,0.07436048629131072,0.01
value_linear,24500,ood_dev,23,4096,3920,3992,93669,94208,0.95703125,0.9503809505933728,0.9628250934952075,0.974609375,0.9693289612445153,0.9790003922320873,0.994278617527174,0.08983559556546808,0.01
value_linear,24500,ood_dev,24,4096,3895,3976,97645,98304,0.950927734375,0.9438793823249059,0.9571310682261667,0.970703125,0.9650812750446061,0.9754428985679915,0.9932963053385416,0.10588461792096117,0.01
value_linear,24500,ood_dev,25,4096,3865,3960,101605,102400,0.943603515625,0.9361143355517366,0.9502614027543265,0.966796875,0.9608577781251862,0.9718612156234064,0.992236328125,0.12196463726371387,0.01
value_linear,24500,ood_dev,26,4096,3833,3933,105538,106496,0.935791015625,0.9278682941984233,0.94289708437963,0.960205078125,0.9537747892075905,0.9657729635204937,0.9910043569711539,0.1494445111867649,0.01
value_linear,24500,ood_dev,27,4096,3797,3923,109461,110592,0.927001953125,0.9186291140947668,0.9345746097892754,0.957763671875,0.951163293350015,0.9635062219630662,0.9897732204861112,0.17865091803924404,0.01
value_linear,24500,ood_dev,28,4096,3754,3896,113357,114688,0.91650390625,0.9076369762844673,0.9245903267150616,0.951171875,0.9441388702045643,0.9573594040880085,0.9883946010044643,0.1944677185519317,0.01
value_linear,24500,ood_dev,29,4096,3719,3868,117225,118784,0.907958984375,0.8987196023793654,0.9164338696676525,0.9443359375,0.9368892357284203,0.9509499738021437,0.9868753367456896,0.21556376268581376,0.01
value_linear,24500,ood_dev,30,4096,3683,3855,121080,122880,0.899169921875,0.8895715160954258,0.9080203012575809,0.941162109375,0.9335337022688429,0.9479637986222172,0.9853515625,0.2275625098751114,0.01
value_linear,24500,ood_dev,31,4096,3652,3835,124915,126976,0.8916015625,0.8817114150371916,0.9007578663293054,0.936279296875,0.9283826877232538,0.9433583383378,0.9837685861895161,0.2664545621872124,0.01
value_linear,24500,ood_dev,32,4096,3623,3816,128731,131072,0.884521484375,0.8743716252251424,0.8939507676378456,0.931640625,0.9235007973638772,0.9389715776086708,0.9821395874023438,0.2986245341368981,0.01
value_linear,24500,ood_dev,33,4096,3577,3789,132520,135168,0.873291015625,0.8627529010058229,0.8831295997481511,0.925048828125,0.916580713871883,0.9327204200801565,0.9804095643939394,0.3017654028246065,0.01
value_linear,24500,ood_dev,34,4096,3537,3776,136296,139264,0.863525390625,0.8526710634916235,0.8736984876023381,0.921875,0.913255434220539,0.9297039910919966,0.9786879595588235,0.3257931696397212,0.01
value_linear,24500,ood_dev,35,4096,3490,3759,140055,143360,0.85205078125,0.8408478125539957,0.8625940226894514,0.917724609375,0.9089129525352261,0.9257534691718042,0.9769461495535714,0.35322839118159727,0.01
value_linear,24500,ood_dev,36,4096,3449,3727,143782,147456,0.842041015625,0.8305523552137561,0.8528887066281781,0.909912109375,0.9007557173331231,0.9183003446458973,0.9750840928819444,0.3777879037497439,0.01
value_linear,25000,dev,1,102400,102400,102400,102400,102400,1.0,0.9999624871609701,1.0,1.0,0.9999624871609701,1.0,1.0,2.821294508190686e-06,0.01
value_linear,25000,dev,2,102400,102400,102400,204800,204800,1.0,0.9999624871609701,1.0,1.0,0.9999624871609701,1.0,1.0,3.16502734710844e-06,0.01
value_linear,25000,dev,3,102400,102400,102400,307200,307200,1.0,0.9999624871609701,1.0,1.0,0.9999624871609701,1.0,1.0,3.9134507941501755e-06,0.01
value_linear,25000,dev,4,102400,102400,102400,409600,409600,1.0,0.9999624871609701,1.0,1.0,0.9999624871609701,1.0,1.0,5.663377058360841e-06,0.01
value_linear,25000,dev,5,102400,102400,102400,512000,512000,1.0,0.9999624871609701,1.0,1.0,0.9999624871609701,1.0,1.0,9.68813531811219e-06,0.01
value_linear,25000,dev,6,102400,102400,102400,614400,614400,1.0,0.9999624871609701,1.0,1.0,0.9999624871609701,1.0,1.0,3.118440646664777e-05,0.01
value_linear,25000,dev,7,102400,102400,102400,716800,716800,1.0,0.9999624871609701,1.0,1.0,0.9999624871609701,1.0,1.0,8.499374942879168e-05,0.01
value_linear,25000,dev,8,102400,102391,102391,819191,819200,0.999912109375,0.9998329541276058,0.999953758377418,0.999912109375,0.9998329541276058,0.999953758377418,0.999989013671875,0.00034726048161212443,0.01
value_linear,25000,dev,9,102400,102376,102383,921574,921600,0.999765625,0.9996512662615883,0.999842488483525,0.999833984375,0.9997341277518229,0.9998963406145821,0.9999717881944444,0.0005387732361981334,0.01
value_linear,25000,dev,10,102400,102346,102356,1023930,1024000,0.99947265625,0.99931206478972,0.9995957744355726,0.9995703125,0.9994232637005559,0.9996798806980102,0.999931640625,0.0012409587466381416,0.01
value_linear,25000,dev,11,102400,102285,102307,1126237,1126400,0.998876953125,0.9986522495411198,0.9990642281272036,0.999091796875,0.9988876321827568,0.9992585168667686,0.9998552911931818,0.0025832112724959327,0.01
value_linear,25000,dev,12,102400,102208,102259,1228496,1228800,0.998125,0.9978406941478352,0.9983719336862814,0.998623046875,0.9983764558107984,0.9988322284070137,0.9997526041666667,0.004235764268833137,0.01
value_linear,25000,ood_dev,1,102400,102400,102400,102400,102400,1.0,0.9999624871609701,1.0,1.0,0.9999624871609701,1.0,1.0,2.8193224420591802e-06,0.01
value_linear,25000,ood_dev,2,102400,102400,102400,204800,204800,1.0,0.9999624871609701,1.0,1.0,0.9999624871609701,1.0,1.0,3.1481985218850815e-06,0.01
value_linear,25000,ood_dev,3,102400,102400,102400,307200,307200,1.0,0.9999624871609701,1.0,1.0,0.9999624871609701,1.0,1.0,3.91140684513791e-06,0.01
value_linear,25000,ood_dev,4,102400,102400,102400,409600,409600,1.0,0.9999624871609701,1.0,1.0,0.9999624871609701,1.0,1.0,6.067430175338284e-06,0.01
value_linear,25000,ood_dev,5,102400,102400,102400,512000,512000,1.0,0.9999624871609701,1.0,1.0,0.9999624871609701,1.0,1.0,1.3014700692544068e-05,0.01
value_linear,25000,ood_dev,6,102400,102400,102400,614400,614400,1.0,0.9999624871609701,1.0,1.0,0.9999624871609701,1.0,1.0,2.6044675727320832e-05,0.01
value_linear,25000,ood_dev,7,102400,102399,102399,716799,716800,0.999990234375,0.9999446805183295,0.9999982761253133,0.999990234375,0.9999446805183295,0.9999982761253133,0.9999986049107142,9.237772376236575e-05,0.01
value_linear,25000,ood_dev,8,102400,102393,102394,819193,819200,0.999931640625,0.9998588878252541,0.9999668857144244,0.99994140625,0.9998721583660714,0.9999731456909345,0.999991455078125,0.0002070716379567078,0.01
value_linear,25000,ood_dev,9,102400,102378,102381,921574,921600,0.99978515625,0.9996747063713258,0.9998581094084422,0.999814453125,0.999710201380565,0.999881205951185,0.9999717881944444,0.0005756318466385268,0.01
value_linear,25000,ood_dev,10,102400,102348,102358,1023932,1024000,0.9994921875,0.9993341989036343,0.9996127013563129,0.99958984375,0.9994456792698375,0.9996965261633833,0.99993359375,0.0012438689918742656,0.01
value_linear,25000,ood_dev,11,102400,102298,102325,1126257,1126400,0.99900390625,0.9987910751489584,0.9991792992446207,0.999267578125,0.9990820982472838,0.999415600114134,0.999873046875,0.00198192685324203,0.01
value_linear,25000,ood_dev,12,102400,102212,102259,1228516,1228800,0.9981640625,0.9978825175586316,0.9984082323447944,0.998623046875,0.9983764558107984,0.9988322284070137,0.9997688802083333,0.0038724546376402123,0.01
value_linear,25000,ood_dev,13,102400,102075,102160,1330676,1331200,0.996826171875,0.9964625290351344,0.9971525399944426,0.99765625,0.997340827115986,0.997934335886417,0.9996063701923077,0.0067843290868625315,0.01
value_linear,25000,ood_dev,14,102400,101911,102052,1432728,1433600,0.995224609375,0.9947833878948003,0.9956286762930895,0.9966015625,0.9962260038439347,0.996939863287113,0.9993917410714286,0.01013044410137329,0.01
value_linear,25000,ood_dev,15,102400,101704,101926,1534654,1536000,0.993203125,0.992681056889965,0.9936881902111606,0.99537109375,0.9949363560081488,0.9957686659396514,0.9991236979166667,0.014304421014099473,0.01
value_linear,25000,ood_dev,16,102400,101450,101770,1636424,1638400,0.99072265625,0.9901167704671449,0.9912917252328307,0.99384765625,0.9933498445192448,0.9943084167254868,0.9987939453125,0.019641364374964415,0.01
value_linear,25000,ood_dev,17,102400,101101,101519,1737943,1740800,0.987314453125,0.9866104843279155,0.9879818608248103,0.991396484375,0.9908120954179271,0.9919440059776365,0.9983588005514706,0.02663628480687712,0.01
value_linear,25000,ood_dev,18,102400,100691,101261,1839204,1843200,0.983310546875,0.9825075925103319,0.9840772405381752,0.988876953125,0.9882160003757758,0.9895012275493282,0.99783203125,0.035530424890862417,0.01
value_linear,25000,ood_dev,19,102400,100227,100971,1940175,1945600,0.978779296875,0.9778784556065311,0.9796442174020797,0.986044921875,0.9853079945568458,0.986745383343323,0.9972116570723685,0.04621093243583234,0.01
value_linear,25000,ood_dev,20,102400,99685,100633,2040808,2048000,0.973486328125,0.9724844179422923,0.9744527146748879,0.982744140625,0.9819282381800577,0.9835238248634625,0.99648828125,0.05711079277311845,0.01
value_linear,25000,ood_dev,21,102400,99147,100351,2141159,2150400,0.968232421875,0.9671405464875719,0.9692891678074874,0.979990234375,0.9791143663909636,0.9808300907662402,0.9957026599702381,0.06975029578316526,0.01
value_linear,25000,ood_dev,22,102400,98541,99957,2241116,2252800,0.962314453125,0.9611306127019865,0.9634636080926908,0.976142578125,0.9751898759145844,0.9770595574156388,0.9948135653409091,0.0836046472934684,0.01
value_linear,25000,ood_dev,23,102400,97863,99563,2340679,2355200,0.955693359375,0.9544158208752828,0.9569367091714428,0.972294921875,0.9712718111710602,0.9732825983321819,0.9938344938858695,0.09829573602425018,0.01
value_linear,25000,ood_dev,24,102400,97124,99100,2439779,2457600,0.9484765625,0.9471056748231401,0.9498138029186645,0.9677734375,0.9666741050034936,0.9688376749771795,0.9927486165364583,0.11483029852632264,0.01
value_linear,25000,ood_dev,25,102400,96355,98644,2538423,2560000,0.940966796875,0.9395066319214813,0.9423938779955812,0.9633203125,0.9621515018250012,0.9644543622543947,0.991571484375,0.13572305941445786,0.01
value_linear,25000,ood_dev,26,102400,95588,98242,2636665,2662400,0.9334765625,0.9319339532044445,0.9349866499225309,0.95939453125,0.9581683017486369,0.9605862943651591,0.9903339092548077,0.15359357070885243,0.01
value_linear,25000,ood_dev,27,102400,94770,97746,2734411,2764800,0.92548828125,0.9238638642785271,0.9270807756746657,0.95455078125,0.9532579036434503,0.9558095558759738,0.9890086082175926,0.17506355053943426,0.01
value_linear,25000,ood_dev,28,102400,93876,97241,2831652,2867200,0.9167578125,0.9150501506838699,0.9184342067786605,0.949619140625,0.9482624990430448,0.950942049226061,0.9876018415178571,0.19829377122253775,0.01
value_linear,25000,ood_dev,29,102400,92927,96644,2928296,2969600,0.907490234375,0.9057002650180693,0.909249631500794,0.9437890625,0.9423616061406803,0.9451832232839901,0.9860910560344828,0.22320200413683333,0.01
value_linear,25000,ood_dev,30,102400,91952,96093,3024389,3072000,0.89796875,0.8960998572082703,0.8998077849164141,0.938408203125,0.9369191924800585,0.939864321897235,0.9845016276041667,0.24609786695486727,0.01
value_linear,25000,ood_dev,31,102400,90921,95484,3119873,3174400,0.887900390625,0.885953486433465,0.8898181923267088,0.9324609375,0.9309075974227683,0.9339818319021613,0.9828228956653225,0.2743807058858641,0.01
value_linear,25000,ood_dev,32,102400,89956,95050,3214923,3276800,0.8784765625,0.8764611393578091,0.8804635901814594,0.92822265625,0.9266255913501088,0.9297875934547454,0.9811166381835937,0.3040075213958604,0.01
value_linear,25000,ood_dev,33,102400,88917,94398,3309321,3379200,0.868330078125,0.8662452360074222,0.8703872860287165,0.92185546875,0.9201956854334343,0.9234836020739794,0.9793208451704546,0.3330992680823387,0.01
value_linear,25000,ood_dev,34,102400,87873,93826,3403147,3481600,0.858134765625,0.8559842829230182,0.860258379023354,0.91626953125,0.9145573849998613,0.917950446596301,0.9774663947610294,0.36789892431974297,0.01
value_linear,25000,ood_dev,35,102400,86895,93308,3496455,3584000,0.848583984375,0.8463754203806371,0.8507663956195746,0.9112109375,0.9094533191160471,0.9129377045045414,0.9755733816964286,0.3976001715833371,0.01
value_linear,25000,ood_dev,36,102400,85816,92538,3588993,3686400,0.838046875,0.8357777442537441,0.840290643550243,0.90369140625,0.9018693056472624,0.9054832196312568,0.97357666015625,0.432211205889157,0.01
baseline,500,dev,1,4096,4096,4096,4096,4096,1.0,0.9990630225926348,0.9999999999999999,1.0,0.9990630225926348,0.9999999999999999,1.0,0.00216769913285475,0.0
baseline,500,dev,2,4096,4096,4096,8192,8192,1.0,0.9990630225926348,0.9999999999999999,1.0,0.9990630225926348,0.9999999999999999,1.0,0.012094602502415341,0.0
baseline,500,dev,3,4096,231,231,8423,12288,0.056396484375,0.04973859724567345,0.06388566444826334,0.056396484375,0.04973859724567345,0.06388566444826334,0.6854654947916666,3.9425821769714275,0.0
baseline,500,dev,4,4096,4,77,8500,16384,0.0009765625,0.000379829567061715,0.0025084428063047127,0.018798828125,0.01506804743850219,0.023431358064386867,0.518798828125,4.093704838311851,0.0
baseline,500,dev,5,4096,0,55,8555,20480,0.0,0.0,0.0009369774073651883,0.013427734375,0.010331122163193216,0.017436161026689018,0.417724609375,4.09960120159667,0.0
baseline,500,dev,6,4096,0,72,8627,24576,0.0,0.0,0.0009369774073651883,0.017578125,0.013982290939508705,0.022077995855878798,0.3510335286458333,4.09794074553065,0.0
baseline,500,dev,7,4096,0,66,8693,28672,0.0,0.0,0.0009369774073651883,0.01611328125,0.01268594169611479,0.020447402650270854,0.30318777901785715,4.095422029786278,0.0
baseline,500,dev,8,4096,0,56,8749,32768,0.0,0.0,0.0009369774073651883,0.013671875,0.01054387645975476,0.017711230471627787,0.266998291015625,4.098524092056323,0.0
baseline,500,dev,9,4096,0,80,8829,36864,0.0,0.0,0.0009369774073651883,0.01953125,0.015721675338006252,0.02424120138938373,0.239501953125,4.09707376168808,0.0
baseline,500,dev,10,4096,0,74,8903,40960,0.0,0.0,0.0009369774073651883,0.01806640625,0.014416028944668636,0.02261990533371949,0.2173583984375,4.097326650691684,0.0
baseline,500,dev,11,4096,0,67,8970,45056,0.0,0.0,0.0009369774073651883,0.016357421875,0.012901468019013623,0.020719700068872332,0.19908558238636365,4.0963929338613525,0.0
baseline,500,dev,12,4096,0,68,9038,49152,0.0,0.0,0.0009369774073651883,0.0166015625,0.013117213150496153,0.020991778678890113,0.18387858072916666,4.097268775571138,0.0
baseline,500,ood_dev,1,4096,4096,4096,4096,4096,1.0,0.9990630225926348,0.9999999999999999,1.0,0.9990630225926348,0.9999999999999999,1.0,0.002180558113053621,0.0
baseline,500,ood_dev,2,4096,4096,4096,8192,8192,1.0,0.9990630225926348,0.9999999999999999,1.0,0.9990630225926348,0.9999999999999999,1.0,0.012084806911929036,0.0
baseline,500,ood_dev,3,4096,211,211,8403,12288,0.051513671875,0.04515471096533265,0.058713075898597936,0.051513671875,0.04515471096533265,0.058713075898597936,0.683837890625,3.968975547376459,0.0
baseline,500,ood_dev,4,4096,2,55,8458,16384,0.00048828125,0.00013391454481334652,0.0017787103455524616,0.013427734375,0.010331122163193216,0.017436161026689018,0.5162353515625,4.098955072404351,0.0
baseline,500,ood_dev,5,4096,0,72,8530,20480,0.0,0.0,0.0009369774073651883,0.017578125,0.013982290939508705,0.022077995855878798,0.41650390625,4.096750756434631,0.0
baseline,500,ood_dev,6,4096,0,58,8588,24576,0.0,0.0,0.0009369774073651883,0.01416015625,0.010970229851119503,0.018260524563263665,0.3494466145833333,4.096938020200469,0.0
baseline,500,ood_dev,7,4096,0,68,8656,28672,0.0,0.0,0.0009369774073651883,0.0166015625,0.013117213150496153,0.020991778678890113,0.30189732142857145,4.098028941603843,0.0
baseline,500,ood_dev,8,4096,0,66,8722,32768,0.0,0.0,0.0009369774073651883,0.01611328125,0.01268594169611479,0.020447402650270854,0.26617431640625,4.098170407640282,0.0
baseline,500,ood_dev,9,4096,0,72,8794,36864,0.0,0.0,0.0009369774073651883,0.017578125,0.013982290939508705,0.022077995855878798,0.2385525173611111,4.098733241378795,0.0
baseline,500,ood_dev,10,4096,0,59,8853,40960,0.0,0.0,0.0009369774073651883,0.014404296875,0.011183814817094736,0.01853476333878874,0.2161376953125,4.09748196171131,0.0
baseline,500,ood_dev,11,4096,0,68,8921,45056,0.0,0.0,0.0009369774073651883,0.0166015625,0.013117213150496153,0.020991778678890113,0.197998046875,4.098426647717133,0.0
baseline,500,ood_dev,12,4096,0,60,8981,49152,0.0,0.0,0.0009369774073651883,0.0146484375,0.01139766303294143,0.018808738864442356,0.18271891276041666,4.097480184980668,0.0
baseline,500,ood_dev,13,4096,0,67,9048,53248,0.0,0.0,0.0009369774073651883,0.016357421875,0.012901468019013623,0.020719700068872332,0.169921875,4.097892888356,0.0
baseline,500,ood_dev,14,4096,0,75,9123,57344,0.0,0.0,0.0009369774073651883,0.018310546875,0.014633183903943853,0.022890574115944584,0.15909249441964285,4.096841491875239,0.0
baseline,500,ood_dev,15,4096,0,63,9186,61440,0.0,0.0,0.0009369774073651883,0.015380859375,0.012040724876904885,0.019629148244979834,0.14951171875,4.0969287232728675,0.0
baseline,500,ood_dev,16,4096,0,76,9262,65536,0.0,0.0,0.0009369774073651883,0.0185546875,0.014850524581988338,0.02316105717940041,0.141326904296875,4.098507378948852,0.0
baseline,500,ood_dev,17,4096,0,57,9319,69632,0.0,0.0,0.0009369774073651883,0.013916015625,0.01075691476118927,0.017986015911693586,0.13383214613970587,4.098581868689507,0.0
baseline,500,ood_dev,18,4096,0,74,9393,73728,0.0,0.0,0.0009369774073651883,0.01806640625,0.014416028944668636,0.02261990533371949,0.12740071614583334,4.096801450534258,0.0
baseline,500,ood_dev,19,4096,0,72,9465,77824,0.0,0.0,0.0009369774073651883,0.017578125,0.013982290939508705,0.022077995855878798,0.12162057976973684,4.096865248051472,0.0
baseline,500,ood_dev,20,4096,0,59,9524,81920,0.0,0.0,0.0009369774073651883,0.014404296875,0.011183814817094736,0.01853476333878874,0.116259765625,4.096613084198907,0.0
baseline,500,ood_dev,21,4096,0,63,9587,86016,0.0,0.0,0.0009369774073651883,0.015380859375,0.012040724876904885,0.019629148244979834,0.11145600818452381,4.094757262675557,0.0
baseline,500,ood_dev,22,4096,0,82,9669,90112,0.0,0.0,0.0009369774073651883,0.02001953125,0.01615827811132198,0.024780246099068624,0.1072998046875,4.095126694592182,0.0
baseline,500,ood_dev,23,4096,0,72,9741,94208,0.0,0.0,0.0009369774073651883,0.017578125,0.013982290939508705,0.022077995855878798,0.10339886209239131,4.096276361960918,0.0
baseline,500,ood_dev,24,4096,0,68,9809,98304,0.0,0.0,0.0009369774073651883,0.0166015625,0.013117213150496153,0.020991778678890113,0.09978230794270833,4.095638171595056,0.0
baseline,500,ood_dev,25,4096,0,70,9879,102400,0.0,0.0,0.0009369774073651883,0.01708984375,0.0135493413532538,0.021535297959133087,0.096474609375,4.097073215001728,0.0
baseline,500,ood_dev,26,4096,0,52,9931,106496,0.0,0.0,0.0009369774073651883,0.0126953125,0.009694640437114613,0.016609171528266693,0.09325232872596154,4.096828189154621,0.0
baseline,500,ood_dev,27,4096,0,54,9985,110592,0.0,0.0,0.0009369774073651883,0.01318359375,0.010118659410882703,0.017160800037499223,0.09028682002314815,4.0967557996627875,0.0
baseline,500,ood_dev,28,4096,0,65,10050,114688,0.0,0.0,0.0009369774073651883,0.015869140625,0.012470639018872916,0.020174881586012418,0.08762904575892858,4.09723376884358,0.0
baseline,500,ood_dev,29,4096,0,64,10114,118784,0.0,0.0,0.0009369774073651883,0.015625,0.012255565007829483,0.01990213185555554,0.08514614762931035,4.09957955632126,0.0
baseline,500,ood_dev,30,4096,0,77,10191,122880,0.0,0.0,0.0009369774073651883,0.018798828125,0.01506804743850219,0.023431358064386867,0.0829345703125,4.095961248152889,0.0
baseline,500,ood_dev,31,4096,0,54,10245,126976,0.0,0.0,0.0009369774073651883,0.01318359375,0.010118659410882703,0.017160800037499223,0.08068453881048387,4.096717660955619,0.0
baseline,500,ood_dev,32,4096,0,82,10327,131072,0.0,0.0,0.0009369774073651883,0.02001953125,0.01615827811132198,0.024780246099068624,0.07878875732421875,4.096194814366754,0.0
baseline,500,ood_dev,33,4096,0,60,10387,135168,0.0,0.0,0.0009369774073651883,0.0146484375,0.01139766303294143,0.018808738864442356,0.07684511126893939,4.098831303825136,0.0
baseline,500,ood_dev,34,4096,0,68,10455,139264,0.0,0.0,0.0009369774073651883,0.0166015625,0.013117213150496153,0.020991778678890113,0.0750732421875,4.09637738764286,0.0
baseline,500,ood_dev,35,4096,0,58,10513,143360,0.0,0.0,0.0009369774073651883,0.01416015625,0.010970229851119503,0.018260524563263665,0.07333286830357143,4.099622309557162,0.0
baseline,500,ood_dev,36,4096,0,74,10587,147456,0.0,0.0,0.0009369774073651883,0.01806640625,0.014416028944668636,0.02261990533371949,0.07179768880208333,4.097259794711135,0.0
baseline,1000,dev,1,102400,102400,102400,102400,102400,1.0,0.9999624871609701,1.0,1.0,0.9999624871609701,1.0,1.0,0.0022346321422472217,0.0
baseline,1000,dev,2,102400,102400,102400,204800,204800,1.0,0.9999624871609701,1.0,1.0,0.9999624871609701,1.0,1.0,0.008247190304025195,0.0
baseline,1000,dev,3,102400,102343,102343,307143,307200,0.999443359375,0.9992789510277558,0.9995702966455544,0.999443359375,0.9992789510277558,0.9995702966455544,0.999814453125,0.015147819321256577,0.0
baseline,1000,dev,4,102400,102015,102063,409206,409600,0.996240234375,0.9958463114681899,0.9965969265217454,0.996708984375,0.9963390734108176,0.9970416294108312,0.9990380859375,0.025622060852162745,0.0
baseline,1000,dev,5,102400,101083,101364,510570,512000,0.987138671875,0.9864300402382796,0.9878107556025538,0.9898828125,0.989251228937778,0.9904776422720443,0.99720703125,0.04371854988256757,0.0
baseline,1000,dev,6,102400,99472,100315,610885,614400,0.97140625,0.970367647575484,0.9724094848509682,0.979638671875,0.9787554725010302,0.9804858860323885,0.9942789713541667,0.06995479060443102,0.0
baseline,1000,dev,7,102400,97096,98897,709782,716800,0.948203125,0.9468288556556211,0.9495437676010173,0.965791015625,0.9646601324663432,0.9668869524968754,0.9902092633928572,0.10414768613855131,0.0
baseline,1000,dev,8,102400,94161,97242,807024,819200,0.919541015625,0.9178592499302636,0.9211913049705653,0.94962890625,0.9482723872439763,0.9509516915424568,0.98513671875,0.14439062439547798,0.0
baseline,1000,dev,9,102400,90673,95363,902387,921600,0.885478515625,0.8835136071198111,0.8874145033431766,0.931279296875,0.9297135975602097,0.9328126391681092,0.9791525607638889,0.19324742880707418,0.0
baseline,1000,dev,10,102400,86885,93314,995701,1024000,0.848486328125,0.8462771863314117,0.8506693244955262,0.91126953125,0.9095124295624785,0.9129957771620741,0.9723642578125,0.24655371464984113,0.0
baseline,1000,dev,11,102400,82927,91214,1086915,1126400,0.809833984375,0.8074187765573492,0.8122259466878871,0.89076171875,0.8888364549901039,0.892657665346987,0.9649458451704546,0.30418568640842464,0.0
baseline,1000,dev,12,102400,78874,89124,1176039,1228800,0.77025390625,0.7676672433139972,0.7728202932034381,0.8703515625,0.8682802120838697,0.8723951270390331,0.95706298828125,0.3662251254403759,0.0
baseline,1000,ood_dev,1,102400,102400,102400,102400,102400,1.0,0.9999624871609701,1.0,1.0,0.9999624871609701,1.0,1.0,0.0022362349159904225,0.0
baseline,1000,ood_dev,2,102400,102400,102400,204800,204800,1.0,0.9999624871609701,1.0,1.0,0.9999624871609701,1.0,1.0,0.008163510978694149,0.0
baseline,1000,ood_dev,3,102400,102352,102352,307152,307200,0.99953125,0.9993786192504616,0.9996464030787949,0.99953125,0.9993786192504616,0.9996464030787949,0.99984375,0.015075445252018937,0.0
baseline,1000,ood_dev,4,102400,102061,102103,409255,409600,0.996689453125,0.9963185084727131,0.9970231333142809,0.997099609375,0.9967510616932448,0.9974108618214984,0.99915771484375,0.025094188093375464,0.0
baseline,1000,ood_dev,5,102400,101205,101438,510693,512000,0.988330078125,0.9876537331027182,0.9889697858520534,0.99060546875,0.9899959273109751,0.991178202181072,0.997447265625,0.04270058709909307,0.0
baseline,1000,ood_dev,6,102400,99622,100446,611139,614400,0.97287109375,0.9718581724423478,0.9738485375832087,0.98091796875,0.9800617829924082,0.9817380733108952,0.9946923828125,0.06745343667837118,0.0
baseline,1000,ood_dev,7,102400,97301,99000,710139,716800,0.950205078125,0.9488558159304278,0.9515205633783198,0.966796875,0.9656818696236528,0.9678768586242842,0.9907073102678572,0.10176064083755477,0.0
baseline,1000,ood_dev,8,102400,94285,97216,807355,819200,0.920751953125,0.9190816368926554,0.9223907021567664,0.949375,0.9480152985436977,0.9507009867922241,0.985540771484375,0.14446491480905393,0.0
baseline,1000,ood_dev,9,102400,90787,95427,902782,921600,0.886591796875,0.8846351295400908,0.8885194598982163,0.931904296875,0.9303451180266996,0.9334310718105704,0.9795811631944444,0.19107303571683076,0.0
baseline,1000,ood_dev,10,102400,87103,93438,996220,1024000,0.850615234375,0.848418760860162,0.8527854027441409,0.91248046875,0.9107340969400276,0.914195893933118,0.97287109375,0.24482224488559864,0.0
baseline,1000,ood_dev,11,102400,83071,91246,1087466,1126400,0.811240234375,0.8088317987193085,0.813625319021068,0.89107421875,0.8891513432118184,0.8929677536797481,0.9654350142045455,0.3036840185879754,0.0
baseline,1000,ood_dev,12,102400,79032,89113,1176579,1228800,0.771796875,0.7692162496981934,0.7743571085569654,0.870244140625,0.868172069134784,0.872288434297518,0.95750244140625,0.368571374445321,0.0
baseline,1000,ood_dev,13,102400,74909,86973,1263552,1331200,0.731533203125,0.7288102385596801,0.7342387967547622,0.849345703125,0.8471416568644854,0.8515235394872605,0.9491826923076923,0.42972845265522436,0.0
baseline,1000,ood_dev,14,102400,70938,84938,1348490,1433600,0.69275390625,0.6899209884271299,0.695572362580355,0.82947265625,0.8271567646948655,0.8317638288956971,0.9406319754464286,0.4981255611794023,0.0
baseline,1000,ood_dev,15,102400,66959,82737,1431227,1536000,0.653896484375,0.650976987854046,0.6568044347078629,0.807978515625,0.805554448909167,0.8103794760438703,0.9317884114583334,0.5641166660045138,0.0
baseline,1000,ood_dev,16,102400,63213,80860,1512087,1638400,0.617314453125,0.6143331492563563,0.6202869553972518,0.7896484375,0.7871413463097618,0.7921337976198157,0.9229046630859375,0.6324150299617969,0.0
baseline,1000,ood_dev,17,102400,59510,78532,1590619,1740800,0.58115234375,0.5781275168073841,0.584171082183,0.7669140625,0.7643144980119899,0.7694936015794874,0.9137287454044117,0.7116217818814937,0.0
baseline,1000,ood_dev,18,102400,56067,76723,1667342,1843200,0.547529296875,0.5444789945779465,0.5505760332543277,0.749248046875,0.74658392240477,0.7518934713415081,0.9045909288194445,0.7798835468234063,0.0
baseline,1000,ood_dev,19,102400,52732,74812,1742154,1945600,0.5149609375,0.5118993611491772,0.5180213913963426,0.7305859375,0.7278599852957041,0.733294589837984,0.895432771381579,0.8530968486148851,0.0
baseline,1000,ood_dev,20,102400,49604,73129,1815283,2048000,0.4844140625,0.481353749032322,0.48747554531320725,0.714150390625,0.7113750623704391,0.7169096521012974,0.88636865234375,0.9218161127304478,0.0
baseline,1000,ood_dev,21,102400,46703,71416,1886699,2150400,0.456083984375,0.45303508026653017,0.45913618331231976,0.697421875,0.6946008972478072,0.700228041042157,0.8773711867559524,0.9899915103910223,0.0
baseline,1000,ood_dev,22,102400,43846,69700,1956399,2252800,0.42818359375,0.4251556540352407,0.431216921539334,0.6806640625,0.6778017896559405,0.6835127809002695,0.8684299538352273,1.06321847964016,0.0
baseline,1000,ood_dev,23,102400,41127,68036,2024435,2355200,0.401630859375,0.3986320120797835,0.404637086881692,0.6644140625,0.661515801963031,0.6672999877604475,0.8595596976902173,1.1383121295880552,0.0
baseline,1000,ood_dev,24,102400,38636,66497,2090932,2457600,0.3773046875,0.3743405349520862,0.3802780453469289,0.649384765625,0.6464566437134236,0.6523016798432437,0.8508024088541667,1.2070153362477465,0.0
baseline,1000,ood_dev,25,102400,36301,65104,2156036,2560000,0.354501953125,0.35157754689174353,0.3574372754478797,0.63578125,0.6328288477807391,0.6387234651389118,0.8422015625,1.2740862745915758,0.0
baseline,1000,ood_dev,26,102400,34034,63630,2219666,2662400,0.33236328125,0.3294844249138137,0.33525471464467826,0.62138671875,0.6184113927762197,0.6243529376028986,0.8337086838942308,1.342578905811282,0.0
baseline,1000,ood_dev,27,102400,31876,62281,2281947,2764800,0.3112890625,0.3084602361760565,0.3141320469899867,0.608212890625,0.6052190236034365,0.6111986389010695,0.8253569878472222,1.4107072048686182,0.0
baseline,1000,ood_dev,28,102400,29843,60827,2342774,2867200,0.291435546875,0.2886601181141063,0.2942266233254086,0.594013671875,0.5910023781558333,0.5970179121546872,0.8170947265625,1.4739484152924955,0.0
baseline,1000,ood_dev,29,102400,27930,59735,2402509,2969600,0.27275390625,0.27003459477710323,0.2754902670151669,0.583349609375,0.5803269443296377,0.5863660210594028,0.8090345501077586,1.5386631870332605,0.0
baseline,1000,ood_dev,30,102400,26114,58391,2460900,3072000,0.25501953125,0.25235908728452777,0.25769835504125155,0.570224609375,0.5671899423510942,0.5732540077499708,0.80107421875,1.6066165166582027,0.0
baseline,1000,ood_dev,31,102400,24433,57238,2518138,3174400,0.238603515625,0.23600274209047978,0.24122390060800297,0.55896484375,0.5559216142133973,0.5620036494092188,0.7932642389112903,1.6682261033886663,0.0
baseline,1000,ood_dev,32,102400,22861,56019,2574157,3276800,0.223251953125,0.2207117997573802,0.22581286970248837,0.547060546875,0.5440099893830158,0.550107573617545,0.7855703735351562,1.7304624766777572,0.0
baseline,1000,ood_dev,33,102400,21366,54987,2629144,3379200,0.20865234375,0.2061744761787959,0.21115206987666543,0.536982421875,0.5339270362964429,0.5400350328222797,0.7780374053030303,1.7910577592153414,0.0
baseline,1000,ood_dev,34,102400,19969,53941,2683085,3481600,0.195009765625,0.1925944944407173,0.19744791890841834,0.526767578125,0.5237085791156791,0.529824568878622,0.7706471162683823,1.8525737320634812,0.0
baseline,1000,ood_dev,35,102400,18674,52932,2736017,3584000,0.18236328125,0.18001012468187735,0.18474026872832358,0.5169140625,0.5138527943651566,0.5199740616458356,0.7633976004464286,1.9133678115386397,0.0
baseline,1000,ood_dev,36,102400,17444,51887,2787904,3686400,0.1703515625,0.16806134000090361,0.17266651709664121,0.506708984375,0.5036466220980905,0.5097708433058076,0.7562673611111111,1.970443449069104,0.0
baseline,1500,dev,1,4096,4096,4096,4096,4096,1.0,0.9990630225926348,0.9999999999999999,1.0,0.9990630225926348,0.9999999999999999,1.0,0.0026026012887285788,0.0
baseline,1500,dev,2,4096,4096,4096,8192,8192,1.0,0.9990630225926348,0.9999999999999999,1.0,0.9990630225926348,0.9999999999999999,1.0,0.0021956769649857932,0.0
baseline,1500,dev,3,4096,4095,4095,12287,12288,0.999755859375,0.9986182969663738,0.9999569018847606,0.999755859375,0.9986182969663738,0.9999569018847606,0.9999186197916666,0.0022296414069877812,0.0
baseline,1500,dev,4,4096,4095,4096,16383,16384,0.999755859375,0.9986182969663738,0.9999569018847606,1.0,0.9990630225926348,0.9999999999999999,0.99993896484375,0.0027390043503423556,0.0
baseline,1500,dev,5,4096,4093,4094,20477,20480,0.999267578125,0.9978486714629491,0.9997508799051849,0.99951171875,0.9982212896544476,0.9998660854551866,0.999853515625,0.004750785451712147,0.0
baseline,1500,dev,6,4096,4091,4094,24571,24576,0.998779296875,0.997145424476127,0.9994784794090062,0.99951171875,0.9982212896544476,0.9998660854551866,0.9997965494791666,0.006378901211480326,0.0
baseline,1500,dev,7,4096,4079,4083,28654,28672,0.995849609375,0.9933629968413301,0.9974070221457995,0.996826171875,0.9945771012522003,0.9981442127009305,0.9993722098214286,0.011755002862381403,0.0
baseline,1500,dev,8,4096,4056,4066,32720,32768,0.990234375,0.9867300726317991,0.9928200003008232,0.99267578125,0.9895635962243474,0.994864714123278,0.99853515625,0.023411125611499273,0.0
baseline,1500,dev,9,4096,4021,4047,36767,36864,0.981689453125,0.9771094258840555,0.9853668160960561,0.988037109375,0.9842206673133682,0.9909389919457514,0.9973687065972222,0.033408458373811456,0.0
baseline,1500,dev,10,4096,3978,4020,40787,40960,0.97119140625,0.9656108163160309,0.9758890047795674,0.9814453125,0.9768389428205996,0.9851494754180116,0.9957763671875,0.05164940965415177,0.0
baseline,1500,dev,11,4096,3927,3984,44771,45056,0.958740234375,0.9522071977207031,0.9644136125583794,0.97265625,0.9672017903723954,0.9772249731722046,0.9936745383522727,0.0747815506954268,0.0
baseline,1500,dev,12,4096,3862,3952,48723,49152,0.94287109375,0.9353397677479732,0.9495724993335891,0.96484375,0.9587538013451912,0.9700626024713991,0.99127197265625,0.09395784460530088,0.0
baseline,1500,ood_dev,1,4096,4096,4096,4096,4096,1.0,0.9990630225926348,0.9999999999999999,1.0,0.9990630225926348,0.9999999999999999,1.0,0.002590349382707302,0.0
baseline,1500,ood_dev,2,4096,4096,4096,8192,8192,1.0,0.9990630225926348,0.9999999999999999,1.0,0.9990630225926348,0.9999999999999999,1.0,0.002247581540641974,0.0
baseline,1500,ood_dev,3,4096,4096,4096,12288,12288,1.0,0.9990630225926348,0.9999999999999999,1.0,0.9990630225926348,0.9999999999999999,1.0,0.0022204604448656795,0.0
baseline,1500,ood_dev,4,4096,4096,4096,16384,16384,1.0,0.9990630225926348,0.9999999999999999,1.0,0.9990630225926348,0.9999999999999999,1.0,0.0024273865355777247,0.0
baseline,1500,ood_dev,5,4096,4096,4096,20480,20480,1.0,0.9990630225926348,0.9999999999999999,1.0,0.9990630225926348,0.9999999999999999,1.0,0.004172162906129984,0.0
baseline,1500,ood_dev,6,4096,4094,4094,24574,24576,0.99951171875,0.9982212896544476,0.9998660854551866,0.99951171875,0.9982212896544476,0.9998660854551866,0.9999186197916666,0.007397457795324414,0.0
baseline,1500,ood_dev,7,4096,4085,4087,28661,28672,0.997314453125,0.9951972177470491,0.9984997436890822,0.997802734375,0.9958290482073086,0.9988435607118235,0.9996163504464286,0.01186381190587582,0.0
baseline,1500,ood_dev,8,4096,4053,4059,32720,32768,0.989501953125,0.9858899643168433,0.9921966373912783,0.990966796875,0.9875743543279273,0.993439189829196,0.99853515625,0.025635388862619735,0.0
baseline,1500,ood_dev,9,4096,4016,4041,36761,36864,0.98046875,0.9757587986106162,0.9842783246619937,0.986572265625,0.9825638389733109,0.9896688778368068,0.9972059461805556,0.03811274376478835,0.0
baseline,1500,ood_dev,10,4096,3987,4026,40787,40960,0.973388671875,0.9679986619577605,0.9778915728113404,0.98291015625,0.9784647020408669,0.9864506586467462,0.9957763671875,0.05408903045832325,0.0
baseline,1500,ood_dev,11,4096,3934,3988,44775,45056,0.96044921875,0.9540362633072799,0.9659993131623048,0.9736328125,0.9682644999293395,0.9781135585812619,0.9937633167613636,0.07442432283153444,0.0
baseline,1500,ood_dev,12,4096,3883,3962,48737,49152,0.947998046875,0.9407689451321072,0.9543876205209615,0.96728515625,0.9613845411819059,0.9723101000496873,0.9915568033854166,0.0947190082499958,0.0
baseline,1500,ood_dev,13,4096,3809,3919,52656,53248,0.929931640625,0.9217048293210383,0.9373527794610076,0.956787109375,0.9501202787839275,0.9625979415631524,0.9888822115384616,0.11919617207684219,0.0
baseline,1500,ood_dev,14,4096,3737,3880,56536,57344,0.912353515625,0.9033026080618216,0.9206316913322019,0.947265625,0.9399922864751624,0.9537008079534055,0.9859095982142857,0.1588174297513092,0.0
baseline,1500,ood_dev,15,4096,3654,3835,60371,61440,0.89208984375,0.8822180645396832,0.9012268643098146,0.936279296875,0.9283826877232538,0.9433583383378,0.9826009114583333,0.19453013765057925,0.0
baseline,1500,ood_dev,16,4096,3580,3795,64166,65536,0.8740234375,0.863509812795288,0.8838361591831867,0.926513671875,0.9181168616357552,0.9341112147652862,0.979095458984375,0.23488743538677426,0.0
baseline,1500,ood_dev,17,4096,3487,3736,67902,69632,0.851318359375,0.8400939235187832,0.8618844405001629,0.912109375,0.9030478297998547,0.9203986458526686,0.9751551011029411,0.26655073603312296,0.0
baseline,1500,ood_dev,18,4096,3408,3715,71617,73728,0.83203125,0.8202726860874253,0.8431676023529963,0.906982421875,0.8977019985342092,0.9155001785468075,0.9713677300347222,0.30263746726669893,0.0
baseline,1500,ood_dev,19,4096,3303,3617,75234,77824,0.806396484375,0.79401128014302,0.818207515439869,0.883056640625,0.8728545429050968,0.8925409075088896,0.9667197779605263,0.35147365364521654,0.0
baseline,1500,ood_dev,20,4096,3228,3618,78852,81920,0.7880859375,0.7753038464937227,0.800328168476643,0.88330078125,0.8731073554786435,0.8927759186768431,0.962548828125,0.3757329777328273,0.0
baseline,1500,ood_dev,21,4096,3137,3564,82416,86016,0.765869140625,0.7526556587868746,0.778584395706963,0.8701171875,0.8594742247930802,0.8800665673213897,0.9581473214285714,0.42065412697071025,0.0
baseline,1500,ood_dev,22,4096,3043,3481,85897,90112,0.742919921875,0.7293130349326771,0.7560715878601314,0.849853515625,0.8385864177487751,0.8604650038211691,0.9532248757102273,0.4819186286887387,0.0
baseline,1500,ood_dev,23,4096,2965,3466,89363,94208,0.723876953125,0.7099804688296832,0.737353902126101,0.84619140625,0.8348192165226498,0.8569148489247898,0.9485712466032609,0.5266545289573994,0.0
baseline,1500,ood_dev,24,4096,2879,3402,92765,98304,0.702880859375,0.6887009863532034,0.7166805428335541,0.83056640625,0.8187695986178146,0.841743747373605,0.9436543782552084,0.567460316359309,0.0
baseline,1500,ood_dev,25,4096,2786,3349,96114,102400,0.68017578125,0.6657291644882781,0.6942847567389505,0.817626953125,0.8055054614633155,0.8291532262285877,0.93861328125,0.639448701065934,0.0
baseline,1500,ood_dev,26,4096,2666,3274,99388,106496,0.65087890625,0.6361452584636264,0.6653298137835651,0.79931640625,0.7867730457201327,0.8112988613592473,0.9332557091346154,0.6980902467966814,0.0
baseline,1500,ood_dev,27,4096,2588,3233,102621,110592,0.6318359375,0.616948458359397,0.6464763620507704,0.789306640625,0.7765497994844441,0.8015213341934231,0.9279242621527778,0.7495148261532485,0.0
baseline,1500,ood_dev,28,4096,2493,3175,105796,114688,0.608642578125,0.5936010578111863,0.6234805071564515,0.775146484375,0.7621068009163776,0.7876705557544716,0.9224679129464286,0.810336384935912,0.0
baseline,1500,ood_dev,29,4096,2433,3162,108958,118784,0.593994140625,0.5788736383673609,0.6089385021102585,0.77197265625,0.7588725178051996,0.7845631302261458,0.9172784213362069,0.8447146938362167,0.0
baseline,1500,ood_dev,30,4096,2341,3093,112051,122880,0.571533203125,0.556318428079215,0.5866139281803757,0.755126953125,0.7417230327645127,0.7680527771033113,0.9118733723958333,0.9141360235148497,0.0
baseline,1500,ood_dev,31,4096,2246,3033,115084,126976,0.54833984375,0.5330611354834872,0.5635279653335742,0.740478515625,0.7268326935529587,0.7536736918248467,0.9063445060483871,0.9553967952924367,0.0
baseline,1500,ood_dev,32,4096,2172,3035,118119,131072,0.5302734375,0.5149680816137825,0.5455220623322559,0.740966796875,0.7273287184125798,0.754153314448226,0.9011764526367188,1.0177193069988721,0.0
baseline,1500,ood_dev,33,4096,2090,2990,121109,135168,0.51025390625,0.49494247097104555,0.5255461261719676,0.72998046875,0.7161733267469002,0.7433566377463918,0.8959886955492424,1.0597601594349548,0.0
baseline,1500,ood_dev,34,4096,2020,2985,124094,139264,0.4931640625,0.47786685340947926,0.5084740818285121,0.728759765625,0.7149344970798438,0.7421563487059467,0.8910701976102942,1.1028658540973382,0.0
baseline,1500,ood_dev,35,4096,1955,2915,127009,143360,0.477294921875,0.462026926145551,0.4926054658949201,0.711669921875,0.6976042488336931,0.7253389350470756,0.8859444754464286,1.1589148494631836,0.0
baseline,1500,ood_dev,36,4096,1890,2866,129875,147456,0.46142578125,0.446202453147302,0.476721395695649,0.69970703125,0.6854874482150642,0.7135523723321894,0.8807712131076388,1.2108139855089721,0.0
baseline,2000,dev,1,4096,4096,4096,4096,4096,1.0,0.9990630225926348,0.9999999999999999,1.0,0.9990630225926348,0.9999999999999999,1.0,0.0018360227979883348,0.0
baseline,2000,dev,2,4096,4096,4096,8192,8192,1.0,0.9990630225926348,0.9999999999999999,1.0,0.9990630225926348,0.9999999999999999,1.0,0.0011786647579761222,0.0
baseline,2000,dev,3,4096,4096,4096,12288,12288,1.0,0.9990630225926348,0.9999999999999999,1.0,0.9990630225926348,0.9999999999999999,1.0,0.0012077357293467372,0.0
baseline,2000,dev,4,4096,4095,4095,16383,16384,0.999755859375,0.9986182969663738,0.9999569018847606,0.999755859375,0.9986182969663738,0.9999569018847606,0.99993896484375,0.0018648675460308795,0.0
baseline,2000,dev,5,4096,4093,4094,20477,20480,0.999267578125,0.9978486714629491,0.9997508799051849,0.99951171875,0.9982212896544476,0.9998660854551866,0.999853515625,0.0034257518282085897,0.0
baseline,2000,dev,6,4096,4087,4090,24567,24576,0.997802734375,0.9958290482073086,0.9988435607118235,0.99853515625,0.9968075986857966,0.9993284814578364,0.9996337890625,0.006806965900404194,0.0
baseline,2000,dev,7,4096,4077,4081,28648,28672,0.995361328125,0.9927660832938955,0.9970282882102334,0.996337890625,0.9939662587473084,0.9977794077228217,0.9991629464285714,0.011804698978080452,0.0
baseline,2000,dev,8,4096,4062,4071,32719,32768,0.99169921875,0.9884233098915096,0.9940537054901146,0.993896484375,0.9910051126562461,0.995862316398881,0.998504638671875,0.019749289972979867,0.0
baseline,2000,dev,9,4096,4034,4051,36770,36864,0.98486328125,0.9806440746636242,0.9881738759559913,0.989013671875,0.9853320021138738,0.991778952111247,0.9974500868055556,0.03144005755901169,0.0
baseline,2000,dev,10,4096,4003,4039,40809,40960,0.977294921875,0.9722661011607102,0.9814293134723958,0.986083984375,0.9820139840883064,0.9892430852388108,0.9963134765625,0.04314357126946078,0.0
baseline,2000,dev,11,4096,3967,4014,44823,45056,0.968505859375,0.9627028673707351,0.9734308925683598,0.97998046875,0.9752197539009314,0.983841721888678,0.9948286576704546,0.057671388503175436,0.0
baseline,2000,dev,12,4096,3907,3976,48799,49152,0.953857421875,0.9469962963333816,0.9598680391156946,0.970703125,0.9650812750446061,0.9754428985679915,0.9928181966145834,0.0768903908664722,0.0
baseline,2000,ood_dev,1,4096,4096,4096,4096,4096,1.0,0.9990630225926348,0.9999999999999999,1.0,0.9990630225926348,0.9999999999999999,1.0,0.0018449478765631966,0.0
baseline,2000,ood_dev,2,4096,4096,4096,8192,8192,1.0,0.9990630225926348,0.9999999999999999,1.0,0.9990630225926348,0.9999999999999999,1.0,0.0011033447461983314,0.0
baseline,2000,ood_dev,3,4096,4095,4095,12287,12288,0.999755859375,0.9986182969663738,0.9999569018847606,0.999755859375,0.9986182969663738,0.9999569018847606,0.9999186197916666,0.0013724439669555721,0.0
baseline,2000,ood_dev,4,4096,4094,4095,16382,16384,0.99951171875,0.9982212896544476,0.9998660854551866,0.999755859375,0.9986182969663738,0.9999569018847606,0.9998779296875,0.0019261520573099489,0.0
baseline,2000,ood_dev,5,4096,4093,4094,20476,20480,0.999267578125,0.9978486714629491,0.9997508799051849,0.99951171875,0.9982212896544476,0.9998660854551866,0.9998046875,0.0034790919350626837,0.0
baseline,2000,ood_dev,6,4096,4090,4091,24567,24576,0.99853515625,0.9968075986857966,0.9993284814578364,0.998779296875,0.997145424476127,0.9994784794090062,0.9996337890625,0.006669586833689678,0.0
baseline,2000,ood_dev,7,4096,4078,4082,28649,28672,0.99560546875,0.9930638103960733,0.9972183848495558,0.99658203125,0.9942706398960515,0.9979628503155791,0.9991978236607143,0.012326036187806366,0.0
baseline,2000,ood_dev,8,4096,4063,4074,32723,32768,0.991943359375,0.9887074354065306,0.9942574037165939,0.99462890625,0.9918806406223304,0.9964502596572975,0.998626708984375,0.01995891302467534,0.0
baseline,2000,ood_dev,9,4096,4027,4045,36768,36864,0.983154296875,0.978736356856804,0.9866668275723093,0.987548828125,0.9836671128801424,0.9905168988959765,0.9973958333333334,0.031194144978435645,0.0
baseline,2000,ood_dev,10,4096,3993,4029,40797,40960,0.974853515625,0.9695953616072256,0.9792218156108773,0.983642578125,0.9792802999311276,0.9870985319809864,0.9960205078125,0.041646012213973904,0.0
baseline,2000,ood_dev,11,4096,3961,4020,44817,45056,0.967041015625,0.9611211199926455,0.9720856974974474,0.9814453125,0.9768389428205996,0.9851494754180116,0.9946954900568182,0.059854680985491626,0.0
baseline,2000,ood_dev,12,4096,3912,3985,48802,49152,0.955078125,0.9482970594777964,0.9610063946787812,0.972900390625,0.9674673085801575,0.977447278705943,0.9928792317708334,0.0792179750131421,0.0
baseline,2000,ood_dev,13,4096,3857,3952,52754,53248,0.941650390625,0.9340495438956447,0.948423604478416,0.96484375,0.9587538013451912,0.9700626024713991,0.99072265625,0.09939359245113977,0.0
baseline,2000,ood_dev,14,4096,3790,3905,56659,57344,0.92529296875,0.9168366756670765,0.9329522820264635,0.953369140625,0.9464763369080933,0.9594123510579824,0.9880545479910714,0.1391429471945269,0.0
baseline,2000,ood_dev,15,4096,3719,3866,60525,61440,0.907958984375,0.8987196023793654,0.9164338696676525,0.94384765625,0.9363725983801838,0.9504909636673797,0.985107421875,0.17162216522729246,0.0
baseline,2000,ood_dev,16,4096,3644,3837,64362,65536,0.8896484375,0.8796854187974655,0.8988812726370291,0.936767578125,0.9288972057773469,0.9438194677667077,0.982086181640625,0.1957812168080828,0.0
baseline,2000,ood_dev,17,4096,3559,3789,68151,69632,0.868896484375,0.8582137378213254,0.878887935585643,0.925048828125,0.916580713871883,0.9327204200801565,0.9787310431985294,0.2305682074081865,0.0
baseline,2000,ood_dev,18,4096,3490,3764,71915,73728,0.85205078125,0.8408478125539957,0.8625940226894514,0.9189453125,0.9101894761317266,0.9269160642828052,0.9754096137152778,0.26256790354628556,0.0
baseline,2000,ood_dev,19,4096,3413,3711,75626,77824,0.833251953125,0.8215254984383661,0.844353908709557,0.906005859375,0.8966846914232689,0.9145661906917466,0.9717567845394737,0.29946792318597737,0.0
baseline,2000,ood_dev,20,4096,3323,3649,79275,81920,0.811279296875,0.7990067679900137,0.8229685024228814,0.890869140625,0.8809515541684672,0.9000542559735292,0.96771240234375,0.3448117911144486,0.0
baseline,2000,ood_dev,21,4096,3252,3648,82923,86016,0.7939453125,0.7812859610293499,0.8060538237370234,0.890625,0.8806982972702632,0.8998196891302327,0.9640415736607143,0.37184480769004224,0.0
baseline,2000,ood_dev,22,4096,3145,3551,86474,90112,0.767822265625,0.754644640841801,0.780498003584039,0.866943359375,0.8561975725255366,0.8770015109494291,0.9596280184659091,0.43634069585117885,0.0
baseline,2000,ood_dev,23,4096,3064,3522,89996,94208,0.748046875,0.7345235343408396,0.7611053870234754,0.85986328125,0.8488951055782347,0.8701570893932221,0.9552904211956522,0.4895102553641486,0.0
baseline,2000,ood_dev,24,4096,2991,3493,93489,98304,0.730224609375,0.7164211082787988,0.7435966799559934,0.852783203125,0.8416017930965025,0.8633035133714453,0.951019287109375,0.5243424346376511,0.0
baseline,2000,ood_dev,25,4096,2910,3426,96915,102400,0.71044921875,0.69636730859962,0.7241367565736472,0.83642578125,0.8247838437321071,0.84743727205532,0.946435546875,0.5868522439816761,0.0
baseline,2000,ood_dev,26,4096,2833,3370,100285,106496,0.691650390625,0.6773335791505196,0.7056080579272236,0.82275390625,0.8107582989442972,0.8341446873191125,0.9416785606971154,0.6468435066576426,0.0
baseline,2000,ood_dev,27,4096,2746,3349,103634,110592,0.67041015625,0.6558608931079,0.6846400784593163,0.817626953125,0.8055054614633155,0.8291532262285877,0.9370840567129629,0.6926661806093861,0.0
baseline,2000,ood_dev,28,4096,2676,3307,106941,114688,0.6533203125,0.6386082180351349,0.6677450916270598,0.807373046875,0.7950101387615238,0.8191599517873664,0.9324515206473214,0.7162886909231059,0.0
baseline,2000,ood_dev,29,4096,2565,3231,110172,118784,0.626220703125,0.6112926185540916,0.6409122558015686,0.788818359375,0.776051398203665,0.8010440879912017,0.9274986530172413,0.7801121116971412,0.0
baseline,2000,ood_dev,30,4096,2479,3181,113353,122880,0.605224609375,0.5901634077663968,0.6200886248202367,0.776611328125,0.7635999027671785,0.7891043963526727,0.9224690755208333,0.8490330988159585,0.0
baseline,2000,ood_dev,31,4096,2392,3127,116480,126976,0.583984375,0.5688178841313124,0.5989934829447942,0.763427734375,0.750169970672314,0.7761918464065205,0.9173387096774194,0.9158594432902394,0.0
baseline,2000,ood_dev,32,4096,2293,3070,119550,131072,0.559814453125,0.5445631720959709,0.574953644571605,0.74951171875,0.7360126972300266,0.7625431665832901,0.9120941162109375,0.9476543285716801,0.0
baseline,2000,ood_dev,33,4096,2243,3078,122628,135168,0.547607421875,0.5323272408452423,0.5627983887473181,0.75146484375,0.7379985615111244,0.7644598922341947,0.9072265625,0.9868325476098505,0.0
baseline,2000,ood_dev,34,4096,2167,3004,125632,139264,0.529052734375,0.5137463036598101,0.5443047215787268,0.7333984375,0.7196427439243488,0.7467167529499475,0.9021139705882353,1.061228895512638,0.0
baseline,2000,ood_dev,35,4096,2097,2980,128612,143360,0.511962890625,0.4966510154740532,0.5272523478594621,0.7275390625,0.7136957969964176,0.7409559300818712,0.8971261160714286,1.1150875905748592,0.0
baseline,2000,ood_dev,36,4096,2032,2937,131549,147456,0.49609375,0.4807928333637309,0.5114019867722641,0.717041015625,0.7030482477972531,0.7306270583965224,0.8921237521701388,1.189964620108153,0.0
baseline,2500,dev,1,4096,4096,4096,4096,4096,1.0,0.9990630225926348,0.9999999999999999,1.0,0.9990630225926348,0.9999999999999999,1.0,0.0006888986802415786,0.0
baseline,2500,dev,2,4096,4096,4096,8192,8192,1.0,0.9990630225926348,0.9999999999999999,1.0,0.9990630225926348,0.9999999999999999,1.0,0.0004881006010899469,0.0
baseline,2500,dev,3,4096,4096,4096,12288,12288,1.0,0.9990630225926348,0.9999999999999999,1.0,0.9990630225926348,0.9999999999999999,1.0,0.0005420018281281358,0.0
baseline,2500,dev,4,4096,4096,4096,16384,16384,1.0,0.9990630225926348,0.9999999999999999,1.0,0.9990630225926348,0.9999999999999999,1.0,0.0007853264594217535,0.0
baseline,2500,dev,5,4096,4095,4095,20479,20480,0.999755859375,0.9986182969663738,0.9999569018847606,0.999755859375,0.9986182969663738,0.9999569018847606,0.999951171875,0.0013371996028306299,0.0
baseline,2500,dev,6,4096,4094,4095,24574,24576,0.99951171875,0.9982212896544476,0.9998660854551866,0.999755859375,0.9986182969663738,0.9999569018847606,0.9999186197916666,0.0019291418901845603,0.0
baseline,2500,dev,7,4096,4088,4090,28664,28672,0.998046875,0.9961504506055915,0.9990099820550408,0.99853515625,0.9968075986857966,0.9993284814578364,0.9997209821428571,0.0044450255712242814,0.0
baseline,2500,dev,8,4096,4084,4089,32753,32768,0.9970703125,0.9948858699188933,0.9983232677757378,0.998291015625,0.9964763422189936,0.9991719141831389,0.999542236328125,0.006665576950057428,0.0
baseline,2500,dev,9,4096,4071,4079,36832,36864,0.993896484375,0.9910051126562461,0.995862316398881,0.995849609375,0.9933629968413301,0.9974070221457995,0.9991319444444444,0.01435192066358848,0.0
baseline,2500,dev,10,4096,4054,4066,40898,40960,0.98974609375,0.9861695639225535,0.9924048615270683,0.99267578125,0.9895635962243474,0.994864714123278,0.998486328125,0.023992360287764747,0.0
baseline,2500,dev,11,4096,4031,4054,44952,45056,0.984130859375,0.9798251184139876,0.987529360981127,0.98974609375,0.9861695639225535,0.9924048615270683,0.9976917613636364,0.030823837851021274,0.0
baseline,2500,dev,12,4096,3993,4030,48982,49152,0.974853515625,0.9695953616072256,0.9792218156108773,0.98388671875,0.9795525973497291,0.9873140583038852,0.9965413411458334,0.04724400304589338,0.0
baseline,2500,ood_dev,1,4096,4096,4096,4096,4096,1.0,0.9990630225926348,0.9999999999999999,1.0,0.9990630225926348,0.9999999999999999,1.0,0.0006928248489472821,0.0
baseline,2500,ood_dev,2,4096,4096,4096,8192,8192,1.0,0.9990630225926348,0.9999999999999999,1.0,0.9990630225926348,0.9999999999999999,1.0,0.00047475676271790945,0.0
baseline,2500,ood_dev,3,4096,4096,4096,12288,12288,1.0,0.9990630225926348,0.9999999999999999,1.0,0.9990630225926348,0.9999999999999999,1.0,0.0004971289272548418,0.0
baseline,2500,ood_dev,4,4096,4096,4096,16384,16384,1.0,0.9990630225926348,0.9999999999999999,1.0,0.9990630225926348,0.9999999999999999,1.0,0.0008073764345004619,0.0
baseline,2500,ood_dev,5,4096,4096,4096,20480,20480,1.0,0.9990630225926348,0.9999999999999999,1.0,0.9990630225926348,0.9999999999999999,1.0,0.0015450460286379197,0.0
baseline,2500,ood_dev,6,4096,4094,4094,24574,24576,0.99951171875,0.9982212896544476,0.9998660854551866,0.99951171875,0.9982212896544476,0.9998660854551866,0.9999186197916666,0.0028376503573648293,0.0
baseline,2500,ood_dev,7,4096,4087,4089,28663,28672,0.997802734375,0.9958290482073086,0.9988435607118235,0.998291015625,0.9964763422189936,0.9991719141831389,0.9996861049107143,0.006630971350006121,0.0
baseline,2500,ood_dev,8,4096,4082,4089,32752,32768,0.99658203125,0.9942706398960515,0.9979628503155791,0.998291015625,0.9964763422189936,0.9991719141831389,0.99951171875,0.008827503573568762,0.0
baseline,2500,ood_dev,9,4096,4062,4073,36825,36864,0.99169921875,0.9884233098915096,0.9940537054901146,0.994384765625,0.991587789433178,0.9962552871049496,0.9989420572916666,0.016069748362890657,0.0
baseline,2500,ood_dev,10,4096,4043,4058,40883,40960,0.987060546875,0.983114860378963,0.9900935039141554,0.99072265625,0.987292434466316,0.993233285949307,0.9981201171875,0.024577226325639856,0.0
baseline,2500,ood_dev,11,4096,4018,4045,44928,45056,0.98095703125,0.9762985198015777,0.984714250954033,0.987548828125,0.9836671128801424,0.9905168988959765,0.9971590909090909,0.036833537503856206,0.0
baseline,2500,ood_dev,12,4096,3994,4037,48965,49152,0.97509765625,0.969861879182557,0.9794431217770462,0.985595703125,0.9814652366612112,0.9888161851829053,0.9961954752604166,0.048170922250503345,0.0
baseline,2500,ood_dev,13,4096,3937,3990,52955,53248,0.961181640625,0.9548210542172663,0.9666779934768192,0.97412109375,0.9687965056840521,0.9785572003095498,0.9944974459134616,0.06689173515406655,0.0
baseline,2500,ood_dev,14,4096,3892,3968,56923,57344,0.9501953125,0.9431011870208181,0.9564457923057534,0.96875,0.9629667829716362,0.9736548007089589,0.9926583426339286,0.09043203696510016,0.0
baseline,2500,ood_dev,15,4096,3845,3943,60866,61440,0.938720703125,0.930956550506342,0.945662712969715,0.962646484375,0.9563923454033983,0.968033644739689,0.9906575520833333,0.11165655503772953,0.0
baseline,2500,ood_dev,16,4096,3797,3933,64799,65536,0.927001953125,0.9186291140947668,0.9345746097892754,0.960205078125,0.9537747892075905,0.9657729635204937,0.9887542724609375,0.1309643417826285,0.0
baseline,2500,ood_dev,17,4096,3750,3903,68702,69632,0.91552734375,0.9066165820637565,0.9236594259697711,0.952880859375,0.9459565706946147,0.9589564697884603,0.9866440716911765,0.1517920607080212,0.0
baseline,2500,ood_dev,18,4096,3688,3856,72558,73728,0.900390625,0.8908407331020064,0.9091902029585018,0.94140625,0.9337916055815723,0.9481937190509881,0.984130859375,0.1863399530552563,0.0
baseline,2500,ood_dev,19,4096,3626,3814,76372,77824,0.88525390625,0.875130353941446,0.894655510146043,0.93115234375,0.9229875245115166,0.9385092029780308,0.9813425164473685,0.22034754815936264,0.0
baseline,2500,ood_dev,20,4096,3548,3749,80121,81920,0.8662109375,0.8554417028962036,0.8762939093542614,0.915283203125,0.9063615365223625,0.9234266477696647,0.97803955078125,0.2693788870353808,0.0
baseline,2500,ood_dev,21,4096,3483,3741,83862,86016,0.850341796875,0.8390888795213388,0.8609381895316061,0.913330078125,0.9043219227972369,0.9215636715627878,0.9749581473214286,0.2915951090686981,0.0
baseline,2500,ood_dev,22,4096,3415,3694,87556,90112,0.833740234375,0.8220266847937266,0.8448283698371971,0.90185546875,0.8923643526216571,0.910593525887853,0.9716352982954546,0.3270536176201473,0.0
baseline,2500,ood_dev,23,4096,3346,3668,91224,94208,0.81689453125,0.8047553434565755,0.8284398730108269,0.8955078125,0.8857663367312384,0.9045081244992638,0.9683254076086957,0.35609407782702895,0.0
baseline,2500,ood_dev,24,4096,3278,3630,94854,98304,0.80029296875,0.7877710630649415,0.8122521389804398,0.88623046875,0.8761421890699558,0.8955949699835345,0.96490478515625,0.3940052243512522,0.0
baseline,2500,ood_dev,25,4096,3205,3603,98457,102400,0.782470703125,0.7695745952342299,0.7948374736816288,0.879638671875,0.8693165892508347,0.8892493287821474,0.961494140625,0.43352886928192635,0.0
baseline,2500,ood_dev,26,4096,3113,3533,101990,106496,0.760009765625,0.746691002838137,0.772841281859693,0.862548828125,0.8516638974389052,0.8727543586890549,0.9576885516826923,0.4935409077190984,0.0
baseline,2500,ood_dev,27,4096,3052,3522,105512,110592,0.7451171875,0.7315458086324581,0.758229227833853,0.85986328125,0.8488951055782347,0.8701570893932221,0.9540653935185185,0.5318317130033625,0.0
baseline,2500,ood_dev,28,4096,2989,3491,109003,114688,0.729736328125,0.7159255504204031,0.7431165903313887,0.852294921875,0.8410991292063144,0.862830529778633,0.9504307338169643,0.591681752440719,0.0
baseline,2500,ood_dev,29,4096,2920,3453,112456,118784,0.712890625,0.6988413115951353,0.7265409909931351,0.843017578125,0.83155607536569,0.8538362814422454,0.9467268318965517,0.6095515137911596,0.0
baseline,2500,ood_dev,30,4096,2845,3399,115855,122880,0.694580078125,0.6802980337353984,0.7084974882403486,0.829833984375,0.8180181714909365,0.8410317032759822,0.9428304036458334,0.654967215121883,0.0
baseline,2500,ood_dev,31,4096,2757,3364,119219,126976,0.673095703125,0.6585739611952076,0.687293071528512,0.8212890625,0.8092571256308778,0.8327189181835302,0.9389097152217742,0.7052928295291139,0.0
baseline,2500,ood_dev,32,4096,2683,3335,122554,131072,0.655029296875,0.6403325411191741,0.6694355347335227,0.814208984375,0.802005514265969,0.82582364104493,0.9350128173828125,0.7482579608076243,0.0
baseline,2500,ood_dev,33,4096,2622,3319,125873,135168,0.64013671875,0.6253132067107798,0.6546976209103981,0.810302734375,0.798007430069397,0.8220165453774969,0.9312337239583334,0.7858000568233452,0.0
baseline,2500,ood_dev,34,4096,2563,3275,129148,139264,0.625732421875,0.6108009072708153,0.6404283196018444,0.799560546875,0.7870225394008806,0.8115371914199997,0.9273609834558824,0.8232867559529806,0.0
baseline,2500,ood_dev,35,4096,2489,3210,132358,143360,0.607666015625,0.5926187938471369,0.6225114761544998,0.78369140625,0.7708197894475014,0.7960313981758588,0.9232561383928571,0.8692545069103987,0.0
baseline,2500,ood_dev,36,4096,2429,3219,135577,147456,0.593017578125,0.5778923056350741,0.6079685398765441,0.785888671875,0.7730615507648547,0.7981800505320081,0.9194403754340278,0.9133328556644402,0.0
baseline,3000,dev,1,4096,4096,4096,4096,4096,1.0,0.9990630225926348,0.9999999999999999,1.0,0.9990630225926348,0.9999999999999999,1.0,0.0003456649494246733,0.0
baseline,3000,dev,2,4096,4096,4096,8192,8192,1.0,0.9990630225926348,0.9999999999999999,1.0,0.9990630225926348,0.9999999999999999,1.0,0.00023366460147844492,0.0
baseline,3000,dev,3,4096,4096,4096,12288,12288,1.0,0.9990630225926348,0.9999999999999999,1.0,0.9990630225926348,0.9999999999999999,1.0,0.0002812699949781283,0.0
baseline,3000,dev,4,4096,4096,4096,16384,16384,1.0,0.9990630225926348,0.9999999999999999,1.0,0.9990630225926348,0.9999999999999999,1.0,0.00039712160218696724,0.0
baseline,3000,dev,5,4096,4096,4096,20480,20480,1.0,0.9990630225926348,0.9999999999999999,1.0,0.9990630225926348,0.9999999999999999,1.0,0.0007230393435495586,0.0
baseline,3000,dev,6,4096,4095,4095,24575,24576,0.999755859375,0.9986182969663738,0.9999569018847606,0.999755859375,0.9986182969663738,0.9999569018847606,0.9999593098958334,0.0015322154047536785,0.0
baseline,3000,dev,7,4096,4092,4093,28668,28672,0.9990234375,0.9974915571936952,0.9996201704329383,0.999267578125,0.9978486714629491,0.9997508799051849,0.9998604910714286,0.0033277660682711208,0.0
baseline,3000,dev,8,4096,4083,4085,32753,32768,0.996826171875,0.9945771012522003,0.9981442127009305,0.997314453125,0.9951972177470491,0.9984997436890822,0.999542236328125,0.007347747539021121,0.0
baseline,3000,dev,9,4096,4067,4075,36828,36864,0.992919921875,0.9898503448988859,0.9950657891902398,0.994873046875,0.9921745882319427,0.9966441357891856,0.9990234375,0.014632598798664631,0.0
baseline,3000,dev,10,4096,4046,4061,40889,40960,0.98779296875,0.983943722660208,0.9907281128574114,0.991455078125,0.9881397703182205,0.9938494213219035,0.9982666015625,0.02383136083627324,0.0
baseline,3000,dev,11,4096,4020,4046,44935,45056,0.9814453125,0.9768389428205996,0.9851494754180116,0.98779296875,0.983943722660208,0.9907281128574114,0.997314453125,0.036580044286806945,0.0
baseline,3000,dev,12,4096,3992,4027,48962,49152,0.974609375,0.9693289612445153,0.9790003922320873,0.983154296875,0.978736356856804,0.9866668275723093,0.9961344401041666,0.05386727037626304,0.0
baseline,3000,ood_dev,1,4096,4096,4096,4096,4096,1.0,0.9990630225926348,0.9999999999999999,1.0,0.9990630225926348,0.9999999999999999,1.0,0.00034555834390914697,0.0
baseline,3000,ood_dev,2,4096,4096,4096,8192,8192,1.0,0.9990630225926348,0.9999999999999999,1.0,0.9990630225926348,0.9999999999999999,1.0,0.00022679883888798713,0.0
baseline,3000,ood_dev,3,4096,4096,4096,12288,12288,1.0,0.9990630225926348,0.9999999999999999,1.0,0.9990630225926348,0.9999999999999999,1.0,0.000288137207996364,0.0
baseline,3000,ood_dev,4,4096,4096,4096,16384,16384,1.0,0.9990630225926348,0.9999999999999999,1.0,0.9990630225926348,0.9999999999999999,1.0,0.0005267792020413609,0.0
baseline,3000,ood_dev,5,4096,4096,4096,20480,20480,1.0,0.9990630225926348,0.9999999999999999,1.0,0.9990630225926348,0.9999999999999999,1.0,0.000646737458099178,0.0
baseline,3000,ood_dev,6,4096,4096,4096,24576,24576,1.0,0.9990630225926348,0.9999999999999999,1.0,0.9990630225926348,0.9999999999999999,1.0,0.0015261819642984342,0.0
baseline,3000,ood_dev,7,4096,4089,4089,28665,28672,0.998291015625,0.9964763422189936,0.9991719141831389,0.998291015625,0.9964763422189936,0.9991719141831389,0.999755859375,0.0058947822524193505,0.0
baseline,3000,ood_dev,8,4096,4082,4082,32747,32768,0.99658203125,0.9942706398960515,0.9979628503155791,0.99658203125,0.9942706398960515,0.9979628503155791,0.999359130859375,0.01013378103504392,0.0
baseline,3000,ood_dev,9,4096,4067,4071,36818,36864,0.992919921875,0.9898503448988859,0.9950657891902398,0.993896484375,0.9910051126562461,0.995862316398881,0.9987521701388888,0.01721131042617685,0.0
baseline,3000,ood_dev,10,4096,4050,4063,40881,40960,0.98876953125,0.9850536128857085,0.9915695175979121,0.991943359375,0.9887074354065306,0.9942574037165939,0.9980712890625,0.023629269298791833,0.0
baseline,3000,ood_dev,11,4096,4021,4043,44924,45056,0.981689453125,0.9771094258840555,0.9853668160960561,0.987060546875,0.983114860378963,0.9900935039141554,0.9970703125,0.03773464431264317,0.0
baseline,3000,ood_dev,12,4096,3977,4008,48932,49152,0.970947265625,0.9653459981138298,0.975665999240268,0.978515625,0.973606447163245,0.9825280861773625,0.9955240885416666,0.06400757599720652,0.0
baseline,3000,ood_dev,13,4096,3937,3988,52920,53248,0.961181640625,0.9548210542172663,0.9666779934768192,0.9736328125,0.9682644999293395,0.9781135585812619,0.9938401442307693,0.07890507962465598,0.0
baseline,3000,ood_dev,14,4096,3882,3950,56870,57344,0.94775390625,0.9405100178795183,0.9541587240320502,0.96435546875,0.9582285450750817,0.9696122112585078,0.9917340959821429,0.10476848508907732,0.0
baseline,3000,ood_dev,15,4096,3831,3933,60803,61440,0.935302734375,0.9273540238865371,0.9424357072085155,0.960205078125,0.9537747892075905,0.9657729635204937,0.9896321614583333,0.12531153013157503,0.0
baseline,3000,ood_dev,16,4096,3767,3887,64690,65536,0.919677734375,0.9109556576829947,0.9276133539560381,0.948974609375,0.9418050708778951,0.955302789741175,0.987091064453125,0.16635980484925827,0.0
baseline,3000,ood_dev,17,4096,3698,3839,68529,69632,0.90283203125,0.8933804434366174,0.911528730038894,0.937255859375,0.9294118497021406,0.9442804713249144,0.9841595818014706,0.20046532223265245,0.0
baseline,3000,ood_dev,18,4096,3629,3806,72335,73728,0.885986328125,0.8758892090804093,0.8953601262315807,0.92919921875,0.9209355407485826,0.9366585968089622,0.9811062282986112,0.2270448817476769,0.0
baseline,3000,ood_dev,19,4096,3575,3802,76137,77824,0.872802734375,0.8622483549890327,0.8826584982819405,0.92822265625,0.9199101986690307,0.935732643922513,0.9783228824013158,0.24245742284520677,0.0
baseline,3000,ood_dev,20,4096,3488,3735,79872,81920,0.8515625,0.8403452097309037,0.8621209780295427,0.911865234375,0.9027930715550466,0.9201655803559762,0.975,0.27530553341943254,0.0
baseline,3000,ood_dev,21,4096,3424,3719,83591,86016,0.8359375,0.8242824617838188,0.8469630065206076,0.907958984375,0.8987196023793654,0.9164338696676525,0.9718075706845238,0.31874220344421733,0.0
baseline,3000,ood_dev,22,4096,3368,3666,87257,90112,0.822265625,0.8102578752813623,0.8336694634990469,0.89501953125,0.8852592531857103,0.9040395605617911,0.9683172052556818,0.36694723243082183,0.0
baseline,3000,ood_dev,23,4096,3292,3618,90875,94208,0.8037109375,0.7912650258604237,0.815587708565962,0.88330078125,0.8731073554786435,0.8927759186768431,0.9646208389945652,0.41582927172658213,0.0
baseline,3000,ood_dev,24,4096,3213,3562,94437,98304,0.784423828125,0.7715669842082322,0.7967476746396289,0.86962890625,0.8589699942813361,0.879595150350133,0.960662841796875,0.46023141056168004,0.0
baseline,3000,ood_dev,25,4096,3131,3521,97958,102400,0.764404296875,0.7511641743532573,0.7771489376915783,0.859619140625,0.8486434629761094,0.8699209082538472,0.95662109375,0.5028868374679965,0.0
baseline,3000,ood_dev,26,4096,3057,3494,101452,106496,0.746337890625,0.7327864308470848,0.759427724326728,0.85302734375,0.841853140376231,0.8635399898332172,0.95263671875,0.5704357086793816,0.0
baseline,3000,ood_dev,27,4096,2985,3443,104895,110592,0.728759765625,0.7149344970798438,0.7421563487059467,0.840576171875,0.829047056116625,0.8514670632763075,0.948486328125,0.6215032580676589,0.0
baseline,3000,ood_dev,28,4096,2911,3423,108318,114688,0.710693359375,0.696614686866384,0.7243772020483835,0.835693359375,0.8240317842605936,0.8467258603023325,0.9444580078125,0.6754401729052226,0.0
baseline,3000,ood_dev,29,4096,2838,3355,111673,118784,0.69287109375,0.6785686873071428,0.7068120684781021,0.819091796875,0.8070059112906308,0.8305797188502743,0.9401350350215517,0.7351129403355303,0.0
baseline,3000,ood_dev,30,4096,2755,3299,114972,122880,0.672607421875,0.6580806364593884,0.6868107487813307,0.805419921875,0.7930125396219495,0.8172549609949383,0.93564453125,0.8024834198798203,0.0
baseline,3000,ood_dev,31,4096,2689,3294,118266,126976,0.656494140625,0.6418106977365562,0.6708843205651426,0.80419921875,0.79176427901958,0.8160641028898061,0.9314043598790323,0.8392190875292798,0.0
baseline,3000,ood_dev,32,4096,2629,3250,121516,131072,0.641845703125,0.6270359498398671,0.656389643971813,0.79345703125,0.7807873017807578,0.8055768355026147,0.927093505859375,0.8798632261136632,0.0
baseline,3000,ood_dev,33,4096,2558,3192,124708,135168,0.62451171875,0.6095716993938474,0.6392184087713106,0.779296875,0.7663378466019042,0.7917325136744504,0.9226148200757576,0.9619234772572947,0.0
baseline,3000,ood_dev,34,4096,2484,3173,127881,139264,0.6064453125,0.5913910519567934,0.6213000993373418,0.774658203125,0.7616091504468746,0.7871925587409742,0.9182631548713235,1.0073649968777847,0.0
baseline,3000,ood_dev,35,4096,2416,3137,131018,143360,0.58984375,0.5747033985714631,0.6048157383006509,0.765869140625,0.7526556587868746,0.778584395706963,0.9139090401785714,1.055382760116391,0.0
baseline,3000,ood_dev,36,4096,2348,3088,134106,147456,0.5732421875,0.5580334580910074,0.5883136643590856,0.75390625,0.7404814000940155,0.7668552910663068,0.9094645182291666,1.106894377868524,0.0
baseline,3500,dev,1,4096,4096,4096,4096,4096,1.0,0.9990630225926348,0.9999999999999999,1.0,0.9990630225926348,0.9999999999999999,1.0,0.0002918469689827674,0.0
baseline,3500,dev,2,4096,4096,4096,8192,8192,1.0,0.9990630225926348,0.9999999999999999,1.0,0.9990630225926348,0.9999999999999999,1.0,0.00020554735011391045,0.0
baseline,3500,dev,3,4096,4096,4096,12288,12288,1.0,0.9990630225926348,0.9999999999999999,1.0,0.9990630225926348,0.9999999999999999,1.0,0.00023154841591921382,0.0
baseline,3500,dev,4,4096,4096,4096,16384,16384,1.0,0.9990630225926348,0.9999999999999999,1.0,0.9990630225926348,0.9999999999999999,1.0,0.0002703440571201199,0.0
baseline,3500,dev,5,4096,4096,4096,20480,20480,1.0,0.9990630225926348,0.9999999999999999,1.0,0.9990630225926348,0.9999999999999999,1.0,0.0003592094114104327,0.0
baseline,3500,dev,6,4096,4096,4096,24576,24576,1.0,0.9990630225926348,0.9999999999999999,1.0,0.9990630225926348,0.9999999999999999,1.0,0.0005206332901623867,0.0
baseline,3500,dev,7,4096,4096,4096,28672,28672,1.0,0.9990630225926348,0.9999999999999999,1.0,0.9990630225926348,0.9999999999999999,1.0,0.0009062637192309708,0.0
baseline,3500,dev,8,4096,4093,4093,32765,32768,0.999267578125,0.9978486714629491,0.9997508799051849,0.999267578125,0.9978486714629491,0.9997508799051849,0.999908447265625,0.002777836075946283,0.0
baseline,3500,dev,9,4096,4087,4089,36854,36864,0.997802734375,0.9958290482073086,0.9988435607118235,0.998291015625,0.9964763422189936,0.9991719141831389,0.9997287326388888,0.0057759612714987085,0.0
baseline,3500,dev,10,4096,4081,4082,40936,40960,0.996337890625,0.9939662587473084,0.9977794077228217,0.99658203125,0.9942706398960515,0.9979628503155791,0.9994140625,0.009863500341982245,0.0
baseline,3500,dev,11,4096,4074,4079,45015,45056,0.99462890625,0.9918806406223304,0.9964502596572975,0.995849609375,0.9933629968413301,0.9974070221457995,0.9990900213068182,0.012102258954104883,0.0
baseline,3500,dev,12,4096,4064,4073,49088,49152,0.9921875,0.9889921727170213,0.9944604901476036,0.994384765625,0.991587789433178,0.9962552871049496,0.9986979166666666,0.017967544087156284,0.0
baseline,3500,ood_dev,1,4096,4096,4096,4096,4096,1.0,0.9990630225926348,0.9999999999999999,1.0,0.9990630225926348,0.9999999999999999,1.0,0.0002981101555867838,0.0
baseline,3500,ood_dev,2,4096,4096,4096,8192,8192,1.0,0.9990630225926348,0.9999999999999999,1.0,0.9990630225926348,0.9999999999999999,1.0,0.00020924870424643416,0.0
baseline,3500,ood_dev,3,4096,4096,4096,12288,12288,1.0,0.9990630225926348,0.9999999999999999,1.0,0.9990630225926348,0.9999999999999999,1.0,0.00023927864793726883,0.0
baseline,3500,ood_dev,4,4096,4096,4096,16384,16384,1.0,0.9990630225926348,0.9999999999999999,1.0,0.9990630225926348,0.9999999999999999,1.0,0.0002967670126681199,0.0
baseline,3500,ood_dev,5,4096,4096,4096,20480,20480,1.0,0.9990630225926348,0.9999999999999999,1.0,0.9990630225926348,0.9999999999999999,1.0,0.0003739757586780357,0.0
baseline,3500,ood_dev,6,4096,4096,4096,24576,24576,1.0,0.9990630225926348,0.9999999999999999,1.0,0.9990630225926348,0.9999999999999999,1.0,0.0007118213211425584,0.0
baseline,3500,ood_dev,7,4096,4093,4093,28669,28672,0.999267578125,0.9978486714629491,0.9997508799051849,0.999267578125,0.9978486714629491,0.9997508799051849,0.9998953683035714,0.0019976143194968543,0.0
baseline,3500,ood_dev,8,4096,4089,4092,32761,32768,0.998291015625,0.9964763422189936,0.9991719141831389,0.9990234375,0.9974915571936952,0.9996201704329383,0.999786376953125,0.004095653511267727,0.0
baseline,3500,ood_dev,9,4096,4083,4086,36847,36864,0.996826171875,0.9945771012522003,0.9981442127009305,0.99755859375,0.9955114747539533,0.9986733104236785,0.9995388454861112,0.007871192439539598,0.0
baseline,3500,ood_dev,10,4096,4075,4080,40927,40960,0.994873046875,0.9921745882319427,0.9966441357891856,0.99609375,0.9936637657680687,0.9975940769605611,0.9991943359375,0.010803227232030643,0.0
baseline,3500,ood_dev,11,4096,4059,4064,44991,45056,0.990966796875,0.9875743543279273,0.993439189829196,0.9921875,0.9889921727170213,0.9944604901476036,0.9985573508522727,0.019481705188079346,0.0
baseline,3500,ood_dev,12,4096,4047,4061,49052,49152,0.988037109375,0.9842206673133682,0.9909389919457514,0.991455078125,0.9881397703182205,0.9938494213219035,0.9979654947916666,0.026711587495742428,0.0
baseline,3500,ood_dev,13,4096,4024,4043,53095,53248,0.982421875,0.9779220041441211,0.9860177090604912,0.987060546875,0.983114860378963,0.9900935039141554,0.9971266526442307,0.03856499397828017,0.0
baseline,3500,ood_dev,14,4096,4003,4043,57138,57344,0.977294921875,0.9722661011607102,0.9814293134723958,0.987060546875,0.983114860378963,0.9900935039141554,0.9964076450892857,0.04115152660291699,0.0
baseline,3500,ood_dev,15,4096,3974,4017,61155,61440,0.97021484375,0.9645521097608273,0.9749964163687698,0.980712890625,0.9760285730987803,0.9844963739153301,0.995361328125,0.052512217973788466,0.0
baseline,3500,ood_dev,16,4096,3937,3993,65148,65536,0.961181640625,0.9548210542172663,0.9666779934768192,0.974853515625,0.9695953616072256,0.9792218156108773,0.99407958984375,0.07767190988887585,0.0
baseline,3500,ood_dev,17,4096,3890,3965,69113,69632,0.94970703125,0.9425826106663004,0.9559887211772704,0.968017578125,0.96217528928926,0.9729828231668342,0.9925465303308824,0.09817006890170799,0.0
baseline,3500,ood_dev,18,4096,3844,3937,73050,73728,0.9384765625,0.9306990192363365,0.9454324204982203,0.961181640625,0.9548210542172663,0.9666779934768192,0.9908040364583334,0.11994573684402088,0.0
baseline,3500,ood_dev,19,4096,3806,3923,76973,77824,0.92919921875,0.9209355407485826,0.9366585968089622,0.957763671875,0.951163293350015,0.9635062219630662,0.9890650699013158,0.13099177073857504,0.0
baseline,3500,ood_dev,20,4096,3760,3890,80863,81920,0.91796875,0.9091682131124504,0.9259860323360801,0.94970703125,0.9425826106663004,0.9559887211772704,0.98709716796875,0.15140958806384397,0.0
baseline,3500,ood_dev,21,4096,3709,3867,84730,86016,0.905517578125,0.8961761478487502,0.9140990867832646,0.944091796875,0.9366308983630394,0.9507204874260244,0.9850492931547619,0.1868011663001825,0.0
baseline,3500,ood_dev,22,4096,3659,3837,88567,90112,0.893310546875,0.8834849554963446,0.9023990920606546,0.936767578125,0.9288972057773469,0.9438194677667077,0.9828546697443182,0.2186999980715285,0.0
baseline,3500,ood_dev,23,4096,3606,3794,92361,94208,0.88037109375,0.8700745010385601,0.8899548882189229,0.92626953125,0.9178607737962339,0.9338794788633074,0.9803944463315217,0.24624147155751164,0.0
baseline,3500,ood_dev,24,4096,3553,3767,96128,98304,0.867431640625,0.856701543629456,0.8774731873285104,0.919677734375,0.9109556576829947,0.9276133539560381,0.9778645833333334,0.28489866075549486,0.0
baseline,3500,ood_dev,25,4096,3500,3742,99870,102400,0.8544921875,0.8433614400717089,0.8649586325867411,0.91357421875,0.9045768022865681,0.9217966158149569,0.97529296875,0.31548170955981103,0.0
baseline,3500,ood_dev,26,4096,3431,3688,103558,106496,0.837646484375,0.8260374562848546,0.848622778210074,0.900390625,0.8908407331020064,0.9091902029585018,0.972412109375,0.35418285602782174,0.0
baseline,3500,ood_dev,27,4096,3364,3650,107208,110592,0.8212890625,0.8092571256308778,0.8327189181835302,0.89111328125,0.8812048260661931,0.9002888078173035,0.9694010416666666,0.3776141675889031,0.0
baseline,3500,ood_dev,28,4096,3293,3625,110833,114688,0.803955078125,0.7915146488016144,0.8158259093662715,0.885009765625,0.8748774303742215,0.8944206099717673,0.9663870675223214,0.41579616900566485,0.0
baseline,3500,ood_dev,29,4096,3247,3625,114458,118784,0.792724609375,0.7800393643630118,0.8048613016958598,0.885009765625,0.8748774303742215,0.8944206099717673,0.9635809536637931,0.4439209434167619,0.0
baseline,3500,ood_dev,30,4096,3187,3581,118039,122880,0.778076171875,0.7650932315093113,0.7905380100595418,0.874267578125,0.8637621415848652,0.88407165413511,0.9606038411458333,0.47683171678551695,0.0
baseline,3500,ood_dev,31,4096,3129,3555,121594,126976,0.763916015625,0.7506670606194392,0.776670403942396,0.867919921875,0.8572055614004055,0.8779448170405617,0.9576140372983871,0.5147373619977991,0.0
baseline,3500,ood_dev,32,4096,3064,3505,125099,131072,0.748046875,0.7345235343408396,0.7611053870234754,0.855712890625,0.8446186417242619,0.8661405496416897,0.9544296264648438,0.5641744912575231,0.0
baseline,3500,ood_dev,33,4096,3013,3488,128587,135168,0.735595703125,0.7218736280701865,0.7488762824776125,0.8515625,0.8403452097309037,0.8621209780295427,0.9513124408143939,0.5987687484086734,0.0
baseline,3500,ood_dev,34,4096,2935,3438,132025,139264,0.716552734375,0.702553239723425,0.73014641898735,0.83935546875,0.8277928955098375,0.8502821051755933,0.9480195886948529,0.6383860096648251,0.0
baseline,3500,ood_dev,35,4096,2884,3414,135439,143360,0.7041015625,0.689937176965354,0.7178834709289053,0.83349609375,0.8217760872138762,0.8445911436755471,0.9447474888392857,0.691619748841835,0.0
baseline,3500,ood_dev,36,4096,2828,3375,138814,147456,0.6904296875,0.676098586636755,0.7044039317334867,0.823974609375,0.8120095013916573,0.8353326035792541,0.9413926866319444,0.7299169717541316,0.0
baseline,4000,dev,1,4096,4096,4096,4096,4096,1.0,0.9990630225926348,0.9999999999999999,1.0,0.9990630225926348,0.9999999999999999,1.0,0.00023933487210925364,0.0
baseline,4000,dev,2,4096,4096,4096,8192,8192,1.0,0.9990630225926348,0.9999999999999999,1.0,0.9990630225926348,0.9999999999999999,1.0,0.00016539200655873998,0.0
baseline,4000,dev,3,4096,4096,4096,12288,12288,1.0,0.9990630225926348,0.9999999999999999,1.0,0.9990630225926348,0.9999999999999999,1.0,0.00018380707607690283,0.0
baseline,4000,dev,4,4096,4096,4096,16384,16384,1.0,0.9990630225926348,0.9999999999999999,1.0,0.9990630225926348,0.9999999999999999,1.0,0.00027721715887807363,0.0
baseline,4000,dev,5,4096,4096,4096,20480,20480,1.0,0.9990630225926348,0.9999999999999999,1.0,0.9990630225926348,0.9999999999999999,1.0,0.00048751827032056383,0.0
baseline,4000,dev,6,4096,4096,4096,24576,24576,1.0,0.9990630225926348,0.9999999999999999,1.0,0.9990630225926348,0.9999999999999999,1.0,0.0008015238817487003,0.0
baseline,4000,dev,7,4096,4095,4095,28671,28672,0.999755859375,0.9986182969663738,0.9999569018847606,0.999755859375,0.9986182969663738,0.9999569018847606,0.9999651227678571,0.0017293738138590697,0.0
baseline,4000,dev,8,4096,4092,4093,32764,32768,0.9990234375,0.9974915571936952,0.9996201704329383,0.999267578125,0.9978486714629491,0.9997508799051849,0.9998779296875,0.0035990192833041945,0.0
baseline,4000,dev,9,4096,4084,4084,36848,36864,0.9970703125,0.9948858699188933,0.9983232677757378,0.9970703125,0.9948858699188933,0.9983232677757378,0.9995659722222222,0.008490060623614681,0.0
baseline,4000,dev,10,4096,4074,4078,40926,40960,0.99462890625,0.9918806406223304,0.9964502596572975,0.99560546875,0.9930638103960733,0.9972183848495558,0.999169921875,0.014659865220348678,0.0
baseline,4000,dev,11,4096,4057,4065,44991,45056,0.990478515625,0.9870110133784079,0.9930268832957149,0.992431640625,0.9892775496501616,0.9946629369559636,0.9985573508522727,0.02203312528856749,0.0
baseline,4000,dev,12,4096,4036,4051,49042,49152,0.9853515625,0.9811912611355577,0.9886023369670586,0.989013671875,0.9853320021138738,0.991778952111247,0.9977620442708334,0.03252806224007454,0.0
baseline,4000,ood_dev,1,4096,4096,4096,4096,4096,1.0,0.9990630225926348,0.9999999999999999,1.0,0.9990630225926348,0.9999999999999999,1.0,0.00024147417972919527,0.0
baseline,4000,ood_dev,2,4096,4096,4096,8192,8192,1.0,0.9990630225926348,0.9999999999999999,1.0,0.9990630225926348,0.9999999999999999,1.0,0.00016351240544665302,0.0
baseline,4000,ood_dev,3,4096,4096,4096,12288,12288,1.0,0.9990630225926348,0.9999999999999999,1.0,0.9990630225926348,0.9999999999999999,1.0,0.00018353135151105704,0.0
baseline,4000,ood_dev,4,4096,4096,4096,16384,16384,1.0,0.9990630225926348,0.9999999999999999,1.0,0.9990630225926348,0.9999999999999999,1.0,0.00024094520826256627,0.0
baseline,4000,ood_dev,5,4096,4096,4096,20480,20480,1.0,0.9990630225926348,0.9999999999999999,1.0,0.9990630225926348,0.9999999999999999,1.0,0.0003492571673273659,0.0
baseline,4000,ood_dev,6,4096,4095,4095,24575,24576,0.999755859375,0.9986182969663738,0.9999569018847606,0.999755859375,0.9986182969663738,0.9999569018847606,0.9999593098958334,0.000671225655840324,0.0
baseline,4000,ood_dev,7,4096,4093,4094,28669,28672,0.999267578125,0.9978486714629491,0.9997508799051849,0.99951171875,0.9982212896544476,0.9998660854551866,0.9998953683035714,0.001527035358306783,0.0
baseline,4000,ood_dev,8,4096,4092,4093,32762,32768,0.9990234375,0.9974915571936952,0.9996201704329383,0.999267578125,0.9978486714629491,0.9997508799051849,0.99981689453125,0.003269074207006284,0.0
baseline,4000,ood_dev,9,4096,4083,4084,36846,36864,0.996826171875,0.9945771012522003,0.9981442127009305,0.9970703125,0.9948858699188933,0.9983232677757378,0.99951171875,0.007882823466074385,0.0
baseline,4000,ood_dev,10,4096,4075,4080,40926,40960,0.994873046875,0.9921745882319427,0.9966441357891856,0.99609375,0.9936637657680687,0.9975940769605611,0.999169921875,0.01253798310234977,0.0
baseline,4000,ood_dev,11,4096,4057,4070,44996,45056,0.990478515625,0.9870110133784079,0.9930268832957149,0.99365234375,0.99071517109395,0.9956644342196767,0.9986683238636364,0.017096320096440465,0.0
baseline,4000,ood_dev,12,4096,4041,4064,49060,49152,0.986572265625,0.9825638389733109,0.9896688778368068,0.9921875,0.9889921727170213,0.9944604901476036,0.9981282552083334,0.02534333325729765,0.0
baseline,4000,ood_dev,13,4096,4019,4049,53109,53248,0.981201171875,0.9765686419356131,0.9849319525614978,0.988525390625,0.9847756016627256,0.9913597050793945,0.9973895733173077,0.030884741084878264,0.0
baseline,4000,ood_dev,14,4096,3998,4035,57144,57344,0.97607421875,0.9709291555744165,0.9803271403511878,0.985107421875,0.9809175425035267,0.9883882318575893,0.9965122767857143,0.044191950221445175,0.0
baseline,4000,ood_dev,15,4096,3964,4006,61150,61440,0.9677734375,0.9619116249533165,0.9727586637612774,0.97802734375,0.9730698833974413,0.9820890024601655,0.9952799479166666,0.06373013722478404,0.0
baseline,4000,ood_dev,16,4096,3918,3979,65129,65536,0.95654296875,0.9498596607971911,0.9623707358083885,0.971435546875,0.9658757308170035,0.976111914020095,0.9937896728515625,0.08278594871272915,0.0
baseline,4000,ood_dev,17,4096,3877,3969,69098,69632,0.946533203125,0.9392159931236856,0.9530136300803813,0.968994140625,0.9632307842127183,0.973878623209377,0.9923311121323529,0.09334792265852787,0.0
baseline,4000,ood_dev,18,4096,3828,3930,73028,73728,0.9345703125,0.9265828466235786,0.9417434132469731,0.95947265625,0.9529907280310358,0.9650935534725474,0.9905056423611112,0.11030820737794489,0.0
baseline,4000,ood_dev,19,4096,3794,3920,76948,77824,0.92626953125,0.9178607737962339,0.9338794788633074,0.95703125,0.9503809505933728,0.9628250934952075,0.9887438322368421,0.13421957816870123,0.0
baseline,4000,ood_dev,20,4096,3735,3875,80823,81920,0.911865234375,0.9027930715550466,0.9201655803559762,0.946044921875,0.9386986636872588,0.9525553120338074,0.98660888671875,0.16182399524491586,0.0
baseline,4000,ood_dev,21,4096,3692,3859,84682,86016,0.9013671875,0.8918564110099307,0.9101258200165789,0.942138671875,0.9345655263512737,0.9488832695057877,0.9844912574404762,0.18555595908700884,0.0
baseline,4000,ood_dev,22,4096,3633,3822,88504,90112,0.886962890625,0.8769012144234478,0.8962994158545434,0.93310546875,0.9250412981572879,0.9403580192642621,0.9821555397727273,0.21463314747128948,0.0
baseline,4000,ood_dev,23,4096,3579,3804,92308,94208,0.873779296875,0.863257496456122,0.8836006517808525,0.9287109375,0.920422816416333,0.9361956736582114,0.9798318614130435,0.2474766381722242,0.0
baseline,4000,ood_dev,24,4096,3524,3760,96068,98304,0.8603515625,0.8493984234403716,0.8706294190140859,0.91796875,0.9091682131124504,0.9259860323360801,0.9772542317708334,0.2869735797061512,0.0
baseline,4000,ood_dev,25,4096,3462,3721,99789,102400,0.84521484375,0.8338150005188198,0.8559677699626185,0.908447265625,0.899228516897034,0.9169006026329847,0.974501953125,0.3185469697284917,0.0
baseline,4000,ood_dev,26,4096,3385,3657,103446,106496,0.826416015625,0.8145125260979643,0.83770781628795,0.892822265625,0.8829781530794668,0.901930246994532,0.9713604266826923,0.35902451256275825,0.0
baseline,4000,ood_dev,27,4096,3317,3626,107072,110592,0.809814453125,0.7975078064837412,0.8215405214801522,0.88525390625,0.875130353941446,0.894655510146043,0.9681712962962963,0.41618223213435535,0.0
baseline,4000,ood_dev,28,4096,3241,3581,110653,114688,0.791259765625,0.7785436738827836,0.8034300497270863,0.874267578125,0.8637621415848652,0.88407165413511,0.9648175920758929,0.4354772108320386,0.0
baseline,4000,ood_dev,29,4096,3185,3565,114218,118784,0.777587890625,0.7645954299535052,0.7900601641323473,0.870361328125,0.8597263579958655,0.8803022578601046,0.9615604795258621,0.47383267932772455,0.0
baseline,4000,ood_dev,30,4096,3118,3522,117740,122880,0.76123046875,0.7479333589152923,0.7740380444900392,0.85986328125,0.8488951055782347,0.8701570893932221,0.9581705729166666,0.5292700899595362,0.0
baseline,4000,ood_dev,31,4096,3047,3472,121212,126976,0.743896484375,0.7303053240053347,0.757030593753475,0.84765625,0.8363258316896912,0.8583351762067503,0.9546055947580645,0.5742381977492537,0.0
baseline,4000,ood_dev,32,4096,2982,3432,124644,131072,0.72802734375,0.7141912615147941,0.7414361130464955,0.837890625,0.8262882059570653,0.8488598522793636,0.950958251953125,0.6270856313157394,0.0
baseline,4000,ood_dev,33,4096,2920,3414,128058,135168,0.712890625,0.6988413115951353,0.7265409909931351,0.83349609375,0.8217760872138762,0.8445911436755471,0.9473987926136364,0.6668102246575298,0.0
baseline,4000,ood_dev,34,4096,2856,3365,131423,139264,0.697265625,0.6830160401504275,0.711145542981823,0.821533203125,0.8095073008667827,0.8329565666891255,0.9436968635110294,0.7282746534690956,0.0
baseline,4000,ood_dev,35,4096,2808,3356,134779,143360,0.685546875,0.6711597655185217,0.6995862780217139,0.8193359375,0.807256014123365,0.8308174397590403,0.9401436941964286,0.7468021607493878,0.0
baseline,4000,ood_dev,36,4096,2745,3291,138070,147456,0.670166015625,0.6556142769238003,0.6843988709019158,0.803466796875,0.7910154101857612,0.815349500499124,0.9363471137152778,0.8201005266247838,0.0
baseline,4500,dev,1,4096,4096,4096,4096,4096,1.0,0.9990630225926348,0.9999999999999999,1.0,0.9990630225926348,0.9999999999999999,1.0,0.00015721245276623108,0.0
baseline,4500,dev,2,4096,4096,4096,8192,8192,1.0,0.9990630225926348,0.9999999999999999,1.0,0.9990630225926348,0.9999999999999999,1.0,0.00010005445787220069,0.0
baseline,4500,dev,3,4096,4096,4096,12288,12288,1.0,0.9990630225926348,0.9999999999999999,1.0,0.9990630225926348,0.9999999999999999,1.0,0.00012181158368207434,0.0
baseline,4500,dev,4,4096,4096,4096,16384,16384,1.0,0.9990630225926348,0.9999999999999999,1.0,0.9990630225926348,0.9999999999999999,1.0,0.00016209370281217161,0.0
baseline,4500,dev,5,4096,4096,4096,20480,20480,1.0,0.9990630225926348,0.9999999999999999,1.0,0.9990630225926348,0.9999999999999999,1.0,0.00023251293309112242,0.0
baseline,4500,dev,6,4096,4095,4095,24575,24576,0.999755859375,0.9986182969663738,0.9999569018847606,0.999755859375,0.9986182969663738,0.9999569018847606,0.9999593098958334,0.0006500950397421157,0.0
baseline,4500,dev,7,4096,4095,4096,28671,28672,0.999755859375,0.9986182969663738,0.9999569018847606,1.0,0.9990630225926348,0.9999999999999999,0.9999651227678571,0.0008033642787150796,0.0
baseline,4500,dev,8,4096,4095,4095,32766,32768,0.999755859375,0.9986182969663738,0.9999569018847606,0.999755859375,0.9986182969663738,0.9999569018847606,0.99993896484375,0.0013068221192629181,0.0
baseline,4500,dev,9,4096,4093,4094,36860,36864,0.999267578125,0.9978486714629491,0.9997508799051849,0.99951171875,0.9982212896544476,0.9998660854551866,0.9998914930555556,0.0018748747062113935,0.0
baseline,4500,dev,10,4096,4090,4092,40952,40960,0.99853515625,0.9968075986857966,0.9993284814578364,0.9990234375,0.9974915571936952,0.9996201704329383,0.9998046875,0.004595237752512915,0.0
baseline,4500,dev,11,4096,4090,4094,45046,45056,0.99853515625,0.9968075986857966,0.9993284814578364,0.99951171875,0.9982212896544476,0.9998660854551866,0.9997780539772727,0.003695335714141823,0.0
baseline,4500,dev,12,4096,4081,4085,49131,49152,0.996337890625,0.9939662587473084,0.9977794077228217,0.997314453125,0.9951972177470491,0.9984997436890822,0.99957275390625,0.008250623916874922,0.0
baseline,4500,ood_dev,1,4096,4096,4096,4096,4096,1.0,0.9990630225926348,0.9999999999999999,1.0,0.9990630225926348,0.9999999999999999,1.0,0.00015711881974667108,0.0
baseline,4500,ood_dev,2,4096,4096,4096,8192,8192,1.0,0.9990630225926348,0.9999999999999999,1.0,0.9990630225926348,0.9999999999999999,1.0,0.00010213122455970947,0.0
baseline,4500,ood_dev,3,4096,4096,4096,12288,12288,1.0,0.9990630225926348,0.9999999999999999,1.0,0.9990630225926348,0.9999999999999999,1.0,0.00012037968240230512,0.0
baseline,4500,ood_dev,4,4096,4096,4096,16384,16384,1.0,0.9990630225926348,0.9999999999999999,1.0,0.9990630225926348,0.9999999999999999,1.0,0.0001990052220994798,0.0
baseline,4500,ood_dev,5,4096,4096,4096,20480,20480,1.0,0.9990630225926348,0.9999999999999999,1.0,0.9990630225926348,0.9999999999999999,1.0,0.00021609063002436812,0.0
baseline,4500,ood_dev,6,4096,4096,4096,24576,24576,1.0,0.9990630225926348,0.9999999999999999,1.0,0.9990630225926348,0.9999999999999999,1.0,0.0005305665026376083,0.0
baseline,4500,ood_dev,7,4096,4093,4093,28669,28672,0.999267578125,0.9978486714629491,0.9997508799051849,0.999267578125,0.9978486714629491,0.9997508799051849,0.9998953683035714,0.0012726550988184648,0.0
baseline,4500,ood_dev,8,4096,4089,4091,32760,32768,0.998291015625,0.9964763422189936,0.9991719141831389,0.998779296875,0.997145424476127,0.9994784794090062,0.999755859375,0.0031182416657711265,0.0
baseline,4500,ood_dev,9,4096,4086,4090,36850,36864,0.99755859375,0.9955114747539533,0.9986733104236785,0.99853515625,0.9968075986857966,0.9993284814578364,0.9996202256944444,0.004321350988618189,0.0
baseline,4500,ood_dev,10,4096,4083,4090,40940,40960,0.996826171875,0.9945771012522003,0.9981442127009305,0.99853515625,0.9968075986857966,0.9993284814578364,0.99951171875,0.0071287600665077555,0.0
baseline,4500,ood_dev,11,4096,4072,4080,45020,45056,0.994140625,0.9912959670744264,0.996059285722201,0.99609375,0.9936637657680687,0.9975940769605611,0.9992009943181818,0.010949934513387216,0.0
baseline,4500,ood_dev,12,4096,4064,4078,49098,49152,0.9921875,0.9889921727170213,0.9944604901476036,0.99560546875,0.9930638103960733,0.9972183848495558,0.9989013671875,0.012418523615591148,0.0
baseline,4500,ood_dev,13,4096,4044,4062,53160,53248,0.9873046875,0.9833908284717333,0.9903053595628853,0.99169921875,0.9884233098915096,0.9940537054901146,0.9983473557692307,0.02410338638816878,0.0
baseline,4500,ood_dev,14,4096,4029,4053,57213,57344,0.983642578125,0.9792802999311276,0.9870985319809864,0.989501953125,0.9858899643168433,0.9921966373912783,0.9977155412946429,0.031931330347049425,0.0
baseline,4500,ood_dev,15,4096,4008,4039,61252,61440,0.978515625,0.973606447163245,0.9825280861773625,0.986083984375,0.9820139840883064,0.9892430852388108,0.9969401041666667,0.04253326824799375,0.0
baseline,4500,ood_dev,16,4096,3981,4024,65276,65536,0.971923828125,0.9664058535023272,0.976557438817772,0.982421875,0.9779220041441211,0.9860177090604912,0.99603271484375,0.04937568305336537,0.0
baseline,4500,ood_dev,17,4096,3949,4007,69283,69632,0.964111328125,0.9579660236105576,0.9693869089815317,0.978271484375,0.9733380928544043,0.9823086167447029,0.9949879365808824,0.06218325249229251,0.0
baseline,4500,ood_dev,18,4096,3924,3998,73281,73728,0.9580078125,0.9514241848736409,0.9637331541809406,0.97607421875,0.9709291555744165,0.9803271403511878,0.9939371744791666,0.07588128117577497,0.0
baseline,4500,ood_dev,19,4096,3895,3991,77272,77824,0.950927734375,0.9438793823249059,0.9571310682261667,0.974365234375,0.9690626764666648,0.9787788532684374,0.992907072368421,0.09186823051321902,0.0
baseline,4500,ood_dev,20,4096,3859,3954,81226,81920,0.942138671875,0.9345655263512737,0.9488832695057877,0.96533203125,0.9592793468139419,0.9705127044856489,0.9915283203125,0.11158893281083815,0.0
baseline,4500,ood_dev,21,4096,3807,3924,85150,86016,0.929443359375,0.9211919432008939,0.9368900180981512,0.9580078125,0.9514241848736409,0.9637331541809406,0.9899321056547619,0.13265016290086207,0.0
baseline,4500,ood_dev,22,4096,3755,3896,89046,90112,0.916748046875,0.9078921282737603,0.9248229984672688,0.951171875,0.9441388702045643,0.9573594040880085,0.9881702769886364,0.1605689195584965,0.0
baseline,4500,ood_dev,23,4096,3714,3875,92921,94208,0.90673828125,0.897447644100744,0.9152667092387725,0.946044921875,0.9386986636872588,0.9525553120338074,0.9863387398097826,0.1864155934684324,0.0
baseline,4500,ood_dev,24,4096,3660,3840,96761,98304,0.8935546875,0.8837383798604915,0.9026334914380082,0.9375,0.9296692192922852,0.9445109254762704,0.9843037923177084,0.21050009265445402,0.0
baseline,4500,ood_dev,25,4096,3615,3809,100570,102400,0.882568359375,0.8723489588346361,0.8920708440963495,0.929931640625,0.9217048293210383,0.9373527794610076,0.98212890625,0.24620921401673135,0.0
baseline,4500,ood_dev,26,4096,3568,3789,104359,106496,0.87109375,0.8604828297370326,0.8810092573434385,0.925048828125,0.916580713871883,0.9327204200801565,0.9799335186298077,0.2524164155200306,0.0
baseline,4500,ood_dev,27,4096,3509,3753,108112,110592,0.856689453125,0.8456245917120823,0.8670858946198706,0.916259765625,0.9073818457534903,0.924357633504538,0.9775752314814815,0.2910583688387405,0.0
baseline,4500,ood_dev,28,4096,3450,3733,111845,114688,0.84228515625,0.8308032711335156,0.8531256144499189,0.911376953125,0.9022836148178496,0.9196993896101727,0.9752110072544643,0.3199025143511829,0.0
baseline,4500,ood_dev,29,4096,3398,3723,115568,118784,0.82958984375,0.8177677129585759,0.8407943380668426,0.908935546875,0.8997375071958539,0.9173672598171653,0.9729256465517241,0.34760107102272686,0.0
baseline,4500,ood_dev,30,4096,3341,3691,119259,122880,0.815673828125,0.803505304014572,0.8272507937453287,0.901123046875,0.8916024659529467,0.9098919413320625,0.9705322265625,0.3645947910210898,0.0
baseline,4500,ood_dev,31,4096,3280,3671,122930,126976,0.80078125,0.7882701144567107,0.8127287350716711,0.896240234375,0.8865270812946906,0.9052108511603125,0.9681357106854839,0.3983831756734575,0.0
baseline,4500,ood_dev,32,4096,3227,3632,126562,131072,0.787841796875,0.7750546759462219,0.8000895152826436,0.88671875,0.8766481917015035,0.8960646148349874,0.9655914306640625,0.44137527678080524,0.0
baseline,4500,ood_dev,33,4096,3185,3614,130176,135168,0.777587890625,0.7645954299535052,0.7900601641323473,0.88232421875,0.8720961872638064,0.891835791925679,0.9630681818181818,0.4649771247356771,0.0
baseline,4500,ood_dev,34,4096,3128,3581,133757,139264,0.763671875,0.7504185126757205,0.7764311281446142,0.874267578125,0.8637621415848652,0.88407165413511,0.9604563993566176,0.5130232390491649,0.0
baseline,4500,ood_dev,35,4096,3062,3540,137297,143360,0.74755859375,0.734027191302923,0.7606260825783913,0.8642578125,0.853426556028023,0.8744064662904394,0.9577078683035715,0.5567000577603816,0.0
baseline,4500,ood_dev,36,4096,3003,3493,140790,147456,0.733154296875,0.7193948943133442,0.7464767788194518,0.852783203125,0.8416017930965025,0.8633035133714453,0.9547932942708334,0.597242188918587,0.0
baseline,5000,dev,1,102400,102400,102400,102400,102400,1.0,0.9999624871609701,1.0,1.0,0.9999624871609701,1.0,1.0,0.00010681743837448465,0.0
baseline,5000,dev,2,102400,102400,102400,204800,204800,1.0,0.9999624871609701,1.0,1.0,0.9999624871609701,1.0,1.0,7.203654577350171e-05,0.0
baseline,5000,dev,3,102400,102400,102400,307200,307200,1.0,0.9999624871609701,1.0,1.0,0.9999624871609701,1.0,1.0,9.397258799566544e-05,0.0
baseline,5000,dev,4,102400,102400,102400,409600,409600,1.0,0.9999624871609701,1.0,1.0,0.9999624871609701,1.0,1.0,0.00013966460255239178,0.0
baseline,5000,dev,5,102400,102398,102398,511998,512000,0.99998046875,0.9999287823158808,0.9999946438104347,0.99998046875,0.9999287823158808,0.9999946438104347,0.99999609375,0.000284073231273938,0.0
baseline,5000,dev,6,102400,102390,102391,614389,614400,0.99990234375,0.9998202295599984,0.9999469524276979,0.999912109375,0.9998329541276058,0.999953758377418,0.9999820963541667,0.000625684282947807,0.0
baseline,5000,dev,7,102400,102369,102375,716764,716800,0.999697265625,0.9995703338469782,0.9997867072768437,0.999755859375,0.9996396050278641,0.999834619199922,0.9999497767857143,0.0013215232563881063,0.0
baseline,5000,dev,8,102400,102299,102310,819074,819200,0.999013671875,0.9988017844178726,0.9991881204930338,0.99912109375,0.998919909733904,0.9992848308676036,0.99984619140625,0.0028820046509375973,0.0
baseline,5000,dev,9,102400,102180,102231,921305,921600,0.9978515625,0.9975486867001404,0.9981170866488098,0.998349609375,0.9980815995129239,0.9985802302197219,0.9996799045138889,0.005635201524703719,0.0
baseline,5000,dev,10,102400,101957,102059,1023364,1024000,0.995673828125,0.995252827917074,0.9960576400678745,0.996669921875,0.9962979466033796,0.9970046341489599,0.99937890625,0.009873450936428637,0.0
baseline,5000,dev,11,102400,101649,101851,1125215,1126400,0.992666015625,0.992124617104551,0.9931704515435698,0.994638671875,0.9941724731053734,0.9950677600428746,0.9989479758522727,0.015745558561331165,0.0
baseline,5000,dev,12,102400,101234,101573,1226788,1228800,0.98861328125,0.9879448594514364,0.9892450445058287,0.991923828125,0.9913568731546268,0.9924538761766143,0.9983626302083334,0.023758417980066646,0.0
baseline,5000,ood_dev,1,102400,102400,102400,102400,102400,1.0,0.9999624871609701,1.0,1.0,0.9999624871609701,1.0,1.0,0.00010709430847576585,0.0
baseline,5000,ood_dev,2,102400,102400,102400,204800,204800,1.0,0.9999624871609701,1.0,1.0,0.9999624871609701,1.0,1.0,7.161469411143706e-05,0.0
baseline,5000,ood_dev,3,102400,102400,102400,307200,307200,1.0,0.9999624871609701,1.0,1.0,0.9999624871609701,1.0,1.0,9.054569639648236e-05,0.0
baseline,5000,ood_dev,4,102400,102399,102399,409599,409600,0.999990234375,0.9999446805183295,0.9999982761253133,0.999990234375,0.9999446805183295,0.9999982761253133,0.99999755859375,0.0001441485881657911,0.0
baseline,5000,ood_dev,5,102400,102398,102398,511997,512000,0.99998046875,0.9999287823158808,0.9999946438104347,0.99998046875,0.9999287823158808,0.9999946438104347,0.999994140625,0.0002765905208335795,0.0
baseline,5000,ood_dev,6,102400,102391,102393,614390,614400,0.999912109375,0.9998329541276058,0.999953758377418,0.999931640625,0.9998588878252541,0.9999668857144244,0.9999837239583333,0.0005127862115718695,0.0
baseline,5000,ood_dev,7,102400,102364,102368,716758,716800,0.9996484375,0.9995133551962606,0.9997460333409244,0.9996875,0.9995588896466933,0.9997786209598011,0.99994140625,0.0012639355578282529,0.0
baseline,5000,ood_dev,8,102400,102317,102340,819098,819200,0.999189453125,0.9989954218558749,0.999346032366924,0.9994140625,0.999245935024263,0.9995447210970653,0.99987548828125,0.002486097655250692,0.0
baseline,5000,ood_dev,9,102400,102205,102240,921338,921600,0.998095703125,0.9978093454375543,0.9983446908445799,0.9984375,0.9981761670054985,0.9986614373830935,0.9997157118055555,0.005064063010390969,0.0
baseline,5000,ood_dev,10,102400,101993,102093,1023431,1024000,0.996025390625,0.9956209692244531,0.9963925973842802,0.997001953125,0.9966479352439517,0.997318683097518,0.9994443359375,0.008709823982050731,0.0
baseline,5000,ood_dev,11,102400,101712,101912,1125343,1126400,0.99328125,0.9927620576834453,0.9937634335562993,0.995234375,0.9947935826067935,0.9956380120984236,0.9990616122159091,0.014015669334769418,0.0
baseline,5000,ood_dev,12,102400,101272,101629,1226972,1228800,0.988984375,0.9883264914397614,0.9896055721759436,0.992470703125,0.9919224556379752,0.9929820026635982,0.9985123697916667,0.02175132597846358,0.0
baseline,5000,ood_dev,13,102400,100730,101297,1328269,1331200,0.98369140625,0.9828972889440596,0.9844492342802146,0.989228515625,0.9885776655702901,0.989842660978599,0.9977982271634616,0.030937283218268528,0.0
baseline,5000,ood_dev,14,102400,100042,100811,1429080,1433600,0.97697265625,0.9760359330466525,0.9778735942563962,0.984482421875,0.9837070119313559,0.9852214831964349,0.9968470982142857,0.04418751307515879,0.0
baseline,5000,ood_dev,15,102400,99279,100381,1529461,1536000,0.969521484375,0.9684508761830047,0.9705568663992662,0.980283203125,0.9794134971711566,0.9811168755058681,0.9957428385416667,0.05862140315904659,0.0
baseline,5000,ood_dev,16,102400,98371,99784,1629245,1638400,0.960654296875,0.9594461366645765,0.9618278961844494,0.974453125,0.9734688021642881,0.9754018516683012,0.9944122314453125,0.07691041245223809,0.0
baseline,5000,ood_dev,17,102400,97413,99221,1728466,1740800,0.951298828125,0.9499634780840182,0.9526003191653941,0.968955078125,0.9678750653567252,0.969999907220559,0.9929147518382353,0.09705282839359664,0.0
baseline,5000,ood_dev,18,102400,96323,98616,1827082,1843200,0.940654296875,0.939190568657582,0.942084964705005,0.963046875,0.9618739558724344,0.9641850537217952,0.9912554253472222,0.11746312668780591,0.0
baseline,5000,ood_dev,19,102400,95097,97910,1924992,1945600,0.928681640625,0.9270892312727093,0.9302418878465311,0.95615234375,0.954881031217364,0.9573894331437475,0.9894078947368421,0.14195601566812896,0.0
baseline,5000,ood_dev,20,102400,93842,97165,2022157,2048000,0.91642578125,0.9147150681433645,0.9181052517300357,0.948876953125,0.9475110363128768,0.9502091926393496,0.98738134765625,0.17132629878813652,0.0
baseline,5000,ood_dev,21,102400,92483,96416,2118573,2150400,0.903154296875,0.9013277238027088,0.9049506230228056,0.9415625,0.9401091592205206,0.942982712253511,0.9851994977678571,0.19792236375529015,0.0
baseline,5000,ood_dev,22,102400,91109,95643,2214216,2252800,0.889736328125,0.8878032625121872,0.8916401535055307,0.934013671875,0.9324767786290544,0.9355180029509258,0.9828728693181819,0.22804020416625978,0.0
baseline,5000,ood_dev,23,102400,89696,94881,2309097,2355200,0.8759375,0.8739042995839114,0.8779424954502432,0.926572265625,0.9249586143487611,0.9281539130277687,0.9804250169836957,0.258845465542536,0.0
baseline,5000,ood_dev,24,102400,88180,93998,2403095,2457600,0.8611328125,0.859001227424029,0.8632373033418436,0.91794921875,0.9162525718990339,0.9196145086774349,0.9778218587239583,0.29468240653613925,0.0
baseline,5000,ood_dev,25,102400,86675,93055,2496150,2560000,0.846435546875,0.8442143440876754,0.8486307581005162,0.908740234375,0.906961033986689,0.9104887687500766,0.97505859375,0.3321328540672598,0.0
baseline,5000,ood_dev,26,102400,85098,92157,2588307,2662400,0.83103515625,0.8287276245220027,0.833317851840938,0.899970703125,0.8981179668421821,0.9017934313346119,0.9721705979567308,0.3719118280316585,0.0
baseline,5000,ood_dev,27,102400,83511,91300,2679607,2764800,0.815537109375,0.8131496813796794,0.8179008639847368,0.8916015625,0.8896827283073988,0.8934910165198454,0.9691865596064815,0.4133029461481666,0.0
baseline,5000,ood_dev,28,102400,81991,90455,2770062,2867200,0.800693359375,0.7982353352442451,0.8031288237825798,0.883349609375,0.8813691044418488,0.8853013532437737,0.9661209542410715,0.4502745989987514,0.0
baseline,5000,ood_dev,29,102400,80414,89534,2859596,2969600,0.78529296875,0.7827672961491757,0.7877972370523981,0.87435546875,0.8723113315165416,0.8763715197105801,0.9629566271551724,0.49546455651114857,0.0
baseline,5000,ood_dev,30,102400,78815,88667,2948263,3072000,0.769677734375,0.7670888294543495,0.7722464065407714,0.865888671875,0.8637877509083178,0.8679621417959802,0.9597210286458333,0.5366235430129948,0.0
baseline,5000,ood_dev,31,102400,77281,87915,3036178,3174400,0.754697265625,0.7520524091326289,0.7573230132823173,0.858544921875,0.8563970051920072,0.8606659384821141,0.956457283266129,0.5811702006760182,0.0
baseline,5000,ood_dev,32,102400,75722,87062,3123240,3276800,0.73947265625,0.736775358249274,0.7421519876523142,0.85021484375,0.8480159760533039,0.852387436340577,0.95313720703125,0.6231568617435259,0.0
baseline,5000,ood_dev,33,102400,74114,86221,3209461,3379200,0.72376953125,0.7210225411718049,0.726499732867384,0.842001953125,0.8397551423418407,0.8442231049797283,0.949769472064394,0.6658707167427178,0.0
baseline,5000,ood_dev,34,102400,72605,85245,3294706,3481600,0.709033203125,0.7062434285111904,0.711807294881008,0.832470703125,0.8301709145883321,0.834745547821731,0.9463195082720588,0.7149785586334755,0.0
baseline,5000,ood_dev,35,102400,71076,84383,3379089,3584000,0.6941015625,0.6912720567330908,0.6969165056655702,0.824052734375,0.8217083844733741,0.8263727720005023,0.942826171875,0.762032455500791,0.0
baseline,5000,ood_dev,36,102400,69567,83586,3462675,3686400,0.679365234375,0.6764999404663115,0.682217071285359,0.81626953125,0.8138857320788855,0.8186296020850827,0.9393107096354166,0.8118182364864376,0.0
baseline,5500,dev,1,4096,4096,4096,4096,4096,1.0,0.9990630225926348,0.9999999999999999,1.0,0.9990630225926348,0.9999999999999999,1.0,6.299971833723106e-05,0.0
baseline,5500,dev,2,4096,4096,4096,8192,8192,1.0,0.9990630225926348,0.9999999999999999,1.0,0.9990630225926348,0.9999999999999999,1.0,4.379918050489984e-05,0.0
baseline,5500,dev,3,4096,4096,4096,12288,12288,1.0,0.9990630225926348,0.9999999999999999,1.0,0.9990630225926348,0.9999999999999999,1.0,5.1945689274246476e-05,0.0
baseline,5500,dev,4,4096,4096,4096,16384,16384,1.0,0.9990630225926348,0.9999999999999999,1.0,0.9990630225926348,0.9999999999999999,1.0,7.372846075304196e-05,0.0
baseline,5500,dev,5,4096,4096,4096,20480,20480,1.0,0.9990630225926348,0.9999999999999999,1.0,0.9990630225926348,0.9999999999999999,1.0,0.00019157898648547445,0.0
baseline,5500,dev,6,4096,4095,4095,24575,24576,0.999755859375,0.9986182969663738,0.9999569018847606,0.999755859375,0.9986182969663738,0.9999569018847606,0.9999593098958334,0.0006050676497895147,0.0
baseline,5500,dev,7,4096,4092,4092,28667,28672,0.9990234375,0.9974915571936952,0.9996201704329383,0.9990234375,0.9974915571936952,0.9996201704329383,0.9998256138392857,0.002172066402953199,0.0
baseline,5500,dev,8,4096,4091,4094,32761,32768,0.998779296875,0.997145424476127,0.9994784794090062,0.99951171875,0.9982212896544476,0.9998660854551866,0.999786376953125,0.0018396039151760135,0.0
baseline,5500,dev,9,4096,4089,4091,36852,36864,0.998291015625,0.9964763422189936,0.9991719141831389,0.998779296875,0.997145424476127,0.9994784794090062,0.9996744791666666,0.002820850356263893,0.0
baseline,5500,dev,10,4096,4085,4089,40941,40960,0.997314453125,0.9951972177470491,0.9984997436890822,0.998291015625,0.9964763422189936,0.9991719141831389,0.9995361328125,0.005366063861395709,0.0
baseline,5500,dev,11,4096,4075,4079,45020,45056,0.994873046875,0.9921745882319427,0.9966441357891856,0.995849609375,0.9933629968413301,0.9974070221457995,0.9992009943181818,0.008150705670393776,0.0
baseline,5500,dev,12,4096,4069,4077,49097,49152,0.993408203125,0.9904260923610462,0.9954656892110803,0.995361328125,0.9927660832938955,0.9970282882102334,0.9988810221354166,0.014385727271028825,0.0
baseline,5500,ood_dev,1,4096,4096,4096,4096,4096,1.0,0.9990630225926348,0.9999999999999999,1.0,0.9990630225926348,0.9999999999999999,1.0,6.368171809878476e-05,0.0
baseline,5500,ood_dev,2,4096,4096,4096,8192,8192,1.0,0.9990630225926348,0.9999999999999999,1.0,0.9990630225926348,0.9999999999999999,1.0,4.326981819069431e-05,0.0
baseline,5500,ood_dev,3,4096,4096,4096,12288,12288,1.0,0.9990630225926348,0.9999999999999999,1.0,0.9990630225926348,0.9999999999999999,1.0,5.197396473000104e-05,0.0
baseline,5500,ood_dev,4,4096,4096,4096,16384,16384,1.0,0.9990630225926348,0.9999999999999999,1.0,0.9990630225926348,0.9999999999999999,1.0,7.30682599747734e-05,0.0
baseline,5500,ood_dev,5,4096,4096,4096,20480,20480,1.0,0.9990630225926348,0.9999999999999999,1.0,0.9990630225926348,0.9999999999999999,1.0,0.00012522198693631914,0.0
baseline,5500,ood_dev,6,4096,4096,4096,24576,24576,1.0,0.9990630225926348,0.9999999999999999,1.0,0.9990630225926348,0.9999999999999999,1.0,0.00034635275047678604,0.0
baseline,5500,ood_dev,7,4096,4096,4096,28672,28672,1.0,0.9990630225926348,0.9999999999999999,1.0,0.9990630225926348,0.9999999999999999,1.0,0.0003781851549689019,0.0
baseline,5500,ood_dev,8,4096,4095,4095,32767,32768,0.999755859375,0.9986182969663738,0.9999569018847606,0.999755859375,0.9986182969663738,0.9999569018847606,0.999969482421875,0.0015635774919589007,0.0
baseline,5500,ood_dev,9,4096,4094,4095,36862,36864,0.99951171875,0.9982212896544476,0.9998660854551866,0.999755859375,0.9986182969663738,0.9999569018847606,0.9999457465277778,0.0017904675284405869,0.0
baseline,5500,ood_dev,10,4096,4090,4092,40954,40960,0.99853515625,0.9968075986857966,0.9993284814578364,0.9990234375,0.9974915571936952,0.9996201704329383,0.999853515625,0.004392176593469577,0.0
baseline,5500,ood_dev,11,4096,4079,4083,45037,45056,0.995849609375,0.9933629968413301,0.9974070221457995,0.996826171875,0.9945771012522003,0.9981442127009305,0.9995783025568182,0.010669648871884707,0.0
baseline,5500,ood_dev,12,4096,4062,4069,49106,49152,0.99169921875,0.9884233098915096,0.9940537054901146,0.993408203125,0.9904260923610462,0.9954656892110803,0.9990641276041666,0.01891599312829917,0.0
baseline,5500,ood_dev,13,4096,4057,4070,53176,53248,0.990478515625,0.9870110133784079,0.9930268832957149,0.99365234375,0.99071517109395,0.9956644342196767,0.9986478365384616,0.02717301335893585,0.0
baseline,5500,ood_dev,14,4096,4035,4054,57230,57344,0.985107421875,0.9809175425035267,0.9883882318575893,0.98974609375,0.9861695639225535,0.9924048615270683,0.9980119977678571,0.03626928702123311,0.0
baseline,5500,ood_dev,15,4096,4018,4043,61273,61440,0.98095703125,0.9762985198015777,0.984714250954033,0.987060546875,0.983114860378963,0.9900935039141554,0.9972819010416667,0.04470055849609533,0.0
baseline,5500,ood_dev,16,4096,3991,4024,65297,65536,0.974365234375,0.9690626764666648,0.9787788532684374,0.982421875,0.9779220041441211,0.9860177090604912,0.9963531494140625,0.06338063803760252,0.0
baseline,5500,ood_dev,17,4096,3967,4012,69309,69632,0.968505859375,0.9627028673707351,0.9734308925683598,0.9794921875,0.9746813618391824,0.9834044664674263,0.995361328125,0.07665826235553252,0.0
baseline,5500,ood_dev,18,4096,3931,3993,73302,73728,0.959716796875,0.9532520220922961,0.9653200831527876,0.974853515625,0.9695953616072256,0.9792218156108773,0.9942220052083334,0.09239713850494646,0.0
baseline,5500,ood_dev,19,4096,3899,3968,77270,77824,0.951904296875,0.9449176066361316,0.9580441388809422,0.96875,0.9629667829716362,0.9736548007089589,0.9928813733552632,0.10787940025489728,0.0
baseline,5500,ood_dev,20,4096,3866,3947,81217,81920,0.94384765625,0.9363725983801838,0.9504909636673797,0.963623046875,0.9574411905686989,0.9689360945403896,0.99141845703125,0.13002523793292053,0.0
baseline,5500,ood_dev,21,4096,3822,3925,85142,86016,0.93310546875,0.9250412981572879,0.9403580192642621,0.958251953125,0.9516851324633817,0.9639600303327001,0.9898390997023809,0.14200972864744799,0.0
baseline,5500,ood_dev,22,4096,3764,3888,89030,90112,0.9189453125,0.9101894761317266,0.9269160642828052,0.94921875,0.9420642079017939,0.9555314764587765,0.9879927201704546,0.16391229898684512,0.0
baseline,5500,ood_dev,23,4096,3718,3871,92901,94208,0.90771484375,0.8984651733694144,0.9162004749361032,0.945068359375,0.9376644744381794,0.9516382063168857,0.9861264436141305,0.19208980868208325,0.0
baseline,5500,ood_dev,24,4096,3663,3840,96741,98304,0.894287109375,0.8844987461372489,0.9033365963857516,0.9375,0.9296692192922852,0.9445109254762704,0.984100341796875,0.2108874087114807,0.0
baseline,5500,ood_dev,25,4096,3605,3810,100551,102400,0.880126953125,0.8698218505154235,0.889719715000559,0.93017578125,0.9219613132494459,0.9375841192741002,0.981943359375,0.24840487255496613,0.0
baseline,5500,ood_dev,26,4096,3543,3768,104319,106496,0.864990234375,0.8541821504695758,0.8751143430733875,0.919921875,0.911211096651605,0.9278457387289282,0.9795579176682693,0.28250324947587613,0.0
baseline,5500,ood_dev,27,4096,3473,3719,108038,110592,0.847900390625,0.8365769684304168,0.8585718632075249,0.907958984375,0.8987196023793654,0.9164338696676525,0.9769061053240741,0.3209480179807749,0.0
baseline,5500,ood_dev,28,4096,3429,3718,111756,114688,0.837158203125,0.8255359841512442,0.8481486028606839,0.90771484375,0.8984651733694144,0.9162004749361032,0.9744349888392857,0.34006641406796767,0.0
baseline,5500,ood_dev,29,4096,3366,3674,115430,118784,0.82177734375,0.8097574842118065,0.833194207085602,0.89697265625,0.8872879701414506,0.9059134335380535,0.9717638739224138,0.38099907796679,0.0
baseline,5500,ood_dev,30,4096,3291,3632,119062,122880,0.803466796875,0.7910154101857612,0.815349500499124,0.88671875,0.8766481917015035,0.8960646148349874,0.9689290364583333,0.4250073392415261,0.0
baseline,5500,ood_dev,31,4096,3245,3607,122669,126976,0.792236328125,0.7795407736168771,0.804384244958994,0.880615234375,0.8703271648689122,0.8901900481300711,0.9660802041330645,0.4518241782342023,0.0
baseline,5500,ood_dev,32,4096,3201,3602,126271,131072,0.781494140625,0.7685785566422971,0.7938822173075601,0.87939453125,0.8690639784398397,0.889014115851642,0.9633712768554688,0.48395675228799484,0.0
baseline,5500,ood_dev,33,4096,3146,3564,129835,135168,0.76806640625,0.7548932907576695,0.7807371774096707,0.8701171875,0.8594742247930802,0.8800665673213897,0.9605453953598485,0.5082346890051541,0.0
baseline,5500,ood_dev,34,4096,3091,3537,133372,139264,0.754638671875,0.7412263625519112,0.7675737998329121,0.863525390625,0.8526710634916235,0.8736984876023381,0.9576918658088235,0.5713674205698398,0.0
baseline,5500,ood_dev,35,4096,3031,3495,136867,143360,0.739990234375,0.7263366903217955,0.7531940475730091,0.853271484375,0.8421044979070987,0.8637764560438498,0.9547084263392858,0.5979249401781237,0.0
baseline,5500,ood_dev,36,4096,2988,3472,140339,147456,0.7294921875,0.7156777792948699,0.7428765377154214,0.84765625,0.8363258316896912,0.8583351762067503,0.9517347547743056,0.6415825158782933,0.0
baseline,6000,dev,1,4096,4096,4096,4096,4096,1.0,0.9990630225926348,0.9999999999999999,1.0,0.9990630225926348,0.9999999999999999,1.0,5.7005858889347394e-05,0.0
baseline,6000,dev,2,4096,4096,4096,8192,8192,1.0,0.9990630225926348,0.9999999999999999,1.0,0.9990630225926348,0.9999999999999999,1.0,4.53875466959186e-05,0.0
baseline,6000,dev,3,4096,4096,4096,12288,12288,1.0,0.9990630225926348,0.9999999999999999,1.0,0.9990630225926348,0.9999999999999999,1.0,5.671855526734326e-05,0.0
baseline,6000,dev,4,4096,4096,4096,16384,16384,1.0,0.9990630225926348,0.9999999999999999,1.0,0.9990630225926348,0.9999999999999999,1.0,8.938227532784282e-05,0.0
baseline,6000,dev,5,4096,4096,4096,20480,20480,1.0,0.9990630225926348,0.9999999999999999,1.0,0.9990630225926348,0.9999999999999999,1.0,0.00032194157259968215,0.0
baseline,6000,dev,6,4096,4096,4096,24576,24576,1.0,0.9990630225926348,0.9999999999999999,1.0,0.9990630225926348,0.9999999999999999,1.0,0.0003870227447750896,0.0
baseline,6000,dev,7,4096,4096,4096,28672,28672,1.0,0.9990630225926348,0.9999999999999999,1.0,0.9990630225926348,0.9999999999999999,1.0,0.0007271721293615752,0.0
baseline,6000,dev,8,4096,4094,4094,32766,32768,0.99951171875,0.9982212896544476,0.9998660854551866,0.99951171875,0.9982212896544476,0.9998660854551866,0.99993896484375,0.002148782555295492,0.0
baseline,6000,dev,9,4096,4085,4085,36851,36864,0.997314453125,0.9951972177470491,0.9984997436890822,0.997314453125,0.9951972177470491,0.9984997436890822,0.9996473524305556,0.005291533280243899,0.0
baseline,6000,dev,10,4096,4079,4083,40934,40960,0.995849609375,0.9933629968413301,0.9974070221457995,0.996826171875,0.9945771012522003,0.9981442127009305,0.999365234375,0.0084035569289167,0.0
baseline,6000,dev,11,4096,4071,4076,45010,45056,0.993896484375,0.9910051126562461,0.995862316398881,0.9951171875,0.9924697076331114,0.9968368401295172,0.9989790482954546,0.01382920840584223,0.0
baseline,6000,dev,12,4096,4058,4072,49082,49152,0.99072265625,0.987292434466316,0.993233285949307,0.994140625,0.9912959670744264,0.996059285722201,0.9985758463541666,0.016595496564475454,0.0
baseline,6000,ood_dev,1,4096,4096,4096,4096,4096,1.0,0.9990630225926348,0.9999999999999999,1.0,0.9990630225926348,0.9999999999999999,1.0,5.729812148036473e-05,0.0
baseline,6000,ood_dev,2,4096,4096,4096,8192,8192,1.0,0.9990630225926348,0.9999999999999999,1.0,0.9990630225926348,0.9999999999999999,1.0,4.54914717105126e-05,0.0
baseline,6000,ood_dev,3,4096,4096,4096,12288,12288,1.0,0.9990630225926348,0.9999999999999999,1.0,0.9990630225926348,0.9999999999999999,1.0,5.674092066709768e-05,0.0
baseline,6000,ood_dev,4,4096,4096,4096,16384,16384,1.0,0.9990630225926348,0.9999999999999999,1.0,0.9990630225926348,0.9999999999999999,1.0,8.627236458735865e-05,0.0
baseline,6000,ood_dev,5,4096,4096,4096,20480,20480,1.0,0.9990630225926348,0.9999999999999999,1.0,0.9990630225926348,0.9999999999999999,1.0,0.00012816672748328095,0.0
baseline,6000,ood_dev,6,4096,4096,4096,24576,24576,1.0,0.9990630225926348,0.9999999999999999,1.0,0.9990630225926348,0.9999999999999999,1.0,0.0003843099837606001,0.0
baseline,6000,ood_dev,7,4096,4095,4095,28671,28672,0.999755859375,0.9986182969663738,0.9999569018847606,0.999755859375,0.9986182969663738,0.9999569018847606,0.9999651227678571,0.000884502734631365,0.0
baseline,6000,ood_dev,8,4096,4091,4091,32762,32768,0.998779296875,0.997145424476127,0.9994784794090062,0.998779296875,0.997145424476127,0.9994784794090062,0.99981689453125,0.0031289868247750263,0.0
baseline,6000,ood_dev,9,4096,4088,4090,36852,36864,0.998046875,0.9961504506055915,0.9990099820550408,0.99853515625,0.9968075986857966,0.9993284814578364,0.9996744791666666,0.0038005831334697593,0.0
baseline,6000,ood_dev,10,4096,4082,4086,40938,40960,0.99658203125,0.9942706398960515,0.9979628503155791,0.99755859375,0.9955114747539533,0.9986733104236785,0.999462890625,0.009239058883655504,0.0
baseline,6000,ood_dev,11,4096,4073,4077,45015,45056,0.994384765625,0.991587789433178,0.9962552871049496,0.995361328125,0.9927660832938955,0.9970282882102334,0.9990900213068182,0.015466268951696893,0.0
baseline,6000,ood_dev,12,4096,4055,4062,49077,49152,0.989990234375,0.9864495949105299,0.9926126542805922,0.99169921875,0.9884233098915096,0.9940537054901146,0.99847412109375,0.022092117895959884,0.0
baseline,6000,ood_dev,13,4096,4035,4050,53127,53248,0.985107421875,0.9809175425035267,0.9883882318575893,0.98876953125,0.9850536128857085,0.9915695175979121,0.9977276141826923,0.03515715358870186,0.0
baseline,6000,ood_dev,14,4096,4014,4034,57161,57344,0.97998046875,0.9752197539009314,0.983841721888678,0.98486328125,0.9806440746636242,0.9881738759559913,0.9968087332589286,0.04087071564618405,0.0
baseline,6000,ood_dev,15,4096,3986,4023,61184,61440,0.97314453125,0.9677329319802243,0.9776694790473764,0.982177734375,0.9776509528256319,0.9858009366374803,0.9958333333333333,0.0538604951532875,0.0
baseline,6000,ood_dev,16,4096,3947,3993,65177,65536,0.963623046875,0.9574411905686989,0.9689360945403896,0.974853515625,0.9695953616072256,0.9792218156108773,0.9945220947265625,0.07009959668058907,0.0
baseline,6000,ood_dev,17,4096,3913,3980,69157,69632,0.955322265625,0.9485573633564719,0.9612339145416062,0.9716796875,0.9661407428071721,0.9763347257714267,0.9931784237132353,0.08974513127974704,0.0
baseline,6000,ood_dev,18,4096,3874,3960,73117,73728,0.94580078125,0.9384400580444845,0.9523260939350815,0.966796875,0.9608577781251862,0.9718612156234064,0.9917127821180556,0.11246024410522493,0.0
baseline,6000,ood_dev,19,4096,3829,3928,77045,77824,0.934814453125,0.9268398754957403,0.9419742081163116,0.958984375,0.9524683163451881,0.9646403176753946,0.989990234375,0.1326419506231986,0.0
baseline,6000,ood_dev,20,4096,3783,3906,80951,81920,0.923583984375,0.915045461521617,0.9313287299814208,0.95361328125,0.946736292289229,0.959640219418347,0.98817138671875,0.15509997121417518,0.0
baseline,6000,ood_dev,21,4096,3737,3866,84817,86016,0.912353515625,0.9033026080618216,0.9206316913322019,0.94384765625,0.9363725983801838,0.9504909636673797,0.9860607328869048,0.19299405991282947,0.0
baseline,6000,ood_dev,22,4096,3683,3835,88652,90112,0.899169921875,0.8895715160954258,0.9080203012575809,0.936279296875,0.9283826877232538,0.9433583383378,0.9837979403409091,0.2293009239678816,0.0
baseline,6000,ood_dev,23,4096,3628,3794,92446,94208,0.8857421875,0.8756362432554049,0.8951252683150849,0.92626953125,0.9178607737962339,0.9338794788633074,0.9812967051630435,0.26902926410654304,0.0
baseline,6000,ood_dev,24,4096,3581,3781,96227,98304,0.874267578125,0.8637621415848652,0.88407165413511,0.923095703125,0.9145339056289837,0.9308646383910534,0.9788716634114584,0.3021559671835514,0.0
baseline,6000,ood_dev,25,4096,3525,3745,99972,102400,0.860595703125,0.8496500987480847,0.870865567447873,0.914306640625,0.9053415639344976,0.9224953253915283,0.9762890625,0.33380016786158384,0.0
baseline,6000,ood_dev,26,4096,3459,3710,103682,106496,0.844482421875,0.8330619395689436,0.8552573596879938,0.90576171875,0.8964304105240852,0.9143326478494298,0.9735764723557693,0.37087738867466835,0.0
baseline,6000,ood_dev,27,4096,3403,3696,107378,110592,0.830810546875,0.8190200915524753,0.8419810781804445,0.90234375,0.8928723632769541,0.9110611627155568,0.9709382233796297,0.39267408584432073,0.0
baseline,6000,ood_dev,28,4096,3346,3662,111040,114688,0.81689453125,0.8047553434565755,0.8284398730108269,0.89404296875,0.8842452751338212,0.903102243647679,0.9681919642857143,0.4224452252554478,0.0
baseline,6000,ood_dev,29,4096,3289,3630,114670,118784,0.802978515625,0.7905162005951941,0.8148730626066906,0.88623046875,0.8761421890699558,0.8955949699835345,0.9653657058189655,0.4630414394448463,0.0
baseline,6000,ood_dev,30,4096,3229,3608,118278,122880,0.788330078125,0.7755530237135057,0.8005668149983604,0.880859375,0.8705798420416913,0.8904251946987922,0.962548828125,0.4886642413004276,0.0
baseline,6000,ood_dev,31,4096,3168,3546,121824,126976,0.7734375,0.7603651334237318,0.7859974570566153,0.86572265625,0.854937847514799,0.8758221172526653,0.9594254032258065,0.5503835839225977,0.0
baseline,6000,ood_dev,32,4096,3095,3502,125326,131072,0.755615234375,0.7422197258900992,0.7685317314607253,0.85498046875,0.8438642894424228,0.865431430699028,0.9561614990234375,0.6036467745745975,0.0
baseline,6000,ood_dev,33,4096,3034,3473,128799,135168,0.74072265625,0.7270807032767356,0.75391350584257,0.847900390625,0.8365769684304168,0.8585718632075249,0.952880859375,0.652042800881901,0.0
baseline,6000,ood_dev,34,4096,2978,3434,132233,139264,0.72705078125,0.7132003531241211,0.7404757264711672,0.83837890625,0.8267897325948298,0.8493339731245998,0.9495131548713235,0.7063111410579948,0.0
baseline,6000,ood_dev,35,4096,2919,3391,135624,143360,0.712646484375,0.6985938892184114,0.7263005896283585,0.827880859375,0.8160147422082297,0.8391325426266866,0.9460379464285714,0.7419701759585129,0.0
baseline,6000,ood_dev,36,4096,2870,3376,139000,147456,0.70068359375,0.6864761437006929,0.714514971812562,0.82421875,0.8122597665518021,0.8355701621606095,0.9426540798611112,0.7897999382402761,0.0
baseline,6500,dev,1,4096,4096,4096,4096,4096,1.0,0.9990630225926348,0.9999999999999999,1.0,0.9990630225926348,0.9999999999999999,1.0,5.684844286824031e-05,0.0
baseline,6500,dev,2,4096,4096,4096,8192,8192,1.0,0.9990630225926348,0.9999999999999999,1.0,0.9990630225926348,0.9999999999999999,1.0,4.4562353982424696e-05,0.0
baseline,6500,dev,3,4096,4096,4096,12288,12288,1.0,0.9990630225926348,0.9999999999999999,1.0,0.9990630225926348,0.9999999999999999,1.0,5.742677551112685e-05,0.0
baseline,6500,dev,4,4096,4096,4096,16384,16384,1.0,0.9990630225926348,0.9999999999999999,1.0,0.9990630225926348,0.9999999999999999,1.0,7.922365664247977e-05,0.0
baseline,6500,dev,5,4096,4096,4096,20480,20480,1.0,0.9990630225926348,0.9999999999999999,1.0,0.9990630225926348,0.9999999999999999,1.0,0.0001326374551375853,0.0
baseline,6500,dev,6,4096,4095,4095,24575,24576,0.999755859375,0.9986182969663738,0.9999569018847606,0.999755859375,0.9986182969663738,0.9999569018847606,0.9999593098958334,0.0004948670573592384,0.0
baseline,6500,dev,7,4096,4094,4095,28670,28672,0.99951171875,0.9982212896544476,0.9998660854551866,0.999755859375,0.9986182969663738,0.9999569018847606,0.9999302455357143,0.0009930865390646026,0.0
baseline,6500,dev,8,4096,4093,4095,32765,32768,0.999267578125,0.9978486714629491,0.9997508799051849,0.999755859375,0.9986182969663738,0.9999569018847606,0.999908447265625,0.0014071205712702373,0.0
baseline,6500,dev,9,4096,4089,4091,36856,36864,0.998291015625,0.9964763422189936,0.9991719141831389,0.998779296875,0.997145424476127,0.9994784794090062,0.9997829861111112,0.0031821886296461432,0.0
baseline,6500,dev,10,4096,4084,4089,40945,40960,0.9970703125,0.9948858699188933,0.9983232677757378,0.998291015625,0.9964763422189936,0.9991719141831389,0.9996337890625,0.006403937598359999,0.0
baseline,6500,dev,11,4096,4076,4080,45025,45056,0.9951171875,0.9924697076331114,0.9968368401295172,0.99609375,0.9936637657680687,0.9975940769605611,0.9993119673295454,0.011553893249362401,0.0
baseline,6500,dev,12,4096,4066,4073,49098,49152,0.99267578125,0.9895635962243474,0.994864714123278,0.994384765625,0.991587789433178,0.9962552871049496,0.9989013671875,0.019398440366838132,0.0
baseline,6500,ood_dev,1,4096,4096,4096,4096,4096,1.0,0.9990630225926348,0.9999999999999999,1.0,0.9990630225926348,0.9999999999999999,1.0,5.701659441204043e-05,0.0
baseline,6500,ood_dev,2,4096,4096,4096,8192,8192,1.0,0.9990630225926348,0.9999999999999999,1.0,0.9990630225926348,0.9999999999999999,1.0,4.548923307012842e-05,0.0
baseline,6500,ood_dev,3,4096,4096,4096,12288,12288,1.0,0.9990630225926348,0.9999999999999999,1.0,0.9990630225926348,0.9999999999999999,1.0,5.4103780587899664e-05,0.0
baseline,6500,ood_dev,4,4096,4096,4096,16384,16384,1.0,0.9990630225926348,0.9999999999999999,1.0,0.9990630225926348,0.9999999999999999,1.0,7.851377904288803e-05,0.0
baseline,6500,ood_dev,5,4096,4096,4096,20480,20480,1.0,0.9990630225926348,0.9999999999999999,1.0,0.9990630225926348,0.9999999999999999,1.0,0.00012106408335399443,0.0
baseline,6500,ood_dev,6,4096,4095,4095,24575,24576,0.999755859375,0.9986182969663738,0.9999569018847606,0.999755859375,0.9986182969663738,0.9999569018847606,0.9999593098958334,0.0006359202719212753,0.0
baseline,6500,ood_dev,7,4096,4095,4095,28670,28672,0.999755859375,0.9986182969663738,0.9999569018847606,0.999755859375,0.9986182969663738,0.9999569018847606,0.9999302455357143,0.0006886181024376992,0.0
baseline,6500,ood_dev,8,4096,4095,4095,32765,32768,0.999755859375,0.9986182969663738,0.9999569018847606,0.999755859375,0.9986182969663738,0.9999569018847606,0.999908447265625,0.001314809299702624,0.0
baseline,6500,ood_dev,9,4096,4092,4092,36857,36864,0.9990234375,0.9974915571936952,0.9996201704329383,0.9990234375,0.9974915571936952,0.9996201704329383,0.9998101128472222,0.0025745330676143485,0.0
baseline,6500,ood_dev,10,4096,4089,4090,40947,40960,0.998291015625,0.9964763422189936,0.9991719141831389,0.99853515625,0.9968075986857966,0.9993284814578364,0.9996826171875,0.004860637672859935,0.0
baseline,6500,ood_dev,11,4096,4080,4081,45028,45056,0.99609375,0.9936637657680687,0.9975940769605611,0.996337890625,0.9939662587473084,0.9977794077228217,0.9993785511363636,0.01175118984386847,0.0
baseline,6500,ood_dev,12,4096,4070,4076,49104,49152,0.99365234375,0.99071517109395,0.9956644342196767,0.9951171875,0.9924697076331114,0.9968368401295172,0.9990234375,0.018776434607859604,0.0
baseline,6500,ood_dev,13,4096,4059,4070,53174,53248,0.990966796875,0.9875743543279273,0.993439189829196,0.99365234375,0.99071517109395,0.9956644342196767,0.9986102764423077,0.023804805866635803,0.0
baseline,6500,ood_dev,14,4096,4040,4052,57226,57344,0.986328125,0.9822887695283722,0.9894561235402453,0.9892578125,0.9856107816089336,0.9919879963576875,0.9979422433035714,0.03117967581638359,0.0
baseline,6500,ood_dev,15,4096,4021,4042,61268,61440,0.981689453125,0.9771094258840555,0.9853668160960561,0.98681640625,0.9828391999625007,0.9898813405891173,0.9972005208333333,0.040497082621738345,0.0
baseline,6500,ood_dev,16,4096,3994,4027,65295,65536,0.97509765625,0.969861879182557,0.9794431217770462,0.983154296875,0.978736356856804,0.9866668275723093,0.9963226318359375,0.051893440653261624,0.0
baseline,6500,ood_dev,17,4096,3965,4009,69304,69632,0.968017578125,0.96217528928926,0.9729828231668342,0.978759765625,0.9738749487182478,0.98274740836386,0.9952895220588235,0.06629527848874206,0.0
baseline,6500,ood_dev,18,4096,3933,3992,73296,73728,0.960205078125,0.9537747892075905,0.9657729635204937,0.974609375,0.9693289612445153,0.9790003922320873,0.994140625,0.08164408385093713,0.0
baseline,6500,ood_dev,19,4096,3899,3960,77256,77824,0.951904296875,0.9449176066361316,0.9580441388809422,0.966796875,0.9608577781251862,0.9718612156234064,0.9927014802631579,0.1039906036307221,0.0
baseline,6500,ood_dev,20,4096,3870,3956,81212,81920,0.94482421875,0.9374060235316193,0.9514088334819455,0.9658203125,0.9598051873478303,0.9709625114347612,0.991357421875,0.12013804057810362,0.0
baseline,6500,ood_dev,21,4096,3827,3936,85148,86016,0.934326171875,0.9263258477580073,0.9415125883710441,0.9609375,0.9545593952649127,0.9664518286876724,0.9899088541666666,0.14427633160951148,0.0
baseline,6500,ood_dev,22,4096,3782,3898,89046,90112,0.92333984375,0.9147896715191604,0.931096696242377,0.95166015625,0.9446579820358394,0.9578159397397341,0.9881702769886364,0.1675593435953402,0.0
baseline,6500,ood_dev,23,4096,3730,3870,92916,94208,0.91064453125,0.9015195779849158,0.9189999552186056,0.94482421875,0.9374060235316193,0.9514088334819455,0.9862856657608695,0.18807979894189608,0.0
baseline,6500,ood_dev,24,4096,3692,3843,96759,98304,0.9013671875,0.8918564110099307,0.9101258200165789,0.938232421875,0.9304415206592828,0.9452020953337735,0.984283447265625,0.2188377656644016,0.0
baseline,6500,ood_dev,25,4096,3647,3810,100569,102400,0.890380859375,0.8804450553276408,0.8995851073313548,0.93017578125,0.9219613132494459,0.9375841192741002,0.982119140625,0.24706951336718186,0.0
baseline,6500,ood_dev,26,4096,3600,3779,104348,106496,0.87890625,0.8685587962878935,0.8885436505205876,0.922607421875,0.9140224457668371,0.9304004507701995,0.9798302283653846,0.280084829570743,0.0
baseline,6500,ood_dev,27,4096,3564,3772,108120,110592,0.8701171875,0.8594742247930802,0.8800665673213897,0.9208984375,0.9122330806334249,0.9287750497131095,0.9776475694444444,0.30522306161605295,0.0
baseline,6500,ood_dev,28,4096,3513,3742,111862,114688,0.857666015625,0.8466307109457992,0.8680310703521549,0.91357421875,0.9045768022865681,0.9217966158149569,0.9753592354910714,0.3473770280634285,0.0
baseline,6500,ood_dev,29,4096,3460,3707,115569,118784,0.8447265625,0.8333129502985477,0.8554941726998899,0.905029296875,0.895667676917727,0.9136319102312873,0.9729340651939655,0.3793689602381052,0.0
baseline,6500,ood_dev,30,4096,3391,3655,119224,122880,0.827880859375,0.8160147422082297,0.8391325426266866,0.892333984375,0.882471412102709,0.9014613404882891,0.9702473958333333,0.4205309478148185,0.0
baseline,6500,ood_dev,31,4096,3330,3618,122842,126976,0.81298828125,0.800755902385727,0.8246341342176703,0.88330078125,0.8731073554786435,0.8927759186768431,0.9674426663306451,0.45508969180798275,0.0
baseline,6500,ood_dev,32,4096,3277,3592,126434,131072,0.800048828125,0.787521548063553,0.812013830240328,0.876953125,0.8665385889668974,0.8866612679095812,0.9646148681640625,0.49227863767028057,0.0
baseline,6500,ood_dev,33,4096,3226,3578,130012,135168,0.78759765625,0.7748055120625974,0.7998508554247676,0.87353515625,0.8630051925365302,0.8833651319589441,0.9618548768939394,0.5230252692308155,0.0
baseline,6500,ood_dev,34,4096,3178,3558,133570,139264,0.77587890625,0.7628533235793794,0.7883875043159708,0.86865234375,0.8579616760370784,0.8786521736283895,0.9591136259191176,0.5637356456878082,0.0
baseline,6500,ood_dev,35,4096,3130,3544,137114,143360,0.76416015625,0.7509156145098268,0.7769096737935086,0.865234375,0.8544340380494773,0.8753502792349863,0.9564313616071428,0.591980146118305,0.0
baseline,6500,ood_dev,36,4096,3073,3494,140608,147456,0.750244140625,0.7367573541908395,0.7632619808469782,0.85302734375,0.841853140376231,0.8635399898332172,0.9535590277777778,0.6504689399381467,0.0
baseline,7000,dev,1,4096,4096,4096,4096,4096,1.0,0.9990630225926348,0.9999999999999999,1.0,0.9990630225926348,0.9999999999999999,1.0,4.09824861238306e-05,0.0
baseline,7000,dev,2,4096,4096,4096,8192,8192,1.0,0.9990630225926348,0.9999999999999999,1.0,0.9990630225926348,0.9999999999999999,1.0,3.424073283087026e-05,0.0
baseline,7000,dev,3,4096,4096,4096,12288,12288,1.0,0.9990630225926348,0.9999999999999999,1.0,0.9990630225926348,0.9999999999999999,1.0,4.30588690716327e-05,0.0
baseline,7000,dev,4,4096,4096,4096,16384,16384,1.0,0.9990630225926348,0.9999999999999999,1.0,0.9990630225926348,0.9999999999999999,1.0,5.684690044227558e-05,0.0
baseline,7000,dev,5,4096,4096,4096,20480,20480,1.0,0.9990630225926348,0.9999999999999999,1.0,0.9990630225926348,0.9999999999999999,1.0,9.373796033962378e-05,0.0
baseline,7000,dev,6,4096,4096,4096,24576,24576,1.0,0.9990630225926348,0.9999999999999999,1.0,0.9990630225926348,0.9999999999999999,1.0,0.00013008922906410092,0.0
baseline,7000,dev,7,4096,4096,4096,28672,28672,1.0,0.9990630225926348,0.9999999999999999,1.0,0.9990630225926348,0.9999999999999999,1.0,0.00041159933631429446,0.0
baseline,7000,dev,8,4096,4094,4094,32766,32768,0.99951171875,0.9982212896544476,0.9998660854551866,0.99951171875,0.9982212896544476,0.9998660854551866,0.99993896484375,0.0011275708707567667,0.0
baseline,7000,dev,9,4096,4093,4095,36861,36864,0.999267578125,0.9978486714629491,0.9997508799051849,0.999755859375,0.9986182969663738,0.9999569018847606,0.9999186197916666,0.001290110783870535,0.0
baseline,7000,dev,10,4096,4092,4094,40955,40960,0.9990234375,0.9974915571936952,0.9996201704329383,0.99951171875,0.9982212896544476,0.9998660854551866,0.9998779296875,0.0033970456813892103,0.0
baseline,7000,dev,11,4096,4087,4090,45045,45056,0.997802734375,0.9958290482073086,0.9988435607118235,0.99853515625,0.9968075986857966,0.9993284814578364,0.999755859375,0.005556887259958954,0.0
baseline,7000,dev,12,4096,4083,4089,49134,49152,0.996826171875,0.9945771012522003,0.9981442127009305,0.998291015625,0.9964763422189936,0.9991719141831389,0.9996337890625,0.006027331805628089,0.0
baseline,7000,ood_dev,1,4096,4096,4096,4096,4096,1.0,0.9990630225926348,0.9999999999999999,1.0,0.9990630225926348,0.9999999999999999,1.0,4.041207059257701e-05,0.0
baseline,7000,ood_dev,2,4096,4096,4096,8192,8192,1.0,0.9990630225926348,0.9999999999999999,1.0,0.9990630225926348,0.9999999999999999,1.0,3.365385792153397e-05,0.0
baseline,7000,ood_dev,3,4096,4096,4096,12288,12288,1.0,0.9990630225926348,0.9999999999999999,1.0,0.9990630225926348,0.9999999999999999,1.0,4.014015668207804e-05,0.0
baseline,7000,ood_dev,4,4096,4096,4096,16384,16384,1.0,0.9990630225926348,0.9999999999999999,1.0,0.9990630225926348,0.9999999999999999,1.0,5.265018135203192e-05,0.0
baseline,7000,ood_dev,5,4096,4096,4096,20480,20480,1.0,0.9990630225926348,0.9999999999999999,1.0,0.9990630225926348,0.9999999999999999,1.0,8.431351126869657e-05,0.0
baseline,7000,ood_dev,6,4096,4096,4096,24576,24576,1.0,0.9990630225926348,0.9999999999999999,1.0,0.9990630225926348,0.9999999999999999,1.0,0.00023287700749152762,0.0
baseline,7000,ood_dev,7,4096,4096,4096,28672,28672,1.0,0.9990630225926348,0.9999999999999999,1.0,0.9990630225926348,0.9999999999999999,1.0,0.00029226882320232406,0.0
baseline,7000,ood_dev,8,4096,4096,4096,32768,32768,1.0,0.9990630225926348,0.9999999999999999,1.0,0.9990630225926348,0.9999999999999999,1.0,0.0006002053127847073,0.0
baseline,7000,ood_dev,9,4096,4096,4096,36864,36864,1.0,0.9990630225926348,0.9999999999999999,1.0,0.9990630225926348,0.9999999999999999,1.0,0.0010483941483589998,0.0
baseline,7000,ood_dev,10,4096,4093,4093,40957,40960,0.999267578125,0.9978486714629491,0.9997508799051849,0.999267578125,0.9978486714629491,0.9997508799051849,0.9999267578125,0.0027977077849759002,0.0
baseline,7000,ood_dev,11,4096,4088,4089,45046,45056,0.998046875,0.9961504506055915,0.9990099820550408,0.998291015625,0.9964763422189936,0.9991719141831389,0.9997780539772727,0.005351752531544962,0.0
baseline,7000,ood_dev,12,4096,4081,4087,49133,49152,0.996337890625,0.9939662587473084,0.9977794077228217,0.997802734375,0.9958290482073086,0.9988435607118235,0.9996134440104166,0.008168482737882732,0.0
baseline,7000,ood_dev,13,4096,4079,4084,53217,53248,0.995849609375,0.9933629968413301,0.9974070221457995,0.9970703125,0.9948858699188933,0.9983232677757378,0.9994178185096154,0.012758972580518169,0.0
baseline,7000,ood_dev,14,4096,4067,4075,57292,57344,0.992919921875,0.9898503448988859,0.9950657891902398,0.994873046875,0.9921745882319427,0.9966441357891856,0.9990931919642857,0.018506597913222622,0.0
baseline,7000,ood_dev,15,4096,4059,4068,61360,61440,0.990966796875,0.9875743543279273,0.993439189829196,0.9931640625,0.9901378308615215,0.9952661269691047,0.9986979166666666,0.02576662083667136,0.0
baseline,7000,ood_dev,16,4096,4042,4055,65415,65536,0.98681640625,0.9828391999625007,0.9898813405891173,0.989990234375,0.9864495949105299,0.9926126542805922,0.9981536865234375,0.03171006115519326,0.0
baseline,7000,ood_dev,17,4096,4021,4047,69462,69632,0.981689453125,0.9771094258840555,0.9853668160960561,0.988037109375,0.9842206673133682,0.9909389919457514,0.99755859375,0.03900000708623841,0.0
baseline,7000,ood_dev,18,4096,3994,4027,73489,73728,0.97509765625,0.969861879182557,0.9794431217770462,0.983154296875,0.978736356856804,0.9866668275723093,0.9967583550347222,0.05014723654515829,0.0
baseline,7000,ood_dev,19,4096,3966,4019,77508,77824,0.96826171875,0.9624390364554394,0.973206899742155,0.981201171875,0.9765686419356131,0.9849319525614978,0.9959395559210527,0.054254076852499056,0.0
baseline,7000,ood_dev,20,4096,3938,4009,81517,81920,0.96142578125,0.9550827758957496,0.9669040955398363,0.978759765625,0.9738749487182478,0.98274740836386,0.99508056640625,0.06408296762924648,0.0
baseline,7000,ood_dev,21,4096,3911,3997,85514,86016,0.954833984375,0.9480368065317946,0.9607788238832828,0.975830078125,0.9706621520616038,0.9801063201225003,0.9941638764880952,0.0826126844325763,0.0
baseline,7000,ood_dev,22,4096,3871,3964,89478,90112,0.945068359375,0.9376644744381794,0.9516382063168857,0.9677734375,0.9619116249533165,0.9727586637612774,0.9929643110795454,0.10138623102421107,0.0
baseline,7000,ood_dev,23,4096,3824,3935,93413,94208,0.93359375,0.92555502965908,0.9408199352454705,0.960693359375,0.9542977984787171,0.9662256017323678,0.991561226222826,0.1314168178919113,0.0
baseline,7000,ood_dev,24,4096,3779,3900,97313,98304,0.922607421875,0.9140224457668371,0.9304004507701995,0.9521484375,0.9451772774654191,0.9582722917931549,0.9899190266927084,0.14742147731966893,0.0
baseline,7000,ood_dev,25,4096,3733,3880,101193,102400,0.911376953125,0.9022836148178496,0.9196993896101727,0.947265625,0.9399922864751624,0.9537008079534055,0.988212890625,0.17072899795654872,0.0
baseline,7000,ood_dev,26,4096,3686,3858,105051,106496,0.89990234375,0.8903329959119337,0.908722292665574,0.94189453125,0.9343075174163912,0.9486534546991697,0.9864314152644231,0.19375925580037956,0.0
baseline,7000,ood_dev,27,4096,3642,3833,108884,110592,0.88916015625,0.8791790684271216,0.8984119755243726,0.935791015625,0.9278682941984233,0.94289708437963,0.9845558449074074,0.2281094403028714,0.0
baseline,7000,ood_dev,28,4096,3605,3824,112708,114688,0.880126953125,0.8698218505154235,0.889719715000559,0.93359375,0.92555502965908,0.9408199352454705,0.9827357700892857,0.2516273914710956,0.0
baseline,7000,ood_dev,29,4096,3551,3790,116498,118784,0.866943359375,0.8561975725255366,0.8770015109494291,0.92529296875,0.9168366756670765,0.9329522820264635,0.9807549838362069,0.26990706309085755,0.0
baseline,7000,ood_dev,30,4096,3513,3764,120262,122880,0.857666015625,0.8466307109457992,0.8680310703521549,0.9189453125,0.9101894761317266,0.9269160642828052,0.9786946614583333,0.2994874374870946,0.0
baseline,7000,ood_dev,31,4096,3462,3728,123990,126976,0.84521484375,0.8338150005188198,0.8559677699626185,0.91015625,0.9010103180945493,0.9185335676259713,0.9764837449596774,0.3319763240333655,0.0
baseline,7000,ood_dev,32,4096,3427,3715,127705,131072,0.836669921875,0.8250345481893915,0.8476743913395359,0.906982421875,0.8977019985342092,0.9155001785468075,0.9743118286132812,0.3595339716070862,0.0
baseline,7000,ood_dev,33,4096,3376,3695,131400,135168,0.82421875,0.8122597665518021,0.8355701621606095,0.902099609375,0.8926183492901923,0.9108273529608181,0.9721235795454546,0.38105936061429224,0.0
baseline,7000,ood_dev,34,4096,3323,3645,135045,139264,0.811279296875,0.7990067679900137,0.8229685024228814,0.889892578125,0.8799386161345828,0.8991158990414121,0.9697050206801471,0.44008286420288534,0.0
baseline,7000,ood_dev,35,4096,3279,3633,138678,143360,0.800537109375,0.7880205851927248,0.8124904405941568,0.886962890625,0.8769012144234478,0.8962994158545434,0.9673409598214285,0.46969824827032003,0.0
baseline,7000,ood_dev,36,4096,3213,3591,142269,147456,0.784423828125,0.7715669842082322,0.7967476746396289,0.876708984375,0.8662861211444994,0.8864259119904789,0.9648234049479166,0.5048536311347374,0.0
baseline,7500,dev,1,4096,4096,4096,4096,4096,1.0,0.9990630225926348,0.9999999999999999,1.0,0.9990630225926348,0.9999999999999999,1.0,3.497389289464081e-05,0.0
baseline,7500,dev,2,4096,4096,4096,8192,8192,1.0,0.9990630225926348,0.9999999999999999,1.0,0.9990630225926348,0.9999999999999999,1.0,3.0181337539625375e-05,0.0
baseline,7500,dev,3,4096,4096,4096,12288,12288,1.0,0.9990630225926348,0.9999999999999999,1.0,0.9990630225926348,0.9999999999999999,1.0,3.82287545934723e-05,0.0
baseline,7500,dev,4,4096,4096,4096,16384,16384,1.0,0.9990630225926348,0.9999999999999999,1.0,0.9990630225926348,0.9999999999999999,1.0,5.4151186474449275e-05,0.0
baseline,7500,dev,5,4096,4096,4096,20480,20480,1.0,0.9990630225926348,0.9999999999999999,1.0,0.9990630225926348,0.9999999999999999,1.0,8.896745306197218e-05,0.0
baseline,7500,dev,6,4096,4095,4095,24575,24576,0.999755859375,0.9986182969663738,0.9999569018847606,0.999755859375,0.9986182969663738,0.9999569018847606,0.9999593098958334,0.0007934845434547366,0.0
baseline,7500,dev,7,4096,4094,4095,28670,28672,0.99951171875,0.9982212896544476,0.9998660854551866,0.999755859375,0.9986182969663738,0.9999569018847606,0.9999302455357143,0.000869856973990002,0.0
baseline,7500,dev,8,4096,4092,4094,32764,32768,0.9990234375,0.9974915571936952,0.9996201704329383,0.99951171875,0.9982212896544476,0.9998660854551866,0.9998779296875,0.001986162739150421,0.0
baseline,7500,dev,9,4096,4085,4088,36852,36864,0.997314453125,0.9951972177470491,0.9984997436890822,0.998046875,0.9961504506055915,0.9990099820550408,0.9996744791666666,0.005179325097727228,0.0
baseline,7500,dev,10,4096,4083,4087,40939,40960,0.996826171875,0.9945771012522003,0.9981442127009305,0.997802734375,0.9958290482073086,0.9988435607118235,0.9994873046875,0.007039079504190582,0.0
baseline,7500,dev,11,4096,4072,4076,45015,45056,0.994140625,0.9912959670744264,0.996059285722201,0.9951171875,0.9924697076331114,0.9968368401295172,0.9990900213068182,0.01362733614980427,0.0
baseline,7500,dev,12,4096,4060,4070,49085,49152,0.9912109375,0.9878567926156614,0.9936445752829621,0.99365234375,0.99071517109395,0.9956644342196767,0.9986368815104166,0.019923261257527303,0.0
baseline,7500,ood_dev,1,4096,4096,4096,4096,4096,1.0,0.9990630225926348,0.9999999999999999,1.0,0.9990630225926348,0.9999999999999999,1.0,3.51621565943816e-05,0.0
baseline,7500,ood_dev,2,4096,4096,4096,8192,8192,1.0,0.9990630225926348,0.9999999999999999,1.0,0.9990630225926348,0.9999999999999999,1.0,3.005868613836782e-05,0.0
baseline,7500,ood_dev,3,4096,4096,4096,12288,12288,1.0,0.9990630225926348,0.9999999999999999,1.0,0.9990630225926348,0.9999999999999999,1.0,3.7973503796528973e-05,0.0
baseline,7500,ood_dev,4,4096,4096,4096,16384,16384,1.0,0.9990630225926348,0.9999999999999999,1.0,0.9990630225926348,0.9999999999999999,1.0,5.294317287862782e-05,0.0
baseline,7500,ood_dev,5,4096,4096,4096,20480,20480,1.0,0.9990630225926348,0.9999999999999999,1.0,0.9990630225926348,0.9999999999999999,1.0,9.253321942304105e-05,0.0
baseline,7500,ood_dev,6,4096,4096,4096,24576,24576,1.0,0.9990630225926348,0.9999999999999999,1.0,0.9990630225926348,0.9999999999999999,1.0,0.00024400189397244532,0.0
baseline,7500,ood_dev,7,4096,4095,4095,28671,28672,0.999755859375,0.9986182969663738,0.9999569018847606,0.999755859375,0.9986182969663738,0.9999569018847606,0.9999651227678571,0.0008202597115820609,0.0
baseline,7500,ood_dev,8,4096,4092,4092,32763,32768,0.9990234375,0.9974915571936952,0.9996201704329383,0.9990234375,0.9974915571936952,0.9996201704329383,0.999847412109375,0.002935996625247128,0.0
baseline,7500,ood_dev,9,4096,4086,4087,36850,36864,0.99755859375,0.9955114747539533,0.9986733104236785,0.997802734375,0.9958290482073086,0.9988435607118235,0.9996202256944444,0.006489413232758201,0.0
baseline,7500,ood_dev,10,4096,4080,4085,40935,40960,0.99609375,0.9936637657680687,0.9975940769605611,0.997314453125,0.9951972177470491,0.9984997436890822,0.9993896484375,0.007622727007178032,0.0
baseline,7500,ood_dev,11,4096,4067,4075,45010,45056,0.992919921875,0.9898503448988859,0.9950657891902398,0.994873046875,0.9921745882319427,0.9966441357891856,0.9989790482954546,0.014665127763026753,0.0
baseline,7500,ood_dev,12,4096,4055,4066,49076,49152,0.989990234375,0.9864495949105299,0.9926126542805922,0.99267578125,0.9895635962243474,0.994864714123278,0.9984537760416666,0.022133141457581385,0.0
baseline,7500,ood_dev,13,4096,4038,4058,53134,53248,0.98583984375,0.9817394754367362,0.9890297701488805,0.99072265625,0.987292434466316,0.993233285949307,0.9978590745192307,0.02978660000477351,0.0
baseline,7500,ood_dev,14,4096,4019,4047,57181,57344,0.981201171875,0.9765686419356131,0.9849319525614978,0.988037109375,0.9842206673133682,0.9909389919457514,0.9971575055803571,0.03965338550073838,0.0
baseline,7500,ood_dev,15,4096,3990,4026,61207,61440,0.97412109375,0.9687965056840521,0.9785572003095498,0.98291015625,0.9784647020408669,0.9864506586467462,0.9962076822916667,0.0526842349884491,0.0
baseline,7500,ood_dev,16,4096,3959,4006,65213,65536,0.966552734375,0.9605945147420692,0.971636655265023,0.97802734375,0.9730698833974413,0.9820890024601655,0.9950714111328125,0.06817741804388344,0.0
baseline,7500,ood_dev,17,4096,3918,3979,69192,69632,0.95654296875,0.9498596607971911,0.9623707358083885,0.971435546875,0.9658757308170035,0.976111914020095,0.9936810661764706,0.08305429584748691,0.0
baseline,7500,ood_dev,18,4096,3873,3959,73151,73728,0.945556640625,0.9381814914524192,0.9520968367856465,0.966552734375,0.9605945147420692,0.971636655265023,0.9921739366319444,0.10302930643197916,0.0
baseline,7500,ood_dev,19,4096,3838,3949,77100,77824,0.93701171875,0.9291545119210666,0.9440499853644883,0.964111328125,0.9579660236105576,0.9693869089815317,0.9906969572368421,0.11578665683601375,0.0
baseline,7500,ood_dev,20,4096,3788,3907,81007,81920,0.9248046875,0.9163247769466819,0.9324885332638574,0.953857421875,0.9469962963333816,0.9598680391156946,0.98885498046875,0.1512408200689872,0.0
baseline,7500,ood_dev,21,4096,3739,3882,84889,86016,0.912841796875,0.9038122249393785,0.9210977219376457,0.94775390625,0.9405100178795183,0.9541587240320502,0.9868977864583334,0.17104400471577952,0.0
baseline,7500,ood_dev,22,4096,3682,3840,88729,90112,0.89892578125,0.889317722865057,0.9077862707464496,0.9375,0.9296692192922852,0.9445109254762704,0.9846524325284091,0.21756949921503255,0.0
baseline,7500,ood_dev,23,4096,3626,3822,92551,94208,0.88525390625,0.875130353941446,0.894655510146043,0.93310546875,0.9250412981572879,0.9403580192642621,0.9824112601902174,0.2356516900247987,0.0
baseline,7500,ood_dev,24,4096,3572,3794,96345,98304,0.8720703125,0.86149162812159,0.8819517539248823,0.92626953125,0.9178607737962339,0.9338794788633074,0.980072021484375,0.27499723363390527,0.0
baseline,7500,ood_dev,25,4096,3512,3760,100105,102400,0.857421875,0.8463791651916867,0.8677947923647672,0.91796875,0.9091682131124504,0.9259860323360801,0.977587890625,0.30879557175215444,0.0
baseline,7500,ood_dev,26,4096,3462,3743,103848,106496,0.84521484375,0.8338150005188198,0.8559677699626185,0.913818359375,0.9048317022533956,0.9220295395896299,0.9751352163461539,0.3430338812532796,0.0
baseline,7500,ood_dev,27,4096,3399,3700,107548,110592,0.829833984375,0.8180181714909365,0.8410317032759822,0.9033203125,0.8938885935671609,0.9119962273913512,0.9724754050925926,0.3844329571502034,0.0
baseline,7500,ood_dev,28,4096,3336,3657,111205,114688,0.814453125,0.8022554598097227,0.8260615192426766,0.892822265625,0.8829781530794668,0.901930246994532,0.9696306501116071,0.42667119473485515,0.0
baseline,7500,ood_dev,29,4096,3286,3639,114844,118784,0.80224609375,0.7897674404539782,0.8141583515234055,0.888427734375,0.8784196529935242,0.897707919733469,0.9668305495689655,0.45945628110816794,0.0
baseline,7500,ood_dev,30,4096,3225,3600,118444,122880,0.787353515625,0.7745563548344684,0.7996121889113964,0.87890625,0.8685587962878935,0.8885436505205876,0.9638997395833333,0.5047834667773516,0.0
baseline,7500,ood_dev,31,4096,3169,3559,122003,126976,0.773681640625,0.7606139243826091,0.7862364898392384,0.868896484375,0.8582137378213254,0.878887935585643,0.9608351184475806,0.5483735850086962,0.0
baseline,7500,ood_dev,32,4096,3100,3526,125529,131072,0.7568359375,0.7434615592533041,0.7697290168050218,0.86083984375,0.8499017850055347,0.8711017049319235,0.9577102661132812,0.6012188333587336,0.0
baseline,7500,ood_dev,33,4096,3047,3507,129036,135168,0.743896484375,0.7303053240053347,0.757030593753475,0.856201171875,0.845121595652109,0.8666132431968432,0.9546342329545454,0.6475523527184852,0.0
baseline,7500,ood_dev,34,4096,2986,3463,132499,139264,0.72900390625,0.7151822526290004,0.7423964168982904,0.845458984375,0.8340660400464522,0.8562045541764863,0.9514231962316176,0.671233064590375,0.0
baseline,7500,ood_dev,35,4096,2916,3404,135903,143360,0.7119140625,0.6978516515689882,0.7255793560532807,0.8310546875,0.819270593124671,0.8422184003497494,0.9479840959821428,0.7523928329374503,0.0
baseline,7500,ood_dev,36,4096,2860,3383,139286,147456,0.6982421875,0.6840045468241523,0.7121083312740993,0.825927734375,0.8140118545714705,0.8372328403314433,0.9445936414930556,0.8008714081509181,0.0
baseline,8000,dev,1,4096,4096,4096,4096,4096,1.0,0.9990630225926348,0.9999999999999999,1.0,0.9990630225926348,0.9999999999999999,1.0,2.6468725539352533e-05,0.0
baseline,8000,dev,2,4096,4096,4096,8192,8192,1.0,0.9990630225926348,0.9999999999999999,1.0,0.9990630225926348,0.9999999999999999,1.0,2.3631817701486035e-05,0.0
baseline,8000,dev,3,4096,4096,4096,12288,12288,1.0,0.9990630225926348,0.9999999999999999,1.0,0.9990630225926348,0.9999999999999999,1.0,2.984511417569724e-05,0.0
baseline,8000,dev,4,4096,4096,4096,16384,16384,1.0,0.9990630225926348,0.9999999999999999,1.0,0.9990630225926348,0.9999999999999999,1.0,4.0499712795183385e-05,0.0
baseline,8000,dev,5,4096,4096,4096,20480,20480,1.0,0.9990630225926348,0.9999999999999999,1.0,0.9990630225926348,0.9999999999999999,1.0,6.642359488262528e-05,0.0
baseline,8000,dev,6,4096,4096,4096,24576,24576,1.0,0.9990630225926348,0.9999999999999999,1.0,0.9990630225926348,0.9999999999999999,1.0,0.00011911898553829126,0.0
baseline,8000,dev,7,4096,4096,4096,28672,28672,1.0,0.9990630225926348,0.9999999999999999,1.0,0.9990630225926348,0.9999999999999999,1.0,0.000420682659710403,0.0
baseline,8000,dev,8,4096,4095,4095,32767,32768,0.999755859375,0.9986182969663738,0.9999569018847606,0.999755859375,0.9986182969663738,0.9999569018847606,0.999969482421875,0.0009508133986619871,0.0
baseline,8000,dev,9,4096,4093,4094,36861,36864,0.999267578125,0.9978486714629491,0.9997508799051849,0.99951171875,0.9982212896544476,0.9998660854551866,0.9999186197916666,0.0015964517666080535,0.0
baseline,8000,dev,10,4096,4088,4089,40950,40960,0.998046875,0.9961504506055915,0.9990099820550408,0.998291015625,0.9964763422189936,0.9991719141831389,0.999755859375,0.0039291337144813365,0.0
baseline,8000,dev,11,4096,4085,4088,45038,45056,0.997314453125,0.9951972177470491,0.9984997436890822,0.998046875,0.9961504506055915,0.9990099820550408,0.9996004971590909,0.007132868428306738,0.0
baseline,8000,dev,12,4096,4075,4078,49116,49152,0.994873046875,0.9921745882319427,0.9966441357891856,0.99560546875,0.9930638103960733,0.9972183848495558,0.999267578125,0.013463728447743017,0.0
baseline,8000,ood_dev,1,4096,4096,4096,4096,4096,1.0,0.9990630225926348,0.9999999999999999,1.0,0.9990630225926348,0.9999999999999999,1.0,2.6547214746930337e-05,0.0
baseline,8000,ood_dev,2,4096,4096,4096,8192,8192,1.0,0.9990630225926348,0.9999999999999999,1.0,0.9990630225926348,0.9999999999999999,1.0,2.371921478305783e-05,0.0
baseline,8000,ood_dev,3,4096,4096,4096,12288,12288,1.0,0.9990630225926348,0.9999999999999999,1.0,0.9990630225926348,0.9999999999999999,1.0,3.1131761581759676e-05,0.0
baseline,8000,ood_dev,4,4096,4096,4096,16384,16384,1.0,0.9990630225926348,0.9999999999999999,1.0,0.9990630225926348,0.9999999999999999,1.0,4.107723033541788e-05,0.0
baseline,8000,ood_dev,5,4096,4096,4096,20480,20480,1.0,0.9990630225926348,0.9999999999999999,1.0,0.9990630225926348,0.9999999999999999,1.0,5.6283417017688464e-05,0.0
baseline,8000,ood_dev,6,4096,4096,4096,24576,24576,1.0,0.9990630225926348,0.9999999999999999,1.0,0.9990630225926348,0.9999999999999999,1.0,0.00011955683590014754,0.0
baseline,8000,ood_dev,7,4096,4095,4095,28671,28672,0.999755859375,0.9986182969663738,0.9999569018847606,0.999755859375,0.9986182969663738,0.9999569018847606,0.9999651227678571,0.00047640609371280007,0.0
baseline,8000,ood_dev,8,4096,4094,4095,32766,32768,0.99951171875,0.9982212896544476,0.9998660854551866,0.999755859375,0.9986182969663738,0.9999569018847606,0.99993896484375,0.001357672987924774,0.0
baseline,8000,ood_dev,9,4096,4092,4093,36859,36864,0.9990234375,0.9974915571936952,0.9996201704329383,0.999267578125,0.9978486714629491,0.9997508799051849,0.9998643663194444,0.0022677939359108112,0.0
baseline,8000,ood_dev,10,4096,4086,4087,40946,40960,0.99755859375,0.9955114747539533,0.9986733104236785,0.997802734375,0.9958290482073086,0.9988435607118235,0.999658203125,0.0041568592169884955,0.0
baseline,8000,ood_dev,11,4096,4083,4087,45033,45056,0.996826171875,0.9945771012522003,0.9981442127009305,0.997802734375,0.9958290482073086,0.9988435607118235,0.9994895241477273,0.006210329998631359,0.0
baseline,8000,ood_dev,12,4096,4074,4082,49115,49152,0.99462890625,0.9918806406223304,0.9964502596572975,0.99658203125,0.9942706398960515,0.9979628503155791,0.9992472330729166,0.009764401407408974,0.0
baseline,8000,ood_dev,13,4096,4064,4074,53189,53248,0.9921875,0.9889921727170213,0.9944604901476036,0.99462890625,0.9918806406223304,0.9964502596572975,0.9988919771634616,0.01825917616728656,0.0
baseline,8000,ood_dev,14,4096,4048,4061,57250,57344,0.98828125,0.9844979568178159,0.9911495261828039,0.991455078125,0.9881397703182205,0.9938494213219035,0.9983607700892857,0.02753125306501958,0.0
baseline,8000,ood_dev,15,4096,4029,4050,61300,61440,0.983642578125,0.9792802999311276,0.9870985319809864,0.98876953125,0.9850536128857085,0.9915695175979121,0.9977213541666666,0.036840257803235854,0.0
baseline,8000,ood_dev,16,4096,4002,4032,65332,65536,0.97705078125,0.971998448439275,0.9812091424523306,0.984375,0.9800978681444444,0.9877444349921706,0.99688720703125,0.046776408209144194,0.0
baseline,8000,ood_dev,17,4096,3971,4014,69346,69632,0.969482421875,0.963759047527144,0.974326007377952,0.97998046875,0.9752197539009314,0.983841721888678,0.9958926930147058,0.05684203291215151,0.0
baseline,8000,ood_dev,18,4096,3929,3982,73328,73728,0.959228515625,0.9527294929498811,0.9648669648122019,0.97216796875,0.9666710641443907,0.9767800519172087,0.9945746527777778,0.08086074941079247,0.0
baseline,8000,ood_dev,19,4096,3901,3970,77298,77824,0.952392578125,0.9454369948583105,0.9585003981417638,0.96923828125,0.9634948720671381,0.9741023590964577,0.9932411595394737,0.09499942243494308,0.0
baseline,8000,ood_dev,20,4096,3855,3936,81234,81920,0.941162109375,0.9335337022688429,0.9479637986222172,0.9609375,0.9545593952649127,0.9664518286876724,0.9916259765625,0.12043585420963021,0.0
baseline,8000,ood_dev,21,4096,3819,3935,85169,86016,0.932373046875,0.9242709187774049,0.9396649274196441,0.960693359375,0.9542977984787171,0.9662256017323678,0.9901529947916666,0.1316628723707971,0.0
baseline,8000,ood_dev,22,4096,3775,3904,89073,90112,0.921630859375,0.9129998108302356,0.9294717907407996,0.953125,0.9462164298287505,0.9591844343958247,0.9884699041193182,0.15200526086486144,0.0
baseline,8000,ood_dev,23,4096,3730,3876,92949,94208,0.91064453125,0.9015195779849158,0.9189999552186056,0.9462890625,0.938957308629731,0.9527844908328355,0.9866359544836957,0.1757540264440065,0.0
baseline,8000,ood_dev,24,4096,3674,3836,96785,98304,0.89697265625,0.8872879701414506,0.9059134335380535,0.9365234375,0.9286399311008992,0.943588918701655,0.9845479329427084,0.22663690629559197,0.0
baseline,8000,ood_dev,25,4096,3623,3804,100589,102400,0.884521484375,0.8743716252251424,0.8939507676378456,0.9287109375,0.920422816416333,0.9361956736582114,0.982314453125,0.2572667357066323,0.0
baseline,8000,ood_dev,26,4096,3574,3771,104360,106496,0.87255859375,0.8619961004422974,0.8824229290871757,0.920654296875,0.9119775502306317,0.9285427563744023,0.9799429086538461,0.2978413915403466,0.0
baseline,8000,ood_dev,27,4096,3527,3740,108100,110592,0.861083984375,0.8501534822368317,0.8713378314421267,0.9130859375,0.9040670637073458,0.9213307069111787,0.9774667245370371,0.33911092725695235,0.0
baseline,8000,ood_dev,28,4096,3456,3710,111810,114688,0.84375,0.8323089646819845,0.8545468633504519,0.90576171875,0.8964304105240852,0.9143326478494298,0.9749058314732143,0.37303800175856394,0.0
baseline,8000,ood_dev,29,4096,3407,3687,115497,118784,0.831787109375,0.8200221498156435,0.8429303148832779,0.900146484375,0.8905868560727095,0.9089562562462985,0.9723279229525862,0.40307774084024395,0.0
baseline,8000,ood_dev,30,4096,3341,3633,119130,122880,0.815673828125,0.803505304014572,0.8272507937453287,0.886962890625,0.8769012144234478,0.8962994158545434,0.969482421875,0.45328939100921395,0.0
baseline,8000,ood_dev,31,4096,3293,3634,122764,126976,0.803955078125,0.7915146488016144,0.8158259093662715,0.88720703125,0.8771542514698228,0.8965342025496686,0.966828377016129,0.48649121546124796,0.0
baseline,8000,ood_dev,32,4096,3236,3603,126367,131072,0.7900390625,0.7772974517872059,0.8022371531151623,0.879638671875,0.8693165892508347,0.8892493287821474,0.9641036987304688,0.5167979490916568,0.0
baseline,8000,ood_dev,33,4096,3179,3572,129939,135168,0.776123046875,0.7631021770183883,0.7886264746184621,0.8720703125,0.86149162812159,0.8819517539248823,0.9613148082386364,0.5505149846492494,0.0
baseline,8000,ood_dev,34,4096,3116,3527,133466,139264,0.7607421875,0.7474363988944884,0.7735593570278426,0.861083984375,0.8501534822368317,0.8713378314421267,0.9583668428308824,0.6031347894106829,0.0
baseline,8000,ood_dev,35,4096,3067,3507,136973,143360,0.748779296875,0.7352680906621605,0.7618243019266553,0.856201171875,0.845121595652109,0.8666132431968432,0.9554478236607142,0.633603722943406,0.0
baseline,8000,ood_dev,36,4096,3008,3490,140463,147456,0.734375,0.7206341951015064,0.7476765967387912,0.85205078125,0.8408478125539957,0.8625940226894514,0.95257568359375,0.675003828805594,0.0
baseline,8500,dev,1,4096,4096,4096,4096,4096,1.0,0.9990630225926348,0.9999999999999999,1.0,0.9990630225926348,0.9999999999999999,1.0,2.4614659175581366e-05,0.0
baseline,8500,dev,2,4096,4096,4096,8192,8192,1.0,0.9990630225926348,0.9999999999999999,1.0,0.9990630225926348,0.9999999999999999,1.0,2.180010626640083e-05,0.0
baseline,8500,dev,3,4096,4096,4096,12288,12288,1.0,0.9990630225926348,0.9999999999999999,1.0,0.9990630225926348,0.9999999999999999,1.0,2.7213813096893524e-05,0.0
baseline,8500,dev,4,4096,4096,4096,16384,16384,1.0,0.9990630225926348,0.9999999999999999,1.0,0.9990630225926348,0.9999999999999999,1.0,5.505170271835613e-05,0.0
baseline,8500,dev,5,4096,4096,4096,20480,20480,1.0,0.9990630225926348,0.9999999999999999,1.0,0.9990630225926348,0.9999999999999999,1.0,6.093674891261003e-05,0.0
baseline,8500,dev,6,4096,4096,4096,24576,24576,1.0,0.9990630225926348,0.9999999999999999,1.0,0.9990630225926348,0.9999999999999999,1.0,9.142793682226369e-05,0.0
baseline,8500,dev,7,4096,4096,4096,28672,28672,1.0,0.9990630225926348,0.9999999999999999,1.0,0.9990630225926348,0.9999999999999999,1.0,0.00030417235845392465,0.0
baseline,8500,dev,8,4096,4095,4095,32767,32768,0.999755859375,0.9986182969663738,0.9999569018847606,0.999755859375,0.9986182969663738,0.9999569018847606,0.999969482421875,0.001741806617281516,0.0
baseline,8500,dev,9,4096,4093,4093,36860,36864,0.999267578125,0.9978486714629491,0.9997508799051849,0.999267578125,0.9978486714629491,0.9997508799051849,0.9998914930555556,0.0034962765605752733,0.0
baseline,8500,dev,10,4096,4093,4094,40954,40960,0.999267578125,0.9978486714629491,0.9997508799051849,0.99951171875,0.9982212896544476,0.9998660854551866,0.999853515625,0.0041072376354612805,0.0
baseline,8500,dev,11,4096,4083,4085,45039,45056,0.996826171875,0.9945771012522003,0.9981442127009305,0.997314453125,0.9951972177470491,0.9984997436890822,0.9996226917613636,0.006029494144840775,0.0
baseline,8500,dev,12,4096,4075,4082,49121,49152,0.994873046875,0.9921745882319427,0.9966441357891856,0.99658203125,0.9942706398960515,0.9979628503155791,0.9993693033854166,0.00901172638716563,0.0
baseline,8500,ood_dev,1,4096,4096,4096,4096,4096,1.0,0.9990630225926348,0.9999999999999999,1.0,0.9990630225926348,0.9999999999999999,1.0,2.5157574499834467e-05,0.0
baseline,8500,ood_dev,2,4096,4096,4096,8192,8192,1.0,0.9990630225926348,0.9999999999999999,1.0,0.9990630225926348,0.9999999999999999,1.0,2.246544792128269e-05,0.0
baseline,8500,ood_dev,3,4096,4096,4096,12288,12288,1.0,0.9990630225926348,0.9999999999999999,1.0,0.9990630225926348,0.9999999999999999,1.0,3.0286861312234237e-05,0.0
baseline,8500,ood_dev,4,4096,4096,4096,16384,16384,1.0,0.9990630225926348,0.9999999999999999,1.0,0.9990630225926348,0.9999999999999999,1.0,4.2842348666138896e-05,0.0
baseline,8500,ood_dev,5,4096,4096,4096,20480,20480,1.0,0.9990630225926348,0.9999999999999999,1.0,0.9990630225926348,0.9999999999999999,1.0,6.69725508593011e-05,0.0
baseline,8500,ood_dev,6,4096,4096,4096,24576,24576,1.0,0.9990630225926348,0.9999999999999999,1.0,0.9990630225926348,0.9999999999999999,1.0,0.00011888191933995262,0.0
baseline,8500,ood_dev,7,4096,4096,4096,28672,28672,1.0,0.9990630225926348,0.9999999999999999,1.0,0.9990630225926348,0.9999999999999999,1.0,0.00027208559975433477,0.0
baseline,8500,ood_dev,8,4096,4095,4095,32767,32768,0.999755859375,0.9986182969663738,0.9999569018847606,0.999755859375,0.9986182969663738,0.9999569018847606,0.999969482421875,0.0009256463002320636,0.0
baseline,8500,ood_dev,9,4096,4094,4094,36861,36864,0.99951171875,0.9982212896544476,0.9998660854551866,0.99951171875,0.9982212896544476,0.9998660854551866,0.9999186197916666,0.0021093057913048607,0.0
baseline,8500,ood_dev,10,4096,4091,4092,40953,40960,0.998779296875,0.997145424476127,0.9994784794090062,0.9990234375,0.9974915571936952,0.9996201704329383,0.9998291015625,0.0032464188201829502,0.0
baseline,8500,ood_dev,11,4096,4083,4084,45037,45056,0.996826171875,0.9945771012522003,0.9981442127009305,0.9970703125,0.9948858699188933,0.9983232677757378,0.9995783025568182,0.006122890464919761,0.0
baseline,8500,ood_dev,12,4096,4081,4086,49123,49152,0.996337890625,0.9939662587473084,0.9977794077228217,0.99755859375,0.9955114747539533,0.9986733104236785,0.9994099934895834,0.008174112240917797,0.0
baseline,8500,ood_dev,13,4096,4071,4078,53201,53248,0.993896484375,0.9910051126562461,0.995862316398881,0.99560546875,0.9930638103960733,0.9972183848495558,0.9991173377403846,0.013775804155190752,0.0
baseline,8500,ood_dev,14,4096,4056,4067,57268,57344,0.990234375,0.9867300726317991,0.9928200003008232,0.992919921875,0.9898503448988859,0.9950657891902398,0.9986746651785714,0.021257976262197276,0.0
baseline,8500,ood_dev,15,4096,4042,4060,61328,61440,0.98681640625,0.9828391999625007,0.9898813405891173,0.9912109375,0.9878567926156614,0.9936445752829621,0.9981770833333333,0.024184481475392983,0.0
baseline,8500,ood_dev,16,4096,4021,4052,65380,65536,0.981689453125,0.9771094258840555,0.9853668160960561,0.9892578125,0.9856107816089336,0.9919879963576875,0.99761962890625,0.031499481801588236,0.0
baseline,8500,ood_dev,17,4096,3996,4033,69413,69632,0.9755859375,0.970395272680658,0.9798853757619459,0.984619140625,0.9803708517550201,0.9879592751230951,0.9968548943014706,0.046470811806546,0.0
baseline,8500,ood_dev,18,4096,3970,4022,73435,73728,0.96923828125,0.9634948720671381,0.9741023590964577,0.98193359375,0.9773800946662805,0.9855839710553314,0.9960259331597222,0.05836702586300491,0.0
baseline,8500,ood_dev,19,4096,3947,4015,77450,77824,0.963623046875,0.9574411905686989,0.9689360945403896,0.980224609375,0.9754891932191522,0.9840601063119575,0.9951942845394737,0.06714761857983653,0.0
baseline,8500,ood_dev,20,4096,3913,3983,81433,81920,0.955322265625,0.9485573633564719,0.9612339145416062,0.972412109375,0.9669363760022123,0.9770025638008875,0.99405517578125,0.09152537242524428,0.0
baseline,8500,ood_dev,21,4096,3878,3974,85407,86016,0.94677734375,0.9394747174237471,0.9532427295218201,0.97021484375,0.9645521097608273,0.9749964163687698,0.992919921875,0.10522070400035577,0.0
baseline,8500,ood_dev,22,4096,3834,3938,89345,90112,0.93603515625,0.9281254754775315,0.9431277268420221,0.96142578125,0.9550827758957496,0.9669040955398363,0.9914883700284091,0.13336295442181845,0.0
baseline,8500,ood_dev,23,4096,3790,3909,93254,94208,0.92529296875,0.9168366756670765,0.9329522820264635,0.954345703125,0.947516451879336,0.9603235310527409,0.9898734714673914,0.15900194254388478,0.0
baseline,8500,ood_dev,24,4096,3750,3874,97128,98304,0.91552734375,0.9066165820637565,0.9236594259697711,0.94580078125,0.9384400580444845,0.9523260939350815,0.988037109375,0.17942504835846607,0.0
baseline,8500,ood_dev,25,4096,3701,3838,100966,102400,0.903564453125,0.894142695018886,0.9122299496811264,0.93701171875,0.9291545119210666,0.9440499853644883,0.98599609375,0.21811510343820117,0.0
baseline,8500,ood_dev,26,4096,3650,3818,104784,106496,0.89111328125,0.8812048260661931,0.9002888078173035,0.93212890625,0.9240141831674432,0.9394338392881053,0.9839242788461539,0.24347659331153304,0.0
baseline,8500,ood_dev,27,4096,3609,3798,108582,110592,0.881103515625,0.8708325325922874,0.8906603278896965,0.92724609375,0.9188852789498749,0.9348062686756675,0.9818250868055556,0.2861211300036901,0.0
baseline,8500,ood_dev,28,4096,3572,3782,112364,114688,0.8720703125,0.86149162812159,0.8819517539248823,0.92333984375,0.9147896715191604,0.931096696242377,0.979736328125,0.30822096455243064,0.0
baseline,8500,ood_dev,29,4096,3520,3752,116116,118784,0.859375,0.8483918312283166,0.8696847162601397,0.916015625,0.9071267365958561,0.9241249189206721,0.9775390625,0.3439661558166357,0.0
baseline,8500,ood_dev,30,4096,3460,3716,119832,122880,0.8447265625,0.8333129502985477,0.8554941726998899,0.9072265625,0.8979563715130343,0.9157336293094827,0.9751953125,0.37342802837827493,0.0
baseline,8500,ood_dev,31,4096,3406,3681,123513,126976,0.83154296875,0.8197716222412833,0.8426930187161376,0.898681640625,0.8890639462329901,0.9075522236370159,0.9727271295362904,0.41708205985278535,0.0
baseline,8500,ood_dev,32,4096,3348,3643,127156,131072,0.8173828125,0.8052554142374909,0.828915449712912,0.889404296875,0.8794322362425625,0.8986466314504319,0.970123291015625,0.4511534434731914,0.0
baseline,8500,ood_dev,33,4096,3291,3605,130761,135168,0.803466796875,0.7910154101857612,0.815349500499124,0.880126953125,0.8698218505154235,0.889719715000559,0.9673961292613636,0.4988255391278764,0.0
baseline,8500,ood_dev,34,4096,3243,3581,134342,139264,0.791748046875,0.7790422101470098,0.8039071609458606,0.874267578125,0.8637621415848652,0.88407165413511,0.9646570542279411,0.5362946949552964,0.0
baseline,8500,ood_dev,35,4096,3207,3562,137904,143360,0.782958984375,0.7700726534090917,0.7953150629897675,0.86962890625,0.8589699942813361,0.879595150350133,0.9619419642857143,0.5686043244896725,0.0
baseline,8500,ood_dev,36,4096,3152,3528,141432,147456,0.76953125,0.7563853176930732,0.7821720929232691,0.861328125,0.8504051904661915,0.8715739469542673,0.9591471354166666,0.6190751741887061,0.0
baseline,9000,dev,1,4096,4096,4096,4096,4096,1.0,0.9990630225926348,0.9999999999999999,1.0,0.9990630225926348,0.9999999999999999,1.0,2.1157180445818824e-05,0.0
baseline,9000,dev,2,4096,4096,4096,8192,8192,1.0,0.9990630225926348,0.9999999999999999,1.0,0.9990630225926348,0.9999999999999999,1.0,1.9608538934234865e-05,0.0
baseline,9000,dev,3,4096,4096,4096,12288,12288,1.0,0.9990630225926348,0.9999999999999999,1.0,0.9990630225926348,0.9999999999999999,1.0,2.5235735252815417e-05,0.0
baseline,9000,dev,4,4096,4096,4096,16384,16384,1.0,0.9990630225926348,0.9999999999999999,1.0,0.9990630225926348,0.9999999999999999,1.0,3.099675606033081e-05,0.0
baseline,9000,dev,5,4096,4096,4096,20480,20480,1.0,0.9990630225926348,0.9999999999999999,1.0,0.9990630225926348,0.9999999999999999,1.0,4.932448895089703e-05,0.0
baseline,9000,dev,6,4096,4096,4096,24576,24576,1.0,0.9990630225926348,0.9999999999999999,1.0,0.9990630225926348,0.9999999999999999,1.0,7.543650695240878e-05,0.0
baseline,9000,dev,7,4096,4096,4096,28672,28672,1.0,0.9990630225926348,0.9999999999999999,1.0,0.9990630225926348,0.9999999999999999,1.0,0.00018803816626589143,0.0
baseline,9000,dev,8,4096,4095,4095,32767,32768,0.999755859375,0.9986182969663738,0.9999569018847606,0.999755859375,0.9986182969663738,0.9999569018847606,0.999969482421875,0.000828348516242694,0.0
baseline,9000,dev,9,4096,4095,4096,36863,36864,0.999755859375,0.9986182969663738,0.9999569018847606,1.0,0.9990630225926348,0.9999999999999999,0.9999728732638888,0.0009549227401529636,0.0
baseline,9000,dev,10,4096,4091,4092,40955,40960,0.998779296875,0.997145424476127,0.9994784794090062,0.9990234375,0.9974915571936952,0.9996201704329383,0.9998779296875,0.0022365086258818723,0.0
baseline,9000,dev,11,4096,4084,4085,45040,45056,0.9970703125,0.9948858699188933,0.9983232677757378,0.997314453125,0.9951972177470491,0.9984997436890822,0.9996448863636364,0.006055041166551645,0.0
baseline,9000,dev,12,4096,4074,4079,49119,49152,0.99462890625,0.9918806406223304,0.9964502596572975,0.995849609375,0.9933629968413301,0.9974070221457995,0.99932861328125,0.008254789882914615,0.0
baseline,9000,ood_dev,1,4096,4096,4096,4096,4096,1.0,0.9990630225926348,0.9999999999999999,1.0,0.9990630225926348,0.9999999999999999,1.0,2.1444367364509276e-05,0.0
baseline,9000,ood_dev,2,4096,4096,4096,8192,8192,1.0,0.9990630225926348,0.9999999999999999,1.0,0.9990630225926348,0.9999999999999999,1.0,1.9866066671148097e-05,0.0
baseline,9000,ood_dev,3,4096,4096,4096,12288,12288,1.0,0.9990630225926348,0.9999999999999999,1.0,0.9990630225926348,0.9999999999999999,1.0,2.4828335378535016e-05,0.0
baseline,9000,ood_dev,4,4096,4096,4096,16384,16384,1.0,0.9990630225926348,0.9999999999999999,1.0,0.9990630225926348,0.9999999999999999,1.0,3.626834646397459e-05,0.0
baseline,9000,ood_dev,5,4096,4096,4096,20480,20480,1.0,0.9990630225926348,0.9999999999999999,1.0,0.9990630225926348,0.9999999999999999,1.0,4.478827788656492e-05,0.0
baseline,9000,ood_dev,6,4096,4096,4096,24576,24576,1.0,0.9990630225926348,0.9999999999999999,1.0,0.9990630225926348,0.9999999999999999,1.0,0.00010951415124216268,0.0
baseline,9000,ood_dev,7,4096,4096,4096,28672,28672,1.0,0.9990630225926348,0.9999999999999999,1.0,0.9990630225926348,0.9999999999999999,1.0,0.00015287606347469396,0.0
baseline,9000,ood_dev,8,4096,4096,4096,32768,32768,1.0,0.9990630225926348,0.9999999999999999,1.0,0.9990630225926348,0.9999999999999999,1.0,0.00041672881898247027,0.0
baseline,9000,ood_dev,9,4096,4095,4095,36863,36864,0.999755859375,0.9986182969663738,0.9999569018847606,0.999755859375,0.9986182969663738,0.9999569018847606,0.9999728732638888,0.000818203631381853,0.0
baseline,9000,ood_dev,10,4096,4094,4095,40958,40960,0.99951171875,0.9982212896544476,0.9998660854551866,0.999755859375,0.9986182969663738,0.9999569018847606,0.999951171875,0.0016170738218479475,0.0
baseline,9000,ood_dev,11,4096,4091,4092,45050,45056,0.998779296875,0.997145424476127,0.9994784794090062,0.9990234375,0.9974915571936952,0.9996201704329383,0.9998668323863636,0.0033765269662211495,0.0
baseline,9000,ood_dev,12,4096,4088,4091,49141,49152,0.998046875,0.9961504506055915,0.9990099820550408,0.998779296875,0.997145424476127,0.9994784794090062,0.9997762044270834,0.004520744235391394,0.0
baseline,9000,ood_dev,13,4096,4081,4084,53225,53248,0.996337890625,0.9939662587473084,0.9977794077228217,0.9970703125,0.9948858699188933,0.9983232677757378,0.9995680588942307,0.00780603917202094,0.0
baseline,9000,ood_dev,14,4096,4074,4084,57309,57344,0.99462890625,0.9918806406223304,0.9964502596572975,0.9970703125,0.9948858699188933,0.9983232677757378,0.9993896484375,0.009945869434342391,0.0
baseline,9000,ood_dev,15,4096,4063,4076,61385,61440,0.991943359375,0.9887074354065306,0.9942574037165939,0.9951171875,0.9924697076331114,0.9968368401295172,0.9991048177083334,0.016203655427726615,0.0
baseline,9000,ood_dev,16,4096,4039,4058,65443,65536,0.986083984375,0.9820139840883064,0.9892430852388108,0.99072265625,0.987292434466316,0.993233285949307,0.9985809326171875,0.026597519287639426,0.0
baseline,9000,ood_dev,17,4096,4011,4037,69480,69632,0.979248046875,0.974412403486461,0.9831856010786475,0.985595703125,0.9814652366612112,0.9888161851829053,0.9978170955882353,0.03395116134135889,0.0
baseline,9000,ood_dev,18,4096,3986,4022,73502,73728,0.97314453125,0.9677329319802243,0.9776694790473764,0.98193359375,0.9773800946662805,0.9855839710553314,0.9969346788194444,0.04942434258454309,0.0
baseline,9000,ood_dev,19,4096,3960,4009,77511,77824,0.966796875,0.9608577781251862,0.9718612156234064,0.978759765625,0.9738749487182478,0.98274740836386,0.9959781044407895,0.06313826440750447,0.0
baseline,9000,ood_dev,20,4096,3938,3997,81508,81920,0.96142578125,0.9550827758957496,0.9669040955398363,0.975830078125,0.9706621520616038,0.9801063201225003,0.994970703125,0.07509873777221643,0.0
baseline,9000,ood_dev,21,4096,3912,3989,85497,86016,0.955078125,0.9482970594777964,0.9610063946787812,0.973876953125,0.9685304473439507,0.978335434908151,0.9939662388392857,0.09142577942121755,0.0
baseline,9000,ood_dev,22,4096,3875,3953,89450,90112,0.946044921875,0.9386986636872588,0.9525553120338074,0.965087890625,0.9590165375678266,0.9702876899902639,0.9926535866477273,0.11568858789399128,0.0
baseline,9000,ood_dev,23,4096,3843,3939,93389,94208,0.938232421875,0.9304415206592828,0.9452020953337735,0.961669921875,0.9553445608690955,0.9671301343079907,0.9913064707880435,0.13510522521441892,0.0
baseline,9000,ood_dev,24,4096,3810,3924,97313,98304,0.93017578125,0.9219613132494459,0.9375841192741002,0.9580078125,0.9514241848736409,0.9637331541809406,0.9899190266927084,0.15934293336968464,0.0
baseline,9000,ood_dev,25,4096,3769,3883,101196,102400,0.920166015625,0.9114665583356981,0.9280781007863353,0.947998046875,0.9407689451321072,0.9543876205209615,0.9882421875,0.191482433670898,0.0
baseline,9000,ood_dev,26,4096,3729,3865,105061,106496,0.910400390625,0.9012649382880058,0.9187667711740153,0.943603515625,0.9361143355517366,0.9502614027543265,0.9865253155048077,0.22181957699541077,0.0
baseline,9000,ood_dev,27,4096,3695,3840,108901,110592,0.902099609375,0.8926183492901923,0.9108273529608181,0.9375,0.9296692192922852,0.9445109254762704,0.9847095630787037,0.2486883925425344,0.0
baseline,9000,ood_dev,28,4096,3647,3813,112714,114688,0.890380859375,0.8804450553276408,0.8995851073313548,0.930908203125,0.9227309300951754,0.9382779736528717,0.9827880859375,0.2791222668760911,0.0
baseline,9000,ood_dev,29,4096,3611,3796,116510,118784,0.881591796875,0.8713379539693884,0.891130553995596,0.9267578125,0.9183729750294912,0.9343429251130505,0.9808560075431034,0.2862404156396028,0.0
baseline,9000,ood_dev,30,4096,3570,3780,120290,122880,0.87158203125,0.8609872046321483,0.8814805299313235,0.9228515625,0.9142781637462243,0.9306325565323126,0.9789225260416666,0.3160821861832884,0.0
baseline,9000,ood_dev,31,4096,3523,3750,124040,126976,0.860107421875,0.8491467590583891,0.8703932596545682,0.91552734375,0.9066165820637565,0.9236594259697711,0.9768775201612904,0.3422472366363597,0.0
baseline,9000,ood_dev,32,4096,3463,3702,127742,131072,0.845458984375,0.8340660400464522,0.8562045541764863,0.90380859375,0.8943968141409154,0.9124636543005972,0.9745941162109375,0.37787077285094206,0.0
baseline,9000,ood_dev,33,4096,3410,3675,131417,135168,0.83251953125,0.8207737847837412,0.8436421511396809,0.897216796875,0.8875416320542482,0.9061475953667562,0.9722493489583334,0.4109229515273385,0.0
baseline,9000,ood_dev,34,4096,3351,3629,135046,139264,0.818115234375,0.8060055796471756,0.8296287555277283,0.885986328125,0.8758892090804093,0.8953601262315807,0.9697122012867647,0.4554846434112837,0.0
baseline,9000,ood_dev,35,4096,3291,3608,138654,143360,0.803466796875,0.7910154101857612,0.815349500499124,0.880859375,0.8705798420416913,0.8904251946987922,0.9671735491071428,0.47821950092096377,0.0
baseline,9000,ood_dev,36,4096,3236,3555,142209,147456,0.7900390625,0.7772974517872059,0.8022371531151623,0.867919921875,0.8572055614004055,0.8779448170405617,0.96441650390625,0.5245108379231418,0.0
baseline,9500,dev,1,4096,4096,4096,4096,4096,1.0,0.9990630225926348,0.9999999999999999,1.0,0.9990630225926348,0.9999999999999999,1.0,1.833560677511059e-05,0.0
baseline,9500,dev,2,4096,4096,4096,8192,8192,1.0,0.9990630225926348,0.9999999999999999,1.0,0.9990630225926348,0.9999999999999999,1.0,1.7076002512772526e-05,0.0
baseline,9500,dev,3,4096,4096,4096,12288,12288,1.0,0.9990630225926348,0.9999999999999999,1.0,0.9990630225926348,0.9999999999999999,1.0,2.0261958211365005e-05,0.0
baseline,9500,dev,4,4096,4096,4096,16384,16384,1.0,0.9990630225926348,0.9999999999999999,1.0,0.9990630225926348,0.9999999999999999,1.0,2.8311602947694858e-05,0.0
baseline,9500,dev,5,4096,4096,4096,20480,20480,1.0,0.9990630225926348,0.9999999999999999,1.0,0.9990630225926348,0.9999999999999999,1.0,4.069428932096386e-05,0.0
baseline,9500,dev,6,4096,4096,4096,24576,24576,1.0,0.9990630225926348,0.9999999999999999,1.0,0.9990630225926348,0.9999999999999999,1.0,6.16613628517948e-05,0.0
baseline,9500,dev,7,4096,4096,4096,28672,28672,1.0,0.9990630225926348,0.9999999999999999,1.0,0.9990630225926348,0.9999999999999999,1.0,9.061953542144341e-05,0.0
baseline,9500,dev,8,4096,4096,4096,32768,32768,1.0,0.9990630225926348,0.9999999999999999,1.0,0.9990630225926348,0.9999999999999999,1.0,0.00029995716416741924,0.0
baseline,9500,dev,9,4096,4095,4095,36863,36864,0.999755859375,0.9986182969663738,0.9999569018847606,0.999755859375,0.9986182969663738,0.9999569018847606,0.9999728732638888,0.0009364223126960836,0.0
baseline,9500,dev,10,4096,4093,4094,40957,40960,0.999267578125,0.9978486714629491,0.9997508799051849,0.99951171875,0.9982212896544476,0.9998660854551866,0.9999267578125,0.0013797449463270883,0.0
baseline,9500,dev,11,4096,4091,4094,45051,45056,0.998779296875,0.997145424476127,0.9994784794090062,0.99951171875,0.9982212896544476,0.9998660854551866,0.9998890269886364,0.001276425391415592,0.0
baseline,9500,dev,12,4096,4089,4091,49142,49152,0.998291015625,0.9964763422189936,0.9991719141831389,0.998779296875,0.997145424476127,0.9994784794090062,0.9997965494791666,0.0037766224588372532,0.0
baseline,9500,ood_dev,1,4096,4096,4096,4096,4096,1.0,0.9990630225926348,0.9999999999999999,1.0,0.9990630225926348,0.9999999999999999,1.0,1.8100714130664386e-05,0.0
baseline,9500,ood_dev,2,4096,4096,4096,8192,8192,1.0,0.9990630225926348,0.9999999999999999,1.0,0.9990630225926348,0.9999999999999999,1.0,1.7192441381208567e-05,0.0
baseline,9500,ood_dev,3,4096,4096,4096,12288,12288,1.0,0.9990630225926348,0.9999999999999999,1.0,0.9990630225926348,0.9999999999999999,1.0,2.084317209161135e-05,0.0
baseline,9500,ood_dev,4,4096,4096,4096,16384,16384,1.0,0.9990630225926348,0.9999999999999999,1.0,0.9990630225926348,0.9999999999999999,1.0,2.8693032957494147e-05,0.0
baseline,9500,ood_dev,5,4096,4096,4096,20480,20480,1.0,0.9990630225926348,0.9999999999999999,1.0,0.9990630225926348,0.9999999999999999,1.0,4.108221568099868e-05,0.0
baseline,9500,ood_dev,6,4096,4096,4096,24576,24576,1.0,0.9990630225926348,0.9999999999999999,1.0,0.9990630225926348,0.9999999999999999,1.0,7.805907313884752e-05,0.0
baseline,9500,ood_dev,7,4096,4096,4096,28672,28672,1.0,0.9990630225926348,0.9999999999999999,1.0,0.9990630225926348,0.9999999999999999,1.0,0.0001096358918805107,0.0
baseline,9500,ood_dev,8,4096,4095,4095,32767,32768,0.999755859375,0.9986182969663738,0.9999569018847606,0.999755859375,0.9986182969663738,0.9999569018847606,0.999969482421875,0.0005717909596969495,0.0
baseline,9500,ood_dev,9,4096,4094,4095,36862,36864,0.99951171875,0.9982212896544476,0.9998660854551866,0.999755859375,0.9986182969663738,0.9999569018847606,0.9999457465277778,0.0007764217329907508,0.0
baseline,9500,ood_dev,10,4096,4092,4094,40956,40960,0.9990234375,0.9974915571936952,0.9996201704329383,0.99951171875,0.9982212896544476,0.9998660854551866,0.99990234375,0.0020087275833644558,0.0
baseline,9500,ood_dev,11,4096,4088,4091,45047,45056,0.998046875,0.9961504506055915,0.9990099820550408,0.998779296875,0.997145424476127,0.9994784794090062,0.9998002485795454,0.002572985764183522,0.0
baseline,9500,ood_dev,12,4096,4085,4090,49137,49152,0.997314453125,0.9951972177470491,0.9984997436890822,0.99853515625,0.9968075986857966,0.9993284814578364,0.99969482421875,0.005280328802862222,0.0
baseline,9500,ood_dev,13,4096,4082,4087,53224,53248,0.99658203125,0.9942706398960515,0.9979628503155791,0.997802734375,0.9958290482073086,0.9988435607118235,0.9995492788461539,0.008038155869154462,0.0
baseline,9500,ood_dev,14,4096,4071,4079,57303,57344,0.993896484375,0.9910051126562461,0.995862316398881,0.995849609375,0.9933629968413301,0.9974070221457995,0.9992850167410714,0.010907045920517389,0.0
baseline,9500,ood_dev,15,4096,4063,4077,61380,61440,0.991943359375,0.9887074354065306,0.9942574037165939,0.995361328125,0.9927660832938955,0.9970282882102334,0.9990234375,0.010572231353641715,0.0
baseline,9500,ood_dev,16,4096,4047,4065,65445,65536,0.988037109375,0.9842206673133682,0.9909389919457514,0.992431640625,0.9892775496501616,0.9946629369559636,0.9986114501953125,0.019712468808722017,0.0
baseline,9500,ood_dev,17,4096,4033,4057,69502,69632,0.984619140625,0.9803708517550201,0.9879592751230951,0.990478515625,0.9870110133784079,0.9930268832957149,0.9981330422794118,0.028541562045200308,0.0
baseline,9500,ood_dev,18,4096,4016,4044,73546,73728,0.98046875,0.9757587986106162,0.9842783246619937,0.9873046875,0.9833908284717333,0.9903053595628853,0.9975314670138888,0.03487177405038944,0.0
baseline,9500,ood_dev,19,4096,3996,4031,77577,77824,0.9755859375,0.970395272680658,0.9798853757619459,0.984130859375,0.9798251184139876,0.987529360981127,0.996826171875,0.04527277401422636,0.0
baseline,9500,ood_dev,20,4096,3966,4011,81588,81920,0.96826171875,0.9624390364554394,0.973206899742155,0.979248046875,0.974412403486461,0.9831856010786475,0.995947265625,0.057636330121860424,0.0
baseline,9500,ood_dev,21,4096,3942,3990,85578,86016,0.96240234375,0.9561303013811572,0.9678078650204299,0.97412109375,0.9687965056840521,0.9785572003095498,0.9949079241071429,0.07825069024025177,0.0
baseline,9500,ood_dev,22,4096,3918,3979,89557,90112,0.95654296875,0.9498596607971911,0.9623707358083885,0.971435546875,0.9658757308170035,0.976111914020095,0.9938409978693182,0.09939903060871524,0.0
baseline,9500,ood_dev,23,4096,3878,3958,93515,94208,0.94677734375,0.9394747174237471,0.9532427295218201,0.96630859375,0.960331329020896,0.971412017244696,0.9926439368206522,0.11772735699590797,0.0
baseline,9500,ood_dev,24,4096,3845,3935,97450,98304,0.938720703125,0.930956550506342,0.945662712969715,0.960693359375,0.9542977984787171,0.9662256017323678,0.9913126627604166,0.13917120376702374,0.0
baseline,9500,ood_dev,25,4096,3815,3922,101372,102400,0.931396484375,0.9232441468884733,0.9387404043425744,0.95751953125,0.9509024574310025,0.9632792341405783,0.9899609375,0.15505553272650296,0.0
baseline,9500,ood_dev,26,4096,3781,3899,105271,106496,0.923095703125,0.9145339056289837,0.9308646383910534,0.951904296875,0.9449176066361316,0.9580441388809422,0.9884972205528846,0.1753475371437806,0.0
baseline,9500,ood_dev,27,4096,3745,3881,109152,110592,0.914306640625,0.9053415639344976,0.9224953253915283,0.947509765625,0.9402511317503777,0.9539297864196905,0.9869791666666666,0.18897413471447122,0.0
baseline,9500,ood_dev,28,4096,3703,3855,113007,114688,0.904052734375,0.8946509509932163,0.9126973411897967,0.941162109375,0.9335337022688429,0.9479637986222172,0.9853428431919643,0.2219409273771611,0.0
baseline,9500,ood_dev,29,4096,3662,3828,116835,118784,0.89404296875,0.8842452751338212,0.903102243647679,0.9345703125,0.9265828466235786,0.9417434132469731,0.9835920662715517,0.2389624304724408,0.0
baseline,9500,ood_dev,30,4096,3611,3810,120645,122880,0.881591796875,0.8713379539693884,0.891130553995596,0.93017578125,0.9219613132494459,0.9375841192741002,0.9818115234375,0.2621545255014134,0.0
baseline,9500,ood_dev,31,4096,3571,3778,124423,126976,0.871826171875,0.8612394102878219,0.8817161480171501,0.92236328125,0.913766751587586,0.9301683212079501,0.9798938382056451,0.2975391486196174,0.0
baseline,9500,ood_dev,32,4096,3521,3752,128175,131072,0.859619140625,0.8486434629761094,0.8699209082538472,0.916015625,0.9071267365958561,0.9241249189206721,0.9778976440429688,0.32608544497724834,0.0
baseline,9500,ood_dev,33,4096,3470,3722,131897,135168,0.84716796875,0.8358235876102469,0.8578617728031939,0.90869140625,0.8994830025397677,0.9171339407317513,0.9758004853219697,0.3587867964328181,0.0
baseline,9500,ood_dev,34,4096,3427,3710,135607,139264,0.836669921875,0.8250345481893915,0.8476743913395359,0.90576171875,0.8964304105240852,0.9143326478494298,0.9737405215992647,0.3866464241054588,0.0
baseline,9500,ood_dev,35,4096,3379,3685,139292,143360,0.824951171875,0.8130106116158881,0.8362827883210245,0.899658203125,0.8900791525649845,0.908488312271023,0.9716238839285715,0.42159875176760786,0.0
baseline,9500,ood_dev,36,4096,3351,3663,142955,147456,0.818115234375,0.8060055796471756,0.8296287555277283,0.894287109375,0.8844987461372489,0.9033365963857516,0.9694756401909722,0.45723881541256317,0.0
baseline,10000,dev,1,102400,102400,102400,102400,102400,1.0,0.9999624871609701,1.0,1.0,0.9999624871609701,1.0,1.0,1.6366215810568186e-05,0.0
baseline,10000,dev,2,102400,102400,102400,204800,204800,1.0,0.9999624871609701,1.0,1.0,0.9999624871609701,1.0,1.0,1.5181867494968859e-05,0.0
baseline,10000,dev,3,102400,102400,102400,307200,307200,1.0,0.9999624871609701,1.0,1.0,0.9999624871609701,1.0,1.0,1.834759721098145e-05,0.0
baseline,10000,dev,4,102400,102400,102400,409600,409600,1.0,0.9999624871609701,1.0,1.0,0.9999624871609701,1.0,1.0,2.358452680408796e-05,0.0
baseline,10000,dev,5,102400,102400,102400,512000,512000,1.0,0.9999624871609701,1.0,1.0,0.9999624871609701,1.0,1.0,3.558453500942527e-05,0.0
baseline,10000,dev,6,102400,102400,102400,614400,614400,1.0,0.9999624871609701,1.0,1.0,0.9999624871609701,1.0,1.0,7.087297929885273e-05,0.0
baseline,10000,dev,7,102400,102396,102396,716796,716800,0.9999609375,0.9998995558365923,0.9999848092550684,0.9999609375,0.9998995558365923,0.9999848092550684,0.9999944196428572,0.0001718007463511273,0.0
baseline,10000,dev,8,102400,102391,102394,819190,819200,0.999912109375,0.9998329541276058,0.999953758377418,0.99994140625,0.9998721583660714,0.9999731456909345,0.99998779296875,0.0003375610897848347,0.0
baseline,10000,dev,9,102400,102373,102377,921567,921600,0.999736328125,0.9996163891811771,0.9998187740119542,0.999775390625,0.9996629658993142,0.9998503193631264,0.9999641927083334,0.0007351347232817984,0.0
baseline,10000,dev,10,102400,102340,102353,1023920,1024000,0.9994140625,0.999245935024263,0.9995447210970653,0.999541015625,0.9993897582662231,0.9996547945803608,0.999921875,0.0014830290651859856,0.0
baseline,10000,dev,11,102400,102290,102325,1126245,1126400,0.99892578125,0.998705560783839,0.9991085694711211,0.999267578125,0.9990820982472838,0.999415600114134,0.9998623934659091,0.0024859145383547034,0.0
baseline,10000,dev,12,102400,102181,102239,1228484,1228800,0.997861328125,0.997559094402291,0.9981262094639864,0.998427734375,0.9981656503931043,0.9986524234781603,0.9997428385416667,0.004515912619158564,0.0
baseline,10000,ood_dev,1,102400,102400,102400,102400,102400,1.0,0.9999624871609701,1.0,1.0,0.9999624871609701,1.0,1.0,1.638210160344489e-05,0.0
baseline,10000,ood_dev,2,102400,102400,102400,204800,204800,1.0,0.9999624871609701,1.0,1.0,0.9999624871609701,1.0,1.0,1.515815762853201e-05,0.0
baseline,10000,ood_dev,3,102400,102400,102400,307200,307200,1.0,0.9999624871609701,1.0,1.0,0.9999624871609701,1.0,1.0,1.826760974222852e-05,0.0
baseline,10000,ood_dev,4,102400,102400,102400,409600,409600,1.0,0.9999624871609701,1.0,1.0,0.9999624871609701,1.0,1.0,2.3964531769524732e-05,0.0
baseline,10000,ood_dev,5,102400,102400,102400,512000,512000,1.0,0.9999624871609701,1.0,1.0,0.9999624871609701,1.0,1.0,3.5530393346960845e-05,0.0
baseline,10000,ood_dev,6,102400,102399,102399,614399,614400,0.999990234375,0.9999446805183295,0.9999982761253133,0.999990234375,0.9999446805183295,0.9999982761253133,0.9999983723958333,7.87376664856354e-05,0.0
baseline,10000,ood_dev,7,102400,102396,102396,716795,716800,0.9999609375,0.9998995558365923,0.9999848092550684,0.9999609375,0.9998995558365923,0.9999848092550684,0.9999930245535714,0.00017231080158131685,0.0
baseline,10000,ood_dev,8,102400,102389,102392,819187,819200,0.999892578125,0.9998076372259771,0.9999400142443918,0.999921875,0.9998458314166382,0.9999604116057129,0.999984130859375,0.0003971382699539783,0.0
baseline,10000,ood_dev,9,102400,102362,102368,921555,921600,0.99962890625,0.9994907196411001,0.9997296078614301,0.9996875,0.9995588896466933,0.9997786209598011,0.999951171875,0.0009586293352300656,0.0
baseline,10000,ood_dev,10,102400,102326,102349,1023904,1024000,0.99927734375,0.9990929639511458,0.9994242649275994,0.999501953125,0.9993452844279009,0.9996211463493736,0.99990625,0.001623874903263487,0.0
baseline,10000,ood_dev,11,102400,102259,102299,1126203,1126400,0.998623046875,0.9983764558107984,0.9988322284070137,0.999013671875,0.9988017844178726,0.9991881204930338,0.999825106534091,0.00309919180028531,0.0
baseline,10000,ood_dev,12,102400,102156,102229,1228432,1228800,0.9976171875,0.9972993189798128,0.9978977219532806,0.998330078125,0.9980606088358721,0.9985621598621188,0.9997005208333334,0.00498118513353603,0.0
baseline,10000,ood_dev,13,102400,102022,102132,1330564,1331200,0.99630859375,0.995918074490277,0.99666187712095,0.9973828125,0.9970506748928116,0.9976776336244253,0.9995222355769231,0.007998239398244482,0.0
baseline,10000,ood_dev,14,102400,101796,101970,1432534,1433600,0.9941015625,0.9936136601587766,0.9945523945364665,0.99580078125,0.9953856863833869,0.9961786783268173,0.9992564174107142,0.011704630994005396,0.0
baseline,10000,ood_dev,15,102400,101537,101824,1534358,1536000,0.991572265625,0.9909936255026158,0.9921140252048403,0.994375,0.99389801514808,0.9948148940323293,0.9989309895833334,0.01630552625282306,0.0
baseline,10000,ood_dev,16,102400,101223,101635,1635993,1638400,0.988505859375,0.9878344203279911,0.9891406479386732,0.992529296875,0.9919830944399674,0.9930385469655704,0.9985308837890625,0.022604670901006027,0.0
baseline,10000,ood_dev,17,102400,100841,101406,1737399,1740800,0.984775390625,0.984007036027835,0.9855073746197764,0.99029296875,0.9896737920857632,0.9908753608518082,0.9980463005514706,0.029737904278078063,0.0
baseline,10000,ood_dev,18,102400,100363,101094,1838493,1843200,0.980107421875,0.9792340129056113,0.980944810459521,0.98724609375,0.9865403076575678,0.9879153238738667,0.9974462890625,0.039099778853518535,0.0
baseline,10000,ood_dev,19,102400,99804,100735,1939228,1945600,0.9746484375,0.9736677112466898,0.9755935529324467,0.983740234375,0.9829472578457985,0.9844969179651126,0.9967249177631579,0.04952415305670105,0.0
baseline,10000,ood_dev,20,102400,99221,100386,2039614,2048000,0.968955078125,0.9678750653567252,0.969999907220559,0.98033203125,0.9794633570243412,0.9811646682393205,0.9959052734375,0.06056469911897208,0.0
baseline,10000,ood_dev,21,102400,98575,99956,2139570,2150400,0.962646484375,0.9614675800045002,0.9637906783793077,0.9761328125,0.9751799240973168,0.9770499787155787,0.9949637276785714,0.07448057282086117,0.0
baseline,10000,ood_dev,22,102400,97851,99622,2239192,2252800,0.955576171875,0.9542970497194693,0.9568211141193278,0.97287109375,0.9718581724423478,0.9738485375832087,0.9939595170454546,0.08784165769586014,0.0
baseline,10000,ood_dev,23,102400,97106,99163,2338355,2355200,0.94830078125,0.946927718432803,0.9496402099971087,0.968388671875,0.9672993486529047,0.9694428539193922,0.9928477411684783,0.1036925490375901,0.0
baseline,10000,ood_dev,24,102400,96288,98752,2437107,2457600,0.9403125,0.9388448874379517,0.9417470778181775,0.964375,0.9632221992992459,0.9654929606515049,0.991661376953125,0.12050696871387809,0.0
baseline,10000,ood_dev,25,102400,95479,98314,2535421,2560000,0.932412109375,0.9308582559289365,0.9339335208093562,0.96009765625,0.9588814720543609,0.9612793213070051,0.990398828125,0.1401123868500975,0.0
baseline,10000,ood_dev,26,102400,94552,97718,2633139,2662400,0.923359375,0.9217141018971872,0.9249728852786404,0.95427734375,0.9529808283445794,0.9555397766896784,0.9890095402644231,0.16063141520717183,0.0
baseline,10000,ood_dev,27,102400,93651,97227,2730366,2764800,0.914560546875,0.9128328394885565,0.9162571515753173,0.949482421875,0.9481240656930566,0.9508070553334661,0.9875455729166667,0.18173528020385976,0.0
baseline,10000,ood_dev,28,102400,92669,96605,2826971,2867200,0.904970703125,0.9031593246504629,0.9067516983979408,0.943408203125,0.9419762760715131,0.94480686317739,0.98596923828125,0.20423502766900042,0.0
baseline,10000,ood_dev,29,102400,91710,96168,2923139,2969600,0.89560546875,0.8937177877418395,0.8974634691896234,0.939140625,0.9376597961415073,0.9405885070353383,0.984354458512931,0.2277257316651629,0.0
baseline,10000,ood_dev,30,102400,90660,95518,3018657,3072000,0.8853515625,0.883385717958795,0.8872884957789371,0.93279296875,0.9312431257173495,0.9343103411967104,0.9826357421875,0.252999571121904,0.0
baseline,10000,ood_dev,31,102400,89608,94917,3113574,3174400,0.875078125,0.8730389704369638,0.8770891390723828,0.926923828125,0.9253136900952187,0.9285019359050962,0.9808385836693548,0.27661603869674106,0.0
baseline,10000,ood_dev,32,102400,88541,94308,3207882,3276800,0.864658203125,0.8625492661598383,0.866739781361212,0.9209765625,0.9193083824097205,0.9226131585382308,0.9789678955078125,0.30574455196107025,0.0
baseline,10000,ood_dev,33,102400,87437,93693,3301575,3379200,0.853876953125,0.8517001869223412,0.8560271694693008,0.914970703125,0.913246711529495,0.916663561262128,0.9770285866477273,0.3318913078750995,0.0
baseline,10000,ood_dev,34,102400,86344,93170,3394745,3481600,0.843203125,0.8409631899059845,0.8454173110468503,0.90986328125,0.9080938414776172,0.9116019707517953,0.9750531364889706,0.35965902070789935,0.0
baseline,10000,ood_dev,35,102400,85196,92491,3487236,3584000,0.8319921875,0.8296898111988216,0.8342696558622007,0.903232421875,0.9014064982795996,0.9050280926845334,0.9730011160714286,0.38889615946480377,0.0
baseline,10000,ood_dev,36,102400,84047,91886,3579122,3686400,0.820771484375,0.8184103034924444,0.8231085991594382,0.89732421875,0.8954501717149252,0.8991684562661535,0.9708989800347222,0.41948679145059686,0.0
