arm,update,role,length,words,prefix_exact_count,state_correct_count,token_correct_count,token_denominator,E,E_low95,E_high95,A,A_low95,A_high95,M,state_ce
rt,1000,dev,1,4096,4096,4096,4096,4096,1.0,0.9990630225926348,0.9999999999999999,1.0,0.9990630225926348,0.9999999999999999,1.0,0.013030812329475339
rt,1000,dev,2,4096,4096,4096,8192,8192,1.0,0.9990630225926348,0.9999999999999999,1.0,0.9990630225926348,0.9999999999999999,1.0,0.20207047302517367
rt,1000,dev,3,4096,2449,2449,10641,12288,0.597900390625,0.5827995856150534,0.6128177347265709,0.597900390625,0.5827995856150534,0.6128177347265709,0.865966796875,1.3388852250927812
rt,1000,dev,4,4096,922,1256,11897,16384,0.22509765625,0.21256843962651184,0.2381420274441391,0.306640625,0.2927063597670547,0.3209372369646998,0.72613525390625,2.255522212028154
rt,1000,dev,5,4096,219,585,12482,20480,0.053466796875,0.04698636991961872,0.06078400687631435,0.142822265625,0.13244149626819646,0.15387236991685005,0.60947265625,3.068792952100921
rt,1000,dev,6,4096,44,320,12802,24576,0.0107421875,0.008012003642312424,0.014389218391066402,0.078125,0.07029600890800333,0.08674456577946105,0.5209147135416666,3.556996032144525
rt,1000,dev,7,4096,4,157,12959,28672,0.0009765625,0.000379829567061715,0.0025084428063047127,0.038330078125,0.03286986569200936,0.044655439130904494,0.4519740513392857,3.9303765154618304
rt,1000,dev,8,4096,0,91,13050,32768,0.0,0.0,0.0009369774073651883,0.022216796875,0.018130754347330184,0.02719818353656321,0.39825439453125,4.071138826373499
rt,1000,dev,9,4096,0,80,13130,36864,0.0,0.0,0.0009369774073651883,0.01953125,0.015721675338006252,0.02424120138938373,0.3561740451388889,4.097189243184403
rt,1000,dev,10,4096,0,67,13197,40960,0.0,0.0,0.0009369774073651883,0.016357421875,0.012901468019013623,0.020719700068872332,0.3221923828125,4.099777450901456
rt,1000,dev,11,4096,0,74,13271,45056,0.0,0.0,0.0009369774073651883,0.01806640625,0.014416028944668636,0.02261990533371949,0.29454456676136365,4.098593151255045
rt,1000,dev,12,4096,0,67,13338,49152,0.0,0.0,0.0009369774073651883,0.016357421875,0.012901468019013623,0.020719700068872332,0.2713623046875,4.099140235746745
rt,1000,ood_dev,1,4096,4096,4096,4096,4096,1.0,0.9990630225926348,0.9999999999999999,1.0,0.9990630225926348,0.9999999999999999,1.0,0.012968080027121687
rt,1000,ood_dev,2,4096,4095,4095,8191,8192,0.999755859375,0.9986182969663738,0.9999569018847606,0.999755859375,0.9986182969663738,0.9999569018847606,0.9998779296875,0.19977674394317546
rt,1000,ood_dev,3,4096,2416,2417,10608,12288,0.58984375,0.5747033985714631,0.6048157383006509,0.590087890625,0.5749486761091386,0.6050582845044757,0.86328125,1.353955048669377
rt,1000,ood_dev,4,4096,845,1201,11809,16384,0.206298828125,0.1941846669438455,0.21896337203128158,0.293212890625,0.27947050944259744,0.3073427815066401,0.72076416015625,2.278438835088309
rt,1000,ood_dev,5,4096,206,595,12404,20480,0.05029296875,0.044011278822729566,0.05741738933369947,0.145263671875,0.13480496315660737,0.15638714044344224,0.6056640625,3.0433498058482655
rt,1000,ood_dev,6,4096,36,285,12689,24576,0.0087890625,0.006355424717037815,0.012143207384338531,0.069580078125,0.06218456833395364,0.07778217540099988,0.5163167317708334,3.5724371263058856
rt,1000,ood_dev,7,4096,4,142,12831,28672,0.0009765625,0.000379829567061715,0.0025084428063047127,0.03466796875,0.029487295514351152,0.04072065318605805,0.447509765625,3.9518678780586924
rt,1000,ood_dev,8,4096,0,86,12917,32768,0.0,0.0,0.0009369774073651883,0.02099609375,0.017033419158058095,0.025856400018333753,0.394195556640625,4.082774643466109
rt,1000,ood_dev,9,4096,0,79,12996,36864,0.0,0.0,0.0009369774073651883,0.019287109375,0.015503626084669948,0.023971426901219724,0.3525390625,4.099622363224626
rt,1000,ood_dev,10,4096,0,61,13057,40960,0.0,0.0,0.0009369774073651883,0.014892578125,0.011611768142410793,0.019082457496473304,0.3187744140625,4.102315931930207
rt,1000,ood_dev,11,4096,0,63,13120,45056,0.0,0.0,0.0009369774073651883,0.015380859375,0.012040724876904885,0.019629148244979834,0.2911931818181818,4.100603080354631
rt,1000,ood_dev,12,4096,0,72,13192,49152,0.0,0.0,0.0009369774073651883,0.017578125,0.013982290939508705,0.022077995855878798,0.2683919270833333,4.098568586981855
rt,1000,ood_dev,13,4096,0,50,13242,53248,0.0,0.0,0.0009369774073651883,0.01220703125,0.009271887142588631,0.016056277339792056,0.2486853966346154,4.099968294030987
rt,1000,ood_dev,14,4096,0,85,13327,57344,0.0,0.0,0.0009369774073651883,0.020751953125,0.016814398921352457,0.02558759651353908,0.23240443638392858,4.0988359047914855
rt,1000,ood_dev,15,4096,0,58,13385,61440,0.0,0.0,0.0009369774073651883,0.01416015625,0.010970229851119503,0.018260524563263665,0.21785481770833334,4.098334803071339
rt,1000,ood_dev,16,4096,0,64,13449,65536,0.0,0.0,0.0009369774073651883,0.015625,0.012255565007829483,0.01990213185555554,0.2052154541015625,4.096497586171608
rt,1000,ood_dev,17,4096,0,68,13517,69632,0.0,0.0,0.0009369774073651883,0.0166015625,0.013117213150496153,0.020991778678890113,0.1941205193014706,4.0975593518815
rt,1000,ood_dev,18,4096,0,68,13585,73728,0.0,0.0,0.0009369774073651883,0.0166015625,0.013117213150496153,0.020991778678890113,0.1842583550347222,4.0980587269878015
rt,1000,ood_dev,19,4096,0,66,13651,77824,0.0,0.0,0.0009369774073651883,0.01611328125,0.01268594169611479,0.020447402650270854,0.17540861430921054,4.099662251945119
rt,1000,ood_dev,20,4096,0,69,13720,81920,0.0,0.0,0.0009369774073651883,0.016845703125,0.013333172427690648,0.02126364314319593,0.16748046875,4.100156522123143
rt,1000,ood_dev,21,4096,0,61,13781,86016,0.0,0.0,0.0009369774073651883,0.014892578125,0.011611768142410793,0.019082457496473304,0.16021437872023808,4.096674737695139
rt,1000,ood_dev,22,4096,0,57,13838,90112,0.0,0.0,0.0009369774073651883,0.013916015625,0.01075691476118927,0.017986015911693586,0.153564453125,4.100963965815026
rt,1000,ood_dev,23,4096,0,70,13908,94208,0.0,0.0,0.0009369774073651883,0.01708984375,0.0135493413532538,0.021535297959133087,0.14763077445652173,4.098103389434982
rt,1000,ood_dev,24,4096,0,78,13986,98304,0.0,0.0,0.0009369774073651883,0.01904296875,0.01528574904596704,0.023701480198422328,0.14227294921875,4.097453114285599
rt,1000,ood_dev,25,4096,0,69,14055,102400,0.0,0.0,0.0009369774073651883,0.016845703125,0.013333172427690648,0.02126364314319593,0.137255859375,4.09934647748014
rt,1000,ood_dev,26,4096,0,75,14130,106496,0.0,0.0,0.0009369774073651883,0.018310546875,0.014633183903943853,0.022890574115944584,0.13268103966346154,4.098748468793929
rt,1000,ood_dev,27,4096,0,67,14197,110592,0.0,0.0,0.0009369774073651883,0.016357421875,0.012901468019013623,0.020719700068872332,0.12837275752314814,4.096585915132891
rt,1000,ood_dev,28,4096,0,70,14267,114688,0.0,0.0,0.0009369774073651883,0.01708984375,0.0135493413532538,0.021535297959133087,0.12439836774553571,4.096645362966228
rt,1000,ood_dev,29,4096,0,72,14339,118784,0.0,0.0,0.0009369774073651883,0.017578125,0.013982290939508705,0.022077995855878798,0.12071491109913793,4.097222407057416
rt,1000,ood_dev,30,4096,0,71,14410,122880,0.0,0.0,0.0009369774073651883,0.017333984375,0.01376571558724534,0.02180674746664186,0.11726888020833333,4.098831846844405
rt,1000,ood_dev,31,4096,0,75,14485,126976,0.0,0.0,0.0009369774073651883,0.018310546875,0.014633183903943853,0.022890574115944584,0.11407667590725806,4.097906553535722
rt,1000,ood_dev,32,4096,0,77,14562,131072,0.0,0.0,0.0009369774073651883,0.018798828125,0.01506804743850219,0.023431358064386867,0.1110992431640625,4.098235939163715
rt,1000,ood_dev,33,4096,0,64,14626,135168,0.0,0.0,0.0009369774073651883,0.015625,0.012255565007829483,0.01990213185555554,0.10820608428030302,4.096631063905079
rt,1000,ood_dev,34,4096,0,69,14695,139264,0.0,0.0,0.0009369774073651883,0.016845703125,0.013333172427690648,0.02126364314319593,0.10551901424632353,4.097893869155087
rt,1000,ood_dev,35,4096,0,83,14778,143360,0.0,0.0,0.0009369774073651883,0.020263671875,0.01637682567489716,0.025049522276993755,0.10308314732142858,4.096346550795715
rt,1000,ood_dev,36,4096,0,71,14849,147456,0.0,0.0,0.0009369774073651883,0.017333984375,0.01376571558724534,0.02180674746664186,0.10070122612847222,4.098126951546874
rt,5000,dev,1,102400,102400,102400,102400,102400,1.0,0.9999624871609701,1.0,1.0,0.9999624871609701,1.0,1.0,0.00031317287477705235
rt,5000,dev,2,102400,102400,102400,204800,204800,1.0,0.9999624871609701,1.0,1.0,0.9999624871609701,1.0,1.0,0.0007559137987708908
rt,5000,dev,3,102400,102400,102400,307200,307200,1.0,0.9999624871609701,1.0,1.0,0.9999624871609701,1.0,1.0,0.0008315313955938563
rt,5000,dev,4,102400,102400,102400,409600,409600,1.0,0.9999624871609701,1.0,1.0,0.9999624871609701,1.0,1.0,0.0009570348063301726
rt,5000,dev,5,102400,102399,102399,511999,512000,0.999990234375,0.9999446805183295,0.9999982761253133,0.999990234375,0.9999446805183295,0.9999982761253133,0.999998046875,0.0013045120555926727
rt,5000,dev,6,102400,102396,102396,614395,614400,0.9999609375,0.9998995558365923,0.9999848092550684,0.9999609375,0.9998995558365923,0.9999848092550684,0.9999918619791667,0.001945926583182862
rt,5000,dev,7,102400,102382,102385,716780,716800,0.99982421875,0.9997221355543948,0.9998888022946828,0.999853515625,0.9997583066269857,0.9999112227740738,0.9999720982142857,0.0029755026599487078
rt,5000,dev,8,102400,102330,102340,819120,819200,0.99931640625,0.9991365021061623,0.9994588488418922,0.9994140625,0.999245935024263,0.9995447210970653,0.99990234375,0.004881186848855634
rt,5000,dev,9,102400,102205,102234,921354,921600,0.998095703125,0.9978093454375543,0.9983446908445799,0.99837890625,0.9981131018141284,0.9986073194704995,0.9997330729166667,0.008157387151498972
rt,5000,dev,10,102400,101973,102048,1023402,1024000,0.995830078125,0.9954163588006715,0.9962065974615146,0.9965625,0.9961849099982476,0.9969028350634908,0.999416015625,0.013679013456213704
rt,5000,dev,11,102400,101518,101670,1125072,1126400,0.99138671875,0.9908020121884075,0.9919345586898286,0.99287109375,0.9923369877429863,0.9933682217690091,0.9988210227272727,0.023551220360980937
rt,5000,dev,12,102400,100619,100932,1226004,1228800,0.982607421875,0.9817884277475357,0.9833902080534014,0.9856640625,0.9849175554375516,0.9863741322868502,0.997724609375,0.044260858360221214
rt,5000,ood_dev,1,102400,102400,102400,102400,102400,1.0,0.9999624871609701,1.0,1.0,0.9999624871609701,1.0,1.0,0.000313296947644659
rt,5000,ood_dev,2,102400,102400,102400,204800,204800,1.0,0.9999624871609701,1.0,1.0,0.9999624871609701,1.0,1.0,0.0007561791452512523
rt,5000,ood_dev,3,102400,102400,102400,307200,307200,1.0,0.9999624871609701,1.0,1.0,0.9999624871609701,1.0,1.0,0.0008249676231498882
rt,5000,ood_dev,4,102400,102400,102400,409600,409600,1.0,0.9999624871609701,1.0,1.0,0.9999624871609701,1.0,1.0,0.0009558579740848039
rt,5000,ood_dev,5,102400,102400,102400,512000,512000,1.0,0.9999624871609701,1.0,1.0,0.9999624871609701,1.0,1.0,0.0012981786517457206
rt,5000,ood_dev,6,102400,102395,102395,614395,614400,0.999951171875,0.9998856912053655,0.9999791433689678,0.999951171875,0.9998856912053655,0.9999791433689678,0.9999918619791667,0.00197698125445406
rt,5000,ood_dev,7,102400,102376,102378,716773,716800,0.999765625,0.9996512662615883,0.999842488483525,0.99978515625,0.9996747063713258,0.9998581094084422,0.9999623325892857,0.0030821311564081188
rt,5000,ood_dev,8,102400,102331,102341,819114,819200,0.999326171875,0.9991474062701934,0.9994674751951885,0.999423828125,0.9992569299552471,0.9995532566834086,0.99989501953125,0.004814765097401113
rt,5000,ood_dev,9,102400,102216,102255,921369,921600,0.998203125,0.997924370529382,0.9984445014433533,0.998583984375,0.9983342110358201,0.9987963511126822,0.9997493489583333,0.007723514074321543
rt,5000,ood_dev,10,102400,101999,102072,1023441,1024000,0.996083984375,0.9956823971652414,0.9964483525474562,0.996796875,0.9964316543469756,0.9971248231306196,0.9994541015625,0.013457566629171955
rt,5000,ood_dev,11,102400,101533,101685,1125126,1126400,0.991533203125,0.9909532802070109,0.9920762484311358,0.993017578125,0.9924887468795529,0.9935094203923529,0.9988689630681818,0.023142786236791456
rt,5000,ood_dev,12,102400,100609,100915,1226041,1228800,0.982509765625,0.981688570998567,0.9832947596290966,0.985498046875,0.9847474056794521,0.9862122632503842,0.9977547200520833,0.0444195263864532
rt,5000,ood_dev,13,102400,92240,92855,1318896,1331200,0.90078125,0.898935119403059,0.9025973117119059,0.906787109375,0.9049911258064888,0.9085525734648042,0.9907572115384615,0.2903336862445115
rt,5000,ood_dev,14,102400,42437,44497,1363393,1433600,0.414423828125,0.4114098371445662,0.41744423951575454,0.434541015625,0.43150744123271,0.43757950112197785,0.9510274832589286,2.5016642527235473
rt,5000,ood_dev,15,102400,7409,11318,1374711,1536000,0.072353515625,0.07078271752191012,0.07395639819555005,0.11052734375,0.10862150088960075,0.1124624070605202,0.894994140625,5.650420159667033
rt,5000,ood_dev,16,102400,678,3387,1378098,1638400,0.00662109375,0.006142536354359006,0.0071366672326228595,0.033076171875,0.03199822066334979,0.03418915436345762,0.841124267578125,7.786567760232994
rt,5000,ood_dev,17,102400,44,1906,1380004,1740800,0.0004296875,0.00032011930198977835,0.0005767362994441386,0.01861328125,0.017803349916126407,0.019459328948856845,0.7927412683823529,8.72110706531068
rt,5000,ood_dev,18,102400,2,1800,1381804,1843200,1.953125e-05,5.356189565375578e-06,7.121768411930826e-05,0.017578125,0.016791149492307516,0.018401294535975294,0.7496766493055556,9.182559802479227
rt,5000,ood_dev,19,102400,0,1702,1383506,1945600,0.0,3.3881317890172014e-21,3.751283902995844e-05,0.01662109375,0.015855983477047735,0.017422469853153533,0.7110947779605263,9.658091996264593
rt,5000,ood_dev,20,102400,0,1718,1385224,2048000,0.0,3.3881317890172014e-21,3.751283902995844e-05,0.01677734375,0.016008619293442074,0.017582322313996996,0.67637890625,10.1680892631381
rt,5000,ood_dev,21,102400,0,1686,1386910,2150400,0.0,3.3881317890172014e-21,3.751283902995844e-05,0.01646484375,0.015703365535630627,0.017262599517332833,0.6449544270833333,10.767138988705847
rt,5000,ood_dev,22,102400,0,1660,1388570,2252800,0.0,3.3881317890172014e-21,3.751283902995844e-05,0.0162109375,0.015455400153029908,0.017002771449422124,0.6163751775568181,11.479015440456788
rt,5000,ood_dev,23,102400,0,1690,1390260,2355200,0.0,3.3881317890172014e-21,3.751283902995844e-05,0.01650390625,0.015741518331602318,0.017302568790670596,0.5902938179347826,12.436637460330093
rt,5000,ood_dev,24,102400,0,1631,1391891,2457600,0.0,3.3881317890172014e-21,3.751283902995844e-05,0.015927734375,0.015178881208795401,0.01671290539116311,0.5663618977864583,13.704258593388204
rt,5000,ood_dev,25,102400,0,1780,1393671,2560000,0.0,3.3881317890172014e-21,3.751283902995844e-05,0.0173828125,0.016600247462472947,0.018201586219262614,0.544402734375,15.131399729542045
rt,5000,ood_dev,26,102400,0,1725,1395396,2662400,0.0,3.3881317890172014e-21,3.751283902995844e-05,0.016845703125,0.016075403021209946,0.01765225220752066,0.524112079326923,16.657139036371667
rt,5000,ood_dev,27,102400,0,1744,1397140,2764800,0.0,3.3881317890172014e-21,3.751283902995844e-05,0.01703125,0.016256689990451302,0.0178420450674992,0.5053313078703704,18.144848375199967
rt,5000,ood_dev,28,102400,0,1734,1398874,2867200,0.0,3.3881317890172014e-21,3.751283902995844e-05,0.01693359375,0.01616127274001894,0.017742157144657933,0.48788853236607144,19.531236419905813
rt,5000,ood_dev,29,102400,0,1722,1400596,2969600,0.0,3.3881317890172014e-21,3.751283902995844e-05,0.01681640625,0.016046781011694225,0.017622282665054292,0.47164466594827587,20.70492959039576
rt,5000,ood_dev,30,102400,0,1749,1402345,3072000,0.0,3.3881317890172014e-21,3.751283902995844e-05,0.017080078125,0.01630440114519587,0.01789198649939144,0.4564925130208333,21.808624103416047
rt,5000,ood_dev,31,102400,0,1670,1404015,3174400,0.0,3.3881317890172014e-21,3.751283902995844e-05,0.01630859375,0.01555076571978533,0.01710271105594033,0.4422930317540323,22.897578781435858
rt,5000,ood_dev,32,102400,0,1645,1405660,3276800,0.0,3.3881317890172014e-21,3.751283902995844e-05,0.016064453125,0.01531236540613202,0.01685284843640957,0.428973388671875,24.146538902887254
rt,5000,ood_dev,33,102400,0,1724,1407384,3379200,0.0,3.3881317890172014e-21,3.751283902995844e-05,0.0168359375,0.01606586228283863,0.01764226242856461,0.416484375,25.226750092748343
rt,5000,ood_dev,34,102400,0,1722,1409106,3481600,0.0,3.3881317890172014e-21,3.751283902995844e-05,0.01681640625,0.016046781011694225,0.017622282665054292,0.40472943474264705,26.343154791526146
rt,5000,ood_dev,35,102400,0,1663,1410769,3584000,0.0,3.3881317890172014e-21,3.751283902995844e-05,0.016240234375,0.015484009065332125,0.017032754089101997,0.3936297433035714,27.568516772019215
rt,5000,ood_dev,36,102400,0,1722,1412491,3686400,0.0,3.3881317890172014e-21,3.751283902995844e-05,0.01681640625,0.016046781011694225,0.017622282665054292,0.3831627061631944,28.83008731891714
rt,10000,dev,1,102400,102400,102400,102400,102400,1.0,0.9999624871609701,1.0,1.0,0.9999624871609701,1.0,1.0,6.486767415244898e-05
rt,10000,dev,2,102400,102400,102400,204800,204800,1.0,0.9999624871609701,1.0,1.0,0.9999624871609701,1.0,1.0,9.55181346791889e-05
rt,10000,dev,3,102400,102400,102400,307200,307200,1.0,0.9999624871609701,1.0,1.0,0.9999624871609701,1.0,1.0,0.00015314341588442914
rt,10000,dev,4,102400,102400,102400,409600,409600,1.0,0.9999624871609701,1.0,1.0,0.9999624871609701,1.0,1.0,0.00029788370646003146
rt,10000,dev,5,102400,102395,102395,511995,512000,0.999951171875,0.9998856912053655,0.9999791433689678,0.999951171875,0.9998856912053655,0.9999791433689678,0.999990234375,0.0005685550354879099
rt,10000,dev,6,102400,102385,102385,614380,614400,0.999853515625,0.9997583066269857,0.9999112227740738,0.999853515625,0.9997583066269857,0.9999112227740738,0.9999674479166667,0.0009442685004694761
rt,10000,dev,7,102400,102342,102350,716730,716800,0.99943359375,0.999267935201936,0.999561781954047,0.99951171875,0.9993563827385776,0.9996295785560243,0.99990234375,0.001675849040960935
rt,10000,dev,8,102400,102292,102323,819053,819200,0.9989453125,0.9987269136098458,0.9991262776797689,0.999248046875,0.9990603884072679,0.9993982489194954,0.999820556640625,0.0026211840348033867
rt,10000,dev,9,102400,102205,102254,921307,921600,0.998095703125,0.9978093454375543,0.9983446908445799,0.99857421875,0.9983236567113399,0.9987873749198352,0.9996820746527778,0.004207619960625698
rt,10000,dev,10,102400,102092,102179,1023486,1024000,0.9969921875,0.9966376275634656,0.9973094602606767,0.997841796875,0.997538280459542,0.9981079623720809,0.999498046875,0.007057621374539453
rt,10000,dev,11,102400,101907,102026,1125512,1126400,0.995185546875,0.9947426134772077,0.9955913286413727,0.99634765625,0.9959590962250753,0.9966989774554611,0.9992116477272728,0.011946618523487405
rt,10000,dev,12,102400,101565,101755,1227267,1228800,0.991845703125,0.9912761292675759,0.9923783759250463,0.993701171875,0.9931977377396126,0.9941675657452085,0.99875244140625,0.02091434174538247
rt,10000,ood_dev,1,102400,102400,102400,102400,102400,1.0,0.9999624871609701,1.0,1.0,0.9999624871609701,1.0,1.0,6.49069739012198e-05
rt,10000,ood_dev,2,102400,102400,102400,204800,204800,1.0,0.9999624871609701,1.0,1.0,0.9999624871609701,1.0,1.0,9.511368449588887e-05
rt,10000,ood_dev,3,102400,102400,102400,307200,307200,1.0,0.9999624871609701,1.0,1.0,0.9999624871609701,1.0,1.0,0.00014832080991650454
rt,10000,ood_dev,4,102400,102397,102397,409597,409600,0.999970703125,0.9999138592392058,0.9999900363697822,0.999970703125,0.9999138592392058,0.9999900363697822,0.99999267578125,0.00030484709194636525
rt,10000,ood_dev,5,102400,102390,102391,511988,512000,0.99990234375,0.9998202295599984,0.9999469524276979,0.999912109375,0.9998329541276058,0.999953758377418,0.9999765625,0.0005817800497738201
rt,10000,ood_dev,6,102400,102373,102379,614367,614400,0.999736328125,0.9996163891811771,0.9998187740119542,0.999794921875,0.9996864903756401,0.9998658559214554,0.9999462890625,0.0010997667375026421
rt,10000,ood_dev,7,102400,102336,102346,716713,716800,0.999375,0.9992020535530068,0.999510480499012,0.99947265625,0.99931206478972,0.9995957744355726,0.9998786272321428,0.001847881107383308
rt,10000,ood_dev,8,102400,102289,102318,819031,819200,0.998916015625,0.9986948905496533,0.9990997091879794,0.99919921875,0.9990062333665538,0.9993547513735724,0.999793701171875,0.002910367965343114
rt,10000,ood_dev,9,102400,102209,102253,921284,921600,0.998134765625,0.9978511472800239,0.9983810110714199,0.998564453125,0.9983131050785029,0.9987783960353448,0.9996571180555556,0.004803535553428224
rt,10000,ood_dev,10,102400,102100,102171,1023455,1024000,0.9970703125,0.9967201141559111,0.9973832178068501,0.997763671875,0.9974550819919834,0.9980349167010207,0.9994677734375,0.007532742087503152
rt,10000,ood_dev,11,102400,101916,102029,1125484,1126400,0.9952734375,0.9948343659258698,0.9956753508486567,0.996376953125,0.9959898694750091,0.9967267957575092,0.9991867897727272,0.01156337002383285
rt,10000,ood_dev,12,102400,101551,101739,1227223,1228800,0.991708984375,0.9911348582218029,0.9922462197282362,0.993544921875,0.9930355634343955,0.9940172517731878,0.9987166341145833,0.021310333854076765
rt,10000,ood_dev,13,102400,81790,82047,1309270,1331200,0.79873046875,0.7962635154671651,0.8011750095768597,0.801240234375,0.7987847144065059,0.8036731535906512,0.9835261418269231,0.8573277318868339
rt,10000,ood_dev,14,102400,22032,24065,1333335,1433600,0.21515625,0.21265005555205443,0.2176838150434304,0.235009765625,0.23242275340719337,0.23761665891481987,0.9300606863839286,4.818640455251234
rt,10000,ood_dev,15,102400,2878,6572,1339907,1536000,0.02810546875,0.027110749376996868,0.02913559233018293,0.0641796875,0.06269493243805818,0.06569714027639942,0.8723352864583334,7.042144668171185
rt,10000,ood_dev,16,102400,250,2823,1342730,1638400,0.00244140625,0.0021572363750728446,0.002762905795797788,0.027568359375,0.026583100467505286,0.028589062786669565,0.819537353515625,7.626690827085692
rt,10000,ood_dev,17,102400,19,1968,1344698,1740800,0.000185546875,0.0001187940488148779,0.0002897986194349718,0.01921875,0.01839570319194052,0.020077867747339224,0.7724597886029412,7.435241125181274
rt,10000,ood_dev,18,102400,0,1653,1346351,1843200,0.0,3.3881317890172014e-21,3.751283902995844e-05,0.016142578125,0.015388648562805618,0.016932809418354882,0.7304421657986111,7.175669874127489
rt,10000,ood_dev,19,102400,0,1736,1348087,1945600,0.0,3.3881317890172014e-21,3.751283902995844e-05,0.016953125,0.01618035564849098,0.017762135270840616,0.6928901110197369,7.044487907368166
rt,10000,ood_dev,20,102400,0,1743,1349830,2048000,0.0,3.3881317890172014e-21,3.751283902995844e-05,0.017021484375,0.016247147961351464,0.017832056579271675,0.6590966796875,7.028608285252122
rt,10000,ood_dev,21,102400,0,1662,1351492,2150400,0.0,3.3881317890172014e-21,3.751283902995844e-05,0.01623046875,0.015474472688896538,0.017022759948210224,0.6284840029761904,7.091039432793041
rt,10000,ood_dev,22,102400,0,1673,1353165,2252800,0.0,3.3881317890172014e-21,3.751283902995844e-05,0.016337890625,0.01557937679287261,0.017132691534835136,0.6006591796875,7.173542660016101
rt,10000,ood_dev,23,102400,0,1711,1354876,2355200,0.0,3.3881317890172014e-21,3.751283902995844e-05,0.016708984375,0.015941838940128936,0.01751238904601859,0.5752700407608695,7.242056083529605
rt,10000,ood_dev,24,102400,0,1713,1356589,2457600,0.0,3.3881317890172014e-21,3.751283902995844e-05,0.016728515625,0.015960918695559916,0.017532370325242335,0.5519974772135416,7.331082493425347
rt,10000,ood_dev,25,102400,0,1697,1358286,2560000,0.0,3.3881317890172014e-21,3.751283902995844e-05,0.016572265625,0.01580828843853085,0.0173725123050336,0.53058046875,7.369755607581173
rt,10000,ood_dev,26,102400,0,1675,1359961,2662400,0.0,3.3881317890172014e-21,3.751283902995844e-05,0.016357421875,0.015598451199770717,0.01715267816259176,0.5108026592548077,7.455364310970181
rt,10000,ood_dev,27,102400,0,1685,1361646,2764800,0.0,3.3881317890172014e-21,3.751283902995844e-05,0.016455078125,0.015693827513485862,0.01725260702215024,0.49249348958333333,7.470764001853822
rt,10000,ood_dev,28,102400,0,1694,1363340,2867200,0.0,3.3881317890172014e-21,3.751283902995844e-05,0.01654296875,0.015779672256443042,0.017342536935139326,0.47549525669642856,7.523339372592455
rt,10000,ood_dev,29,102400,0,1769,1365109,2969600,0.0,3.3881317890172014e-21,3.751283902995844e-05,0.017275390625,0.016495262462912757,0.018091735528221815,0.45969457165948274,7.5073166196787495
rt,10000,ood_dev,30,102400,0,1786,1366895,3072000,0.0,3.3881317890172014e-21,3.751283902995844e-05,0.01744140625,0.016657515345765293,0.01826150143993444,0.44495279947916666,7.518584223793587
rt,10000,ood_dev,31,102400,0,1703,1368598,3174400,0.0,3.3881317890172014e-21,3.751283902995844e-05,0.016630859375,0.01586552269446015,0.017432461153068485,0.4311359627016129,7.539903777716681
rt,10000,ood_dev,32,102400,0,1666,1370264,3276800,0.0,3.3881317890172014e-21,3.751283902995844e-05,0.01626953125,0.015512618627879053,0.017062736078537158,0.41817138671875,7.553082603764487
rt,10000,ood_dev,33,102400,0,1741,1372005,3379200,0.0,3.3881317890172014e-21,3.751283902995844e-05,0.017001953125,0.016228064105455898,0.017812079400512517,0.4060147372159091,7.557570508139979
rt,10000,ood_dev,34,102400,0,1736,1373741,3481600,0.0,3.3881317890172014e-21,3.751283902995844e-05,0.016953125,0.01618035564849098,0.017762135270840616,0.39457174862132355,7.554000536268577
rt,10000,ood_dev,35,102400,0,1718,1375459,3584000,0.0,3.3881317890172014e-21,3.751283902995844e-05,0.01677734375,0.016008619293442074,0.017582322313996996,0.38377762276785715,7.564403365573671
rt,10000,ood_dev,36,102400,0,1737,1377196,3686400,0.0,3.3881317890172014e-21,3.751283902995844e-05,0.016962890625,0.016189897204480646,0.017772124232178315,0.3735883246527778,7.590205698145728
rt_nextlat,1000,dev,1,102400,102400,102400,102400,102400,1.0,0.9999624871609701,1.0,1.0,0.9999624871609701,1.0,1.0,0.011364425915544416
rt_nextlat,1000,dev,2,102400,102400,102400,204800,204800,1.0,0.9999624871609701,1.0,1.0,0.9999624871609701,1.0,1.0,0.08945794869444398
rt_nextlat,1000,dev,3,102400,100533,100533,305333,307200,0.981767578125,0.9809298676512483,0.9825691436595356,0.981767578125,0.9809298676512483,0.9825691436595356,0.9939225260416666,0.17327370052802962
rt_nextlat,1000,dev,4,102400,93632,94764,400097,409600,0.914375,0.9126456155386785,0.9160732956959755,0.9254296875,0.9238046914469699,0.9270227654022586,0.97679931640625,0.31418887675860785
rt_nextlat,1000,dev,5,102400,80103,84056,484153,512000,0.782255859375,0.779717478616914,0.78477306369585,0.820859375,0.8184986411108496,0.8231960361969791,0.945611328125,0.5587396144872219
rt_nextlat,1000,dev,6,102400,62191,70664,554817,614400,0.607333984375,0.6043389621268688,0.6103209538181745,0.690078125,0.6872385163476615,0.692903472912126,0.9030224609375,0.8865989065472423
rt_nextlat,1000,dev,7,102400,43290,56496,611313,716800,0.42275390625,0.4197311832766342,0.42578242466392685,0.55171875,0.5486708497570464,0.5547627700086665,0.8528362165178571,1.283817328317018
rt_nextlat,1000,dev,8,102400,27643,44660,655973,819200,0.269951171875,0.2672407922107934,0.2726788111085236,0.4361328125,0.4330979069113746,0.4391725097676734,0.800748291015625,1.6918876594513494
rt_nextlat,1000,dev,9,102400,16533,35128,691101,921600,0.161455078125,0.1592141309458459,0.1637214248664715,0.343046875,0.3401451619398695,0.3459603635747572,0.749892578125,2.0625347649787
rt_nextlat,1000,dev,10,102400,9327,27884,718985,1024000,0.091083984375,0.08933698556514635,0.09286166238619545,0.2723046875,0.2695867984101662,0.27503965958504517,0.7021337890625,2.3689215279201745
rt_nextlat,1000,dev,11,102400,4678,21138,740123,1126400,0.04568359375,0.044421682655224635,0.04697959024120802,0.20642578125,0.2039578313307963,0.2089157567740263,0.6570694247159091,2.6908223576130696
rt_nextlat,1000,dev,12,102400,1681,13777,753900,1228800,0.016416015625,0.015655676134157807,0.01721263633216884,0.134541015625,0.13246470760719117,0.13664474245091465,0.613525390625,3.1353903181785427
rt_nextlat,1000,ood_dev,1,102400,102400,102400,102400,102400,1.0,0.9999624871609701,1.0,1.0,0.9999624871609701,1.0,1.0,0.011373254024802009
rt_nextlat,1000,ood_dev,2,102400,102400,102400,204800,204800,1.0,0.9999624871609701,1.0,1.0,0.9999624871609701,1.0,1.0,0.0896461120011736
rt_nextlat,1000,ood_dev,3,102400,100643,100643,305443,307200,0.982841796875,0.9820281106945741,0.9836192575222196,0.982841796875,0.9820281106945741,0.9836192575222196,0.9942805989583333,0.17206926318101978
rt_nextlat,1000,ood_dev,4,102400,93771,94774,400217,409600,0.915732421875,0.9140153625814359,0.9174182905617215,0.92552734375,0.9239033129941241,0.9271194490283781,0.97709228515625,0.31512912520461667
rt_nextlat,1000,ood_dev,5,102400,80175,84097,484314,512000,0.782958984375,0.7804235277150802,0.7854732118452539,0.821259765625,0.818901070695108,0.8235943578231427,0.94592578125,0.5560019523423579
rt_nextlat,1000,ood_dev,6,102400,61909,70339,554653,614400,0.604580078125,0.6015815018774914,0.6075708081812358,0.686904296875,0.6840568956613455,0.689737675467049,0.9027555338541666,0.8916052220501478
rt_nextlat,1000,ood_dev,7,102400,43233,56403,611056,716800,0.422197265625,0.41917509859091756,0.4252252698619838,0.550810546875,0.5477621073781023,0.5538551742761657,0.8524776785714285,1.2875132780317289
rt_nextlat,1000,ood_dev,8,102400,27465,44431,655487,819200,0.268212890625,0.26550811953566517,0.2709350516993812,0.433896484375,0.4308634580521796,0.4369344701589023,0.800155029296875,1.696117121247953
rt_nextlat,1000,ood_dev,9,102400,16370,34871,690358,921600,0.15986328125,0.15763140265569606,0.1621206788322612,0.340537109375,0.3376406175842634,0.34344556497723105,0.7490863715277778,2.063229868461858
rt_nextlat,1000,ood_dev,10,102400,9225,27726,718084,1024000,0.090087890625,0.0883496310161933,0.09185690416775753,0.27076171875,0.26804874194871453,0.2734918943087735,0.70125390625,2.3705343436639668
rt_nextlat,1000,ood_dev,11,102400,4601,21148,739232,1126400,0.044931640625,0.043679825430826276,0.04621759763139945,0.2065234375,0.20405505020549758,0.20901384307259863,0.6562784090909091,2.693056998887987
rt_nextlat,1000,ood_dev,12,102400,1710,13890,753122,1228800,0.01669921875,0.01593229916630613,0.01750239830251404,0.13564453125,0.13356096701235065,0.13775543150374714,0.6128922526041667,3.1338607174019852
rt_nextlat,1000,ood_dev,13,102400,411,7411,760533,1331200,0.004013671875,0.0036445844373181827,0.0044199710232578435,0.072373046875,0.07080205061138481,0.07397612614073007,0.5713138521634615,3.6777414261995
rt_nextlat,1000,ood_dev,14,102400,78,3756,764289,1433600,0.00076171875,0.0006104371852048293,0.0009504560053594196,0.0366796875,0.03554563774560535,0.037848498174998906,0.5331256975446429,4.099002278038533
rt_nextlat,1000,ood_dev,15,102400,7,2284,766573,1536000,6.8359375e-05,3.3114285575679005e-05,0.00014111217474581833,0.0223046875,0.021417968790845485,0.023227245623880868,0.4990709635416667,4.271716530447593
rt_nextlat,1000,ood_dev,16,102400,0,1800,768373,1638400,0.0,3.3881317890172014e-21,3.751283902995844e-05,0.017578125,0.016791149492307516,0.018401294535975294,0.4689776611328125,4.303109690359561
rt_nextlat,1000,ood_dev,17,102400,0,1793,770166,1740800,0.0,3.3881317890172014e-21,3.751283902995844e-05,0.017509765625,0.016724330834732817,0.018331399572258458,0.4424207261029412,4.293541814038763
rt_nextlat,1000,ood_dev,18,102400,0,1701,771867,1843200,0.0,3.3881317890172014e-21,3.751283902995844e-05,0.016611328125,0.015846444329457577,0.017412478483416333,0.4187646484375,4.287305001025088
rt_nextlat,1000,ood_dev,19,102400,0,1650,773517,1945600,0.0,3.3881317890172014e-21,3.751283902995844e-05,0.01611328125,0.01536004183054854,0.01690282459862987,0.39757247121710526,4.280726826901082
rt_nextlat,1000,ood_dev,20,102400,0,1656,775173,2048000,0.0,3.3881317890172014e-21,3.751283902995844e-05,0.016171875,0.015417255951115785,0.016962793582026795,0.37850244140625,4.281683514032047
rt_nextlat,1000,ood_dev,21,102400,0,1719,776892,2150400,0.0,3.3881317890172014e-21,3.751283902995844e-05,0.016787109375,0.016018159619853447,0.01759231250491299,0.3612779017857143,4.286942341239191
rt_nextlat,1000,ood_dev,22,102400,0,1621,778513,2252800,0.0,3.3881317890172014e-21,3.751283902995844e-05,0.015830078125,0.01508354426487691,0.016612937161807978,0.34557572798295455,4.296182786787394
rt_nextlat,1000,ood_dev,23,102400,0,1704,780217,2355200,0.0,3.3881317890172014e-21,3.751283902995844e-05,0.016640625,0.01587506198163439,0.0174424523832216,0.33127420176630434,4.302525684686843
rt_nextlat,1000,ood_dev,24,102400,0,1785,782002,2457600,0.0,3.3881317890172014e-21,3.751283902995844e-05,0.017431640625,0.016647970535639666,0.018251515732732707,0.31819742838541665,4.3114316059811975
rt_nextlat,1000,ood_dev,25,102400,0,1679,783681,2560000,0.0,3.3881317890172014e-21,3.751283902995844e-05,0.016396484375,0.01563660087091516,0.017192650560756764,0.306125390625,4.322773438566364
rt_nextlat,1000,ood_dev,26,102400,0,1699,785380,2662400,0.0,3.3881317890172014e-21,3.751283902995844e-05,0.016591796875,0.015827366243986105,0.01739249553423307,0.29498948317307694,4.329300918502267
rt_nextlat,1000,ood_dev,27,102400,0,1680,787060,2764800,0.0,3.3881317890172014e-21,3.751283902995844e-05,0.01640625,0.015646138466949424,0.017202643482049865,0.28467158564814815,4.335113278822973
rt_nextlat,1000,ood_dev,28,102400,0,1783,788843,2867200,0.0,3.3881317890172014e-21,3.751283902995844e-05,0.017412109375,0.01662888111071926,0.018231544122998385,0.27512660435267855,4.344974473263137
rt_nextlat,1000,ood_dev,29,102400,0,1707,790550,2969600,0.0,3.3881317890172014e-21,3.751283902995844e-05,0.016669921875,0.01590368026112528,0.0174724256557128,0.2662143049568966,4.354602745871525
rt_nextlat,1000,ood_dev,30,102400,0,1716,792266,3072000,0.0,3.3881317890172014e-21,3.751283902995844e-05,0.0167578125,0.01598953884727668,0.017562341725507667,0.25789908854166665,4.353423917463515
rt_nextlat,1000,ood_dev,31,102400,0,1726,793992,3174400,0.0,3.3881317890172014e-21,3.751283902995844e-05,0.01685546875,0.016084943828035953,0.017662241918022018,0.2501234879032258,4.3618087561335415
rt_nextlat,1000,ood_dev,32,102400,0,1719,795711,3276800,0.0,3.3881317890172014e-21,3.751283902995844e-05,0.016787109375,0.016018159619853447,0.01759231250491299,0.24283172607421874,4.368390502822585
rt_nextlat,1000,ood_dev,33,102400,0,1721,797432,3379200,0.0,3.3881317890172014e-21,3.751283902995844e-05,0.016806640625,0.01603724047903842,0.017612292680382738,0.23598248106060607,4.371671660046559
rt_nextlat,1000,ood_dev,34,102400,0,1764,799196,3481600,0.0,3.3881317890172014e-21,3.751283902995844e-05,0.0172265625,0.016447544642647142,0.01804180076185061,0.22954848345588236,4.373118428736925
rt_nextlat,1000,ood_dev,35,102400,0,1648,800844,3584000,0.0,3.3881317890172014e-21,3.751283902995844e-05,0.01609375,0.01534097104105305,0.01688283435347063,0.2234497767857143,4.37452357273316
rt_nextlat,1000,ood_dev,36,102400,0,1648,802492,3686400,0.0,3.3881317890172014e-21,3.751283902995844e-05,0.01609375,0.01534097104105305,0.01688283435347063,0.2176898871527778,4.378119263593107
rt_nextlat,5000,dev,1,102400,102400,102400,102400,102400,1.0,0.9999624871609701,1.0,1.0,0.9999624871609701,1.0,1.0,0.0002508438578455241
rt_nextlat,5000,dev,2,102400,102400,102400,204800,204800,1.0,0.9999624871609701,1.0,1.0,0.9999624871609701,1.0,1.0,0.000517313365050498
rt_nextlat,5000,dev,3,102400,102399,102399,307199,307200,0.999990234375,0.9999446805183295,0.9999982761253133,0.999990234375,0.9999446805183295,0.9999982761253133,0.9999967447916667,0.001068969541055189
rt_nextlat,5000,dev,4,102400,102369,102370,409569,409600,0.999697265625,0.9995703338469782,0.9997867072768437,0.99970703125,0.9995818045502446,0.9997947670909048,0.99992431640625,0.003040816860546336
rt_nextlat,5000,dev,5,102400,102202,102215,511784,512000,0.99806640625,0.9977780124723823,0.9983174322577699,0.998193359375,0.9979139044636965,0.9984354369917113,0.999578125,0.009467274525893288
rt_nextlat,5000,dev,6,102400,101487,101567,613351,614400,0.991083984375,0.9904895222035073,0.9916416026375807,0.991865234375,0.9912963140296508,0.992397252197626,0.9982926432291667,0.027251759944999777
rt_nextlat,5000,dev,7,102400,99764,100081,713432,716800,0.9742578125,0.973269907945089,0.9752101355409528,0.977353515625,0.9764242275772188,0.9782469899015971,0.9953013392857143,0.06538330136870546
rt_nextlat,5000,dev,8,102400,96801,97657,811089,819200,0.945322265625,0.9439129923054751,0.9466981283395911,0.953681640625,0.9523772433496083,0.9549520001276806,0.990098876953125,0.13197526117301472
rt_nextlat,5000,dev,9,102400,92311,94123,905212,921600,0.901474609375,0.8996341592842031,0.9032849385610048,0.919169921875,0.9174846699123935,0.9208237253299956,0.9822178819444445,0.23384941766111111
rt_nextlat,5000,dev,10,102400,86370,89609,994821,1024000,0.84345703125,0.8412185554225451,0.845669738980801,0.875087890625,0.8730488035464691,0.8770988364802047,0.9715048828125,0.3667913128679528
rt_nextlat,5000,dev,11,102400,79207,84377,1079198,1126400,0.773505859375,0.7709319789014297,0.7760592198860174,0.823994140625,0.8216494875711272,0.8263144857987849,0.9580948153409091,0.5276415386284721
rt_nextlat,5000,dev,12,102400,69914,77317,1156515,1228800,0.68275390625,0.6798965479024395,0.6855975533618259,0.755048828125,0.7524052341923155,0.757673286846416,0.94117431640625,0.7322646452798096
rt_nextlat,5000,ood_dev,1,102400,102400,102400,102400,102400,1.0,0.9999624871609701,1.0,1.0,0.9999624871609701,1.0,1.0,0.0002504997661085895
rt_nextlat,5000,ood_dev,2,102400,102400,102400,204800,204800,1.0,0.9999624871609701,1.0,1.0,0.9999624871609701,1.0,1.0,0.0005157827619004251
rt_nextlat,5000,ood_dev,3,102400,102399,102399,307199,307200,0.999990234375,0.9999446805183295,0.9999982761253133,0.999990234375,0.9999446805183295,0.9999982761253133,0.9999967447916667,0.001092706935174732
rt_nextlat,5000,ood_dev,4,102400,102375,102375,409574,409600,0.999755859375,0.9996396050278641,0.999834619199922,0.999755859375,0.9996396050278641,0.999834619199922,0.9999365234375,0.0031730422048302743
rt_nextlat,5000,ood_dev,5,102400,102197,102210,511784,512000,0.998017578125,0.9977258248970176,0.9982719672464979,0.99814453125,0.9978616022164125,0.9983900866523586,0.999578125,0.0096870096234057
rt_nextlat,5000,ood_dev,6,102400,101469,101543,613327,614400,0.990908203125,0.9903081543766385,0.991471421152557,0.991630859375,0.9910541491776663,0.9921706846337539,0.9982535807291667,0.027492072386414712
rt_nextlat,5000,ood_dev,7,102400,99797,100108,713435,716800,0.974580078125,0.9735980913667474,0.9755264591910976,0.9776171875,0.9766930862581498,0.9785054551885051,0.9953055245535715,0.0649919665661701
rt_nextlat,5000,ood_dev,8,102400,96754,97621,811056,819200,0.94486328125,0.943448533027116,0.9462446533035643,0.953330078125,0.9520210567782932,0.9546050880752106,0.99005859375,0.13433009401303397
rt_nextlat,5000,ood_dev,9,102400,92171,93981,905037,921600,0.900107421875,0.8982557971823509,0.9019290282370261,0.917783203125,0.916085015144931,0.9194500466369725,0.9820279947916667,0.23611761440939752
rt_nextlat,5000,ood_dev,10,102400,86407,89714,994751,1024000,0.843818359375,0.8415819637440927,0.8460289598003659,0.87611328125,0.8740813026067532,0.8781170417392937,0.9714365234375,0.37002598412902743
rt_nextlat,5000,ood_dev,11,102400,79329,84497,1079248,1126400,0.774697265625,0.7721281233066803,0.7772457985947048,0.825166015625,0.8228274437491793,0.8274801917000164,0.9581392045454545,0.528304074513836
rt_nextlat,5000,ood_dev,12,102400,69982,77464,1156712,1228800,0.68341796875,0.680562185889783,0.6862599905527433,0.756484375,0.7538459612487453,0.7591035458371086,0.9413346354166666,0.7321013518991606
rt_nextlat,5000,ood_dev,13,102400,35506,42321,1199033,1331200,0.34673828125,0.3438290523260065,0.34965900873836336,0.413291015625,0.41027828059160343,0.41631025605874317,0.9007158954326923,2.3869141168768175
rt_nextlat,5000,ood_dev,14,102400,6841,10300,1209333,1433600,0.066806640625,0.06529352954974331,0.06835225232577484,0.1005859375,0.0987586526858022,0.10244318862506352,0.8435637555803571,4.951859344152814
rt_nextlat,5000,ood_dev,15,102400,770,2948,1212281,1536000,0.00751953125,0.007008572719426442,0.008067438461672792,0.0287890625,0.02778244363934087,0.029831034280754315,0.7892454427083333,5.490658060100889
rt_nextlat,5000,ood_dev,16,102400,46,1724,1214005,1638400,0.00044921875,0.0003368283364539456,0.0005990882996346968,0.0168359375,0.01606586228283863,0.01764226242856461,0.7409698486328125,5.254236858458653
rt_nextlat,5000,ood_dev,17,102400,1,1694,1215699,1740800,9.765625e-06,1.7238746867777096e-06,5.5319481670543434e-05,0.01654296875,0.015779672256443042,0.017342536935139326,0.698356502757353,5.003593040544365
rt_nextlat,5000,ood_dev,18,102400,0,1712,1217411,1843200,0.0,3.3881317890172014e-21,3.751283902995844e-05,0.01671875,0.01595137878323341,0.017522379720241482,0.6604877387152778,4.886976375972372
rt_nextlat,5000,ood_dev,19,102400,0,1688,1219099,1945600,0.0,3.3881317890172014e-21,3.751283902995844e-05,0.016484375,0.015722441792261517,0.017282584295356673,0.6265928248355264,4.848358041714818
rt_nextlat,5000,ood_dev,20,102400,0,1702,1220801,2048000,0.0,3.3881317890172014e-21,3.751283902995844e-05,0.01662109375,0.015855983477047735,0.017422469853153533,0.59609423828125,4.863360275791783
rt_nextlat,5000,ood_dev,21,102400,0,1704,1222505,2150400,0.0,3.3881317890172014e-21,3.751283902995844e-05,0.016640625,0.01587506198163439,0.0174424523832216,0.568501209077381,4.93129401685932
rt_nextlat,5000,ood_dev,22,102400,0,1721,1224226,2252800,0.0,3.3881317890172014e-21,3.751283902995844e-05,0.016806640625,0.01603724047903842,0.017612292680382738,0.5434241832386364,5.0435921341725045
rt_nextlat,5000,ood_dev,23,102400,0,1738,1225964,2355200,0.0,3.3881317890172014e-21,3.751283902995844e-05,0.01697265625,0.016199438828229357,0.017782113125756963,0.5205349864130435,5.162281798813565
rt_nextlat,5000,ood_dev,24,102400,0,1675,1227639,2457600,0.0,3.3881317890172014e-21,3.751283902995844e-05,0.016357421875,0.015598451199770717,0.01715267816259176,0.499527587890625,5.3085105946891415
rt_nextlat,5000,ood_dev,25,102400,0,1744,1229383,2560000,0.0,3.3881317890172014e-21,3.751283902995844e-05,0.01703125,0.016256689990451302,0.0178420450674992,0.480227734375,5.484538847018703
rt_nextlat,5000,ood_dev,26,102400,0,1648,1231031,2662400,0.0,3.3881317890172014e-21,3.751283902995844e-05,0.01609375,0.01534097104105305,0.01688283435347063,0.46237642728365386,5.649555264998344
rt_nextlat,5000,ood_dev,27,102400,0,1719,1232750,2764800,0.0,3.3881317890172014e-21,3.751283902995844e-05,0.016787109375,0.016018159619853447,0.01759231250491299,0.44587311921296297,5.811647639692092
rt_nextlat,5000,ood_dev,28,102400,0,1683,1234433,2867200,0.0,3.3881317890172014e-21,3.751283902995844e-05,0.016435546875,0.01567475168184742,0.01723262181913395,0.4305360630580357,5.988349359559506
rt_nextlat,5000,ood_dev,29,102400,0,1710,1236143,2969600,0.0,3.3881317890172014e-21,3.751283902995844e-05,0.01669921875,0.01593229916630613,0.01750239830251404,0.4162658270474138,6.160183400336391
rt_nextlat,5000,ood_dev,30,102400,0,1808,1237951,3072000,0.0,3.3881317890172014e-21,3.751283902995844e-05,0.01765625,0.016867517529074724,0.018481170637826987,0.4029788411458333,6.313050641642913
rt_nextlat,5000,ood_dev,31,102400,0,1666,1239617,3174400,0.0,3.3881317890172014e-21,3.751283902995844e-05,0.01626953125,0.015512618627879053,0.017062736078537158,0.3905043472782258,6.4728353736325515
rt_nextlat,5000,ood_dev,32,102400,0,1765,1241382,3276800,0.0,3.3881317890172014e-21,3.751283902995844e-05,0.017236328125,0.01645708807444747,0.01805178784737764,0.3788397216796875,6.626440201319928
rt_nextlat,5000,ood_dev,33,102400,0,1662,1243044,3379200,0.0,3.3881317890172014e-21,3.751283902995844e-05,0.01623046875,0.015474472688896538,0.017022759948210224,0.3678515625,6.758500981945981
rt_nextlat,5000,ood_dev,34,102400,0,1691,1244735,3481600,0.0,3.3881317890172014e-21,3.751283902995844e-05,0.016513671875,0.01575105670713481,0.01731256093246547,0.3575180951286765,6.885547594438249
rt_nextlat,5000,ood_dev,35,102400,0,1774,1246509,3584000,0.0,3.3881317890172014e-21,3.751283902995844e-05,0.01732421875,0.016542981932213617,0.01814166864555776,0.3477982700892857,6.994890472800325
rt_nextlat,5000,ood_dev,36,102400,0,1735,1248244,3686400,0.0,3.3881317890172014e-21,3.751283902995844e-05,0.016943359375,0.016170814160317883,0.017752146241686355,0.33860785590277775,7.119775796768226
rt_nextlat,10000,dev,1,102400,102400,102400,102400,102400,1.0,0.9999624871609701,1.0,1.0,0.9999624871609701,1.0,1.0,3.7783242453661715e-05
rt_nextlat,10000,dev,2,102400,102400,102400,204800,204800,1.0,0.9999624871609701,1.0,1.0,0.9999624871609701,1.0,1.0,4.8965833837231185e-05
rt_nextlat,10000,dev,3,102400,102400,102400,307200,307200,1.0,0.9999624871609701,1.0,1.0,0.9999624871609701,1.0,1.0,8.776765246452101e-05
rt_nextlat,10000,dev,4,102400,102400,102400,409600,409600,1.0,0.9999624871609701,1.0,1.0,0.9999624871609701,1.0,1.0,0.00018653228252077714
rt_nextlat,10000,dev,5,102400,102398,102398,511998,512000,0.99998046875,0.9999287823158808,0.9999946438104347,0.99998046875,0.9999287823158808,0.9999946438104347,0.99999609375,0.0004461277688560017
rt_nextlat,10000,dev,6,102400,102390,102390,614388,614400,0.99990234375,0.9998202295599984,0.9999469524276979,0.99990234375,0.9998202295599984,0.9999469524276979,0.99998046875,0.0009909234946469335
rt_nextlat,10000,dev,7,102400,102355,102359,716747,716800,0.999560546875,0.9994120800157498,0.9996715338654889,0.999599609375,0.9994569122761486,0.9997048236743996,0.9999260602678571,0.0020569891851950216
rt_nextlat,10000,dev,8,102400,102285,102300,819047,819200,0.998876953125,0.9986522495411198,0.9990642281272036,0.9990234375,0.9988124983414783,0.9991969370867555,0.999813232421875,0.004037368341549077
rt_nextlat,10000,dev,9,102400,102109,102145,921192,921600,0.997158203125,0.9968129821259797,0.9974661244927279,0.997509765625,0.9971852735156571,0.9977969317268355,0.9995572916666666,0.008017431675627113
rt_nextlat,10000,dev,10,102400,101829,101933,1023125,1024000,0.994423828125,0.9939488209998261,0.9948617407672199,0.995439453125,0.995007776678839,0.9958339588902527,0.9991455078125,0.014103487350597011
rt_nextlat,10000,dev,11,102400,101349,101562,1124687,1126400,0.989736328125,0.9891003765554816,0.9903355368944302,0.99181640625,0.9912458536267135,0.9923500600139266,0.9984792258522728,0.023896968212686533
rt_nextlat,10000,dev,12,102400,100664,101081,1225768,1228800,0.983046875,0.9822378647291594,0.983819644351509,0.987119140625,0.9864099929466577,0.9877917418595208,0.9975325520833334,0.037859266385712693
rt_nextlat,10000,ood_dev,1,102400,102400,102400,102400,102400,1.0,0.9999624871609701,1.0,1.0,0.9999624871609701,1.0,1.0,3.781948499424814e-05
rt_nextlat,10000,ood_dev,2,102400,102400,102400,204800,204800,1.0,0.9999624871609701,1.0,1.0,0.9999624871609701,1.0,1.0,4.920261641023771e-05
rt_nextlat,10000,ood_dev,3,102400,102400,102400,307200,307200,1.0,0.9999624871609701,1.0,1.0,0.9999624871609701,1.0,1.0,9.100858044358784e-05
rt_nextlat,10000,ood_dev,4,102400,102400,102400,409600,409600,1.0,0.9999624871609701,1.0,1.0,0.9999624871609701,1.0,1.0,0.0001961794688842078
rt_nextlat,10000,ood_dev,5,102400,102397,102397,511997,512000,0.999970703125,0.9999138592392058,0.9999900363697822,0.999970703125,0.9999138592392058,0.9999900363697822,0.999994140625,0.0004538312759124219
rt_nextlat,10000,ood_dev,6,102400,102383,102384,614381,614400,0.999833984375,0.9997341277518229,0.9998963406145821,0.99984375,0.9997461828910157,0.9999038159927167,0.9999690755208334,0.0009505463121016299
rt_nextlat,10000,ood_dev,7,102400,102356,102365,716746,716800,0.9995703125,0.9994232637005559,0.9996798806980102,0.999658203125,0.9995247045222765,0.9997542145322359,0.9999246651785715,0.0018323935821019121
rt_nextlat,10000,ood_dev,8,102400,102278,102295,819041,819200,0.99880859375,0.9985777737680724,0.9990019902789592,0.998974609375,0.998758974602583,0.9991528082390141,0.999805908203125,0.0038183867243966317
rt_nextlat,10000,ood_dev,9,102400,102136,102186,921227,921600,0.997421875,0.9970920696117631,0.9977143609747832,0.99791015625,0.9976111551888337,0.9981718012640807,0.9995952690972222,0.00745142901967109
rt_nextlat,10000,ood_dev,10,102400,101851,101953,1023180,1024000,0.994638671875,0.9941724731053734,0.9950677600428746,0.995634765625,0.995211966074663,0.9960203798409759,0.99919921875,0.013253472949858743
rt_nextlat,10000,ood_dev,11,102400,101427,101647,1124827,1126400,0.990498046875,0.9898851749744236,0.9910741188270226,0.992646484375,0.9921043967948563,0.9931516108186097,0.998603515625,0.022569020578959046
rt_nextlat,10000,ood_dev,12,102400,100738,101116,1225943,1228800,0.98376953125,0.9829772400517898,0.9845255273111035,0.9874609375,0.9867608801305994,0.9881244227820369,0.9976749674479166,0.037329429069670496
rt_nextlat,10000,ood_dev,13,102400,99190,99823,1325766,1331200,0.96865234375,0.9675673431529946,0.9697021833871412,0.974833984375,0.9738566887945506,0.9757756552138059,0.99591796875,0.07569387634893093
rt_nextlat,10000,ood_dev,14,102400,63731,64558,1390324,1433600,0.622373046875,0.6193992022051187,0.6253377104240632,0.63044921875,0.6274879968018178,0.6334006536570932,0.9698130580357143,1.493624000716877
rt_nextlat,10000,ood_dev,15,102400,13027,14303,1404627,1536000,0.127216796875,0.12518986291960257,0.12927169914298123,0.139677734375,0.13756804114037022,0.14181446103192838,0.914470703125,5.3257879309369205
rt_nextlat,10000,ood_dev,16,102400,1367,3071,1407698,1638400,0.013349609375,0.012664708006690546,0.014071022018844219,0.029990234375,0.028963073871833174,0.031052657679527626,0.859190673828125,6.094221230578979
rt_nextlat,10000,ood_dev,17,102400,107,1861,1409559,1740800,0.001044921875,0.0008648745080217974,0.0012624036850359696,0.018173828125,0.017373557791439877,0.01901024779381206,0.8097190946691176,5.717813613155819
rt_nextlat,10000,ood_dev,18,102400,5,1739,1411298,1843200,4.8828125e-05,2.0856631032296734e-05,0.0001143087946344752,0.016982421875,0.016208980519679686,0.017792101951634,0.7656781684027778,5.379270938918679
rt_nextlat,10000,ood_dev,19,102400,0,1764,1413062,1945600,0.0,3.3881317890172014e-21,3.751283902995844e-05,0.0172265625,0.016447544642647142,0.01804180076185061,0.726285978618421,5.161833876111705
rt_nextlat,10000,ood_dev,20,102400,0,1722,1414784,2048000,0.0,3.3881317890172014e-21,3.751283902995844e-05,0.01681640625,0.016046781011694225,0.017622282665054292,0.6908125,5.036885570396699
rt_nextlat,10000,ood_dev,21,102400,0,1663,1416447,2150400,0.0,3.3881317890172014e-21,3.751283902995844e-05,0.016240234375,0.015484009065332125,0.017032754089101997,0.6586900111607142,4.973747686006682
rt_nextlat,10000,ood_dev,22,102400,0,1699,1418146,2252800,0.0,3.3881317890172014e-21,3.751283902995844e-05,0.016591796875,0.015827366243986105,0.01739249553423307,0.6295037286931818,4.933288758216222
rt_nextlat,10000,ood_dev,23,102400,0,1728,1419874,2355200,0.0,3.3881317890172014e-21,3.751283902995844e-05,0.016875,0.016104025646818412,0.01768222113389429,0.6028676970108696,4.918224548241706
rt_nextlat,10000,ood_dev,24,102400,0,1764,1421638,2457600,0.0,3.3881317890172014e-21,3.751283902995844e-05,0.0172265625,0.016447544642647142,0.01804180076185061,0.5784659830729166,4.931411999926858
rt_nextlat,10000,ood_dev,25,102400,0,1685,1423323,2560000,0.0,3.3881317890172014e-21,3.751283902995844e-05,0.016455078125,0.015693827513485862,0.01725260702215024,0.555985546875,4.977326809611841
rt_nextlat,10000,ood_dev,26,102400,0,1706,1425029,2662400,0.0,3.3881317890172014e-21,3.751283902995844e-05,0.01666015625,0.015894140765027154,0.017462434634483562,0.5352422626201923,5.021736839672376
rt_nextlat,10000,ood_dev,27,102400,0,1727,1426756,2764800,0.0,3.3881317890172014e-21,3.751283902995844e-05,0.016865234375,0.016094484703258225,0.01767223156012711,0.5160431134259259,5.076239227791011
rt_nextlat,10000,ood_dev,28,102400,0,1661,1428417,2867200,0.0,3.3881317890172014e-21,3.751283902995844e-05,0.016220703125,0.015464936384774395,0.017012765735004997,0.49819231305803574,5.1718027419986905
rt_nextlat,10000,ood_dev,29,102400,0,1668,1430085,2969600,0.0,3.3881317890172014e-21,3.751283902995844e-05,0.0162890625,0.015531692029971601,0.017082723711099333,0.4815749595905172,5.276444914938038
rt_nextlat,10000,ood_dev,30,102400,0,1705,1431790,3072000,0.0,3.3881317890172014e-21,3.751283902995844e-05,0.016650390625,0.01588460133851014,0.017452443543673216,0.4660774739583333,5.388960752434505
rt_nextlat,10000,ood_dev,31,102400,0,1662,1433452,3174400,0.0,3.3881317890172014e-21,3.751283902995844e-05,0.01623046875,0.015474472688896538,0.017022759948210224,0.45156628024193546,5.533608497773239
rt_nextlat,10000,ood_dev,32,102400,0,1792,1435244,3276800,0.0,3.3881317890172014e-21,3.751283902995844e-05,0.0175,0.016714785570458968,0.01832141431920495,0.438001708984375,5.6709102768063895
rt_nextlat,10000,ood_dev,33,102400,0,1705,1436949,3379200,0.0,3.3881317890172014e-21,3.751283902995844e-05,0.016650390625,0.01588460133851014,0.017452443543673216,0.4252334872159091,5.832131392646261
rt_nextlat,10000,ood_dev,34,102400,0,1752,1438701,3481600,0.0,3.3881317890172014e-21,3.751283902995844e-05,0.017109375,0.0163330286433993,0.0179219505531701,0.4132298368566176,5.977132680609938
rt_nextlat,10000,ood_dev,35,102400,0,1715,1440416,3584000,0.0,3.3881317890172014e-21,3.751283902995844e-05,0.016748046875,0.015979998727640964,0.017552351327816018,0.4019017857142857,6.135886474248473
rt_nextlat,10000,ood_dev,36,102400,0,1682,1442098,3686400,0.0,3.3881317890172014e-21,3.751283902995844e-05,0.01642578125,0.015665213872477914,0.0172226291111761,0.3911941189236111,6.316371763554998
seq,1000,dev,1,4096,4096,4096,4096,4096,1.0,0.9990630225926348,0.9999999999999999,1.0,0.9990630225926348,0.9999999999999999,1.0,0.01965251527077072
seq,1000,dev,2,4096,4042,4042,8138,8192,0.98681640625,0.9828391999625007,0.9898813405891173,0.98681640625,0.9828391999625007,0.9898813405891173,0.993408203125,0.10425009925428697
seq,1000,dev,3,4096,249,251,8389,12288,0.060791015625,0.05387680089594814,0.06852828814499423,0.061279296875,0.05433728703028498,0.06904344949365801,0.6826985677083334,3.9253199381263926
seq,1000,dev,4,4096,3,81,8470,16384,0.000732421875,0.0002491200948151938,0.0021513285370509242,0.019775390625,0.015939893688042484,0.02451080678084781,0.5169677734375,4.100321437744242
seq,1000,dev,5,4096,0,67,8537,20480,0.0,0.0,0.0009369774073651883,0.016357421875,0.012901468019013623,0.020719700068872332,0.416845703125,4.0991715243435465
seq,1000,dev,6,4096,0,73,8610,24576,0.0,0.0,0.0009369774073651883,0.017822265625,0.014199063362519719,0.022349047174368093,0.350341796875,4.096861915430054
seq,1000,dev,7,4096,0,66,8676,28672,0.0,0.0,0.0009369774073651883,0.01611328125,0.01268594169611479,0.020447402650270854,0.30259486607142855,4.098679899296258
seq,1000,dev,8,4096,0,67,8743,32768,0.0,0.0,0.0009369774073651883,0.016357421875,0.012901468019013623,0.020719700068872332,0.266815185546875,4.095615359838121
seq,1000,dev,9,4096,0,62,8805,36864,0.0,0.0,0.0009369774073651883,0.01513671875,0.011826124044008677,0.01935592533637573,0.23885091145833334,4.0958852780167945
seq,1000,dev,10,4096,0,57,8862,40960,0.0,0.0,0.0009369774073651883,0.013916015625,0.01075691476118927,0.017986015911693586,0.216357421875,4.0968128612148575
seq,1000,dev,11,4096,0,77,8939,45056,0.0,0.0,0.0009369774073651883,0.018798828125,0.01506804743850219,0.023431358064386867,0.1983975497159091,4.094897730683442
seq,1000,dev,12,4096,0,82,9021,49152,0.0,0.0,0.0009369774073651883,0.02001953125,0.01615827811132198,0.024780246099068624,0.18353271484375,4.0945813112775795
seq,1000,ood_dev,1,4096,4096,4096,4096,4096,1.0,0.9990630225926348,0.9999999999999999,1.0,0.9990630225926348,0.9999999999999999,1.0,0.019818025397412953
seq,1000,ood_dev,2,4096,4017,4017,8113,8192,0.980712890625,0.9760285730987803,0.9844963739153301,0.980712890625,0.9760285730987803,0.9844963739153301,0.9903564453125,0.14158318281727134
seq,1000,ood_dev,3,4096,213,213,8326,12288,0.052001953125,0.0456123794790384,0.059231054867892804,0.052001953125,0.0456123794790384,0.059231054867892804,0.6775716145833334,3.9657581770452452
seq,1000,ood_dev,4,4096,6,82,8408,16384,0.00146484375,0.0006715185421635897,0.0031924013142034585,0.02001953125,0.01615827811132198,0.024780246099068624,0.51318359375,4.099460376267871
seq,1000,ood_dev,5,4096,0,62,8470,20480,0.0,0.0,0.0009369774073651883,0.01513671875,0.011826124044008677,0.01935592533637573,0.41357421875,4.0961270648404025
seq,1000,ood_dev,6,4096,0,65,8535,24576,0.0,0.0,0.0009369774073651883,0.015869140625,0.012470639018872916,0.020174881586012418,0.3472900390625,4.095801271963865
seq,1000,ood_dev,7,4096,0,61,8596,28672,0.0,0.0,0.0009369774073651883,0.014892578125,0.011611768142410793,0.019082457496473304,0.2998046875,4.097237772017252
seq,1000,ood_dev,8,4096,0,68,8664,32768,0.0,0.0,0.0009369774073651883,0.0166015625,0.013117213150496153,0.020991778678890113,0.264404296875,4.0957180667319335
seq,1000,ood_dev,9,4096,0,60,8724,36864,0.0,0.0,0.0009369774073651883,0.0146484375,0.01139766303294143,0.018808738864442356,0.23665364583333334,4.097926844086032
seq,1000,ood_dev,10,4096,0,68,8792,40960,0.0,0.0,0.0009369774073651883,0.0166015625,0.013117213150496153,0.020991778678890113,0.2146484375,4.096353882574476
seq,1000,ood_dev,11,4096,0,65,8857,45056,0.0,0.0,0.0009369774073651883,0.015869140625,0.012470639018872916,0.020174881586012418,0.19657759232954544,4.09777900390327
seq,1000,ood_dev,12,4096,0,63,8920,49152,0.0,0.0,0.0009369774073651883,0.015380859375,0.012040724876904885,0.019629148244979834,0.18147786458333334,4.095657062600367
seq,1000,ood_dev,13,4096,0,62,8982,53248,0.0,0.0,0.0009369774073651883,0.01513671875,0.011826124044008677,0.01935592533637573,0.16868239182692307,4.097544455202296
seq,1000,ood_dev,14,4096,0,64,9046,57344,0.0,0.0,0.0009369774073651883,0.015625,0.012255565007829483,0.01990213185555554,0.15774972098214285,4.096018125710543
seq,1000,ood_dev,15,4096,0,71,9117,61440,0.0,0.0,0.0009369774073651883,0.017333984375,0.01376571558724534,0.02180674746664186,0.148388671875,4.096167370676994
seq,1000,ood_dev,16,4096,0,71,9188,65536,0.0,0.0,0.0009369774073651883,0.017333984375,0.01376571558724534,0.02180674746664186,0.14019775390625,4.0955738699412905
seq,1000,ood_dev,17,4096,0,67,9255,69632,0.0,0.0,0.0009369774073651883,0.016357421875,0.012901468019013623,0.020719700068872332,0.13291302849264705,4.096172163554002
seq,1000,ood_dev,18,4096,0,73,9328,73728,0.0,0.0,0.0009369774073651883,0.017822265625,0.014199063362519719,0.022349047174368093,0.1265190972222222,4.094036722090095
seq,1000,ood_dev,19,4096,0,72,9400,77824,0.0,0.0,0.0009369774073651883,0.017578125,0.013982290939508705,0.022077995855878798,0.12078536184210527,4.095632006647065
seq,1000,ood_dev,20,4096,0,72,9472,81920,0.0,0.0,0.0009369774073651883,0.017578125,0.013982290939508705,0.022077995855878798,0.115625,4.098459055647254
seq,1000,ood_dev,21,4096,0,70,9542,86016,0.0,0.0,0.0009369774073651883,0.01708984375,0.0135493413532538,0.021535297959133087,0.11093284970238096,4.097187043342274
seq,1000,ood_dev,22,4096,0,71,9613,90112,0.0,0.0,0.0009369774073651883,0.017333984375,0.01376571558724534,0.02180674746664186,0.10667835582386363,4.096608698950149
seq,1000,ood_dev,23,4096,0,77,9690,94208,0.0,0.0,0.0009369774073651883,0.018798828125,0.01506804743850219,0.023431358064386867,0.10285750679347826,4.096464447386097
seq,1000,ood_dev,24,4096,0,51,9741,98304,0.0,0.0,0.0009369774073651883,0.012451171875,0.009483101104023409,0.016332887119857586,0.099090576171875,4.096707908669487
seq,1000,ood_dev,25,4096,0,60,9801,102400,0.0,0.0,0.0009369774073651883,0.0146484375,0.01139766303294143,0.018808738864442356,0.095712890625,4.096260757010896
seq,1000,ood_dev,26,4096,0,77,9878,106496,0.0,0.0,0.0009369774073651883,0.018798828125,0.01506804743850219,0.023431358064386867,0.09275465745192307,4.096155272331089
seq,1000,ood_dev,27,4096,0,74,9952,110592,0.0,0.0,0.0009369774073651883,0.01806640625,0.014416028944668636,0.02261990533371949,0.08998842592592593,4.097566177835688
seq,1000,ood_dev,28,4096,0,63,10015,114688,0.0,0.0,0.0009369774073651883,0.015380859375,0.012040724876904885,0.019629148244979834,0.08732386997767858,4.097110921575222
seq,1000,ood_dev,29,4096,0,59,10074,118784,0.0,0.0,0.0009369774073651883,0.014404296875,0.011183814817094736,0.01853476333878874,0.08480940193965517,4.095726826344617
seq,1000,ood_dev,30,4096,0,49,10123,122880,0.0,0.0,0.0009369774073651883,0.011962890625,0.009061008054248611,0.015779332686631765,0.08238118489583333,4.097950048802886
seq,1000,ood_dev,31,4096,0,75,10198,126976,0.0,0.0,0.0009369774073651883,0.018310546875,0.014633183903943853,0.022890574115944584,0.08031439012096774,4.096332312619779
seq,1000,ood_dev,32,4096,0,71,10269,131072,0.0,0.0,0.0009369774073651883,0.017333984375,0.01376571558724534,0.02180674746664186,0.07834625244140625,4.094937765854411
seq,1000,ood_dev,33,4096,0,75,10344,135168,0.0,0.0,0.0009369774073651883,0.018310546875,0.014633183903943853,0.022890574115944584,0.07652698863636363,4.095576894993428
seq,1000,ood_dev,34,4096,0,60,10404,139264,0.0,0.0,0.0009369774073651883,0.0146484375,0.01139766303294143,0.018808738864442356,0.07470703125,4.095746234583203
seq,1000,ood_dev,35,4096,0,61,10465,143360,0.0,0.0,0.0009369774073651883,0.014892578125,0.011611768142410793,0.019082457496473304,0.072998046875,4.096365586388856
seq,1000,ood_dev,36,4096,0,80,10545,147456,0.0,0.0,0.0009369774073651883,0.01953125,0.015721675338006252,0.02424120138938373,0.07151285807291667,4.094701057008933
seq,5000,dev,1,102400,102400,102400,102400,102400,1.0,0.9999624871609701,1.0,1.0,0.9999624871609701,1.0,1.0,0.014235074710823597
seq,5000,dev,2,102400,100694,100694,203094,204800,0.98333984375,0.9825375653655165,0.9841058592349728,0.98333984375,0.9825375653655165,0.9841058592349728,0.991669921875,0.09353216131936272
seq,5000,dev,3,102400,99279,99350,302444,307200,0.969521484375,0.9684508761830047,0.9705568663992662,0.97021484375,0.9691558799293736,0.9712385293831403,0.9845182291666666,0.16082005096431246
seq,5000,dev,4,102400,71920,72639,375083,409600,0.70234375,0.6995357346399558,0.7051365843829993,0.709365234375,0.7065763840673809,0.712138376913948,0.91572998046875,1.021892943638097
seq,5000,dev,5,102400,7130,8228,383311,512000,0.06962890625,0.06808608647547731,0.07120401490764866,0.0803515625,0.07870229234894575,0.08203231705962445,0.748654296875,3.777952730553653
seq,5000,dev,6,102400,503,2331,385642,614400,0.004912109375,0.004502071036761257,0.0053592920179321366,0.022763671875,0.021867893962816003,0.023695254766296397,0.6276725260416667,4.107996838281406
seq,5000,dev,7,102400,24,1856,387498,716800,0.000234375,0.00015751151647495063,0.00034873373841171247,0.018125,0.01732581068362348,0.018960342314991635,0.5405943080357143,4.099356939865975
seq,5000,dev,8,102400,0,1761,389259,819200,0.0,3.3881317890172014e-21,3.751283902995844e-05,0.017197265625,0.016418914744888474,0.01801183910762719,0.475169677734375,4.096848557220073
seq,5000,dev,9,102400,0,1689,390948,921600,0.0,3.3881317890172014e-21,3.751283902995844e-05,0.016494140625,0.01573198002662403,0.017292576578321527,0.42420572916666666,4.097110820501111
seq,5000,dev,10,102400,0,1707,392655,1024000,0.0,3.3881317890172014e-21,3.751283902995844e-05,0.016669921875,0.01590368026112528,0.0174724256557128,0.3834521484375,4.096709152765106
seq,5000,dev,11,102400,0,1737,394392,1126400,0.0,3.3881317890172014e-21,3.751283902995844e-05,0.016962890625,0.016189897204480646,0.017772124232178315,0.3501349431818182,4.096080956195947
seq,5000,dev,12,102400,0,1723,396115,1228800,0.0,3.3881317890172014e-21,3.751283902995844e-05,0.016826171875,0.016056321612980526,0.017632272581095357,0.32235921223958336,4.096574870324694
seq,5000,ood_dev,1,102400,102400,102400,102400,102400,1.0,0.9999624871609701,1.0,1.0,0.9999624871609701,1.0,1.0,0.014237726998001108
seq,5000,ood_dev,2,102400,100708,100708,203108,204800,0.9834765625,0.9826774469962324,0.98423940484684,0.9834765625,0.9826774469962324,0.98423940484684,0.99173828125,0.09288515526983482
seq,5000,ood_dev,3,102400,99272,99355,302463,307200,0.969453125,0.9683813766949355,0.9704896522660441,0.970263671875,0.9692055336673806,0.97128652823177,0.984580078125,0.16288311300299171
seq,5000,ood_dev,4,102400,71894,72619,375082,409600,0.70208984375,0.6992811502495512,0.7048833753228926,0.709169921875,0.7063805276395951,0.7119436229951865,0.9157275390625,1.0163987806178876
seq,5000,ood_dev,5,102400,7032,8059,383141,512000,0.068671875,0.06713904444552782,0.07023706623951659,0.078701171875,0.07706767178934998,0.08036628019089595,0.748322265625,3.7792350837631203
seq,5000,ood_dev,6,102400,467,2265,385406,614400,0.004560546875,0.004166041109747333,0.004992223321161003,0.022119140625,0.02123611239307098,0.023038022192435482,0.6272884114583334,4.105797401039918
seq,5000,ood_dev,7,102400,26,1769,387175,716800,0.00025390625,0.00017328628934902828,0.00037202000019236027,0.017275390625,0.016495262462912757,0.018091735528221815,0.5401436941964286,4.098879296183004
seq,5000,ood_dev,8,102400,0,1716,388891,819200,0.0,3.3881317890172014e-21,3.751283902995844e-05,0.0167578125,0.01598953884727668,0.017562341725507667,0.474720458984375,4.097051934404298
seq,5000,ood_dev,9,102400,0,1611,390502,921600,0.0,3.3881317890172014e-21,3.751283902995844e-05,0.015732421875,0.014988214823726314,0.016512961429684947,0.42372178819444445,4.096915161351208
seq,5000,ood_dev,10,102400,0,1717,392219,1024000,0.0,3.3881317890172014e-21,3.751283902995844e-05,0.016767578125,0.01599907903589678,0.01757233205421493,0.3830263671875,4.096426241020672
seq,5000,ood_dev,11,102400,0,1663,393882,1126400,0.0,3.3881317890172014e-21,3.751283902995844e-05,0.016240234375,0.015484009065332125,0.017032754089101997,0.34968217329545453,4.096721102062147
seq,5000,ood_dev,12,102400,0,1679,395561,1228800,0.0,3.3881317890172014e-21,3.751283902995844e-05,0.016396484375,0.01563660087091516,0.017192650560756764,0.32190836588541666,4.096840340823401
seq,5000,ood_dev,13,102400,0,1722,397283,1331200,0.0,3.3881317890172014e-21,3.751283902995844e-05,0.01681640625,0.016046781011694225,0.017622282665054292,0.29843975360576924,4.096631756152492
seq,5000,ood_dev,14,102400,0,1738,399021,1433600,0.0,3.3881317890172014e-21,3.751283902995844e-05,0.01697265625,0.016199438828229357,0.017782113125756963,0.2783349609375,4.096436419677921
seq,5000,ood_dev,15,102400,0,1689,400710,1536000,0.0,3.3881317890172014e-21,3.751283902995844e-05,0.016494140625,0.01573198002662403,0.017292576578321527,0.26087890625,4.096832284536212
seq,5000,ood_dev,16,102400,0,1753,402463,1638400,0.0,3.3881317890172014e-21,3.751283902995844e-05,0.017119140625,0.016342571276687833,0.017931938437208937,0.2456439208984375,4.096491012249608
seq,5000,ood_dev,17,102400,0,1759,404222,1740800,0.0,3.3881317890172014e-21,3.751283902995844e-05,0.017177734375,0.016399828478305734,0.017991864339555207,0.23220473345588236,4.0964447333640415
seq,5000,ood_dev,18,102400,0,1654,405876,1843200,0.0,3.3881317890172014e-21,3.751283902995844e-05,0.01615234375,0.015398184286100883,0.01694280421238697,0.22020182291666668,4.096579738310538
seq,5000,ood_dev,19,102400,0,1650,407526,1945600,0.0,3.3881317890172014e-21,3.751283902995844e-05,0.01611328125,0.01536004183054854,0.01690282459862987,0.2094603207236842,4.0965127424313685
seq,5000,ood_dev,20,102400,0,1754,409280,2048000,0.0,3.3881317890172014e-21,3.751283902995844e-05,0.01712890625,0.016352113976826295,0.017941926254397833,0.19984375,4.096186418056022
seq,5000,ood_dev,21,102400,0,1697,410977,2150400,0.0,3.3881317890172014e-21,3.751283902995844e-05,0.016572265625,0.01580828843853085,0.0173725123050336,0.19111653645833335,4.096554624189157
seq,5000,ood_dev,22,102400,0,1789,412766,2252800,0.0,3.3881317890172014e-21,3.751283902995844e-05,0.017470703125,0.016686150166160145,0.018291458171521675,0.1832235440340909,4.096292984308675
seq,5000,ood_dev,23,102400,0,1674,414440,2355200,0.0,3.3881317890172014e-21,3.751283902995844e-05,0.01634765625,0.015588913960546404,0.0171426848844887,0.1759680706521739,4.096557024770882
seq,5000,ood_dev,24,102400,0,1773,416213,2457600,0.0,3.3881317890172014e-21,3.751283902995844e-05,0.017314453125,0.01653343790675967,0.01813168215368435,0.16935750325520835,4.096807443480938
seq,5000,ood_dev,25,102400,0,1736,417949,2560000,0.0,3.3881317890172014e-21,3.751283902995844e-05,0.016953125,0.01618035564849098,0.017762135270840616,0.163261328125,4.096872721195687
seq,5000,ood_dev,26,102400,0,1703,419652,2662400,0.0,3.3881317890172014e-21,3.751283902995844e-05,0.016630859375,0.01586552269446015,0.017432461153068485,0.15762169471153847,4.0969231697544455
seq,5000,ood_dev,27,102400,0,1780,421432,2764800,0.0,3.3881317890172014e-21,3.751283902995844e-05,0.0173828125,0.016600247462472947,0.018201586219262614,0.15242766203703703,4.096658038806636
seq,5000,ood_dev,28,102400,0,1631,423063,2867200,0.0,3.3881317890172014e-21,3.751283902995844e-05,0.015927734375,0.015178881208795401,0.01671290539116311,0.1475526646205357,4.096901810620912
seq,5000,ood_dev,29,102400,0,1719,424782,2969600,0.0,3.3881317890172014e-21,3.751283902995844e-05,0.016787109375,0.016018159619853447,0.01759231250491299,0.14304350754310344,4.096855780789628
seq,5000,ood_dev,30,102400,0,1687,426469,3072000,0.0,3.3881317890172014e-21,3.751283902995844e-05,0.016474609375,0.015712903628576462,0.017272591941714363,0.13882454427083332,4.096639093190897
seq,5000,ood_dev,31,102400,0,1788,428257,3174400,0.0,3.3881317890172014e-21,3.751283902995844e-05,0.0174609375,0.01667660516107908,0.018281472659275374,0.13490958921370969,4.096128397728316
seq,5000,ood_dev,32,102400,0,1773,430030,3276800,0.0,3.3881317890172014e-21,3.751283902995844e-05,0.017314453125,0.01653343790675967,0.01813168215368435,0.1312347412109375,4.096586542723235
seq,5000,ood_dev,33,102400,0,1643,431673,3379200,0.0,3.3881317890172014e-21,3.751283902995844e-05,0.016044921875,0.015293295349832233,0.016832857458054636,0.127744140625,4.096558965083677
seq,5000,ood_dev,34,102400,0,1739,433412,3481600,0.0,3.3881317890172014e-21,3.751283902995844e-05,0.016982421875,0.016208980519679686,0.017792101951634,0.12448644301470588,4.096918349692133
seq,5000,ood_dev,35,102400,0,1755,435167,3584000,0.0,3.3881317890172014e-21,3.751283902995844e-05,0.017138671875,0.016361656743758564,0.01795191400479293,0.12141936383928571,4.096509129265323
seq,5000,ood_dev,36,102400,0,1726,436893,3686400,0.0,3.3881317890172014e-21,3.751283902995844e-05,0.01685546875,0.016084943828035953,0.017662241918022018,0.11851481119791667,4.096700148128439
seq,10000,dev,1,102400,102400,102400,102400,102400,1.0,0.9999624871609701,1.0,1.0,0.9999624871609701,1.0,1.0,0.017968715945939948
seq,10000,dev,2,102400,100640,100640,203040,204800,0.9828125,0.9819981482431794,0.9835906284216323,0.9828125,0.9819981482431794,0.9835906284216323,0.99140625,0.08150033060993418
seq,10000,dev,3,102400,100257,100914,303954,307200,0.979072265625,0.978177395068133,0.979931193460299,0.98548828125,0.9847373976427334,0.9862027407697758,0.98943359375,0.05554506380637538
seq,10000,dev,4,102400,93908,94307,398261,409600,0.9170703125,0.9153655297994435,0.9187438042175625,0.920966796875,0.9192985238272916,0.9226034866033322,0.97231689453125,0.27331282288329495
seq,10000,dev,5,102400,63327,66897,465158,512000,0.618427734375,0.615448042729984,0.6213985408989433,0.653291015625,0.6503703448244923,0.65620018566312,0.90851171875,1.1400266366924003
seq,10000,dev,6,102400,8825,10897,476055,614400,0.086181640625,0.08447828634931419,0.08791604190369155,0.106416015625,0.10454203032048291,0.10831952983481834,0.7748291015625,3.5001965042348435
seq,10000,dev,7,102400,894,3238,479293,716800,0.00873046875,0.008178823086830081,0.009318972242862126,0.03162109375,0.03056675125872842,0.032710576686301965,0.6686565290178571,3.997670745271307
seq,10000,dev,8,102400,86,1966,481259,819200,0.00083984375,0.0006801615834049997,0.0010369757457781507,0.01919921875,0.018376591583629278,0.02005791832099574,0.587474365234375,4.081374532982968
seq,10000,dev,9,102400,6,1757,483016,921600,5.859375e-05,2.6854309065424834e-05,0.00012784163392870978,0.017158203125,0.016380742477780357,0.01797188930542586,0.5241059027777778,4.094635151157272
seq,10000,dev,10,102400,1,1702,484718,1024000,9.765625e-06,1.7238746867777096e-06,5.5319481670543434e-05,0.01662109375,0.015855983477047735,0.017422469853153533,0.473357421875,4.09613347253995
seq,10000,dev,11,102400,0,1621,486339,1126400,0.0,3.3881317890172014e-21,3.751283902995844e-05,0.015830078125,0.01508354426487691,0.016612937161807978,0.43176402698863636,4.0966854426311325
seq,10000,dev,12,102400,0,1727,488066,1228800,0.0,3.3881317890172014e-21,3.751283902995844e-05,0.016865234375,0.016094484703258225,0.01767223156012711,0.3971891276041667,4.096657239331398
seq,10000,ood_dev,1,102400,102400,102400,102400,102400,1.0,0.9999624871609701,1.0,1.0,0.9999624871609701,1.0,1.0,0.017943170667188042
seq,10000,ood_dev,2,102400,100663,100663,203063,204800,0.983037109375,0.9822278757678217,0.9838101027955194,0.983037109375,0.9822278757678217,0.9838101027955194,0.9915185546875,0.08017362610894083
seq,10000,ood_dev,3,102400,100280,100875,303938,307200,0.979296875,0.9784066122672529,0.9801511781597082,0.985107421875,0.9843471499215307,0.9858312983152112,0.9893815104166667,0.056735046376651825
seq,10000,ood_dev,4,102400,93832,94226,398164,409600,0.916328125,0.9146165159723147,0.9180084987278119,0.92017578125,0.9185000032309285,0.921820035296179,0.972080078125,0.2727210363459203
seq,10000,ood_dev,5,102400,63378,67033,465197,512000,0.61892578125,0.6159468162209417,0.6218958237916811,0.654619140625,0.6517010524886957,0.657525628355438,0.908587890625,1.1315841230737038
seq,10000,ood_dev,6,102400,8812,10818,476015,614400,0.0860546875,0.08435248503930215,0.0877879464884479,0.10564453125,0.10377662097976816,0.10754202830667146,0.7747639973958333,3.50199236623614
seq,10000,ood_dev,7,102400,891,3203,479218,716800,0.008701171875,0.008150475177496641,0.009288728600213477,0.031279296875,0.030230586319959184,0.0323631735186135,0.6685518973214286,3.9986602661888444
seq,10000,ood_dev,8,102400,75,1988,481206,819200,0.000732421875,0.0005843998858659578,0.000917901752716203,0.0194140625,0.018586831624648362,0.020277349661178636,0.58740966796875,4.08304346029563
seq,10000,ood_dev,9,102400,12,1789,482995,921600,0.0001171875,6.703989323386348e-05,0.00020483915372444735,0.017470703125,0.016686150166160145,0.018291458171521675,0.5240831163194445,4.094759087868733
seq,10000,ood_dev,10,102400,0,1777,484772,1024000,0.0,3.3881317890172014e-21,3.751283902995844e-05,0.017353515625,0.016571614402483354,0.01817162772727011,0.47341015625,4.0966549642221075
seq,10000,ood_dev,11,102400,0,1645,486417,1126400,0.0,3.3881317890172014e-21,3.751283902995844e-05,0.016064453125,0.01531236540613202,0.01685284843640957,0.43183327414772726,4.096263623870909
seq,10000,ood_dev,12,102400,0,1735,488152,1228800,0.0,3.3881317890172014e-21,3.751283902995844e-05,0.016943359375,0.016170814160317883,0.017752146241686355,0.39725911458333335,4.09632214683108
seq,10000,ood_dev,13,102400,0,1716,489868,1331200,0.0,3.3881317890172014e-21,3.751283902995844e-05,0.0167578125,0.01598953884727668,0.017562341725507667,0.36798978365384616,4.096431038801093
seq,10000,ood_dev,14,102400,0,1667,491535,1433600,0.0,3.3881317890172014e-21,3.751283902995844e-05,0.016279296875,0.015522155292928382,0.017072729930815194,0.34286760602678573,4.096587334487122
seq,10000,ood_dev,15,102400,0,1695,493230,1536000,0.0,3.3881317890172014e-21,3.751283902995844e-05,0.016552734375,0.015789210913578336,0.01735252879533139,0.32111328125,4.09643744782079
seq,10000,ood_dev,16,102400,0,1820,495050,1638400,0.0,3.3881317890172014e-21,3.751283902995844e-05,0.0177734375,0.01698207724119868,0.018600977133631385,0.302154541015625,4.0960546211735345
seq,10000,ood_dev,17,102400,0,1683,496733,1740800,0.0,3.3881317890172014e-21,3.751283902995844e-05,0.016435546875,0.01567475168184742,0.01723262181913395,0.2853475413602941,4.096511540601496
seq,10000,ood_dev,18,102400,0,1689,498422,1843200,0.0,3.3881317890172014e-21,3.751283902995844e-05,0.016494140625,0.01573198002662403,0.017292576578321527,0.27041124131944444,4.096574634832796
seq,10000,ood_dev,19,102400,0,1702,500124,1945600,0.0,3.3881317890172014e-21,3.751283902995844e-05,0.01662109375,0.015855983477047735,0.017422469853153533,0.25705386513157896,4.096356398737989
seq,10000,ood_dev,20,102400,0,1665,501789,2048000,0.0,3.3881317890172014e-21,3.751283902995844e-05,0.016259765625,0.015503082034887343,0.017052742154201505,0.24501416015625,4.096570551707409
seq,10000,ood_dev,21,102400,0,1662,503451,2150400,0.0,3.3881317890172014e-21,3.751283902995844e-05,0.01623046875,0.015474472688896538,0.017022759948210224,0.23411969866071428,4.0963192805391735
seq,10000,ood_dev,22,102400,0,1700,505151,2252800,0.0,3.3881317890172014e-21,3.751283902995844e-05,0.0166015625,0.015836905251750164,0.017402487043796374,0.2242325106534091,4.096475720172748
seq,10000,ood_dev,23,102400,0,1746,506897,2355200,0.0,3.3881317890172014e-21,3.751283902995844e-05,0.01705078125,0.016275774250670384,0.017862021841934844,0.215224609375,4.096198049120139
seq,10000,ood_dev,24,102400,0,1757,508654,2457600,0.0,3.3881317890172014e-21,3.751283902995844e-05,0.017158203125,0.016380742477780357,0.01797188930542586,0.20697184244791667,4.096443514716811
seq,10000,ood_dev,25,102400,0,1670,510324,2560000,0.0,3.3881317890172014e-21,3.751283902995844e-05,0.01630859375,0.01555076571978533,0.01710271105594033,0.1993453125,4.096003307097126
seq,10000,ood_dev,26,102400,0,1684,512008,2662400,0.0,3.3881317890172014e-21,3.751283902995844e-05,0.0164453125,0.015684289562204114,0.017242614456104623,0.19231069711538462,4.096335193095729
seq,10000,ood_dev,27,102400,0,1744,513752,2764800,0.0,3.3881317890172014e-21,3.751283902995844e-05,0.01703125,0.016256689990451302,0.0178420450674992,0.18581886574074075,4.096203014764469
seq,10000,ood_dev,28,102400,0,1791,515543,2867200,0.0,3.3881317890172014e-21,3.751283902995844e-05,0.017490234375,0.016705240370903412,0.018311429001433132,0.17980712890625,4.096470903244335
seq,10000,ood_dev,29,102400,0,1686,517229,2969600,0.0,3.3881317890172014e-21,3.751283902995844e-05,0.01646484375,0.015703365535630627,0.017262599517332833,0.17417463631465518,4.096310041632969
seq,10000,ood_dev,30,102400,0,1696,518925,3072000,0.0,3.3881317890172014e-21,3.751283902995844e-05,0.0165625,0.01579874964096129,0.017362520585275803,0.1689208984375,4.096243848011364
seq,10000,ood_dev,31,102400,0,1657,520582,3174400,0.0,3.3881317890172014e-21,3.751283902995844e-05,0.016181640625,0.015426791892705764,0.01697278815776418,0.16399382560483872,4.096220273389481
seq,10000,ood_dev,32,102400,0,1718,522300,3276800,0.0,3.3881317890172014e-21,3.751283902995844e-05,0.01677734375,0.016008619293442074,0.017582322313996996,0.159393310546875,4.095874779140576
seq,10000,ood_dev,33,102400,0,1704,524004,3379200,0.0,3.3881317890172014e-21,3.751283902995844e-05,0.016640625,0.01587506198163439,0.0174424523832216,0.15506747159090908,4.0963547348650176
seq,10000,ood_dev,34,102400,0,1676,525680,3481600,0.0,3.3881317890172014e-21,3.751283902995844e-05,0.0163671875,0.01560798851048257,0.017162671369207273,0.15098805147058825,4.096063864701428
seq,10000,ood_dev,35,102400,0,1769,527449,3584000,0.0,3.3881317890172014e-21,3.751283902995844e-05,0.017275390625,0.016495262462912757,0.018091735528221815,0.14716768973214286,4.0960364366672
seq,10000,ood_dev,36,102400,0,1706,529155,3686400,0.0,3.3881317890172014e-21,3.751283902995844e-05,0.01666015625,0.015894140765027154,0.017462434634483562,0.14354248046875,4.096186327284667
seq_nextlat,1000,dev,1,102400,102400,102400,102400,102400,1.0,0.9999624871609701,1.0,1.0,0.9999624871609701,1.0,1.0,0.021666659656795276
seq_nextlat,1000,dev,2,102400,100694,100694,203094,204800,0.98333984375,0.9825375653655165,0.9841058592349728,0.98333984375,0.9825375653655165,0.9841058592349728,0.991669921875,0.13234550016720278
seq_nextlat,1000,dev,3,102400,5635,5648,208742,307200,0.055029296875,0.05364921179845271,0.05644276618026606,0.05515625,0.05377464411034039,0.05657123059363408,0.6794986979166666,3.9767489700975203
seq_nextlat,1000,dev,4,102400,222,1923,210665,409600,0.00216796875,0.0019011633563555147,0.002472124329348963,0.018779296875,0.017965747205597106,0.01962895045395132,0.51431884765625,4.097675822406866
seq_nextlat,1000,dev,5,102400,9,1764,212429,512000,8.7890625e-05,4.6241622582033006e-05,0.0001670458723941897,0.0172265625,0.016447544642647142,0.01804180076185061,0.414900390625,4.097043550159651
seq_nextlat,1000,dev,6,102400,0,1757,214186,614400,0.0,3.3881317890172014e-21,3.751283902995844e-05,0.017158203125,0.016380742477780357,0.01797188930542586,0.3486100260416667,4.0964949706406335
seq_nextlat,1000,dev,7,102400,0,1694,215880,716800,0.0,3.3881317890172014e-21,3.751283902995844e-05,0.01654296875,0.015779672256443042,0.017342536935139326,0.301171875,4.096525692169089
seq_nextlat,1000,dev,8,102400,0,1704,217584,819200,0.0,3.3881317890172014e-21,3.751283902995844e-05,0.016640625,0.01587506198163439,0.0174424523832216,0.26560546875,4.096332132704556
seq_nextlat,1000,dev,9,102400,0,1652,219236,921600,0.0,3.3881317890172014e-21,3.751283902995844e-05,0.0161328125,0.01537911291240507,0.01692281455142806,0.23788628472222223,4.096544698111248
seq_nextlat,1000,dev,10,102400,0,1690,220926,1024000,0.0,3.3881317890172014e-21,3.751283902995844e-05,0.01650390625,0.015741518331602318,0.017302568790670596,0.215748046875,4.096062223913614
seq_nextlat,1000,dev,11,102400,0,1732,222658,1126400,0.0,3.3881317890172014e-21,3.751283902995844e-05,0.0169140625,0.016142190103274327,0.01772217874674782,0.19767223011363635,4.095953331303317
seq_nextlat,1000,dev,12,102400,0,1746,224404,1228800,0.0,3.3881317890172014e-21,3.751283902995844e-05,0.01705078125,0.016275774250670384,0.017862021841934844,0.18262044270833333,4.096061158422381
seq_nextlat,1000,ood_dev,1,102400,102400,102400,102400,102400,1.0,0.9999624871609701,1.0,1.0,0.9999624871609701,1.0,1.0,0.0214642374121172
seq_nextlat,1000,ood_dev,2,102400,100708,100708,203108,204800,0.9834765625,0.9826774469962324,0.98423940484684,0.9834765625,0.9826774469962324,0.98423940484684,0.99173828125,0.1324559430653639
seq_nextlat,1000,ood_dev,3,102400,5522,5533,208641,307200,0.05392578125,0.05255900393439653,0.05532602558633024,0.054033203125,0.052665123330723485,0.05543474188060428,0.679169921875,3.981119121424952
seq_nextlat,1000,ood_dev,4,102400,210,1916,210557,409600,0.00205078125,0.0017917526505384532,0.0023471688272376713,0.0187109375,0.01789887567912883,0.019559108359128052,0.51405517578125,4.098654870312385
seq_nextlat,1000,ood_dev,5,102400,4,1680,212237,512000,3.90625e-05,1.5190744931649625e-05,0.00010044416340775962,0.01640625,0.015646138466949424,0.017202643482049865,0.414525390625,4.097122347000695
seq_nextlat,1000,ood_dev,6,102400,0,1632,213869,614400,0.0,3.3881317890172014e-21,3.751283902995844e-05,0.0159375,0.015188415313222157,0.01672290180406372,0.3480940755208333,4.096722035330604
seq_nextlat,1000,ood_dev,7,102400,0,1682,215551,716800,0.0,3.3881317890172014e-21,3.751283902995844e-05,0.01642578125,0.015665213872477914,0.0172226291111761,0.300712890625,4.096100114639849
seq_nextlat,1000,ood_dev,8,102400,0,1661,217212,819200,0.0,3.3881317890172014e-21,3.751283902995844e-05,0.016220703125,0.015464936384774395,0.017012765735004997,0.2651513671875,4.096680476448964
seq_nextlat,1000,ood_dev,9,102400,0,1786,218998,921600,0.0,3.3881317890172014e-21,3.751283902995844e-05,0.01744140625,0.016657515345765293,0.01826150143993444,0.23762803819444445,4.096233320669271
seq_nextlat,1000,ood_dev,10,102400,0,1680,220678,1024000,0.0,3.3881317890172014e-21,3.751283902995844e-05,0.01640625,0.015646138466949424,0.017202643482049865,0.215505859375,4.096226408297662
seq_nextlat,1000,ood_dev,11,102400,0,1713,222391,1126400,0.0,3.3881317890172014e-21,3.751283902995844e-05,0.016728515625,0.015960918695559916,0.017532370325242335,0.19743519176136365,4.096185117261484
seq_nextlat,1000,ood_dev,12,102400,0,1673,224064,1228800,0.0,3.3881317890172014e-21,3.751283902995844e-05,0.016337890625,0.01557937679287261,0.017132691534835136,0.18234375,4.096077813156881
seq_nextlat,1000,ood_dev,13,102400,0,1802,225866,1331200,0.0,3.3881317890172014e-21,3.751283902995844e-05,0.01759765625,0.016810241116776817,0.018421263946160716,0.1696709735576923,4.095808331184089
seq_nextlat,1000,ood_dev,14,102400,0,1654,227520,1433600,0.0,3.3881317890172014e-21,3.751283902995844e-05,0.01615234375,0.015398184286100883,0.01694280421238697,0.15870535714285713,4.096033525811508
seq_nextlat,1000,ood_dev,15,102400,0,1756,229276,1536000,0.0,3.3881317890172014e-21,3.751283902995844e-05,0.0171484375,0.016371199577428573,0.01796190168845028,0.14926822916666665,4.0961402873462065
seq_nextlat,1000,ood_dev,16,102400,0,1712,230988,1638400,0.0,3.3881317890172014e-21,3.751283902995844e-05,0.01671875,0.01595137878323341,0.017522379720241482,0.14098388671875,4.096191870747134
seq_nextlat,1000,ood_dev,17,102400,0,1737,232725,1740800,0.0,3.3881317890172014e-21,3.751283902995844e-05,0.016962890625,0.016189897204480646,0.017772124232178315,0.13368853400735295,4.096248484221287
seq_nextlat,1000,ood_dev,18,102400,0,1722,234447,1843200,0.0,3.3881317890172014e-21,3.751283902995844e-05,0.01681640625,0.016046781011694225,0.017622282665054292,0.12719563802083333,4.095900138600264
seq_nextlat,1000,ood_dev,19,102400,0,1657,236104,1945600,0.0,3.3881317890172014e-21,3.751283902995844e-05,0.016181640625,0.015426791892705764,0.01697278815776418,0.12135279605263158,4.096162093530875
seq_nextlat,1000,ood_dev,20,102400,0,1682,237786,2048000,0.0,3.3881317890172014e-21,3.751283902995844e-05,0.01642578125,0.015665213872477914,0.0172226291111761,0.1161064453125,4.095938315785024
seq_nextlat,1000,ood_dev,21,102400,0,1651,239437,2150400,0.0,3.3881317890172014e-21,3.751283902995844e-05,0.016123046875,0.015369577334964322,0.016912819611541452,0.11134533110119048,4.096239410859998
seq_nextlat,1000,ood_dev,22,102400,0,1713,241150,2252800,0.0,3.3881317890172014e-21,3.751283902995844e-05,0.016728515625,0.015960918695559916,0.017532370325242335,0.10704456676136363,4.096298853754997
seq_nextlat,1000,ood_dev,23,102400,0,1821,242971,2355200,0.0,3.3881317890172014e-21,3.751283902995844e-05,0.017783203125,0.01699162429627548,0.01861096059588195,0.1031636379076087,4.095653280555271
seq_nextlat,1000,ood_dev,24,102400,0,1687,244658,2457600,0.0,3.3881317890172014e-21,3.751283902995844e-05,0.016474609375,0.015712903628576462,0.017272591941714363,0.09955159505208333,4.096040869022254
seq_nextlat,1000,ood_dev,25,102400,0,1752,246410,2560000,0.0,3.3881317890172014e-21,3.751283902995844e-05,0.017109375,0.0163330286433993,0.0179219505531701,0.09625390625,4.095940432611387
seq_nextlat,1000,ood_dev,26,102400,0,1715,248125,2662400,0.0,3.3881317890172014e-21,3.751283902995844e-05,0.016748046875,0.015979998727640964,0.017552351327816018,0.09319598858173077,4.095961715835147
seq_nextlat,1000,ood_dev,27,102400,0,1739,249864,2764800,0.0,3.3881317890172014e-21,3.751283902995844e-05,0.016982421875,0.016208980519679686,0.017792101951634,0.09037326388888889,4.0963223278452645
seq_nextlat,1000,ood_dev,28,102400,0,1648,251512,2867200,0.0,3.3881317890172014e-21,3.751283902995844e-05,0.01609375,0.01534097104105305,0.01688283435347063,0.08772042410714286,4.096156236412935
seq_nextlat,1000,ood_dev,29,102400,0,1744,253256,2969600,0.0,3.3881317890172014e-21,3.751283902995844e-05,0.01703125,0.016256689990451302,0.0178420450674992,0.08528286637931035,4.095936823154334
seq_nextlat,1000,ood_dev,30,102400,0,1752,255008,3072000,0.0,3.3881317890172014e-21,3.751283902995844e-05,0.017109375,0.0163330286433993,0.0179219505531701,0.08301041666666667,4.095711432194803
seq_nextlat,1000,ood_dev,31,102400,0,1739,256747,3174400,0.0,3.3881317890172014e-21,3.751283902995844e-05,0.016982421875,0.016208980519679686,0.017792101951634,0.08088048135080646,4.096189428584185
seq_nextlat,1000,ood_dev,32,102400,0,1747,258494,3276800,0.0,3.3881317890172014e-21,3.751283902995844e-05,0.017060546875,0.016285316481675992,0.017872010128256594,0.0788861083984375,4.09565299857175
seq_nextlat,1000,ood_dev,33,102400,0,1741,260235,3379200,0.0,3.3881317890172014e-21,3.751283902995844e-05,0.017001953125,0.016228064105455898,0.017812079400512517,0.07701083096590909,4.095971287188586
seq_nextlat,1000,ood_dev,34,102400,0,1712,261947,3481600,0.0,3.3881317890172014e-21,3.751283902995844e-05,0.01671875,0.01595137878323341,0.017522379720241482,0.07523753446691177,4.095810612130444
seq_nextlat,1000,ood_dev,35,102400,0,1647,263594,3584000,0.0,3.3881317890172014e-21,3.751283902995844e-05,0.016083984375,0.015331435756104178,0.016872839121092133,0.07354743303571429,4.095953625293914
seq_nextlat,1000,ood_dev,36,102400,0,1720,265314,3686400,0.0,3.3881317890172014e-21,3.751283902995844e-05,0.016796875,0.016027700015071877,0.017602302627021917,0.07197102864583334,4.0960248530399985
seq_nextlat,5000,dev,1,102400,102400,102400,102400,102400,1.0,0.9999624871609701,1.0,1.0,0.9999624871609701,1.0,1.0,0.018726573416629824
seq_nextlat,5000,dev,2,102400,100694,100694,203094,204800,0.98333984375,0.9825375653655165,0.9841058592349728,0.98333984375,0.9825375653655165,0.9841058592349728,0.991669921875,0.08803463861439642
seq_nextlat,5000,dev,3,102400,98793,98836,301930,307200,0.964775390625,0.9636287371958762,0.9658871739652964,0.9651953125,0.9640551483015746,0.9663005751046748,0.9828450520833333,0.191728102265294
seq_nextlat,5000,dev,4,102400,23246,23536,325466,409600,0.22701171875,0.22445627027252163,0.22958764835838158,0.22984375,0.2272769752423723,0.2324307934134661,0.7945947265625,2.785001914164586
seq_nextlat,5000,dev,5,102400,2191,4254,329720,512000,0.021396484375,0.02052798935078074,0.022300886952500883,0.04154296875,0.04033789424820792,0.042782439301422955,0.643984375,3.972740964730809
seq_nextlat,5000,dev,6,102400,120,1982,331702,614400,0.001171875,0.0009802092323339187,0.0014009656859795632,0.01935546875,0.018529490746524824,0.020217507435337997,0.5398795572916667,4.093449698741424
seq_nextlat,5000,dev,7,102400,5,1703,333405,716800,4.8828125e-05,2.0856631032296734e-05,0.0001143087946344752,0.016630859375,0.01586552269446015,0.017432461153068485,0.46512974330357143,4.099231108527747
seq_nextlat,5000,dev,8,102400,0,1719,335124,819200,0.0,3.3881317890172014e-21,3.751283902995844e-05,0.016787109375,0.016018159619853447,0.01759231250491299,0.4090869140625,4.098080544748809
seq_nextlat,5000,dev,9,102400,0,1656,336780,921600,0.0,3.3881317890172014e-21,3.751283902995844e-05,0.016171875,0.015417255951115785,0.016962793582026795,0.3654296875,4.098276991271414
seq_nextlat,5000,dev,10,102400,0,1654,338434,1024000,0.0,3.3881317890172014e-21,3.751283902995844e-05,0.01615234375,0.015398184286100883,0.01694280421238697,0.330501953125,4.097992742697243
seq_nextlat,5000,dev,11,102400,0,1680,340114,1126400,0.0,3.3881317890172014e-21,3.751283902995844e-05,0.01640625,0.015646138466949424,0.017202643482049865,0.30194779829545454,4.097414406053722
seq_nextlat,5000,dev,12,102400,0,1691,341805,1228800,0.0,3.3881317890172014e-21,3.751283902995844e-05,0.016513671875,0.01575105670713481,0.01731256093246547,0.27816162109375,4.097522557808552
seq_nextlat,5000,ood_dev,1,102400,102400,102400,102400,102400,1.0,0.9999624871609701,1.0,1.0,0.9999624871609701,1.0,1.0,0.018635186775314595
seq_nextlat,5000,ood_dev,2,102400,100708,100708,203108,204800,0.9834765625,0.9826774469962324,0.98423940484684,0.9834765625,0.9826774469962324,0.98423940484684,0.99173828125,0.08696295213501347
seq_nextlat,5000,ood_dev,3,102400,98938,98974,302082,307200,0.96619140625,0.965066811855324,0.9672810243183164,0.96654296875,0.96542393044151,0.9676270043559154,0.98333984375,0.18930917211463086
seq_nextlat,5000,ood_dev,4,102400,23635,23920,326002,409600,0.230810546875,0.22823994342025672,0.23340134645099053,0.23359375,0.2310122310580829,0.23619525625146273,0.7959033203125,2.7762625309070255
seq_nextlat,5000,ood_dev,5,102400,2081,4033,330035,512000,0.020322265625,0.019475865650561027,0.0212046537467107,0.039384765625,0.03821059820768012,0.040593491012603594,0.644599609375,3.978782729414489
seq_nextlat,5000,ood_dev,6,102400,129,2008,332043,614400,0.001259765625,0.001060420012762473,0.0014965295614972733,0.019609375,0.018777982279585534,0.020476809352788714,0.5404345703125,4.096351200917042
seq_nextlat,5000,ood_dev,7,102400,4,1683,333726,716800,3.90625e-05,1.5190744931649625e-05,0.00010044416340775962,0.016435546875,0.01567475168184742,0.01723262181913395,0.4655775669642857,4.098038111035712
seq_nextlat,5000,ood_dev,8,102400,0,1801,335527,819200,0.0,3.3881317890172014e-21,3.751283902995844e-05,0.017587890625,0.016800695272420837,0.01841127927318934,0.409578857421875,4.098409283594228
seq_nextlat,5000,ood_dev,9,102400,0,1680,337207,921600,0.0,3.3881317890172014e-21,3.751283902995844e-05,0.01640625,0.015646138466949424,0.017202643482049865,0.36589301215277775,4.098226939851884
seq_nextlat,5000,ood_dev,10,102400,0,1713,338920,1024000,0.0,3.3881317890172014e-21,3.751283902995844e-05,0.016728515625,0.015960918695559916,0.017532370325242335,0.3309765625,4.097163175577298
seq_nextlat,5000,ood_dev,11,102400,0,1713,340633,1126400,0.0,3.3881317890172014e-21,3.751283902995844e-05,0.016728515625,0.015960918695559916,0.017532370325242335,0.3024085582386364,4.097685749288648
seq_nextlat,5000,ood_dev,12,102400,0,1734,342367,1228800,0.0,3.3881317890172014e-21,3.751283902995844e-05,0.01693359375,0.01616127274001894,0.017742157144657933,0.27861897786458334,4.097415120697114
seq_nextlat,5000,ood_dev,13,102400,0,1644,344011,1331200,0.0,3.3881317890172014e-21,3.751283902995844e-05,0.0160546875,0.015302830341240163,0.01684285298397407,0.2584217247596154,4.097542499413248
seq_nextlat,5000,ood_dev,14,102400,0,1693,345704,1433600,0.0,3.3881317890172014e-21,3.751283902995844e-05,0.016533203125,0.015770133669616524,0.01733254500463848,0.2411439732142857,4.097131632496603
seq_nextlat,5000,ood_dev,15,102400,0,1680,347384,1536000,0.0,3.3881317890172014e-21,3.751283902995844e-05,0.01640625,0.015646138466949424,0.017202643482049865,0.22616145833333334,4.0977233397495
seq_nextlat,5000,ood_dev,16,102400,0,1704,349088,1638400,0.0,3.3881317890172014e-21,3.751283902995844e-05,0.016640625,0.01587506198163439,0.0174424523832216,0.21306640625,4.097231733095832
seq_nextlat,5000,ood_dev,17,102400,0,1813,350901,1740800,0.0,3.3881317890172014e-21,3.751283902995844e-05,0.017705078125,0.016915249629750075,0.018531091123788448,0.20157456341911764,4.096841880716384
seq_nextlat,5000,ood_dev,18,102400,0,1780,352681,1843200,0.0,3.3881317890172014e-21,3.751283902995844e-05,0.0173828125,0.016600247462472947,0.018201586219262614,0.19134168836805557,4.0972132103843615
seq_nextlat,5000,ood_dev,19,102400,0,1704,354385,1945600,0.0,3.3881317890172014e-21,3.751283902995844e-05,0.016640625,0.01587506198163439,0.0174424523832216,0.18214689555921051,4.097125912331976
seq_nextlat,5000,ood_dev,20,102400,0,1730,356115,2048000,0.0,3.3881317890172014e-21,3.751283902995844e-05,0.01689453125,0.016123107738719566,0.01770220007664786,0.17388427734375,4.096970882760361
seq_nextlat,5000,ood_dev,21,102400,0,1735,357850,2150400,0.0,3.3881317890172014e-21,3.751283902995844e-05,0.016943359375,0.016170814160317883,0.017752146241686355,0.16641090029761904,4.0973516751849095
seq_nextlat,5000,ood_dev,22,102400,0,1761,359611,2252800,0.0,3.3881317890172014e-21,3.751283902995844e-05,0.017197265625,0.016418914744888474,0.01801183910762719,0.15962846235795455,4.096773588426877
seq_nextlat,5000,ood_dev,23,102400,0,1647,361258,2355200,0.0,3.3881317890172014e-21,3.751283902995844e-05,0.016083984375,0.015331435756104178,0.016872839121092133,0.1533873980978261,4.09751357125584
seq_nextlat,5000,ood_dev,24,102400,0,1682,362940,2457600,0.0,3.3881317890172014e-21,3.751283902995844e-05,0.01642578125,0.015665213872477914,0.0172226291111761,0.1476806640625,4.097493122390006
seq_nextlat,5000,ood_dev,25,102400,0,1780,364720,2560000,0.0,3.3881317890172014e-21,3.751283902995844e-05,0.0173828125,0.016600247462472947,0.018201586219262614,0.14246875,4.097494747715537
seq_nextlat,5000,ood_dev,26,102400,0,1745,366465,2662400,0.0,3.3881317890172014e-21,3.751283902995844e-05,0.017041015625,0.01626623208690989,0.01785203348836797,0.1376446063701923,4.097315789435524
seq_nextlat,5000,ood_dev,27,102400,0,1663,368128,2764800,0.0,3.3881317890172014e-21,3.751283902995844e-05,0.016240234375,0.015484009065332125,0.017032754089101997,0.13314814814814815,4.097694656283129
seq_nextlat,5000,ood_dev,28,102400,0,1737,369865,2867200,0.0,3.3881317890172014e-21,3.751283902995844e-05,0.016962890625,0.016189897204480646,0.017772124232178315,0.12899867466517856,4.0972599515295585
seq_nextlat,5000,ood_dev,29,102400,0,1728,371593,2969600,0.0,3.3881317890172014e-21,3.751283902995844e-05,0.016875,0.016104025646818412,0.01768222113389429,0.1251323410560345,4.0975321275414895
seq_nextlat,5000,ood_dev,30,102400,0,1706,373299,3072000,0.0,3.3881317890172014e-21,3.751283902995844e-05,0.01666015625,0.015894140765027154,0.017462434634483562,0.1215166015625,4.097347971280105
seq_nextlat,5000,ood_dev,31,102400,0,1740,375039,3174400,0.0,3.3881317890172014e-21,3.751283902995844e-05,0.0169921875,0.01621852227877429,0.01780209070986676,0.1181448462701613,4.096754531860352
seq_nextlat,5000,ood_dev,32,102400,0,1747,376786,3276800,0.0,3.3881317890172014e-21,3.751283902995844e-05,0.017060546875,0.016285316481675992,0.017872010128256594,0.1149859619140625,4.097199099725112
seq_nextlat,5000,ood_dev,33,102400,0,1748,378534,3379200,0.0,3.3881317890172014e-21,3.751283902995844e-05,0.0170703125,0.01629485877987003,0.017881998347389922,0.11201882102272727,4.097099347391631
seq_nextlat,5000,ood_dev,34,102400,0,1680,380214,3481600,0.0,3.3881317890172014e-21,3.751283902995844e-05,0.01640625,0.015646138466949424,0.017202643482049865,0.10920668658088235,4.097639588068705
seq_nextlat,5000,ood_dev,35,102400,0,1708,381922,3584000,0.0,3.3881317890172014e-21,3.751283902995844e-05,0.0166796875,0.015913219826744453,0.017482416607420986,0.10656305803571428,4.097331630177796
seq_nextlat,5000,ood_dev,36,102400,0,1678,383600,3686400,0.0,3.3881317890172014e-21,3.751283902995844e-05,0.01638671875,0.015627063346117524,0.017182657568227042,0.10405815972222222,4.097239369815216
seq_nextlat,10000,dev,1,102400,102400,102400,102400,102400,1.0,0.9999624871609701,1.0,1.0,0.9999624871609701,1.0,1.0,0.013796043860547988
seq_nextlat,10000,dev,2,102400,100661,100661,203061,204800,0.983017578125,0.982207898048366,0.9837910194803203,0.983017578125,0.982207898048366,0.9837910194803203,0.9915087890625,0.08299562520697744
seq_nextlat,10000,dev,3,102400,100494,100545,303606,307200,0.98138671875,0.9805406710511432,0.9821966500838736,0.981884765625,0.9810496389649583,0.9826837385537539,0.98830078125,0.0709575754207334
seq_nextlat,10000,dev,4,102400,97156,97279,400885,409600,0.9487890625,0.9474220525636996,0.9501224017325804,0.949990234375,0.9486382605208574,0.9513084474066882,0.97872314453125,0.197359886708387
seq_nextlat,10000,dev,5,102400,21461,21962,422847,512000,0.209580078125,0.20709811166561332,0.2120838335359475,0.21447265625,0.21196939466405673,0.21699733971851276,0.825873046875,2.841427891818341
seq_nextlat,10000,dev,6,102400,2061,4524,427371,614400,0.020126953125,0.01928463657944867,0.0210052724712758,0.0441796875,0.042938065578214474,0.04545550764980433,0.6955908203125,3.8860030557163476
seq_nextlat,10000,dev,7,102400,112,2073,429444,716800,0.00109375,0.0009091551409489176,0.0013157756387456628,0.020244140625,0.01939937151220074,0.021124903746452088,0.5991127232142858,4.069311744798288
seq_nextlat,10000,dev,8,102400,4,1736,431180,819200,3.90625e-05,1.5190744931649625e-05,0.00010044416340775962,0.016953125,0.01618035564849098,0.017762135270840616,0.5263427734375,4.095553865067195
seq_nextlat,10000,dev,9,102400,0,1703,432883,921600,0.0,3.3881317890172014e-21,3.751283902995844e-05,0.016630859375,0.01586552269446015,0.017432461153068485,0.4697081163194444,4.0981740137818266
seq_nextlat,10000,dev,10,102400,0,1736,434619,1024000,0.0,3.3881317890172014e-21,3.751283902995844e-05,0.016953125,0.01618035564849098,0.017762135270840616,0.4244326171875,4.09738414195599
seq_nextlat,10000,dev,11,102400,0,1678,436297,1126400,0.0,3.3881317890172014e-21,3.751283902995844e-05,0.01638671875,0.015627063346117524,0.017182657568227042,0.38733753551136363,4.097151990553829
seq_nextlat,10000,dev,12,102400,0,1705,438002,1228800,0.0,3.3881317890172014e-21,3.751283902995844e-05,0.016650390625,0.01588460133851014,0.017452443543673216,0.35644694010416667,4.096861090029124
seq_nextlat,10000,ood_dev,1,102400,102400,102400,102400,102400,1.0,0.9999624871609701,1.0,1.0,0.9999624871609701,1.0,1.0,0.01378588361231341
seq_nextlat,10000,ood_dev,2,102400,100687,100687,203087,204800,0.983271484375,0.9824676296747576,0.9840390813044402,0.983271484375,0.9824676296747576,0.9840390813044402,0.9916357421875,0.08179352993960523
seq_nextlat,10000,ood_dev,3,102400,100512,100554,303641,307200,0.9815625,0.98072028891453,0.9823685815323794,0.98197265625,0.9811394732582828,0.9827696789163756,0.9884147135416667,0.07217154978255491
seq_nextlat,10000,ood_dev,4,102400,97247,97354,400995,409600,0.949677734375,0.9483218284580247,0.9509999029150454,0.95072265625,0.9493799549628571,0.9520315417642408,0.97899169921875,0.1938964324192409
seq_nextlat,10000,ood_dev,5,102400,21544,22004,422999,512000,0.210390625,0.20790509340778193,0.21289788473194995,0.2148828125,0.21237778995755752,0.2174092261527612,0.826169921875,2.838577610563924
seq_nextlat,10000,ood_dev,6,102400,2113,4497,427496,614400,0.020634765625,0.01978187526343897,0.021523620688308362,0.043916015625,0.04267799146368703,0.04518825779649298,0.6957942708333333,3.885328037441822
seq_nextlat,10000,ood_dev,7,102400,114,2056,429552,716800,0.00111328125,0.0009268957231448858,0.00133709609120442,0.020078125,0.01923683259297759,0.02095542387111007,0.5992633928571428,4.071614478272913
seq_nextlat,10000,ood_dev,8,102400,4,1792,431344,819200,3.90625e-05,1.5190744931649625e-05,0.00010044416340775962,0.0175,0.016714785570458968,0.01832141431920495,0.52654296875,4.095907974247821
seq_nextlat,10000,ood_dev,9,102400,0,1671,433015,921600,0.0,3.3881317890172014e-21,3.751283902995844e-05,0.016318359375,0.015560302672428875,0.01711270462062415,0.4698513454861111,4.097672661568504
seq_nextlat,10000,ood_dev,10,102400,0,1748,434763,1024000,0.0,3.3881317890172014e-21,3.751283902995844e-05,0.0170703125,0.01629485877987003,0.017881998347389922,0.4245732421875,4.097483258210122
seq_nextlat,10000,ood_dev,11,102400,0,1753,436516,1126400,0.0,3.3881317890172014e-21,3.751283902995844e-05,0.017119140625,0.016342571276687833,0.017931938437208937,0.3875319602272727,4.0967177114845255
seq_nextlat,10000,ood_dev,12,102400,0,1708,438224,1228800,0.0,3.3881317890172014e-21,3.751283902995844e-05,0.0166796875,0.015913219826744453,0.017482416607420986,0.35662760416666667,4.096634721285664
seq_nextlat,10000,ood_dev,13,102400,0,1723,439947,1331200,0.0,3.3881317890172014e-21,3.751283902995844e-05,0.016826171875,0.016056321612980526,0.017632272581095357,0.33048903245192307,4.096909025735222
seq_nextlat,10000,ood_dev,14,102400,0,1697,441644,1433600,0.0,3.3881317890172014e-21,3.751283902995844e-05,0.016572265625,0.01580828843853085,0.0173725123050336,0.30806640625,4.0972551457816735
seq_nextlat,10000,ood_dev,15,102400,0,1731,443375,1536000,0.0,3.3881317890172014e-21,3.751283902995844e-05,0.016904296875,0.01613264888694426,0.017712189445750523,0.2886555989583333,4.097210426672827
seq_nextlat,10000,ood_dev,16,102400,0,1669,445044,1638400,0.0,3.3881317890172014e-21,3.751283902995844e-05,0.016298828125,0.015541228838945096,0.0170927174194532,0.27163330078125,4.096683730827644
seq_nextlat,10000,ood_dev,17,102400,0,1721,446765,1740800,0.0,3.3881317890172014e-21,3.751283902995844e-05,0.016806640625,0.01603724047903842,0.017612292680382738,0.25664349724264707,4.097205252766144
seq_nextlat,10000,ood_dev,18,102400,0,1671,448436,1843200,0.0,3.3881317890172014e-21,3.751283902995844e-05,0.016318359375,0.015560302672428875,0.01711270462062415,0.24329210069444446,4.09726267200429
seq_nextlat,10000,ood_dev,19,102400,0,1666,450102,1945600,0.0,3.3881317890172014e-21,3.751283902995844e-05,0.01626953125,0.015512618627879053,0.017062736078537158,0.23134354440789473,4.097407378165517
seq_nextlat,10000,ood_dev,20,102400,0,1716,451818,2048000,0.0,3.3881317890172014e-21,3.751283902995844e-05,0.0167578125,0.01598953884727668,0.017562341725507667,0.2206142578125,4.096813988788053
seq_nextlat,10000,ood_dev,21,102400,0,1712,453530,2150400,0.0,3.3881317890172014e-21,3.751283902995844e-05,0.01671875,0.01595137878323341,0.017522379720241482,0.21090494791666667,4.097505309225526
seq_nextlat,10000,ood_dev,22,102400,0,1730,455260,2252800,0.0,3.3881317890172014e-21,3.751283902995844e-05,0.01689453125,0.016123107738719566,0.01770220007664786,0.20208629261363636,4.097429946123157
seq_nextlat,10000,ood_dev,23,102400,0,1684,456944,2355200,0.0,3.3881317890172014e-21,3.751283902995844e-05,0.0164453125,0.015684289562204114,0.017242614456104623,0.19401494565217392,4.096999358986505
seq_nextlat,10000,ood_dev,24,102400,0,1729,458673,2457600,0.0,3.3881317890172014e-21,3.751283902995844e-05,0.016884765625,0.01611356665865825,0.01769221063938181,0.186634521484375,4.097254775648471
seq_nextlat,10000,ood_dev,25,102400,0,1693,460366,2560000,0.0,3.3881317890172014e-21,3.751283902995844e-05,0.016533203125,0.015770133669616524,0.01733254500463848,0.17983046875,4.097097872530576
seq_nextlat,10000,ood_dev,26,102400,0,1684,462050,2662400,0.0,3.3881317890172014e-21,3.751283902995844e-05,0.0164453125,0.015684289562204114,0.017242614456104623,0.17354642427884615,4.097267612519208
seq_nextlat,10000,ood_dev,27,102400,0,1697,463747,2764800,0.0,3.3881317890172014e-21,3.751283902995844e-05,0.016572265625,0.01580828843853085,0.0173725123050336,0.16773256655092592,4.09770606566919
seq_nextlat,10000,ood_dev,28,102400,0,1707,465454,2867200,0.0,3.3881317890172014e-21,3.751283902995844e-05,0.016669921875,0.01590368026112528,0.0174724256557128,0.16233747209821428,4.09740398094058
seq_nextlat,10000,ood_dev,29,102400,0,1668,467122,2969600,0.0,3.3881317890172014e-21,3.751283902995844e-05,0.0162890625,0.015531692029971601,0.017082723711099333,0.15730132004310346,4.09734452563338
seq_nextlat,10000,ood_dev,30,102400,0,1735,468857,3072000,0.0,3.3881317890172014e-21,3.751283902995844e-05,0.016943359375,0.016170814160317883,0.017752146241686355,0.15262272135416666,4.097348349627573
seq_nextlat,10000,ood_dev,31,102400,0,1695,470552,3174400,0.0,3.3881317890172014e-21,3.751283902995844e-05,0.016552734375,0.015789210913578336,0.01735252879533139,0.14823336693548386,4.097321343037765
seq_nextlat,10000,ood_dev,32,102400,0,1682,472234,3276800,0.0,3.3881317890172014e-21,3.751283902995844e-05,0.01642578125,0.015665213872477914,0.0172226291111761,0.1441143798828125,4.096828811694868
seq_nextlat,10000,ood_dev,33,102400,0,1750,473984,3379200,0.0,3.3881317890172014e-21,3.751283902995844e-05,0.01708984375,0.01631394357759699,0.017901974584317686,0.1402651515151515,4.097653103994671
seq_nextlat,10000,ood_dev,34,102400,0,1715,475699,3481600,0.0,3.3881317890172014e-21,3.751283902995844e-05,0.016748046875,0.015979998727640964,0.017552351327816018,0.13663229549632352,4.097003268043045
seq_nextlat,10000,ood_dev,35,102400,0,1643,477342,3584000,0.0,3.3881317890172014e-21,3.751283902995844e-05,0.016044921875,0.015293295349832233,0.016832857458054636,0.1331869419642857,4.097280466244556
seq_nextlat,10000,ood_dev,36,102400,0,1690,479032,3686400,0.0,3.3881317890172014e-21,3.751283902995844e-05,0.01650390625,0.015741518331602318,0.017302568790670596,0.12994574652777777,4.097354504603427
